Time,e_y,e_yaw,e_yawrate,e_beta
0,-7.57870211032241e-09,4.06005699178523e-10,0,0
0.01,-7.64068186498434e-09,4.10897727063347e-10,5.75946791076981e-10,-6.24083378769949e-11
0.02,-7.81382691883437e-09,4.14929597903387e-10,9.90816118923192e-10,-2.04287194674588e-10
0.03,-8.0827327053612e-09,4.17057815028915e-10,1.4322381751788e-09,-4.00502051527849e-10
0.04,-8.41037728349647e-09,4.18610640196248e-10,1.91525592756596e-09,-6.2574950465315e-10
0.05,-8.75938610533922e-09,4.20193512923604e-10,2.39609944402375e-09,-8.61193386896185e-10
0.06,-9.07946251516023e-09,4.23279192104343e-10,2.83446222632832e-09,-1.09282175120987e-09
0.07,-9.33903177013917e-09,4.28262067811278e-10,3.20422684894721e-09,-1.31011999868334e-09
0.08,-9.51059231368845e-09,4.34951922915816e-10,3.49017471074451e-09,-1.50544299090206e-09
0.09,-9.57693480074795e-09,4.44343127726082e-10,3.68513316692984e-09,-1.67359006423354e-09
0.1,-9.52801304521245e-09,4.55353594111015e-10,3.78753613920703e-09,-1.81137322884946e-09
0.11,-9.37048039162391e-09,4.68672031884958e-10,3.79866300295892e-09,-1.91729525477812e-09
0.12,-9.10860542546743e-09,4.82714605324295e-10,3.72203663631165e-09,-1.99117648155206e-09
0.13,-8.76458461362972e-09,4.98096549087501e-10,3.56235086908527e-09,-2.03387682318384e-09
0.14,-8.35218560979456e-09,5.12785827819262e-10,3.3258426583184e-09,-2.04699816296286e-09
0.15,-7.89961784875004e-09,5.27474613072022e-10,3.01954069556445e-09,-2.03270535809022e-09
0.16,-7.42348582605246e-09,5.39976108786715e-10,2.65203410826354e-09,-1.99350494225262e-09
0.17,-6.95036472819766e-09,5.51062112195727e-10,2.23256822646517e-09,-1.93215132660648e-09
0.18,-6.49471676439362e-09,5.58495834241684e-10,1.77178195485869e-09,-1.85148954468827e-09
0.19,-6.07540417973951e-09,5.63341005668504e-10,1.28057653423462e-09,-1.75442191524005e-09
0.2,-5.70119773612987e-09,5.63574266040157e-10,7.70918728682753e-10,-1.64378445578177e-09
0.21,-5.37963451563428e-09,5.60758030287937e-10,2.54456248986982e-10,-1.5223582520033e-09
0.22,-5.11167197458917e-09,5.53177408979773e-10,-2.56626461262852e-10,-1.39276885602067e-09
0.23,-4.89568297012966e-09,5.42747200465439e-10,-7.51257630396444e-10,-1.2575338420972e-09
0.24,-4.72683225893888e-09,5.2807353823864e-10,-1.21860875042327e-09,-1.11897999368054e-09
0.25,-4.59773197292179e-09,5.11272751853745e-10,-1.64971524239234e-09,-9.79302343513648e-10
0.26,-4.50045423150414e-09,4.91168562677537e-10,-2.03649154059458e-09,-8.40487405225336e-10
0.27,-4.42554437540821e-09,4.69976368547996e-10,-2.37318244659583e-09,-7.04373720011688e-10
0.28,-4.36466418562986e-09,4.46617112927116e-10,-2.65521745095679e-09,-5.72577379233846e-10
0.29,-4.30898339232044e-09,4.23283323071329e-10,-2.88047100626195e-09,-4.46553141058708e-10
0.3,-4.25216839516906e-09,3.98938972842064e-10,-3.04797526335357e-09,-3.27523327253359e-10
0.31,-4.18765555565415e-09,3.75583982634282e-10,-3.15900153443244e-09,-2.16539956781892e-10
0.32,-4.11234424291251e-09,3.52237991214497e-10,-3.21571571410883e-09,-1.14421268721945e-10
0.33,-4.02227673390598e-09,3.30603314052772e-10,-3.22206317725446e-09,-2.18123801549374e-11
0.34,-3.91822929657337e-09,3.09681792265527e-10,-3.18211658585947e-09,6.08781942920192e-11
0.35,-3.79765641156382e-09,2.90907949097802e-10,-3.10161655809351e-09,1.3339324478383e-10
0.36,-3.66554253616869e-09,2.73279574168669e-10,-2.98658912909277e-09,1.95664861308374e-10
0.37,-3.51911122464799e-09,2.58100534439031e-10,-2.82424459301769e-09,2.49196870405883e-10
0.38,-3.36076233509175e-09,2.44849181130851e-10,-2.66309302263091e-09,2.93340599838106e-10
0.39,-3.19824966510396e-09,2.32794015004587e-10,-2.48782521194734e-09,3.29620567126823e-10
0.4,-3.02727531931168e-09,2.22802267251384e-10,-2.30046623613295e-09,3.58929422733618e-10
0.41,-2.85995493953806e-09,2.13856016915171e-10,-2.10501896233375e-09,3.81140222726736e-10
0.42,-2.68900279820627e-09,2.0661248578681e-10,-1.90733627102179e-09,3.95935250903407e-10
0.43,-2.52693155289307e-09,2.00206705771864e-10,-1.71214526077997e-09,4.03272511852985e-10
0.44,-2.36337704961898e-09,1.95105967416399e-10,-1.52327201833105e-09,4.03400879493593e-10
0.45,-2.21122764543225e-09,1.90626050678362e-10,-1.34289065067977e-09,3.96834541348539e-10
0.46,-2.05773087458283e-09,1.87095827335171e-10,-1.17286458629634e-09,3.84210136715754e-10
0.47,-1.91605220578595e-09,1.84025163015119e-10,-1.01423178370815e-09,3.66264072412124e-10
0.48,-1.77186887384551e-09,1.81556366725337e-10,-8.68208178138906e-10,3.43747131681845e-10
0.49,-1.6387238233051e-09,1.7941541563074e-10,-7.35459033536983e-10,3.1744195551123e-10
0.5,-1.50142032140366e-09,1.77602239997988e-10,-6.16788625509299e-10,2.88110587454047e-10
0.51,-1.37412659029224e-09,1.76013906061008e-10,-5.12461195706816e-10,2.5651685807208e-10
0.52,-1.24131194212396e-09,1.74524203819115e-10,-4.22821250496204e-10,2.23381829664277e-10
0.53,-1.11803721836168e-09,1.73114914623969e-10,-3.47729139615281e-10,1.89403807528106e-10
0.54,-9.88701565063366e-10,1.71582504456026e-10,-2.871397965653e-10,1.55219600615604e-10
0.55,-8.69167848804864e-10,1.70032812682795e-10,-2.40566601404124e-10,1.21427225959245e-10
0.56,-7.43907158096135e-10,1.68176564668171e-10,-2.07602499061779e-10,8.85536910208551e-11
0.57,-6.29492902248785e-10,1.66152793683915e-10,-1.87454669283628e-10,5.70766308601062e-11
0.58,-5.10347319959692e-10,1.63653444163014e-10,-1.7943027273568e-10,2.73967060911201e-11
0.59,-4.03528765957617e-10,1.60866547672291e-10,-1.8288553613077e-10,-1.51337778760339e-13
0.6,-2.93266744222365e-10,1.57461873761901e-10,-1.96640846468732e-10,-2.52881831444646e-11
0.61,-1.96944682784306e-10,1.53664134781089e-10,-2.19090039674938e-10,-4.77766787742501e-11
0.62,-9.83479964133949e-11,1.49173606553489e-10,-2.49083819401303e-10,-6.74707756067207e-11
0.63,-1.46114231824868e-11,1.44231393411455e-10,-2.81102576937884e-10,-8.38660238284149e-11
0.64,7.07061076354876e-11,1.38536050110627e-10,-3.25021154149466e-10,-9.74218000503192e-11
0.65,1.40321532171583e-10,1.32334500856196e-10,-3.71320670609413e-10,-1.07752575767879e-10
0.66,2.11064943300698e-10,1.25366335025211e-10,-4.17182059218848e-10,-1.14926973749712e-10
0.67,2.74584799342392e-10,1.17804790810878e-10,-4.61881281202471e-10,-1.19182906837604e-10
0.68,3.224247535627e-10,1.09770741121408e-10,-5.04362196140945e-10,-1.20789176316303e-10
0.69,3.7218317316956e-10,1.01130279474562e-10,-5.44855689581142e-10,-1.19949844886384e-10
0.7,4.07438527361137e-10,9.21166045215733e-11,-5.82294763753769e-10,-1.16927499897514e-10
0.71,4.45676384686067e-10,8.25887393536231e-11,-6.16829329752351e-10,-1.11981061782613e-10
0.72,4.70937955299178e-10,7.28098193549056e-11,-6.46964272246676e-10,-1.05418529791312e-10
0.73,5.00355312738066e-10,6.26192245782457e-11,-6.71478495154569e-10,-9.75712151721278e-11
0.74,5.18473264321528e-10,5.23475716554952e-11,-6.89271606280409e-10,-8.87420396650009e-11
0.75,5.41801270514952e-10,4.1820363936807e-11,-6.99828921975903e-10,-7.92208854017783e-11
0.76,5.55316681527529e-10,3.13784799220715e-11,-7.02715158297788e-10,-6.92585027331837e-11
0.77,5.74732261782174e-10,2.08470580250247e-11,-6.9795313760438e-10,-5.90901332719481e-11
0.78,5.8546500980583e-10,1.05845011048697e-11,-6.85554007421337e-10,-4.89134509717612e-11
0.79,6.0246652111573e-10,3.61919158722223e-13,-6.65890799525765e-10,-3.89111000141132e-11
0.8,6.1152860553193e-10,-9.45121651075457e-12,-6.3929523876634e-10,-2.92316178986445e-11
0.81,6.26909191225877e-10,-1.90916154142383e-11,-6.06383656464112e-10,-2.00087739842312e-11
0.82,6.34798880128074e-10,-2.81918631771185e-11,-5.6768443667377e-10,-1.13438374406721e-11
0.83,6.48871179009802e-10,-3.70186233204858e-11,-5.23951332758067e-10,-3.32470851228165e-12
0.84,6.55641763103176e-10,-4.52088209453582e-11,-4.75826781209772e-10,3.98962114452549e-12
0.85,6.68298305583903e-10,-5.30694572414532e-11,-4.23771388465727e-10,1.05630770431959e-11
0.86,6.73821887176018e-10,-6.02112373085604e-11,-3.68538552560743e-10,1.63726428235366e-11
0.87,6.84871714895507e-10,-6.69757747456993e-11,-3.11308040707946e-10,2.13862906841603e-11
0.88,6.88828549755272e-10,-7.29848224194248e-11,-2.52718509148578e-10,2.56141181103737e-11
0.89,6.98036295432303e-10,-7.8595360237994e-11,-1.93505020749257e-10,2.90709274075202e-11
0.9,7.00300262224118e-10,-8.34421083898596e-11,-1.34253484359209e-10,3.17877110582287e-11
0.91,7.07499836494208e-10,-8.78951876178695e-11,-7.56137049208709e-11,3.37984665053795e-11
0.92,7.07903957675171e-10,-9.1600961644166e-11,-1.80820233424198e-11,3.51499055843334e-11
0.93,7.1308914328938e-10,-9.49023962127088e-11,3.81514343900758e-11,3.59238249281415e-11
0.94,7.11651182427886e-10,-9.75121732572804e-11,9.16927816059758e-11,3.61312036000315e-11
0.95,7.1483885477619e-10,-9.97514674216616e-11,1.4282301521656e-10,3.58553879958231e-11
0.96,7.1166805781786e-10,-1.01361801018443e-10,1.91492073599752e-10,3.51561682611829e-11
0.97,7.13072267899406e-10,-1.02630229685433e-10,2.37287137811827e-10,3.40718966508714e-11
0.98,7.13637149374335e-10,-1.0344687533824e-10,2.79918831849705e-10,3.26482205331522e-11
0.99,7.08328506959788e-10,-1.03714439488964e-10,3.19127132831465e-10,3.09322218635916e-11
1,7.07439440361668e-10,-1.0372316814851e-10,3.5468676861759e-10,2.89692586878192e-11
1.01,7.01047220275086e-10,-1.03242074823117e-10,3.86534279463458e-10,2.68112830381135e-11
1.02,6.98921809316744e-10,-1.02571872709168e-10,4.14673611863778e-10,2.45030621602441e-11
1.03,6.91648516237819e-10,-1.01498262507188e-10,4.39254596810651e-10,2.20906627569687e-11
1.04,6.88558543515683e-10,-1.00276776393743e-10,4.60309702886895e-10,1.96140690928762e-11
1.05,6.80650202866673e-10,-9.86990297281751e-11,4.77967580365433e-10,1.711852516172e-11
1.06,6.76713796110562e-10,-9.70647079889409e-11,4.92273228559821e-10,1.46417430115776e-11
1.07,6.68255673019758e-10,-9.51173409069292e-11,5.03370501277473e-10,1.22215150220426e-11
1.08,6.63559873714803e-10,-9.316579965326e-11,5.11369490389904e-10,9.88851820806508e-12
1.09,6.54567067215339e-10,-9.09830505048335e-11,5.16463139626556e-10,7.67226804237949e-12
1.1,6.49186482348796e-10,-8.88253649211046e-11,5.18795214020204e-10,5.59426631583595e-12
1.11,6.39717612216373e-10,-8.65020267601329e-11,5.1860016944348e-10,3.67591709344372e-12
1.12,6.33638919111945e-10,-8.42526566334914e-11,5.16047023490739e-10,1.93017163369345e-12
1.13,6.23712637093377e-10,-8.18767845858478e-11,5.11383629829944e-10,3.69641289222882e-13
1.14,6.17053963480885e-10,-7.96072014072047e-11,5.04802114865304e-10,-1.00023014467844e-12
1.15,6.06801719982286e-10,-7.72496435876248e-11,4.96558244734978e-10,-2.17448667168208e-12
1.16,5.99641225562664e-10,-7.50313461194137e-11,4.86846108751555e-10,-3.15502326463616e-12
1.17,5.89120752181316e-10,-7.27627709711219e-11,4.75909632131528e-10,-3.94412132493424e-12
1.18,5.81609427285912e-10,-7.06406884064803e-11,4.63934142270762e-10,-4.54975075642406e-12
1.19,5.70998359705754e-10,-6.8496684815099e-11,4.51155778614416e-10,-4.9791452579389e-12
1.2,5.63264102027006e-10,-6.65338836535074e-11,4.37807383945805e-10,-5.23968811504995e-12
1.21,5.52700107903092e-10,-6.45421947091263e-11,4.23899196909191e-10,-5.35136175466124e-12
1.22,5.44931211265975e-10,-6.27255603916349e-11,4.09722662164918e-10,-5.3242153108753e-12
1.23,5.34524424722349e-10,-6.09186659361295e-11,3.95504034303565e-10,-5.17238835427861e-12
1.24,5.26911847487099e-10,-5.92640892109647e-11,3.81333640784996e-10,-4.91748967995746e-12
1.25,5.16861220489773e-10,-5.76326270631664e-11,3.67339703868944e-10,-4.57760392201391e-12
1.26,5.09461806075251e-10,-5.61535377835031e-11,3.5358570121781e-10,-4.17274712397338e-12
1.27,5.02171637606352e-10,-5.4759204844274e-11,3.40183034028779e-10,-3.71852623518878e-12
1.28,4.92737406432298e-10,-5.33644603818066e-11,3.27203587424631e-10,-3.23045264050392e-12
1.29,4.8576875855133e-10,-5.2125803975489e-11,3.14684393427893e-10,-2.72438678483031e-12
1.3,4.76815920080753e-10,-5.08818220679625e-11,3.0263417950936e-10,-2.21669250410843e-12
1.31,4.70182115464013e-10,-4.97890605011452e-11,2.911495182067e-10,-1.71987456606174e-12
1.32,4.61707116983234e-10,-4.86739631464313e-11,2.80321398019062e-10,-1.24568606315242e-12
1.33,4.55420590128597e-10,-4.77031899998251e-11,2.70147744849829e-10,-8.01977304089155e-13
1.34,4.47374581824533e-10,-4.67086045003673e-11,2.60618815051276e-10,-3.92885834519191e-13
1.35,4.41385594740495e-10,-4.58253894838244e-11,2.51699753429232e-10,-2.18036894534635e-14
1.36,4.3373127311952e-10,-4.49259203738631e-11,2.43379334110554e-10,3.10401319498772e-13
1.37,4.2798564692248e-10,-4.41241410854024e-11,2.35613054555205e-10,6.01882354071068e-13
1.38,4.20691037561483e-10,-4.32965042863627e-11,2.28383438069562e-10,8.53111845987199e-13
1.39,4.15152356936233e-10,-4.25546462173103e-11,2.21646555186466e-10,1.06395051965793e-12
1.4,4.08133082885342e-10,-4.177803204852e-11,2.15379410337049e-10,1.23603158749883e-12
1.41,4.02724076309369e-10,-4.10860112990888e-11,2.09535789823769e-10,1.37033289498557e-12
1.42,3.95956156751254e-10,-4.03512242895474e-11,2.04085945847849e-10,1.46910582620517e-12
1.43,3.9066616608352e-10,-3.96929673193581e-11,1.98988230680483e-10,1.53440293851865e-12
1.44,3.84062559533049e-10,-3.89937506966131e-11,1.94213167255398e-10,1.56914808050743e-12
1.45,3.78879150275679e-10,-3.83383425859178e-11,1.897199016161e-10,1.57578082724131e-12
1.46,3.72491371081196e-10,-3.76534676060551e-11,1.85491125335305e-10,1.55814553228204e-12
1.47,3.67363028885848e-10,-3.70256998071347e-11,1.81492104799925e-10,1.51831033802177e-12
1.48,3.61087160172247e-10,-3.63537345464399e-11,1.77720827034621e-10,1.46581005143547e-12
1.49,3.56017437752598e-10,-3.57364464578423e-11,1.74009935376541e-10,1.39532523126273e-12
1.5,3.49873019445113e-10,-3.50802024204843e-11,1.70452734109142e-10,1.31582062033209e-12
1.51,3.44908990257409e-10,-3.44508567798732e-11,1.67053168366327e-10,1.22963811396243e-12
1.52,3.38927108600728e-10,-3.37953368790897e-11,1.63792334007026e-10,1.13774946479581e-12
1.53,3.34028804616082e-10,-3.31750292887842e-11,1.60616458621195e-10,1.03931776910188e-12
1.54,3.29166027768224e-10,-3.25475928349396e-11,1.57501520316755e-10,9.35282878307904e-13
1.55,3.23375992650199e-10,-3.18926858188814e-11,1.54430189673526e-10,8.2715850543004e-13
1.56,3.18578941005399e-10,-3.12796856463853e-11,1.51376866602989e-10,7.15693943842555e-13
1.57,3.12956771608697e-10,-3.06270654023141e-11,1.48339670887785e-10,6.0298135913858e-13
1.58,3.08275183158457e-10,-3.00102376884269e-11,1.45314001933753e-10,4.90917215888435e-13
1.59,3.02815550412561e-10,-2.93768338217586e-11,1.42301005480737e-10,3.81390215118953e-13
1.6,2.98228997053229e-10,-2.8755878770841e-11,1.39290547457598e-10,2.75342654914541e-13
1.61,2.92934565493397e-10,-2.81234739762059e-11,1.36288698417922e-10,1.75025103819984e-13
1.62,2.88480350718601e-10,-2.7516071656488e-11,1.33278247734497e-10,8.09317260520336e-14
1.63,2.83421286439989e-10,-2.6875623111679e-11,1.3026294891655e-10,-5.92845256522177e-15
1.64,2.79099410249728e-10,-2.62821447777771e-11,1.2724422772212e-10,-8.51636086525882e-14
1.65,2.7408741942736e-10,-2.56779392294478e-11,1.24218868153024e-10,-1.57037772090172e-13
1.66,2.69893440929536e-10,-2.50898803821414e-11,1.2118103433717e-10,-2.219378832792e-13
1.67,2.65204747051939e-10,-2.4486620383735e-11,1.18151185396239e-10,-2.78612604620461e-13
1.68,2.61035637549867e-10,-2.39307379403902e-11,1.15129614826035e-10,-3.27100707265123e-13
1.69,2.5655300106564e-10,-2.33368965418642e-11,1.12110893934619e-10,-3.68142840471687e-13
1.7,2.525251119323e-10,-2.28041662870793e-11,1.09110311699977e-10,-4.01203242208957e-13
1.71,2.48252085555123e-10,-2.22280341690471e-11,1.06119931293881e-10,-4.27236768233295e-13
1.72,2.44402720284143e-10,-2.1709136114553e-11,1.03157680979488e-10,-4.4584106818933e-13
1.73,2.40286901487252e-10,-2.11674970477448e-11,1.00216514554685e-10,-4.58086378438071e-13
1.74,2.36648034501741e-10,-2.06527380908714e-11,9.73047574314909e-11,-4.64325129005041e-13
1.75,2.32613928119463e-10,-2.01620914222432e-11,9.44296862790829e-11,-4.64858017258935e-13
1.76,2.2927437726139e-10,-1.96503258113433e-11,9.15797750268737e-11,-4.6126331603958e-13
1.77,2.25459650948778e-10,-1.91648781170602e-11,8.87875079289149e-11,-4.52411882580024e-13
1.78,2.22160956298012e-10,-1.86988719324749e-11,8.60353586349958e-11,-4.40130682365296e-13
1.79,2.1855228737877e-10,-1.82433058012369e-11,8.33136657587413e-11,-4.26180217067224e-13
1.8,2.15510276291297e-10,-1.77861016481325e-11,8.065163251078e-11,-4.10648089251684e-13
1.81,2.12151185507992e-10,-1.73406888573574e-11,7.80624057909777e-11,-3.93439044302014e-13
1.82,2.09206874046686e-10,-1.69165209032223e-11,7.55188226527736e-11,-3.76678153410328e-13
1.83,2.06310524220044e-10,-1.65252954665702e-11,7.3020105839968e-11,-3.60872855567227e-13
1.84,2.03159267186948e-10,-1.61213163207783e-11,7.05638584202517e-11,-3.46379213860415e-13
1.85,2.00445882114764e-10,-1.57339122343152e-11,6.81617232978962e-11,-3.32675214221315e-13
1.86,1.97467819873509e-10,-1.53612545708502e-11,6.58266349672697e-11,-3.19058774078666e-13
1.87,1.94895655170058e-10,-1.49930891833824e-11,6.3550380581726e-11,-3.0620835964491e-13
1.88,1.92125426679013e-10,-1.46314711873886e-11,6.13360575821277e-11,-2.94010861417234e-13
1.89,1.89732674016341e-10,-1.42801582592213e-11,5.91862395480647e-11,-2.83267275660868e-13
1.9,1.87113435856645e-10,-1.39358022622662e-11,5.71050422495598e-11,-2.74310078648471e-13
1.91,1.84821935533819e-10,-1.35988125425112e-11,5.50870342885508e-11,-2.67776003145229e-13
1.92,1.82340365029177e-10,-1.32867011263677e-11,5.31325002240508e-11,-2.63255004002214e-13
1.93,1.80031101137956e-10,-1.29969688162181e-11,5.12252419483539e-11,-2.61059479701458e-13
1.94,1.7768098103943e-10,-1.26971953111578e-11,4.93646545705369e-11,-2.60695494189016e-13
1.95,1.7563550613886e-10,-1.23996882874596e-11,4.75633944946329e-11,-2.60806130302479e-13
1.96,1.73396408342796e-10,-1.21188202753613e-11,4.58286058557539e-11,-2.60580385676687e-13
1.97,1.7146017938785e-10,-1.18377569528469e-11,4.4144553512216e-11,-2.60861789144703e-13
1.98,1.69338321143186e-10,-1.15733874355107e-11,4.25212986988062e-11,-2.60971568978302e-13
1.99,1.67503344528086e-10,-1.13154432392298e-11,4.09392601039202e-11,-2.60904622707163e-13
2,1.65491620407465e-10,-1.10566993960894e-11,3.938794320378e-11,-2.61024836858601e-13
2.01,1.63765889737988e-10,-1.08026826857456e-11,3.7885903515823e-11,-2.60225347347643e-13
2.02,1.61737290227393e-10,-1.05921092188891e-11,3.64400312949644e-11,-2.5836567606475e-13
2.03,1.60054192122061e-10,-1.03754775698932e-11,3.50250528257527e-11,-2.57180075096409e-13
2.04,1.58267177141624e-10,-1.01493075178194e-11,3.36566947789273e-11,-2.55816144181124e-13
2.05,1.56742174794999e-10,-9.92417919347076e-12,3.23428257533458e-11,-2.53646976920461e-13
2.06,1.55053747619149e-10,-9.70689400175042e-12,3.10826610124204e-11,-2.50905153232275e-13
2.07,1.53591805940323e-10,-9.50666935421433e-12,2.98614259471273e-11,-2.48673954758545e-13
2.08,1.51993972963282e-10,-9.30528670484679e-12,2.86732062484801e-11,-2.47401214217618e-13
2.09,1.50624401840105e-10,-9.1107969032729e-12,2.75172160423547e-11,-2.47007559184337e-13
2.1,1.49115386705034e-10,-8.93279831000178e-12,2.63970197602689e-11,-2.4711792373939e-13
2.11,1.47665879524084e-10,-8.77815379430859e-12,2.53041963716692e-11,-2.48101907964371e-13
2.12,1.46406442524949e-10,-8.59861964094396e-12,2.42368109486523e-11,-2.49976537993423e-13
2.13,1.45025325082315e-10,-8.4266401925001e-12,2.32169809211591e-11,-2.51174940301873e-13
2.14,1.4385559410357e-10,-8.25845138900344e-12,2.22379993419395e-11,-2.51990118752041e-13
2.15,1.42570399930264e-10,-8.10624055626139e-12,2.12956410654226e-11,-2.5280336309852e-13
2.16,1.41446854229343e-10,-7.9478883230988e-12,2.03782118284832e-11,-2.54261716763508e-13
2.17,1.40235378864872e-10,-7.80530289775475e-12,1.94945541590125e-11,-2.55759679746402e-13
2.18,1.39208644611699e-10,-7.65564259088844e-12,1.86348519605739e-11,-2.57330253770314e-13
2.19,1.38069999877644e-10,-7.52151445185969e-12,1.78033493644423e-11,-2.58362509272236e-13
2.2,1.36970434994055e-10,-7.40604875788394e-12,1.69909752438497e-11,-2.59194330024208e-13
2.21,1.35861988326269e-10,-7.28834990055891e-12,1.61950326255291e-11,-2.60156672541451e-13
2.22,1.34967592657631e-10,-7.15320360053741e-12,1.5426581331831e-11,-2.60679509609361e-13
2.23,1.33951516545494e-10,-7.0508982929219e-12,1.47016280669505e-11,-2.59867402498333e-13
2.24,1.33114852474137e-10,-6.9301966480656e-12,1.40006011903021e-11,-2.59070334356384e-13
2.25,1.32174271527674e-10,-6.81538255362474e-12,1.33323000103662e-11,-2.57955028091956e-13
2.26,1.31391786339918e-10,-6.70797731031752e-12,1.26913854981912e-11,-2.56759330521007e-13
2.27,1.30488508887083e-10,-6.60647953427935e-12,1.18572767468856e-11,-2.61789353402661e-13
2.28,1.29732669051918e-10,-6.51726748286834e-12,1.05922460905363e-11,-2.86307987127439e-13
2.29,1.28892452266882e-10,-6.43053683636707e-12,9.44291672475745e-12,-3.02974055288211e-13
2.3,1.28168586854827e-10,-6.35538861294955e-12,8.38867068025451e-12,-3.14471597184475e-13
2.31,1.27331922783469e-10,-6.29859431466005e-12,7.42003402451708e-12,-3.21910076674422e-13
2.32,1.26626709118227e-10,-6.24272828204428e-12,6.52628988043742e-12,-3.26058922441791e-13
2.33,1.25865540212544e-10,-6.18604398246229e-12,5.71204828144511e-12,-3.26630365130105e-13
2.34,1.25230492642459e-10,-6.12866141200652e-12,4.97697498452668e-12,-3.23588309558056e-13
2.35,1.24471100093615e-10,-6.09546838931775e-12,4.31898720089523e-12,-3.17166227933055e-13
2.36,1.23836052523529e-10,-6.06008683920169e-12,3.72080357420351e-12,-3.08548881172867e-13
2.37,1.23215215808159e-10,-6.01221059072623e-12,3.18547215059543e-12,-2.97655877231752e-13
2.38,1.22629906229577e-10,-5.9874653282257e-12,2.71777346636239e-12,-2.84165641772537e-13
2.39,1.22017951298403e-10,-5.95824374066719e-12,2.30282337901867e-12,-2.6912313767006e-13
2.4,1.21299414956866e-10,-5.95900838402187e-12,1.93753902751614e-12,-2.5286884899079e-13
2.41,1.20730092589838e-10,-5.92823743699887e-12,1.61012027941664e-12,-2.36124452829337e-13
2.42,1.20053300634027e-10,-5.92657631234095e-12,1.3401692512543e-12,-2.17732298332458e-13
2.43,1.19524834474305e-10,-5.91006232384572e-12,1.11365107329561e-12,-1.98534148538543e-13
2.44,1.18876464227924e-10,-5.89515862083516e-12,9.35706530030312e-13,-1.78474401515048e-13
2.45,1.18373755242374e-10,-5.88219894236948e-12,8.00353587300322e-13,-1.5795449741828e-13
2.46,1.1776268848962e-10,-5.87881347792032e-12,7.03225276057397e-13,-1.37459119767016e-13
2.47,1.17402088051222e-10,-5.84127934309092e-12,6.34526311198598e-13,-1.17668351069143e-13
2.48,1.16819443007898e-10,-5.83025954560738e-12,6.07975991300283e-13,-9.78205872751561e-14
2.49,1.16346932088618e-10,-5.81991848852401e-12,5.98219491584152e-13,-7.94165867956342e-14
2.5,1.1574918801216e-10,-5.80907013407818e-12,6.00352293019264e-13,-6.28296846282914e-14
2.51,1.1527578891446e-10,-5.78984981879882e-12,6.14082410441865e-13,-4.77760313608791e-14
2.52,1.14690479335877e-10,-5.79636945633131e-12,6.45682201212977e-13,-3.36954374671464e-14
2.53,1.14227738379213e-10,-5.7854098183923e-12,6.82060567981354e-13,-2.12525068617635e-14
2.54,1.13657527833766e-10,-5.77193023399109e-12,1.16041733240851e-12,4.7837675245057e-15
2.55,1.13380416166819e-10,-5.71670839705321e-12,1.86293419659475e-12,3.78390761304195e-14
2.56,1.12843956401321e-10,-5.68955137697604e-12,2.50219166598063e-12,6.36210098493934e-14
2.57,1.12424736187222e-10,-5.6571385320567e-12,3.06567182200093e-12,8.26003249880623e-14
2.58,1.11894493670661e-10,-5.62760545411505e-12,3.55713452824019e-12,9.53541449300799e-14
2.59,1.11508136058092e-10,-5.58542263385776e-12,3.98127786870898e-12,1.02664926490002e-13
2.6,1.11006315250961e-10,-5.53854479644155e-12,4.3523646046577e-12,1.0571664399788e-13
2.61,1.10634168493107e-10,-5.49785387108973e-12,4.67229504247925e-12,1.04906422723097e-13
2.62,1.10253139951055e-10,-5.41803365577773e-12,4.94117842325318e-12,1.0039572527035e-13
2.63,1.09984910068306e-10,-5.35428986632087e-12,5.17263499469115e-12,9.32593144026076e-14
2.64,1.09526610003741e-10,-5.30531404286991e-12,5.35519768142668e-12,8.30093835661857e-14
2.65,1.09210418486327e-10,-5.23804756218148e-12,5.4739904168001e-12,6.88860268070273e-14
2.66,1.08756559313861e-10,-5.18666442148353e-12,5.54555774971518e-12,5.2292362474014e-14
2.67,1.08467013149038e-10,-5.12690327442351e-12,5.56749977320483e-12,3.35468310712777e-14
2.68,1.08227204975719e-10,-5.04947891553994e-12,5.5515463332661e-12,1.35969676212167e-14
2.69,1.07901243495689e-10,-4.97135606839299e-12,5.5085811368781e-12,-6.6126431359471e-15
2.7,1.07605480081929e-10,-4.92143565405638e-12,5.43180209551162e-12,-2.74022423399551e-14
2.71,1.0718803622467e-10,-4.87146875523081e-12,5.30910943396534e-12,-4.94539424899787e-14
2.72,1.06918029985081e-10,-4.82400899061422e-12,5.14697789902755e-12,-7.21302576652669e-14
2.73,1.06541442335129e-10,-4.76841783055436e-12,4.96138858954881e-12,-9.41449970691711e-14
2.74,1.06383346576422e-10,-4.70201609711768e-12,4.06871171941925e-12,-1.39295689819918e-13
2.75,1.06051167847454e-10,-4.65176662759811e-12,3.26948465308753e-12,-1.76960488847147e-13
2.76,1.05784714321544e-10,-4.62798074256549e-12,2.53457498586513e-12,-2.07657049821114e-13
2.77,1.05413455742109e-10,-4.61014454355182e-12,1.84309586040339e-12,-2.33682674747704e-13
2.78,1.05137232253583e-10,-4.59127778256086e-12,1.197441184308e-12,-2.55090788954361e-13
2.79,1.04693143043733e-10,-4.5951174795008e-12,6.09211047295471e-13,-2.71178678936719e-13
2.8,1.04477315687745e-10,-4.56145353837546e-12,7.14554786356404e-14,-2.82488121094403e-13
2.81,1.03913322391236e-10,-4.57585740315975e-12,-3.93932666489235e-13,-2.87950570645181e-13
2.82,1.03459463218769e-10,-4.57813741297182e-12,-8.15197979468006e-13,-2.89541651140715e-13
2.83,1.02820862935005e-10,-4.6008832032318e-12,-1.18335907084256e-12,-2.87199764214794e-13
2.84,1.02260422352174e-10,-4.62817431384053e-12,-1.50006871969169e-12,-2.81133465941816e-13
2.85,1.01688435449887e-10,-4.63063254392269e-12,-1.7582179156308e-12,-2.71254851912089e-13
2.86,1.01127106688637e-10,-4.65411838409041e-12,-1.94371330671458e-12,-2.57002700299086e-13
2.87,1.00413899417617e-10,-4.68684767428912e-12,-2.06954979341825e-12,-2.39639808328494e-13
2.88,9.98134908059001e-11,-4.72165907309185e-12,-2.14686734729065e-12,-2.20371054582523e-13
2.89,9.91180471032749e-11,-4.75590682075811e-12,-2.17036148644904e-12,-1.99172420091839e-13
2.9,9.87361303828038e-11,-4.75569720297116e-12,-2.13968096730563e-12,-1.76234356299571e-13
2.91,9.82263159698959e-11,-4.78031994243842e-12,-2.04057686037908e-12,-1.51000574370895e-13
2.92,9.78417347141658e-11,-4.81362140087397e-12,-1.90135271504896e-12,-1.25516700352209e-13
2.93,9.74447189605598e-11,-4.83549773351075e-12,-1.73569939711537e-12,-1.01001213475087e-13
2.94,9.72084635009196e-11,-4.85656945750425e-12,-1.54177736097949e-12,-7.72928544415975e-14
2.95,9.7183594505168e-11,-4.84018483374074e-12,-1.32125888003594e-12,-5.44259793753009e-14
2.96,9.69295754771338e-11,-4.85572912854812e-12,-1.0687687749842e-12,-3.20514954359942e-14
2.97,9.68212177099304e-11,-4.86098642677703e-12,-8.20763623674438e-13,-1.23855647973085e-14
2.98,9.65920676776477e-11,-4.87157172339676e-12,-5.80727525415466e-13,4.38284423304626e-15
2.99,9.64854862672837e-11,-4.87939499884388e-12,7.3454953451865e-14,3.29152579421687e-14
3,9.64419655247184e-11,-4.84216958271685e-12,9.2744987703705e-13,6.69902311187248e-14
3.01,9.63149560107013e-11,-4.84227170349346e-12,1.69518617682862e-12,9.27435093652605e-14
3.02,9.60600488042473e-11,-4.82522566836071e-12,2.36817176919956e-12,1.11029819338267e-13
3.03,9.58815249418876e-11,-4.81189451558385e-12,2.95424585283986e-12,1.22794371454417e-13
3.04,9.56248413785943e-11,-4.77434282439273e-12,3.46497991220422e-12,1.29227551469887e-13
3.05,9.5536911715044e-11,-4.71542673423306e-12,3.91426048042584e-12,1.31463857238169e-13
3.06,9.52091738781746e-11,-4.69543188323831e-12,4.3118468967434e-12,1.30320575493174e-13
3.07,9.49471612443631e-11,-4.65528220883706e-12,4.63030536392448e-12,1.24189755166337e-13
3.08,9.45892253412239e-11,-4.62008780476371e-12,4.88830194454353e-12,1.14271358412166e-13
3.09,9.44400113667143e-11,-4.54826802286954e-12,5.09096054420624e-12,1.01395081652209e-13
3.1,9.39408550948428e-11,-4.51781986366809e-12,5.2587075133336e-12,8.70442864099686e-14
3.11,9.35314048433611e-11,-4.47819627390421e-12,5.36598679567049e-12,6.98904572990998e-14
3.12,9.29585297626545e-11,-4.44565978306162e-12,5.42513637493911e-12,5.07253570892905e-14
3.13,9.24842424865346e-11,-4.39597281983626e-12,5.44581883014419e-12,3.05829153510587e-14
3.14,9.19726517167874e-11,-4.34530011385528e-12,5.44678568761811e-12,1.07839092411531e-14
3.15,9.14450737354855e-11,-4.30444050748319e-12,5.43102961138568e-12,-8.3970947048149e-15
3.16,9.07824926343892e-11,-4.28074282092292e-12,5.39362621386061e-12,-2.73585834328355e-14
3.17,9.02575791883464e-11,-4.24061007870197e-12,5.33034922593479e-12,-4.63778930181591e-14
3.18,8.97291130286249e-11,-4.18272836011222e-12,5.2620366523767e-12,-6.41917230701903e-14
3.19,8.92868001756142e-11,-4.14391689925556e-12,5.19822867708602e-12,-8.01353949571621e-14
3.2,8.87858675469033e-11,-4.11396843271586e-12,5.12785108458235e-12,-9.51328887388964e-14
3.21,8.84305961790233e-11,-4.07975442172117e-12,4.41237182142177e-12,-1.31930891700247e-13
3.22,8.80593375995886e-11,-4.0523979865136e-12,3.71535644512805e-12,-1.65308368911169e-13
3.23,8.80122641433445e-11,-4.00550309160828e-12,3.09846139368006e-12,-1.91304437901324e-13
3.24,8.78586092767364e-11,-3.97323136181637e-12,2.55759599207011e-12,-2.11125050145761e-13
3.25,8.76516637049463e-11,-3.96321234691716e-12,2.06683627566586e-12,-2.2649013185843e-13
3.26,8.75690631119141e-11,-3.96729389523527e-12,1.60604688399917e-12,-2.38797600224053e-13
3.27,8.75139960498927e-11,-3.93995301848478e-12,1.17643619453265e-12,-2.47858095186341e-13
3.28,8.75015615520169e-11,-3.92598026916304e-12,7.95820585874972e-13,-2.52455717476969e-13
3.29,8.73301431170148e-11,-3.93278301889878e-12,4.54887176778666e-13,-2.53272380352553e-13
3.3,8.72359962045266e-11,-3.94333679955424e-12,1.36015603152865e-13,-2.51707411322474e-13
3.31,8.7006846172244e-11,-3.95651799890411e-12,-1.56020102613077e-13,-2.4759686166274e-13
3.32,8.7033491524835e-11,-3.93745547354037e-12,-4.15511961229874e-13,-2.40733558236319e-13
3.33,8.67563798578885e-11,-3.95569001061801e-12,-6.24164123232141e-13,-2.30206449788386e-13
3.34,8.65325588961241e-11,-3.97626644615169e-12,-8.08161769825266e-13,-2.18023126946819e-13
3.35,8.61772875282441e-11,-4.00705881466513e-12,-9.69023453148798e-13,-2.04682328883591e-13
3.36,8.60280735537344e-11,-4.00422783516174e-12,-1.10170255840036e-12,-1.90024505687932e-13
3.37,8.56683612937559e-11,-4.0286995641926e-12,-1.18472254595273e-12,-1.729191829161e-13
3.38,8.52695691833105e-11,-4.06295477284279e-12,-1.23636296329239e-12,-1.54822063365593e-13
3.39,8.47357739530707e-11,-4.09737381793279e-12,-1.26337975057298e-12,-1.36609021047457e-13
3.4,8.42206304696447e-11,-4.13205803913022e-12,-1.26034484606528e-12,-1.18033116868684e-13
3.41,8.36859470609852e-11,-4.14870863756625e-12,-1.21921958823515e-12,-9.87377050756377e-14
3.42,8.31112956234392e-11,-4.17359977013627e-12,-1.13057461030138e-12,-7.84308672079389e-14
3.43,8.23927592819018e-11,-4.2062353956559e-12,-1.00453386597813e-12,-5.7944883533179e-14
3.44,8.17639289607541e-11,-4.2462493221963e-12,-8.50217601387889e-13,-3.81746552143489e-14
3.45,8.10294054076621e-11,-4.28472625981222e-12,-6.67393668156437e-13,-1.91204307547087e-14
3.46,8.05320254926301e-11,-4.27669890138679e-12,-4.52837068702882e-13,-6.29775669365852e-16
3.47,7.9803719188476e-11,-4.30037447985241e-12,2.5094775327306e-13,3.30846841190864e-14
3.48,7.92566012819407e-11,-4.32331075055601e-12,1.18960927830715e-12,7.32094193603196e-14
3.49,7.86792853091356e-11,-4.3288521302434e-12,2.04793578685586e-12,1.03942212675387e-13
3.5,7.82938158749857e-11,-4.32566806174609e-12,2.85073360491634e-12,1.28266125541806e-13
3.51,7.81295028673412e-11,-4.27045533956416e-12,3.60668060511611e-12,1.47263035217294e-13
3.52,7.77715669642021e-11,-4.24373336940326e-12,4.32869879159614e-12,1.61879697500168e-13
3.53,7.75663977492513e-11,-4.21849481101975e-12,4.97931992691922e-12,1.70065465519002e-13
3.54,7.73079378291186e-11,-4.17891476090733e-12,5.54989793457454e-12,1.71494534073896e-13
3.55,7.72057973108531e-11,-4.13341737127923e-12,6.04765033634413e-12,1.67329157033889e-13
3.56,7.7140960286215e-11,-4.04856312298931e-12,6.47692208257383e-12,1.58559043554091e-13
3.57,7.70397079463692e-11,-4.00335069986719e-12,6.84791097482817e-12,1.46292390007816e-13
3.58,7.68167751630244e-11,-3.94668273116247e-12,7.13414897423171e-12,1.29396386639039e-13
3.59,7.66782193295512e-11,-3.8869214389477e-12,7.33697928336296e-12,1.08439230448231e-13
3.6,7.64348584425534e-11,-3.82626899289249e-12,7.47057322505259e-12,8.49438453330774e-14
3.61,7.64144303389003e-11,-3.73731964529395e-12,7.53986514464355e-12,5.9708278722784e-14
3.62,7.61035678920052e-11,-3.67525576897959e-12,7.56352257062011e-12,3.4134145353123e-14
3.63,7.58682006107847e-11,-3.6213529308543e-12,7.5229601955972e-12,7.35061306818726e-15
3.64,7.55289164544592e-11,-3.56906373160573e-12,7.42212316922736e-12,-2.03279292077642e-14
3.65,7.52509166090931e-11,-3.51712066446711e-12,7.27431383434368e-12,-4.7792124684706e-14
3.66,7.49533768384936e-11,-3.44127380079376e-12,7.09414265498095e-12,-7.40173944516543e-14
3.67,7.45954409353544e-11,-3.38402220346616e-12,6.89813289419479e-12,-9.80594207438645e-14
3.68,7.40483230288191e-11,-3.33875439022769e-12,6.67830625555951e-12,-1.20577353736683e-13
3.69,7.35624894332432e-11,-3.29744514234855e-12,5.83672935149186e-12,-1.62217165225517e-13
3.7,7.29256655063182e-11,-3.28451573684004e-12,4.92313029400756e-12,-2.02843660399004e-13
3.71,7.23927584544981e-11,-3.25242656247601e-12,4.08659531430876e-12,-2.3476907788069e-13
3.72,7.18554105105795e-11,-3.21187874090558e-12,3.33476226721787e-12,-2.58762494928671e-13
3.73,7.12203629404939e-11,-3.22127146943261e-12,2.66953372001903e-12,-2.75247562701679e-13
3.74,7.0541794627843e-11,-3.22072808574816e-12,2.06335715549204e-12,-2.86414213261586e-13
3.75,6.99564850492607e-11,-3.22434457778239e-12,1.52460824224158e-12,-2.92196647364388e-13
3.76,6.93178847654963e-11,-3.23454982413756e-12,1.06284541856314e-12,-2.92257182666802e-13
3.77,6.89786006091708e-11,-3.22072036209622e-12,6.74758730546867e-13,-2.87243571522288e-13
3.78,6.85282941503829e-11,-3.2385854732934e-12,3.71191461752127e-13,-2.77048154296087e-13
3.79,6.81890099940574e-11,-3.24854700083393e-12,1.25562113851331e-13,-2.63716967586879e-13
3.8,6.79003520076549e-11,-3.26946221203563e-12,-6.48945710529735e-14,-2.47949429840333e-13
3.81,6.76108058428326e-11,-3.29386866215043e-12,-2.05976317194383e-13,-2.30268538570083e-13
3.82,6.74296174452138e-11,-3.30867082252851e-12,-3.03093757986047e-13,-2.11213578475416e-13
3.83,6.73763267400318e-11,-3.28189088823716e-12,-3.53130113829092e-13,-1.90785760450962e-13
3.84,6.72208955165843e-11,-3.31530897473691e-12,-3.48278135416156e-13,-1.68727582257053e-13
3.85,6.70246080858306e-11,-3.32400727482016e-12,-3.33132534334527e-13,-1.47856739987876e-13
3.86,6.68718413976421e-11,-3.33933837167231e-12,-3.03793745620391e-13,-1.28126842412469e-13
3.87,6.66160460127685e-11,-3.36517540330117e-12,-2.57708452548301e-13,-1.09101820714974e-13
3.88,6.64135413330769e-11,-3.37954394993484e-12,-2.01163920558342e-13,-9.11084118170339e-14
3.89,6.6250116503852e-11,-3.35997227840365e-12,-1.25832132774753e-13,-7.36298864141369e-14
3.9,6.60129728657921e-11,-3.37277736261588e-12,-2.09319181767309e-14,-5.59978761953387e-14
3.91,6.56505960705545e-11,-3.38661832200511e-12,8.75420996514472e-14,-3.985664958535e-14
3.92,6.53281873042033e-11,-3.41492347915201e-12,1.92407592663921e-13,-2.57067285224929e-14
3.93,6.48849862727729e-11,-3.43559629664323e-12,2.97375895438833e-13,-1.31141445109271e-14
3.94,6.45377085106702e-11,-3.44234388294348e-12,8.78410071570324e-13,1.37109744525765e-14
3.95,6.40349995251199e-11,-3.4432766192921e-12,1.71109711403455e-12,4.83670625168942e-14
3.96,6.36770636219808e-11,-3.41621732442142e-12,2.46437224029764e-12,7.48632269155785e-14
3.97,6.30677732260665e-11,-3.41978586937957e-12,3.16471153864763e-12,9.58494349199033e-14
3.98,6.24842400043235e-11,-3.40536580465446e-12,3.79473292479281e-12,1.10671202082562e-13
3.99,6.18207707248075e-11,-3.38757043967705e-12,4.36676999616612e-12,1.20138970895355e-13
4,6.11803940842037e-11,-3.37052132603035e-12,4.8890097337806e-12,1.25085163926276e-13
4.01,6.04583050289875e-11,-3.34240833702979e-12,5.36549178455743e-12,1.25912169447203e-13
4.02,5.99351679397842e-11,-3.2803708671198e-12,5.80168285224757e-12,1.23153886357376e-13
4.03,5.92788040876258e-11,-3.24353029584267e-12,6.2127641218538e-12,1.17893210749691e-13
4.04,5.8656191015416e-11,-3.19993246114855e-12,6.57569956802602e-12,1.08992035251484e-13
4.05,5.80735459720927e-11,-3.15595331754207e-12,6.88938361827532e-12,9.65564892054013e-14
4.06,5.76161340859471e-11,-3.1060445396144e-12,7.15859844238649e-12,8.13537133324919e-14
4.07,5.72253355812791e-11,-3.05359364233338e-12,7.38917936452372e-12,6.41217846604462e-14
4.08,5.68842750681142e-11,-2.9933752123766e-12,7.58086804019269e-12,4.52034128407064e-14
4.09,5.67927926908851e-11,-2.90171616772434e-12,7.73353860867053e-12,2.48508350870474e-14
4.1,5.65778535133177e-11,-2.82957925570825e-12,7.85604957733865e-12,3.87313780393824e-15
4.11,5.64481794640415e-11,-2.76214735080708e-12,7.92382761694165e-12,-1.8893917232744e-14
4.12,5.62812019211378e-11,-2.69761671869752e-12,7.92987963003753e-12,-4.36074148906023e-14
4.13,5.61986013281057e-11,-2.63007790769571e-12,7.87669304119973e-12,-6.95757870136374e-14
4.14,5.60653745651507e-11,-2.56667316140999e-12,7.774314246511e-12,-9.58121960532403e-14
4.15,5.5984550328958e-11,-2.5011865739264e-12,7.62504797297504e-12,-1.21858568428127e-13
4.16,5.58202373213135e-11,-2.44164199299151e-12,7.1121937317779e-12,-1.56559635422409e-13
4.17,5.58673107775576e-11,-2.35196336801234e-12,6.14484246426705e-12,-2.0606434242127e-13
4.18,5.56754642389024e-11,-2.3102920359687e-12,5.26231481060923e-12,-2.44859293814839e-13
4.19,5.5480953164988e-11,-2.27379969532479e-12,4.41553543691657e-12,-2.77310982262884e-13
4.2,5.52118351038189e-11,-2.24908318785298e-12,3.60029775585609e-12,-3.04327252077894e-13
4.21,5.49551515405255e-11,-2.2376414627323e-12,2.82489987338615e-12,-3.25454152722658e-13
4.22,5.46354073094335e-11,-2.22842940955372e-12,2.09689478956506e-12,-3.40433168004827e-13
4.23,5.43618483561659e-11,-2.2225638974511e-12,1.42565448252365e-12,-3.49083926387935e-13
4.24,5.39559508183629e-11,-2.22673881973824e-12,8.18351784956563e-13,-3.51493539991264e-13
4.25,5.36912736492923e-11,-2.2152403853112e-12,2.7193582258088e-13,-3.48427363506949e-13
4.26,5.31681365600889e-11,-2.23910304759959e-12,-2.02056580978134e-13,-3.39886851604453e-13
4.27,5.26476640061446e-11,-2.25478429349682e-12,-6.23648183649298e-13,-3.27604674127372e-13
4.28,5.20365972533909e-11,-2.29590717669827e-12,-9.84233294306979e-13,-3.11727623299269e-13
4.29,5.14459586042904e-11,-2.3275430273928e-12,-1.28580424819588e-12,-2.92750435476889e-13
4.3,5.07940356442305e-11,-2.36580977252466e-12,-1.51592390212497e-12,-2.70496237762924e-13
4.31,5.01820807130571e-11,-2.40191101529275e-12,-1.67360941573001e-12,-2.4539160106659e-13
4.32,4.95283813961578e-11,-2.43446459385738e-12,-1.75788790152209e-12,-2.17974947527135e-13
4.33,4.89395191038966e-11,-2.47213310722715e-12,-1.77121385773818e-12,-1.88910976699381e-13
4.34,4.85806950223377e-11,-2.47416632581257e-12,-1.72092524878813e-12,-1.5904990528377e-13
4.35,4.80850914641451e-11,-2.50605373469271e-12,-1.59824721901162e-12,-1.28268714038948e-13
4.36,4.76898520673785e-11,-2.54106732511058e-12,-1.43612714384799e-12,-9.86993209945465e-14
4.37,4.73194816663636e-11,-2.56976674196123e-12,-1.24496286334467e-12,-7.11501333749436e-14
4.38,4.70921079909203e-11,-2.58318418188866e-12,-1.02311362759004e-12,-4.53645198609015e-14
4.39,4.68274308218497e-11,-2.60742929458117e-12,-7.68110601084151e-13,-2.10600907701676e-14
4.4,4.66471306026506e-11,-2.63344678032029e-12,-4.97491974013306e-13,8.90361226353315e-16
4.41,4.64783767029076e-11,-2.63230505290287e-12,3.58343541980857e-13,3.84915560105865e-14
4.42,4.6340709047854e-11,-2.63394835595862e-12,1.38206962793824e-12,7.81046312990225e-14
4.43,4.62634375253401e-11,-2.60385236064996e-12,2.30959940781307e-12,1.07378504339279e-13
4.44,4.62181404259354e-11,-2.56926555213004e-12,3.16128499722419e-12,1.28849733091155e-13
4.45,4.60342874930575e-11,-2.53991618929379e-12,3.93264089025177e-12,1.4294463371469e-13
4.46,4.58735271990918e-11,-2.50773331674147e-12,4.6093097225738e-12,1.49325848920449e-13
4.47,4.56443771668091e-11,-2.46495586459095e-12,5.19497400976915e-12,1.48747061163625e-13
4.48,4.54409843086978e-11,-2.42108975540728e-12,5.69795841463285e-12,1.42364441452401e-13
4.49,4.5153214500715e-11,-2.38606757981626e-12,6.12330248847255e-12,1.3103763739323e-13
4.5,4.49116299705565e-11,-2.33372541717536e-12,6.47045874579344e-12,1.15230594328675e-13
4.51,4.46167547352161e-11,-2.27410988766948e-12,6.75437562429998e-12,9.62558317879138e-14
4.52,4.43556302798243e-11,-2.21610545209223e-12,6.98070563027736e-12,7.48486147544225e-14
4.53,4.4039438762411e-11,-2.16091977829232e-12,7.14851832334746e-12,5.12589889064971e-14
4.54,4.38760139331862e-11,-2.07303355709705e-12,7.25790251810813e-12,2.57607943309379e-14
4.55,4.34567937190877e-11,-2.01563288241793e-12,7.32643542733897e-12,-3.48881287523078e-16
4.56,4.30366853265696e-11,-1.95307050762328e-12,7.33362191454554e-12,-2.79549537235233e-14
4.57,4.25384172331178e-11,-1.90445920287175e-12,7.28669520985564e-12,-5.6509168524265e-14
4.58,4.20357082475675e-11,-1.8516698405796e-12,7.19190435677854e-12,-8.52476194219321e-14
4.59,4.15045775525869e-11,-1.79615080455212e-12,7.06449722575551e-12,-1.13128927654493e-13
4.6,4.09743350360259e-11,-1.75649949869246e-12,6.40527258482997e-12,-1.55089139597629e-13
4.61,4.04192235237133e-11,-1.7134555414244e-12,5.47355458159054e-12,-2.03390028442629e-13
4.62,3.99058563971266e-11,-1.68288045825397e-12,4.63245087484688e-12,-2.41366683504743e-13
4.63,3.94129173741931e-11,-1.65141174212423e-12,3.86359512997056e-12,-2.71510491906323e-13
4.64,3.89555054880475e-11,-1.63253967825373e-12,3.16354657624292e-12,-2.94629649948362e-13
4.65,3.87538889867756e-11,-1.58847216564729e-12,2.52665049973277e-12,-3.11390504730637e-13
4.66,3.84359211125229e-11,-1.57335773141942e-12,1.96429170590707e-12,-3.21527171494813e-13
4.67,3.82121001507585e-11,-1.57595856970707e-12,1.45133539361482e-12,-3.26787624290821e-13
4.68,3.80184772552639e-11,-1.56227921965896e-12,9.78117370399984e-13,-3.28142834931976e-13
4.69,3.79145603801589e-11,-1.56538175604576e-12,5.56192968057584e-13,-3.25123649285439e-13
4.7,3.78026498992767e-11,-1.56899218263914e-12,1.80039894449571e-13,-3.18290037671741e-13
4.71,3.77315956257007e-11,-1.57071401586954e-12,-1.53598592555436e-13,-3.08200915955868e-13
4.72,3.76516595679277e-11,-1.58096631887064e-12,-4.4422658588054e-13,-2.95148629096166e-13
4.73,3.7606362468523e-11,-1.58847195892821e-12,-6.97734778861285e-13,-2.79792228496736e-13
4.74,3.75122155560348e-11,-1.61262731671723e-12,-9.13883440146402e-13,-2.62452718311231e-13
4.75,3.74384967471997e-11,-1.62443321913344e-12,-1.10102607263045e-12,-2.4383915182628e-13
4.76,3.72919473079492e-11,-1.64343222058675e-12,-1.25122739467408e-12,-2.23824900248271e-13
4.77,3.71747077565487e-11,-1.65821828455668e-12,-1.36915861171308e-12,-2.02858259057502e-13
4.78,3.70876662714181e-11,-1.6618277915576e-12,-1.45349574643425e-12,-1.81179605031848e-13
4.79,3.69331232263903e-11,-1.67826874144274e-12,-1.50204655937977e-12,-1.58898260368272e-13
4.8,3.66782160199364e-11,-1.70057890943482e-12,-1.52735943930334e-12,-1.36957572266672e-13
4.81,3.64321905976794e-11,-1.72636194363984e-12,-1.53540510665037e-12,-1.15870513627778e-13
4.82,3.61453089681163e-11,-1.74883058624211e-12,-1.5222204736543e-12,-9.54668607642289e-14
4.83,3.58069129902105e-11,-1.77428177393763e-12,-1.48276241795833e-12,-7.55115739534913e-14
4.84,3.53894691329515e-11,-1.80483425897875e-12,-1.41731295341362e-12,-5.61283975831595e-14
4.85,3.49533735288787e-11,-1.83777096828148e-12,-1.32806662173436e-12,-3.75571096896358e-14
4.86,3.44444472943906e-11,-1.85770083431777e-12,-1.21243143181007e-12,-1.97584638543422e-14
4.87,3.39310801678039e-11,-1.88823066972686e-12,-1.06434718678516e-12,-2.46598125748399e-15
4.88,3.33555405518382e-11,-1.90524234521943e-12,-8.89582060111127e-13,1.39137758135836e-14
4.89,3.28004290395256e-11,-1.92736891153084e-12,1.75794168068024e-13,5.61942525313811e-14
4.9,3.22426529919539e-11,-1.93927279845847e-12,1.15008438676618e-12,9.04448427733426e-14
4.91,3.16573434133716e-11,-1.93896456822769e-12,2.05627786966285e-12,1.1624865133822e-13
4.92,3.11493053573031e-11,-1.92386586207712e-12,2.90881742013391e-12,1.35365027696757e-13
4.93,3.08251202341125e-11,-1.87116678782975e-12,3.71273232842978e-12,1.48440801732995e-13
4.94,3.04538616546779e-11,-1.84000558063533e-12,4.47579286294359e-12,1.56137392712832e-13
4.95,3.01501046351405e-11,-1.79876533695836e-12,5.1694589419249e-12,1.5718147309538e-13
4.96,2.99076319265623e-11,-1.76262276233363e-12,5.78850422587602e-12,1.51680857781566e-13
4.97,2.97477598110163e-11,-1.70027550606653e-12,6.33106690035008e-12,1.40258658299405e-13
4.98,2.96616065043054e-11,-1.64443809427097e-12,6.80696174449401e-12,1.24156325989842e-13
4.99,2.96020985501855e-11,-1.5815471059722e-12,7.20896173628782e-12,1.03640114032932e-13
5,0.000467698471213751,0.00348992195406677,7.5345268246722e-12,7.91308588796303e-14
5.01,0.00105662467495371,0.00581316942448726,0.00109454928006832,5.83517233850727e-05
5.02,0.00189000908289483,0.00811181384527254,0.00176357620195455,8.93100019020579e-05
5.03,0.0029478425607854,0.0104186835136798,0.00107450648264405,3.56329058868088e-05
5.04,0.00421970861754328,0.0126655164865977,-0.00118122451428717,-9.93510151913963e-05
5.05,0.00576973350786059,0.0149495270081035,-0.00503125836237439,-0.000299494012507258
5.06,0.00769923043199228,0.0172065908662181,-0.0103713414538041,-0.000543535501898995
5.07,0.0101273933890127,0.0195677873897979,-0.0170833954532096,-0.000812824263789959
5.08,0.0131876284930597,0.0219333692087316,-0.0249938094253359,-0.00108959027737059
5.09,0.0170066629899015,0.0244519139065768,-0.0339886243223377,-0.00136244762400931
5.1,0.0217132579246471,0.0269770752445228,-0.0439356794173887,-0.00162189081033296
5.11,0.0273894911476038,0.0296651713576612,-0.0548039096912498,-0.00186544793996549
5.12,0.0341363396231413,0.0323213372946629,-0.0665000133612986,-0.00208862639033466
5.13,0.0419674103352312,0.035114342780624,-0.0790064601522315,-0.00229123844465211
5.14,0.0509743432219159,0.0378112367441966,-0.0922379839171149,-0.00247027154177356
5.15,0.0611003777431609,0.04060281993189,-0.106181644664776,-0.00262649646835969
5.16,0.072458581836532,0.043227135928378,-0.120737159102255,-0.00275663719726158
5.17,0.0849162725689547,0.0459027117677076,-0.13585836714992,-0.00286028448558496
5.18,0.0986373328591252,0.0483446130558649,-0.151397946542626,-0.00293240188741346
5.19,0.113403915736241,0.0508024569885025,-0.167240561812812,-0.00296979764779749
5.2,0.129456882285539,0.0529715105474983,-0.183200870628072,-0.00296606560332109
5.21,0.1464771153256,0.0551321906218528,-0.199170165552323,-0.00291971682445559
5.22,0.164802223006152,0.0569603239815622,-0.214960987150095,-0.00282607079278633
5.23,0.183991230490797,0.0587656657765947,-0.230457543277358,-0.00268365220305093
5.24,0.204497411911457,0.0602051094044749,-0.245469447813245,-0.00248900707572917
5.25,0.225738861126016,0.0616164388427659,-0.259890494061591,-0.00224218167818377
5.26,0.248303579697866,0.0626379458025647,-0.273569409014847,-0.00194236120958636
5.27,0.271451417657286,0.063633789174468,-0.286446218934334,-0.00159194013277916
5.28,0.295923822789985,0.0642239011964755,-0.298426153545017,-0.00119266268036181
5.29,0.320807592439594,0.0647971175618517,-0.309495796809664,-0.000748350137372268
5.3,0.347017064312407,0.064955327741248,-0.319604951615895,-0.000260870820179137
5.31,0.373452269383742,0.0651101610565319,-0.328750704403927,0.000264564077731095
5.32,0.400563579527097,0.0650626382769697,-0.336919646358993,0.000822995384531339
5.33,0.429000029783674,0.0645940368206395,-0.344125782897796,0.00140892532757248
5.34,0.457356573531538,0.0641480875515991,-0.350403217783417,0.00201620482906066
5.35,0.487041402401185,0.0632814974740724,-0.355767692087846,0.00264067140273743
5.36,0.516437118920713,0.0624567465279324,-0.360270163236613,0.00327701179306433
5.37,0.546250067570862,0.0614533633976951,-0.363951399283713,0.00392158700860427
5.38,0.577413865811406,0.0600332715812297,-0.366870339763294,0.004570024342733
5.39,0.607977594460074,0.0586849205567139,-0.369107775082905,0.00521822050653079
5.4,0.639920673716516,0.0569236134685417,-0.370717089485137,0.00586341428855831
5.41,0.671061822218607,0.0552521248899501,-0.371771486781033,0.00650243296820352
5.42,0.702433047733403,0.0534592336737948,-0.364911933661005,0.00749164941233251
5.43,0.735395632552909,0.0513698603809697,-0.352312780917114,0.00876710187531184
5.44,0.767446493164537,0.0495263195289074,-0.338680623357659,0.00993757862070024
5.45,0.799771982678822,0.0476780419914488,-0.324576932031998,0.0109470698291336
5.46,0.833802401392177,0.0455588784982507,-0.310222457608263,0.011789458824993
5.47,0.866633408993537,0.0437077126520985,-0.295837200680497,0.0124690927892404
5.48,0.899638249355321,0.0418575916677213,-0.28163002030043,0.0129949886556236
5.49,0.93444339251769,0.0397294099304709,-0.267743947309813,0.0133806468579114
5.5,0.967780707873672,0.037872023492988,-0.254315947077108,0.0136399451864172
5.51,1.00122073366064,0.0360067176544938,-0.24144346965309,0.0137835441970146
5.52,1.03658704565101,0.0338455842942192,-0.229207773053837,0.0138205936999945
5.53,1.0702415753644,0.0319463370776919,-0.21768554032465,0.013760311659906
5.54,1.10394887059395,0.0300217739779073,-0.206955800370808,0.0136130948554714
5.55,1.13972627647576,0.0277781986719553,-0.197056154486637,0.0133882461784883
5.56,1.17356339184348,0.0257795623582099,-0.188018845676307,0.01309524716101
5.57,1.2074241766019,0.0237246138475381,-0.182303386788055,0.0128577031698473
5.58,1.24133616545964,0.0215636807411578,-0.181480184209709,0.0127906764687194
5.59,1.2775761368443,0.0189793246738015,-0.182165937754542,0.0127734518406019
5.6,1.31161499207527,0.0165413249127515,-0.183224537345388,0.0127674896874151
5.61,1.34562561443784,0.013958468508463,-0.184449418943722,0.0127631325276374
5.62,1.3820141729637,0.0109401054443061,-0.1858037012764,0.0127587335407103
5.63,1.41583056851115,0.0080593758583937,-0.187262419697079,0.0127547669073343
5.64,1.4493696317646,0.00502461437875251,-0.188798356665995,0.012752248312613
5.65,1.48247903541911,0.00183106779344724,-0.190400895600049,0.0127517965445488
5.66,1.51765472372416,-0.00181120507035049,-0.192065069158145,0.0127540254118341
5.67,1.54929132575424,-0.00533952871577795,-0.193776568646054,0.0127597887057971
5.68,1.57974774098041,-0.00904449867061985,-0.195520862128463,0.0127705136654373
5.69,1.61157842356314,-0.01320839843104,-0.197298656569775,0.012787614192031
5.7,1.6388102180002,-0.0172756498203527,-0.199107750487588,0.0128120937525979
5.71,1.66395904586487,-0.0215251928049309,-0.200931355217456,0.0128449575158264
5.72,1.6897334942315,-0.0262228111470597,-0.202743049599866,0.0128874070523914
5.73,1.70999547865005,-0.0308187767175927,-0.204505289868464,0.0129408350847444
5.74,1.73050464495907,-0.0358381161599539,-0.20617011694731,0.0130064711765166
5.75,1.74511206067887,-0.0407384832030156,-0.207680867185405,0.0130857945078186
5.76,1.75976350663417,-0.0460238806689754,-0.208961797033229,0.0131809540974657
5.77,1.76838127375936,-0.0511609547342331,-0.209952757693122,0.0132932275365643
5.78,1.76681072228716,-0.0554924082494251,-0.217413648841292,0.0131407376962808
5.79,1.7597302502814,-0.0597410863211951,-0.226360587371466,0.0128225308433119
5.8,1.75323178352649,-0.0643732857931755,-0.233677346513468,0.0126721553475994
5.81,1.74448152110864,-0.0691119581986204,-0.238279350654714,0.0127324808617489
5.82,1.7308167306827,-0.0737004700543566,-0.239964022356775,0.0129938538094452
5.83,1.71821767938903,-0.0785436717015045,-0.238575098806386,0.01343423547474
5.84,1.70401753147664,-0.0833747965750087,-0.234057670759059,0.014022293475746
5.85,1.68573371817894,-0.087952858570129,-0.226388377735434,0.014725046314168
5.86,1.66903209427296,-0.0926446447603104,-0.21555852254066,0.0155114800250876
5.87,1.65133042623126,-0.0972044906428041,-0.201656178069829,0.0163475740263349
5.88,1.63277025676314,-0.101595654255094,-0.184753697619823,0.0172019306220901
5.89,1.6109820544798,-0.105607836220527,-0.164970639570372,0.0180473507970724
5.9,1.59106429035377,-0.109566017798682,-0.142454644407859,0.0188581309236706
5.91,1.57053715198156,-0.113258556491934,-0.117418757074437,0.0196063658547111
5.92,1.54711733535305,-0.116491649545063,-0.0871060385220528,0.0201034378132883
5.93,1.52544106209561,-0.119501288489253,-0.0484948243216522,0.020204667296887
5.94,1.50314971630695,-0.122084847129356,-0.0088992639826229,0.0200965954989855
5.95,1.48026703737176,-0.124236524842657,0.0308195694121793,0.0198161426067669
5.96,1.4547456622472,-0.125822168642611,0.0699764945874746,0.0193704971210581
5.97,1.43083139403469,-0.127126733363691,0.108103255183147,0.0187648373584335
5.98,1.40642894278082,-0.12802065871964,0.14476232482275,0.0180050319875177
5.99,1.37967467256804,-0.128399375326103,0.179586511889875,0.0171002059704677
6,1.35448670623582,-0.128528997064822,0.21231145818315,0.0160635302728724
6.01,1.3289523699041,-0.128305263966194,0.242727963118705,0.0149092682811575
6.02,1.30138414571388,-0.127645302236931,0.270686179421186,0.0136519763897895
6.03,1.27536851066808,-0.126791758907179,0.296096988691924,0.012306170390369
6.04,1.24753088326458,-0.125561343821581,0.318837304842576,0.010881864343898
6.05,1.22123139318977,-0.124181350968183,0.338822547788145,0.00938698553157819
6.06,1.19482923355517,-0.122576455694948,0.356127910480481,0.00783793590863181
6.07,1.16689789458802,-0.120687616571696,0.370874136844854,0.00625147274406312
6.08,1.14046536443269,-0.118714030949075,0.383214946452053,0.00464293276398554
6.09,1.11404585315698,-0.11658942174186,0.393320430433667,0.00302542819601779
6.1,1.08636047921532,-0.114261600666364,0.401400592588704,0.00140966371579747
6.11,1.06011354307391,-0.111900623738161,0.407632085826668,-0.000192774764064278
6.12,1.0327597866255,-0.109380533253991,0.41215548375501,-0.00177133253242879
6.13,1.00679534293542,-0.106854024200663,0.415108665475209,-0.0033160701635482
6.14,0.980983394958038,-0.104266101726386,0.4166237195495,-0.0048181412817071
6.15,0.954282513252178,-0.101574340920846,0.416832767961972,-0.00626991333069812
6.16,0.928886695521781,-0.0989077462554415,0.415225834013677,-0.00767728320024679
6.17,0.902680766447093,-0.0962153639158215,0.404704494152627,-0.00942521822092813
6.18,0.877583862246343,-0.093661754475427,0.391190780223048,-0.0111773404430987
6.19,0.85170628229117,-0.0911662611394221,0.376502695665664,-0.0127613703107695
6.2,0.826865740640434,-0.0888301975717334,0.360950738714754,-0.0141501688360823
6.21,0.80216005549455,-0.0866135449305898,0.344801297847503,-0.0153398513771741
6.22,0.776863139179771,-0.0844846326546511,0.328324417767421,-0.016335348765167
6.23,0.752528441760934,-0.0825204473974918,0.311730068586402,-0.0171453910710928
6.24,0.727722735201353,-0.0806510909834391,0.295165053855366,-0.0177786777876941
6.25,0.703829697794767,-0.0789407571426556,0.278721053039425,-0.0182457898618302
6.26,0.679579334391729,-0.0773269955753892,0.262498119179586,-0.0185563449294444
6.27,0.656192108774488,-0.0758593544436399,0.248192160715316,-0.0187721789262293
6.28,0.632504116583016,-0.0744246832329056,0.242273258674434,-0.01925038028699
6.29,0.609533644066912,-0.0730131101201739,0.239456990040959,-0.01980780669803
6.3,0.586308245126129,-0.0715652171883287,0.237420101427693,-0.0203660393839534
6.31,0.563755051843204,-0.0701164544528835,0.235642147798386,-0.0209049868435609
6.32,0.541425478595978,-0.0686441799546162,0.234010762719666,-0.0214191759542104
6.33,0.519003682930695,-0.0671335821514385,0.232449205002195,-0.0219086693349074
6.34,0.497220057310886,-0.0656137247975573,0.230904801533779,-0.0223745710445342
6.35,0.475444905331092,-0.0640583204845303,0.229372815034319,-0.0228159828080611
6.36,0.454286571686236,-0.062490730175965,0.227854272909234,-0.0232318065508837
6.37,0.433227647785071,-0.0608905680727592,0.226352385559251,-0.0236213239701012
6.38,0.412764468306972,-0.0592758770178956,0.224868435287139,-0.0239841582730771
6.39,0.392479773153526,-0.0576315924246783,0.223403900358408,-0.0243200360500131
6.4,0.372768233946408,-0.0559712366790894,0.221923738048817,-0.0246303762635749
6.41,0.353300888338432,-0.0542851166832216,0.220389930107793,-0.0249176007231782
6.42,0.334380110787122,-0.0525832737226248,0.218808991878731,-0.0251834451506247
6.43,0.315754327639869,-0.0508602504348901,0.217182587744602,-0.0254292267343495
6.44,0.297645324142555,-0.0491225444636433,0.215504011265678,-0.0256555566105937
6.45,0.279869773086472,-0.0473684481279608,0.213766508892888,-0.0258623613533176
6.46,0.262581281058014,-0.0456015121599957,0.211968046419796,-0.0260488550339239
6.47,0.245656378160669,-0.0438232074498713,0.21010020447178,-0.0262145541139713
6.48,0.22919025874077,-0.0420346614052425,0.208152692512526,-0.0263590060354695
6.49,0.213109661548082,-0.0402401801741106,0.206118195859125,-0.0264820031158782
6.5,0.197460907702406,-0.0384388708275177,0.203993522788495,-0.0265832699043756
6.51,0.18221516354508,-0.0366371673954016,0.201778319694886,-0.0266623266935191
6.52,0.167379125321618,-0.0348323494274287,0.199473193331171,-0.0267190589342007
6.53,0.152961557034556,-0.0330325058984649,0.197072258546067,-0.0267530146807629
6.54,0.138937480401764,-0.0312334901269726,0.194567546399548,-0.0267636200551941
6.55,0.125318272962706,-0.0294408181629338,0.1919530488738,-0.0267506858034621
6.56,0.112142144486596,-0.0276610234650672,0.189226129195027,-0.0267138968832903
6.57,0.0993479275579405,-0.025888390070999,0.186383644100975,-0.0266528995506651
6.58,0.0870138549629254,-0.0241336619526847,0.183418532343957,-0.0265676561407242
6.59,0.0750600024403307,-0.0223904313534556,0.180328272465449,-0.0264580576939234
6.6,0.0635827094147037,-0.0206700099057494,0.177103958546165,-0.026324642322475
6.61,0.0524863827139086,-0.0189655720539305,0.173741893026169,-0.0261678562667508
6.62,0.0418803122442333,-0.0172887911249254,0.170234907273328,-0.0259882728585264
6.63,0.0316559198256559,-0.015632640043265,0.166578266913341,-0.0257867225570693
6.64,0.0219309025836301,-0.0140089329078809,0.162776547935681,-0.0255637177684095
6.65,0.0125861676616092,-0.0124104459080864,0.158832966815536,-0.0253199649995835
6.66,0.00374409650255081,-0.0108488349151403,0.154756129859131,-0.0250560584339186
6.67,-0.00472226722319724,-0.00931672951007973,0.15055209423844,-0.0247728034824616
6.68,-0.0126883942118974,-0.00782549224136438,0.146220044067373,-0.0244705591723097
6.69,-0.0202863258946628,-0.00636787613450087,0.141752778994052,-0.024149486119571
6.7,-0.0273914494746754,-0.00495510770829853,0.137137525234071,-0.0238098411490265
6.71,-0.0341387312410257,-0.00358036022652554,0.132363140012566,-0.023452365804582
6.72,-0.0404052639120596,-0.00225477167492269,0.127406935665467,-0.0230779894798661
6.73,-0.0463269180687058,-0.000972194863800557,0.122241489666693,-0.0226869488520326
6.74,-0.0517834564556832,0.000256212212127935,0.116857012959988,-0.0222789443593763
6.75,-0.056909660594666,0.00143608749092306,0.111251540657529,-0.0218533388258282
6.76,-0.0615887181198367,0.00255667565700184,0.105418924547289,-0.0214091749133983
6.77,-0.0659529972691022,0.00362321400183797,0.0993610709222218,-0.0209455321617835
6.78,-0.0698899089723537,0.00462547159095648,0.0930837308978526,-0.0204617881754314
6.79,-0.0735286874097281,0.00556843560460837,0.0865933163602415,-0.0199570322186988
6.8,-0.0767616482908176,0.00644252997047928,0.0798989300196932,-0.019430745148755
6.81,-0.0797144468216058,0.00725249629324481,0.0730026509675017,-0.0188828994224285
6.82,-0.0822851250025565,0.00798939281772816,0.0659202164876323,-0.0183129851722346
6.83,-0.0845953629487841,0.00865789470183841,0.0586780951529995,-0.017720661949503
6.84,-0.0866009596790642,0.0092530578238705,0.0513019223391284,-0.0171052382004335
6.85,-0.0882632513950741,0.00977057021442278,0.0437996962492423,-0.0164656554246767
6.86,-0.0896969727974335,0.0102150294419758,0.0361880628987475,-0.0158007896712079
6.87,-0.0908147139619162,0.0105797392926361,0.0285033667758635,-0.0151100928444038
6.88,-0.0917263554870069,0.0108696452780332,0.0207998862631606,-0.0143940687032956
6.89,-0.0923507032035984,0.0110795798317547,0.0131465813156622,-0.013653741774995
6.9,-0.0927928169792021,0.0112154515521816,0.00561477166513076,-0.0128907610836203
6.91,-0.0929776124361277,0.0112738673073695,-0.00173580580075494,-0.0121073251678297
6.92,-0.0930051330632502,0.0112616802975508,-0.00882695642689954,-0.0113067099613282
6.93,-0.0928063957331273,0.0111774506414144,-0.0155667245379202,-0.0104933187597037
6.94,-0.0924765976344846,0.0110294590897969,-0.0218647827378392,-0.00967239033040748
6.95,-0.0919527064069467,0.0108184453162857,-0.0276358712708942,-0.00884953996073576
6.96,-0.0913247629866871,0.010553934752747,-0.0328245299316311,-0.00803017890439194
6.97,-0.0905348475636001,0.0102381849202924,-0.0373880949752628,-0.00721965968340865
6.98,-0.0896672777868934,0.00988123306850134,-0.041294959310913,-0.00642314426156494
6.99,-0.0886685019916196,0.00948627496918027,-0.0445305325011937,-0.00564558199895989
7,-0.0876167916549462,0.00906331846367103,-0.0470958385525345,-0.00489143347196048
7.01,-0.0864623163863472,0.00861585573457257,-0.0490031507440576,-0.0041647715933941
7.02,-0.0852771250649416,0.00815336388546731,-0.0502706309025125,-0.00346915134541128
7.03,-0.0840146391707757,0.00767924978657362,-0.0509259190774591,-0.00280787683570002
7.04,-0.0827408142162831,0.00720215244358774,-0.0510050547441829,-0.00218388478859524
7.05,-0.0814120360083381,0.00672504446388113,-0.0505492302246343,-0.00159963293132915
7.06,-0.0800883116322493,0.00625546978452874,-0.0496044545273777,-0.00105714332503246
7.07,-0.0787288288117052,0.00579575532826518,-0.0482175593537289,-0.000558017748062053
7.08,-0.0773879547284622,0.00535225877739674,-0.0464357814589019,-0.000103332353092549
7.09,-0.0760274755871104,0.00492659216158067,-0.0443105701895778,0.000306207326992073
7.1,-0.0746964034287934,0.00452386588398497,-0.0418929297661859,0.000670296753229674
7.11,-0.0733781749741322,0.00414572772417527,-0.0392345506045311,0.000989106375508567
7.12,-0.072059232586891,0.00379354396778906,-0.036384832740287,0.00126326870915726
7.13,-0.070781085018482,0.00347059342739113,-0.033391142916438,0.00149382978722733
7.14,-0.0695113842568889,0.00317655708130093,-0.0302990069771165,0.00168219716477503
7.15,-0.0682869893489537,0.00291360802849687,-0.0271526091946941,0.001830060844718
7.16,-0.0670776633804917,0.00268075041761488,-0.0239912707778973,0.00193946180392746
7.17,-0.0659159115045456,0.00247918199653481,-0.0208523472987696,0.00201266042172923
7.18,-0.0647734769606485,0.00230733625174511,-0.0177716709462805,0.00205212228914
7.19,-0.0636788848325995,0.0021655061237223,-0.0147977907514295,0.00205991083482955
7.2,-0.0626064663594612,0.00205103608330754,-0.0120228706070968,0.00203641844713561
7.21,-0.061581412957,0.00196318824122143,-0.00939364767783193,0.00198898175744193
7.22,-0.0605790103484252,0.00189959464113847,-0.00692620129443973,0.00192116591623199
7.23,-0.0596205677020847,0.00185935333848595,-0.00463569151201407,0.0018358318108932
7.24,-0.0586832003448319,0.00183992976129976,-0.0025336374952426,0.0017358331881637
7.25,-0.057785330156535,0.00184006455895128,-0.000628952165799305,0.00162396491480583
7.26,-0.0569059150698259,0.00185717070648227,0.00107240006100059,0.00150285426714426
7.27,-0.056060879778226,0.00188975798352718,0.00256712000138599,0.00137495612362389
7.28,-0.0552310723640408,0.00193528373888857,0.00385434450709207,0.00124253282226143
7.29,-0.0544303140823152,0.00199214464801654,0.0049364523161313,0.00110771495919893
7.3,-0.0536413351867988,0.00205793845921951,0.00581700851697443,0.000972417801812006
7.31,-0.0528761712386419,0.00213104908531651,0.0065022183812851,0.000838382371014876
7.32,-0.0521194343608979,0.00220928129269179,0.00699952587299606,0.000707176082237819
7.33,-0.0513816692306934,0.00229108972477689,0.00731844128811136,0.000580201502019607
7.34,-0.0506493128536341,0.00237454479267219,0.00746943818893118,0.000458663020674958
7.35,-0.0499316426066658,0.00245823742689925,0.00746408405859286,0.000343607363500712
7.36,-0.0492168376871869,0.00254053871973195,0.00731481469686511,0.0002358933734057
7.37,-0.0485131001343102,0.0026202218186861,0.00703495147751777,0.000136216492350486
7.38,-0.0478142771562358,0.0026960074487808,0.00663817116311949,4.51041000984626e-05
7.39,-0.0471156046993282,0.00276681187356998,0.00613841014986273,-3.70607417721026e-05
7.4,-0.0464239380754137,0.00283173486242701,0.00554988336597884,-0.000110035861537796
7.41,-0.0457313511003887,0.00288997364275948,0.0048865011300468,-0.00017372496084608
7.42,-0.0450439486073035,0.00294085742726811,0.00416216741088094,-0.000228146352847927
7.43,-0.0443551575754508,0.00298390393878536,0.00339024920292016,-0.000273436864377353
7.44,-0.0436704145731281,0.00301866595920321,0.00258369525604438,-0.000309827361938468
7.45,-0.0429843587501282,0.00304495797493193,0.00175478958795394,-0.000337652273735355
7.46,-0.0423018356811553,0.0030625416660407,0.000915867065871822,-0.000357297950943773
7.47,-0.0416185577878787,0.00307150926212021,7.81886893251009e-05,-0.000369193062004833
7.48,-0.0409388187812583,0.00307180760505047,-0.000748888139485512,-0.000373853367523089
7.49,-0.0402592747319623,0.00306375249967669,-0.00155600381762589,-0.000371803125010812
7.5,-0.0395837038558156,0.00304744634097177,-0.00233415822423129,-0.000363586802645975
7.51,-0.038909560708446,0.00302340682437967,-0.00307563371739878,-0.000349779824876922
7.52,-0.0382401267621968,0.00299186411987387,-0.00377392317896806,-0.000330975782975207
7.53,-0.037573533813442,0.00295348560484582,-0.00442398198882669,-0.000307793864536271
7.54,-0.0369125972561535,0.00290858150497895,-0.0050215596865597,-0.000280858194230291
7.55,-0.0362560241753387,0.00285792140634556,-0.00556338560354115,-0.000250799921699946
7.56,-0.0356061931104854,0.00280186255550205,-0.00604680649164918,-0.000218239963373861
7.57,-0.0349622891488888,0.00274124203742152,-0.0064699840140579,-0.000183785081299749
7.58,-0.0343262731588418,0.00267643734464722,-0.00683177728157426,-0.000148014011013926
7.59,-0.0336977168923189,0.00260831974696243,-0.00713202171439442,-0.000111484570118892
7.6,-0.0330781819382349,0.00253725726670601,-0.00737111913722144,-7.47130663961247e-05
7.61,-0.0324675345856578,0.00246412251984399,-0.00755026298833675,-3.81808915854796e-05
7.62,-0.0318669441932378,0.00238924996602111,-0.00767096471185129,-2.32339818556326e-06
7.63,-0.0312764953982789,0.00231348921040319,-0.0077353688017735,3.24568026474075e-05
7.64,-0.0306969873758318,0.00223712313012015,-0.00774606840675006,6.58127069213387e-05
7.65,-0.0301286697322174,0.00216081522581654,-0.00770618981506231,9.7439140324641e-05
7.66,-0.0295719613967398,0.00208520004932693,-0.00761929607475243,0.000127081999656662
7.67,-0.0290271460295588,0.00201045242014831,-0.00748905925419424,0.000154535019744354
7.68,-0.0284946009913711,0.00193727415090385,-0.00731953034511491,0.000179623868351487
7.69,-0.0279743072623064,0.00186575496770555,-0.00711483603019296,0.000202215316327937
7.7,-0.0274667016105077,0.00179651750298183,-0.00687910388209039,0.000222211370443289
7.71,-0.0269714886521959,0.0017295656862526,-0.0066164302719586,0.000239553495608515
7.72,-0.0264891303101187,0.00166544142213991,-0.00633104064688226,0.000254213213879409
7.73,-0.0260190890475394,0.00160406309575217,-0.00602702166275966,0.000266203648435681
7.74,-0.02556183347255,0.00154589089482002,-0.00570850242898763,0.000275566854921524
7.75,-0.0251166143779944,0.00149076075694563,-0.00537935406262318,0.000282380538235263
7.76,-0.0246838908604876,0.00143905569968489,-0.00504317719589926,0.000286758351705711
7.77,-0.0242627293014597,0.00139053751668618,-0.00470373006008777,0.000288831478733421
7.78,-0.0238535690032169,0.00134551507219362,-0.00436453086650499,0.000288755247990981
7.79,-0.0234553245449798,0.00130368125674089,-0.00402860148886566,0.000286709354604225
7.8,-0.0230684118506712,0.00126528202396662,-0.00369881830423822,0.000282872337233413
7.81,-0.022691629618748,0.00122995490086687,-0.00337768986502252,0.000277426172691995
7.82,-0.0223253817027571,0.00119789299114077,-0.00306756086655411,0.000270545374603062
7.83,-0.0219683927688039,0.0011686896191209,-0.00277038173487583,0.000262405917524916
7.84,-0.0216210674662516,0.00114249585454265,-0.0024879134973447,0.000253175115660109
7.85,-0.0212820928352468,0.0011188728956327,-0.00222151921574956,0.000243020363270388
7.86,-0.020951884262721,0.00109793991282323,-0.00197256963535756,0.000232098768763362
7.87,-0.0206291202917743,0.00107923599618535,-0.00174186183991413,0.000220563931418919
7.88,-0.0203142355290089,0.00106285997268346,-0.00153005661606086,0.000208559416304449
7.89,-0.0200059262098984,0.00104834101885431,-0.00133747699228779,0.000196226723860527
7.9,-0.0197046526927238,0.00103576760247569,-0.00116432882049777,0.000183693999584006
7.91,-0.0194091464646917,0.00102466838460163,-0.00101052010397099,0.000171084835159119
7.92,-0.0191194656933602,0.00101499228051759,-0.000875882258999935,0.000158509155389615
7.93,-0.0188356746072089,0.00100668723925093,-0.000760002826845741,0.000146070453920855
7.94,-0.018556583902724,0.000999296587687712,-0.000662250471693651,0.000133866002017654
7.95,-0.0182827177284903,0.000992915907427429,-0.000581984544969449,0.000121977315725787
7.96,-0.018012953414879,0.00098710522753398,-0.000518334777172826,0.000110481570774147
7.97,-0.017747845638804,0.000981973386998496,-0.00047042740038708,9.9442844037789e-05
7.98,-0.017486339202851,0.000977101751285663,-0.000437206330263679,8.89207889059593e-05
7.99,-0.017229009010747,0.000972616254503179,-0.000417650562727905,7.89620404727346e-05
8,-0.0169748715096962,0.000968122498759324,-0.000410591667766712,6.96090727380293e-05
8.01,-0.0167245183952942,0.00096376605000459,-0.000414862324805486,6.089537684186e-05
8.02,-0.0164770367029696,0.000959178878074809,-0.000429294585586067,5.284909441218e-05
8.03,-0.0162330292082633,0.000954526399120757,-0.000452812079957618,4.54856167892935e-05
8.04,-0.0159916530702828,0.000949466110991723,-0.000484156208752889,3.8820028769967e-05
8.05,-0.0157535166724123,0.000944184433523542,-0.000522171224617607,3.28551871106633e-05
8.06,-0.0155178438194619,0.000938365485085177,-0.000565657008686298,2.75893637357048e-05
8.07,-0.0152852440488371,0.000932215835739333,-0.000613558490087153,2.3008460725153e-05
8.08,-0.0150550054050891,0.000925444259630454,-0.000664775476602004,1.90961223020383e-05
8.09,-0.0148277342182324,0.000918275541901667,-0.000718355364338097,1.58264325206558e-05
8.1,-0.0146027782954254,0.000910440984464854,-0.000773306982078887,1.31734307221487e-05
8.11,-0.0143807351210596,0.00090218146442635,-0.00082879750964273,1.11033925015386e-05
8.12,-0.0141610063302342,0.000893248412861889,-0.000883947266537158,9.58434380043857e-06
8.13,-0.0139441743541551,0.000883896521975065,-0.000938060200258312,8.57886135060534e-06
8.14,-0.0137296876293556,0.000873894511651042,-0.000990426699970361,8.05187063636081e-06
8.15,-0.0135181077121145,0.000863507719399302,-0.00104051175499321,7.96249330251147e-06
8.16,-0.013308924764166,0.000852518828808441,-0.00108774798702403,8.27229891405983e-06
8.17,-0.013102675777676,0.000841201139090029,-0.00113172625464708,8.93738652954936e-06
8.18,-0.0128988865501911,0.000829348662578747,-0.00117200768614029,9.91731277817537e-06
8.19,-0.0126978358487277,0.000817121179350468,-0.00120831612666735,1.11673585378461e-05
8.2,-0.0124997715439474,0.000804678142917887,-0.00124038678570407,1.26455748181151e-05
8.21,-0.0123042679741858,0.00079182619849828,-0.00126798558114163,1.43121438591365e-05
8.22,-0.0121117864047819,0.000778847012370528,-0.00129100990538452,1.61241801321138e-05
8.23,-0.0119219302908902,0.000765551778155968,-0.00130935227663847,1.80436864646277e-05
8.24,-0.0117351333839104,0.000752221368028117,-0.00132306514076184,2.00305685347482e-05
8.25,-0.0115510205074252,0.000738668744164427,-0.00133215526595648,2.20516665127761e-05
8.26,-0.0113699900714987,0.000725171904172308,-0.00133675903061393,2.40726003030188e-05
8.27,-0.0111916861728194,0.000711543719227415,-0.00133695553047599,2.60660872909593e-05
8.28,-0.0110164721727386,0.000698057933708114,-0.00133295300453911,2.80037243164021e-05
8.29,-0.0108440088705275,0.000684525791924069,-0.00132490028173154,2.98642371718287e-05
8.3,-0.0106746247403693,0.000671215533204043,-0.00131306138699047,3.16256915736367e-05
8.31,-0.01050799535195,0.000657935518498202,-0.00129764029033466,3.32736430675534e-05
8.32,-0.0103444151478485,0.000644947365006299,-0.00127897972319204,3.47913163496195e-05
8.33,-0.0101835734925775,0.000632055104310714,-0.00125731579421557,3.61697365285432e-05
8.34,-0.0100257324811461,0.000619513222112452,-0.00123298617974282,3.73982269145733e-05
8.35,-0.00987059428554016,0.000607121187421429,-0.00120624703202679,3.84720981069552e-05
8.36,-0.00971839086086179,0.000595126170588678,-0.00117744956748575,3.9384609113858e-05
8.37,-0.00956883684899035,0.000583322676705977,-0.00114686270658101,4.0135394281304e-05
8.38,-0.00942213638679767,0.000571950424726938,-0.00111484995165624,4.07218194208956e-05
8.39,-0.00927801628366343,0.000560798645243505,-0.00108168645021132,4.11465780261215e-05
8.4,-0.00913665568407152,0.000550099612977029,-0.00104772158773575,4.14091900645182e-05
8.41,-0.008997794010289,0.000539637595840588,-0.00101317768753929,4.1515157023044e-05
8.42,-0.00886158849550034,0.000529638363646376,-0.000978375475747005,4.1466240875753e-05
8.43,-0.00872779144647984,0.000519881690936644,-0.000943531313514081,4.12693149308676e-05
8.44,-0.00859654049795977,0.000510587248555286,-0.000908935237314373,4.09284613034616e-05
8.45,-0.0084676005838793,0.000501530835456575,-0.000874761256342163,4.0453079867281e-05
8.46,-0.00834101065587589,0.000492817307184001,-0.000841255427196183,3.98495026830341e-05
8.47,-0.00821679401247644,0.000484547924528868,-0.000808584515012069,3.91273473870254e-05
8.48,-0.00809473619976098,0.000476494953035299,-0.000776846584281975,3.82995690936129e-05
8.49,-0.00797493450869458,0.000468866244588695,-0.000746240691717893,3.7373500218183e-05
8.5,-0.00785718974283789,0.000461431738801958,-0.000716848858740279,3.63612799072486e-05
8.51,-0.00774159231019511,0.000454396031379555,-0.000688823445855643,3.52715435509174e-05
8.52,-0.00762795373272041,0.000447527618117973,-0.000662202463641312,3.41173088674572e-05
8.53,-0.00751635248483296,0.000441028887827202,-0.000637097660982884,3.29076217039796e-05
8.54,-0.00740661180398683,0.000434667627283561,-0.000613508861232569,3.16555582136486e-05
8.55,-0.00729880086365275,0.000428644823172591,-0.000591511794853779,3.03699365296586e-05
8.56,-0.00719275469012937,0.000422728213049502,-0.000571072348704323,2.90633644249387e-05
8.57,-0.00708853477723537,0.000417118101899064,-0.000552234509970593,2.77439801251872e-05
8.58,-0.0069859882191059,0.000411582745064522,-0.000534934654590188,2.64235286541514e-05
8.59,-0.00688517054793403,0.000406322387380763,-0.000519189635890162,2.51091232483074e-05
8.6,-0.0067859409670874,0.000401106283058184,-0.000504911077239811,2.38113477370906e-05
8.61,-0.00668835045695304,0.00039613514353801,-0.000492093574588046,2.25360371145015e-05
8.62,-0.00659227004686724,0.000391179614128682,-0.000480628945786086,2.12924050232249e-05
8.63,-0.00649774724967722,0.000386441302190813,-0.000470494507886037,2.00848422994825e-05
8.64,-0.00640466431195685,0.000381692545699752,-0.000461567242474163,1.89210682300617e-05
8.65,-0.00631306603804371,0.000377136179639366,-0.000453812103496435,1.78039456198107e-05
8.66,-0.0062228450346884,0.000372546445504689,-0.00044709606886978,1.67396538237189e-05
8.67,-0.00613404388802241,0.000368127641737084,-0.000441376438679876,1.57295183871452e-05
8.68,-0.00604656457729935,0.000363656035595193,-0.000436514743670754,1.47782033544353e-05
8.69,-0.00596044779500859,0.000359337533605023,-0.000432465004677108,1.38855531391785e-05
8.7,-0.00587560382193986,0.000354950470085557,-0.000429087473160977,1.30548012546123e-05
8.71,-0.00579207154995243,0.000350702419696396,-0.000426336823940436,1.22844219270277e-05
8.72,-0.0057097686606653,0.000346373741521296,-0.00042407571065944,1.15763521851817e-05
8.73,-0.00562870525768111,0.000342066926133206,-0.000422262876963973,1.09278500757761e-05
8.74,-0.00554888779696427,0.000337884238277006,-0.000420801291302811,1.03381081239161e-05
8.75,-0.0054702446241468,0.000333609807126011,-0.000419548550860836,9.80853422147172e-06
8.76,-0.00539280878625781,0.000329454657478197,-0.000418486981496316,9.33397504597285e-06
8.77,-0.00531651614241646,0.000325204358967381,-0.000417505916105556,8.91333456700242e-06
8.78,-0.0052414030188852,0.000321071038361837,-0.000416590432952996,8.54139106233889e-06
8.79,-0.00516740770335944,0.000316841624252105,-0.000415638163403951,8.216615155886e-06
8.8,-0.00509456312781342,0.000312729375831711,-0.000414633304929231,7.93360395418157e-06
8.81,-0.00502281065029631,0.000308522492093571,-0.000413479172838292,7.69063575667388e-06
8.82,-0.00495218092769756,0.000304435194491263,-0.00041218174701396,7.48183349718236e-06
8.83,-0.00488261819558411,0.000300256584831673,-0.000410658450331725,7.30548013049937e-06
8.84,-0.00481415105054683,0.000296201561879752,-0.000408924617531575,7.15587617666006e-06
8.85,-0.00474672656288666,0.000292059901946088,-0.000406906967054583,7.03151189579132e-06
8.86,-0.00468037166752433,0.000288046995389286,-0.000404630937764821,6.92689527621398e-06
8.87,-0.00461503614262804,0.000283953068226509,-0.000402033754640349,6.84073565383303e-06
8.88,-0.00455074559111912,0.000279993797493428,-0.000399151374443061,6.76778010487675e-06
8.89,-0.004487452233777,0.000275959631947057,-0.000395931153890872,6.70700699422446e-06
8.9,-0.00442518056444174,0.000272066339646475,-0.000392418658336442,6.65346116449535e-06
8.91,-0.00436388481113292,0.000268104389378927,-0.000388570150723851,6.60644930237556e-06
8.92,-0.00430358844638135,0.000264289471793028,-0.00038443939469566,6.56136934432404e-06
8.93,-0.00424424715483962,0.000260411906595464,-0.000379990046588707,6.51790482113203e-06
8.94,-0.00418588336768488,0.000256687170593581,-0.000375282497326567,6.47184745141472e-06
8.95,-0.00412845366749814,0.000252905299208261,-0.000370286208086275,6.4232895756348e-06
8.96,-0.00407197943467752,0.000249281450297764,-0.00036506660393305,6.3684399512157e-06
8.97,-0.0040164176455999,0.000245605274856778,-0.000359597381895455,6.3078140381682e-06
8.98,-0.00396178854064266,0.000242091540408793,-0.000353947465998061,6.23804355712682e-06
8.99,-0.00390804907078968,0.000238529445031064,-0.000348093305378921,6.16006478334057e-06
9,-0.00385520328112099,0.000235027148645733,-0.000342107342657917,6.07084807944788e-06
9.01,-0.00380325357006783,0.000231691639851255,-0.00033600183623013,5.97001498771249e-06
9.02,-0.00375215778638993,0.000228312315719578,-0.000329738201522446,5.86017161830221e-06
9.03,-0.00370193180862888,0.000225102340915084,-0.000323401297498689,5.73787787668828e-06
9.04,-0.0036525358111501,0.000221850362172834,-0.000316978607682042,5.60432622356759e-06
9.05,-0.00360398944089679,0.000218768837383136,-0.000310546299367506,5.45717091770172e-06
9.06,-0.00355625012230565,0.000215645849865764,-0.000304083717703186,5.29853161324823e-06
9.07,-0.00350933497402806,0.00021269341069535,-0.000297661255309008,5.12670687106502e-06
9.08,-0.00346320041184023,0.000209699119590155,-0.000291253967461216,4.94427162377217e-06
9.09,-0.00341786222084206,0.000206874612809399,-0.000284928794911811,4.74985523160787e-06
9.1,-0.00337327621074968,0.000204007068092713,-0.000278657657253896,4.54628352941882e-06
9.11,-0.00332945727518208,0.000201307804223228,-0.000272504449108048,4.33237926143016e-06
9.12,-0.00328636133191629,0.000198563622570815,-0.000266437983434869,4.11111876080671e-06
9.13,-0.00324400304532646,0.000195985576057274,-0.000260519015122002,3.88143651918602e-06
9.14,-0.00320233898521893,0.000193360139485862,-0.000254713149295873,3.64638842546318e-06
9.15,-0.00316138411292632,0.000190898156206115,-0.000249077936467862,3.40495712698203e-06
9.16,-0.00312109594097465,0.000188385830647978,-0.000243575755692052,3.16022058329331e-06
9.17,-0.0030814900763898,0.000186033857466394,-0.000238260972046617,2.91115798944147e-06
9.18,-0.00304252500268976,0.00018362823225673,-0.000233092794879229,2.66082317737188e-06
9.19,-0.00300421713435584,0.000181379564964914,-0.000228122494871131,2.40815089567283e-06
9.2,-0.00296652576130385,0.000179073706524796,-0.000223306241108361,2.15613435745161e-06
9.21,-0.00292946812428796,0.000176921246576521,-0.000218692376354503,1.90363170212871e-06
9.22,-0.00289300406358617,0.000174707954680828,-0.00021423424281383,1.65354702551699e-06
9.23,-0.00285715158762589,0.000172644461452689,-0.000209977510517753,1.40463698346334e-06
9.24,-0.00282187083936347,0.000170516513756499,-0.000205872995231668,1.15969490362648e-06
9.25,-0.00278718051446236,0.000168534838528665,-0.000201964033232279,9.17357642811337e-07
9.26,-0.00275304086298123,0.000166485211083555,-0.000198199294631401,6.80292571209786e-07
9.27,-0.00271945665497508,0.000164472404835689,-0.000194620190424691,4.47004822863362e-07
9.28,-0.00268643212892905,0.000162600359478711,-0.000191208461355097,2.18406013223045e-07
9.29,-0.00265392869847592,0.000160655913540231,-0.000187896012193941,-1.95064048605999e-09
9.3,-0.0026219645064729,0.000158849728929331,-0.000184734612761245,-2.16709525280944e-07
9.31,-0.00259050326940136,0.000156968531246845,-0.000181678275849845,-4.24156933922098e-07
9.32,-0.0025595685358577,0.000155222946282807,-0.000178770252397364,-6.26449870982512e-07
9.33,-0.00252912188601795,0.000153399779834269,-0.00017595647375695,-8.21484719962477e-07
9.34,-0.00249918541717586,0.000151709877112897,-0.000173276612550597,-1.01127522146971e-06
9.35,-0.00246971987737576,0.000149940166160735,-0.000170676603780405,-1.19376230445231e-06
9.36,-0.0024407470346659,0.00014830170873989,-0.000168195189304502,-1.37097863513164e-06
9.37,-0.00241222720709544,0.000146581564118754,-0.000165777410376247,-1.54089016030308e-06
9.38,-0.00238418204670521,0.000144991019307694,-0.00016346161803342,-1.7055746676901e-06
9.39,-0.00235657206931994,0.000143317259617465,-0.000161192932765412,-1.86305712398333e-06
9.4,-0.00232941927915475,0.000141771783232317,-0.00015901017595947,-2.01548281467497e-06
9.41,-0.00230268486526186,0.000140141881604719,-0.000156859172661017,-2.16094463691489e-06
9.42,-0.00227639153319825,0.000138639240187728,-0.000154779634111917,-2.30165394875997e-06
9.43,-0.00225050137111449,0.000137051232628998,-0.00015271836285981,-2.43576320176504e-06
9.44,-0.00222503797304485,0.000135589706313447,-0.00015071612450758,-2.56553703331469e-06
9.45,-0.00219996428691438,0.000134042095114975,-0.000148720787208373,-2.68917216143351e-06
9.46,-0.00217530480345718,0.000132620385645503,-0.000146774198036781,-2.80896979709468e-06
9.47,-0.00215102309814674,0.00013111205362128,-0.00014482527331446,-2.92315397350758e-06
9.48,-0.00212714444346251,0.000129729205784569,-0.00014291689049703,-3.03404578200847e-06
9.49,-0.002103632708508,0.000128259345296562,-0.000140998939690081,-3.13988092830427e-06
9.5,-0.00208051374691243,0.000126914683655716,-0.000139115236406992,-3.24298593293697e-06
9.51,-0.0020577514002027,0.00012548273933135,-0.000137216548825101,-3.34159536549146e-06
9.52,-0.00203537192106396,0.000124175814798223,-0.000135347529091415,-3.43802997300331e-06
9.53,-0.00201333889517707,0.000122781432470584,-0.000133459727285608,-3.53051375813851e-06
9.54,-0.00199166325347289,0.000121405930852035,-0.000131598543520846,-3.62135379770242e-06
9.55,-0.00197035517297683,0.00012015476184816,-0.000129750950035357,-3.71037608299972e-06
9.56,-0.00194937877344348,0.000118816379767628,-0.000127855176295491,-3.79469045942903e-06
9.57,-0.00192875868867892,0.000117602776740303,-0.000125969899371843,-3.87751477660683e-06
9.58,-0.0019084609204687,0.000116302161923124,-0.000124056613434907,-3.95761879503366e-06
9.59,-0.00188851499871978,0.000115126336882863,-0.000122166533252013,-4.03751525742297e-06
9.6,-0.00186888439802879,0.00011386342772342,-0.000120255904589125,-4.11545431253221e-06
9.61,-0.0018495967072123,0.000112725256677293,-0.000118373271920316,-4.19366391036892e-06
9.62,-0.00183061418953145,0.000111499896985996,-0.000116473508966174,-4.27023618488307e-06
9.63,-0.00181196361264635,0.000110399200668437,-0.000114604496757578,-4.34731005730931e-06
9.64,-0.00179360648989335,0.000109211195350423,-0.000112720817852527,-4.42292472928439e-06
9.65,-0.00177556903692544,0.000108147760652913,-0.000110870293754701,-4.499186631206e-06
9.66,-0.00175781270688535,0.000106996866919577,-0.000109007557255729,-4.57411238354057e-06
9.67,-0.00174036367333441,0.000105970407926597,-0.000107180576276957,-4.64979258086875e-06
9.68,-0.00172318385172598,0.000104856283175927,-0.000105344149922411,-4.7242298419171e-06
9.69,-0.00170629975853598,0.000103866387745292,-0.00010354643863184,-4.79950237742801e-06
9.7,-0.00168967403941322,0.000102788540302518,-0.00010174239858146,-4.8735988780906e-06
9.71,-0.0016733337775956,0.00010183462871875,-9.99803274507212e-05,-4.9485830940412e-06
9.72,-0.00165724235270548,0.00010079238718388,-9.82152497409214e-05,-5.02242666499467e-06
9.73,-0.00164142746441187,9.98736942210453e-05,-9.64954830714972e-05,-5.09717534109702e-06
9.74,-0.00162585303472129,9.8866202560431e-05,-9.47759903568588e-05,-5.17078061390619e-06
9.75,-0.00161054729822152,9.79817853664078e-05,-9.31049711571317e-05,-5.24526785543781e-06
9.76,-0.00159547443516206,9.70080221066931e-05,-9.14371915905944e-05,-5.3185673184557e-06
9.77,-0.00158066307045024,9.61567887616326e-05,-8.98206069508579e-05,-5.39268418963457e-06
9.78,-0.00156607736610637,9.52156025823156e-05,-8.82096799478054e-05,-5.46552923566758e-06
9.79,-0.00155174619049392,9.43963525257807e-05,-8.66520341742458e-05,-5.53909054080109e-06
9.8,-0.00153763349232094,9.34865050302143e-05,-8.51017661089821e-05,-5.61126378092096e-06
9.81,-0.00152376828688916,9.26979718804816e-05,-8.36061294929175e-05,-5.68402530800722e-06
9.82,-0.00151011422139957,9.1818178849711e-05,-8.21188413008924e-05,-5.75526182131686e-06
9.83,-0.00149668424359595,9.09531104998016e-05,-8.06867924335317e-05,-5.82694442837985e-06
9.84,-0.00148349045056761,9.02078468190766e-05,-7.92980283985486e-05,-5.89857503731843e-06
9.85,-0.00147049716973835,8.93707141119115e-05,-7.78914223241287e-05,-5.96695242305431e-06
9.86,-0.00145773155304907,8.86532335298577e-05,-7.65256876147063e-05,-6.0349911130693e-06
9.87,-0.00144515998457995,8.78434879406072e-05,-7.51620867594575e-05,-6.10117796323084e-06
9.88,-0.0014328145041711,8.71528071968373e-05,-7.38510878034134e-05,-6.16775547363817e-06
9.89,-0.00142065918811873,8.63692072542133e-05,-7.25479848539391e-05,-6.23272638973658e-06
9.9,-0.00140872422900462,8.57040504641846e-05,-7.12999237463939e-05,-6.29808605999686e-06
9.91,-0.00139697266661165,8.49453298121106e-05,-7.006023919759e-05,-6.3617186379305e-06
9.92,-0.00138543379457357,8.43044652460294e-05,-6.88748939038099e-05,-6.42557096425737e-06
9.93,-0.00137407000729817,8.35694456091388e-05,-6.76964749226074e-05,-6.48751539937963e-06
9.94,-0.00136291000759292,8.29517551950569e-05,-6.65704966495497e-05,-6.54950790454823e-06
9.95,-0.00135191621517738,8.22393749224336e-05,-6.54492793672979e-05,-6.60944012420299e-06
9.96,-0.00134111722470309,8.16438472619059e-05,-6.43782348312026e-05,-6.66929390002688e-06
9.97,-0.00133047597837521,8.09531368060957e-05,-6.33096695588494e-05,-6.72698807918368e-06
9.98,-0.00132002133815701,8.03788353436633e-05,-6.22890736668837e-05,-6.78453242588342e-06
9.99,-0.00130971703795368,7.97088829348915e-05,-6.12688573594063e-05,-6.83987097006424e-06
10,-0.00191429613997474,-0.00344853288273411,-6.02946583693567e-05,-6.89503662052447e-06
10.01,-0.00249372583182339,-0.00575816558179018,-0.00123873417450165,-6.19799563040151e-05
10.02,-0.00331863588341319,-0.00808189439782682,-0.00188608225716023,-8.71783474955543e-05
10.03,-0.00436760241778211,-0.0103594991486027,-0.00109065728791104,-3.47912922374154e-05
10.04,-0.00562929427509151,-0.0126442858139876,0.00134381046858496,8.94206236048493e-05
10.05,-0.00716794148132394,-0.0148810408672563,0.00538667307506812,0.000266727699827708
10.06,-0.00908456603415986,-0.0171878608233441,0.0109427367169142,0.000477182597719435
10.07,-0.0115001937418224,-0.0194841789874128,0.0178208094768655,0.000699627675469792
10.08,-0.0145441430262883,-0.0219118914467484,0.0258653548009308,0.000918006308236535
10.09,-0.018353402028634,-0.0243497135843579,0.0348861051742475,0.00111798127886495
10.1,-0.0230482042331066,-0.0268659141831966,0.0447633390402707,0.00129103242176985
10.11,-0.0287150729284762,-0.0295465131759086,0.0553662285497889,0.00143012700423399
10.12,-0.0354572594136351,-0.0321990986126855,0.0665562689940985,0.00152922624962122
10.13,-0.0432916517653639,-0.0349944608666218,0.0782814981974686,0.00158754061437124
10.14,-0.0523129455031881,-0.0377026815708507,0.0904398714032814,0.00160280164540967
10.15,-0.0624680755218616,-0.0405169680292769,0.102974016763395,0.00157478210417785
10.16,-0.0738756051228144,-0.0431794721474939,0.115759352481235,0.00150069023748349
10.17,-0.0864092090859165,-0.0459121530781151,0.128667771064617,0.00137779694240599
10.18,-0.100241756994902,-0.0484358963132634,0.141465274622021,0.00119844561681808
10.19,-0.115165484611072,-0.0510052462501242,0.15401667945872,0.000960890372495206
10.2,-0.131432204421153,-0.0533215804769662,0.16619124304248,0.000664806088575505
10.21,-0.148733430240025,-0.0556694779711508,0.177903616915912,0.000311730733826079
10.22,-0.167418238385624,-0.0577300548869337,0.189031102055862,-9.84226212289312e-05
10.23,-0.187057112396861,-0.0598163147732036,0.199476166614613,-0.000565022960831526
10.24,-0.208115332087466,-0.0615894079030628,0.209159847679118,-0.00108717162790099
10.25,-0.230022792490076,-0.0633886086503961,0.218053523259255,-0.00166213621850838
10.26,-0.253009053520656,-0.0650407662007146,0.226151555360631,-0.00228653011270894
10.27,-0.277455156889622,-0.0663499975726746,0.233497941491899,-0.00295476364767423
10.28,-0.302546386978963,-0.0676919366356737,0.240148356627037,-0.00366122992154761
10.29,-0.329117598637952,-0.0686750610527932,0.246111641094702,-0.00440292334306333
10.3,-0.35617382503841,-0.0696975734575603,0.251405142709332,-0.00517674626472235
10.31,-0.384728941530022,-0.0703490234942894,0.256052302253657,-0.00597879267897989
10.32,-0.413592102295425,-0.0710485527941505,0.260075980531357,-0.00680555976005816
10.33,-0.443267164448427,-0.0715891314540442,0.263507436465277,-0.0076529567433491
10.34,-0.47446354397459,-0.0717442728396594,0.266388794340347,-0.00851691405827356
10.35,-0.505678272554708,-0.0719636502920213,0.268762597104979,-0.00939355517881474
10.36,-0.538435042708361,-0.071791370294085,0.270679521673308,-0.0102798434133751
10.37,-0.571013709485393,-0.0716947637907368,0.272189021071954,-0.0111734632579778
10.38,-0.60418217692597,-0.0714449320358554,0.273332981165174,-0.0120723845107003
10.39,-0.638939134685165,-0.0707960575291313,0.274134260587565,-0.0129744742731768
10.4,-0.673224489551616,-0.0702410343408444,0.274620525855839,-0.0138782349065198
10.41,-0.709141297440058,-0.0692845316585113,0.27481953173866,-0.0147818859646321
10.42,-0.744395073962953,-0.068433657185609,0.27474802183977,-0.0156836442659765
10.43,-0.780050261010449,-0.0674404919062709,0.274431711548818,-0.016581671141511
10.44,-0.817416246981108,-0.0660432064453017,0.27388631410495,-0.0174741070414338
10.45,-0.853838760774638,-0.0647693514386221,0.273124045936187,-0.0183592757497815
10.46,-0.890568838569674,-0.0633608372292099,0.272170175060744,-0.0192353457642908
10.47,-0.929106399560809,-0.0615474845122036,0.271039449617079,-0.020100536942714
10.48,-0.966429329663605,-0.0598737926586873,0.269741772422208,-0.0209532752702377
10.49,-1.0039780773008,-0.0580726989959443,0.268301682348786,-0.0217919171094448
10.5,-1.04344480041279,-0.0558671687709752,0.266735502513972,-0.0226150412776814
10.51,-1.08143584858645,-0.0538152979450154,0.265049875362541,-0.0234213206788266
10.52,-1.11958287916586,-0.0516425396140335,0.263258712754474,-0.0242091103163779
10.53,-1.15977011045739,-0.0490666707730211,0.261378527760742,-0.0249773660100362
10.54,-1.19823035002616,-0.0466558463085782,0.259415962079645,-0.0257252425845423
10.55,-1.23678741687447,-0.0441297166178544,0.257380341901055,-0.0264513936257699
10.56,-1.27751706390384,-0.0412027291839884,0.255277504536419,-0.027154781331196
10.57,-1.31627665976719,-0.0384493881056707,0.253115743641824,-0.0278348898501037
10.58,-1.35507607396268,-0.0355850040020492,0.2509119302342,-0.028491090337792
10.59,-1.39388922457021,-0.0326101737030621,0.24867015705835,-0.02912267275579
10.6,-1.4350251810881,-0.0292362759105544,0.246391496999881,-0.0297289777173876
10.61,-1.47381481554113,-0.0260401881761975,0.24407574294639,-0.0303094311193514
10.62,-1.51248100493418,-0.0227327894748103,0.24172897170713,-0.0308632161685978
10.63,-1.55347387354585,-0.0190253912360051,0.239360824728416,-0.031389896319963
10.64,-1.59169273718229,-0.0154899025050699,0.236975147461081,-0.031889303822785
10.65,-1.62945134479022,-0.0118350853081564,0.234577717920072,-0.0323608811642525
10.66,-1.6665450494826,-0.00805574066162937,0.232171174651213,-0.0328042261946425
10.67,-1.70547980365229,-0.00386412173692532,0.229755986631082,-0.0332191678964828
10.68,-1.74048457985811,0.000201737886649844,0.233286810803911,-0.0333483879456432
10.69,-1.77384832397082,0.00450727492808775,0.242549910844964,-0.0331581839588242
10.7,-1.80813195568375,0.0093503923220942,0.252445967766842,-0.0330160760295724
10.71,-1.83728663729657,0.0141801950134227,0.262518564723666,-0.0329711167854792
10.72,-1.86390970070226,0.0192712107900818,0.272728469757586,-0.0330311707778168
10.73,-1.89077314732784,0.0248843863310319,0.283064792371069,-0.03319820807752
10.74,-1.91172540018208,0.0304752538676572,0.293507930995147,-0.0334730528870898
10.75,-1.93262298008764,0.0365611423892332,0.304052558069317,-0.0338557840225387
10.76,-1.94735190532229,0.0426062923246915,0.314701137223325,-0.0343472153248682
10.77,-1.96192714146795,0.0491082962312679,0.325429813994077,-0.0349478763950956
10.78,-1.96014634418389,0.0543735944830508,0.336163614166318,-0.0356601300404551
10.79,-1.95880177898116,0.0600611507986696,0.346737081867124,-0.0364901400926846
10.8,-1.95499305955692,0.0659090909141219,0.356976969461971,-0.0374458419934669
10.81,-1.94596711770127,0.0716794613723525,0.366724627045755,-0.038529936118496
10.82,-1.93772586048255,0.0778140811118741,0.375756647723567,-0.0397419266497045
10.83,-1.92752439772448,0.0840614814133566,0.382877606776326,-0.0410661320990066
10.84,-1.9127430007181,0.0901168816133567,0.375430991047883,-0.0419355499013611
10.85,-1.8990501022847,0.0962817101773862,0.362210343745825,-0.042593046508858
10.86,-1.88381361263105,0.102302220313311,0.346660266582078,-0.0432168208446336
10.87,-1.86720286042652,0.108147239398238,0.328622769571195,-0.0438364426132253
10.88,-1.84682786713831,0.11360234211622,0.307801472274105,-0.0444458718596236
10.89,-1.82793475740733,0.119002250566725,0.283997320164109,-0.0450234467238464
10.9,-1.80801975825446,0.124124321394662,0.257102391059456,-0.0455379997846034
10.91,-1.78478291772804,0.12876989776027,0.227031308433582,-0.0459556635514577
10.92,-1.76305084633171,0.133237630552551,0.193722431590218,-0.0462422109022867
10.93,-1.74043421905451,0.137323092996331,0.157201548300478,-0.0463618505784175
10.94,-1.71476530291768,0.140846087209215,0.11758931059282,-0.0462809925898653
10.95,-1.69050281194534,0.144075617069432,0.0752147007060168,-0.0459766014293295
10.96,-1.66542445153048,0.146832341781777,0.0304564272499382,-0.0454263489237455
10.97,-1.63955993992634,0.149093681417986,-0.0163039620909544,-0.0446094458078136
10.98,-1.6109821186478,0.15071582201766,-0.0645819828524101,-0.0435080018296528
10.99,-1.58371479472702,0.151943106515731,-0.113703115476496,-0.0421138339294706
11,-1.55578780481768,0.152639936747782,-0.162877913864721,-0.0404302981123401
11.01,-1.52546266102796,0.152698680399808,-0.211321894034848,-0.0384703340755346
11.02,-1.49644406972021,0.152357444589657,-0.2582920376075,-0.0362545201299727
11.03,-1.46526437754045,0.151416378787857,-0.303100024556228,-0.0338097414896302
11.04,-1.43541343348236,0.150109782363198,-0.344702808190983,-0.0311590377037575
11.05,-1.40518147988093,0.148394450180578,-0.377456188282816,-0.028056902994077
11.06,-1.37305428729658,0.146254741093214,-0.404771255396424,-0.0247614384651493
11.07,-1.3421802864803,0.143919338608535,-0.427780151959394,-0.021416885365338
11.08,-1.31104697612399,0.141336503618277,-0.446683116540758,-0.0180704392359795
11.09,-1.27835163268498,0.138469537052956,-0.461570665315717,-0.0147491719607528
11.1,-1.2469240518679,0.135516891330394,-0.472466466041816,-0.0114672493724437
11.11,-1.21413774561543,0.132366329749287,-0.479606027581496,-0.00824515113989959
11.12,-1.18260602425724,0.129197256264344,-0.483295860328133,-0.00510399517074223
11.13,-1.15105783898193,0.125968687677719,-0.483877752487843,-0.00206383297853469
11.14,-1.11841802266575,0.122650563216528,-0.481692698388362,0.000859638642038143
11.15,-1.08698836293827,0.119390832937351,-0.477108599015004,0.00365443373637151
11.16,-1.05462220588646,0.116095767503019,-0.470448501943945,0.00631215329926595
11.17,-1.02341890184245,0.112888423776058,-0.464251978400078,0.00888920426727761
11.18,-0.992288173996198,0.109669228782867,-0.463558185816801,0.0116541447110661
11.19,-0.96033484001942,0.106368588688115,-0.463376083830272,0.0144359660323296
11.2,-0.929370066615372,0.103079755708154,-0.462697248048071,0.0171836798000598
11.21,-0.897701669854132,0.0997224233145681,-0.461482718904325,0.0198889559695342
11.22,-0.866968123540236,0.0963813789584731,-0.459860281436766,0.0225530876143991
11.23,-0.835652641232083,0.0929851969147526,-0.457866763045831,0.0251761806980764
11.24,-0.805223393988863,0.0896075133322662,-0.455496258178277,0.0277572083857357
11.25,-0.774332744134503,0.0861864094787333,-0.452814906100866,0.0302976406304947
11.26,-0.744284649112101,0.0827849735582796,-0.449873384718975,0.0327999680040187
11.27,-0.714438123641585,0.07937427902217,-0.446675631229859,0.0352658566937278
11.28,-0.68430836652779,0.0759340113268583,-0.44324125659054,0.0376955696634181
11.29,-0.654970164184725,0.0725136531493977,-0.439586707223184,0.0400874682317687
11.3,-0.625464995324271,0.0690716315277058,-0.435732092977602,0.0424393396508441
11.31,-0.596722132445278,0.0656495014703278,-0.431689201171694,0.044750318062327
11.32,-0.567921050016313,0.0622127747188185,-0.427500282598251,0.0470216283427436
11.33,-0.539853651875028,0.0587951772750671,-0.423236171184628,0.0492553539853237
11.34,-0.511825730739158,0.0553678073511219,-0.418946848191602,0.0514532612744651
11.35,-0.484501119722244,0.0519570982231911,-0.414670506610434,0.0536164196371564
11.36,-0.4573016186854,0.0485396353527173,-0.410436138791153,0.0557458261906686
11.37,-0.430773691473799,0.0451356145956305,-0.406280721687908,0.0578425251251283
11.38,-0.40444419906228,0.041726393039592,-0.402274260872669,0.0599089147326336
11.39,-0.378763123662877,0.0383136941201292,-0.402696360268383,0.0617836010865693
11.4,-0.353461093814789,0.0348012900570482,-0.411039949599481,0.0632405793258471
11.41,-0.328937678748768,0.0311675877350575,-0.420337584676466,0.0647426911742983
11.42,-0.304897376017284,0.0274009511780107,-0.429772562989382,0.0663688652136318
11.43,-0.281598368705687,0.0235188673284932,-0.435039704531226,0.067995703058465
11.44,-0.258912696410268,0.019628993177167,-0.42709524377324,0.0690967950120353
11.45,-0.237094590077257,0.0158081946714234,-0.416266590512051,0.0700267179535048
11.46,-0.216041041690195,0.0120659733277478,-0.405190901819857,0.0708938150096844
11.47,-0.195694735056105,0.0084046906381785,-0.394161446105126,0.0717151733618952
11.48,-0.176136057834691,0.00482416750358753,-0.383198377701849,0.0724915513037568
11.49,-0.157271880968805,0.00132722211224595,-0.372285625180244,0.0732196937166905
11.5,-0.139136572182361,-0.0020882301592978,-0.361395254792952,0.0738939398242065
11.51,-0.121684667472912,-0.00541677388092857,-0.350495437271144,0.0745069547913197
11.52,-0.104914791479854,-0.00866160858523765,-0.339531501018964,0.075050982418522
11.53,-0.0888229248187322,-0.0118145959438089,-0.328429631431483,0.075518556363515
11.54,-0.0733795614654644,-0.0148789579125701,-0.317096234947148,0.0759024849325668
11.55,-0.0586157405712955,-0.0178435850289743,-0.305444224032748,0.0761943652758
11.56,-0.0444796242415677,-0.0207110726365867,-0.293367085744576,0.0763865031210859
11.57,-0.0310309702920142,-0.0234671012393687,-0.280700090269192,0.0764704503973355
11.58,-0.0181990648066739,-0.0261121665327836,-0.267289270591752,0.0764377295086641
11.59,-0.00606553891269446,-0.0286283103001098,-0.253004041070433,0.076281585678414
11.6,0.00545750141042944,-0.0310140618144155,-0.237727736148047,0.0759960209134689
11.61,0.0162738014729555,-0.0332488730193143,-0.221378608484441,0.0755747835633351
11.62,0.0264868173923292,-0.0353302039623081,-0.203927216601307,0.0750123604569575
11.63,0.0359914083355637,-0.0372364663536647,-0.185323845964193,0.0743040922098394
11.64,0.0449046848917591,-0.0389644302741135,-0.165512506067207,0.0734423482088759
11.65,0.0531162226278017,-0.0404915001900356,-0.144465100123676,0.0724175467353657
11.66,0.0607529092341492,-0.0418139896378477,-0.122184609840291,0.0712200024526493
11.67,0.067701334715454,-0.0429096270645863,-0.0987379433759159,0.0698417219918759
11.68,0.0740962885414378,-0.0437764031289191,-0.074314222930573,0.0682802280343439
11.69,0.079825757412026,-0.0443953244870203,-0.0490389337147907,0.0665324124112722
11.7,0.0850307288343046,-0.0447669242431129,-0.0230130996672882,0.0645935993560186
11.71,0.0896007979426852,-0.0448746939132622,0.00364013769206527,0.0624595669378846
11.72,0.093679196056029,-0.0447214599182808,0.0307669610843007,0.0601278082009876
11.73,0.0971580100757414,-0.0442943507967415,0.0581542618341144,0.0575992600840099
11.74,0.100181638583516,-0.0436002100363907,0.0855381602251298,0.0548788569814903
11.75,0.102708159235376,-0.042636022362406,0.112591097331008,0.0519760278753026
11.76,0.104700716382972,-0.0414030616242593,0.138878358543051,0.0489071035203457
11.77,0.106306875631399,-0.0399194569648079,0.163858056942302,0.0456967238827447
11.78,0.107437629473339,-0.0381933378064314,0.186971581759977,0.0423755248340306
11.79,0.108243587836723,-0.0362532953282539,0.20774294558361,0.0389752945773344
11.8,0.108644920633094,-0.0341171575997468,0.225835639665218,0.0355278070646215
11.81,0.108791011553621,-0.0318199743559958,0.241003019486707,0.0320627777568093
11.82,0.108607376231697,-0.0293848721613497,0.253087672587789,0.028607362689203
11.83,0.108237458543043,-0.0268496638151613,0.26201164205425,0.025188072571735
11.84,0.107609302788325,-0.0242393343833638,0.267793846723673,0.0218295427531715
11.85,0.106858192293885,-0.0215910235086126,0.270509710704942,0.0185544708114587
11.86,0.105913527097823,-0.0189286328074495,0.270283232911663,0.0153838471063559
11.87,0.10490125983558,-0.0162864304721968,0.267274707768207,0.0123372523694489
11.88,0.103751915201058,-0.0136855643518083,0.261669786678551,0.00943247482958906
11.89,0.102581937768067,-0.0111561690113361,0.25368025010566,0.00668575544628567
11.9,0.101323154165193,-0.00871561145099611,0.2435312972696,0.00411130295666163
11.91,0.100082654843233,-0.00638909782485424,0.231465037166542,0.00172173440281943
11.92,0.0987938543487239,-0.004189621705641,0.217723807154084,-0.000472812414565962
11.93,0.0975547857267536,-0.00213713400638831,0.20255815641854,-0.00246361271198553
11.94,0.0963007098218487,-0.00024005268134159,0.186212659861378,-0.00424468094261435
11.95,0.0951209516392755,0.00148695469857374,0.168934566706715,-0.00581160585873785
11.96,0.0939528056558165,0.00303994357403365,0.150951870492653,-0.00716222961651058
11.97,0.0928773328583183,0.00440929415922059,0.132509926757756,-0.0082962870666353
11.98,0.0918339913267037,0.00559543627936134,0.113826270304338,-0.00921601916640505
11.99,0.0908957791845069,0.00659347818957707,0.0951059745495127,-0.00992634774028603
12,0.0900340102053354,0.00740599728861867,0.0765447052325909,-0.0104341091670772
12.01,0.089223162514303,0.00803717545328583,0.0583343401152539,-0.0107480691585392
12.02,0.0885241580504266,0.00848839713579382,0.0406586998183672,-0.0108796288097933
12.03,0.0878800506988897,0.00876900769959226,0.0236972815382059,-0.0108423113980333
12.04,0.0873435954165984,0.00888418234515497,0.00760687231850264,-0.0106511937586001
12.05,0.0868587084078483,0.00884604822545677,-0.00748863006870524,-0.0103222890434489
12.06,0.086470588084941,0.00866264256566966,-0.0214638234451744,-0.00987182321917842
12.07,0.0861243977797779,0.00834823238614138,-0.0342177522368634,-0.00931755294885174
12.08,0.0858583772354571,0.00791307122096491,-0.0456800639756486,-0.00867734025406055
12.09,0.0856191498312082,0.00737261216676408,-0.0557996224507621,-0.00796834928259989
12.1,0.0854391242308674,0.00673830015930605,-0.0645529182246892,-0.00720714313959086
12.11,0.085267297186375,0.00602585400746159,-0.0719338044693816,-0.00640913662785135
12.12,0.0851315930965937,0.00524703155266266,-0.0779551984426503,-0.00558866379275717
12.13,0.0849842763435964,0.00441705575168273,-0.0826499935409098,-0.00475890102896963
12.14,0.0848500078224506,0.00354727092577502,-0.0860575445719527,-0.00393154695037292
12.15,0.084685045019123,0.00265181398590732,-0.0882429407213054,-0.00311733466842536
12.16,0.0845117533699273,0.00174098804109354,-0.0892762876978203,-0.00232574198432212
12.17,0.0842907144186045,0.00082733391571718,-0.0892324509238647,-0.00156496144343165
12.18,0.0840427274030606,-8.01683303568445e-05,-0.0881890987815523,-0.000841903350989131
12.19,0.083732982494106,-0.000970729809176651,-0.0862333813324466,-0.000162528747889857
12.2,0.0833812473552609,-0.00183693900429819,-0.0834557502165418,0.000468400364959566
12.21,0.0829573393065131,-0.00266996330461565,-0.0799462322596706,0.0010472186198097
12.22,0.0824804144746656,-0.00346404276080745,-0.0757937538641085,0.00157120020579152
12.23,0.0819248477090184,-0.00421225991636575,-0.0710851787650765,0.00203854806538575
12.24,0.0813094354581008,-0.00491046079963659,-0.0659056423633728,0.00244834280909395
12.25,0.0806129472607759,-0.00555357448652851,-0.0603427949410984,0.00280044943967635
12.26,0.0798539891087806,-0.00613905878548011,-0.0544808500467571,0.00309556896445748
12.27,0.0790236390881578,-0.00666397084498798,-0.0484000380450057,0.00333498671117996
12.28,0.0781158878776909,-0.00712626874403491,-0.0421782888898412,0.00352037232477739
12.29,0.0771490401831985,-0.0075256108774605,-0.0358882765213606,0.00365388540175603
12.3,0.0761113709183343,-0.00786111429541238,-0.0295973936502841,0.00373797964897166
12.31,0.0750207291186538,-0.00813370969183912,-0.0233720716066529,0.00377513513169512
12.32,0.0738682370188197,-0.00834387780556047,-0.0172673799371094,0.00376828289874404
12.33,0.07267105371126,-0.00849360173219889,-0.0113356493950687,0.00372053634781493
12.34,0.0714226750552855,-0.00858448792149448,-0.00562857028558752,0.0036350279578247
12.35,0.0701393259015353,-0.00861945618927968,-0.000192034148880345,0.00351509046477203
12.36,0.0688163424050003,-0.00860109229329339,0.00493485235682238,0.00336421463866051
12.37,0.0674688610806449,-0.00853301763158082,0.00972133989045952,0.00318600450719703
12.38,0.0660936782448713,-0.00841849346615091,0.0141430251708213,0.00298410982152363
12.39,0.0647047245851544,-0.00826157004559348,0.0181802791394976,0.00276225211992939
12.4,0.0632999369547447,-0.00806595286823162,0.0218173411460551,0.0025242221430245
12.41,0.0618920022084959,-0.00783595118527487,0.0250424476995981,0.00227365631256237
12.42,0.0604796865016484,-0.00757554230007596,0.0278495975605423,0.00201410660427017
12.43,0.0590743407924279,-0.00728910523460265,0.0302379327182949,0.00174904211262832
12.44,0.0576753012946041,-0.00698067533721481,0.0322107207787609,0.00148176847029825
12.45,0.0562925533144423,-0.00665452388754917,0.0337745202816546,0.00121539159199438
12.46,0.0549257680931072,-0.00631458872616453,0.0349391452709893,0.00095281166891814
12.47,0.053583524379154,-0.00596490290545334,0.0357182366086357,0.000696628637977397
12.48,0.0522655955552835,-0.00560915769656219,0.0361295497370984,0.000449179593787642
12.49,0.0509791156245232,-0.00525100102781277,0.036193516459922,0.000212552899459945
12.5,0.0497238020253166,-0.00489374086476962,0.0359332068199896,-1.13782931088032e-05
12.51,0.0485053997002742,-0.00454053811061755,0.0353728500772797,-0.000220991738350292
12.52,0.0473234804413103,-0.00419424200628134,0.0345372407729448,-0.000414982928172031
12.53,0.0461824409116627,-0.00385748450437452,0.0334537579691713,-0.000592265235524469
12.54,0.0450825458973041,-0.00353258864527819,0.0321506737280155,-0.000752009743354066
12.55,0.0440241761496258,-0.00322161328579442,0.030656229054894,-0.000893662676297841
12.56,0.0430098660750851,-0.00292631458106233,0.0289988341364014,-0.00101692235009234
12.57,0.0420385513711174,-0.00264819705997025,0.0272062496988538,-0.00112172756101039
12.58,0.041111644256814,-0.00238844033095151,0.0253066155244449,-0.00120825579265099
12.59,0.0402277970847393,-0.002148009749565,0.0233259926205819,-0.00127692812150585
12.6,0.0393873793900141,-0.00192754522466,0.0212902760102726,-0.00132838650493586
12.61,0.0385887440426513,-0.00172750033321419,0.0192260371853893,-0.00136335545294792
12.62,0.0378313557847436,-0.00154799230478898,0.0171556403699586,-0.00138280215283141
12.63,0.037113303021588,-0.00138902844236187,0.0151001092112129,-0.00138784016483052
12.64,0.0364332516095178,-0.00125029830184281,0.0130793712377151,-0.00137965343351535
12.65,0.0357890872145932,-0.0011314152735408,0.0111125474647658,-0.00135946601530792
12.66,0.0351788591780879,-0.00103168773828128,0.00921636240414631,-0.00132850889215226
12.67,0.0346003744852394,-0.000950404421076666,0.00740479428318072,-0.00128801097994045
12.68,0.0340512652539964,-0.000886587886922342,0.00568975441717949,-0.00123917515126695
12.69,0.0335293819539793,-0.000839293986536168,0.00408123772584461,-0.00118316975751093
12.7,0.0330321164937013,-0.000807343228910866,0.00258734698442516,-0.00112112750087851
12.71,0.0325574695950568,-0.0007896309907356,0.00121478645871737,-0.00105410377303873
12.72,0.0321027489688923,-0.000784850456475179,-3.27125343240662e-05,-0.000983145222850654
12.73,0.031666185364946,-0.000791816694843923,-0.00115236749705114,-0.00090922199158992
12.74,0.0312451168098518,-0.000809168353010767,-0.00214256762435732,-0.000833243532091925
12.75,0.0308380648690489,-0.000835690386932182,-0.00300307816685344,-0.000756079220804582
12.76,0.0304424871609381,-0.000870018516584323,-0.00373530912233696,-0.000678546903360985
12.77,0.0300572225083311,-0.000910966042836822,-0.00434205256230201,-0.0006014078325959
12.78,0.0296799054333796,-0.000957225203485361,-0.00482729583507884,-0.000525368423878149
12.79,0.0293097003263076,-0.00100768818957912,-0.00519597248557423,-0.000451074504506116
12.8,0.0289444542049155,-0.00106114670678042,-0.00545374932295702,-0.000379105155194935
12.81,0.028583260033006,-0.00111656767159743,-0.00560692225346829,-0.000309974362116134
12.82,0.0282253870659135,-0.00117298210481853,-0.00566234730015121,-0.000244132942819655
12.83,0.0278690411912432,-0.00122938093078148,-0.00562727874247324,-0.000181971717666834
12.84,0.0275141683380156,-0.00128497692091205,-0.00550943405210201,-0.00012381529607788
12.85,0.0271592201531181,-0.00133891627164454,-0.00531674171858716,-6.99203421819744e-05
12.86,0.0268044211405254,-0.00139056888649691,-0.00505744904108945,-2.04773261990691e-05
12.87,0.0264484643078129,-0.00143924669528386,-0.00473979465552617,2.43782225541501e-05
12.88,0.02609182247076,-0.00148448143168122,-0.00437195957296116,6.45630179885502e-05
12.89,0.0257334139863721,-0.00152575051508115,-0.00396197750060606,0.000100041361281637
12.9,0.0253739223799858,-0.00156274286049481,-0.00351765484825237,0.000130823026530308
12.91,0.0250124636275446,-0.00159509419085255,-0.00304654504305374,0.000156959711113081
12.92,0.0246498877744852,-0.00162264089116669,-0.00255587704698141,0.000178542885896828
12.93,0.0242854797276237,-0.00164516558918533,-0.00205255553550035,0.000195700408539008
12.94,0.0239202141118344,-0.00166264029311052,-0.00154334438957704,0.00020857579969405
12.95,0.023553510293727,-0.00167498133129004,-0.00103397616571006,0.000217357864799369
12.96,0.0231864303235678,-0.00168227448128713,-0.000529798341830806,0.000222266590305816
12.97,0.0228185084450114,-0.00168454742272736,-3.62752116176361e-05,0.000223530220361181
12.98,0.0224508599580151,-0.00168198925222548,0.000441665660620976,0.000221405920978613
12.99,0.0220831050127144,-0.00167472781317102,0.000899856285554478,0.000216168173109176
13,0.0213853951853977,-0.00517422054154843,0.00133486513189643,0.000208104784993338
13.01,0.020424477109902,-0.00746743018131405,0.000576972711208517,0.000143785491918902
13.02,0.0192200925840336,-0.00977070058311475,0.000315119110948361,0.000107000336478456
13.03,0.017793775628518,-0.0120243184962382,0.00143951505507791,0.000144104743557391
13.04,0.0161570941677738,-0.0142821224837955,0.00415597218893528,0.000250198194823002
13.05,0.0142468123261477,-0.0164889415060671,0.00846042933399503,0.000408382569434364
13.06,0.0119633848604481,-0.0187628015678215,0.0142859696046022,0.000600418391741033
13.07,0.00918727721557477,-0.0210228013929153,0.0214790121586722,0.000806952174864589
13.08,0.00579128866363376,-0.0234102394596207,0.0299236255908716,0.00101344228314971
13.09,0.0016405569385558,-0.0258029065271271,0.0394604468360974,0.00120633871432433
13.1,-0.00338266219281014,-0.0282679412402122,0.0500106715498289,0.00137816557227582
13.11,-0.00936178442089464,-0.0308898023532091,0.0614842626147521,0.00152283739846491
13.12,-0.0163963545684807,-0.0334739980336979,0.0737794769865767,0.00163468162695717
13.13,-0.0244985571214729,-0.0361888293322277,0.0869073554727212,0.00171435820237935
13.14,-0.0337577016916226,-0.0388013589936949,0.100779845570474,0.00175835980699647
13.15,-0.0441143845509835,-0.0415016126270251,0.11537664822876,0.00176641034562379
13.16,-0.0556798965440564,-0.0440281131671204,0.130575786329038,0.00173390863625455
13.17,-0.0683195193588393,-0.046599006494725,0.146310035500988,0.00165951679421286
13.18,-0.082196171039528,-0.0489305401450395,0.162388426201407,0.00153638843836331
13.19,-0.0970908309312133,-0.0512724452100821,0.17871169426602,0.00136276075391251
13.2,-0.113243613509511,-0.0533213001294568,0.19508266303108,0.00113354623858004
13.21,-0.130334268973289,-0.0553577242548552,0.211369984293853,0.000846888994999889
13.22,-0.148700365620957,-0.0570593865856767,0.227355566063701,0.000498164937247229
13.23,-0.167900633064462,-0.058736757657997,0.242901437322695,8.69596610581511e-05
13.24,-0.188388801778962,-0.0600489610551979,0.257819266796052,-0.000388401314213913
13.25,-0.209582990835656,-0.061334536113188,0.271990894958791,-0.000926227329199129
13.26,-0.231701689385602,-0.0624205651506716,0.28526864246197,-0.00152561510320309
13.27,-0.255115839462631,-0.0631127072880155,0.297581152233901,-0.00218295104320962
13.28,-0.279000773041575,-0.063789406788446,0.308886175136056,-0.0028922629583267
13.29,-0.304182837691079,-0.064062427982503,0.319140269728567,-0.00365026842224051
13.3,-0.329658471210953,-0.0643338599187096,0.328341250468151,-0.00445132613280507
13.31,-0.356434214969087,-0.0641971181654757,0.336480561626122,-0.00528937121740593
13.32,-0.383311086224217,-0.0640756853821158,0.343577484732793,-0.00615697326703681
13.33,-0.410785866755354,-0.0637667878010003,0.349632360933474,-0.00704792520260418
13.34,-0.439561563188501,-0.063048465243502,0.354675871534886,-0.00795573281896966
13.35,-0.468128389201371,-0.0623751090057972,0.358762623895099,-0.00887335197332242
13.36,-0.49800481333257,-0.0612952141094089,0.361935291620832,-0.00979552052264417
13.37,-0.527464835506314,-0.0602808211600527,0.364254214976028,-0.0107168067673093
13.38,-0.557271795272181,-0.0591073686467636,0.365774232862699,-0.0116333395774796
13.39,-0.588420621256485,-0.0575332037885364,0.366538699872638,-0.0125417194450636
13.4,-0.61884714959684,-0.0560552918042507,0.366625818161986,-0.0134378364461092
13.41,-0.650697473158359,-0.0542233093603719,0.357020313895646,-0.0147097420184447
13.42,-0.681792752520521,-0.0526262846411918,0.342830366527737,-0.0161340782796455
13.43,-0.713217522710772,-0.0510320606229639,0.327799293352624,-0.0174134831339128
13.44,-0.74627653742785,-0.0491820496240887,0.312328835733165,-0.0185151646808469
13.45,-0.77830868193471,-0.0476051956683056,0.296597588564324,-0.0194367390759631
13.46,-0.810559616668277,-0.0460428668837154,0.280797793807026,-0.020182067541022
13.47,-0.844525481897215,-0.0442225165422982,0.265128876776326,-0.0207589958484686
13.48,-0.877182469964322,-0.0426850149380866,0.249738515283874,-0.0211796685952116
13.49,-0.909971957922889,-0.0411581977236136,0.23473859516345,-0.0214558904077058
13.5,-0.94458829382014,-0.0393593218667848,0.220197811765859,-0.0215957948455464
13.51,-0.977641054588233,-0.0378404076323962,0.20621138576025,-0.0216076910774443
13.52,-1.01076582539645,-0.0363195621599915,0.192880378279263,-0.0215006722945676
13.53,-1.04585129830102,-0.0345064976815616,0.180280401071761,-0.0212839289210158
13.54,-1.07913583524827,-0.0329610851419984,0.16847729086235,-0.0209672819439445
13.55,-1.1124504229718,-0.0313913569660585,0.158712076356153,-0.0205975979370022
13.56,-1.14791866669849,-0.0294591263908045,0.15572728875712,-0.0204273514586808
13.57,-1.1814404240016,-0.0276935615521455,0.155095222761737,-0.0203174005008814
13.58,-1.21503281962961,-0.0257978623811397,0.155022350316963,-0.0202139433598261
13.59,-1.24866969395737,-0.0237690795166001,0.155155738776222,-0.0201044502049036
13.6,-1.28465773588891,-0.0213164574331892,0.155431698829043,-0.019986273638546
13.61,-1.31832638760431,-0.0190155018615982,0.155824544414244,-0.0198596894964216
13.62,-1.35189590382231,-0.0165755589853016,0.156317334542703,-0.0197258483968998
13.63,-1.38781394267617,-0.0137066185132506,0.156899522562653,-0.019585765579435
13.64,-1.42097916338933,-0.0109798145638176,0.157571000926661,-0.019440166743172
13.65,-1.45370344608096,-0.00810273891608759,0.15833611369468,-0.0192897250135769
13.66,-1.48578078781114,-0.00506916280909328,0.159194579004421,-0.0191356097231509
13.67,-1.51971503634853,-0.00159020121257386,0.160139156317294,-0.0189802813283569
13.68,-1.54975739196246,0.00177459136246744,0.161166106481809,-0.0188265368120044
13.69,-1.57830671264398,0.00531339297583469,0.162271947851081,-0.0186763022935839
13.7,-1.60795996077898,0.00930425833061022,0.163445458117309,-0.0185310837679755
13.71,-1.63266998089193,0.0131936601191631,0.164668962266142,-0.0183922117886207
13.72,-1.65503060102187,0.0172552499429305,0.165923657646436,-0.0182607216079668
13.73,-1.67781032832248,0.021749078692542,0.167193236508084,-0.0181373842558116
13.74,-1.69485424793315,0.0261293152101855,0.168462289084082,-0.0180225063566169
13.75,-1.71201556336627,0.0309125631679022,0.16972249348375,-0.0179159462304265
13.76,-1.72317679520114,0.0355616317367967,0.170965150829395,-0.017818179362708
13.77,-1.73434396302799,0.04058254214143,0.175847589707875,-0.0176165747013277
13.78,-1.72920436219475,0.0443626788131151,0.188780169767025,-0.0170183691021499
13.79,-1.72449239715559,0.0485880360414978,0.201462324317869,-0.0164997391986327
13.8,-1.71730869100423,0.0529913657287368,0.213086038503716,-0.0161562184415729
13.81,-1.70490993043066,0.0573256434036055,0.223223768401895,-0.0159988656628829
13.82,-1.69331344502295,0.0620222598788899,0.231499714854119,-0.016027870304513
13.83,-1.67979055386447,0.0668184917655871,0.2375263591279,-0.016239199973307
13.84,-1.66180470816617,0.0714736307453604,0.240951391255961,-0.0166265144131844
13.85,-1.64513932303465,0.0763701730023806,0.241500454502358,-0.0171762348295434
13.86,-1.62718709707236,0.0812566134380878,0.239012592192694,-0.0178628705156554
13.87,-1.60812007773981,0.0860941933143252,0.23333979337359,-0.0186575435846968
13.88,-1.58554258353185,0.0906626123371336,0.224395594869544,-0.0195293540732257
13.89,-1.56469547101768,0.0952930281150315,0.212173654140994,-0.0204497050658739
13.9,-1.54305673582521,0.0997510901897064,0.193480005836307,-0.0212549235579552
13.91,-1.51825578787378,0.10376863788178,0.164557760168066,-0.0217371799558186
13.92,-1.49509707102532,0.10761879379316,0.132483794000966,-0.0220726907709726
13.93,-1.47119339915,0.111103322572035,0.098050722253174,-0.0222770332161755
13.94,-1.44657588036034,0.114199867330118,0.0617649008946336,-0.0223369441824259
13.95,-1.41914042935884,0.116749607029211,0.0240638515143942,-0.0222354832895983
13.96,-1.39324383209394,0.119028211397343,-0.0145747541293431,-0.0219586174682969
13.97,-1.36673027529214,0.120881379722792,-0.0536074899145611,-0.0214956701525215
13.98,-1.33767608811868,0.122181845542321,-0.0924771697672819,-0.0208417239752273
13.99,-1.31010962439028,0.123190169440309,-0.130689924775729,-0.0199977204632105
14,-1.28206094628175,0.123783975606813,-0.167769408980191,-0.018968774395105
14.01,-1.25178877597494,0.123865451109216,-0.203289206879253,-0.0177647300643374
14.02,-1.22299411480123,0.123679022874157,-0.236903844467366,-0.0164002583389345
14.03,-1.19219955247284,0.123026752767305,-0.268326380531079,-0.0148922672575237
14.04,-1.16288508826907,0.122140693841879,-0.297336392688941,-0.013258623726424
14.05,-1.13336755102989,0.120938829877446,-0.323762706279427,-0.0115165564487191
14.06,-1.10217973173111,0.119358739032148,-0.347399990038838,-0.0096785963588679
14.07,-1.0724664686124,0.117612110218253,-0.368084528863716,-0.00775499701653323
14.08,-1.04269803589623,0.11563458814947,-0.385867597907909,-0.00576562425961922
14.09,-1.01155360417855,0.113377477869861,-0.400853531426699,-0.00373023004118507
14.1,-0.98184957671903,0.111026288947174,-0.41321228324169,-0.00166774521420495
14.11,-0.950947228867506,0.108455098483872,-0.423153696457746,0.000406742274253346
14.12,-0.921450570290802,0.105830896655567,-0.430503812423816,0.00248697863792106
14.13,-0.8920448612942,0.103130339281151,-0.431052067523607,0.0047770379059969
14.14,-0.861596235163447,0.100343178727387,-0.428664515198624,0.00706846247170216
14.15,-0.832392806576945,0.0976138759598297,-0.424340457818639,0.00926465072426269
14.16,-0.802282661120651,0.094844591515635,-0.418291039481905,0.0113453088649342
14.17,-0.773366208004159,0.0921610566405353,-0.410707062257137,0.0132991688676058
14.18,-0.744602978973944,0.089521229834801,-0.401786406171911,0.0151149890946583
14.19,-0.715138104405661,0.0868932775986847,-0.39173238611948,0.0167863003364193
14.2,-0.686791544880847,0.0843787055572395,-0.380734239085934,0.0183102997108337
14.21,-0.657872586733445,0.0819002186869111,-0.368954903195631,0.0196857155083266
14.22,-0.630020853411182,0.0795447319523578,-0.35670190196539,0.0209142543760057
14.23,-0.601697918200006,0.0772167488058615,-0.349071950093209,0.0222065052558091
14.24,-0.574327161259902,0.0749458392731152,-0.343666492033437,0.0235206609935781
14.25,-0.546549498531858,0.0726592888707357,-0.338301164198093,0.0247820044846047
14.26,-0.519668115649043,0.0704191624519441,-0.332696944402838,0.0259776785860956
14.27,-0.493042881117445,0.068196139383006,-0.326908957437712,0.0271081452781003
14.28,-0.466189686089375,0.0659686690004389,-0.321039080042585,0.0281776662348281
14.29,-0.440183350246331,0.0637845517439611,-0.315123050014047,0.0291872224814699
14.3,-0.414065992342236,0.0616004441687116,-0.309187550475864,0.0301369661098794
14.31,-0.388766580535401,0.0594559679697959,-0.303262417691886,0.0310271751169765
14.32,-0.363465937805822,0.0573148022726859,-0.297352764548067,0.0318579074522546
14.33,-0.338956757202018,0.0552094352670214,-0.291457144020636,0.03262912334639
14.34,-0.314548139504062,0.053110384239735,-0.285574049643341,0.0333408550928302
14.35,-0.29090555090456,0.0510438924942517,-0.279702687044253,0.0339931495338529
14.36,-0.267455082188938,0.0489867718548966,-0.273835392886498,0.0345865267536268
14.37,-0.244744574519377,0.0469597634776027,-0.267970997455047,0.0351213009394645
14.38,-0.222305708376904,0.0449452584123445,-0.262132448836684,0.0355984630943132
14.39,-0.200578531293294,0.042958615615123,-0.256356160573975,0.0360200295441513
14.4,-0.179188624021588,0.0409867024598139,-0.250656756901505,0.0363875328659965
14.41,-0.158479278701554,0.0390401166074197,-0.245055407772259,0.0367019146422474
14.42,-0.138159294958964,0.0371098807832759,-0.239563440309535,0.0369640384492308
14.43,-0.11848697703179,0.0352026010652813,-0.23417553156481,0.0371742698086463
14.44,-0.0992447457042847,0.0333133143876853,-0.228878867787799,0.0373326026096502
14.45,-0.0806175675310605,0.0314455773887864,-0.223662357892155,0.0374389196453725
14.46,-0.0625069451414877,0.0295977014434051,-0.218543940370716,0.037494415952095
14.47,-0.044872549545234,0.0277707381543344,-0.213528576745595,0.0374998256462922
14.48,-0.0278084790031876,0.0259641232482413,-0.208592824156393,0.0374554491734679
14.49,-0.0112414103934135,0.0241807244472031,-0.203703732406613,0.0373615773400312
14.5,0.00478285937382417,0.0224184293459839,-0.198834615831405,0.0372179165934441
14.51,0.0202925461956802,0.0206826913617216,-0.193964353639902,0.0370239017877561
14.52,0.035280958338463,0.0189700077494016,-0.189072853165713,0.0367789699930925
14.53,0.0497382589880715,0.017287838973496,-0.184145411604257,0.0364825540969665
14.54,0.0636891135541902,0.0156314843652203,-0.179165742206799,0.0361345517676733
14.55,0.0770915221018758,0.0140098582401205,-0.174133587369017,0.035735083683034
14.56,0.0899954637758942,0.0124171030406563,-0.16904800162042,0.03528479221281
14.57,0.102332835467207,0.0108630324244261,-0.163904471749386,0.0347846298020494
14.58,0.114174706391562,0.00934097949666605,-0.158688481304649,0.0342354583086374
14.59,0.125432608127758,0.00786163192449104,-0.153378698022658,0.0336383260450019
14.6,0.136195139707295,0.00641800274628948,-0.147968800680987,0.0329949622521714
14.61,0.146359087291939,0.00502130803393332,-0.142452642449199,0.032307817288118
14.62,0.156028169581433,0.00366424851052236,-0.136824904238984,0.0315801219104139
14.63,0.165089908101491,0.00235830591824084,-0.131080270573598,0.0308154163198565
14.64,0.173661031140689,0.00109606720791927,-0.125214404656167,0.0300164162772931
14.65,0.181623828648027,-0.000111079130089969,-0.119260402022084,0.0291864936211518
14.66,0.189105465004177,-0.00127102891606339,-0.113230884545863,0.0283284102238539
14.67,0.195985910398317,-0.00237287933752342,-0.107138934229704,0.0274447014269819
14.68,0.202399456335606,-0.00342469097602569,-0.1009912726095,0.0265374418889724
14.69,0.208225718737996,-0.00441598068969291,-0.0947973260710665,0.0256091577661348
14.7,0.213603670928226,-0.00535482543271087,-0.0885665697810413,0.024661986002774
14.71,0.218414473749693,-0.00623129627967948,-0.0823153421533785,0.0236983457084902
14.72,0.222799320127443,-0.00705355091097899,-0.0760622068081143,0.0227206080853662
14.73,0.226705683377679,-0.00781669671495686,-0.0698373096121905,0.0217316677394203
14.74,0.230083596715403,-0.00851656130279995,-0.0636658054386181,0.0207345133369568
14.75,0.233073970007599,-0.00916162537615712,-0.0575690108007538,0.0197320096911266
14.76,0.235566068157009,-0.00974423677369078,-0.0515661382570092,0.0187271748731484
14.77,0.237698916159397,-0.0102729395758692,-0.0456761687791113,0.0177233091638311
14.78,0.239366538499022,-0.010740989858278,-0.0399257651954913,0.0167239769659106
14.79,0.240705312339582,-0.0111571421137483,-0.0343545624050665,0.015732713754851
14.8,0.24161453239283,-0.0115158848647964,-0.0289957545553241,0.0147527213351884
14.81,0.242226865997241,-0.0118262775064738,-0.0238797585256607,0.013787017268869
14.82,0.242446851611234,-0.0120839000592345,-0.0190317224340656,0.0128384420809626
14.83,0.242402558798931,-0.0122979564703524,-0.014476550954146,0.0119098022267456
14.84,0.242003752048465,-0.0124649194691742,-0.0102187176520637,0.0110039114675297
14.85,0.241373517993575,-0.0125937794768089,-0.00626372624968777,0.0101233847791141
14.86,0.240427026466547,-0.0126816055918535,-0.00262251626389205,0.00927028535225448
14.87,0.239281811571566,-0.0127371557913028,0.000699999298178153,0.00844640148235854
14.88,0.237858152362218,-0.0127580575547274,0.00370414003061656,0.00765363636905436
14.89,0.236267684564687,-0.0127526722174284,0.00639320051975038,0.006893752141747
14.9,0.234435672514618,-0.0127189975500427,0.00876951943523267,0.00616799114692954
14.91,0.232467468012489,-0.0126649450179386,0.0108422689409226,0.00547775050586931
14.92,0.230293047522986,-0.0125887264377164,0.0126250176431841,0.00482411475686554
14.93,0.228011309211967,-0.0124976594160017,0.0141254452629631,0.00420792393901444
14.94,0.225556612351641,-0.0123901434755471,0.0153566956539781,0.00362974828454578
14.95,0.223021206866667,-0.0122728974252271,0.0163333572761063,0.00309003802554077
14.96,0.220343560680352,-0.0121443606858137,0.0170778136216122,0.00258908583191946
14.97,0.217609317855327,-0.0120105222109192,0.0176066501505132,0.002126880602373
14.98,0.214760802164463,-0.0118698235682602,0.0179349447102452,0.0017030864406166
14.99,0.211877075799869,-0.011727593970082,0.0180854150729611,0.00131723006387394
15,0.208934708082408,-0.0115837111412,0.0180799996048086,0.000968578315735032
15.01,0.205914439572402,-0.011438162136067,0.0179403556464073,0.000656188256095503
15.02,0.202885866095961,-0.011295156828813,0.0176865809864275,0.00037889280908711
15.03,0.199799978881584,-0.0111528982577749,0.017336609459273,0.000135306465935811
15.04,0.196720400487012,-0.0110149433534491,0.0169097691720849,-7.6083316577747e-05
15.05,0.193601273438857,-0.0108793959343226,0.0164252228688589,-0.000256913901677194
15.06,0.19050049237191,-0.0107491679928383,0.0159010407932161,-0.000408992488510579
15.07,0.187375250944562,-0.0106222653228852,0.0153542368094875,-0.000534248699969382
15.08,0.184278072418243,-0.0105010167800092,0.0147995469941443,-0.000634725029192275
15.09,0.181169057394056,-0.0103833745685769,0.0142507878255733,-0.00071253331494103
15.1,0.178095678370925,-0.0102711590096768,0.013720383263979,-0.000769792588255953
15.11,0.175020832981588,-0.0101623120094795,0.0132178398929651,-0.000808679272602061
15.12,0.171987262715653,-0.0100582363139362,0.0127523362004622,-0.00083132354816077
15.13,0.168960548408737,-0.00995690568000735,0.0123322755194896,-0.000839807857339583
15.14,0.165979037245917,-0.00985936072460399,0.0119631074862481,-0.000836240388121345
15.15,0.163010855045032,-0.00976366099344164,0.0116492773664227,-0.000822726901870281
15.16,0.160090230673646,-0.00967056623081443,0.0113951471437942,-0.000801230859529099
15.17,0.15718771706125,-0.00957824275062628,0.0112019367994616,-0.000773721069491481
15.18,0.154333726378313,-0.00948725258821588,0.0110693464482484,-0.0007420272758316
15.19,0.151501124704607,-0.00939593330996053,0.0109964928885914,-0.000707770201074241
15.2,0.148716882934385,-0.00930470955767279,0.010981597123009,-0.00067235731973196
15.21,0.14595617784804,-0.00921210774552409,0.0110222374703104,-0.000636978526881211
15.22,0.143242947554066,-0.00911846259058645,0.0111144105822876,-0.000602672589340627
15.23,0.140554650261922,-0.00902251711440495,0.0112538869535656,-0.000570263617398675
15.24,0.13791255546022,-0.00892456279680079,0.0114355362260833,-0.000540420658578942
15.25,0.135296355839483,-0.00882357278820872,0.0116536051171098,-0.000513672838778254
15.26,0.132724959432997,-0.00871983433433919,0.0119019031494618,-0.00049042146072391
15.27,0.130188429714666,-0.00861278893448532,0.0121742519845522,-0.000470931307334391
15.28,0.127678879302517,-0.00850204922369,0.0124642768320574,-0.000455364023546369
15.29,0.125212162538952,-0.00838793136495444,0.0127655422275767,-0.000443789813494251
15.3,0.122773084254904,-0.00826999014273056,0.013071977001897,-0.000436181576238671
15.31,0.120375720901249,-0.00814857205950643,0.0133775145406136,-0.000432446263123615
15.32,0.118006714989409,-0.00802343845733061,0.0136765729967254,-0.000432418953217173
15.33,0.115678541328071,-0.00789496526582232,0.0139637251691265,-0.000435888577143222
15.34,0.11337951188198,-0.00776309817619627,0.0142341489998157,-0.000442591377356808
15.35,0.111120638638305,-0.00762823575629894,0.0144832791149117,-0.000452235570958133
15.36,0.108891742402122,-0.00749048192831841,0.0147072249932284,-0.000464494223689751
15.37,0.106702493273886,-0.00735024674012096,0.01490241438569,-0.000479028264791146
15.38,0.104544069520836,-0.00720776436015663,0.0150659862186484,-0.000495478433691069
15.39,0.102424894371653,-0.00706344320237624,0.0151954227391165,-0.000513486826493918
15.4,0.10033733411867,-0.00691761995940269,0.0152889074720044,-0.000532687875296919
15.41,0.0982886502210736,-0.00677069001537911,0.0153443868705081,-0.000552760266348701
15.42,0.096272243191768,-0.00662306970322504,0.0153615790976698,-0.000573362915500759
15.43,0.0942942990993778,-0.00647511894430902,0.0153405241584362,-0.000594167241195505
15.44,0.0923491387241331,-0.00632729488591575,0.0152812190751155,-0.000614854729724196
15.45,0.0904419686507012,-0.00617991816928172,0.0151833254756622,-0.000635143134444947
15.46,0.0885679129106496,-0.00603348253188944,0.0150478322794822,-0.000654732476729565
15.47,0.0867312929258315,-0.00588825486093759,0.0148761936814058,-0.000673348122177681
15.48,0.0849279487842818,-0.00574472980484789,0.0146705751974038,-0.000690741038074308
15.49,0.0831614022102105,-0.00560310109955365,0.0144331893928704,-0.00070670283136421
15.5,0.0814281167317468,-0.00546384587722349,0.0141664846456602,-0.000721050271477697
15.51,0.0797308879011709,-0.00532708160156516,0.0138729693221822,-0.000733632476539159
15.52,0.0780667243393154,-0.00519325842159435,0.0135554017962951,-0.000744309975774141
15.53,0.0764377747021143,-0.00506241573811223,0.0132164046144677,-0.000752974554032959
15.54,0.0748425887880142,-0.00493469983453996,0.0129085765019548,-0.000757809952966336
15.55,0.0732809359159887,-0.00480960641050624,0.0126472719483523,-0.000758815469945889
15.56,0.0717542235184823,-0.00468692708187804,0.012368690517539,-0.000759392113968296
15.57,0.0702603592950073,-0.00456704939129723,0.0120775134809742,-0.000759403787123105
15.58,0.0688000544248712,-0.00444985432300331,0.0117754576465232,-0.000758606619292068
15.59,0.0673716791143786,-0.0043357091530573,0.0114620126587565,-0.000756863702789891
15.6,0.0659755891079126,-0.00422448447584201,0.0111367781384176,-0.000754071460761658
15.61,0.064610488542538,-0.0041165618335141,0.0108006390109327,-0.000750117430489304
15.62,0.0632763999444119,-0.00401178409423064,0.0104553055794256,-0.000744900601246969
15.63,0.061972320000427,-0.0039105073842701,0.0101031052549794,-0.000738336565404331
15.64,0.0606979881944181,-0.00381252111022871,0.00974636086056535,-0.000730378825484138
15.65,0.0594526493054204,-0.00371814129002779,0.00938749374423376,-0.000721010073744784
15.66,0.0582357889417491,-0.00362710392553313,0.0090285181451215,-0.000710257836008612
15.67,0.057046847864946,-0.00353968860180157,0.00867157114932079,-0.000698181196736613
15.68,0.0558850857376783,-0.00345558240482038,0.00831898326623421,-0.000684852266093845
15.69,0.0547501069677594,-0.00337502442184419,0.00797264658070511,-0.000670371846475214
15.7,0.0536409760699339,-0.00329766019921393,0.00763406121241583,-0.000654860499012394
15.71,0.0525574269892868,-0.00322369951100061,0.00730482771412164,-0.000638444364258542
15.72,0.0514983592925482,-0.00315275417904548,0.00698643182087747,-0.000621259939561998
15.73,0.0504636171665904,-0.00308500492760234,0.00668034536571888,-0.000603441004813372
15.74,0.0494519716267909,-0.0030200341004005,0.00638767385988116,-0.000585126860205008
15.75,0.0484633657397993,-0.0029579997230532,0.00610941614239427,-0.000566450300670281
15.76,0.0474964774388447,-0.00289846450767136,0.00584628629826566,-0.000547541000744569
15.77,0.0465513420841983,-0.00284157081433143,0.00559892954301911,-0.000528517831708918
15.78,0.0456265789249279,-0.00278687000479906,0.00536764549098528,-0.00050949813790879
15.79,0.0447223096768639,-0.00273449614469625,0.00515268817347644,-0.000490587410653449
15.8,0.0438371235840584,-0.00268399747392994,0.00495403180979792,-0.00047188751384583
15.81,0.0429708045718673,-0.00263536121449078,0.0047715793811449,-0.000453487754148913
15.82,0.0421231917314717,-0.00258857409653312,0.00460499979891997,-0.00043547273195379
15.83,0.0412928752538857,-0.00254319428368601,0.00445380857924682,-0.000417920127685263
15.84,0.0404801630385663,-0.00249936079696518,0.00431754564487787,-0.000400892835606224
15.85,0.0396836708188388,-0.00245664400936666,0.00419551732620038,-0.000384450732062045
15.86,0.0389037738139493,-0.00241519306335664,0.00408704970412812,-0.000368641168852156
15.87,0.0381391200604213,-0.00237459501086337,0.00399129138553878,-0.000353506641418067
15.88,0.0373901372882948,-0.00233501241894184,0.00390739352594984,-0.000339078367383861
15.89,0.0366555195995382,-0.00229605240078486,0.00383436865800668,-0.000325383310488947
15.9,0.0359357419169228,-0.00225789313389356,0.00377132454970146,-0.000312435983744559
15.91,0.0352295500260968,-0.00222016310945524,0.00371725634559268,-0.000300247891712306
15.92,0.0345374542116303,-0.0021830565529041,0.0036712426670693,-0.00028881891201845
15.93,0.0338582552844748,-0.00214622407285297,0.00363223402766583,-0.000278147496807546
15.94,0.0331924905650176,-0.00210987664127254,0.00359929582541243,-0.000268222342768842
15.95,0.032539017718527,-0.0020736872570306,0.00357141522227411,-0.000259032002799961
15.96,0.031898391824738,-0.0020378828838126,0.00354772716897016,-0.000250556768244854
15.97,0.0312695270302452,-0.00200215761633369,0.0035273018159606,-0.000242777585573554
15.98,0.0306529873028758,-0.00196675275638094,0.00350936398717235,-0.00023566782652464
15.99,0.0300477417186649,-0.00193138170334845,0.00349308127565558,-0.000229202104789729
16,0.0294543552238604,-0.00189629817197682,0.00347778186279174,-0.000223348110326834
16.01,0.0288718493733118,-0.0018612328007538,0.00346274335661738,-0.000218075381678373
16.02,0.0283007827190858,-0.00182644957709492,0.00344740834179459,-0.000213347209255145
16.03,0.027740226313627,-0.00179169406927121,0.00343117629277377,-0.000209129310595378
16.04,0.027190725694247,-0.00175723835303872,0.0034135753999982,-0.000205383694933511
16.05,0.0266513976921363,-0.00172284067510261,0.00339416565280973,-0.000202072965375742
16.06,0.0261227695703976,-0.00168877840089063,0.0033726374730481,-0.000199155032372596
16.07,0.0256040017352994,-0.00165481967111856,0.00334859296080463,-0.000196592324956658
16.08,0.0250952802834377,-0.00162111979365245,0.00332180728098474,-0.0001943423621353
16.09,0.0245967613353582,-0.00158783259510151,0.00329206944285685,-0.000192364689874286
16.1,0.0241076662698845,-0.00155473828896279,0.00325918417980199,-0.000190621242626477
16.11,0.023628457675791,-0.00152211830564174,0.00322315005410573,-0.000189068891313807
16.12,0.0231583966108904,-0.00148975648153136,0.00318390774974485,-0.00018767036089151
16.13,0.0226979213862677,-0.00145793171367281,0.00314154333809511,-0.000186386329943963
16.14,0.0222463258328709,-0.0014264296080604,0.00309607919370521,-0.000185183734556812
16.15,0.0218040153728083,-0.00139552509565004,0.0030476790722987,-0.000184027742904506
16.16,0.0213703165258554,-0.00136500385751464,0.00299643840836407,-0.000182890041596707
16.17,0.0209456023414401,-0.00133513550904881,0.0029425876952895,-0.00018174082472598
16.18,0.0205292291961321,-0.00130570444835893,0.00288626963427417,-0.000180557530142282
16.19,0.0201215363592215,-0.00127697419567406,0.00282775086654335,-0.000179317533898809
16.2,0.0197219096583581,-0.00124872667232769,0.00276726740820163,-0.000178003357484666
16.21,0.0193306566261207,-0.00122121787806932,0.00270513078707751,-0.000176597704693239
16.22,0.0189471920788691,-0.0011942264137192,0.00264155248747594,-0.000175090089584933
16.23,0.0185717926793156,-0.00116800093601168,0.00257685991683795,-0.000173468141035449
16.24,0.0182039015116455,-0.00114231639571559,0.00251128822031732,-0.000171725597012966
16.25,0.0178437663389381,-0.00111741380315163,0.00244517975265197,-0.000169854269107674
16.26,0.0174908580972382,-0.00109306407005269,0.00237877352058766,-0.00016785209881777
16.27,0.0171453977280311,-0.00106950061480333,0.00231240596374299,-0.000165715062462657
16.28,0.0168068833719541,-0.00104649032811435,0.002246301218329,-0.000163445129708776
16.29,0.0164755111866697,-0.00102425944028469,0.00218077701978594,-0.000161042116402733
16.3,0.016150805881912,-0.0010025711011569,0.00211603506011787,-0.000158511611261467
16.31,0.0158329409371696,-0.000981644942018529,0.00205236299480556,-0.000155856811304311
16.32,0.0155214669562582,-0.000961240845972859,0.00198992920021353,-0.000153086397141312
16.33,0.0152165368058235,-0.000941572629130067,0.00192898591929037,-0.000150206368710394
16.34,0.0149177263277451,-0.000922397524447181,0.00186966349387186,-0.000147227905270243
16.35,0.0146250414052087,-0.000903811891757403,0.00181217416276293,-0.000144159198909487
16.36,0.0143384680257945,-0.000885908367135099,0.00175664313131936,-0.000141011849379811
16.37,0.0140576198455662,-0.000868442545503766,0.00170312652801137,-0.000137800370325839
16.38,0.0137826049606904,-0.00085161713373088,0.00165178560988845,-0.000134534175121421
16.39,0.0135130630564539,-0.000835186670227198,0.00160265323670899,-0.000131227419834503
16.4,0.013249093222047,-0.00081935106149154,0.00155583964860539,-0.000127890780328025
16.41,0.0129903560971147,-0.000803864731288896,0.0015113308264214,-0.000124539132652956
16.42,0.0127369370098513,-0.000788925915047631,0.00146919397520763,-0.000121183377168155
16.43,0.0124885180928285,-0.000774289680035564,0.00142937480202748,-0.000117838229917845
16.44,0.0122451729764048,-0.000760153483846839,0.00139190277992136,-0.000114514113601978
16.45,0.0120066044985574,-0.000746273713080133,0.00135668831508021,-0.000111224990238278
16.46,0.011772876659812,-0.000732847815084807,0.00132372822418454,-0.00010798028503703
16.47,0.0115437132088321,-0.00071963404988457,0.00129290292285133,-0.000104792745473598
16.48,0.0113191703585009,-0.000706830512035424,0.0012641821416313,-0.000101670391978555
16.49,0.0110989922271472,-0.000694197793351539,0.00123742204779914,-9.86244039271403e-05
16.5,0.0108832286886269,-0.000681935174405212,0.00121257115981879,-9.56610961191314e-05
16.51,0.0106716433763729,-0.000669805926517729,0.00118946736288717,-9.27898310504718e-05
16.52,0.0104642809078452,-0.000658010936895313,0.00116804395083195,-9.00150197742484e-05
16.53,0.0102609232095254,-0.000646316399441323,0.00114812646728189,-8.73440599216606e-05
16.54,0.0100616103488438,-0.000634925115211578,0.00112963887322936,-8.47793594321314e-05
16.55,0.00986614105408279,-0.000623606337881027,0.00111240015617295,-8.23262984602862e-05
16.56,0.00967455128900419,-0.000612564970298985,0.00109633060161717,-7.99852740075454e-05
16.57,0.00948665503242729,-0.000601573349247342,0.00108124814648182,-7.77596877258315e-05
16.58,0.00930248446372417,-0.000590838558552509,0.00106707381680285,-7.56479977306687e-05
16.59,0.00912186732640663,-0.000580135948973669,0.00105362984700117,-7.36517310529418e-05
16.6,0.00894483225562759,-0.000569674744157564,0.00104084397294056,-7.17675576600645e-05
16.61,0.00877121936735925,-0.000559233141716967,0.00102854584022905,-6.99953092832954e-05
16.62,0.00860101202332508,-0.00054891477337161,0.00101667321741312,-6.83300713753329e-05
16.63,0.00843418749034264,-0.000538823103523983,0.00100510375672989,-6.6768777380399e-05
16.64,0.00827060320455608,-0.000528741101404752,0.000993674491387196,-6.53099121168633e-05
16.65,0.00811027766833128,-0.000518882182026335,0.00098235675297436,-6.39458074041488e-05
16.66,0.00795308005358741,-0.00050903121025382,0.000971022220268414,-6.26726595671487e-05
16.67,0.00779903071629207,-0.000499402809030954,0.000959649846348885,-6.14825573821067e-05
16.68,0.00764800507242036,-0.00048978357270452,0.000948122838062809,-6.03713685703749e-05
16.69,0.00750001868738082,-0.000480389243346429,0.000936434775257794,-5.93308045654366e-05
16.7,0.00735495352852489,-0.000471007794075442,0.000924486252669522,-5.83564127069116e-05
16.71,0.00721282153700997,-0.000461855772749411,0.000912286133563957,-5.74396787983674e-05
16.72,0.00707351078436425,-0.000452722174767633,0.000899750498166549,-5.65760250337088e-05
16.73,0.00693703017365621,-0.000443824045607886,0.000886906637409958,-5.57569351271242e-05
16.74,0.00680327385568269,-0.000434951011764864,0.000873687252895982,-5.49779637243649e-05
16.75,0.00667224824702117,-0.000426320291978409,0.000860135791411889,-5.4230844329143e-05
16.76,0.0065438531172255,-0.000417721794370265,0.000846200300425328,-5.35114959622877e-05
16.77,0.00641809281820116,-0.000409372621298417,0.000831938830568226,-5.28121214127616e-05
16.78,0.00629487231708836,-0.0004010626440119,0.00081731297956313,-5.21292066379454e-05
16.79,0.00617419430090038,-0.000393008593021751,0.000802393370678049,-5.14556064961141e-05
16.8,0.00605596836343736,-0.000385000030637838,0.000787152938336558,-5.07885349935792e-05
16.81,0.00594019576968741,-0.000377253106757569,0.00077167249485765,-5.0121637577183e-05
16.82,0.00582679004320497,-0.000369556856726594,0.000755933826502493,-4.94529712550764e-05
16.83,0.0057157511472461,-0.000362126692310062,0.000740025376988522,-4.87770631664974e-05
16.84,0.00560699581152946,-0.000354750960454753,0.00072393516968657,-4.80928802319791e-05
16.85,0.0055005227620093,-0.000347644230463246,0.000707756674593032,-4.73958745893108e-05
16.86,0.00539625128641141,-0.000340594054532476,0.000691481572775348,-4.66859430543969e-05
16.87,0.00529417894290241,-0.000333814105512195,0.000675205834625916,-4.59594606305463e-05
16.88,0.00519422707557382,-0.000327091085340026,0.000658922370201255,-4.52172307772072e-05
16.89,0.00509637442810629,-0.000320531328000847,0.00064272732551147,-4.44565085328029e-05
16.9,0.00500059765638206,-0.000314239773589761,0.000626649111991447,-4.36775146066196e-05
16.91,0.00490682171403556,-0.000308002808749349,0.000610667450661017,-4.28830136045502e-05
16.92,0.00481503981781728,-0.000302031423879277,0.000594887807640464,-4.20705670423729e-05
16.93,0.00472518072135664,-0.000296110965041814,0.000579305189144687,-4.12424199093882e-05
16.94,0.00463724192660209,-0.000290451427997139,0.000564011899198006,-4.03974252035375e-05
16.95,0.00455115144107232,-0.000284837394770617,0.000548992472635353,-3.95388158855338e-05
16.96,0.00446690452727694,-0.00027947819114558,0.000534330854068838,-3.86661675117258e-05
16.97,0.00438442972502351,-0.000274157773782423,0.000520003901799769,-3.77832677176089e-05
16.98,0.0043037213622803,-0.000269084942431744,0.000506088251216198,-3.6890123950881e-05
16.99,0.00422470887008508,-0.000264043164349821,0.000492553473946964,-3.59908581153186e-05
17,0.00414738622029631,-0.000259240854168318,0.000479469040050848,-3.50857268235386e-05
17.01,0.00407168448257877,-0.000254461113171953,0.000466797343402823,-3.41790255296012e-05
17.02,0.00399759803053534,-0.000249912105107178,0.000454600868832305,-3.32711136212672e-05
17.03,0.00392506006795479,-0.000245376689949004,0.000442835080186019,-3.23663255711807e-05
17.04,0.00385406595526661,-0.000241062912468813,0.000431555772577694,-3.14650000255282e-05
17.05,0.00378455127219191,-0.000236753514840476,0.000420711872367276,-3.05713972935518e-05
17.06,0.00371651275945517,-0.000232656550520207,0.000410352970948745,-2.96857319115094e-05
17.07,0.00364988834446933,-0.000228554763320333,0.000400422004007985,-2.88120961134271e-05
17.08,0.00358467633994053,-0.000224656335726454,0.000390962973618092,-2.79504960719985e-05
17.09,0.00352081678956928,-0.000220744125075413,0.000381913525050894,-2.71047808627473e-05
17.1,0.00345830960886317,-0.000217026552863879,0.000373312841089518,-2.62746824577556e-05
17.11,0.00339709662558718,-0.000213286690177168,0.000365094085595638,-2.54637498953809e-05
17.12,0.00333717928962862,-0.000209733292956242,0.000357292487414894,-2.46713932279437e-05
17.13,0.00327850088070747,-0.000206149729416399,0.0003498376618582,-2.39008223411384e-05
17.14,0.00322106429254632,-0.000202745165903798,0.000342761852222908,-2.31510948490814e-05
17.15,0.00316481400034263,-0.000199303330405759,0.000335992123551478,-2.24250593996437e-05
17.16,0.00310973970679385,-0.000195927596345816,0.000329558727823958,-2.17214076570491e-05
17.17,0.00305583087171257,-0.000192720661547968,0.000323423760507018,-2.10412040636363e-05
17.18,0.00300303457217765,-0.000189467829021289,0.000317501534998824,-2.03874559013272e-05
17.19,0.00295135493320586,-0.000186378991408511,0.000311834065958272,-1.97574598471222e-05
17.2,0.00290074225233639,-0.000183239633335197,0.000306354322786607,-1.91526826727342e-05
17.21,0.00285120670073091,-0.000180259921956135,0.000301095868135538,-1.85707376738072e-05
17.22,0.00280269724524373,-0.000177225713004746,0.000295987066604907,-1.80131820113796e-05
17.23,0.0027552232269219,-0.000174347650381282,0.000291059896088039,-1.74775413405507e-05
17.24,0.00270873350776668,-0.000171411969010539,0.000286242634507111,-1.69652074169709e-05
17.25,0.00266323767728238,-0.000168629772651995,0.000281568218629986,-1.64735106724801e-05
17.26,0.00261868484481731,-0.000165787649798261,0.000276966462176006,-1.60036435506123e-05
17.27,0.00257508505456805,-0.00016309712531481,0.000272472394967999,-1.55527467576269e-05
17.28,0.00253238823108148,-0.000160345085814582,0.000268018463628898,-1.51218363389067e-05
17.29,0.00249060530804357,-0.000157743412454272,0.000263642767738723,-1.47078732881565e-05
17.3,0.00244968747211693,-0.000155079213482602,0.000259281430876853,-1.4311642161148e-05
17.31,0.00240964690622292,-0.000152564661872688,0.00025497317983046,-1.39300086954202e-05
17.32,0.00237043621054056,-0.000149987053063029,0.000250655711679973,-1.35637348943265e-05
17.33,0.00233206892851889,-0.000147558798730934,0.000246373583020676,-1.3209603702965e-05
17.34,0.00229449896700018,-0.000145067288206503,0.000242068528541318,-1.28683937742522e-05
17.35,0.00225774118798405,-0.000142725087659041,0.000237787849435417,-1.25369709267105e-05
17.36,0.00222175048004658,-0.000140319626377223,0.000233475734142122,-1.22162136325863e-05
17.37,0.00218654283088249,-0.000138063577366329,0.000229182034610694,-1.19030930157418e-05
17.38,0.00215207371011594,-0.000135744365245621,0.000224853413312383,-1.15985981417193e-05
17.39,0.00211835999398069,-0.000133574724161166,0.00022054213626796,-1.12998169427831e-05
17.4,0.00208535736685533,-0.000131342032854511,0.000216197052200672,-1.10078616181921e-05
17.41,0.00205308337506871,-0.000129259046632226,0.00021187246356573,-1.07199488831973e-05
17.42,0.00202149365331294,-0.000127113063435689,0.000207518970898872,-1.0437323825402e-05
17.43,0.00199059082396147,-0.00012501062153426,0.000203192472472246,-1.0157338924264e-05
17.44,0.00196037688996853,-0.000123057323137518,0.000198881491574161,-9.87997079904546e-06
17.45,0.00193080826561065,-0.000121041260834034,0.000194527875918389,-9.60735339791599e-06
17.46,0.00190190148810743,-0.000119174626844462,0.000190201897163994,-9.33619515764914e-06
17.47,0.00187361505254735,-0.000117245136383322,0.000185864556797283,-9.0675960589888e-06
17.48,0.00184597061976355,-0.000115464688762323,0.000181577892994164,-8.79903791883361e-06
17.49,0.00181892430764741,-0.000113620810182072,0.000177297881981195,-8.53214679574751e-06
17.5,0.00179249607224108,-0.00011192531665728,0.000173083936417452,-8.26473116109515e-06
17.51,0.00176664099313051,-0.000110165575758983,0.000168890398227009,-7.99863883725828e-06
17.52,0.00174137845562328,-0.000108553333757468,0.000164775646407909,-7.7318403424511e-06
17.53,0.00171666298267681,-0.000106875814771601,0.000160693183219832,-7.46630966824234e-06
17.54,0.00169251368063783,-0.000105344703280875,0.000156700707671861,-7.20012036577099e-06
17.55,0.00166888521833108,-0.000103747081004089,0.000152751041739963,-6.9353335068798e-06
17.56,0.00164579694336453,-0.000102294571212207,0.000148901287214666,-6.67009714706784e-06
17.57,0.00162320420264983,-0.000100774115365162,0.000145103574419442,-6.40653726485042e-06
17.58,0.0016011269794749,-9.93972788503278e-05,0.000141414362360532,-6.14285845158381e-06
17.59,0.00157952157576347,-9.79508703456284e-05,0.000137785030219915,-5.88123654161094e-06
17.6,0.00155840884106695,-9.66464064795879e-05,0.000134271295878896,-5.61991956646509e-06
17.61,0.00153774604368806,-9.5270577694287e-05,0.000130823673499604,-5.36112123893951e-06
17.62,0.00151755495560302,-9.40348674825274e-05,0.000127497037446857,-5.10312179310741e-06
17.63,0.00149779362696556,-9.27258691184388e-05,0.000124240932229026,-4.84816160241134e-06
17.64,0.00147848467569922,-9.15550542195131e-05,0.000121109274487993,-4.59454174385208e-06
17.65,0.0014595866568019,-9.03089442146862e-05,0.000118050564449582,-4.34451736942809e-06
17.66,0.00144112289183518,-8.91990233691793e-05,0.000115117698617681,-4.09639805645464e-06
17.67,0.00142305217016947,-8.80117680418993e-05,0.000112258101682949,-3.85244076531434e-06
17.68,0.00140539837193998,-8.69587000350592e-05,0.000109523661959412,-3.61095027486768e-06
17.69,0.0013881203254229,-8.58262764473194e-05,0.000106860743519458,-3.3741717044442e-06
17.7,0.00137122620378882,-8.47199696207448e-05,0.000104320297080316,-3.14039151710415e-06
17.71,0.00135472350216048,-8.37443670994581e-05,0.000101884399064102,-2.91043679407927e-06
17.72,0.00133857203737442,-8.26869034816281e-05,9.94877007936889e-05,-2.6871747165364e-06
17.73,0.00132279458785511,-8.17588004257069e-05,9.71927470576755e-05,-2.4679988714138e-06
17.74,0.0013073532158856,-8.07472806580561e-05,9.49516642358203e-05,-2.25459301741988e-06
17.75,0.00129227580517721,-7.9863438483027e-05,9.28175715236898e-05,-2.04494492364068e-06
17.76,0.00127752221101218,-7.88944966787771e-05,9.07366993091901e-05,-1.84108433002345e-06
17.77,0.00126311859515127,-7.80516494930547e-05,8.87589247546695e-05,-1.6411499013748e-06
17.78,0.00124902392853166,-7.71221617630375e-05,8.68284608567892e-05,-1.44722214207688e-06
17.79,0.00123526377259786,-7.63173491298033e-05,8.49940098536689e-05,-1.2574362832277e-06
17.8,0.00122179666671585,-7.54245362193133e-05,8.31990164337721e-05,-1.07383977432852e-06
17.81,0.00120864783228569,-7.46551670747785e-05,8.14918030162153e-05,-8.94519093974924e-07
17.82,0.00119577605066468,-7.37966211187909e-05,7.98155998168522e-05,-7.21465089752139e-07
17.83,0.0011832066990678,-7.30604620873209e-05,7.82187838583046e-05,-5.52704029467035e-07
17.84,0.00117089930337499,-7.22341128116132e-05,7.66447174369701e-05,-3.90166771006764e-07
17.85,0.00115887976452811,-7.1529244322942e-05,7.51420854120107e-05,-2.31821654397467e-07
17.86,0.0011471085985626,-7.07333105860697e-05,7.36545847679032e-05,-7.95458833788706e-08
17.87,0.00113561243366611,-7.00580777479326e-05,7.22313390906959e-05,6.87409023549417e-08
17.88,0.00112435275510947,-6.92910214131142e-05,7.08164662292402e-05,2.11204073523163e-07
17.89,0.00111335694777992,-6.86439933343387e-05,6.94595857647512e-05,3.49960406908731e-07
17.9,0.00110258724816958,-6.79044846534122e-05,6.81052394943046e-05,4.83205326232578e-07
17.91,0.00109207169255221,-6.7284426398918e-05,6.68035352288187e-05,6.13079581716428e-07
17.92,0.00108177295934375,-6.65713215351901e-05,6.54994119709208e-05,7.37796993671281e-07
17.93,0.0010717195751333,-6.59771760772078e-05,6.42434180279856e-05,8.59511537961008e-07
17.94,0.00106187436326621,-6.52895022236836e-05,6.29808581291707e-05,9.76445927693331e-07
17.95,0.00105226617216836,-6.47203774144623e-05,6.17626822461892e-05,1.09075905286661e-06
17.96,0.00104285774426671,-6.40573202229116e-05,6.05345251541695e-05,1.20067548814436e-06
17.97,0.00103367812521249,-6.35124753967559e-05,5.93477173580895e-05,1.30835306194959e-06
17.98,0.00102468986065496,-6.28733636008363e-05,5.81482142446026e-05,1.41201323601837e-06
17.99,0.00101590569620313,-6.22461914527082e-05,5.69877032636117e-05,1.51380862334462e-06
18,0.00162234376157855,0.00346253823916432,5.58491717293078e-05,1.6133341768227e-06
18.01,0.00220394127700452,0.00577037453266638,0.00129534740011558,4.83929530061798e-05
18.02,0.00303113499085761,0.00809239496474749,0.00191881732211886,6.42534298249548e-05
18.03,0.00408176381711556,0.0103680143473502,0.0010867985533034,1.57015210057331e-05
18.04,0.00534440407097136,0.012650376411143,-0.00138957439372733,-8.93932357377309e-05
18.05,0.00688284968015296,0.0148842076417712,-0.00550390403089214,-0.000234075885417622
18.06,0.00879707575622568,0.0171868948113186,-0.0111982578543453,-0.000400772859257441
18.07,0.0112063989787448,0.0194771518149491,-0.0183227506652703,-0.000570766944201591
18.08,0.0142377950370545,0.0218953175842115,-0.0267608113192298,-0.000729342119565504
18.09,0.0180253934434944,0.024318738074941,-0.0363497257906123,-0.000862694702974321
18.1,0.0226762837698455,0.0268989348816911,-0.0470037955044393,-0.000962271118721696
18.11,0.0283026053839492,0.0294637991908964,-0.0585825811118021,-0.00101919345245765
18.12,0.0349509770116612,0.0321740636255425,-0.0710250275220543,-0.00102901942387304
18.13,0.0427120023921024,0.0348146258373676,-0.0841991238606226,-0.000985752964392427
18.14,0.0515632066354748,0.0375647733373525,-0.0980215511768165,-0.000886053184688651
18.15,0.0616032852103778,0.0401779046163839,-0.112341159399651,-0.000724866844899873
18.16,0.0727395432126734,0.0428601423375437,-0.127049146711694,-0.000499572495046785
18.17,0.0851091455058484,0.0453407371831188,-0.141958625720571,-0.000205974241755108
18.18,0.0985420062869089,0.0478573519718841,-0.156875154740228,0.000159690324510961
18.19,0.11324276832495,0.0501201812698401,-0.171582044428215,0.000600895677228067
18.2,0.128950850538326,0.052399196688943,-0.185919940744161,0.00111747758202524
18.21,0.145959789999019,0.0543858238356358,-0.199663494382742,0.001711054793637
18.22,0.16389966035978,0.056381193608887,-0.212599095197293,0.0023817844615292
18.23,0.183172878058766,0.0580589778391047,-0.224508544099863,0.00312877736118605
18.24,0.203280340916294,0.0597497930185334,-0.235268493273992,0.00394654879315277
18.25,0.22475037658152,0.0611082458382369,-0.244783825343154,0.00482800513116718
18.26,0.246934265582761,0.0624909999627422,-0.25302634962163,0.0057647793507099
18.27,0.270504109785607,0.0635326042211653,-0.259993463103448,0.00674719045567897
18.28,0.294644414085619,0.0646134091552925,-0.265706137696709,0.00776612490177432
18.29,0.319688007452738,0.065550387911526,-0.27021364607452,0.00881370335748497
18.3,0.346145697072599,0.0661388027889665,-0.273599986807042,0.00988119470529372
18.31,0.372926168984007,0.0667921995180827,-0.275949837765087,0.0109602447460709
18.32,0.401137512122794,0.0670938317473699,-0.277347659640751,0.0120423080001858
18.33,0.429486158249599,0.0674764137109229,-0.277868343859472,0.0131198210176059
18.34,0.459280200185976,0.0675044270168683,-0.27759264418793,0.0141853827880877
18.35,0.48901619397931,0.0676288625168111,-0.276623305262693,0.015232042222489
18.36,0.519350282153717,0.0676310498208689,-0.275072540791609,0.0162526447323123
18.37,0.551161235249157,0.0672738985646557,-0.273019810780732,0.0172437357613109
18.38,0.582616121649826,0.0670344638890738,-0.270523375276778,0.0182028317076788
18.39,0.61557974765001,0.0664331458019874,-0.267640382467637,0.019127608348752
18.4,0.647991255513863,0.0659622036222877,-0.264420071290327,0.0200163572892385
18.41,0.68079366361205,0.0653813212463418,-0.260907109002203,0.0208672345788439
18.42,0.715170250553583,0.0644347092611736,-0.257151960148281,0.021679195626317
18.43,0.748707173014544,0.0636363740800375,-0.253193651317496,0.0224514117999558
18.44,0.782531031871842,0.0627343176014866,-0.249067375537713,0.0231827521054065
18.45,0.818014836899366,0.0614630994618919,-0.244798090914571,0.0238721784028887
18.46,0.852382330222361,0.0603556992611153,-0.240407899531808,0.0245189139045077
18.47,0.886947516633324,0.0591499728632796,-0.23592479879684,0.0251220871408105
18.48,0.923274435336916,0.057572318274265,-0.231371891676863,0.0256810690400621
18.49,0.958217817172139,0.0561714066044349,-0.226764143777557,0.0261954586934388
18.5,0.99328232177789,0.0546765090832501,-0.222119487722655,0.0266646042479818
18.51,1.03022446669932,0.05280767511074,-0.217451785365427,0.0270880996817692
18.52,1.06552637374034,0.0511259909937107,-0.212771906642973,0.0274657968867343
18.53,1.10088427496999,0.0493537542692932,-0.208093798846507,0.027797426746016
18.54,1.13824695108236,0.047206403684486,-0.203427487804375,0.0280829138158548
18.55,1.1737230000031,0.0452539149798744,-0.198779950690185,0.0283223899349003
18.56,1.20920049708143,0.0432133855552702,-0.194161325408038,0.0285159292997227
18.57,1.24681805229125,0.040797445505574,-0.189581049635205,0.0286637685055524
18.58,1.28230543520396,0.0385808469387691,-0.185047482060259,0.028766360879915
18.59,1.31773056817374,0.036276652212684,-0.180573224816281,0.028824112457663
18.6,1.35306024952251,0.0338840052519428,-0.176167881982551,0.0288376405255278
18.61,1.39065563715003,0.031112939495015,-0.171839290657565,0.0288077669568762
18.62,1.4257108095651,0.0285383719017425,-0.167593834527802,0.0287357996902214
18.63,1.46049238177777,0.0258692904177111,-0.163442360206562,0.0286227581724784
18.64,1.49748223254193,0.0228155831898924,-0.15961517341782,0.0284699073959976
18.65,1.53137472169047,0.0199089816245323,-0.162616633608033,0.0280206397234413
18.66,1.56441749080781,0.0168097608271275,-0.167518261036007,0.0274985918761471
18.67,1.59635070232474,0.0135056279290269,-0.17268963356625,0.0270221571716822
18.68,1.62970169307124,0.00970907569066631,-0.17804945971247,0.0266025545153678
18.69,1.65859975743298,0.00597616143423357,-0.183572826121865,0.0262421123950594
18.7,1.68550076168476,0.00202208744731305,-0.189222982285647,0.0259406512373639
18.71,1.71305833605982,-0.00242581605187797,-0.19495456283624,0.0256974224989941
18.72,1.73517479575299,-0.00681605988441117,-0.200726510117833,0.0255112729098347
18.73,1.75452335303744,-0.0114168431567578,-0.206536016083351,0.0253807671817826
18.74,1.77393098861496,-0.0164825742533368,-0.212397071163613,0.0253052692979013
18.75,1.78725160409971,-0.0214715602479012,-0.218297509060556,0.0252834632558732
18.76,1.8004268318178,-0.026891138303781,-0.224230208644853,0.0253136619218442
18.77,1.80737252400141,-0.0322005402351567,-0.227602526769983,0.0253127209980451
18.78,1.80393372423398,-0.0366814123389613,-0.228246462686797,0.0252295388726415
18.79,1.79783045432085,-0.0412328789776272,-0.228921273318124,0.0251453039017779
18.8,1.78624391188569,-0.0456160475208,-0.229601859366052,0.0250749963720948
18.81,1.77522829150857,-0.0502913101199428,-0.230080787814706,0.0250269647479835
18.82,1.76197432590016,-0.0550078578347184,-0.230179352405181,0.0250045373441437
18.83,1.74386380112166,-0.0595386473087439,-0.229726284765866,0.0250086127886805
18.84,1.72675987435665,-0.064299212111879,-0.228511974182838,0.0250398048202873
18.85,1.70800247249423,-0.0690518942374148,-0.226286774731355,0.0250982692744602
18.86,1.68776866765995,-0.0737762752425941,-0.222716437606622,0.0251850390999491
18.87,1.66361965146382,-0.0782616486202013,-0.217370977275272,0.0253024118025372
18.88,1.64092662990138,-0.0828624917393227,-0.209772258918464,0.0254516072812342
18.89,1.61714363283003,-0.0873548476590945,-0.199564533756647,0.0256257842393344
18.9,1.5899276594358,-0.0915372555950568,-0.186506268618379,0.0258113988684389
18.91,1.56423480897791,-0.0957219445953655,-0.170403908161849,0.0259898900372468
18.92,1.53762880697078,-0.0996992460702347,-0.151170643835175,0.0261373343444349
18.93,1.51014048052939,-0.103435656756159,-0.128822758173359,0.0262313209178598
18.94,1.4796055170791,-0.106752015961341,-0.103429884817922,0.0262479951532576
18.95,1.45048857761836,-0.109916448235228,-0.0751676156260754,0.0261647677586167
18.96,1.42057212946722,-0.112748116394459,-0.0443030426573888,0.0259583590013883
18.97,1.3878725679665,-0.115091128447203,-0.0111573560260181,0.0256086780837115
18.98,1.35652727519176,-0.117190873448134,0.0239001581583624,0.0250965947357141
18.99,1.32450300445,-0.118901032730532,0.0587497349027248,0.0243534239986516
19,1.28997899613919,-0.120110943446407,0.0932701003592131,0.0233687810724341
19.01,1.25675311231376,-0.121060146522085,0.127309550974279,0.022172618096404
19.02,1.22296754006507,-0.121634731079716,0.160400187230192,0.0207761984576292
19.03,1.18699002128538,-0.121744519623002,0.192085564467274,0.0191934953578563
19.04,1.15229459624179,-0.121614310907611,0.221928331941182,0.0174408172814672
19.05,1.11562138703751,-0.121064347784342,0.249579476031771,0.0155385332486438
19.06,1.08022643616806,-0.120309085306815,0.274792084883646,0.0135103466830938
19.07,1.04453462179558,-0.119275984485918,0.297377238774855,0.011380288086838
19.08,1.00718345188977,-0.117911194888061,0.317154830147241,0.00916995482882618
19.09,0.971101829345082,-0.116410469993603,0.333856191068517,0.00689455523908491
19.1,0.934864799788146,-0.114719390276516,0.347573936166735,0.00456870892124218
19.11,0.897250444774953,-0.112796473733089,0.358581341477132,0.00221011777942116
19.12,0.86086274166265,-0.110810483426043,0.36720702784634,-0.000166666007691919
19.13,0.823261672779295,-0.108646431215516,0.373907773581645,-0.00255157583140936
19.14,0.786841876982498,-0.106450673597261,0.379047060970058,-0.00493797052337939
19.15,0.749354431951246,-0.104114878834645,0.382862863043324,-0.00731993325027119
19.16,0.712992093337802,-0.101767010019408,0.385566841516625,-0.00969357864761279
19.17,0.676662430149562,-0.0993576514177133,0.387337436418293,-0.0120541453151018
19.18,0.639460405392374,-0.0968483720363885,0.388313238779869,-0.0143992649852583
19.19,0.603291869866679,-0.0943439549757464,0.388526295417684,-0.0167243470103574
19.2,0.56637331189178,-0.0917604450765087,0.388003912175304,-0.0190239801292261
19.21,0.530429445411569,-0.089190517350544,0.386818088518719,-0.0212953174999727
19.22,0.493854484744183,-0.0865598140197675,0.385054259116458,-0.0235362681963364
19.23,0.458198262840206,-0.0839487415861555,0.382779808651505,-0.0257454493054956
19.24,0.422697434122715,-0.081313647487277,0.383785428483164,-0.0278117116573145
19.25,0.386861006176808,-0.0785434935485693,0.39333568933548,-0.029487192817224
19.26,0.352057439759316,-0.0756654631987504,0.403258287467334,-0.0312103214434059
19.27,0.317101201530731,-0.0726252444385599,0.412849565892385,-0.0330416893345297
19.28,0.283135952185801,-0.0694774169914829,0.422140386378666,-0.0349849019801977
19.29,0.249124621377961,-0.0661769483368883,0.431182034588766,-0.0370390742251726
19.3,0.216061204709714,-0.0627696437974116,0.43998163940497,-0.0392019275559544
19.31,0.183068259316071,-0.0592421179329913,0.441209785068797,-0.0412501389048546
19.32,0.151114192762152,-0.0557528496820339,0.431914199886893,-0.0429011969756362
19.33,0.119481693042361,-0.0523091949079236,0.421800514487767,-0.0444448338895477
19.34,0.0888916422337953,-0.0489403016056432,0.411998119292485,-0.0459239980199324
19.35,0.0586995620609443,-0.0456166337230533,0.402515795328619,-0.0473456620092794
19.36,0.0294997922040867,-0.0423587727185658,0.393320122868121,-0.0487096269028661
19.37,0.000988181865216653,-0.0391518921311332,0.384405672279521,-0.0500155255836786
19.38,-0.0270344147338619,-0.0359865721753004,0.375789970794083,-0.0512631126642185
19.39,-0.0541346073596287,-0.0328755349309179,0.367491454042376,-0.0524515695077204
19.4,-0.0806957854823036,-0.0298032277657048,0.359500942910734,-0.0535801822914107
19.41,-0.106378170575172,-0.0267781853881397,0.351796944384575,-0.0546483203348615
19.42,-0.131479769172634,-0.023789801208892,0.344341276265307,-0.055655111922966
19.43,-0.155743468191306,-0.0208435552959399,0.337089996337576,-0.0565992659634716
19.44,-0.17939229094087,-0.0179336187983138,0.33000083896236,-0.0574794061982566
19.45,-0.202240599747663,-0.0150630393037398,0.323031890882892,-0.0582940880618307
19.46,-0.224445457949231,-0.0122302026025363,0.316137025813903,-0.0590417214475836
19.47,-0.245882223077938,-0.00943610147153714,0.309302318041364,-0.0597194116993516
19.48,-0.266651440961285,-0.00668239045589008,0.302507487267248,-0.0603251097255079
19.49,-0.286680658639328,-0.00396834307385309,0.295684837500938,-0.0608564013031128
19.5,-0.306021508924926,-0.00129908254774728,0.288778495836926,-0.0613111738917622
19.51,-0.324643657577749,0.00132708343843166,0.281758579248973,-0.0616882692344072
19.52,-0.342558532158909,0.00390427723386426,0.275415596766024,-0.0620024216710374
19.53,-0.359800916237474,0.00645043775807892,0.269567161379757,-0.062443377334907
19.54,-0.37640154766806,0.00894505832622831,0.262297066046822,-0.0629189651147159
19.55,-0.392405677080581,0.0113873329433013,0.254651762847429,-0.0633271900975469
19.56,-0.407762941266907,0.0137653485687457,0.246719239427274,-0.0636602346038671
19.57,-0.422532182242422,0.0160832372386947,0.238529995508076,-0.0639173136294877
19.58,-0.4366398059963,0.0183290349152426,0.230104076904104,-0.0640976372154769
19.59,-0.450163791161757,0.0205080439193293,0.221445187978645,-0.0641994208019818
19.6,-0.463012239767361,0.0226079460046453,0.212557461340033,-0.0642207652096285
19.61,-0.475278193256708,0.0246347044289486,0.203451172866692,-0.0641598957376306
19.62,-0.486911497624226,0.0265806898406701,0.194144026816268,-0.0640148843421249
19.63,-0.497851275566384,0.0284383453839558,0.184659934833809,-0.063784158585608
19.64,-0.50820813620869,0.0302147437993205,0.175041511039383,-0.0634677638081866
19.65,-0.517864611615062,0.0318983070854335,0.165298685151439,-0.0630652863168379
19.66,-0.52694018150179,0.0334964153827139,0.155419936629952,-0.0625757945882728
19.67,-0.535313198806936,0.0349974453749465,0.14539545052979,-0.0619985372130838
19.68,-0.543109145835049,0.0364085433561895,0.135217460660313,-0.0613331345419617
19.69,-0.550204977289444,0.0377181754541497,0.124882064065697,-0.0605790294343584
19.7,-0.556730165131588,0.0389332708216897,0.114390929043348,-0.059736018291571
19.71,-0.562562379988276,0.0400426156207766,0.103743857757611,-0.058804212836926
19.72,-0.567833021789194,0.0410529975700371,0.0929517439955415,-0.0577844038705945
19.73,-0.572422061980914,0.0419537601615566,0.0820220633837932,-0.0566776869448662
19.74,-0.576461237502,0.0427515426625941,0.0709531934516831,-0.0554851138540175
19.75,-0.579833951993151,0.043436189268089,0.0597471043326946,-0.0542076923707946
19.76,-0.582671018025049,0.0440140675161503,0.0484119761413127,-0.0528467181295012
19.77,-0.584860300426652,0.0444756294018626,0.0369544595585441,-0.0514030894390663
19.78,-0.586530493461023,0.0448271073582724,0.0253905896328761,-0.0498773042814977
19.79,-0.587574354491242,0.0450598030712544,0.0137529278755211,-0.0482706768196441
19.8,-0.58811776747347,0.0451801650837297,0.00206836168921143,-0.0465845980569608
19.81,-0.588059099189493,0.0451805593669551,-0.00963469482460804,-0.0448208980292847
19.82,-0.587521259432854,0.0450676533115728,-0.0213169749606961,-0.0429827001463886
19.83,-0.586409278591957,0.0448351538994247,-0.0329185482669217,-0.0410739807361695
19.84,-0.584843428951511,0.044490501623085,-0.0443747008022996,-0.039099592368097
19.85,-0.582736324882035,0.0440291710231964,-0.0556152275379151,-0.0370654588135597
19.86,-0.580205999666833,0.0434596951208386,-0.066555453087975,-0.0349788733099361
19.87,-0.577173267106063,0.0427795116035139,-0.0771364277974059,-0.0328467320583085
19.88,-0.573753438965084,0.0419980276204368,-0.087300345326219,-0.0306762022042007
19.89,-0.569919253682249,0.0411169139885186,-0.0969690198423467,-0.0284749096118455
19.9,-0.565649793912501,0.0401391237560186,-0.106041584291417,-0.026250916247256
19.91,-0.561055349987355,0.0390764030619415,-0.114354840820064,-0.0240148377026409
19.92,-0.556075924570213,0.0379325802131342,-0.121708387346823,-0.02178069778107
19.93,-0.550819577335385,0.0367229602028453,-0.12789923849393,-0.0195644882224225
19.94,-0.545234668080298,0.0354556140814117,-0.132770873238396,-0.0173822702233248
19.95,-0.539425782572167,0.0341484567742184,-0.136245057156152,-0.0152482392319056
19.96,-0.533346789179301,0.032811538195807,-0.138292671507587,-0.0131752506855549
19.97,-0.527096205393481,0.0314629023110616,-0.138945479468319,-0.0111754285330439
19.98,-0.520631513086719,0.0301124418009806,-0.138254482044073,-0.0092593345490008
19.99,-0.514044120872195,0.0287768384413298,-0.13628715291179,-0.00743609740249504
20,-0.507293835165251,0.027464929006707,-0.133130537471053,-0.00571336012334164
20.01,-0.500464287499417,0.0261913650689178,-0.128885053313417,-0.00409773284966103
20.02,-0.493516970242733,0.0249632597168733,-0.123663631551272,-0.00259460698237736
20.03,-0.486527785005053,0.0237927508813346,-0.117582965209885,-0.00120812824631576
20.04,-0.479459661667032,0.0226848908854672,-0.110765731858178,5.85610530570524e-05
20.05,-0.472381111996338,0.0216490819072716,-0.103340070101799,0.00120339587874272
20.06,-0.465256531187463,0.020688138736606,-0.0954263052573841,0.00222542646173785
20.07,-0.458147493337996,0.0198087762072065,-0.0871435741600135,0.00312482065597579
20.08,-0.451019840294785,0.0190116942958752,-0.0786064255209055,0.0039026116539524
20.09,-0.443928710607273,0.0183010595177495,-0.0699282410302079,0.00456058059236744
20.1,-0.436841536987613,0.017675623568256,-0.0612047356642655,0.00510174425031939
20.11,-0.42980738472034,0.0171373165134781,-0.052537724184892,0.00553000870871996
20.12,-0.422795037253419,0.016683118124751,-0.0440253307868045,0.00585022087148118
20.13,-0.415847765970935,0.0163128224143287,-0.0357529765235998,0.00606796701304448
20.14,-0.408935649687674,0.0160218988418943,-0.0277974893793982,0.00618946479091349
20.15,-0.402096564611035,0.0158084161229178,-0.0202284686131148,0.00622146059570288
20.16,-0.395316728083208,0.0156673396645861,-0.0131089485806917,0.00617114834287329
20.17,-0.388584551075308,0.0155932080973363,-0.00649792801312461,0.00604616532586748
20.18,-0.381930629858958,0.0155820264981595,-0.000441195396746485,0.00585454837921236
20.19,-0.375328231820925,0.015626774538104,0.00501800258733503,0.00560478448169592
20.2,-0.368803507912897,0.0157224355023773,0.0098389658203122,0.00530552233198059
20.21,-0.362330930602742,0.0158614109622715,0.0140014063049222,0.0049654580190186
20.22,-0.355932765130278,0.0160380625660614,0.0174860038358006,0.00459262618462131
20.23,-0.349585090098581,0.0162445921025684,0.0202817822405963,0.00419501289411691
20.24,-0.343307101320634,0.0164750101513512,0.0223867797608803,0.00378010594261235
20.25,-0.33707671620355,0.0167216480440728,0.0238157956427396,0.00335565563259873
20.26,-0.330910463577612,0.016978668718659,0.0245881191997284,0.00292858383524133
20.27,-0.324788201076173,0.0172389036321577,0.0247277334854454,0.00250527438213826
20.28,-0.318724451073322,0.0174969077768521,0.0242661326681264,0.00209152366634315
20.29,-0.312701250162725,0.0177462345780625,0.0232385155267987,0.00169264492706744
20.3,-0.306731574677392,0.0179820642704957,0.0216862853218809,0.001313244819034
20.31,-0.300799771190722,0.0181988587640735,0.0196536109194706,0.000957284824081475
20.32,-0.294917792299436,0.0183926615072805,0.0171986318530145,0.000627850404048461
20.33,-0.289072389716788,0.018559001428663,0.0143572028118986,0.000328009043478553
20.34,-0.283274643828042,0.0186947378047633,0.0111800195663212,6.00201318437405e-05
20.35,-0.27751359871763,0.0187964322071204,0.00772110450880307,-0.000174504498652459
20.36,-0.271799778285464,0.0188619452804182,0.00403428492561373,-0.000374495000623946
20.37,-0.266124481108072,0.018888977430463,0.00017228861488874,-0.000539392324273994
20.38,-0.260497790518777,0.0188763807149317,-0.00381302363833491,-0.000669070646768557
20.39,-0.254913043768392,0.0188229470254359,-0.00787112776516138,-0.000763807376475327
20.4,-0.249379866814463,0.0187284809619636,-0.01195313390008,-0.000824250326628373
20.41,-0.243893366692291,0.0185927986332989,-0.0160124265117675,-0.000851397191306745
20.42,-0.238462671688446,0.0184165850934064,-0.0200046694044781,-0.000846555256148953
20.43,-0.23308708221219,0.0182006639885711,-0.0238866420631042,-0.000811227669004087
20.44,-0.227766983928704,0.0179463013071066,-0.0276211022055358,-0.000747247483754308
20.45,-0.222510583944421,0.017655313373719,-0.0311735189177613,-0.000656600138416822
20.46,-0.217316125803279,0.0173295928215674,-0.0345129425789582,-0.000541432849250469
20.47,-0.212191087338228,0.0169715348579894,-0.0376120723573648,-0.000404082137595572
20.48,-0.207134506119685,0.016583605603526,-0.0404474336468181,-0.000247057626461129
20.49,-0.202153097998902,0.0161686360781048,-0.0429990572558311,-7.29562934694636e-05
20.5,-0.197246490145913,0.0157295126810485,-0.0452511607226038,0.000115503747849842
20.51,-0.192420612162441,0.015269352830142,-0.0471916218776551,0.000315547242397841
20.52,-0.187675515652918,0.0147913054286882,-0.0488119781819851,0.000524389790365016
20.53,-0.183016317481091,0.014298630567852,-0.0501072301231881,0.000739274064867058
20.54,-0.178443315118037,0.013794593347947,-0.0510760208484113,0.000957500104509243
20.55,-0.173960772079777,0.0132824538866675,-0.0517213882093347,0.00117645094714453
20.56,-0.169569075811732,0.0127654373820896,-0.0520487914074923,0.00139360530496753
20.57,-0.165271616886364,0.0122466765792862,-0.0520656197523645,0.00160658206112597
20.58,-0.161068737069887,0.0117292563870043,-0.0517825125159321,0.00181313937577923
20.59,-0.156962940094342,0.0112160807549843,-0.0512128305278248,0.00201121057832527
20.6,-0.152954408942181,0.0107099770658825,-0.0503725537111028,0.00219890064020311
20.61,-0.149044754871524,0.0102135177345911,-0.0492795280918974,0.00237452431587266
20.62,-0.145233907014349,0.00972918169602257,-0.0479533681553215,0.00253661285849339
20.63,-0.141522592573955,0.00925913767904302,-0.0464153306912665,0.00268391535955405
20.64,-0.137910421874529,0.00880544808153993,-0.0446877132695984,0.00281540398939952
20.65,-0.134397272005194,0.00836982706230609,-0.042793776366529,0.00293025682060603
20.66,-0.130982410303978,0.00795387589099493,-0.0407579002059689,0.00302783469798617
20.67,-0.127664942236067,0.00755882161985483,-0.0386038221820761,0.00310773694617966
20.68,-0.124443801498033,0.00718579196115374,-0.0363553619775596,0.00316974346922349
20.69,-0.121317393828969,0.0068355375817129,-0.0340354744281914,0.00321387253496993
20.7,-0.118284134166501,0.00650868107133814,-0.0316686225347276,0.00324031405367819
20.71,-0.115342353049813,0.00620560355653352,-0.0292786868469806,0.00324948724153149
20.72,-0.112489525962439,0.00592634196905246,-0.0268877670754024,0.00324200867623847
20.73,-0.109723786383825,0.00567087261739858,-0.0245166265624432,0.00321862217428147
20.74,-0.107042104064087,0.00543881856323915,-0.0221843506343015,0.00318018731390733
20.75,-0.104442380128886,0.00522977439419582,-0.0199087752721851,0.00312765044139797
20.76,-0.101921211048584,0.00504300719039946,-0.0177064538368573,0.00306202612937005
20.77,-0.0994763625697193,0.00487778220583119,-0.0155924067848333,0.00298439293529656
20.78,-0.0971041965629595,0.00473306798292747,-0.0135800196448481,0.00289588540657667
20.79,-0.0948024347708376,0.00460786265083926,-0.0116810268888832,0.00279768059431136
20.8,-0.0925673243704495,0.00450090245436937,-0.00990546194751457,0.00269098894676476
20.81,-0.0903966229566571,0.00441098498942889,-0.00826162077650069,0.00257704070661126
20.82,-0.0882865680052136,0.00433668345764664,-0.00675605664766383,0.00245707450016151
20.83,-0.0862350222564663,0.00427666350456366,-0.00539372380982876,0.00233232632406174
20.84,-0.0842383011400694,0.00422940061388671,-0.00417831767683312,0.00220403343265994
20.85,-0.0822944253653111,0.00419348875809516,-0.00311155170480601,0.00207339812940309
20.86,-0.0803998624274405,0.00416737202833675,-0.00219330148906359,0.00194158227127562
20.87,-0.0785528431546059,0.00414964400298878,-0.001422192602326,0.00180969379374995
20.88,-0.0767500560694954,0.00413877996005531,-0.000795466324776851,0.00167878313841228
20.89,-0.0749899851201024,0.00413342753923725,-0.000308866487907025,0.00154983931655749
20.9,-0.0732695883801711,0.0041321487150313,4.27512668160681e-05,0.00142376940480441
20.91,-0.0715876283943757,0.00413369209154873,0.000265496561971427,0.00130141265767444
20.92,-0.0699413617927371,0.00413674557920964,0.000366480651093508,0.00118353872875291
20.93,-0.0683298326529753,0.0041401971990808,0.000353642483458904,0.00107084171454453
20.94,-0.0667506042263577,0.00414289673537646,0.000235622244830631,0.000963936614428408
20.95,-0.0652029943999572,0.00414390198246137,2.15951259610243e-05,0.000863355684442
20.96,-0.0636848714713008,0.00414224914675778,-0.000278841054245328,0.000769547498610068
20.97,-0.0621954317330689,0.0041371581703134,-0.0006557884821631,0.000682875742013513
20.98,-0.0607339819950719,0.00412794592444438,-0.00109915796627623,0.000603620009950789
20.99,-0.0592988273443753,0.00411395233611536,-0.00159877879566749,0.000531976956666315
21,-0.0578898938482721,0.00409472242821639,-0.00214451205285059,0.000468061850168984
21.01,-0.0565057533969551,0.00406980138410029,-0.00272633966541609,0.000411911699633135
21.02,-0.055146530324131,0.00403893107959134,-0.00333446519894306,0.000363487735836797
21.03,-0.0538110371650653,0.00400185500987232,-0.00395937854528624,0.000322680770593837
21.04,-0.0524995643496471,0.003958501672451,-0.00459194686412742,0.000289314919253611
21.05,-0.0512111346782138,0.00390879940267906,-0.00522347943260074,0.000263152595269279
21.06,-0.0499461703697275,0.00385284709460724,-0.00584573579719697,0.000243901813938692
21.07,-0.048703869369521,0.00379074000632632,-0.00645105397697046,0.000231224782927119
21.08,-0.0474847487789098,0.0037227253412529,-0.0070326290785487,0.000224725551918658
21.09,-0.0462881517057649,0.00364903846686762,-0.00758403023028001,0.000223974717862243
21.1,-0.0451146593961047,0.00357005091355477,-0.00809952439114618,0.000228505407947481
21.11,-0.0439637290426038,0.0034861146099953,-0.00857400302086385,0.000237819760464395
21.12,-0.0428359739680291,0.00339770021927669,-0.00900298368826726,0.000251411609805635
21.13,-0.0417309291407735,0.00330524948666841,-0.00938304274992231,0.000268751612893765
21.14,-0.0406492077993414,0.00320929911547428,-0.00971151549677112,0.000289302462013804
21.15,-0.0395903963303779,0.00311034627486635,-0.00998636968797264,0.000312526605543218
21.16,-0.0385550821584841,0.00300896532222937,-0.0102061791771829,0.000337892163136246
21.17,-0.0375428745698558,0.00290568366825483,-0.0103701196041563,0.000364878360550229
21.18,-0.0365543070451944,0.00280108917361335,-0.0104779913552962,0.000392978354173729
21.19,-0.0355889858993184,0.00269571491288259,-0.0105302006820815,0.000421703346856289
21.2,-0.0346473709237181,0.00259013790358405,-0.0105277293322415,0.000450586480749101
21.21,-0.0337290463902962,0.00248487326029852,-0.0104720888103558,0.000479186613526764
21.22,-0.0328343826049577,0.00238046528753807,-0.0103652781207022,0.000507091298393074
21.23,-0.0319629263213086,0.00227739076146283,-0.0102097380237885,0.000533919426714174
21.24,-0.0311147712344386,0.00217613309376977,-0.0100083033581765,0.000559323347219142
21.25,-0.0302899444081053,0.00207714346677777,-0.00976415239176765,0.000582990611238151
21.26,-0.0294879177226095,0.00198081117001242,-0.00948073193669308,0.000604646131223145
21.27,-0.0287087992920174,0.00188752748029129,-0.00916170172217672,0.000624055757064998
21.28,-0.0279520035964307,0.00179760917579436,-0.00881106798988097,0.000641018344397902
21.29,-0.027217530648235,0.00171136691601609,-0.00843283799913981,0.000655374678972995
21.3,-0.0265047376293674,0.00162903815661667,-0.00803117437879565,0.000667004630566302
21.31,-0.0258135195609208,0.00155084923099697,-0.00761027056640013,0.000675822506123305
21.32,-0.0251431806099927,0.0014769549704151,-0.00717434695955708,0.000681776024891549
21.33,-0.0244935226492755,0.00140749563586358,-0.00672766621766092,0.000684838443896622
21.34,-0.0238638092282795,0.00134254402348403,-0.00627414574467849,0.00068502173114885
21.35,-0.0232537623636624,0.00128215925769719,-0.00581770457617219,0.000682364705176106
21.36,-0.0226626143856059,0.00122633738042769,-0.00536220991503321,0.000676932554510395
21.37,-0.0220900222455578,0.00117505946684574,-0.00491134422015729,0.000668818513938683
21.38,-0.0215351994915611,0.00112824946223394,-0.00446854873431819,0.000658142233956376
21.39,-0.0209977511788626,0.00108581870198599,-0.00403701996080015,0.000645046270495079
21.4,-0.0204768826691737,0.0010476286165161,-0.00361968458708511,0.000629693444573084
21.41,-0.0199721608369092,0.00101353126050905,-0.00321918375569729,0.00061226441149621
21.42,-0.019482794389214,0.000983336485735421,-0.00283787685764055,0.000592954038547573
21.43,-0.0190083257459666,0.000956848507865323,-0.00247783293334278,0.000571968598767347
21.44,-0.0185479780784963,0.000933837026606662,-0.00214082458477441,0.000549523040438459
21.45,-0.0181012831499938,0.000914070245029373,-0.00182832299592718,0.000525838375448455
21.46,-0.0176674904343139,0.000897289555380015,-0.00154150144010102,0.00050113906132223
21.47,-0.0172461345562516,0.000883239228640224,-0.00128122791741121,0.000475650514781736
21.48,-0.0168365016979246,0.000871644287493518,-0.00104808135035774,0.000449596635779862
21.49,-0.0164381412207577,0.000862236974408177,-0.000842356282102282,0.000423197610222018
21.5,-0.0160503850644433,0.000854737352546596,-0.000664074787216652,0.000396667752749618
21.51,-0.0156727578006839,0.00084887458311533,-0.000512998530115779,0.000370213598090293
21.52,-0.0153047940595776,0.000844380932901979,-0.000388646411206213,0.000344032129089915
21.53,-0.0149459075704748,0.00084098827879569,-0.000290348150320398,0.000318310461793326
21.54,-0.014595725036668,0.000838444609109092,-0.000217206224440734,0.000293223461894577
21.55,-0.0142537205300322,0.000836500491942134,-0.000168101963635363,0.000268931091514458
21.56,-0.01391956323556,0.000834925818560103,-0.00014174424738676,0.000245578397069742
21.57,-0.0135927910318276,0.000833497569537141,-0.000136693522958584,0.000223294881179515
21.58,-0.0132731192744391,0.000832014038741681,-0.000151382186210924,0.000202193993058069
21.59,-0.0129601504515637,0.000830284068048575,-0.000184135879400174,0.000182372703511713
21.6,-0.0126536474896826,0.000828139022118899,-0.000233199967018914,0.000163911365990002
21.61,-0.0123532764248449,0.000825423278751432,-0.000296755642489632,0.000146873681751827
21.62,-0.0120588472919243,0.000822004180137278,-0.000372942839985476,0.000131306879717512
21.63,-0.0117700869356634,0.000817763639173181,-0.000459881656173136,0.000117242009928337
21.64,-0.0114868503692094,0.000812606212868334,-0.000555691128562188,0.0001046944624276
21.65,-0.0112089210443189,0.000806451694862397,-0.000658508818555787,9.36645573115679e-05
21.66,-0.0109361953780009,0.00079924151373706,-0.000766507484747919,8.41383237871123e-05
21.67,-0.0106685080012063,0.000790932206570169,-0.000877912308482233,7.60883227479129e-05
21.68,-0.0104057919907312,0.000781500330072434,-0.000991015025130394,6.94746283585755e-05
21.69,-0.010147926810431,0.000770936732275761,-0.00110418832833016,6.42458274130231e-05
21.7,-0.0098948767097653,0.000759250017682048,-0.00121593790169953,6.03384477389593e-05
21.71,-0.00964656004028352,0.000746461279128507,-0.00132483277348709,5.76793577208148e-05
21.72,-0.00940296724840994,0.000732607502128696,-0.00142949773184191,5.6188065290932e-05
21.73,-0.00916404853717978,0.000717736905704049,-0.00152874471288809,5.57747745020069e-05
21.74,-0.00892981487041578,0.000701910162284451,-0.00162150947763431,5.63448802366769e-05
21.75,-0.00870024121770285,0.000685196811874103,-0.00170684997587927,5.78011830086572e-05
21.76,-0.0084753511522937,0.000667676073950991,-0.00178395158022762,6.00449219276554e-05
21.77,-0.00825513517686716,0.000649433794818118,-0.00185213191761222,6.29765044602355e-05
21.78,-0.00803962151969628,0.00063056258270879,-0.00191083916686697,6.64963370923541e-05
21.79,-0.00782880809390196,0.000611159302967287,-0.00195965773981721,7.05056768660011e-05
21.8,-0.00762271528195946,0.000591324606934866,-0.00199830239369842,7.49072291037058e-05
21.81,-0.00742135903645735,0.00057116120154854,-0.00202661272162403,7.96058255887999e-05
21.82,-0.00722473628853582,0.000550772659893963,-0.00204454610281,8.45090841499163e-05
21.83,-0.00703286069046616,0.000530262453870728,-0.00205217142938414,8.95281139962976e-05
21.84,-0.00684572250792748,0.000509732777878099,-0.00204966350833403,9.45781391202684e-05
21.85,-0.00666332251742041,0.000489283453834427,-0.00203729545401357,9.95790989285935e-05
21.86,-0.00648564084116732,0.000469011231044054,-0.00201542862368655,0.000104456212747812
21.87,-0.00631266293565602,0.000449008554688774,-0.00198451018295753,0.000109140512619865
21.88,-0.00614435624805587,0.000429363261446558,-0.00194506122484243,0.000113569083718052
21.89,-0.00598068943126595,0.000410157278434191,-0.00189766749801103,0.000117685331215499
21.9,-0.00582161587151653,0.000391466754139316,-0.00184296924609923,0.000121439126206404
21.91,-0.00566708701900254,0.00037336075047481,-0.00178165151871648,0.00012478695156535
21.92,-0.00551704184882862,0.000355901744327653,-0.00171443549985167,0.000127691962099959
21.93,-0.00537141508653693,0.000339144339212267,-0.0016420691880046,0.000130124011241346
21.94,-0.00523013176113096,0.000323136089444434,-0.00156531916300814,0.000132059588508515
21.95,-0.00509311123011003,0.000307916129163469,-0.00148499027764493,0.000133480425134549
21.96,-0.00496026648378489,0.000293516227267554,-0.0014018510688516,0.0001343749103889
21.97,-0.00483150394968668,0.000279960090823451,-0.00131664569107414,0.000134737329168074
21.98,-0.00470672633933145,0.000267264474403066,-0.00123013728266961,0.000134566938791953
21.99,-0.00458582962777232,0.000255437948942447,-0.00114306960755038,0.00013386909204469
22,-0.00400048534521691,0.00373675385213107,-0.00105615676172605,0.000132655322553112
22.01,-0.00329670408305205,0.00605256246324789,0.000270220322230238,0.000177339875037051
22.02,-0.00235091732638182,0.00834490061742277,0.000959770195927963,0.000190900784384693
22.03,-0.00118524175438051,0.010644942258812,0.000166411944117938,0.000139818336638853
22.04,0.000188718178313785,0.0128833850471604,-0.002278366844788,3.26915303136672e-05
22.05,0.00183371566131818,0.0151566763126855,-0.00641382110356854,-0.000115353702574262
22.06,0.00384915792276441,0.0173995659040752,-0.0121495516618978,-0.000285428701953875
22.07,0.00635317572836591,0.0196780954311333,-0.019394621347076,-0.000460801625918226
22.08,0.00947206907801945,0.0220826629144294,-0.0280117853984885,-0.000625556110652572
22.09,0.0133392772340208,0.0244902529557151,-0.0378423954328787,-0.000765354426076253
22.1,0.0180619408297522,0.0270518607983242,-0.0488267225364816,-0.00087204685114579
22.11,0.0237508085242801,0.0295944484652515,-0.0608607869276996,-0.00093733298141028
22.12,0.0304505883225117,0.03227707487452,-0.0739357569312143,-0.000957550147685685
22.13,0.0382495859083178,0.0348829938430514,-0.087946077821135,-0.000926373767135228
22.14,0.0471225320954405,0.0375890949737298,-0.1028644750289,-0.000841167832083206
22.15,0.0571641271554428,0.0401462866492976,-0.118553164232484,-0.000695980559280149
22.16,0.068277038384843,0.0427575832907181,-0.134928077258648,-0.000487646302794471
22.17,0.0805929621928199,0.0451494174620604,-0.15179743761175,-0.000209624364942825
22.18,0.0939355889764251,0.0475557119723269,-0.169060347951881,0.000139746154933651
22.19,0.10850184222604,0.0496828637390369,-0.186496815511488,0.000566015172742994
22.2,0.124023387363361,0.0517966995638186,-0.20395394241578,0.00107111700426401
22.21,0.140785462450299,0.0535851560348009,-0.221165162403598,0.00166008628847503
22.22,0.158409609740278,0.0553454470574998,-0.237950897151576,0.00233338560957476
22.23,0.177288656537967,0.0567476345763739,-0.25408119880355,0.00309201697492237
22.24,0.196913678827763,0.0581184184141898,-0.269418294712019,0.00393268280943773
22.25,0.217803070520883,0.0591095024993427,-0.283787185883992,0.004852591903163
22.26,0.239298491720906,0.0600748598922794,-0.297094467672335,0.00584582973241626
22.27,0.261650719093184,0.0608396229454851,-0.309231259878647,0.0069068029186658
22.28,0.285271797472439,0.0612075827670951,-0.32016351976486,0.00802805144858046
22.29,0.309249615173857,0.0615711188632452,-0.329892635939276,0.00920105570969599
22.3,0.334498986435078,0.0615341769867839,-0.338429175587297,0.0104196615097306
22.31,0.359921306318997,0.0615110732443387,-0.345803907174906,0.0116754384178085
22.32,0.386617627075281,0.0610869995613106,-0.352033677770228,0.0129601976099215
22.33,0.41328770711692,0.060696551332291,-0.357149531222058,0.0142653567550443
22.34,0.440477730142407,0.0601335492870193,-0.361170059246833,0.0155837580174045
22.35,0.468946832683798,0.0591730188140025,-0.36413045879024,0.0169087376552228
22.36,0.497079874832873,0.058279617119215,-0.366064744086887,0.0182341857236898
22.37,0.526508851580612,0.0569946594379585,-0.367034097490426,0.0195540930980814
22.38,0.555398707422269,0.0557994819574733,-0.367112024697491,0.0208625410238619
22.39,0.584572118367778,0.0544660223419266,-0.366391240634865,0.0221536255677353
22.4,0.615090644786768,0.0527545326081915,-0.362491187504273,0.0234934184213157
22.41,0.644877372753941,0.0512460664846383,-0.34857776525392,0.0251935467617065
22.42,0.675010231073884,0.0497447452611275,-0.332892217590159,0.026799128590986
22.43,0.706735244328941,0.0479975784786654,-0.316630426476355,0.0282233840412001
22.44,0.737512344073331,0.0465288959118622,-0.299972968329781,0.0294585236746423
22.45,0.76992736911262,0.0448173127116341,-0.283060281416575,0.0305050188824649
22.46,0.801199469878467,0.0433957174875213,-0.266092793242531,0.0313677037244002
22.47,0.832639324493205,0.0420005250523189,-0.249244210715375,0.0320554475733502
22.48,0.865809699722885,0.040356044136434,-0.232562615656672,0.0325753901358834
22.49,0.897566646884551,0.0390080203658653,-0.216111780824656,0.0329328263792525
22.5,0.929415738099083,0.0376826510627281,-0.19998374206932,0.0331330480294009
22.51,0.963114899139298,0.036096201240538,-0.184256810915104,0.0331815614791812
22.52,0.995149732702991,0.034804927203606,-0.168985048782751,0.0330838585706224
22.53,1.02721867882836,0.0335263418209122,-0.154241370921901,0.0328462808464062
22.54,1.0593061259491,0.0322546076394857,-0.140873178440632,0.0324867898248691
22.55,1.09347452709715,0.0306412125038011,-0.137398826589424,0.0323472648344068
22.56,1.12577505041375,0.0291945511980009,-0.136586308151256,0.0322837230282692
22.57,1.15816567353644,0.027620011389167,-0.136154508033775,0.0322173342708272
22.58,1.19284220656237,0.0256276372733023,-0.135820823584858,0.0321374327810745
22.59,1.225402373944,0.0237936089819523,-0.13551664412769,0.0320417072759453
22.6,1.25796444558154,0.0218299577749213,-0.135209259986177,0.0319295049389244
22.61,1.29288529611399,0.0194478173972956,-0.134874117593484,0.031800944523216
22.62,1.32535778218072,0.017222926529665,-0.134510607986751,0.0316561718782033
22.63,1.35764372782558,0.0148654967400924,-0.134137848209574,0.0314946399699362
22.64,1.38963426343781,0.0123727441437574,-0.133771392061289,0.0313161215207345
22.65,1.42382113072541,0.00945514747975518,-0.13342329562142,0.0311208981806005
22.66,1.45476358835721,0.0066786206203279,-0.133102782451191,0.0309099740579684
22.67,1.48479378132031,0.00375098001902771,-0.132839185189082,0.0306853148347272
22.68,1.51643643882986,0.000386325403358395,-0.132641093415414,0.0304490959273135
22.69,1.54382206007581,-0.00285834217983183,-0.132503193560063,0.030203137127596
22.7,1.56939963075855,-0.0062669971464929,-0.132423240093376,0.0299487927945039
22.71,1.59581705984925,-0.0101118473529545,-0.132393268405091,0.029687515503827
22.72,1.61697386012165,-0.0138416063623474,-0.132405563068083,0.0294206929775206
22.73,1.63554026684871,-0.0177244733995868,-0.13245686632064,0.0291497097976197
22.74,1.65434152474153,-0.022014688816491,-0.132540678872111,0.0288758212502568
22.75,1.66723030956495,-0.0261706481482901,-0.132648126970682,0.0286000478666791
22.76,1.68014078066333,-0.0307086195033381,-0.136432234647228,0.0282124123733002
22.77,1.68688450718837,-0.0351825150188775,-0.149119057122022,0.0274627601697982
22.78,1.68326993120136,-0.0389462017797527,-0.162463240465711,0.026790158881468
22.79,1.67703200901949,-0.0429062412067934,-0.175473933080215,0.0262649087357759
22.8,1.66535828223203,-0.0468184216714435,-0.187913816690359,0.0258977879723403
22.81,1.65431171531997,-0.0511373589889048,-0.19959835764845,0.025690409222215
22.82,1.6410896597707,-0.0556067220260256,-0.21032583101063,0.0256410989080171
22.83,1.62308075443606,-0.0599933936689784,-0.21985712673072,0.025746306155947
22.84,1.60615870420286,-0.0647060003832498,-0.227929104332078,0.0260028430849018
22.85,1.58767196681819,-0.069499814009835,-0.234261556417908,0.0264062719520902
22.86,1.56515779999557,-0.0741527782122652,-0.238445010902617,0.0269514668009875
22.87,1.54413520178484,-0.0790277299546213,-0.240049532600818,0.0276304454426086
22.88,1.52202471014375,-0.083873905291252,-0.233812250315033,0.0282779442957867
22.89,1.49885753941217,-0.088574603954957,-0.217575976495861,0.0286941816826649
22.9,1.47226815226997,-0.0928997974892112,-0.197754653366541,0.0290536369939712
22.91,1.44722017859844,-0.0971586873348815,-0.174740594185543,0.0293569521080458
22.92,1.42128128156235,-0.101140998713406,-0.148597067603056,0.0295781745163115
22.93,1.39223732132805,-0.104661269811357,-0.119426929792541,0.029690074114589
22.94,1.36467275423467,-0.107999617724166,-0.0874801708527574,0.0296707304879154
22.95,1.3363114981424,-0.110970147490122,-0.0530598743681381,0.0294988748166595
22.96,1.30510944524595,-0.11341267940023,-0.0165044509817958,0.0291554049735003
22.97,1.27531642071212,-0.115584925915225,0.0218283753147753,0.0286224350891784
22.98,1.24484265050632,-0.117329122899057,0.0614587823809101,0.0278829700077875
22.99,1.21183092389129,-0.118513719337324,0.101830409832595,0.0269250399134075
23,1.18020687311745,-0.119381276236748,0.142333698583822,0.0257432319976665
23.01,1.14806587898123,-0.119807262491885,0.182351283831511,0.0243366709313883
23.02,1.11372957168625,-0.119692542835362,0.221343686504641,0.0227114238034002
23.03,1.08079548099321,-0.119268029116898,0.258816859543327,0.0208791583923688
23.04,1.04753185756379,-0.118439678947045,0.294321769359478,0.0188553031399143
23.05,1.01242666995989,-0.117135648215669,0.327505825001859,0.0166594403751195
23.06,0.978747481509187,-0.115571936973752,0.358074879191387,0.0143119538137603
23.07,0.944925473077962,-0.113678225385224,0.385744165121278,0.0118309909809285
23.08,0.90959978197237,-0.111406412896826,0.408967832380615,0.00919989448428679
23.09,0.875634717264924,-0.109008808579067,0.421398938860961,0.00615468096240072
23.1,0.840225983065185,-0.106401214008337,0.429201695139532,0.00304771743595401
23.11,0.806082917913542,-0.103771864677729,0.433642158854392,-1.74868732782056e-05
23.12,0.77188136958024,-0.101075104599271,0.435040294713102,-0.00301259631375689
23.13,0.736497298038403,-0.0982768693805192,0.433720095185811,-0.00591690652173106
23.14,0.702334359856327,-0.0955315050670348,0.430068242668054,-0.00871354171691624
23.15,0.667149396925747,-0.0927379250395522,0.424389310893462,-0.0113883131173954
23.16,0.633145144273722,-0.0900309811617961,0.416936571108561,-0.0139280592255713
23.17,0.598267836812426,-0.087317505840602,0.407910995036947,-0.016321697406293
23.18,0.564512258187855,-0.0846949601602873,0.403082047171901,-0.0187279170174232
23.19,0.530815980556522,-0.0820481136911218,0.402713847124944,-0.0212677072314552
23.2,0.496344154411513,-0.0793235714418765,0.402259436007343,-0.0237894008516584
23.21,0.462824126597298,-0.0766106009394514,0.401386576641851,-0.0262755738345349
23.22,0.428651060390129,-0.0738327798722356,0.400104757256644,-0.0287275791703291
23.23,0.395377689479453,-0.0710688047811082,0.398509546246611,-0.0311499240108157
23.24,0.361569932578417,-0.0682510827821468,0.39666474104591,-0.0335444463026297
23.25,0.328612001751173,-0.0654468212104148,0.394647510887197,-0.0359127147001858
23.26,0.295818762119172,-0.0626237541666011,0.392445565790638,-0.0382536125486375
23.27,0.262666520313294,-0.0597593222899833,0.389997677281369,-0.0405633344000589
23.28,0.230306840319455,-0.0569074680738916,0.387293398781124,-0.0428386664376136
23.29,0.197709929573802,-0.054022978996776,0.384334544486207,-0.0450775488797348
23.3,0.165879062529764,-0.0511517360029949,0.381132483294111,-0.0472785281073092
23.31,0.133927241799477,-0.0482561915747207,0.377704844953655,-0.0494402487195107
23.32,0.102716084290603,-0.0453745308544296,0.374087787482167,-0.0515615893712169
23.33,0.0714915994815255,-0.0424755401645471,0.37034861552732,-0.0536433558685773
23.34,0.0409821833009061,-0.0395895791862905,0.366544630107605,-0.0556872553201751
23.35,0.0105551625750031,-0.0366908563165723,0.362712038130455,-0.0576946254900223
23.36,-0.0191848739025913,-0.0338031626793961,0.358856692521518,-0.0596674679521249
23.37,-0.048760264902117,-0.0309063873290535,0.354991167692771,-0.0616071687478046
23.38,-0.077679707675955,-0.028018727916918,0.351152856668021,-0.0635148129905254
23.39,-0.1063663906546,-0.0251245764158634,0.34741866680326,-0.0653932042019678
23.4,-0.134431746374601,-0.0222362168414345,0.343835065770809,-0.0672447930410428
23.41,-0.162210528220455,-0.0193418868011,0.340421360503985,-0.0690706190700334
23.42,-0.18940504480389,-0.016449405247412,0.337181939859534,-0.0708715157193718
23.43,-0.21617050338152,-0.0135531772376857,0.334113217778629,-0.0726479322542185
23.44,-0.242589608281736,-0.0106513764722331,0.331207915386684,-0.0744001980821542
23.45,-0.268478444923925,-0.00774684104193735,0.328455547136745,-0.0761285254547684
23.46,-0.293991660140986,-0.00483744726368062,0.325842947398421,-0.0778330150005821
23.47,-0.319007462033168,-0.00192347917525181,0.323355835855915,-0.0795137046525776
23.48,-0.343624442088815,0.000994055165428104,0.320979278742267,-0.0811706142317287
23.49,-0.367774349088437,0.00391689498118218,0.318699048784644,-0.0828036492488653
23.5,-0.391507802205349,0.00684137541555286,0.316498443851184,-0.0844127685114325
23.51,-0.414799302927241,0.00977093770080914,0.314360796679701,-0.085997968654967
23.52,-0.437658116755248,0.0126997112563017,0.312263838099984,-0.087559466673026
23.53,-0.460093992404914,0.0156323487594104,0.310179415888676,-0.089097757685508
23.54,-0.482081145919456,0.0185610773426462,0.308092268872863,-0.0906129695437141
23.55,-0.503657453552591,0.0214916429504052,0.306001541224981,-0.0921050879268711
23.56,-0.524767455498949,0.0244151770974424,0.303907003376109,-0.0935739657546621
23.57,-0.54547147688323,0.0273385066391719,0.301812265326195,-0.0950196862555633
23.58,-0.565690264853964,0.0302521520929624,0.299731637229271,-0.0964428302123509
23.59,-0.585502647940824,0.0331639434858247,0.2976696367947,-0.0978438865760903
23.6,-0.604810900053088,0.0360640174582643,0.295621760427184,-0.0992231294687068
23.61,-0.623708693778218,0.0389606858951753,0.293581693024596,-0.10058071884327
23.62,-0.642084419907236,0.0418437132691095,0.291543812104187,-0.101916761288321
23.63,-0.660043738008461,0.044721633553173,0.289504196180206,-0.103231342116877
23.64,-0.677465582055147,0.0475840507504379,0.28746053328778,-0.104524558883769
23.65,-0.694465148870658,0.0504395992950794,0.285411372655221,-0.105796486638403
23.66,-0.710915731725071,0.0532779072325699,0.283354266096717,-0.107047205653993
23.67,-0.72693948130248,0.0561075737460792,0.281288189545709,-0.108276833486356
23.68,-0.742409836405062,0.0589243484739453,0.281565321501155,-0.109540430608831
23.69,-0.757499527841818,0.0617917359707502,0.287590866309968,-0.111030360841488
23.7,-0.772170502711565,0.0647284268659588,0.294124500528027,-0.112607897496331
23.71,-0.786358909594381,0.0677307423397618,0.300695018702177,-0.114251075087932
23.72,-0.800193386716578,0.0708071041424179,0.30702427728067,-0.115959318749959
23.73,-0.813494941671624,0.0738931156907393,0.302539607414996,-0.117321088078013
23.74,-0.826295161885706,0.0769080017259385,0.293140016882946,-0.118432493490286
23.75,-0.838444957582746,0.0798190197327673,0.282436747909165,-0.119410339144681
23.76,-0.850064451153328,0.0826255611079447,0.271163256080915,-0.120271753933298
23.77,-0.861029616187675,0.0853151220648285,0.259542140157239,-0.121021711031463
23.78,-0.871463417712746,0.0878919752454508,0.247641496431252,-0.121659940588582
23.79,-0.881247784378673,0.0903457478896819,0.235488563413644,-0.122184605798498
23.8,-0.890502142683125,0.0926810171132691,0.223112886656507,-0.12259371960809
23.81,-0.899113216618768,0.0948885433911262,0.210562812680791,-0.122885821408474
23.82,-0.907196238782078,0.0969735999660956,0.197916018987466,-0.123060236111012
23.83,-0.914642982440441,0.0989286756575301,0.185199167359644,-0.123114780461494
23.84,-0.921563143412804,0.100759255986535,0.172410695170063,-0.123047647312835
23.85,-0.927853211857775,0.102458330017154,0.159541988776189,-0.122857108651884
23.86,-0.933617337636228,0.10403082198879,0.146581987724818,-0.122541485438444
23.87,-0.938757188169307,0.105469962585573,0.133517422179567,-0.12209905490699
23.88,-0.943371350793021,0.106780000599175,0.120329653520261,-0.121528166350139
23.89,-0.947366940812254,0.107954232354397,0.106996813394382,-0.120827154228002
23.9,-0.950837048757753,0.108996083377551,0.0934924952155391,-0.119994329770898
23.91,-0.953694492333332,0.109898712478527,0.0797844173161862,-0.119028228643337
23.92,-0.956027149300042,0.110664568302952,0.0658466517983595,-0.11792745699647
23.93,-0.957754121024875,0.111286894756729,0.0517015743026989,-0.116692646000902
23.94,-0.958959172133929,0.111767920505183,0.0373473607783942,-0.115323715148604
23.95,-0.959567894727467,0.11210127866886,0.0227619782546707,-0.11381925254414
23.96,-0.959659116770607,0.112288419161098,0.00791457718804281,-0.112177368839454
23.97,-0.959198285150993,0.11232447691678,-0.00723190868567196,-0.110395761503991
23.98,-0.958156066620673,0.112204556415932,-0.0227169445660791,-0.108471632533247
23.99,-0.956603687149816,0.111928471719624,-0.0385819667279879,-0.106401875620708
24,-0.944058037973519,0.106669907683093,-0.0548716264508304,-0.104183269330422
24.01,-0.94264543566773,0.103828117915755,-0.0721555772287511,-0.101832707879699
24.02,-0.940907886264913,0.100804312008945,-0.0896884173817942,-0.0993123927483429
24.03,-0.938841546921728,0.0976472710969555,-0.107195210216381,-0.0966058008311085
24.04,-0.936450933915268,0.0942867028025823,-0.124628742425789,-0.093712744807667
24.05,-0.933841048584736,0.0907568074937357,-0.141937701458354,-0.0906374929718071
24.06,-0.931135336287646,0.0869225329529051,-0.159113435762321,-0.0873831705167704
24.07,-0.928486656072195,0.0828515790466108,-0.176146503121752,-0.083952416798372
24.08,-0.926035314222993,0.0783931427028027,-0.192854603150672,-0.0803523473794668
24.09,-0.923946636568313,0.0736641437139283,-0.209067328225984,-0.076593018799908
24.1,-0.922337503981415,0.0685101083878334,-0.224617936783157,-0.0726835608350507
24.11,-0.921352769427245,0.0631035314865964,-0.239341084376711,-0.0686353695652406
24.12,-0.921049477328833,0.0572860645940699,-0.253016680849034,-0.0644616806494654
24.13,-0.921557576133014,0.051278387199147,-0.265440876421378,-0.0601786179601199
24.14,-0.922868636091793,0.0449089542549538,-0.276388399783476,-0.0558035008984433
24.15,-0.925127877370306,0.0384359891523957,-0.285595033394253,-0.0513592366318782
24.16,-0.92826069158057,0.0316685626996506,-0.292726526378964,-0.0468738265093465
24.17,-0.932459361592174,0.0248970867144205,-0.297573010178107,-0.0423773686337332
24.18,-0.937575117335471,0.0179063823062804,-0.300011979351571,-0.0378990425735914
24.19,-0.943872356760058,0.0110121596698028,-0.299925387089612,-0.033469171904111
24.2,-0.951115021443837,0.00397761083162815,-0.296029128410807,-0.0291536527282146
24.21,-0.95967134083642,-0.00284247999015577,-0.288426755562532,-0.0249916476275341
24.22,-0.969189963726494,-0.00971264663363337,-0.278111733458946,-0.0209814078807003
24.23,-0.980131655941071,-0.0162702249461235,-0.265085198967873,-0.0171530848814564
24.24,-0.992008421796118,-0.0228081391736574,-0.249398433043325,-0.0135348508001094
24.25,-1.00540501088473,-0.0289433481592999,-0.231246941597045,-0.0101494168451487
24.26,-1.01967724205969,-0.0349967947935296,-0.210909075143051,-0.00701530338757122
24.27,-1.0355491857802,-0.0405701776787303,-0.188690758172571,-0.0041453850018802
24.28,-1.05220192734823,-0.046013931345461,-0.164861551966162,-0.00154717920817553
24.29,-1.06999968744519,-0.0511180439257683,-0.139673088697788,0.000774884817428017
24.3,-1.08948190920977,-0.0556541730118823,-0.113389314746965,0.00281755442363745
24.31,-1.10953993952141,-0.060015503202425,-0.0862855291442971,0.00457914830710565
24.32,-1.1313196852779,-0.0637692047341114,-0.0586650673583341,0.00605861115829344
24.33,-1.15350417547787,-0.0673349694329813,-0.0307956629442172,0.0072587942674593
24.34,-1.17743521489677,-0.0702680417411072,-0.00289949506791229,0.00818612128668727
24.35,-1.20157870966898,-0.0730124380438241,0.024801465816917,0.00884870197077405
24.36,-1.22660462610024,-0.0753464636362146,0.052100246945531,0.00925675578691049
24.37,-1.25340465025907,-0.0770330447020945,0.0788118316655004,0.00942241719140951
24.38,-1.28010608850915,-0.0785506532036871,0.104770408636317,0.00935967237735711
24.39,-1.30754074427932,-0.0796714590411275,0.129785094756287,0.00908257536697056
24.4,-1.33677475190722,-0.0801539779471018,0.153620695422381,0.0086042447497017
24.41,-1.3655837831635,-0.0805081722570792,0.176056919545048,0.00793877136479227
24.42,-1.39621451181223,-0.0802445667085747,0.196900224727639,0.00710099881950323
24.43,-1.42620360898057,-0.0798905265780715,0.21602686381626,0.00610832100478117
24.44,-1.45668200521466,-0.0792103777582692,0.233339104299448,0.00497835082011676
24.45,-1.48902897646959,-0.077956613407023,0.248721710912228,0.00372633871743481
24.46,-1.52041809855616,-0.0766792183328921,0.262122483216489,0.00236820130597231
24.47,-1.55217138497027,-0.075135264460333,0.27358942851589,0.000920908805388788
24.48,-1.58586294427685,-0.0730700363523543,0.283218618671943,-0.000599934887408523
24.49,-1.61829815138634,-0.0710475861205068,0.291147087034835,-0.00218030548810225
24.5,-1.65099362964684,-0.0688137149316897,0.297524368319789,-0.00380776399319538
24.51,-1.68572024861801,-0.0661039020215807,0.302499596679487,-0.00547074960154332
24.52,-1.71891218017207,-0.0634902907566925,0.306217019199877,-0.00715859665921735
24.53,-1.75228114406406,-0.0607078484544187,0.308825222441123,-0.00886099046514451
24.54,-1.78779293716026,-0.0574836660401034,0.31045012694709,-0.0105686609866648
24.55,-1.82150767389396,-0.0543947623272656,0.311190443493019,-0.0122738856310646
24.56,-1.85533014778745,-0.0511677453999621,0.311167458473348,-0.0139705791016863
24.57,-1.88923680702462,-0.0478103221921067,0.310468487367675,-0.0156534717946535
24.58,-1.92544183675429,-0.0440418749778415,0.309165083825817,-0.0173172055789559
24.59,-1.95949055918981,-0.0404417804580073,0.30734841726273,-0.0189575430724944
24.6,-1.99351990027458,-0.0367278575340459,0.305092332348226,-0.0205704804822012
24.61,-2.02990528134655,-0.0326163654419598,0.302462316780216,-0.0221523816998953
24.62,-2.0637819801432,-0.0286827540030194,0.299509907902804,-0.0237004032018022
24.63,-2.09742214155917,-0.0246408521815926,0.296300503757282,-0.0252123626861492
24.64,-2.13069611170253,-0.0204893522362773,0.292895393697368,-0.0266867831787793
24.65,-2.16609278694666,-0.0159416861219908,0.28933785288487,-0.0281225797472051
24.66,-2.19810159474869,-0.0115611783968633,0.285668720994077,-0.0295190187406074
24.67,-2.22906678905434,-0.00705904798880236,0.281917730510257,-0.0308752442505332
24.68,-2.26152931126641,-0.00215356695778438,0.278116905741503,-0.0321907285025208
24.69,-2.28958602422669,0.00260034352296545,0.274293982687545,-0.0334652778377085
24.7,-2.31572151607658,0.00748237234359442,0.270472205954142,-0.0346985244389862
24.71,-2.34261593028759,0.0127602990527125,0.266673589680537,-0.0358906088987009
24.72,-2.36416550137992,0.0178859223805109,0.262907176317088,-0.0370413517752958
24.73,-2.38307731828443,0.0231239819429948,0.259193430091739,-0.0381508115296174
24.74,-2.40220448083066,0.0287251999151879,0.255551098535762,-0.0392195521665418
24.75,-2.41542492764983,0.0341521279895185,0.251987878681992,-0.0402480647403047
24.76,-2.42870747784541,0.0399062172189682,0.248515683329643,-0.0412368230335518
24.77,-2.43901982490168,0.0457096732123715,0.245146538827753,-0.0421865855249682
24.78,-2.43330639673867,0.0501315565799708,0.241889118229691,-0.0430977921480027
24.79,-2.42826991268017,0.0548296838560595,0.238760611220079,-0.0439705577432879
24.8,-2.41810197518069,0.0593203921759412,0.235780407065025,-0.044805749775627
24.81,-2.40882291357447,0.0640609020939598,0.232960404601061,-0.0456046237858873
24.82,-2.39760647495537,0.0688272725822458,0.236057510410767,-0.0461795044540335
24.83,-2.38172192091029,0.0734885674565099,0.246096365021753,-0.0464592620498006
24.84,-2.36692849152693,0.0784859114307059,0.256772191846291,-0.046803369149728
24.85,-2.35055815904203,0.0835972086853853,0.267698351539744,-0.0472523661866693
24.86,-2.33275875558364,0.0888166172984403,0.278816272217229,-0.0478143721230582
24.87,-2.31108263212989,0.0939536146565667,0.289951143589428,-0.0484964890785038
24.88,-2.29081829570609,0.0993765655790388,0.300810197736474,-0.0493091424801424
24.89,-2.26940837529159,0.104885133167869,0.311129419171569,-0.0502597186974271
24.9,-2.24689650556604,0.110468568201178,0.320656335118247,-0.0513502425947745
24.91,-2.2209701175092,0.11595336958982,0.329101714011105,-0.0525810971652667
24.92,-2.19637557687917,0.121652054193553,0.336152628533073,-0.0539530404889314
24.93,-2.17072407701049,0.127379599930269,0.341389173121809,-0.0554658501607221
24.94,-2.14185751182135,0.132969365459117,0.344292115272952,-0.0571175821611791
24.95,-2.11417275245972,0.13868623155317,0.343185913812605,-0.0588829633340473
24.96,-2.08539088106733,0.144259952137252,0.324078648690247,-0.0601978887028067
24.97,-2.05344575018421,0.149430215230972,0.297664572037634,-0.0612821488409657
24.98,-2.02240674232182,0.154410475453344,0.26736198398554,-0.0622358896847665
24.99,-1.99027218609115,0.15902911175406,0.233365322945967,-0.0630387044785732
25,-1.95527328867945,0.163135034748814,0.195648073663366,-0.0636542859777273
25.01,-1.92117010118446,0.166922650208136,0.154209061177465,-0.0640427602895006
25.02,-1.8861423414252,0.170236156064081,0.109115425545328,-0.0641623975715667
25.03,-1.84859220866185,0.17293948408178,0.0604607165047993,-0.0639721528198344
25.04,-1.81194686103795,0.175202704868746,0.00862015638182478,-0.0634394948649912
25.05,-1.77455519319786,0.176892051099163,-0.0459484980075057,-0.0625378282171931
25.06,-1.73498367186571,0.17789561572021,-0.102797666432358,-0.0612382734496158
25.07,-1.69633229975703,0.178371598768674,-0.161384862767497,-0.0595124833844055
25.08,-1.65571982478355,0.178135812852366,-0.22103705630674,-0.057341860977538
25.09,-1.61602900467726,0.177344205892814,-0.280959571374039,-0.0547204223947235
25.1,-1.57587301869254,0.175916169155534,-0.34016752737685,-0.0516582621669534
25.11,-1.53407463780697,0.173797300428831,-0.397510191309091,-0.0481838186255315
25.12,-1.49319602908188,0.171170718561096,-0.446943140988992,-0.0441649246943269
25.13,-1.45079012924444,0.168002522654741,-0.487815298079516,-0.0396520590672767
25.14,-1.40921302906164,0.164481273032245,-0.523073396376068,-0.0349335174029748
25.15,-1.367343592148,0.160598814829266,-0.552640050423056,-0.0300923257070875
25.16,-1.32425768995339,0.156360874193813,-0.576538568589475,-0.0251901665361856
25.17,-1.28205201142711,0.151929276644172,-0.594928626537043,-0.0202769232592238
25.18,-1.23885287265002,0.147258497818566,-0.607905650027621,-0.0153858804206364
25.19,-1.19656146203182,0.142495349497382,-0.615764623607422,-0.0105474763805508
25.2,-1.15347662859319,0.137599973072818,-0.618967140775844,-0.00579311844712908
25.21,-1.11131067543977,0.132699044919297,-0.618008826103244,-0.00114934838337332
25.22,-1.06925511832841,0.127788482136046,-0.613405153798064,0.0033614100427167
25.23,-1.02665402492762,0.122847453404389,-0.611094263293133,0.00789035596347564
25.24,-0.984889955161004,0.117905848701866,-0.611240950507936,0.0125151662445829
25.25,-0.942644770056456,0.112895368145076,-0.611261873656087,0.0171441855812828
25.26,-0.901180219651784,0.107876153893509,-0.611027358913383,0.0217665704410807
25.27,-0.859353427988883,0.102797112786983,-0.610487921511679,0.0263743762489591
25.28,-0.818278598705509,0.0977108827683151,-0.609547609785027,0.0309580325155042
25.29,-0.776969668285984,0.0925768324999855,-0.608049382218347,0.0355065458882845
25.3,-0.736395855458143,0.0874417097303193,-0.606056863270805,0.040015822118353
25.31,-0.695711035680827,0.0822718450390411,-0.603696296051163,0.044486656328125
25.32,-0.65574344927929,0.0771048973787785,-0.600993463434496,0.0489179880636392
25.33,-0.615776383412636,0.0719132909576568,-0.597991908749147,0.0533090054764199
25.34,-0.576506455677674,0.0667268376364451,-0.594856225005001,0.0576638602273967
25.35,-0.537598990157313,0.061532113175894,-0.591645283766131,0.0619854638374772
25.36,-0.49883149380301,0.0563214421846858,-0.588362216825569,0.0662746359080968
25.37,-0.460721850845085,0.0511148101568402,-0.585001755162005,0.0705315235748355
25.38,-0.422827006511847,0.0458970887450189,-0.581560347995719,0.0747554883680613
25.39,-0.385561789466083,0.0406804335645919,-0.579830016057063,0.0789075186465956
25.4,-0.348665517096963,0.0353789381442857,-0.588471291278821,0.0826205975833419
25.41,-0.312548842753339,0.0299492967610206,-0.598418094425149,0.0863362340056976
25.42,-0.276950863301695,0.024388052386137,-0.605516024986144,0.090088116875929
25.43,-0.242192890523055,0.0187968044096894,-0.600280406651744,0.0934335820761936
25.44,-0.20814757216113,0.0132448856559156,-0.591937985072517,0.096624927122796
25.45,-0.174986098282756,0.00774761022298799,-0.58342270370053,0.0997555050052863
25.46,-0.142558588963084,0.00230244324976686,-0.575383560289931,0.102850225823078
25.47,-0.11095726466599,-0.00309508234639264,-0.567885735547836,0.10591488611239
25.48,-0.0800823971040057,-0.00844730440675815,-0.560921519162426,0.108952262488976
25.49,-0.049976244393414,-0.0137609739559682,-0.554492726331956,0.111965952696519
25.5,-0.0205864507618836,-0.0190361996914165,-0.548594983689939,0.114958888237429
25.51,0.00808420496921247,-0.0242816263197521,-0.543222398379714,0.117932386059761
25.52,0.0360465046183815,-0.0294953120108499,-0.538327452766459,0.12088624912183
25.53,0.0633275637459256,-0.0346866198631267,-0.533840282646189,0.123819717168844
25.54,0.0899013332613379,-0.0398508273961239,-0.529657796228737,0.126730767776019
25.55,0.115817775616556,-0.0449967016619133,-0.52569691695986,0.129616901405464
25.56,0.141019975154468,-0.0501171604076006,-0.521939230918893,0.132477687927198
25.57,0.165577249021416,-0.055221173356942,-0.518321398108097,0.135311888155005
25.58,0.189408462986561,-0.0602998935157539,-0.514777202482373,0.138116705933449
25.59,0.212597836302913,-0.0653616247718898,-0.511217607320314,0.140887636125325
25.6,0.235098103965117,-0.0704029477564657,-0.508741314810982,0.143644481417997
25.61,0.256868245633842,-0.0754455102015627,-0.50914318139609,0.146482231761087
25.62,0.278023420194605,-0.0805093885307793,-0.509734528684345,0.149334306835267
25.63,0.298445807792382,-0.085584255482251,-0.510291264283839,0.152190621536928
25.64,0.318248036719302,-0.0906784034511064,-0.510784863981608,0.15505184616243
25.65,0.337306268247867,-0.0957804513030986,-0.51115691474536,0.157921671823639
25.66,0.355742994131253,-0.10089765811034,-0.511346278373719,0.160802486204453
25.67,0.373433014301573,-0.10601761520011,-0.511298722051572,0.163694501588812
25.68,0.390505039183128,-0.111146430543932,-0.510969072472986,0.166596744297668
25.69,0.406833593799785,-0.116271038059333,-0.510313930147331,0.16950791811681
25.7,0.422551023828905,-0.12139646264276,-0.509282298261205,0.172426753220559
25.71,0.437533511286344,-0.126508971904134,-0.507816340128648,0.175351831023042
25.72,0.451915102085193,-0.131612194108395,-0.505851510892847,0.178281517592278
25.73,0.46557515139411,-0.136691518024939,-0.50331435162434,0.181213960981734
25.74,0.478648112523361,-0.141748824374358,-0.500124161008033,0.184146840615922
25.75,0.491018005935638,-0.146768389114985,-0.496201586429057,0.18707697936627
25.76,0.502818699647589,-0.151750198731508,-0.491474706341415,0.190000228958177
25.77,0.513939637441164,-0.156677605847005,-0.48588533774644,0.192911187929497
25.78,0.52451273916445,-0.161549094496066,-0.479388537391212,0.195803275276754
25.79,0.534432864034685,-0.166347635344295,-0.471951043338746,0.198668972375006
25.8,0.543828693479716,-0.171070669258951,-0.463545984503263,0.201500114474983
25.81,0.552600562123795,-0.175701157397356,-0.454156445564696,0.204287859326876
25.82,0.560873083444555,-0.180235819131879,-0.443790425332718,0.207023028032584
25.83,0.568558156489591,-0.184657842704696,-0.432257811636139,0.2097387078247
25.84,0.575785383336287,-0.188958300398631,-0.419112063372532,0.212388665251717
25.85,0.582465928771361,-0.193117667512507,-0.404855957204911,0.214941032346231
25.86,0.588711835721039,-0.19713202384834,-0.389698111167178,0.217381555933826
25.87,0.594483267697657,-0.200989748169622,-0.373726407975171,0.219700724045955
25.88,0.599746322243529,-0.204680571897016,-0.357044964236855,0.221894298927473
25.89,0.604606311727588,-0.208203051616475,-0.339719927498589,0.223960824620235
25.9,0.60898841000305,-0.211545642941649,-0.321773008537411,0.225898367232609
25.91,0.612995094258721,-0.214707186119594,-0.303241652390932,0.227703721651093
25.92,0.616558802900754,-0.21767694864678,-0.284107351790519,0.22937253502367
25.93,0.619777747690204,-0.22045348544018,-0.264387230069494,0.23090109720891
25.94,0.622590897842891,-0.223026682871192,-0.244107888823571,0.232284886279967
25.95,0.625091687907373,-0.225395296361071,-0.223300537649279,0.233518345133857
25.96,0.62722422793052,-0.227550188246357,-0.20200147071302,0.234595685074432
25.97,0.629076127636497,-0.229490369880222,-0.18020655864383,0.235510862537764
25.98,0.630595722951419,-0.231206738622177,-0.15785323464318,0.23625678410776
25.99,0.631864381891573,-0.232697409929711,-0.134976597385513,0.236826068232084
26,0.632834014748706,-0.233953991555773,-0.111619006073805,0.2372114579329
26.01,0.633579612419517,-0.234975108384464,-0.0878159456495943,0.237405908407432
26.02,0.634056219968759,-0.235753394600707,-0.0635997442189511,0.237402618837436
26.03,0.634332557029619,-0.236287825213019,-0.0389967376646338,0.237195051030484
26.04,0.634366524326644,-0.236571870490194,-0.0140338119783885,0.236776648891409
26.05,0.634220679351217,-0.236604777396354,0.0112602411789188,0.236141094614845
26.06,0.633855447382517,-0.236380848889923,0.0368570502584783,0.235282359903433
26.07,0.633327433012965,-0.235899665571446,0.0627238412744888,0.234194703489166
26.08,0.63259940816098,-0.235156403361892,0.0888317031083154,0.232872739161913
26.09,0.631722267480075,-0.2341509651468,0.115159235068545,0.231311249280664
26.1,0.630660929735843,-0.232879220298595,0.141681719424789,0.229505377851075
26.11,0.629460868169804,-0.231341335436057,0.168374000960613,0.22745067313701
26.12,0.628089062267561,-0.229533927737145,0.195203929405096,0.225143074985031
26.13,0.626585928114346,-0.227457578241525,0.222138576049654,0.222578917059288
26.14,0.624936422315256,-0.225110510874324,0.249148276728457,0.219754912023733
26.15,0.623128075752583,-0.22249145168843,0.276197980528872,0.216668317876901
26.16,0.621194342590482,-0.21960174389296,0.303241938260274,0.213317007777896
26.17,0.619106964568294,-0.216440259869782,0.330245553299656,0.209699384382463
26.18,0.61689527918905,-0.213008869810869,0.357184333741876,0.205814384543774
26.19,0.614532860556317,-0.20930716923508,0.384026544875595,0.201660953719297
26.2,0.612045168527809,-0.205337537513169,0.410735961233044,0.197238799171892
26.21,0.609407613818124,-0.201099991447131,0.437354537761754,0.192548642439708
26.22,0.606642799866416,-0.196596486118312,0.463888473712332,0.187591429464437
26.23,0.60372849237414,-0.191826685212508,0.490384954121627,0.18236680366617
26.24,0.600684296003235,-0.186791268106851,0.516973782538867,0.176872384375473
26.25,0.597488126735418,-0.181487173575161,0.543903828178582,0.171097071542507
26.26,0.594152982655133,-0.17591120215714,0.571234125018489,0.165030324517677
26.27,0.590655102153509,-0.170058915403259,0.598922564108212,0.158666324223024
26.28,0.587003987832024,-0.163927420993426,0.626970098968983,0.152000793342973
26.29,0.58317703998515,-0.157512163859886,0.655472034118474,0.145026865837203
26.3,0.579179859597158,-0.150808003742945,0.684637562433603,0.137732715995157
26.31,0.574989009885859,-0.143807315172225,0.714519420211819,0.130111008286672
26.32,0.570608293989972,-0.136504867026776,0.744806008767245,0.122160639778412
26.33,0.566018436748953,-0.12889807556889,0.77518362280377,0.113884772456221
26.34,0.561224813581964,-0.120987375824408,0.805473916462317,0.105288569118753
26.35,0.556214294689897,-0.112775757334957,0.835154183910047,0.0963910215047303
26.36,0.551000846971732,-0.104274575386434,0.863281555248289,0.0872294987876218
26.37,0.545589162265495,-0.0955059119377636,0.888546432514956,0.077861684060478
26.38,0.540013339254549,-0.0865076964124285,0.909300049163749,0.0683632253316871
26.39,0.534300965688922,-0.0773322734492964,0.924292039904772,0.0588133779474568
26.4,0.528501028118834,-0.0680416947152516,0.932765448867108,0.0492900269973765
26.41,0.522660082888453,-0.0587123631684172,0.931920889278367,0.0399161142139551
26.42,0.516838672174061,-0.0494534127723624,0.920541142418294,0.0308038869231909
26.43,0.511087942185599,-0.0403441045755149,0.902898202572256,0.0219505913421849
26.44,0.505425915504372,-0.0314380940372728,0.880478844147884,0.0133541137516602
26.45,0.499867814709934,-0.0227778883472855,0.854225618051767,0.00502371571901761
26.46,0.494411234914038,-0.01439662418815,0.825093091214308,-0.00303058366010283
26.47,0.489056092380402,-0.00631841571655527,0.793900713237352,-0.0108025182814483
26.48,0.483790660640759,0.00143925776983857,0.761183729804943,-0.0182823572249356
26.49,0.47860881382383,0.00886375902849999,0.72742682155846,-0.0254613217587502
26.5,0.473497660570747,0.0159463488743129,0.692855023059524,-0.0323277078479307
26.51,0.468452150751955,0.0226791628313606,0.657546805327679,-0.0388666185497731
26.52,0.463463518701222,0.029055546980808,0.621619508336176,-0.045067192586029
26.53,0.458529162145047,0.0350697081852334,0.585146258637437,-0.0509189975489607
26.54,0.453643478817878,0.0407165785331889,0.548196475886725,-0.0564133314453934
26.55,0.448805723532967,0.0459916771073801,0.510815826497394,-0.0615424810502812
26.56,0.444012620394414,0.050890780837666,0.473022981718788,-0.0663001417519652
26.57,0.439264310018904,0.0554098922644585,0.434838212701613,-0.0706812219754101
26.58,0.434558380073192,0.0595454360607203,0.396343880551505,-0.0746834766853218
26.59,0.429895451460593,0.0632914166478558,0.355590285300581,-0.0782672226705282
26.6,0.425352263514013,0.0665533585646589,0.30129537330291,-0.0809497288665736
26.61,0.421013155714566,0.0692486417970313,0.243523469697395,-0.0829603970955638
26.62,0.416888113846233,0.0713607000923775,0.184883336227942,-0.084383465330329
26.63,0.412975021683109,0.0728843241340243,0.125903901859723,-0.0852324098628972
26.64,0.409268130720012,0.0738173088137414,0.0667918628632499,-0.0855100984100565
26.65,0.405761306258655,0.074159118028219,0.00767393181893615,-0.0852168157099502
26.66,0.402448279718404,0.073910196252713,-0.0513465653818573,-0.0843522987177176
26.67,0.399323110942258,0.0730722204339378,-0.110152287368219,-0.0829164933392352
26.68,0.396380410933566,0.0716479718289709,-0.16861508728681,-0.0809114022790815
26.69,0.393614802914239,0.0696417244148691,-0.226566913376086,-0.0783428390619317
26.7,0.39101952522014,0.0670600104910076,-0.283738556530859,-0.0752216095897538
26.71,0.388586350693611,0.0639128375130634,-0.339685652948388,-0.0715674427166188
26.72,0.386302222411977,0.0602159394219354,-0.393749274939068,-0.0674116953225152
26.73,0.384148922731104,0.0559930160911904,-0.444983766501449,-0.0628020470480988
26.74,0.382098285576191,0.0512788420352764,-0.492201775140255,-0.0578051134376594
26.75,0.380113466850763,0.0461200230110423,-0.534245335613921,-0.0524979371558969
26.76,0.378148561421467,0.0405735613505437,-0.570216796354983,-0.0469579295018466
26.77,0.376154739522912,0.0347034920727681,-0.599544448010317,-0.0412577410985595
26.78,0.374081009856594,0.0285781765712518,-0.62192678860431,-0.035463378145295
26.79,0.371880058807531,0.0222675192826659,-0.637300031644425,-0.0296342487668449
26.8,0.369507526079541,0.0158411152988371,-0.645797666443233,-0.0238223931598739
26.81,0.366926842782541,0.00936597840691038,-0.647758135970097,-0.0180727430102519
26.82,0.364107635850872,0.00290465623663909,-0.643747834806368,-0.0124198552858927
26.83,0.361030560198209,-0.00348742491846498,-0.634569002285509,-0.00688721853273369
26.84,0.357684408266849,-0.00976331108888109,-0.621075387355267,-0.0014915322824288
26.85,0.354067147228346,-0.0158834649007374,-0.603873520827451,0.00374626111248053
26.86,0.350178904281932,-0.0218129769696188,-0.583352548923799,0.00879954306093562
26.87,0.346023224071717,-0.0275205294551445,-0.559843009026545,0.0136411613408744
26.88,0.341602994498066,-0.0329780064995843,-0.533677315970782,0.0182456839590031
26.89,0.336923412446526,-0.0381606419541928,-0.505166891775909,0.0225900556366915
26.9,0.331988612135588,-0.0430464902210557,-0.474592384564797,0.0266544615324915
26.91,0.326805100216912,-0.0476164861391331,-0.442226050569852,0.0304222205250048
26.92,0.321378497462003,-0.05185392723058,-0.40829371190511,0.0338794331782904
26.93,0.31571718433737,-0.0557443833091266,-0.373007402226916,0.0370156569838318
26.94,0.309829057348305,-0.0592753059727854,-0.336550925103349,0.03982186064731
26.95,0.303724280150907,-0.0624359187365136,-0.299086674564352,0.0422906401994459
26.96,0.297414018870685,-0.0652169918105231,-0.260762204749271,0.0444160178967673
26.97,0.290909319801443,-0.0676108242863991,-0.221765432038494,0.0461940905066806
26.98,0.284223810092478,-0.0696120220941528,-0.182321787326612,0.0476226928092207
26.99,0.277370531342498,-0.0712169501278985,-0.142583759738084,0.0487010287317238
27,0.270364682262899,-0.072423436189705,-0.102678483452826,0.0494287152471505
27.01,0.263220353704408,-0.0732302353673731,-0.0626879047150619,0.0498053092418708
27.02,0.255953134272104,-0.073636951452631,-0.022686591589896,0.0498297716277617
27.03,0.2485765869438,-0.0736438526206374,0.0172490748029718,0.0494998405784051
27.04,0.241105094487275,-0.0732520958084256,0.0570328856324944,0.0488152728468615
27.05,0.23355141352218,-0.0724637309201533,0.0965599962543516,0.0477775595275284
27.06,0.225929626289566,-0.071281990585355,0.135708256932575,0.0463902191003023
27.07,0.21825288422473,-0.0697114693987679,0.174454757254,0.0446597588344661
27.08,0.210515585536839,-0.0677327131435555,0.217167817550744,0.0424279888250775
27.09,0.202704930708029,-0.0653304757925594,0.258520742216422,0.0398215404741175
27.1,0.194853487236253,-0.0625321530955356,0.29660720776397,0.0369429147340909
27.11,0.187000414354291,-0.0593729570967436,0.330983168297399,0.0338354263430415
27.12,0.179187309682484,-0.0558922415426367,0.361249913729341,0.0305411864436216
27.13,0.171454928770476,-0.0521329987185391,0.387073263855984,0.0271024068603587
27.14,0.163844221973806,-0.0481409471897851,0.408249062645634,0.0235604894433972
27.15,0.156393315212922,-0.0439630271997096,0.424704096506947,0.0199545628342621
27.16,0.149138216386627,-0.0396463597039752,0.43648150960876,0.0163197842469066
27.17,0.142109949312522,-0.0352370261248,0.443712422388493,0.0126889278845671
27.18,0.135336181137469,-0.0307795829390948,0.446573548393267,0.00909198787049765
27.19,0.128839235489496,-0.0263164986793579,0.445295390765933,0.00555752911462456
27.2,0.122638256461057,-0.0218876281787925,0.44016871704364,0.00211288499901392
27.21,0.116747863841093,-0.0175297569502038,0.431502838559537,-0.0012167165160307
27.22,0.111179832890927,-0.0132765994719904,0.419602839347104,-0.00440843543764625
27.23,0.105942783692297,-0.00915884820253182,0.404774010820227,-0.00744119260754323
27.24,0.101042026962308,-0.00520410196218604,0.387318003127596,-0.0102957505290224
27.25,0.0964811940623198,-0.00143704126612012,0.367529545183765,-0.0129548114416908
27.26,0.0922611447970141,0.00212063941218646,0.345696571153812,-0.0154028550203614
27.27,0.088381611740366,0.00544984599242999,0.32206793638987,-0.0176264591005116
27.28,0.0848399340133987,0.00853404086414446,0.296897447150563,-0.0196146724306224
27.29,0.0816324137556768,0.0113591217572938,0.27042538879292,-0.0213585487114507
27.3,0.0787532758428258,0.0139133403237841,0.242879963527413,-0.0228510269465187
27.31,0.0761958671843121,0.0161871809877558,0.21448302272949,-0.0240872911265591
27.32,0.0739515997526725,0.0181733035573525,0.185445697150077,-0.0250645182314719
27.33,0.0720109305680312,0.019866456914825,0.155982264396249,-0.0257825303064025
27.34,0.0703622372975783,0.0212637412773786,0.126344571978196,-0.0262438147682072
27.35,0.0689926029730294,0.022364819396331,0.0967885297355411,-0.0264540323189206
27.36,0.0678869191576199,0.0231719188847859,0.0675662037099619,-0.026420876042751
27.37,0.0670289309535637,0.0236896327940316,0.0389054644494379,-0.0261538648419902
27.38,0.0664006256119141,0.0239248281514868,0.0110334735149157,-0.0256640277083141
27.39,0.0659831826665593,0.0238866225877711,-0.0158283639515262,-0.0249642568712476
27.4,0.0657563625510553,0.0235863208717135,-0.0414615423634904,-0.0240691965984592
27.41,0.0656993573659159,0.0230373359767346,-0.0656630808858861,-0.0229951489094284
27.42,0.0657902236501,0.0222551061794393,-0.0882324967624454,-0.0217599118565151
27.43,0.0660068443523869,0.0212569241309086,-0.108996456921744,-0.0203820145547365
27.44,0.0663265551801073,0.0200617243125005,-0.12780048791705,-0.018880938498408
27.45,0.0667269925316241,0.0186898149822299,-0.144519358944199,-0.0172766480054997
27.46,0.0671857232774622,0.0171625864850309,-0.159065632613802,-0.0155898163254224
27.47,0.0676809015933388,0.0155020615124657,-0.171383786231391,-0.0138409632316137
27.48,0.0681911962907042,0.0137308091022566,-0.181430140350411,-0.0120496514333672
27.49,0.0686964919214921,0.0118715952034634,-0.189200018161902,-0.0102350603701239
27.5,0.0691778660673696,0.00994709844270836,-0.194714616058584,-0.00841578231709691
27.51,0.0696175521824491,0.00797962049338165,-0.198024148581799,-0.00660963815659697
27.52,0.0699994862542335,0.00599084379057319,-0.199198984127033,-0.00483324498122647
27.53,0.0703089657491907,0.00400163662769894,-0.198330214206253,-0.00310235835950976
27.54,0.0705330815097849,0.00203187169507942,-0.195522972556605,-0.00143149841183662
27.55,0.0706603823537577,0.000100261290184034,-0.190902384724404,0.000165861530592513
27.56,0.0706811910334499,-0.001775740102828,-0.18459265507259,0.00167767730745375
27.57,0.0705873562310249,-0.00357998658701431,-0.176732675154431,0.00309329357941927
27.58,0.0703725171397016,-0.0052977862853519,-0.167471240547277,0.00440335029126285
27.59,0.0700317784877278,-0.0069159635955128,-0.156962528523684,0.00559983685726406
27.6,0.0695618863444718,-0.00842291798671876,-0.145364389158891,0.00667606037082872
27.61,0.0689611678370143,-0.00980879814394717,-0.132881582334449,0.00762843266616589
27.62,0.068230041521872,-0.0110659367327431,-0.119717907931457,0.00845544376740943
27.63,0.0673704912579032,-0.0121884933928285,-0.106048541375367,0.00915620710250544
27.64,0.0663859739351187,-0.0131723099597259,-0.0920359807905384,0.0097306785593022
27.65,0.0652809781655961,-0.0140148222378691,-0.0778358702437189,0.0101797520138826
27.66,0.0640611492527299,-0.0147149532540926,-0.0635931820125187,0.0105058562274979
27.67,0.0627330359320837,-0.0152730506981289,-0.0494463912148257,0.0107123291058307
27.68,0.0613040873549755,-0.0156906164450946,-0.0354796771239642,0.0108031568205742
27.69,0.0597819879132704,-0.0159697460003408,-0.0217534220879555,0.0107803384487918
27.7,0.0581743520225073,-0.0161131278129621,-0.00831949511264855,0.010647156952785
27.71,0.0564891596316173,-0.0161242000675569,0.00472983842042081,0.0104089094428808
27.72,0.0547350540065548,-0.0160072984693769,0.0172976079639011,0.0100724633120892
27.73,0.0529216413449474,-0.0157680520663944,0.0292305929255368,0.00964713032716482
27.74,0.051059572996536,-0.0154135698199781,0.040400476393849,0.00914275519009206
27.75,0.0491599998600023,-0.0149519675689805,0.0507225993950409,0.00856876297511267
27.76,0.0472343089751499,-0.0143920909913797,0.0601331475483624,0.00793442983303361
27.77,0.0452939082521988,-0.0137433627984888,0.0685778225880161,0.0072491842989275
27.78,0.0433500859235689,-0.0130156939962032,0.0760133015139693,0.00652242939175984
27.79,0.0414139188179306,-0.0122194635510848,0.0823825743801323,0.00576368259157106
27.8,0.0394961246834376,-0.0113652714439423,0.0877150202670895,0.00498235318620033
27.81,0.0376070008292642,-0.0104635693936774,0.0919861210860397,0.00418724578358178
27.82,0.0357562176218629,-0.00952495412751385,0.0952035703016948,0.00338680642988204
27.83,0.033952758424654,-0.00855987423814803,0.0973860708233942,0.00258908495717759
27.84,0.0322048279729712,-0.00757850678221406,0.0985665698765936,0.00180167551658591
27.85,0.0305198385920438,-0.00659065719561331,0.0987858309850709,0.00103169010457436
27.86,0.0289043593209426,-0.00560568517765991,0.0980909898982883,0.000285707420748059
27.87,0.0273641153218351,-0.00463244602675122,0.0965348864848401,-0.000430296544129759
27.88,0.0259039296784929,-0.0036792309869893,0.0941776848641158,-0.00111103302778927
27.89,0.0245277460861777,-0.0027537017157028,0.0910832240892473,-0.00175176318643685
27.9,0.0232386243006388,-0.00186287430170012,0.0873168353081751,-0.00234839556681023
27.91,0.0220387676606713,-0.00101309623300461,0.0829470214318105,-0.00289742848177218
27.92,0.0209295435815164,-0.000210012125047191,0.0780449210261425,-0.00339596299986393
27.93,0.0199115152006151,0.0005414486335723,0.0726825486420582,-0.00384176809891173
27.94,0.0189844473623335,0.00123708601084814,0.0669334407644176,-0.00423333511507629
27.95,0.0181473184420629,0.00187344536722935,0.0608731104880151,-0.00456978767038463
27.96,0.01739839175608,0.00244782334406787,0.054575038070806,-0.00485076668073962
27.97,0.0167352628878525,0.00295822425646503,0.0481083707013732,-0.00507645697134093
27.98,0.016154929232763,0.00340332981439291,0.041539589926516,-0.00524749224697568
27.99,0.0156538513629041,0.00378247288290553,0.034932759864257,-0.0053649297157328
28,0.0152280326703176,0.00409561451664987,0.0283497810902777,-0.00543020177507873
28.01,0.0148730984792502,0.004343326626593,0.0218505840233071,-0.00544504713360663
28.02,0.0145843614166665,0.00452675477998193,0.0154908381345756,-0.00541168538593112
28.03,0.0143568557671427,0.00464759415706669,0.00932468062131466,-0.00533266784231026
28.04,0.0141854201865845,0.00470805223330729,0.00340011768292725,-0.00521077783604229
28.05,0.0140647747414633,0.00471077902980779,-0.00224087845478466,-0.00504903159013415
28.06,0.013989563581366,0.00465882291406929,-0.00756056055628518,-0.00485068396081649
28.07,0.0139544094200774,0.00455558026092774,-0.0125264062196755,-0.00461920559533476
28.08,0.013953938602481,0.00440474973643511,-0.0171099816974429,-0.00435823817958321
28.09,0.0139828323075735,0.00421029274796094,-0.021286845338518,-0.00407156463689488
28.1,0.0140358490571524,0.00397639083038815,-0.0250371718768835,-0.00376304929281664
28.11,0.014107881151344,0.00370739373458647,-0.0283465030836798,-0.00343658912734824
28.12,0.0141939725766198,0.00340776944440004,-0.0312052415665255,-0.00309610054993651
28.13,0.0142893648771647,0.0030820546866091,-0.033608510813896,-0.00274544767879588
28.14,0.0143895169574897,0.00273481027397765,-0.0355561788745374,-0.00238840669769126
28.15,0.0144901479767228,0.00237057432775013,-0.0370521967560589,-0.0020286440788287
28.16,0.0145872417968089,0.00199382432895868,-0.0381044947845952,-0.00166972104893241
28.17,0.014677069092988,0.00160893576189101,-0.0387247722888304,-0.00131504162684601
28.18,0.0147562084592376,0.00122015455944151,-0.0389273207778648,-0.000967749814260986
28.19,0.0148215726244274,0.00083155807458635,-0.0387311222218623,-0.000630828693134486
28.2,0.0148703961144898,0.000447013149304858,-0.0381585994967381,-0.000307014464913906
28.21,0.0149002605145929,7.01510649465558e-05,-0.0372342321943349,1.22194338499119e-06
28.22,0.0149090855712259,-0.000295653787556892,-0.0359846242753477,0.000291690770181365
28.23,0.0148951490284617,-0.000647302724839995,-0.0344380440102315,0.000562491620020658
28.24,0.0148570728087627,-0.000981988113275717,-0.0326243114151482,0.000812019213062272
28.25,0.0147938366986216,-0.00129720691846644,-0.0305743055221914,0.00103896263444402
28.26,0.014704754715634,-0.00159077122568717,-0.0283200216699563,0.00124229211070066
28.27,0.0145894803062019,-0.00186081544771425,-0.0258937364864833,0.00142127200540206
28.28,0.0144479805537898,-0.00210579729127594,-0.0233278623249525,0.00157544562422417
28.29,0.0142805329305311,-0.00232450010620948,-0.0206550868827602,0.00170460847747737
28.3,0.0140876836344086,-0.00251603227436107,-0.017907409350669,0.00180878154629905
28.31,0.013870237031564,-0.00267981287955496,-0.0151153255470206,0.00188826358608372
28.32,0.0136292434704464,-0.00281555906711036,-0.0123078025015821,0.00194359652603478
28.33,0.013365974322169,-0.00292327415226491,-0.00951382503164276,0.00197553346232771
28.34,0.013081906484337,-0.0030032517202798,-0.0067615048640804,0.00198505617125515
28.35,0.012778703817971,-0.00305604520559816,-0.00407542240364133,0.00197338143615683
28.36,0.012458207571922,-0.00308244430523546,-0.00147836493612213,0.00194185664495466
28.37,0.0121223927615679,-0.0030834542729741,0.00100908916578562,0.00189193927374794
28.38,0.0117733489804941,-0.00306027494682992,0.00336848086729182,0.001825175695727
28.39,0.0114132390321693,-0.00301427727325267,0.00558372740900392,0.00174317952043054
28.4,0.0110442800356596,-0.00294698199506943,0.00764082843195538,0.00164761367926612
28.41,0.0106687052130141,-0.00286003720812313,0.00952803676705937,0.00154017465685994
28.42,0.0102887479401437,-0.00275519633313542,0.0112358743607037,0.00142257658012614
28.43,0.00990660822602774,-0.00263429528933398,0.0127570110639662,0.00129653740397929
28.44,0.00952444183639223,-0.00249923164720825,0.0140863297306255,0.0011637694303098
28.45,0.00914433095325773,-0.00235194241060085,0.0152207488380995,0.00102595015484009
28.46,0.00876827250192402,-0.00219438354933194,0.016159452986571,0.000884704495171671
28.47,0.00839814969092068,-0.002028507735804,0.0169035273734511,0.000741587382339147
28.48,0.00803572553732934,-0.00185624752088443,0.0174558636224818,0.000598092397384789
28.49,0.00768262488847071,-0.00167949625380936,0.0178211224538629,0.000455638509118429
28.5,0.0073403327116015,-0.00150009217823903,0.0180055277599248,0.00031555726920984
28.51,0.00701017898556522,-0.00131980316104733,0.018016721352868,0.00017908456751709
28.52,0.00669334005920508,-0.00114031373017752,0.0178636131346794,4.73540371667873e-05
28.53,0.00639082792977241,-0.000963212838648234,0.0175562379757676,-7.86083674259255e-05
28.54,0.00610349439246605,-0.000789983189942777,0.0171057052751305,-0.000197892112417438
28.55,0.0058320239521894,-0.000621992220931067,0.0165238086860482,-0.00030970009889694
28.56,0.00557694235529471,-0.000460486114455297,0.0158229499898988,-0.000413347592939433
28.57,0.00533861406841574,-0.000306584194116877,0.0150160003526326,-0.000508264830778732
28.58,0.00511725237014726,-0.00016127520636746,0.0141161686923446,-0.000593996537543686
28.59,0.00491292025071566,-2.54145913257009e-05,0.013136839781505,-0.000670200088832972
28.6,0.00472553914866669,0.000100276196041323,0.0120913842767107,-0.000736645515983922
28.61,0.0045548961335804,0.000215209836853632,0.0109933072301608,-0.000793219132775721
28.62,0.00440064737051404,0.00031893313604899,0.00985584342256547,-0.000839910176232319
28.63,0.00426233374246809,0.00041112409887446,0.00869203410636722,-0.000876793850269764
28.64,0.00413938896262422,0.000491587693068377,0.00751419449000444,-0.000904037384543989
28.65,0.00403115367396278,0.000560248903505604,0.00633416887200164,-0.000921887249765287
28.66,0.00393688577400564,0.000617148850092958,0.00516326416770349,-0.000930652963916536
28.67,0.00385577750624666,0.000662437713917073,0.0040121141390321,-0.000930712723115152
28.68,0.00378696280823121,0.000696367582524603,0.00289047987708715,-0.000922509287994322
28.69,0.00372953074706839,0.000719283192013771,0.00180724220111809,-0.000906544738794039
28.7,0.00368253166548893,0.000731613528697399,0.000770441259392642,-0.000883371856181312
28.71,0.00364498999056906,0.000733863278333652,-0.000212732514172575,-0.000853584832672095
28.72,0.00361591096765945,0.00072660434652019,-0.00113595524796561,-0.000817810538814311
28.73,0.00359429312183135,0.000710467090124441,-0.00199375212901607,-0.00077670094367145
28.74,0.00357913435882384,0.000686131904633592,-0.00278155879473154,-0.000730928168735233
28.75,0.00356944309643303,0.000654319617212147,-0.0034956954726699,-0.000681173085605839
28.76,0.00356424424482427,0.000615783363964609,-0.00413336243047616,-0.000628120609553438
28.77,0.00356258912652141,0.000571298676387874,-0.00469275602959561,-0.000572451105509279
28.78,0.00356356061002749,0.000521654312576511,-0.00517292269446253,-0.000514831617792271
28.79,0.0035662821907021,0.000467644359858188,-0.00557367564937436,-0.000455911004958814
28.8,0.00356992182385163,0.000410060572759983,-0.00589559232231053,-0.000396315935303692
28.81,0.00357369881457981,0.000349684889139236,-0.00613996977097497,-0.00033664601234861
28.82,0.00357688632722564,0.000287282570363899,-0.00630877661670438,-0.000277469296354156
28.83,0.00357881666848137,0.000223595765526842,-0.00640458873333781,-0.000219318410646118
28.84,0.00357888261811201,0.000159337623575512,-0.00643057890113765,-0.000162686569534653
28.85,0.00357654166136889,9.51867220224726e-05,-0.00639038503906583,-0.000108022441667312
28.86,0.00357131619657913,3.17831383573647e-05,-0.0062880606445611,-5.57339267054621e-05
28.87,0.0035627942192793,-3.02758797787469e-05,-0.00612805171933533,-6.1849336717031e-06
28.88,0.00355062978926224,-9.04393146509951e-05,-0.00591511327666672,4.03071359903787e-05
28.89,0.00353454160850752,-0.000148205095796288,-0.00565424743083392,8.34720734857885e-05
28.9,0.00351431313593675,-0.000203122275480084,-0.00535064190595656,0.000123086927391959
28.91,0.00348979000675875,-0.000254792512851727,-0.00500960974055685,0.000158975583206818
28.92,0.00346087895297931,-0.000302871059137141,-0.0046365355267585,0.000191007926440627
28.93,0.00342754437351633,-0.000347067044636032,-0.00423679904712392,0.000219098499574023
28.94,0.00338980625316943,-0.000387143300608439,-0.00381574969104919,0.000243204939200448
28.95,0.0033477370031143,-0.000422915133223932,-0.00337854563474099,0.000263332436919182
28.96,0.0033014584576101,-0.000454249806613159,-0.0029304362567535,0.000279514419567218
28.97,0.00325113557551404,-0.000481065743093159,-0.00247634894476563,0.000291825919662433
28.98,0.00319697568179667,-0.000503329008370173,-0.00202096331976646,0.000300382924507108
28.99,0.00313922346173001,-0.000521051508079339,-0.00156876777280886,0.000305325412634993
29,0.00307815639161291,-0.000534287916500887,-0.00112384336403371,0.000306823447524789
29.01,0.00301407992904945,-0.000543132410863129,-0.000690058601624717,0.000305065976533721
29.02,0.00294732181956459,-0.000547716443229644,-0.000271014830278874,0.000300257837386262
29.03,0.00287822621340794,-0.000548205811690874,0.000130006761769051,0.000292620157559587
29.04,0.00280714953490158,-0.000544797036526607,0.000510103187235609,0.000282389488372878
29.05,0.0027344561481204,-0.000537713717781329,0.000866734674788871,0.000269815704903391
29.06,0.0026605147627814,-0.000527202565372379,0.00119777324261326,0.000255156736615189
29.07,0.00258569398361796,-0.000513529539414094,0.00150145927195166,0.000238675118665299
29.08,0.00251035879920014,-0.000496976209580587,0.00177639303567495,0.000220635686709712
29.09,0.00243486686273009,-0.000477836209410775,0.00202152533967952,0.000201303047877159
29.1,0.00235956553692773,-0.000456411781269799,0.00223614832033813,0.00018093917257288
29.11,0.00228478881821292,-0.000433010422190375,0.00241988394648128,0.000159801121369305
29.12,0.00221085494617768,-0.000407941661597774,0.00257266971410711,0.000138138912710119
29.13,0.00213806399652672,-0.000381513996332483,0.00269474182061752,0.000116193548389756
29.14,0.00206669599150811,-0.000354032005763392,0.00278661625536604,9.41952156406677e-05
29.15,0.00199700927185997,-0.000325793663926558,0.00284906824066653,7.23616812160773e-05
29.16,0.00192923905234377,-0.000297087856824052,0.0028831123785374,5.08968744436266e-05
29.17,0.0018635964452578,-0.000268192159338654,0.00288997137558179,2.99897234575345e-05
29.18,0.00180026760073559,-0.000239370790412109,0.00287107145131106,9.81305861594449e-06
29.19,0.00173941318529458,-0.000210872712124446,0.00282800983882816,-9.47764487552543e-06
29.2,0.00168116808383445,-0.000182930210761087,0.00276251109460591,-2.77439320505148e-05
29.21,0.00162564156447242,-0.000155757652585391,0.00267641701799519,-4.48648177265336e-05
29.22,0.00157291752796329,-0.000129550454896442,0.00257166267750728,-6.07372192890462e-05
29.23,0.00152305499303207,-0.000104484272256292,0.00245025332603096,-7.52759987887947e-05
29.24,0.00147608876185057,-8.07144285381193e-05,0.00231424122731053,-8.84138009302881e-05
29.25,0.00143203027803906,-5.83755636598844e-05,0.00216570346432343,-0.000100100718217432
29.26,0.0013908686691364,-3.75815093330721e-05,0.00200672062754654,-0.00011030380650114
29.27,0.0013525719320242,-1.84253385442996e-05,0.00183936649359239,-0.000119006082881235
29.28,0.00131708879774095,-9.79347846837569e-07,0.00166570637926276,-0.000126203736876269
29.29,0.00128435017621698,1.4704019913311e-05,0.00148764922241686,-0.000131909424873293
29.3,0.00125427013297319,2.85909664422279e-05,0.00130705146999811,-0.00013615144558227
29.31,0.00122674735904038,4.06665386573469e-05,0.00112581226265158,-0.0001389678437197
29.32,0.00120166738424121,5.09341890169935e-05,0.000945695560444503,-0.00014041093245437
29.33,0.00117890325711123,5.94140431520851e-05,0.000768298889724489,-0.000140546259096238
29.34,0.00115831703162694,6.61415200838378e-05,0.000595098623398775,-0.000139448430651921
29.35,0.0011397615628761,7.11661776653547e-05,0.000427457018805238,-0.000137199130733098
29.36,0.00112308246793891,7.4550595422489e-05,0.000266624791552898,-0.000133886222996616
29.37,0.00110811992324322,7.63690957666955e-05,0.000113710999935342,-0.000129602258254801
29.38,0.00109471064697786,7.67063413794047e-05,-3.03118109144211e-05,-0.000124443165147993
29.39,0.00108268961360114,7.56559546579157e-05,-0.000164611036538823,-0.000118507447093555
29.4,0.0010718917622663,7.33191092523377e-05,-0.00028849470429028,-0.00011189517499598
29.41,0.00106215351358951,6.98031536435483e-05,-0.000401406563075347,-0.000104706990332851
29.42,0.00105331417720667,6.52202312327074e-05,-0.000502929476652861,-9.70431146558224e-05
29.43,0.00104521733205498,5.96859322366708e-05,-0.000592777342780226,-8.90024262231868e-05
29.44,0.00103771195732438,5.33180058486446e-05,-0.000670791402131281,-8.06816020944637e-05
29.45,0.00103065358065013,4.6235113135094e-05,-0.000736934321531239,-7.21743301362701e-05
29.46,0.00102390515922313,3.85556542375139e-05,-0.000791283568499016,-6.35705964882919e-05
29.47,0.00101733797332937,3.03966542574144e-05,-0.000834024065354381,-5.49560484049743e-05
29.48,0.0010108322513096,2.18727374270584e-05,-0.000865440227975799,-4.6411434141055e-05
29.49,0.00100427780675982,1.30951726443086e-05,-0.000885907505959634,-3.80121211044149e-05
29.5,0.000997574413206692,4.17101677326926e-06,-0.000895883542715818,-2.98276925859741e-05
29.51,0.000990632193896168,-4.79766271074626e-06,-0.000895899054093248,-2.1921622389554e-05
29.52,0.000983371757948603,-1.37144625408988e-05,-0.000886548534631004,-1.43510262417211e-05
29.53,0.000975724360385399,-2.24892348582887e-05,-0.000868480887765558,-7.16648765830828e-06
29.54,0.000967631820558701,-3.10385754951237e-05,-0.000842390226658107,-4.11955966840595e-07
29.55,0.000959046474617864,-3.92862308951989e-05,-0.000809006187602396,5.87529222972333e-06
29.56,0.000949930905195018,-4.71633913481477e-05,-0.000769085018123367,1.16646062970139e-05
29.57,0.000940257711561365,-5.46089262717342e-05,-0.000723401445411257,1.69318801394837e-05
29.58,0.000930009079046279,-6.1569507925421e-05,-0.00067273944388886,2.16593970718689e-05
29.59,0.00091917640180128,-6.79996661697912e-05,-0.000617884404380446,2.58356267362425e-05
29.6,0.000907759721782142,-7.38617621698406e-05,-0.000559618052681327,2.94549307140186e-05
29.61,0.000895767149224014,-7.91259263332118e-05,-0.000498707571881349,3.25167633356306e-05
29.62,0.00088321395217239,-8.37698992814498e-05,-0.000435914184122376,3.50245257495593e-05
29.63,0.000870121881590968,-8.77787050810777e-05,-0.000371923348356087,3.69880396354747e-05
29.64,0.000856519041361636,-9.11440149529306e-05,-0.000307408936430707,3.84223091876953e-05
29.65,0.000842439049122845,-9.38644203540361e-05,-0.00024305596779453,3.93458146537551e-05
29.66,0.000827920462158183,-9.59449911999794e-05,-0.000179485750684611,3.97822669501565e-05
29.67,0.00081300634126702,-9.73967409333526e-05,-0.000117269618997168,3.97590399921709e-05
29.68,0.000797743539662221,-9.82361225336999e-05,-5.69290275451266e-05,3.93061920685628e-05
29.69,0.000782181937225346,-9.84845293670727e-05,1.06443191993918e-06,3.84558794718598e-05
29.7,0.000766373733684489,-9.81677970457607e-05,5.6289405864693e-05,3.72418995753956e-05
29.71,0.000750372679928724,-9.73156946612829e-05,0.000108375462376472,3.56992893794949e-05
29.72,0.000734233433296261,-9.59614144389963e-05,0.000157003712809061,3.38639505550578e-05
29.73,0.00071801086802914,-9.41410520044309e-05,0.000201907045954166,3.17722878791852e-05
29.74,0.000701759513548339,-9.18930922079045e-05,0.000242869806145137,2.9460857247515e-05
29.75,0.000685532957996671,-8.92578966021178e-05,0.000279726895807485,2.69660256920915e-05
29.76,0.000669383376029842,-8.62772074558255e-05,0.000312362370703929,2.43236478588895e-05
29.77,0.000653361030318322,-8.29936636662541e-05,0.000340707598908989,2.15687633770568e-05
29.78,0.000637513893916086,-7.94503414748989e-05,0.000364739068939989,1.87353183325733e-05
29.79,0.000621887251879727,-7.56903138993609e-05,0.000384476047458027,1.58559119941099e-05
29.8,0.000606523419929061,-7.17562429250906e-05,0.000399977193625058,1.29615716967975e-05
29.81,0.000591461447756458,-6.76899943693807e-05,0.000411338656211345,1.00815600180836e-05
29.82,0.000576736934251088,-6.35322861409153e-05,0.000418690125415307,7.24320068851559e-06
29.83,0.000562381828549618,-5.93223672878797e-05,0.000422191857540768,4.47173912075468e-06
29.84,0.000548424337305065,-5.50977324842903e-05,0.000422031278676155,1.7902279869141e-06
29.85,0.000534888818056523,-5.08938675480087e-05,0.000418419580635884,-7.80559024113677e-07
29.86,0.000521795769891753,-4.67440321315641e-05,0.00041158827713431,-3.22218691871323e-06
29.87,0.000509161812704662,-4.26790739022967e-05,0.00040178576547366,-5.51859366442577e-06
29.88,0.000496999757001682,-3.87272734549466e-05,0.000389275775625999,-7.65603867557289e-06
29.89,0.000485318716938465,-3.49142171881012e-05,0.000374329600939703,-9.62284061532807e-06
29.9,0.000474124285827493,-3.12627515820084e-05,0.00035722484137615,-1.14095860494556e-05
29.91,0.000463418650645586,-2.77929256090535e-05,0.00033824180368452,-1.30091629067212e-05
29.92,0.000453200780141216,-2.45219478458222e-05,0.000317668904609442,-1.44164536382715e-05
29.93,0.000443466630626332,-2.14641782856956e-05,0.000295782544520508,-1.56287432892969e-05
29.94,0.000434209218818538,-1.86312635038692e-05,0.000272855184508754,-1.66455435100398e-05
29.95,0.000425418876308647,-1.60320975037391e-05,0.000249162262029994,-1.74680352970192e-05
29.96,0.000417083481418778,-1.36728570162478e-05,0.000224970614476687,-1.80993611165995e-05
29.97,0.000409188602095156,-1.15571524350267e-05,0.000200529420645485,-1.85449586819827e-05
29.98,0.000401717678984781,-9.68610422995276e-06,0.00017608696382639,-1.88114878644972e-05
29.99,0.000394652302940557,-8.05847295381622e-06,0.00015186718370372,-1.8907393026993e-05
30,-7.97255263877972e-05,-0.0034956686468743,0.000128074433366243,-1.88424398439462e-05
30.01,-0.000675784042738492,-0.00581774260116858,-0.00106915348167144,-7.32393412639908e-05
30.02,-0.00151702411539745,-0.00811553365638363,-0.00170159501239989,-9.79178496182114e-05
30.03,-0.00258186895603263,-0.0104204994976042,-0.000860704457698684,-4.52488460727294e-05
30.04,-0.003858521052301,-0.0126633707457103,0.00164850159303424,7.85373870565723e-05
30.05,-0.00540965130640547,-0.0149403430956203,0.00584453788103579,0.000257422594925513
30.06,-0.00733495052800048,-0.0171864730217042,0.0116128705333314,0.000470842921227443
30.07,-0.00975188787173398,-0.0195319355979271,0.0188392206876513,0.000700675182441438
30.08,-0.0127920741137588,-0.0218761563989412,0.0273543699178361,0.000929291169008868
30.09,-0.0165804092223878,-0.0243666952024027,0.0370519136375007,0.00114491567014404
30.1,-0.0212438312119003,-0.0268563180966114,0.0477952584899009,0.00133683453681097
30.11,-0.0268627249751781,-0.029500345499144,0.0595513448687608,0.00150073715357255
30.12,-0.0335364241888225,-0.0321031267298035,0.0722208855394347,0.00163057795154217
30.13,-0.0412769002974525,-0.0348324849333274,0.08578264254203,0.00172489417822161
30.14,-0.0501742733478014,-0.0374549707588577,0.100108112294635,0.00177822640533589
30.15,-0.0601706026112314,-0.0401610037650901,0.115166279155892,0.00178970745782168
30.16,-0.0713778956726436,-0.0426886643860436,0.130836108782539,0.00175496791825321
30.17,-0.0836625288541484,-0.0452563751818561,0.147069552900558,0.00167343841406583
30.18,-0.097187407255567,-0.0475794954321009,0.163694784183861,0.00154021459827563
30.19,-0.111733622929192,-0.0499077084244722,0.180608683247623,0.00135397713478571
30.2,-0.127540728047663,-0.0519366609248945,0.197609595242477,0.0011092274260724
30.21,-0.144288437669472,-0.0539470114308676,0.214573386080934,0.000804823639496492
30.22,-0.162313395785996,-0.0556153074417698,0.231294505760193,0.000436214689740311
30.23,-0.181173994165574,-0.0572519751737708,0.24762333882546,2.55682478917035e-06
30.24,-0.201323120663041,-0.0585151552165925,0.263353075214216,-0.000498868128184493
30.25,-0.222178753735698,-0.0597437154544803,0.278357845127437,-0.00106601586297364
30.26,-0.244328703306181,-0.060577446621743,0.292492280687084,-0.00169761021305815
30.27,-0.267032757067617,-0.0613816760870504,0.3056806807923,-0.00238879251959359
30.28,-0.291032189322837,-0.0617779931441107,0.317826057151105,-0.00313622362083615
30.29,-0.315413953361622,-0.0621565804718229,0.328898232092056,-0.00393368549785619
30.3,-0.340542371009594,-0.0623284731816795,0.338875719321339,-0.00477634883241364
30.31,-0.366967015281342,-0.062084098983144,0.34776131290772,-0.00565777600013437
30.32,-0.393488756795709,-0.0618479520800108,0.355580313168553,-0.006570728616255
30.33,-0.421306561417381,-0.0611947670402395,0.362369020769333,-0.00751062930264847
30.34,-0.449016154570222,-0.0605686350457867,0.368171388892771,-0.00847132868549388
30.35,-0.478026150630023,-0.0595269596429448,0.373024714703379,-0.00944750531158251
30.36,-0.506720209475174,-0.0585322255313175,0.376996950589429,-0.0104335095999248
30.37,-0.53580559847994,-0.0573641715885493,0.380151259779395,-0.0114246112016214
30.38,-0.566216835866984,-0.0557847837558922,0.382549074592785,-0.0124160303795599
30.39,-0.596004153680623,-0.0542822528859674,0.384263682343441,-0.0134038152205052
30.4,-0.626048335562906,-0.0526229671992617,0.385346293992028,-0.0143842582451795
30.41,-0.65749242710179,-0.0505795839798041,0.379799015215817,-0.0156336585777411
30.42,-0.688159797008444,-0.0487449069302692,0.367492384077748,-0.0171805621412538
30.43,-0.720432327606281,-0.0466359432776083,0.353918295879381,-0.0186160875258227
30.44,-0.751773627787633,-0.0447791047044672,0.339785706024788,-0.0198852048297479
30.45,-0.783365585343994,-0.0429217077290237,0.325334142032419,-0.0209835385371785
30.46,-0.816639151427247,-0.0407961065192822,0.310793784457626,-0.0219171668734256
30.47,-0.848692017402426,-0.0389396423777659,0.296314965735053,-0.0226922193921127
30.48,-0.880899288299733,-0.0370851511894351,0.28200634231668,-0.0233186375985537
30.49,-0.914889062844293,-0.0349541220882829,0.267941102257083,-0.0238051263880937
30.5,-0.947393908101215,-0.0330963272964964,0.254190032714572,-0.0241580755450386
30.51,-0.979983696062575,-0.03123477644908,0.240826125491979,-0.0243827610935477
30.52,-1.01448077294529,-0.0290834529182237,0.227917347756171,-0.0244847353569494
30.53,-1.04724589986883,-0.0272017499020839,0.215512012342475,-0.0244698626675344
30.54,-1.08004160991937,-0.025304910741263,0.203655214152926,-0.0243445962421475
30.55,-1.1128526125176,-0.023388176811542,0.192384038140326,-0.024115408501683
30.56,-1.14776677198747,-0.0211445919268877,0.185978151038978,-0.0239300686556319
30.57,-1.18070872811584,-0.0190746502303548,0.185969124315566,-0.0239817706273662
30.58,-1.21371672721291,-0.0168655274628053,0.18688150708549,-0.024071977484036
30.59,-1.24904701800315,-0.014224838070112,0.187935902334497,-0.0241639496381982
30.6,-1.28216457511834,-0.0117289812074512,0.189007238802017,-0.0242503868294881
30.61,-1.315239610823,-0.00908921981804606,0.190059097932944,-0.0243291420136422
30.62,-1.35067664986486,-0.00601677176573687,0.191070416743367,-0.0243994747349237
30.63,-1.38352480473074,-0.00308617785516246,0.192024479627105,-0.0244613178437432
30.64,-1.41607775230804,-7.38007676018282e-06,0.192919620052056,-0.0245147293387072
30.65,-1.4481823725128,0.00322307392426358,0.193752511471462,-0.0245600004576572
30.66,-1.48233388338462,0.00689370742596551,0.194519327535429,-0.0245974633411985
30.67,-1.51292704189137,0.0104409128060341,0.195228249013292,-0.0246277178662756
30.68,-1.54232053132244,0.0141543000655233,0.195896731281707,-0.024651727516844
30.69,-1.57306872108589,0.018315330481105,0.196531707108797,-0.0246703143175864
30.7,-1.59919915589073,0.0223679982622167,0.19713175056169,-0.0246842738124301
30.71,-1.62322791930478,0.0265905142963909,0.197692237724413,-0.024694387288678
30.72,-1.64786379771977,0.0312480666486336,0.198199841942886,-0.0247015188944433
30.73,-1.66696960747253,0.0357908696856219,0.198636010972764,-0.0247065849091134
30.74,-1.68329299119326,0.040480750193507,0.198975320164828,-0.0247106661168196
30.75,-1.69972186040954,0.0455642995546409,0.199181897763481,-0.0247150369837026
30.76,-1.71013679795997,0.050506077804529,0.201192325618667,-0.0246511805016032
30.77,-1.7204668727761,0.0558665024054114,0.211038144209056,-0.0241657227562435
30.78,-1.71744211505057,0.0602309235485133,0.221150992084219,-0.0237310418424365
30.79,-1.70886800663051,0.0645147160141323,0.22964706287154,-0.0234724225907273
30.8,-1.7008644906716,0.0691736869486733,0.236035025014199,-0.0234043818046839
30.81,-1.69060134161041,0.0739314145876336,0.240008458957014,-0.0235216576718696
30.82,-1.67541209381582,0.0785340708699053,0.241290443754193,-0.0238123299495954
30.83,-1.66127349092357,0.0833882671587616,0.239660623067156,-0.0242575410935401
30.84,-1.64551670523368,0.0882287272215008,0.235023778725077,-0.0248294650959003
30.85,-1.62565791089524,0.0928154560319784,0.227293414389707,-0.0254990084668504
30.86,-1.60736254842644,0.0975153341770238,0.216406075374791,-0.0262374126033015
30.87,-1.58804864843792,0.102082524155963,0.202390121555071,-0.0270135166064966
30.88,-1.56785899056373,0.106479426406167,0.185266859320415,-0.0277985519960647
30.89,-1.54442579539641,0.110494360902239,0.165077558968116,-0.0285648122610559
30.9,-1.52284549167615,0.114442627569473,0.139003912235225,-0.0291960595095209
30.91,-1.50057567062609,0.118035791585581,0.101722180919924,-0.0293382007302573
30.92,-1.4753097254077,0.121046653335711,0.0609523516276934,-0.0292247616066658
30.93,-1.45174982424531,0.123772848432328,0.0185591440205143,-0.0289101397193116
30.94,-1.42756537785267,0.126036878311359,-0.0246523676419862,-0.0283957285826946
30.95,-1.40065446408671,0.127691304497771,-0.06803049350607,-0.0276787377971254
30.96,-1.37537687305976,0.12902555732696,-0.110973712173828,-0.0267588009454823
30.97,-1.34957940613976,0.129899132565177,-0.152885343795773,-0.0256383010366249
30.98,-1.32134070906066,0.130198583248952,-0.193255908364399,-0.0243258095814736
30.99,-1.29469234730413,0.130198435638465,-0.23165022320951,-0.0228352034078669
31,-1.2676660954443,0.129788746192546,-0.267689730193192,-0.0211823109338849
31.01,-1.23852177671449,0.128882920450851,-0.301099523283004,-0.0193858263394222
31.02,-1.21096173823527,0.127735600811398,-0.331698377415442,-0.0174659576516769
31.03,-1.18319130863422,0.126259184264853,-0.359312560982699,-0.0154394442975418
31.04,-1.15363404299172,0.124386734863345,-0.383742185033893,-0.013317361077094
31.05,-1.12565289010605,0.122350274839412,-0.404965008022331,-0.0111170610106219
31.06,-1.09761051049015,0.120078956345371,-0.423067095865782,-0.00885938827318824
31.07,-1.06808339643153,0.117518048687786,-0.438203049316465,-0.00656520777529839
31.08,-1.04010236039542,0.114870516560081,-0.450560628709493,-0.00425388185819821
31.09,-1.01082115353901,0.111996346123456,-0.460337995203438,-0.00194192699862332
31.1,-0.98305284853478,0.109078804937172,-0.467775310193065,0.000356342476107998
31.11,-0.955414162419935,0.106058430425869,-0.473143966501539,0.00263041258993471
31.12,-0.926724186910182,0.102888447189882,-0.476656420680306,0.00486873504454952
31.13,-0.899464457740907,0.0997364445768051,-0.475206888178608,0.00721332041102626
31.14,-0.87123225812925,0.0965247476762698,-0.46990130600857,0.00961753649626187
31.15,-0.844306300299372,0.0933992058088248,-0.462890026745226,0.0119149062374849
31.16,-0.81754582063468,0.0903115995865212,-0.45452290084537,0.0140802867821125
31.17,-0.790002006041356,0.0872246942855628,-0.444956315304472,0.0161032661874859
31.18,-0.763678087457729,0.0842528849450845,-0.434338916035167,0.0179771640437416
31.19,-0.736700169503966,0.081308441271837,-0.422829755550227,0.0196982099737644
31.2,-0.710886006816215,0.0784909026043136,-0.410572656471263,0.0212651687755067
31.21,-0.684541559058562,0.0757208703410818,-0.39772506490458,0.0226794268878834
31.22,-0.659304150798238,0.0730837974740953,-0.384434721812092,0.023944357382779
31.23,-0.634352135415096,0.0705338388214783,-0.373596889752816,0.0251529093993896
31.24,-0.608987997202609,0.0679856121511677,-0.368214851658272,0.0265146447675018
31.25,-0.584565770146982,0.0654796449837902,-0.363609296464473,0.0278633070310486
31.26,-0.559812204274843,0.062952065956114,-0.359151829824642,0.0291698738035031
31.27,-0.535951521907197,0.0604575900287259,-0.354786108992435,0.0304309266665176
31.28,-0.511875706456989,0.0579434853249387,-0.35048426580653,0.0316465136293912
31.29,-0.488659740723786,0.0554566596699672,-0.346205170635493,0.032817597525211
31.3,-0.465344934936505,0.0529532579396662,-0.341923991779665,0.0339445643795862
31.31,-0.442860470983767,0.05047310359184,-0.337625419190976,0.0350269285899049
31.32,-0.420386410567005,0.0479801496606686,-0.333301579307992,0.036064205983531
31.33,-0.398715846160016,0.0455074050277858,-0.328946326024826,0.0370558594904125
31.34,-0.377466328383424,0.0430381447180176,-0.324555543748547,0.0380013352416058
31.35,-0.356376627820389,0.040562085355315,-0.320126427421098,0.0389002159465082
31.36,-0.33605262914865,0.0381031052657694,-0.315655155442567,0.039752336004016
31.37,-0.315974225366627,0.0356414289298473,-0.31113892705237,0.0405576667055648
31.38,-0.296634837249595,0.0331956797822936,-0.30658416717442,0.0413166214618319
31.39,-0.277614004682572,0.0307513035451392,-0.302006856010426,0.0420308240554286
31.4,-0.259302532012315,0.0283219337044224,-0.29743444789709,0.042701706460435
31.41,-0.241368136969729,0.0258973825764338,-0.292869104586825,0.0433302714424372
31.42,-0.224110011043207,0.0234871978650908,-0.288291573408619,0.0439169572609433
31.43,-0.207274106710365,0.0210857444017033,-0.283674520918909,0.044461552142524
31.44,-0.191079688861901,0.0186995426282429,-0.278996222669637,0.0449642302419153
31.45,-0.175341215793544,0.016327095275218,-0.274225312241408,0.045424693706705
31.46,-0.160209671400887,0.0139725108068594,-0.269317041265173,0.0458424311717855
31.47,-0.145559024121026,0.0116382653940205,-0.264221769588907,0.0462167003544225
31.48,-0.131481464218744,0.00932686526399899,-0.258892271109522,0.0465461728634089
31.49,-0.117900938472864,0.0070443601289345,-0.253285807562776,0.0468289269090701
31.5,-0.104860676160461,0.00479197484399372,-0.247357799862878,0.0470627657111983
31.51,-0.0923289147594399,0.002578682037179,-0.241070596344856,0.0472451625219463
31.52,-0.0803090174473109,0.000404567854610016,-0.234404101992663,0.0473740080711791
31.53,-0.0688063427601939,-0.00171928839226972,-0.227334716766771,0.0474473982670141
31.54,-0.0577919164565905,-0.00379381960002654,-0.2198267223072,0.0474626942120264
31.55,-0.0473026597039983,-0.00580604117791881,-0.211839312782217,0.0474168343218959
31.56,-0.0372838983612596,-0.00775730265467515,-0.203330324514001,0.0473064644856156
31.57,-0.0277984536921583,-0.0096329012515853,-0.194258012445966,0.0471283232569396
31.58,-0.0187702812994566,-0.0114343311170844,-0.18458924573833,0.0468788213076808
31.59,-0.0102341170088156,-0.0131501363237594,-0.174284915137753,0.0465540550573953
31.6,-0.00224096744600644,-0.0147680403830087,-0.163307296305453,0.0461499139803937
31.61,0.00531043514238405,-0.0162893094834572,-0.151622532275002,0.0456623486881667
31.62,0.0123166180450838,-0.017696496797773,-0.139213190629486,0.0450872943314047
31.63,0.0188923414319735,-0.0189907852943533,-0.126060259103627,0.0444206827090186
31.64,0.0249261563396352,-0.0201542879203849,-0.112148657990702,0.0436581182148383
31.65,0.0305439554269586,-0.0211880636529084,-0.0974774793702593,0.0427953218631666
31.66,0.0356302431442614,-0.0220743667496628,-0.0820764966023702,0.0418279174157444
31.67,0.0403193928237187,-0.0228148952426944,-0.0660142972383555,0.0407525941824259
31.68,0.0444946473816419,-0.0233935183967995,-0.0493981237518175,0.0395675046181594
31.69,0.0482966705792762,-0.0238138491328331,-0.0323373109052776,0.0382715567952604
31.7,0.051609861945785,-0.0240624463660171,-0.0149892894360642,0.0368653893145911
31.71,0.0545791714259014,-0.0241458454159926,0.0024576688003611,0.035352547262283
31.72,0.0570920531170067,-0.0240546226615968,0.0198207563769362,0.0337372525472971
31.73,0.0592952905022557,-0.0237987672164144,0.0369118529550985,0.0320252687835067
31.74,0.0610798800707517,-0.0233731211552061,0.0535250521906679,0.0302243569215759
31.75,0.0625925973923156,-0.0227915031882709,0.0694388867158639,0.0283448827897859
31.76,0.0637292291819058,-0.0220536881654194,0.0844167587409694,0.0263996225671737
31.77,0.0646356781258479,-0.0211778702165333,0.0982164886655358,0.0244037427127248
31.78,0.0652134513847002,-0.0201691587903075,0.110597555714073,0.0223745914263779
31.79,0.065606556067781,-0.0190500359204471,0.12136099229801,0.0203305035400661
31.8,0.0657220835125951,-0.0178299749581322,0.130371882620429,0.0182893124908242
31.81,0.0656999605191348,-0.0165337544647223,0.137551901853301,0.0162673562383329
31.82,0.0654512749951213,-0.0151728284506721,0.142884675797031,0.014279460240641
31.83,0.0651094039842643,-0.0137719663462626,0.146391477553092,0.0123391505517355
31.84,0.0645881836660607,-0.0123426446897402,0.148130777440474,0.0104586025775829
31.85,0.0640132410376388,-0.0109080548350441,0.148194619621981,0.00864900855616948
31.86,0.0633503196953082,-0.00948112769896528,0.146691575549161,0.00692035675109459
31.87,0.0625691707970901,-0.00807410680128932,0.14374161648476,0.00528135883422655
31.88,0.0617831830567059,-0.00670617583388668,0.139468979372314,0.00373949787775152
31.89,0.0609128368552909,-0.00538448189661791,0.134008329564867,0.00230138109247429
31.9,0.0600633011730292,-0.00412514758315597,0.127499388446556,0.000972533380972032
31.91,0.0591580299252552,-0.00293291702478669,0.12008849553705,-0.000242425122832828
31.92,0.0582942109671141,-0.00182069774989416,0.111909321451648,-0.00134012782363232
31.93,0.0573984096112738,-0.000790896482435953,0.103097337153372,-0.00231844610593428
31.94,0.0565599154247938,0.000146645821437055,0.093790110246123,-0.00317645319710532
31.95,0.0557083618350998,0.000991875252405443,0.0841199056765635,-0.00391420418351938
31.96,0.0549253357613235,0.00173789812745521,0.0742070425488953,-0.00453321109894383
31.97,0.0541434506637373,0.00238676380373892,0.0641731748899664,-0.00503583691603204
31.98,0.0534367977226058,0.00293430346912448,0.0541333491391113,-0.00542560837091626
31.99,0.052740896800584,0.00338452219910383,0.0441954203201984,-0.0057071427916022
32,0.0521225850732847,0.00373571204872907,0.0344596980100606,-0.00588601999347224
32.01,0.0515201677187243,0.00399355825981694,0.0250189429305356,-0.00596862481933073
32.02,0.0509935920056694,0.00415849970490133,0.0159591896699238,-0.00596195699787238
32.03,0.0504840127703119,0.00423763985728604,0.0073598047849362,-0.00587344756704733
32.04,0.0500450340687326,0.00423322570242156,-0.00071832870188337,-0.00571135131348928
32.05,0.0496206574212081,0.00415337936640378,-0.00821075619589069,-0.00548412319384484
32.06,0.0492586219602451,0.0040018301007265,-0.0150645251701928,-0.00520038491084306
32.07,0.0489059510941718,0.00378746946650926,-0.0212450392922478,-0.00486908817411307
32.08,0.0486050699055145,0.00351497283613751,-0.0267297995802893,-0.00449901639382621
32.09,0.0483061449787865,0.00319342980227881,-0.0315065721958901,-0.00409860356903311
32.1,0.0480469970648603,0.00282799072441571,-0.0355720890827297,-0.00367584299138796
32.11,0.0477812321679458,0.00242758278757141,-0.0389295880625219,-0.00323828846957725
32.12,0.0475427507755661,0.00199749437268737,-0.0415906329793204,-0.00279305403440873
32.13,0.0473062150276906,0.0015454717312104,-0.0435740795186447,-0.0023467040875619
32.14,0.0470498883521575,0.00107882255073484,-0.0449064528498161,-0.00190515879378115
32.15,0.0468028968308865,0.000602458979261997,-0.0456187262148274,-0.00147378550042827
32.16,0.0465281387251242,0.000123708570777321,-0.0457464622090115,-0.00105734362332181
32.17,0.0462522043416733,-0.000353051617993463,-0.045329688665274,-0.000659815738800925
32.18,0.0459418711478801,-0.00082147648536847,-0.0444127674391807,-0.000284718895776033
32.19,0.0456215966339144,-0.00127789829036357,-0.0430405734076731,6.50823097117721e-05
32.2,0.0452619547037241,-0.0017170386658548,-0.0412598168637606,0.000387373878031742
32.21,0.0448856370699744,-0.00213601049214324,-0.0391178781785639,0.000680432241045521
32.22,0.0444669085493974,-0.00253062913136176,-0.0366622656496729,0.000942993372678238
32.23,0.0440269141181773,-0.00289882296851798,-0.0339410312825538,0.00117424927644691
32.24,0.0435433963177907,-0.00323749812127232,-0.0310015731760451,0.00137384183702332
32.25,0.043036129635027,-0.00354540588899653,-0.0278906258006329,0.00154181263827654
32.26,0.0424860992633835,-0.00382050309214215,-0.0246530042534493,0.00167859077378275
32.27,0.0419118448829341,-0.00406231734638431,-0.0213308540334538,0.0017850356053682
32.28,0.0412973687706657,-0.00426977417173489,-0.0179673212800176,0.00186228917584301
32.29,0.0406600855411412,-0.00444314248472806,-0.0146024161434724,0.00191177414280933
32.3,0.0399867074400913,-0.00458224144256157,-0.0112724341150606,0.0019351286951679
32.31,0.0392935136600752,-0.00468797880852942,-0.00801128914033113,0.00193402152991496
32.32,0.0385695675842861,-0.00476091747567959,-0.00484680407461048,0.00191033162659943
32.33,0.0378299766227546,-0.00480245622446493,-0.00180598086980334,0.0018659088174593
32.34,0.037066206143324,-0.00481337388283826,0.00117614216673115,0.00180624015818729
32.35,0.0362930606165062,-0.00479468266392714,0.00402469312388205,0.00173031364344861
32.36,0.0355032008381286,-0.00474798112077963,0.006686064622657,0.00163764122985874
32.37,0.0347090563199028,-0.00467537102552461,0.00914439476090852,0.00153049930325482
32.38,0.0339046160348104,-0.004578889368784,0.011385680082409,0.00141129634798324
32.39,0.0331011651737025,-0.00446085213258278,0.0133984555987426,0.00128233997280537
32.4,0.0322973601309542,-0.00432357074244918,0.0151752219307507,0.00114588251906068
32.41,0.0314929121152723,-0.00416946211285945,0.0167120244729496,0.00100410127925509
32.42,0.0306972950691087,-0.00400093438358931,0.0180080151524505,0.000859073170473757
32.43,0.0299070433101143,-0.00382044032637148,0.0190653317980091,0.000712767667672341
32.44,0.0291304226660909,-0.00363030310510566,0.0198879487120633,0.000567026149367956
32.45,0.0283646109689624,-0.00343292992805797,0.0204823912985625,0.000423543077586536
32.46,0.0276166684119588,-0.00323047377850832,0.0208574246177768,0.000283832817012085
32.47,0.0268842185073623,-0.00302519876005309,0.0210239100255111,0.000149241877300914
32.48,0.0261731359123374,-0.00281900852278618,0.0209938131987326,2.09491885073928e-05
32.49,0.0254813502645668,-0.00261395548103488,0.0207803931995846,-0.000100024991894548
32.5,0.0248135982315407,-0.0024116482180323,0.0203979151992119,-0.000212837049834425
32.51,0.0241680072298127,-0.00221387817991163,0.0198617263857806,-0.000316787638507296
32.52,0.0235482422880811,-0.00202192296251112,0.0191875063951068,-0.000411332559078776
32.53,0.0229525600570852,-0.00183728154462219,0.0183914320483579,-0.000496067936079127
32.54,0.0223836375129007,-0.00166088606350148,0.0174899670445018,-0.000570738349208519
32.55,0.0218398138356282,-0.00149392560022212,0.0164995730638765,-0.000635216424432091
32.56,0.0213228679549022,-0.00133698624873182,0.015436244861098,-0.000689517612381153
32.57,0.0208311919453319,-0.00119095022081622,0.0143162106229104,-0.000733741798768313
32.58,0.0203657706868192,-0.00105606746766767,0.013154721468902,-0.000768113283598902
32.59,0.019925045705909,-0.000932928913467044,0.0119663078482652,-0.000792963078655798
32.6,0.019509304596566,-0.000821479975697395,0.0107649294980237,-0.000808715569247694
32.61,0.0191170220462347,-0.000722045200367347,0.00956358029317395,-0.000815908825847236
32.62,0.0187478633369746,-0.00063430081549982,0.00837418327815555,-0.000815158335849205
32.63,0.0184003297139483,-0.000558340275709121,0.00720820530680247,-0.000807107190875206
32.64,0.0180735775957501,-0.000493605984714649,0.00607570806156884,-0.000792415262354035
32.65,0.0177661808271736,-0.000439997579749162,0.00498551660356386,-0.000771749932100622
32.66,0.017476912888716,-0.000396775030967683,0.00394532868264669,-0.000745776927296519
32.67,0.0172043802878115,-0.000363546905815337,0.00296181840490076,-0.000715149044958508
32.68,0.0169473629198524,-0.000339864646744248,0.00204054425347857,-0.000680518504483399
32.69,0.0167042817934107,-0.000324800039981856,0.00118593464108299,-0.00064253075439723
32.7,0.0164740830569681,-0.000317959833708919,0.000401521573883216,-0.000601806408958608
32.71,0.0162550666782586,-0.000318343706843559,-0.000310275585662953,-0.000558950184741293
32.72,0.0160463844386065,-0.000325511666422483,-0.000947886943909507,-0.000514536133060818
32.73,0.0158462831568738,-0.000338431463673986,-0.00151073467540545,-0.000469114155206378
32.74,0.0156541271104782,-0.000356652067587299,-0.00199894255953484,-0.000423196734382911
32.75,0.0154681717571581,-0.000379144120116832,-0.00241349889062829,-0.00037726672015422
32.76,0.0152880031168845,-0.000405475388538759,-0.00275587301848287,-0.000331768651190097
32.77,0.0151119311456913,-0.00043464742925553,-0.00302828295864454,-0.000287114694039854
32.78,0.0149397634046569,-0.000466271198165635,-0.00323347581619633,-0.000243669580387192
32.79,0.0147699009215163,-0.000499404536965917,-0.00337477959689182,-0.000201762568567057
32.8,0.0146023685803289,-0.000533722805369933,-0.00345581736722604,-0.000161678303045876
32.81,0.0144356828502215,-0.000568358360281892,-0.00348065556038518,-0.000123666839276889
32.82,0.0142700741084347,-0.000603065000612721,-0.0034535189903667,-8.79346714278856e-05
32.83,0.014104188055315,-0.000637061996892506,-0.0033789443509779,-5.46552063332414e-05
32.84,0.0139384433563254,-0.000670190471088893,-0.00326150299335654,-2.39604912224884e-05
32.85,0.0137716201219114,-0.000701763825212064,-0.00310595775867887,4.0479268950515e-06
32.86,0.0136043029168142,-0.000731714688799634,-0.00291699553354478,2.93066862237957e-05
32.87,0.0134354028069872,-0.00075945315357245,-0.00269938870929432,5.17794708559837e-05
32.88,0.0132656470651558,-0.000785002962095262,-0.00245769127392482,7.14667687411924e-05
32.89,0.0130940744317218,-0.000807869064108007,-0.00219655704543581,8.83962628843465e-05
32.9,0.0129215337055424,-0.000828163337912005,-0.00192037982920976,0.000102624312445602
32.91,0.0127471777703541,-0.000845482772214852,-0.00163362998696783,0.000114212840268724
32.92,0.0125719416883729,-0.000860021624297193,-0.00134004803122216,0.000123258430565583
32.93,0.0123950744345027,-0.000871457400125728,-0.00104337951227811,0.000129864763423026
32.94,0.0122171522544612,-0.000879918720950441,-0.000747134775338529,0.000134152195218307
32.95,0.0120387616030566,-0.000885564374425019,-0.000454698179697387,0.000136254265892463
32.96,0.011859265793273,-0.000888180349852277,-0.000169182850176772,0.000136310364705886
32.97,0.0116797006198794,-0.000888120491170825,0.000106881507488736,0.000134483636313645
32.98,0.0114994916358597,-0.000885225100056776,0.000371219579847598,0.000130941378292877
32.99,0.0113196852386501,-0.000879889349533398,0.000621925052505233,0.00012585946602779
33,0.0111397533616611,-0.000871995335120306,0.0008572382880018,0.000119412064423918
33.01,0.0109607279239761,-0.000861969136332269,0.0010757560069524,0.00011177850450135
33.02,0.0107821163614759,-0.000849724423996016,0.00127624537097139,0.000103132875948841
33.03,0.0106049214095556,-0.000835707704243442,0.00145784218696557,9.36509639981004e-05
33.04,0.0104286752864144,-0.000819853454170544,0.00161984892642804,8.35000776632213e-05
33.05,0.010254337776141,-0.000802618021086154,0.00176191876580789,7.28461654087796e-05
33.06,0.0100814561295657,-0.000783946333950601,0.00188384652126549,6.18439580375929e-05
33.07,0.00991093687059319,-0.000764294835770736,0.00198574700409085,5.06443492407653e-05
33.08,0.0097423348190091,-0.00074360963684956,0.00206784402134025,3.93849079654769e-05
33.09,0.0095764950153221,-0.000722338814779041,0.00213064591303383,2.81975565732897e-05
33.1,0.00941297356159687,-0.000700421751316665,0.0021747339560623,1.71994524648945e-05
33.11,0.00925254826300126,-0.000678291138880044,0.00220093611056068,6.50095712033339e-06
33.12,0.009094771911208,-0.000655873192403624,0.00221011564137803,-3.80313602412245e-06
33.13,0.00894035162777485,-0.000633579719855968,0.0022033439162308,-1.36253642020775e-05
33.14,0.00878883388960361,-0.000611318848723732,0.00218168983396792,-2.28940541758285e-05
33.15,0.00864085384634272,-0.000589477525330218,0.00214639262760411,-3.15448470955638e-05
33.16,0.00849595110369705,-0.000567942350003659,0.00209865286622152,-3.95288839471008e-05
33.17,0.00835468986702992,-0.000547072933006969,0.00203980597467591,-4.68041289874904e-05
33.18,0.00821660175306604,-0.000526732398707082,0.00197111529955647,-5.33433303844905e-05
33.19,0.00808218173026454,-0.000507251921968857,0.00189394859424962,-5.9125159190782e-05
33.2,0.0079509559491342,-0.000488470630694464,0.00180952542486353,-6.41446856190439e-05
33.21,0.00782313952384683,-0.000470573525519981,0.00171924798273113,-6.83979126948125e-05
33.22,0.00769890191535971,-0.00045372934175632,0.00162436230156346,-7.18933689289933e-05
33.23,0.00757776788127806,-0.00043774303685114,0.00152596068289525,-7.46528057358778e-05
33.24,0.00746007802580273,-0.000422877438171571,0.00142525126569988,-7.66987316579132e-05
33.25,0.00734536074648062,-0.000408916321741918,0.0013233082756692,-7.80635297495786e-05
33.26,0.00723391016712149,-0.000396098196295838,0.00122126346527244,-7.87787085846259e-05
33.27,0.00712525952764942,-0.000384187243314982,0.00112004235754679,-7.88832286475832e-05
33.28,0.00701965800515403,-0.000373400891579479,0.00102056201281099,-7.84154112653621e-05
33.29,0.00691665027574295,-0.000363487461529126,0.000923595635888734,-7.74186038022677e-05
33.3,0.00681644960134165,-0.000354646559239969,0.000829929252019852,-7.5933989568501e-05
33.31,0.00671861766983284,-0.000346613371535263,0.000740160403440439,-7.40088916758691e-05
33.32,0.0066233387969703,-0.000339573224614851,0.000654885300774255,-7.16880118318417e-05
33.33,0.0065301957010373,-0.000333251790041768,0.000574516314620649,-6.90209556091057e-05
33.34,0.00643934987614969,-0.000327823893839625,0.000499474714063899,-6.60533667805667e-05
33.35,0.0063504083178394,-0.000323009069901258,0.000430007792852437,-6.28346157183642e-05
33.36,0.0062635151886834,-0.00031897504393223,0.000366379729474708,-5.9409145870324e-05
33.37,0.00617830419263754,-0.000315438245087228,0.000308687814897357,-5.58243154670567e-05
33.38,0.00609490680977487,-0.000312562391850703,0.000257053315131845,-5.21218488136418e-05
33.39,0.00601298492151692,-0.000310063561893298,0.000211438469429709,-4.8345744918488e-05
33.4,0.00593266097208023,-0.000308104255033937,0.000171838186280138,-4.45337905330708e-05
33.41,0.00585362565486136,-0.000306402620238666,0.000138097855800385,-4.07255285850332e-05
33.42,0.00577599553494856,-0.000305122352383188,0.000110105592890249,-3.69538390314236e-05
33.43,0.00569948997571501,-0.000303985723893994,8.76104427349492e-05,-3.32529770472064e-05
33.44,0.00562422115433137,-0.000303159653720275,7.04147969813378e-05,-2.96502278204621e-05
33.45,0.00554993600640508,-0.000302372178365901,5.8192668475613e-05,-2.61740171057461e-05
33.46,0.0054767441668595,-0.000301795009241537,5.06820941610013e-05,-2.28456355516926e-05
33.47,0.00540441951637582,-0.000301163145100059,4.75032976186926e-05,-1.96874162851354e-05
33.48,0.00533299510628815,-0.000300544971451623,4.83508880670633e-05,-1.67145240437618e-05
33.49,0.00526249599380435,-0.000300010833778251,5.28464950627161e-05,-1.39415677305085e-05
33.5,0.00519273479660676,-0.000299308504224093,6.05529676865367e-05,-1.13829101376789e-05
33.51,0.00512381634382919,-0.000298625274970964,7.11485571405707e-05,-9.04387010741045e-06
33.52,0.00505557835817605,-0.000297716916689252,8.42131414749822e-05,-6.93143711110539e-06
33.53,0.00498812962410611,-0.000296777541504866,9.94191976604897e-05,-5.04618093345373e-06
33.54,0.00492132643334386,-0.000295570987252579,0.000116350660964642,-3.39043159671533e-06
33.55,0.00485527432407551,-0.000294298296914296,0.000134686210564221,-1.96057136293108e-06
33.56,0.00478984701033625,-0.00029273110024916,0.000154035678466619,-7.5490091664414e-07
33.57,0.00472514724842554,-0.000291076876740342,0.000174122345265755,2.34631882474782e-07
33.58,0.00466106448188519,-0.000289114230856115,0.000194580006557741,1.01333531732761e-06
33.59,0.00459769833224932,-0.000287056578576644,0.000215152844688794,1.5923551591249e-06
33.6,0.00453495230386025,-0.000284688946039809,0.000235514972361521,1.98025717965433e-06
33.61,0.00447292277135247,-0.000282229912989711,0.000255466684235902,2.19135340285386e-06
33.62,0.00441152594112459,-0.000279469760285485,0.000274739566122307,2.23734833804364e-06
33.63,0.00435085497177035,-0.000276631238524658,0.000293166306240272,2.13429104183562e-06
33.64,0.00429083702778499,-0.000273509062049583,0.00031052562995617,1.89537571444608e-06
33.65,0.00423156170639238,-0.000270329192461871,0.000326716043626844,1.53825268766129e-06
33.66,0.00417296535779244,-0.000266889562994636,0.000341564166040828,1.07637507654045e-06
33.67,0.0041151333888152,-0.000263418382336693,0.000355011561218131,5.27025035241079e-07
33.68,0.00405800911741316,-0.000259715895386807,0.0003669282857567,-9.69959489030131e-08
33.69,0.00400167293384435,-0.000256011724176089,0.000377299946617215,-7.79252426868128e-07
33.7,0.00394607299025118,-0.000252107525322914,0.000386040039744446,-1.50797567846095e-06
33.71,0.00389128384808934,-0.000248233506530976,0.000393176010450278,-2.26794185620596e-06
33.72,0.00383725675472135,-0.000244191877361879,0.000398660832977384,-3.04876221927558e-06
33.73,0.00378406011736665,-0.000240212670595201,0.000402558727999006,-3.83673775100395e-06
33.74,0.00373164695935557,-0.000236097890930678,0.000404856449884077,-4.62312724042696e-06
33.75,0.00368005368347823,-0.000231970100580255,0.000405648920378118,-5.39597402216184e-06
33.76,0.0036293106318066,-0.000227950243602799,0.000404985203536635,-6.14672229138495e-06
33.77,0.00357937239326134,-0.000223839834011249,0.000402876352253979,-6.87048707890859e-06
33.78,0.00353028884428674,-0.000219865443095075,0.000399463661223979,-7.55717217675081e-06
33.79,0.00348201635752687,-0.000215826826025671,0.000394798864767271,-8.20208302247032e-06
33.8,0.00343460327768241,-0.000211948432554641,0.000389029676272917,-8.79769037045019e-06
33.81,0.00338800295363662,-0.000208028139544508,0.000382210696327721,-9.34184582056618e-06
33.82,0.00334225573450908,-0.000204288297810869,0.000374499249711321,-9.82907212960114e-06
33.83,0.00329731306927528,-0.000200524712883645,0.000365955784784906,-1.0259066876225e-05
33.84,0.00325320892872227,-0.000196957538406598,0.000356734986018825,-1.0628435604789e-05
33.85,0.00320989313862441,-0.000193380492218642,0.000346899052513108,-1.09386033172465e-05
33.86,0.00316739409499078,-0.000190011525538208,0.000336604588777196,-1.11873940271409e-05
33.87,0.00312566090990707,-0.000186642197831445,0.00032591346819518,-1.13769547242161e-05
33.88,0.0030847178255673,-0.000183488338036151,0.000314966562199173,-1.15061398366418e-05
33.89,0.00304451406496575,-0.000180339576337732,0.000303813059369196,-1.15781801324168e-05
33.9,0.0030050708404179,-0.000177409820020633,0.000292594564394193,-1.15926066415039e-05
33.91,0.00296633806820878,-0.000174486820948081,0.000281353647694522,-1.15535877925016e-05
33.92,0.00292833484805932,-0.000171782697680055,0.000270219299983517,-1.14616965660727e-05
33.93,0.0028910119603438,-0.000169083555425284,0.000259219629334084,-1.13220402031153e-05
33.94,0.00285438697648743,-0.000166600014926415,0.000248469334946682,-1.11359558481807e-05
33.95,0.00281841152783002,-0.000164116813341589,0.00023798268828217,-1.09091492821004e-05
33.96,0.00278310215690603,-0.000161843359327386,0.000227860818584686,-1.06434155076189e-05
33.97,0.00274841125940561,-0.000159563293655777,0.000218104377963395,-1.03448032322061e-05
33.98,0.00271435464444991,-0.000157485098279367,0.000208800798222541,-1.00153465955182e-05
33.99,0.00268088532140887,-0.000155391593411363,0.00019993697657166,-9.66123802489528e-06
34,0.00326289297571591,0.00337568779741447,0.000191586733388407,-9.28456117814825e-06
34.01,0.00381997267997747,0.00568747054737131,0.00136345068232733,4.62963427078562e-05
34.02,0.00462293921339274,0.00801330697614317,0.0020059467972087,7.19858009010499e-05
34.03,0.00565033270751947,0.0102929291290512,0.00120118728532622,1.96454270257353e-05
34.04,0.00689068304531659,0.0125377721830229,-0.00125806310381247,-0.000105428028191406
34.05,0.00840785602271232,0.0148177410662216,-0.00536928307658704,-0.000285695756445143
34.06,0.0103029023103502,0.0170685965079132,-0.0110121735300767,-0.000499749073587663
34.07,0.0126948558810529,0.0194210017839349,-0.0180571230780874,-0.000728993807235126
34.08,0.015716223570335,0.021774977776468,-0.0263241821955194,-0.000955914240524938
34.09,0.0194925098209264,0.0242783540250714,-0.0356983196217803,-0.00116904620254664
34.1,0.0241511292530099,0.0267845851112702,-0.0460321121022422,-0.00135808195309714
34.11,0.0297730357359498,0.0294495529532459,-0.0572599536065688,-0.00151817806974454
34.12,0.0364587174550124,0.0320789303849397,-0.06926813327069,-0.00164366420668279
34.13,0.0442212754796429,0.0348415526836461,-0.0820191379837888,-0.00173327009596042
34.14,0.0531524788265205,0.0375055600199136,-0.0953940029753265,-0.00178273432648161
34.15,0.0631963782846583,0.0402626649349615,-0.109320901933275,-0.00178988226212073
34.16,0.0744683318778705,0.0428533014610698,-0.123645690608888,-0.00174996297342037
34.17,0.0868388769035029,0.0454982704053303,-0.138240326603454,-0.00165958599166734
34.18,0.100476695450494,0.0479164790193877,-0.152924377374376,-0.00151400036607405
34.19,0.115168894655415,0.0503604756129061,-0.167587686884744,-0.0013125785567729
34.2,0.131161567032184,0.0525293257162023,-0.182058971161712,-0.00105252361795613
34.21,0.148140898447998,0.0547061854847518,-0.196213859136404,-0.000733598777109922
34.22,0.166450413993264,0.0565707684803988,-0.209868462703727,-0.000353780121906564
34.23,0.185655578603605,0.0584357466889212,-0.222863135571191,8.82923318547517e-05
34.24,0.206217109933757,0.059962433662402,-0.234994964517258,0.000595041644266593
34.25,0.227561402822788,0.061491908799689,-0.246143276819902,0.00116464130866588
34.26,0.250284828008102,0.0626667395905207,-0.256222043940708,0.00179325859125887
34.27,0.273655941137839,0.0638536135593341,-0.265188184535097,0.00247484445331423
34.28,0.297968314431998,0.0648730121936471,-0.273021285515129,0.00320302965692385
34.29,0.323685516472775,0.065523990148548,-0.279735824672829,0.00397108105041059
34.3,0.349811371839424,0.0662092597063793,-0.28536514258048,0.00477215599029741
34.31,0.377358622554267,0.0665220665385338,-0.289954837402157,0.00560005611372625
34.32,0.405135951843532,0.066885654236701,-0.293559590741695,0.00644862620476029
34.33,0.434348953856894,0.0668742057148074,-0.296260659134997,0.00731071405447081
34.34,0.46360025288433,0.066929829032582,-0.298129017566492,0.00818021859354214
34.35,0.493493583456074,0.0668393677078954,-0.299238989212246,0.00905078655318257
34.36,0.524850485660471,0.0663709376218049,-0.299657378621986,0.00991680123147483
34.37,0.555950993191411,0.0659945183454307,-0.299449374631587,0.0107735038935864
34.38,0.588544502281154,0.0652397612429354,-0.298696826818149,0.0116163796216059
34.39,0.62068542213837,0.064591963317303,-0.297496225537496,0.0124415048353269
34.4,0.653257115203929,0.063815157718024,-0.295937014905487,0.0132444987461599
34.41,0.687380256384087,0.0626572220175898,-0.294068454219755,0.0140233066626031
34.42,0.720759678785483,0.0616257284060166,-0.291935131538192,0.0147768766842945
34.43,0.754459401450091,0.0604724477774032,-0.289574067960724,0.0155038927320266
34.44,0.789788340562231,0.0589351009452077,-0.287016162956443,0.0162032090478736
34.45,0.824091840391354,0.0575412349028001,-0.284287316768464,0.0168740091534926
34.46,0.85862056282111,0.0560320740196415,-0.281416218968236,0.0175152712117462
34.47,0.894874171684858,0.0541366735776303,-0.278427472703881,0.0181262339662744
34.48,0.929830535444724,0.0523993215080785,-0.275338556431445,0.018706346682367
34.49,0.964930056504175,0.0505520969174109,-0.272168528804262,0.0192546637936984
34.5,1.00186484399949,0.0483171517606801,-0.268931659633211,0.0197704441926088
34.51,1.03724140698557,0.0462524184080196,-0.265638261826445,0.0202531626072934
34.52,1.07269146712708,0.0440824872494997,-0.262304436470386,0.020702056798562
34.53,1.11009930744738,0.0415242839327395,-0.258941620113274,0.0211166625308363
34.54,1.14569799962274,0.0391458270577665,-0.255556448963144,0.0214966797891022
34.55,1.18131143519976,0.0366659333153884,-0.252160351968219,0.0218415548686153
34.56,1.21901545755173,0.0337981885162216,-0.248760737763623,0.0221510309891245
34.57,1.2546678727044,0.0311169360674498,-0.24536326551184,0.0224250690185208
34.58,1.29027866842234,0.0283366887431905,-0.241979512905342,0.0226633750021857
34.59,1.3281028297459,0.0251690111633916,-0.238617873841245,0.0228659452061054
34.6,1.36360707036169,0.0221898164565311,-0.235283439196303,0.0230330472708025
34.61,1.3989654616251,0.0191103748644347,-0.231987654966746,0.0231647875431714
34.62,1.43412046903967,0.0159290157017881,-0.228740745923735,0.0232616051705102
34.63,1.47152193350097,0.0123560078232698,-0.225546341048441,0.0233241663008203
34.64,1.5060661300129,0.00895956871062928,-0.224020664815827,0.0232966573226872
34.65,1.53999983156414,0.00539501001132459,-0.229215376730821,0.0228861341942107
34.66,1.57306085973021,0.00162086072367396,-0.235703194183104,0.022445264187531
34.67,1.60774973924415,-0.00265636268519404,-0.242446395401535,0.0220647651895805
34.68,1.63832055532711,-0.00687762908400263,-0.249299712235365,0.0217566196083754
34.69,1.66717653553033,-0.0113312131959231,-0.256218258863055,0.0215220036657986
34.7,1.69691851829635,-0.0162948095872646,-0.263141641740808,0.0213599571735506
34.71,1.72150225792659,-0.0212137519748293,-0.269993981722957,0.0212691540259356
34.72,1.74352466968473,-0.0263601888804292,-0.276691855314113,0.0212484958851364
34.73,1.76575735436354,-0.0319920763619502,-0.283163298123783,0.0213001359875945
34.74,1.7820496779325,-0.037560485860979,-0.289294444596986,0.0214262982524906
34.75,1.79826007111944,-0.0435780941719553,-0.294957483387126,0.021626837031711
34.76,1.80827750369953,-0.049502325360287,-0.300025761255058,0.0219001759421134
34.77,1.81812135726267,-0.0558234438812332,-0.30433377997182,0.022245539361369
34.78,1.8115952776748,-0.0608374747058957,-0.307043952162385,0.0226468459900498
34.79,1.80547074934541,-0.0661604078291407,-0.303510887014721,0.0229021599478434
34.8,1.79682688399767,-0.0714880681928624,-0.297386442462011,0.0231243161090245
34.81,1.78292029486596,-0.0765672430232973,-0.289457469167836,0.0233680701090472
34.82,1.76977263269937,-0.0818265598277125,-0.279403745892549,0.023644026468549
34.83,1.75466242756265,-0.0870010000158881,-0.2669301741061,0.0239474853591107
34.84,1.73781590393873,-0.0920552736962045,-0.251810817964557,0.0242660923333091
34.85,1.71675043480917,-0.0967528420612416,-0.233879346626193,0.0245834830158584
34.86,1.69713343206306,-0.101462329693514,-0.213005294538288,0.0248800528633091
34.87,1.67638619108169,-0.105940133450938,-0.189175638382542,0.0251314079768606
34.88,1.6521195182459,-0.109969088147593,-0.162465204205975,0.0253166812714965
34.89,1.62957976821081,-0.113885137671294,-0.133004058344787,0.0254169021714326
34.9,1.60626576526665,-0.117469772928544,-0.101061893231051,0.0254114521665872
34.91,1.58224495747454,-0.120696348192993,-0.0669454868872746,0.0252820518028039
34.92,1.55526161785572,-0.123384474670769,-0.0310261929181823,0.0250134369463434
34.93,1.53002213062853,-0.125837780528729,0.00628271422058621,0.024591159355787
34.94,1.50419368828054,-0.127879447927096,0.0444907084052453,0.0240019885549043
34.95,1.47567047231004,-0.12936056477093,0.083102888160778,0.0232386273690341
34.96,1.44880536303662,-0.13056709732069,0.121615638289587,0.0223002911607422
34.97,1.42144277628588,-0.131355025863514,0.159506490961415,0.0211908318458211
34.98,1.39166015671016,-0.131606883358759,0.196287235606898,0.019919340748739
34.99,1.36348541228822,-0.131592976061868,0.231120564160722,0.0184912633278589
35,1.33491550316246,-0.13122860640377,0.259106486543659,0.0166794843953598
35.01,1.30415515278884,-0.130458310144917,0.283128723212772,0.01469227050192
35.02,1.27489039047878,-0.129541661605271,0.30412704036596,0.0126458047046035
35.03,1.24532249885826,-0.128391896628929,0.322165919429994,0.0105727468149915
35.04,1.21387269024404,-0.126941610511562,0.337111125219966,0.00848528838099439
35.05,1.18389872254554,-0.125421195734635,0.348999761839624,0.00639937562653545
35.06,1.15224031216619,-0.123668969645296,0.357975551420433,0.00433433983722454
35.07,1.12203329874255,-0.121895646109966,0.364243158157604,0.00230953185708573
35.08,1.09174205380294,-0.120033484947582,0.368014769331306,0.000341734908732698
35.09,1.06003980947543,-0.118028908838462,0.369537503324558,-0.00155386093654189
35.1,1.02973531306364,-0.116061510928114,0.369052387541063,-0.00336604881913578
35.11,0.999443802569309,-0.114068984221898,0.366764248376817,-0.00508461553739529
35.12,0.967973554687273,-0.111988404899125,0.366285930241561,-0.00682450325579349
35.13,0.937779217385296,-0.109929507155444,0.367489761190092,-0.00863878019699185
35.14,0.906496785287564,-0.107761034833286,0.368280431949615,-0.0104395509173665
35.15,0.876410840518878,-0.105611246191469,0.368427845069373,-0.0122111952392817
35.16,0.845361502592842,-0.103370498222092,0.367969864492527,-0.0139505985677704
35.17,0.815439191744914,-0.101153956471358,0.366971048028066,-0.015656918035039
35.18,0.785594344327039,-0.09891038389139,0.365507862475149,-0.017330804698671
35.19,0.754962293020123,-0.096599650384586,0.363700886572068,-0.0189761332768213
35.2,0.725352413912969,-0.0943160438796601,0.361611239487089,-0.0205951368728724
35.21,0.695065275783911,-0.0919762686385138,0.359290143579672,-0.022189796751349
35.22,0.66573194890876,-0.0896627297381618,0.356754572640578,-0.0237602681296705
35.23,0.635829303691329,-0.0873022163025159,0.354020092887563,-0.0253063235789458
35.24,0.606819376866035,-0.0849665410114949,0.351105681016731,-0.0268267820003511
35.25,0.577971515651232,-0.0826210183820898,0.348033542157789,-0.028321444210487
35.26,0.548718889692099,-0.0802403051278412,0.34481978803013,-0.0297898738307162
35.27,0.520283637173089,-0.0778813196635411,0.341495872377155,-0.0312318085174635
35.28,0.491556289305776,-0.0754931208284338,0.338097963823997,-0.0326467407118699
35.29,0.463609313361562,-0.0731235088892923,0.334654321349255,-0.0340343004523063
35.3,0.435482227228073,-0.0707290911442114,0.331196878596212,-0.0353948253674128
35.31,0.408135875317322,-0.0683173002407215,0.335477652495097,-0.0363914181793707
35.32,0.380870615440731,-0.0657693137847282,0.344857460971146,-0.0371153187804023
35.33,0.35450823326966,-0.0631008239948526,0.354729251342174,-0.0379219686144064
35.34,0.328352525086075,-0.0602803335413895,0.364708897412019,-0.0388549147337316
35.35,0.303061279419123,-0.057333574803598,0.374732933600746,-0.039920242404962
35.36,0.278050455624476,-0.0542370459083549,0.384791870037606,-0.0411176872362534
35.37,0.253860986917805,-0.0510113317040034,0.394859409859606,-0.0424438643194424
35.38,0.230026144822907,-0.0476545700056961,0.399454973227573,-0.0437112199968784
35.39,0.207087411998737,-0.044297710362979,0.392210493948101,-0.0444892859290633
35.4,0.184880426715752,-0.0409880039187608,0.383333442412137,-0.045136772080667
35.41,0.163271667168456,-0.0377260419505834,0.374546191823841,-0.0457333396338173
35.42,0.142551627473372,-0.0345197144297259,0.365941151392807,-0.0462911310645339
35.43,0.122452936990036,-0.0313613819748914,0.357499226167215,-0.046810425001777
35.44,0.10318720806489,-0.0282555903741833,0.349192722557153,-0.0472873227799603
35.45,0.0845583619931443,-0.0251988899921854,0.340983658589519,-0.0477165722862984
35.46,0.0667133432543574,-0.0221935924888537,0.332814680698697,-0.0480929201035015
35.47,0.049518492193271,-0.0192404563337786,0.32461906020408,-0.0484110200325666
35.48,0.0330650759793327,-0.0163405551899795,0.316328051184422,-0.048665671697691
35.49,0.0172718836248125,-0.013498595079116,0.307884496238459,-0.0488510275614657
35.5,0.00218432885465969,-0.0107147467271604,0.299210261966871,-0.048961445698447
35.51,-0.0122324264365874,-0.0079974206992437,0.290193519052751,-0.0489911013438635
35.52,-0.0259709081004331,-0.00534695175816298,0.280749676399274,-0.0489350975336077
35.53,-0.0390276887643219,-0.00277509769536652,0.27081298817621,-0.0487906154952395
35.54,-0.0514273753746437,-0.000281997299934984,0.260325565111449,-0.0485560627850597
35.55,-0.0631360468658553,0.00211824044257594,0.249236928288041,-0.0482306080867668
35.56,-0.0742056022131674,0.00442564962026469,0.237495379330724,-0.0478137978310563
35.57,-0.0845783469097272,0.00662436496392617,0.225083174631649,-0.0473058018778717
35.58,-0.0943300589540348,0.0087149177467136,0.211988402723848,-0.0467083829783161
35.59,-0.103385792260733,0.0106804944544663,0.198176833134979,-0.046021700920165
35.6,-0.11184134442737,0.0125217550653685,0.183630906329471,-0.0452439679146591
35.61,-0.119608264375787,0.0142211954525691,0.16835474670873,-0.0443720542708983
35.62,-0.126797985921737,0.0157800476786673,0.152377733493493,-0.0434028893503617
35.63,-0.133312469237671,0.0171812448697825,0.135754996680369,-0.0423338899652606
35.64,-0.139276170514298,0.0184275473040219,0.118603211105999,-0.0411652951619199
35.65,-0.144586395226765,0.0195039709485598,0.101038074265166,-0.039897484942188
35.66,-0.149378456381409,0.0204157014081759,0.0831731495995852,-0.0385308506256573
35.67,-0.153609797994003,0.0211549308527574,0.0651487895601302,-0.037067275181493
35.68,-0.157235890014339,0.0217156288878906,0.047139136363845,-0.0355112341492404
35.69,-0.160403041739198,0.0221077263111374,0.0293662335258845,-0.0338702119658985
35.7,-0.163008073571487,0.022324977685989,0.0120477556628783,-0.0321533149774609
35.71,-0.165202111196362,0.0223814426281658,-0.00461604065195774,-0.0303706439109229
35.72,-0.166884517936105,0.0222752614535887,-0.0204348062150191,-0.028533098071975
35.73,-0.168207846101636,0.0220239800640647,-0.0352469065054354,-0.0266523258370591
35.74,-0.169073994010946,0.0216293322680947,-0.0489293017319338,-0.0247400996444792
35.75,-0.16963417589868,0.0211111989284563,-0.0613531891489912,-0.0228086034033224
35.76,-0.169792900522307,0.0204741880965495,-0.0724228526158358,-0.0208704371331037
35.77,-0.169698048695682,0.0197397656001546,-0.0820740653984616,-0.0189373170045808
35.78,-0.169256515525714,0.0189143344011327,-0.0902626210213419,-0.0170211119319561
35.79,-0.168611138976122,0.0180198048502532,-0.0969781331596303,-0.0151335418405705
35.8,-0.167671465552787,0.0170633336519515,-0.102227044851778,-0.0132865862710796
35.81,-0.166574639675699,0.0160662871545515,-0.106038294262783,-0.0114914952498204
35.82,-0.165233272134651,0.0150357810079964,-0.108448853490145,-0.00975868621350123
35.83,-0.163778017424904,0.0139920149711743,-0.109514164024559,-0.00809800533708427
35.84,-0.162124575901015,0.0129414622095699,-0.109306042808899,-0.00651847090700668
35.85,-0.160396805081287,0.0119025493303495,-0.107900475937162,-0.00502796024171946
35.86,-0.15851373085164,0.0108806046159149,-0.105394439572179,-0.00363368575099715
35.87,-0.156592135392259,0.00989180558953046,-0.101885007027594,-0.00234152291989495
35.88,-0.154554404285288,0.00893993153947174,-0.0974786536504405,-0.00115627447377026
35.89,-0.152509948891064,0.00803863489447847,-0.0922907786772454,-8.17937502949234e-05
35.9,-0.150384478776186,0.00718986775660389,-0.0864304225857833,0.000879555376031625
35.91,-0.148279796337011,0.0064046422257551,-0.0800202308193022,0.00172635202315607
35.92,-0.146124774350736,0.00568294926243981,-0.0731726621244721,0.00245845032613732
35.93,-0.144013487251772,0.00503315842745061,-0.0659977595909209,0.00307702181508263
35.94,-0.141915299591337,0.00445551399941186,-0.0586094712734897,0.00358425737129744
35.95,-0.139803622836191,0.00394952244403594,-0.0511127497190288,0.00398347744989218
35.96,-0.13776070472499,0.00351981663429091,-0.0436042718357478,0.00427962330508157
35.97,-0.135722045249353,0.00316199493900178,-0.0361861614224305,0.00447853438243208
35.98,-0.133761883092599,0.00287838507090409,-0.0289504329037661,0.00458713348421345
35.99,-0.131817850751076,0.00266308119835317,-0.0219797659510416,0.00461297155460858
36,-0.118618641951716,0.00473252365756226,-0.0153449181469519,0.00456408098555251
36.01,-0.116837533617085,0.00703595031422804,-0.00814154085522693,0.00449394163095071
36.02,-0.114839401546146,0.00937083365501133,-0.00164681705832457,0.00434964981248573
36.03,-0.112635780071193,0.0117675159481169,0.00314461509564471,0.00409071295720801
36.04,-0.110242938245297,0.014151814614347,0.00586563247359174,0.00372181779330604
36.05,-0.107602809895232,0.0166093734544131,0.00639389517610148,0.00326290043209016
36.06,-0.104629815812393,0.0190674670927429,0.00479488038453371,0.00274121745943714
36.07,-0.101199786130147,0.0216502392610232,0.00116951352274118,0.00218228583015793
36.08,-0.0971880538072494,0.0242528625359493,-0.00430350946808877,0.00161110404970613
36.09,-0.0924554545835461,0.0270189851764366,-0.0115018843260145,0.00104589425253405
36.1,-0.0868789704533324,0.0297987153739419,-0.0202540076724748,0.000503286447319059
36.11,-0.0803586703176293,0.0327447118224192,-0.0304773936309851,-7.06372705971572e-06
36.12,-0.0727988948412417,0.0356594307093778,-0.0420400948909288,-0.000475632251545424
36.13,-0.0641665630178156,0.0387080295465125,-0.0548942148140762,-0.000898219719672299
36.14,-0.0543792258210534,0.041654495426183,-0.0689199700779166,-0.00126855013485574
36.15,-0.0434743435740863,0.0446858104193836,-0.0840732904838746,-0.00158459578820183
36.16,-0.0313515752709792,0.0475371184565599,-0.100201537026064,-0.00184024156932944
36.17,-0.0181234505646923,0.0504236542820014,-0.117213532995525,-0.00203249567784215
36.18,-0.00364166690197276,0.0530581442704672,-0.134922611591619,-0.00215466080997309
36.19,0.0118965538424787,0.055687319604663,-0.153181811645007,-0.0022024278518347
36.2,0.0287130823610546,0.0580045377060336,-0.171739786176343,-0.00216829442047256
36.21,0.0465102279887581,0.0602883452116236,-0.190422472465678,-0.00205002807455368
36.22,0.0656047975853804,0.062213924722056,-0.208970528612362,-0.00184246096248243
36.23,0.0855786493027013,0.064090517318267,-0.227209979297476,-0.00154527991753217
36.24,0.106862187804845,0.0655753354895659,-0.244921506500178,-0.00115730316597718
36.25,0.128897091891432,0.0670063825848044,-0.261964026093127,-0.000681454854527399
36.26,0.152246357381317,0.0680228942035472,-0.278145910972165,-0.000119360426919212
36.27,0.176194111727572,0.0689901625471878,-0.293363986250658,0.000523612651674154
36.28,0.20145505474312,0.0695297360794182,-0.307505888729836,0.00124182095038583
36.29,0.227140944585222,0.0700322122650047,-0.320531784130749,0.00202754737202711
36.3,0.254137244081271,0.0701013947697483,-0.332389618349599,0.00287364602783837
36.31,0.281368855801034,0.0701508300764687,-0.343085927145245,0.00377212383670129
36.32,0.309270313994761,0.0699833548522228,-0.352608931927372,0.00471554136662541
36.33,0.338473861797849,0.0693819220498222,-0.360990559951336,0.00569583157914269
36.34,0.367601458289981,0.0687919911048299,-0.368298466157147,0.00670593529854144
36.35,0.398030328014509,0.0677713543021321,-0.374556303454244,0.00773921416569322
36.36,0.428171141343528,0.0667842841459966,-0.379793303256904,0.0087879245955749
36.37,0.458713640801431,0.0656118211278267,-0.384039126689264,0.00984481107027905
36.38,0.490580574889817,0.064025085910892,-0.384250075537174,0.0110252780430096
36.39,0.521955738364535,0.0625925214611236,-0.374926886003792,0.0126554798982578
36.4,0.554855165735347,0.0608730387260433,-0.363383094993541,0.0142340363091675
36.41,0.587132107454963,0.0593775986245051,-0.350864868259159,0.015655758253592
36.42,0.619765277608736,0.0578670452414178,-0.337626669852829,0.0169090282522131
36.43,0.653975342400571,0.0560856133340576,-0.323871743878721,0.0179928316246332
36.44,0.687255438110139,0.0545571030786772,-0.30983211548763,0.0189120257623269
36.45,0.720773119684034,0.0530258108706642,-0.295700799206209,0.0196757614971638
36.46,0.755945142948883,0.0512217085126928,-0.281606046234894,0.0202941890426929
36.47,0.789907852557475,0.0496827680908124,-0.267633113733419,0.0207737231417603
36.48,0.824021743052503,0.0481405795195376,-0.253901234764984,0.0211203621259183
36.49,0.859898155370123,0.0463147914879365,-0.240534364639547,0.0213409667856936
36.5,0.894307898098996,0.0447556204407574,-0.227617576146378,0.0214421130216928
36.51,0.92880387761471,0.0431838757217955,-0.215234269668911,0.0214309422813785
36.52,0.965190598212924,0.0413109703562406,-0.20346792036495,0.021315995660445
36.53,0.99986968405161,0.0396960416522613,-0.192901670319638,0.0211141260476002
36.54,1.03462103261928,0.0380103619371948,-0.190033552955634,0.0211297772073487
36.55,1.07149063042049,0.0359130136326569,-0.189742681918518,0.0212403856492606
36.56,1.10651316390019,0.0339680249038809,-0.189858958069602,0.0213587044796324
36.57,1.14161939381431,0.0318885941519387,-0.190065494543184,0.0214700835161665
36.58,1.17898650850905,0.0293854223023795,-0.190310998651851,0.0215713825431013
36.59,1.214258990691,0.0270368452787353,-0.190580629957995,0.0216623260620805
36.6,1.24954067003875,0.0245542537905134,-0.190867103604858,0.0217429562162137
36.61,1.28479142821598,0.021937064972675,-0.191164171466935,0.0218136361663872
36.62,1.32240284095923,0.0188946544773648,-0.191466532242108,0.0218749596918041
36.63,1.35748048873463,0.0160047007273263,-0.191771236170345,0.0219276283347563
36.64,1.39231564991575,0.0129754758273684,-0.192083092636882,0.0219720672413903
36.65,1.42678245136648,0.009803622792151,-0.192409669024303,0.0220091104985903
36.66,1.46338453813931,0.00619844070622175,-0.192763313583469,0.0220403245660007
36.67,1.49658137174596,0.00272671281960704,-0.193144280922931,0.0220672963365872
36.68,1.52872248473963,-0.000904136584020832,-0.193547909513503,0.0220910787581092
36.69,1.562349265389,-0.00497906305836171,-0.193964490828719,0.022112599657805
36.7,1.59151942230874,-0.00893931759828873,-0.19438299411355,0.0221326582881302
36.71,1.61871621613756,-0.0130670892799082,-0.194796477526658,0.0221516622196566
36.72,1.64662007065339,-0.0176317944902925,-0.195194701572591,0.0221700933032729
36.73,1.66909664468759,-0.0220805457713886,-0.195569596415542,0.0221881702159994
36.74,1.69186775857719,-0.0269445079383787,-0.195918959164732,0.0222056139749813
36.75,1.70876774133343,-0.0316789139625291,-0.196241158405392,0.0222221922700114
36.76,1.7257085035791,-0.0367953574452613,-0.196528435216922,0.0222379798756379
36.77,1.73658503990145,-0.0417588165195081,-0.197029671589113,0.0222541009020622
36.78,1.73711624581988,-0.0459384892006141,-0.206496150541063,0.0218348331838524
36.79,1.73200943609831,-0.050058542382744,-0.218210700812323,0.021327979014514
36.8,1.72735830972057,-0.0546005905584168,-0.22917675343062,0.0209721815164475
36.81,1.72030194543003,-0.0592977699386081,-0.238853094272592,0.0207941294194509
36.82,1.7081447942561,-0.0639045735517289,-0.246889532642131,0.020795758494805
36.83,1.69688859472576,-0.0688424838338646,-0.252894124583679,0.0209774148277967
36.84,1.6838491186085,-0.0738506059081944,-0.256487605132433,0.0213353655000274
36.85,1.6665289556838,-0.0786904630345094,-0.25733987848176,0.0218591608403149
36.86,1.6506439252623,-0.0837362071735777,-0.255200992673616,0.0225298705266665
36.87,1.6336058871595,-0.0887396212139796,-0.24995053153473,0.023320080928114
36.88,1.61301148423821,-0.0934777725282935,-0.241502612803772,0.0242003267891626
36.89,1.59415589026322,-0.0982877834592084,-0.2298072107791,0.0251423566827259
36.9,1.57451599442392,-0.102941948084235,-0.214944231420053,0.0261178323640264
36.91,1.55415360792153,-0.107400892514147,-0.194964670815764,0.0270410227708255
36.92,1.53072192789001,-0.111400638781728,-0.162727438836093,0.0275125511044239
36.93,1.50891621802876,-0.115185398764788,-0.125991364624409,0.0277475467567056
36.94,1.48637018609391,-0.118556760991464,-0.0869115860437386,0.0278081048309255
36.95,1.4609520592571,-0.121349859089456,-0.0461614813095224,0.0276899909597558
36.96,1.43706256466399,-0.123843574372203,-0.00430383751439649,0.0273818017828628
36.97,1.41252093726112,-0.125879393549858,0.0380864758082614,0.0268728524827815
36.98,1.38537817727459,-0.127326319157402,0.080423859154278,0.0261582298563802
36.99,1.35971029622439,-0.128449149300816,0.122148446461698,0.0252383231253166
37,1.33352364376682,-0.129122792337342,0.16273512143021,0.0241182832207558
37.01,1.30505355785318,-0.12924735674288,0.20172220963828,0.022808711645384
37.02,1.27805195363788,-0.129072580990205,0.23871172921529,0.0213245594835687
37.03,1.25070351846383,-0.128501542595382,0.273366846841636,0.019682911712716
37.04,1.22141480881566,-0.127459003666718,0.305453453515333,0.0179037115674937
37.05,1.19360650078334,-0.126175498027258,0.33478748062971,0.0160063430517141
37.06,1.16562690397905,-0.12457512741053,0.361159092245769,0.0140050752923972
37.07,1.13603687685999,-0.12260163374312,0.384389408173093,0.0119115570479424
37.08,1.10792160456908,-0.120464498902908,0.404489215114107,0.00974569660325337
37.09,1.07839468541312,-0.118024149088483,0.421552883037699,0.00752876572171618
37.1,1.05032318540573,-0.115472360843793,0.435742371276728,0.00528208350367874
37.11,1.02230792389929,-0.112753730569163,0.447230437500957,0.00302402064381049
37.12,0.993152911848543,-0.109826299214333,0.456226111446588,0.00077073720887196
37.13,0.965407500284204,-0.106853213408629,0.462986854784469,-0.00146517931395349
37.14,0.936685027935362,-0.10372266367403,0.46775724201408,-0.00367229596609277
37.15,0.909309792078185,-0.100597085875135,0.465958192606448,-0.00605287545346615
37.16,0.882030687055071,-0.0974925352821484,0.457756273185316,-0.00862198385203584
37.17,0.853850350191526,-0.0943914189643441,0.447449799817594,-0.0110617972455644
37.18,0.82681667721542,-0.0914171149335114,0.4355891026646,-0.0133247207328579
37.19,0.799018757202995,-0.0884837630743249,0.422392150634031,-0.0153968876377656
37.2,0.772321523445425,-0.0856977550231054,0.408062578520144,-0.0172729194312825
37.21,0.744995445679721,-0.0829805963605339,0.392809990591109,-0.0189509950547376
37.22,0.718723341150818,-0.080423230516616,0.376866503485532,-0.0204335827744942
37.23,0.692672138991308,-0.0779883712227822,0.360454111307816,-0.0217266076395608
37.24,0.666179278875345,-0.0756474521365068,0.34370614032672,-0.0228344654639562
37.25,0.640659691663156,-0.073457738683164,0.331180797314944,-0.0239056151596439
37.26,0.614725112409081,-0.0712674427098849,0.32758860274271,-0.0252761855686151
37.27,0.589589689161601,-0.0690933122010525,0.325405550328846,-0.0266837863210001
37.28,0.564102211489117,-0.0668759985442466,0.323388485146022,-0.0280737968577626
37.29,0.539373176301987,-0.0646644783389185,0.321342456488562,-0.0294347878577881
37.3,0.514411980359805,-0.0624136126640321,0.319219821248168,-0.0307637439975478
37.31,0.490183700596956,-0.0601658264427084,0.317003792970478,-0.0320598073238962
37.32,0.465838113839467,-0.0578840231172608,0.314690618486088,-0.0333220408030969
37.33,0.442202194929661,-0.0556035570964325,0.312288091290847,-0.0345503636532584
37.34,0.418879626592779,-0.053307319999633,0.309803789269473,-0.0357448741996285
37.35,0.395597192398142,-0.0509846794663482,0.307243792146756,-0.0369056252927938
37.36,0.372990942028168,-0.0486613296309337,0.304612315232205,-0.0380330968220892
37.37,0.350515210675562,-0.0463161760946502,0.301931711495466,-0.0391269927336332
37.38,0.328691661450762,-0.0439692451663625,0.299197283374606,-0.0401877210556406
37.39,0.307076823833976,-0.0416048563283309,0.296414607122284,-0.0412159093791915
37.4,0.286087517434266,-0.0392382216620787,0.293584598687328,-0.0422126801588939
37.41,0.265371019498013,-0.036858426415868,0.290729431176962,-0.0431794139218666
37.42,0.245249856817216,-0.0344760360205787,0.287897392168392,-0.0441175657840001
37.43,0.225451049850421,-0.0320835469167094,0.285139595304541,-0.0450294578522357
37.44,0.206214393118816,-0.0296870096015041,0.282473009411457,-0.0459165460245524
37.45,0.187337246914243,-0.0272823497518253,0.279886638353662,-0.0467794693693084
37.46,0.168989043590417,-0.0248726387862899,0.277358423609111,-0.0476184002704432
37.47,0.151029438864188,-0.0224574232591199,0.274866170523284,-0.0484330388322234
37.48,0.133567866896606,-0.0200375117488994,0.272391353836025,-0.0492228754485935
37.49,0.11651669517467,-0.0176155920459807,0.269913109802871,-0.0499871674785337
37.5,0.0999345410739181,-0.0151906474615243,0.26741042169302,-0.050724834617935
37.51,0.083780369050652,-0.012768002301703,0.264858169738622,-0.0514349146326406
37.52,0.0680719273920325,-0.0103451819367846,0.262233500754196,-0.0521163526647537
37.53,0.0528076492248166,-0.00792971917425177,0.259513222544802,-0.0527680153304787
37.54,0.037972174015654,-0.00551799069513711,0.256678292010793,-0.0533886790608862
37.55,0.0235977071318723,-0.00311920635280166,0.253714532294584,-0.0539772111204978
37.56,0.00964237754799613,-0.000728674435168368,0.250622842160521,-0.0545332904796447
37.57,-0.00387050866652916,0.00164758152951748,0.247405464338738,-0.0550570290365146
37.58,-0.0168950893672823,0.00400272922393121,0.244047852679566,-0.0555483386851636
37.59,-0.0295047901919538,0.0063425802211707,0.240521809522958,-0.0560071378595705
37.6,-0.0416089750221544,0.00865549590249595,0.23679959513065,-0.056433003195026
37.61,-0.0532974845952046,0.0109473571472458,0.232860530462248,-0.0568255922488802
37.62,-0.0644653588621957,0.0132058077492347,0.228688120197149,-0.0571844261187706
37.63,-0.0752160816337657,0.0154367506498326,0.224261220166653,-0.0575088146630068
37.64,-0.0854350692505281,0.0176272909476198,0.219557988378251,-0.0577977481100171
37.65,-0.0952367953874884,0.0197830863730972,0.214556354434717,-0.0580500984315419
37.66,-0.104500972109506,0.0218908329514068,0.209236073177173,-0.0582645172952522
37.67,-0.113350601399125,0.0239557893616802,0.203570608167271,-0.0584397118162494
37.68,-0.121662642832296,0.0259642859891373,0.197530195634761,-0.0585743530000906
37.69,-0.129566112762687,0.0279209213283355,0.191083819570939,-0.0586668289452705
37.7,-0.136937727380668,0.0298116305723278,0.184191280772191,-0.0587157719525273
37.71,-0.143910603534405,0.0316400443882591,0.176810044178082,-0.0587194911789085
37.72,-0.150363089041387,0.0333916652669532,0.168912573166012,-0.0586750497433676
37.73,-0.156429643975607,0.0350693262028742,0.160479495248871,-0.0585787817714239
37.74,-0.161990644861885,0.0366585819680426,0.151499473215624,-0.0584265851183651
37.75,-0.167179637242612,0.0381617378471613,0.141961437188353,-0.0582141001146894
37.76,-0.171879839068203,0.0395645954934506,0.131853682078059,-0.0579366431315618
37.77,-0.176222554003126,0.0408689337415809,0.121170030798311,-0.0575895837802935
37.78,-0.180094743841168,0.0420609003427445,0.109903273736652,-0.0571681403344353
37.79,-0.183624589879182,0.0431417829736318,0.0980452290627298,-0.0566673489360305
37.8,-0.186703487824428,0.0440980931287694,0.0855915904121015,-0.0560823151164934
37.81,-0.189455910179108,0.0449306373893225,0.0725364396635726,-0.0554080987140527
37.82,-0.191778379649505,0.0456263505215842,0.0588811786600187,-0.0546398046122856
37.83,-0.193791277542557,0.0461856124901529,0.0446135096104004,-0.0537716776789799
37.84,-0.195448245768574,0.0465986210309184,0.0297125571115612,-0.0527959678622992
37.85,-0.196707928310124,0.0468560708812119,0.0141976255564615,-0.0517059057391354
37.86,-0.197682915589214,0.0469578653736329,-0.00188919014024771,-0.0504955179793909
37.87,-0.198282734519292,0.0468927518311228,-0.018487053169706,-0.0491598394646732
37.88,-0.198615227336035,0.0466614960739258,-0.0355131549553493,-0.0476953058299145
37.89,-0.198596181959823,0.0462549583264202,-0.0528643897651907,-0.0460998968912761
37.9,-0.198329070207944,0.0456755286121831,-0.0704365455829964,-0.0443725640523005
37.91,-0.197736091086451,0.0449165311974864,-0.0881302888134464,-0.0425127719957905
37.92,-0.196916125430385,0.0439821546002624,-0.105807467145854,-0.0405223874244536
37.93,-0.19579811525984,0.0428689310327272,-0.123286373321406,-0.0384063640566947
37.94,-0.194477448891389,0.0415843084530445,-0.140357290563531,-0.036173058552821
37.95,-0.192890959442883,0.0401293437660743,-0.156804175356113,-0.0338332552621819
37.96,-0.191131062413931,0.0385153269925676,-0.17243268642975,-0.0313977325752186
37.97,-0.189141843809178,0.0367478860918353,-0.186990930967398,-0.0288813556804917
37.98,-0.187013083114721,0.0348431209248677,-0.20015595814342,-0.0263042119595374
37.99,-0.184697600195588,0.0328133730069583,-0.211570860415552,-0.0236911441740831
38,-0.171708211940279,0.0258505940550269,-0.220860793293543,-0.0210708606287619
38.01,-0.170411826864364,0.0213787470524835,-0.229131631730609,-0.0185371117756023
38.02,-0.169256869071514,0.0168718837612592,-0.234091897331763,-0.0160079077120667
38.03,-0.168238025576619,0.0123269587001828,-0.234820665946031,-0.0134551430971622
38.04,-0.167374094218934,0.0078377894159374,-0.231410156225378,-0.0109139095728043
38.05,-0.166758694495217,0.00332485660787954,-0.224121132539982,-0.008421847727675
38.06,-0.166531367259184,-0.00112901318518258,-0.213334418165202,-0.00601528065546106
38.07,-0.166826607427537,-0.00563677855846348,-0.199430727993846,-0.00372468537371786
38.08,-0.167805835838855,-0.0100810833187629,-0.182829650537198,-0.00157667112713009
38.09,-0.169600118509625,-0.0145950421092237,-0.163882353538486,0.000409535293456265
38.1,-0.172359513709365,-0.0190178307565922,-0.142958902786017,0.00221763986555921
38.11,-0.17618474268989,-0.0234019466361822,-0.120339851785717,0.00383804287272627
38.12,-0.181130975941497,-0.0278210052874116,-0.0962984642556724,0.00526365029071555
38.13,-0.187311447584392,-0.0320534447833894,-0.0711076966189599,0.00648947225581541
38.14,-0.194697871036833,-0.0362739777140166,-0.0449787044787971,0.00751552371981779
38.15,-0.203411193896949,-0.0402327637048975,-0.0181848845124349,0.00834071151895058
38.16,-0.213347911352929,-0.0441342246865774,0.0090248596016971,0.00896732733334114
38.17,-0.224668149667457,-0.0477078746961098,0.0363335338074791,0.0093973168928156
38.18,-0.237187418785064,-0.0511927284296516,0.0634431439083002,0.00963555233196474
38.19,-0.251132803814741,-0.0543019299467969,0.0900273532452089,0.00968721349483972
38.2,-0.266224818368353,-0.0573091149069334,0.115824858694991,0.00956130039066787
38.21,-0.282778496817809,-0.0599107712302797,0.140546114103727,0.00926707123955904
38.22,-0.300400334071653,-0.0624131268061864,0.163924627760591,0.00881485687662975
38.23,-0.319512349236893,-0.0644958883348718,0.185717090195778,0.00821601285848619
38.24,-0.339587341275642,-0.0664955573978341,0.205699821131262,0.00748175928406122
38.25,-0.360830830408684,-0.0682551714738497,0.223727142361569,0.00662546422115497
38.26,-0.383591828452942,-0.0695954812062827,0.239772820756572,0.00566504395016403
38.27,-0.407108361089524,-0.0708929127621666,0.253850091609557,0.00461644595136542
38.28,-0.432152264002647,-0.0717783775662415,0.265988058806302,0.00349268078109735
38.29,-0.457787713398594,-0.0726507816439817,0.276285256346832,0.00230609437155502
38.3,-0.484960874252703,-0.0731202306319747,0.284895399585294,0.00106849940137112
38.31,-0.51254759641339,-0.0736046839109972,0.291986679301742,-0.000210618169339764
38.32,-0.541017363096769,-0.0739098200457076,0.297713447221699,-0.00152245608404309
38.33,-0.571039649314443,-0.0738201960080603,0.302214141528733,-0.00285814946309376
38.34,-0.601183700314689,-0.0737814383111204,0.305618939096859,-0.00420876605801881
38.35,-0.632892677036307,-0.0733514977011514,0.308046896933124,-0.00556598056290714
38.36,-0.66452092144872,-0.0729927931851048,0.309599236791175,-0.00692274742917186
38.37,-0.69679362670734,-0.0724846861516079,0.310390576035023,-0.00827410335083206
38.38,-0.730664664008004,-0.0715883043302523,0.310533180605578,-0.00961688207573425
38.39,-0.764152520883739,-0.0707906038930172,0.310072567015098,-0.0109465598635282
38.4,-0.79927370637139,-0.0696064394926526,0.30909539574165,-0.0122593602761444
38.41,-0.833814441192725,-0.0685367440120619,0.30767273245216,-0.0135526968275675
38.42,-0.868794363129654,-0.0673388316526536,0.305859675668253,-0.0148239944257147
38.43,-0.905477126126562,-0.0657552457154685,0.303715798711485,-0.0160714175465355
38.44,-0.941290820197798,-0.0643070203656155,0.301286785478118,-0.0172934385250933
38.45,-0.977441835442516,-0.0627400257765701,0.298629076107875,-0.0184886560200838
38.46,-1.01538577297589,-0.0607872525727164,0.295785193295934,-0.0196560712603192
38.47,-1.05218389124767,-0.0589867510763942,0.292787850530583,-0.0207948108947466
38.48,-1.08923229753685,-0.0570743605132004,0.289664422181178,-0.0219037671062189
38.49,-1.12817948408593,-0.0547754903256942,0.286431515161667,-0.0229815008896704
38.5,-1.16571473239676,-0.0526424438819091,0.283109815628864,-0.024027401052485
38.51,-1.20342640887412,-0.0504031742906107,0.279710826430344,-0.0250403973346544
38.52,-1.24315624507507,-0.0477774608142127,0.276244393269856,-0.0260195055644083
38.53,-1.28121846413107,-0.0453284945567747,0.272727894099642,-0.0269644640433101
38.54,-1.31939424366983,-0.0427779844278917,0.269171876537575,-0.0278746332797037
38.55,-1.35971820058388,-0.0398418780002901,0.26558205128041,-0.02874938415254
38.56,-1.39812782551336,-0.0370905629203879,0.261969344775734,-0.0295884680018793
38.57,-1.43659266959979,-0.0342410221152471,0.258352777581862,-0.0303919689603053
38.58,-1.47508777232603,-0.0312935539693888,0.254738913855097,-0.0311597710473384
38.59,-1.51588608173858,-0.0279604963490898,0.251129181785823,-0.0318916713466599
38.6,-1.55440011811957,-0.0248159131270154,0.247522054178729,-0.0325875325660963
38.61,-1.59281992337921,-0.021571899966752,0.243926454678343,-0.0332473899523251
38.62,-1.63356770915466,-0.01794038115277,0.240350447927495,-0.0338712566435399
38.63,-1.67163173303787,-0.0144916036552959,0.236793601181869,-0.0344590976055876
38.64,-1.70931022216565,-0.0109354488837449,0.233255134890108,-0.0350106711154229
38.65,-1.74642477531112,-0.00726691261081941,0.229733456406476,-0.0355257534194698
38.66,-1.78547094560255,-0.00319820549318506,0.226224905631037,-0.036004182185774
38.67,-1.82078666130847,0.000711299874413318,0.222723041015706,-0.0364460060131063
38.68,-1.85475169396112,0.00474918734708996,0.219228397851255,-0.0368510777795924
38.69,-1.88994400647554,0.00919399860322359,0.215742311152048,-0.0372191345561922
38.7,-1.92037110027762,0.0134928271283384,0.212266313687439,-0.0375498846596837
38.71,-1.94857310671164,0.0179397010082254,0.214479983511447,-0.0376458162450902
38.72,-1.97717867682382,0.0228818757057788,0.223305361364779,-0.0373798227982883
38.73,-2.00000747760757,0.0277949531856577,0.232504027308801,-0.0371360707339335
38.74,-2.02285316102629,0.033200246335599,0.241866786337127,-0.0369763276362273
38.75,-2.03959390127573,0.0385623016393195,0.251428694874874,-0.0369139923127361
38.76,-2.05620308662943,0.0443828485207491,0.261197742996179,-0.0369547059478354
38.77,-2.06663612225551,0.0501379931231771,0.271155236255661,-0.0371021393243313
38.78,-2.06687587501441,0.0551402193363232,0.281274449129949,-0.0373590186207753
38.79,-2.0645907557049,0.060304584326134,0.291533948112192,-0.0377284476601375
38.8,-2.05698911380497,0.0653954085074503,0.301825433158843,-0.038214629220536
38.81,-2.05009789123251,0.0708667528533869,0.311942992978629,-0.0388242046556724
38.82,-2.04111973811293,0.0764711933173441,0.321684064664081,-0.0395615827569773
38.83,-2.02745163542831,0.0819851393462146,0.330887934718172,-0.0404270519853861
38.84,-2.01490530807504,0.0878182443560935,0.339368002055153,-0.0414208003862063
38.85,-2.0008273671754,0.0937369713955384,0.346892659979662,-0.0425438389175331
38.86,-1.98275313388093,0.0995289286212778,0.351789973614004,-0.0437570466682911
38.87,-1.96604511382617,0.105482389817334,0.342165238801822,-0.0445134560765002
38.88,-1.9480500750273,0.111275575971406,0.325041650939674,-0.0450835340694134
38.89,-1.92885132034438,0.116860169686693,0.304932458685567,-0.0456107436487712
38.9,-1.90613055001418,0.122036967583719,0.281912895609625,-0.0461062898321143
38.91,-1.88479679500782,0.12711186269395,0.255811281806406,-0.0465494026934718
38.92,-1.86244174595114,0.131878329016943,0.226581461885195,-0.0469077454514277
38.93,-1.83687651229296,0.136153196686078,0.194184372860613,-0.04714609519044
38.94,-1.81262797935954,0.140208082717026,0.158597637022595,-0.0472291977802308
38.95,-1.78744231332265,0.143854498917428,0.119873536081614,-0.0471205422949437
38.96,-1.75929710715886,0.146927287603812,0.0781583416845552,-0.0467865923216976
38.97,-1.73237857506485,0.149669302896488,0.033654794353898,-0.0461978710932018
38.98,-1.70461741746368,0.151914840579044,-0.0132353047285922,-0.0453297613548082
38.99,-1.67417779502437,0.153524406302286,-0.0619041537233463,-0.0441656129219494
39,-1.64492267815369,0.154725438635093,-0.11164756500897,-0.0426962198251863
39.01,-1.61497121629829,0.155387798642993,-0.161613552431339,-0.0409230255288638
39.02,-1.58267141954836,0.155409770104394,-0.210883333867539,-0.0388607289373353
39.03,-1.55156510771622,0.155016120735168,-0.258613169386124,-0.0365329046683686
39.04,-1.51995302719106,0.154117211745703,-0.30405543382587,-0.0339681912513494
39.05,-1.48635779218252,0.152648283938805,-0.346577440371753,-0.0311991852259568
39.06,-1.4539988884031,0.150829775021282,-0.384633475098974,-0.0282354910341723
39.07,-1.42129424239705,0.148648641814915,-0.41234401334102,-0.0248326636827949
39.08,-1.38686088328297,0.146102981802708,-0.434623189357668,-0.021293580654538
39.09,-1.35357745247426,0.143402496297389,-0.452388231478243,-0.0177430081885314
39.1,-1.31877540907693,0.140436098284221,-0.465941664021451,-0.0142285088861118
39.11,-1.28513174681371,0.137391302271853,-0.475556654798495,-0.010780613506174
39.12,-1.25136181682523,0.134231688105307,-0.481295600575037,-0.00741182141487006
39.13,-1.21637490566566,0.130933966479778,-0.483425009298651,-0.00413578212384482
39.14,-1.18252833046297,0.127657544932363,-0.482346499861447,-0.000970510558929444
39.15,-1.14763427237457,0.124313146910416,-0.478505833927592,0.00206915029422022
39.16,-1.1138474117275,0.121038495836545,-0.472305573361869,0.00497269241167821
39.17,-1.0791650136822,0.117749242042955,-0.464042364567207,0.00772829761889448
39.18,-1.04554781657208,0.11456417307553,-0.454402607385884,0.0103340133411089
39.19,-1.01199503391759,0.111408410806253,-0.450439947290206,0.0130915526050173
39.2,-0.977660321867956,0.10819538282539,-0.448954177653117,0.0159150341951787
39.21,-0.94421021589756,0.104999218618422,-0.447522103894333,0.0187168739468602
39.22,-0.910084903898694,0.101745141912962,-0.445659116863098,0.0214735695680097
39.23,-0.876795054344739,0.0985096914140777,-0.443394734816995,0.0241798788671238
39.24,-0.842956140054032,0.0952287913028778,-0.440796285407074,0.0268357832467303
39.25,-0.809914088921781,0.0919685123893685,-0.437814018343955,0.0294383909117695
39.26,-0.776449194087494,0.0886742265003878,-0.434492865439413,0.0319891474964638
39.27,-0.743749922785517,0.0854025721540125,-0.430849388694382,0.034491278014189
39.28,-0.711241293876514,0.0821287719059503,-0.426882755310099,0.0369453111634958
39.29,-0.678496436963311,0.0788359588538095,-0.422657998565811,0.0393522616979451
39.3,-0.646478866556454,0.0755675809373393,-0.418238131982908,0.0417109045071626
39.31,-0.61433867288975,0.072287543803603,-0.413674974455373,0.0440212549720406
39.32,-0.582900222156679,0.0690311592081934,-0.409003918948853,0.046283601647578
39.33,-0.551444225856496,0.0657685530778193,-0.404254695011986,0.0484979899902051
39.34,-0.520664579364809,0.0625282987398918,-0.399390368477874,0.0506675117348989
39.35,-0.489959529906983,0.059287067896195,-0.394446464003206,0.0527963343532095
39.36,-0.459900397489637,0.0560671910342711,-0.389484401590762,0.0548868657475552
39.37,-0.429992662811263,0.0528499117354848,-0.384565498217042,0.0569396570816393
39.38,-0.400699072087161,0.0496480754471183,-0.381555585666011,0.058915638579898
39.39,-0.371703505331491,0.0463705820821682,-0.389274011755605,0.0604004545818056
39.4,-0.343468068485137,0.0429722615282795,-0.39867818143929,0.0618210922479903
39.41,-0.3156965811616,0.0394380717646528,-0.408410554022761,0.0633463522595836
39.42,-0.28866031300247,0.035773668938326,-0.418379219186631,0.0650033963885079
39.43,-0.262125790137146,0.0319825838982609,-0.424770443071915,0.0666369806005541
39.44,-0.236387022635149,0.0281666351774382,-0.419016598634531,0.0678230486114491
39.45,-0.211401943867179,0.024405094256852,-0.408982955106459,0.0688484456902438
39.46,-0.18712664879087,0.0207164886704685,-0.398611139400708,0.0698064952528429
39.47,-0.163655450903897,0.0171002036413383,-0.388557103322487,0.0707195380189415
39.48,-0.140888057811887,0.0135558928436693,-0.37884022918976,0.0715929176275611
39.49,-0.118865696668715,0.0100788736395626,-0.369439807532872,0.0724259960188499
39.5,-0.0975361697784969,0.0066713695491723,-0.36032361714808,0.0732151907764542
39.51,-0.0769028396929539,0.00332740721348477,-0.35144805067008,0.0739561567630456
39.52,-0.0569561672283374,5.19335015325328e-05,-0.342738791899206,0.0746446014113313
39.53,-0.037669702915136,-0.00316135859924804,-0.334148250344203,0.0752772616676116
39.54,-0.019070035908122,-0.00630512997983542,-0.325619661183149,0.0758504269629623
39.55,-0.00110687014071864,-0.00938585678632061,-0.317081474718866,0.0763602843154464
39.56,0.0161629095779317,-0.0123938630124669,-0.308470675516943,0.0768016092354189
39.57,0.0328084148164187,-0.0153353870338,-0.299727405907614,0.0771685630194807
39.58,0.0487478143666245,-0.0181986163307333,-0.290731186196345,0.0774540306168541
39.59,0.0640648889774011,-0.0209884315834484,-0.281389144606081,0.0776512060363245
39.6,0.0786585875400041,-0.0236907219622773,-0.271626007841689,0.0777551186596334
39.61,0.0926259073434199,-0.0263092798052961,-0.26136110580106,0.0777618542878445
39.62,0.10585355827311,-0.0288282158459674,-0.250520675930438,0.0776681656235859
39.63,0.118450875034688,-0.0312501595705223,-0.23904058769568,0.0774723155109044
39.64,0.130298601267476,-0.0335576572508877,-0.226812445458162,0.0771736614495884
39.65,0.14151797104003,-0.0357513817929168,-0.213715578623545,0.0767692666959139
39.66,0.151987672944785,-0.0378116970499023,-0.199654354100352,0.0762542690662271
39.67,0.161837423555324,-0.0397373716145404,-0.18456255255036,0.0756230477481828
39.68,0.170945754593662,-0.0415076467954567,-0.168393161342307,0.0748687139311006
39.69,0.179448023853689,-0.0431201991439002,-0.151108494572803,0.0739832499553657
39.7,0.187224106722089,-0.0445538402095045,-0.132680492468654,0.0729578443627
39.71,0.194412050518046,-0.0458055201599187,-0.113099690383266,0.0717831645228556
39.72,0.200893802407854,-0.0468543540770437,-0.0923946209469558,0.0704502169554108
39.73,0.206807980063555,-0.0476976621820004,-0.0706356564521067,0.0689514739436694
39.74,0.212102370573753,-0.0483204234391322,-0.0478993317118835,0.0672800505032353
39.75,0.216728267083073,-0.0487089066346902,-0.0242733793743304,0.0654294722248201
39.76,0.220822980562825,-0.0488624558487102,0.000139754392012908,0.0633944266253127
39.77,0.22427909739793,-0.0487655674027248,0.0252333154161807,0.0611698130532832
39.78,0.227231421536626,-0.0484193467543921,0.0508980103926728,0.058751012258197
39.79,0.229577756590877,-0.0478113579891496,0.0769320205299328,0.0561369472966046
39.8,0.231450641834694,-0.046946447827937,0.103045068787796,0.0533311665954365
39.81,0.232755846987086,-0.0458183973384424,0.12889771476338,0.0503433446844016
39.82,0.233626021549613,-0.0444387666216309,0.154041721384473,0.0471899256785097
39.83,0.233978559691391,-0.0428111965361865,0.177849258526978,0.0438977174781403
39.84,0.233949873902736,-0.0409590296166789,0.199660255366424,0.0405012323023529
39.85,0.233471464869717,-0.0388986308325654,0.219020476540574,0.037033258731879
39.86,0.232680461441458,-0.0366621152434038,0.235622532115516,0.0335254370997065
39.87,0.231516977562317,-0.0342725445908844,0.249243597330442,0.0300076180699788
39.88,0.230113638576044,-0.0317659363138809,0.259759021407059,0.0265079348275844
39.89,0.228415091881364,-0.0291683206266698,0.267112907930697,0.0230530500079318
39.9,0.226546280420168,-0.0265163024654282,0.271332411983883,0.0196684609415387
39.91,0.22445430005307,-0.0238358227942014,0.272499448844728,0.0163779812934718
39.92,0.22225495716504,-0.0211614510560459,0.270740505094075,0.0132037234555201
39.93,0.219896734429374,-0.0185169830036367,0.266218021813171,0.0101660175830978
39.94,0.217485700750022,-0.0159333656338478,0.259125007850228,0.00728325281651524
39.95,0.214971254982173,-0.0134308910614918,0.249680534312187,0.00457177952846694
39.96,0.212449667182151,-0.0110358098890926,0.238117487839348,0.00204564618721824
39.97,0.209871061541848,-0.00876407636996324,0.224684987590714,-0.000283231971375803
39.98,0.207322139299699,-0.00663667525600496,0.209636393524105,-0.00240527580011654
39.99,0.204784776833741,-0.00466645385231523,0.193231469188507,-0.00431296175196234
40,0.191068503490037,-0.0050983925707173,0.175721480588978,-0.00600118873141145
40.01,0.188624671246034,-0.00584722866485579,0.15640412198913,-0.00750687813072674
40.02,0.185958245730323,-0.00679276539581552,0.136741959296799,-0.00877200495468145
40.03,0.183099688284726,-0.00788363948411612,0.117851973128221,-0.00975642873544056
40.04,0.180063324266478,-0.00917556408251189,0.100337611995868,-0.0104587131349944
40.05,0.176812566354195,-0.0106083407848765,0.0845071562265988,-0.0108960675574388
40.06,0.173255942823332,-0.0122944695611061,0.0705548174727001,-0.0110925488428067
40.07,0.169291122882267,-0.0141484408226456,0.0585670704004802,-0.011077115628378
40.08,0.164786641643706,-0.0163049778838598,0.048636767479154,-0.0108772625582717
40.09,0.159617825329923,-0.0186352772960208,0.0407796252364672,-0.0105221716930677
40.1,0.153663034354657,-0.0212830447655806,0.0350639491840805,-0.0100365421929761
40.11,0.14681421249603,-0.024067566464278,0.0314901061412871,-0.00944582225765316
40.12,0.139003712382198,-0.0271387698478002,0.0301312746178195,-0.00877080015872327
40.13,0.13014467044093,-0.030269444278941,0.0309913014420817,-0.00803394392820517
40.14,0.120236661279971,-0.0336242634188535,0.0341274091905707,-0.0072538338599894
40.15,0.109187926572933,-0.0369409678006529,0.0394759521342475,-0.00645235004292854
40.16,0.0970678191467114,-0.0404083044290768,0.0470278701815385,-0.00564742021557207
40.17,0.0837497011669646,-0.04373769352174,0.0566341253770054,-0.00486049167898653
40.18,0.0693806729277462,-0.0471476545602559,0.0681985911650401,-0.0041084925037456
40.19,0.0537719604231883,-0.0503289825095556,0.0814852049696208,-0.00341115873004023
40.2,0.0371630062255157,-0.0535321080924578,0.0963110902208881,-0.00278325362093716
40.21,0.0192805390271422,-0.0564297416588745,0.112361120823256,-0.00224186324674881
40.22,0.000474340367873971,-0.059304769890851,0.129378465627203,-0.00179905307051281
40.23,-0.0196329422418371,-0.0618136118715957,0.14699742968758,-0.00146834187414725
40.24,-0.0405609961740296,-0.0642711698040109,0.164944998248353,-0.00125663431297763
40.25,-0.0628100216218677,-0.0663181700641777,0.182902522162966,-0.00116995574174909
40.26,-0.08575008688931,-0.0682997078500603,0.200638082195638,-0.00120892729562207
40.27,-0.110022833821398,-0.0698407396663924,0.217920609835185,-0.00137265923681574
40.28,-0.134831825159847,-0.0713144158992888,0.234587528171616,-0.00165654749788579
40.29,-0.160490349838225,-0.0725322638262461,0.250467510112914,-0.00205577145885807
40.3,-0.187488241444625,-0.0732861699678439,0.265446847335495,-0.00256394815466942
40.31,-0.214753006957704,-0.0739885998703686,0.279440517524526,-0.00317257645031188
40.32,-0.243357535639039,-0.0742227570933448,0.292368668369388,-0.00387329801001124
40.33,-0.272027845054548,-0.0744234092689085,0.304208063474825,-0.00465615406469286
40.34,-0.302035991813788,-0.0741571382683091,0.314940165471171,-0.0055122432830006
40.35,-0.331946734557008,-0.0739217637840932,0.315338790699306,-0.00680076658887989
40.36,-0.362515376086883,-0.0735815250013789,0.31076285199392,-0.00828841044594988
40.37,-0.394620764755806,-0.0729165833625773,0.304825841323777,-0.00969988058537443
40.38,-0.426452135162847,-0.0724113367431769,0.297876209504718,-0.0110037247082534
40.39,-0.459834318555314,-0.0715904038165584,0.290103102747386,-0.0121932813043073
40.4,-0.492728987566724,-0.070950630565564,0.281694421908528,-0.0132664878159825
40.41,-0.526056286095741,-0.0702535395468142,0.272835693035014,-0.014223751552869
40.42,-0.560976623739628,-0.0692438390562759,0.263673839741034,-0.0150667862947823
40.43,-0.595103797017046,-0.0684370497994699,0.254293709864008,-0.0157994698526471
40.44,-0.629544565014831,-0.0675807258869308,0.244760077113484,-0.0164263489269561
40.45,-0.665652258693014,-0.06640826864486,0.235170636554726,-0.0169513241927639
40.46,-0.700684096666018,-0.0654527733911775,0.225631917939742,-0.0173783729952367
40.47,-0.735936583483189,-0.0644494056557967,0.216236404098782,-0.0177112193853035
40.48,-0.772955564346184,-0.0631209753444275,0.207205225567938,-0.0179539742451573
40.49,-0.808657548937346,-0.0619863126227002,0.204038331067438,-0.0183303555613728
40.5,-0.84457660463758,-0.0607249266083097,0.20354223440731,-0.0187873001545254
40.51,-0.882458041035242,-0.059044634303774,0.203428632579549,-0.0192483873622044
40.52,-0.918821419222192,-0.0575072095766431,0.203319825824245,-0.0197008882420953
40.53,-0.955341010621559,-0.0558342973729146,0.203163329455906,-0.0201414522783184
40.54,-0.993941927756678,-0.0537407988654382,0.202946072512648,-0.0205687239734917
40.55,-1.03077031281822,-0.051799915121342,0.20265620890663,-0.0209820776481278
40.56,-1.06769131694823,-0.0497286378025113,0.202293028007588,-0.0213807782332245
40.57,-1.10682040979056,-0.0472393885066264,0.201857535577535,-0.0217645193871023
40.58,-1.14393063146271,-0.0449110384997374,0.201347038727821,-0.0221331773824788
40.59,-1.18107070700964,-0.0424568394921516,0.200766657702467,-0.0224862840576553
40.6,-1.21821061062966,-0.0398775181333351,0.200119702611211,-0.0228236666385612
40.61,-1.2576930849073,-0.0368830319156757,0.199415300822951,-0.0231455633668271
40.62,-1.29476352891632,-0.0340531810165703,0.198664891133055,-0.0234527444449403
40.63,-1.3316759855541,-0.0310970359107087,0.197876466867649,-0.0237456095807795
40.64,-1.37090587513561,-0.0277247470828281,0.197049585039416,-0.0240245642925463
40.65,-1.4072587419181,-0.0245100477670835,0.196180987619347,-0.0242900350647656
40.66,-1.44306056144862,-0.021160297580666,0.195274867130002,-0.024541997821506
40.67,-1.47807989729561,-0.0176702443535514,0.194331875799809,-0.0247805425091762
40.68,-1.51483382197546,-0.0137522367872673,0.193353338672027,-0.0250057170040918
40.69,-1.54749086625598,-0.00996798717998851,0.192338167206337,-0.0252176309658115
40.7,-1.57847648208142,-0.00603107425168999,0.191292551152298,-0.0254161082495611
40.71,-1.61041410871859,-0.00166618687056468,0.190211514294446,-0.025601361771835
40.72,-1.63721249613999,0.0025709612143313,0.189082342006468,-0.0257740012354882
40.73,-1.6644960930964,0.00722002258346298,0.187908717507229,-0.0259338496007591
40.74,-1.6861049962188,0.0117320885098798,0.186696434440589,-0.0260805971177571
40.75,-1.70483645901512,0.0163669747614312,0.185456514884575,-0.0262138436859722
40.76,-1.72361379877048,0.0213691139702634,0.184198154044524,-0.0263334606032614
40.77,-1.73633347956523,0.0262020944330599,0.182926106002406,-0.026439406578029
40.78,-1.73876488426701,0.0301991859102266,0.185229652002076,-0.0264160262488702
40.79,-1.73858790625392,0.0343446872870533,0.196355127211461,-0.0259776226562934
40.8,-1.73288974532791,0.0384338131367257,0.208257476070517,-0.0255850763412404
40.81,-1.72773923464765,0.0429348246752348,0.220009461549481,-0.0253230547451078
40.82,-1.72031625104524,0.0475941365337928,0.231332138712354,-0.0252061287365397
40.83,-1.70798972072533,0.0521810984306269,0.242012850193602,-0.025238182249626
40.84,-1.69667065479422,0.0571155250105021,0.251839640656108,-0.025419959002799
40.85,-1.68369482623503,0.0621558084831328,0.260586873900162,-0.0257504475513843
40.86,-1.6665836451416,0.06708400172051,0.267972034863592,-0.0262280531624794
40.87,-1.65090180175729,0.0722763661807576,0.273635345955665,-0.0268518069243402
40.88,-1.63406611019258,0.0775033465081763,0.277181221440142,-0.0276203025433439
40.89,-1.61618786435038,0.0827357803123933,0.278221886968996,-0.0285281095645023
40.9,-1.59490706285528,0.0877700889342875,0.276484570098664,-0.0295619817349999
40.91,-1.57522673965579,0.092919295555958,0.269467091001492,-0.0306394075099075
40.92,-1.55461341546494,0.0978909423703938,0.248672400618918,-0.0313411165007145
40.93,-1.53076452054091,0.102436817898165,0.222751995800037,-0.031890223853965
40.94,-1.50829740331452,0.106834040153555,0.193597610130409,-0.0323357662316146
40.95,-1.48490646047385,0.110889145713276,0.161433485556107,-0.0326590280098442
40.96,-1.46061765807444,0.114572229600328,0.126499951241501,-0.0328354883312723
40.97,-1.43341841079862,0.117723171100881,0.0890829819413797,-0.0328409894933093
40.98,-1.40749145837471,0.120589850494655,0.0495235752729409,-0.0326550580796441
40.99,-1.38078145785218,0.123013869010062,0.00824277230616484,-0.0322582963865205
41,-1.35146436111083,0.124862004105013,-0.0342900651120519,-0.0316347111976316
41.01,-1.323402085407,0.126365344333014,-0.0775435130799177,-0.0307733301314838
41.02,-1.29295967953251,0.127287550683917,-0.120912294567611,-0.0296687915582966
41.03,-1.26378202458304,0.127853007955918,-0.163782486276935,-0.0283238608045146
41.04,-1.23411419021527,0.12795590831586,-0.205580882608264,-0.0267472660041612
41.05,-1.20242163859011,0.12751428791608,-0.245797652641968,-0.0249530400246085
41.06,-1.17202169927661,0.126741631661887,-0.283971141097232,-0.0229594532750723
41.07,-1.14132603505155,0.125560613497665,-0.319698778303913,-0.0207876557913437
41.08,-1.1089602957523,0.123914471153657,-0.352672990519904,-0.0184615004823558
41.09,-1.07791659142444,0.122002066263856,-0.382644342962878,-0.0160041420450482
41.1,-1.04542764748586,0.119692581595698,-0.409306383616899,-0.0134323107121577
41.11,-1.01426649424231,0.117175184586906,-0.432430906718247,-0.0107613785262716
41.12,-0.983095462803712,0.11440601826786,-0.452031745337819,-0.0080160293251911
41.13,-0.950777372330666,0.111355374676868,-0.468236076028728,-0.00522199697215541
41.14,-0.919761207734828,0.108196485373467,-0.478903353286953,-0.00231254556635829
41.15,-0.887715084629493,0.104870947913547,-0.483582223602111,0.000740559378906692
41.16,-0.856870403217673,0.101537467781525,-0.485237591266061,0.00374689101209153
41.17,-0.826124043181315,0.098161681805518,-0.484396121776906,0.00667107833434992
41.18,-0.794562313925825,0.0947188520689071,-0.481303840129678,0.00949692831890589
41.19,-0.764146034228054,0.0913300471955859,-0.476215648698912,0.0122101249604173
41.2,-0.73305995604695,0.0879196776469334,-0.469360618886086,0.0147996753271272
41.21,-0.703080026570916,0.0845927536658173,-0.460922787617013,0.0172555795055742
41.22,-0.672568689768728,0.0812810004845913,-0.451084983975102,0.0195672274563376
41.23,-0.643124932803255,0.0780750008328683,-0.440019453240091,0.0217273149436596
41.24,-0.613950690631986,0.0749257442720618,-0.432797075643267,0.0238957157970312
41.25,-0.584376658447939,0.0717573769574876,-0.428455182510362,0.026127075934529
41.26,-0.55573224918054,0.0686247159524387,-0.424077932631749,0.0283124827827437
41.27,-0.526794451116626,0.0654717059630511,-0.419416834663645,0.0304389223406149
41.28,-0.49875050270564,0.0623546718972103,-0.414476581611024,0.0325030968426261
41.29,-0.470537125318009,0.0592266210687401,-0.409261096907908,0.034504199906289
41.3,-0.443191705600253,0.0561350448296366,-0.403898387258806,0.0364463520818845
41.31,-0.415793110900609,0.0530388597830043,-0.398511091444495,0.0383350940614756
41.32,-0.389232600094875,0.0499758692167699,-0.393154989344975,0.040172792702324
41.33,-0.362723303471656,0.046911101271444,-0.387860678504858,0.0419623268261121
41.34,-0.337021895210208,0.0438749641524475,-0.382633394345305,0.0437051964099254
41.35,-0.311466043888263,0.040838989379596,-0.377477179086196,0.045401901548147
41.36,-0.286687774694272,0.0378274246107198,-0.37239601084591,0.0470532189511742
41.37,-0.262378420887096,0.0348267238433763,-0.367391048786965,0.0486597606999621
41.38,-0.238336566013407,0.0318288945954021,-0.362467107155665,0.0502218565224896
41.39,-0.215026663421163,0.0288501229642617,-0.357631560987448,0.0517401590169693
41.4,-0.192050072779457,0.0258757490910862,-0.352914181779526,0.0532155964883474
41.41,-0.169772855202213,0.0229168214890726,-0.348370985882231,0.0546508518968739
41.42,-0.147881777032969,0.0199623837321702,-0.344030127781301,0.0560483207454072
41.43,-0.126654859219144,0.0170190260045539,-0.339893806640014,0.0574096796539706
41.44,-0.105854568525487,0.0140797452635838,-0.335956340807848,0.0587363016151176
41.45,-0.0856827552895698,0.0111478247052994,-0.332216832428409,0.0600291761106184
41.46,-0.0659688949242128,0.00821972201084321,-0.32868219596736,0.0612896641337576
41.47,-0.0468500913428826,0.00529576309132728,-0.325342509294236,0.0625190141583106
41.48,-0.0282134972678918,0.00237552543750445,-0.322181646604794,0.0637182814807839
41.49,-0.0101404312790585,-0.000542775841766805,-0.319180965359283,0.0648883334739032
41.5,0.00743292016995412,-0.00345668560654893,-0.316316765115458,0.0660297692478294
41.51,0.0244702106148278,-0.00636955735143481,-0.313548156870615,0.0671433309683312
41.52,0.0409924265843919,-0.00927619799762015,-0.310827761636813,0.0682298668654648
41.53,0.0570004959690866,-0.0121808150079395,-0.308117635950684,0.0692895481196217
41.54,0.0724789046816845,-0.0150759318253659,-0.30538416461222,0.0703219578655951
41.55,0.0874580415669097,-0.0179665335758538,-0.302596196234013,0.0713266394567763
41.56,0.101891395278326,-0.0208433723297565,-0.299716411077701,0.0723031970515784
41.57,0.11583322181464,-0.0237118285079294,-0.296702140606104,0.0732514133475943
41.58,0.129212310649431,-0.0265610417933484,-0.293514856979559,0.0741711636861659
41.59,0.14210308086906,-0.0293964102836966,-0.290102384700014,0.0750627051939347
41.6,0.154415596824993,-0.0322055387962684,-0.286410601239351,0.0759256438405641
41.61,0.166241183065484,-0.0349933440839978,-0.282387013162557,0.076759242614521
41.62,0.177531087644939,-0.037750792233405,-0.277985938796881,0.0775620227034245
41.63,0.188225567297833,-0.0404681963984957,-0.273159148529549,0.0783321011891371
41.64,0.198435705056019,-0.0431495267224359,-0.267860901780639,0.0790669008863444
41.65,0.208045295014504,-0.045779571427774,-0.262045219776706,0.0797635209998616
41.66,0.217175481955227,-0.0483614849051012,-0.255665674813761,0.0804187275124055
41.67,0.225706212667093,-0.0508792690098469,-0.248685693823081,0.0810291046983767
41.68,0.233766199158774,-0.053335273151057,-0.241066592353742,0.0815909330890879
41.69,0.241234191277513,-0.0557129587255388,-0.232769681429512,0.0820998626767273
41.7,0.248243945087154,-0.058013763610226,-0.223755104599788,0.0825511074534329
41.71,0.25467502885628,-0.0602206582206996,-0.213982955177765,0.0829394924325633
41.72,0.260663913751511,-0.0623340867806753,-0.203415528715837,0.0832593792701172
41.73,0.266092110177048,-0.0643366581345392,-0.192016674659144,0.0835047060026358
41.74,0.271096530433274,-0.0662278242014431,-0.179748682013483,0.0836691683197229
41.75,0.275561619155191,-0.0679899284824559,-0.166583331295368,0.0837457190247821
41.76,0.279623010750138,-0.0696215796052655,-0.152505020309167,0.0837263725248777
41.77,0.28316855576205,-0.0711052956445416,-0.137508115104589,0.0836024966420331
41.78,0.286330945052656,-0.0724392448310043,-0.121594942934002,0.0833651163079809
41.79,0.289001741924498,-0.0736064833096277,-0.104770812339523,0.0830049346490929
41.8,0.291309457952178,-0.0746047978614443,-0.0870134126182081,0.0825113532812933
41.81,0.293149226658375,-0.0754174336795239,-0.0683080920507365,0.0818731802070186
41.82,0.294644235507555,-0.0760415466303271,-0.0486581263300593,0.0810796215214367
41.83,0.295693661861213,-0.0764608985659772,-0.0280682808284329,0.0801198220519227
41.84,0.296415095470458,-0.0766723706213351,-0.0065469835368795,0.0789828517616091
41.85,0.296712068919099,-0.0766603765440378,0.0158944275367628,0.0776578376876986
41.86,0.296696434462154,-0.0764216637357885,0.0392363384865895,0.0761341344073538
41.87,0.296276488884283,-0.0759415078967793,0.0634504981950185,0.0744015764858532
41.88,0.295558296266643,-0.0752167773632089,0.088514022017454,0.0724500412004855
41.89,0.294500461496783,-0.0742362433472347,0.114391014425226,0.0702698117611031
41.9,0.293066852249034,-0.0729895549688163,0.141031429254911,0.0678521175268215
41.91,0.291354834400975,-0.0714743609413581,0.168351254603422,0.0651898259626507
41.92,0.289286021595057,-0.0696798532111205,0.19619439777215,0.0622798790159301
41.93,0.286954091491252,-0.0676066789595505,0.224291425757178,0.059124288292007
41.94,0.284289564471985,-0.0652499672418808,0.2522458238045,0.0557322846472885
41.95,0.281385978508141,-0.0626179141009539,0.279575414433954,0.0521198900726196
41.96,0.27818568486328,-0.059715543266426,0.305758690292913,0.0483093436955212
41.97,0.274784256161395,-0.0565614230505131,0.330183582666168,0.0443305760373274
41.98,0.271137548929085,-0.0531731541466015,0.352167478690398,0.0402217571081002
41.99,0.267345209347159,-0.0495826987147889,0.370967270798229,0.0360292996457365
42,0.263377570830164,-0.0458223845491157,0.385914014230234,0.03180410081241
42.01,0.259336852224656,-0.0419364324176438,0.396598226187031,0.0275934261889529
42.02,0.255201245651199,-0.0379653778500387,0.402881468340995,0.023437417067269
42.03,0.251066264517448,-0.0339559335983715,0.404828800596328,0.0193698122530734
42.04,0.246909245260728,-0.0299476101014217,0.402655521035983,0.0154195682717693
42.05,0.242813758283797,-0.0259827001140875,0.396650918295519,0.0116111716745721
42.06,0.238753197807647,-0.0220952422542434,0.387147377519602,0.00796572975962457
42.07,0.23479836498773,-0.0183206057809532,0.374509794223255,0.00450188807219071
42.08,0.230918987263628,-0.0146858876446204,0.359104165918609,0.00123654281191965
42.09,0.227174839869251,-0.0112189612224451,0.341279085314098,-0.00181562115684635
42.1,0.223533648635646,-0.0079401731720449,0.321372824925599,-0.00464113691157248
42.11,0.220046408248724,-0.00487039962520306,0.299712747417774,-0.00722827918334598
42.12,0.216680584633083,-0.00202383141089224,0.276585349070789,-0.00956725877841135
42.13,0.213480060819377,0.000584768799481083,0.252276306421346,-0.0116507391887146
42.14,0.210412849302866,0.00294657956410929,0.22704718272423,-0.013472382299091
42.15,0.207516937074338,0.00505230740770374,0.201143569082036,-0.0150287481650329
42.16,0.20477661209611,0.00689711657700794,0.174774989510723,-0.0163189483834714
42.17,0.20217802938163,0.00847810409611219,0.148159491028492,-0.0173440237695947
42.18,0.199750566345395,0.00979278776511118,0.12151236362026,-0.018107510942855
42.19,0.197463720070818,0.0108431062189054,0.0950444069580086,-0.0186157344067204
42.2,0.195340930431097,0.0116309681587175,0.068966204313658,-0.0188773721312251
42.21,0.193351272099266,0.0121623456954624,0.0434819714100175,-0.0189034803027888
42.22,0.191512108792226,0.0124433528341312,0.0187924433747728,-0.0187072976653277
42.23,0.189791678904982,0.0124841137373377,-0.00484770012183946,-0.0183040576984651
42.24,0.188201391125499,0.0122956679133206,-0.0272069612888492,-0.0177121472245702
42.25,0.186708397253373,0.0118925618166635,-0.0480974776312354,-0.0169510252615137
42.26,0.185318744302634,0.0112897513765462,-0.0673547256901976,-0.0160404129873066
42.27,0.183999490191527,0.0105048951863714,-0.0848442433635077,-0.0150005275644403
42.28,0.18275276838221,0.00955575656689345,-0.100456071835087,-0.0138522388727449
42.29,0.181546403738031,0.00846204391254425,-0.114106204066764,-0.0126158338605314
42.3,0.180379922795694,0.00724326980394886,-0.125739188750144,-0.0113116559356146
42.31,0.179222898965989,0.00592012964810183,-0.135329249518603,-0.00995911747693071
42.32,0.178073526427676,0.00451266738967307,-0.142888540024831,-0.0085771902637076
42.33,0.17690399159261,0.00304127467546392,-0.148452966639787,-0.00718354446665858
42.34,0.175712227202805,0.00152536141182445,-0.152075848326965,-0.00579460733365292
42.35,0.174473805393241,-1.58562599958595e-05,-0.153830583991082,-0.00442549327662994
42.36,0.17318736382086,-0.00156439329269147,-0.153813849612343,-0.00309002089009562
42.37,0.171832294641417,-0.00310302135235179,-0.152136784088163,-0.00180076021922291
42.38,0.170408436800518,-0.00461592014309488,-0.148921932495985,-0.000568834918534871
42.39,0.168899147478495,-0.00608835676341168,-0.144297378408142,0.000596069050082422
42.4,0.167305775468096,-0.0075070137293084,-0.138393187603469,0.00168546997055607
42.41,0.165618901991181,-0.00885978241926057,-0.131338136967471,0.00269234659401467
42.42,0.163831547458493,-0.0101359298814098,-0.123267012376358,0.00361068046174061
42.43,0.161947485542251,-0.0113260382656806,-0.114317315643715,0.00443576844025475
42.44,0.15995944207781,-0.0124221136065279,-0.104620620348837,0.00516407364404713
42.45,0.157872746870458,-0.0134173392788674,-0.0943056145158064,0.00579312930574045
42.46,0.155683404968187,-0.0143063435794421,-0.0835016555632534,0.00632163798818023
42.47,0.153398198874608,-0.0150848451224667,-0.072335314312578,0.00674939189822963
42.48,0.151016122694939,-0.0157500319615743,-0.0609293862759018,0.00707718061061698
42.49,0.14854525285697,-0.0163000589896434,-0.0494070108869531,0.00730662810565689
42.5,0.145987202050215,-0.016734594908745,-0.0378892612977006,0.00744073510853181
42.51,0.143351288976111,-0.0170542064284964,-0.0264994493573501,0.00748357715837917
42.52,0.140641554180895,-0.0172610006478468,-0.0153502560215231,0.00743968983775447
42.53,0.137868198013745,-0.017357745187555,-0.00453870593520063,0.00731427059531034
42.54,0.135037089284914,-0.0173485336318798,0.00584493607952627,0.00711325033845414
42.55,0.132159008764598,-0.017237892778321,0.0157199285244291,0.00684299824635068
42.56,0.129241246639053,-0.0170315696724511,0.0250092457273208,0.00651039320105678
42.57,0.126294838884849,-0.016735562142979,0.0336496373058951,0.00612248910544569
42.58,0.123328100266212,-0.0163567988114918,0.0416332801559263,0.00568824309588166
42.59,0.120353337746218,-0.0159010979816622,0.0490049749721883,0.00521785626336963
42.6,0.117379773298849,-0.0153759306693649,0.0555896455709389,0.00471209561614402
42.61,0.11441757275318,-0.0147890851576783,0.0613608208239508,0.00417803693197115
42.62,0.111475224745671,-0.0141490620721773,0.0663028097457929,0.00362334637311553
42.63,0.108562185119006,-0.013463957355905,0.0704046769147794,0.00305525643290831
42.64,0.105686610148849,-0.0127424677579934,0.0736660620606805,0.00248070291984886
42.65,0.1028568573978,-0.0119926749434991,0.0760985120557749,0.00190627499101664
42.66,0.100080335458834,-0.0112230466908291,0.0777228721533961,0.00133810660906914
42.67,0.0973640392927866,-0.0104412444004061,0.0785669986551878,0.000781975778732686
42.68,0.0947142810020676,-0.00965503334181787,0.0786648001790792,0.000243223457905865
42.69,0.0921368785157703,-0.00887182260958912,0.0780551173770266,-0.00027342202789538
42.7,0.0896365464633231,-0.0080981500482614,0.0767855856847893,-0.000763706088823749
42.71,0.0872178459614759,-0.00734062727138031,0.0749078995570833,-0.00122388876633962
42.72,0.0848839055792006,-0.00660475852782668,0.0724757423442579,-0.00165078408344771
42.73,0.0826379773539614,-0.00589608011054059,0.0695449150047476,-0.00204176900099098
42.74,0.0804816038992122,-0.00521897825187257,0.0661729091295025,-0.0023947873811962
42.75,0.0784166871124903,-0.00457783517659433,0.0624194534086742,-0.00270835386967024
42.76,0.076443223910184,-0.00397584907490911,0.058344225545807,-0.0029815038991167
42.77,0.074561805075831,-0.0034162102278962,0.0540061056398452,-0.00321373290625594
42.78,0.0727710125011427,-0.00290094090479794,0.0494628321814097,-0.0034050246384299
42.79,0.0710702177342721,-0.00243208412702023,0.044769923882626,-0.00355589923696338
42.8,0.0694567009792397,-0.00201052272712848,0.0399867753547735,-0.0036672453940507
42.81,0.0679287278449454,-0.00163714572442075,0.0351687897200501,-0.00374039919257766
42.82,0.0664824799624437,-0.00131172805194298,0.030366844865592,-0.00377695977114387
42.83,0.0651153274456355,-0.00103415417242813,0.0256256795400606,-0.00377881023073894
42.84,0.0638226172209198,-0.000803292373500231,0.0209882408001919,-0.00374798437373672
42.85,0.0626010832026545,-0.000618171966025723,0.0164945463230844,-0.003686694155953
42.86,0.0614455282945503,-0.000476871934436238,0.0121803176036131,-0.00359729562135396
42.87,0.0603523043885676,-0.000377705461274954,0.00807747605314194,-0.00348226391681363
42.88,0.0593159231094784,-0.000318123496576868,0.00421317935776726,-0.00334421414612294
42.89,0.0583325551382288,-0.00029589452481936,0.000610499211610335,-0.00318584185168002
42.9,0.0573966160932091,-0.000308014663130586,-0.00271152957633623,-0.00300989146350825
42.91,0.0565042682682257,-0.000351871072853899,-0.00573761181697,-0.00281912332469131
42.92,0.0556500058906924,-0.000424158354697264,-0.00845570263894128,-0.00261631340074937
42.93,0.0548301283285628,-0.000522022906398635,-0.0108570927133056,-0.00240418961169196
42.94,0.0540393726439614,-0.000641996347968736,-0.0129374774572287,-0.00218535960123247
42.95,0.053273937323592,-0.000781001430840841,-0.0146965109641492,-0.00196231919842821
42.96,0.0525302087764405,-0.000935976340437611,-0.0161374566336739,-0.00173748178772045
42.97,0.0518035844923119,-0.00110349772042165,-0.0172657423877726,-0.00151310419233905
42.98,0.0510913489677041,-0.00128075284396813,-0.018089890155166,-0.00129129691167814
42.99,0.0503894631464128,-0.0014644914478851,-0.0186208505679731,-0.00107404367735349
43,0.0504511407413357,0.00185920520797839,-0.0188716371738751,-0.000863183980048284
43.01,0.0503465694244234,0.0039784653524731,-0.0176391306200872,-0.000609831637059612
43.02,0.050490301871017,0.00611340266052275,-0.0167482704418721,-0.000396712475148703
43.03,0.050858235285169,0.00820585062232955,-0.0170963903088645,-0.000264988823470399
43.04,0.0514369888970236,0.0103109358321449,-0.0189020784196639,-0.000209005185012449
43.05,0.0522884540379422,0.01237509053048,-0.0221767442495882,-0.000212296218836278
43.06,0.0535113452637894,0.0145173288324603,-0.02687437106985,-0.000257210821719255
43.07,0.0552240482606177,0.0166578817870204,-0.0328495252153689,-0.000324416230664897
43.08,0.0575533370518855,0.0189385877942769,-0.0399997775052391,-0.00039920913978319
43.09,0.0606331857405067,0.0212380224879256,-0.048185472382315,-0.000468039838991228
43.1,0.0645710747912585,0.0237087843836037,-0.0573429155344911,-0.000522678346820666
43.11,0.0694794610549287,0.0261795202817129,-0.0673616767906882,-0.000554665585577303
43.12,0.0754056511812529,0.0288114296660374,-0.0782202474588763,-0.00056042453604071
43.13,0.0824406068382633,0.031389429851171,-0.0898187320727469,-0.000534111237366904
43.14,0.0905626205522125,0.0340925794634027,-0.102110864372314,-0.00047244742447455
43.15,0.0998708334366594,0.0366736569677856,-0.11496171203536,-0.000369296079156176
43.16,0.11027371510573,0.0393382349275319,-0.128260874728158,-0.000220180000847898
43.17,0.121909569333473,0.0418148604464347,-0.141839564077619,-1.91571601559104e-05
43.18,0.134609573145271,0.044340020762434,-0.155591799646866,0.000235840964593174
43.19,0.148578326011215,0.0466218908500634,-0.169343674944295,0.000548827022729588
43.2,0.163555399803254,0.0489282451499122,-0.182970942358827,0.000921177434149698
43.21,0.179833609025602,0.0509478156047656,-0.196281981407048,0.00135573804652457
43.22,0.197042049723441,0.0529786937465111,-0.209122365960239,0.00185358192712177
43.23,0.215581241258722,0.0546910400699649,-0.221263260238155,0.00241810782955855
43.24,0.234951112628035,0.056412577085466,-0.23253555875871,0.00304927962959281
43.25,0.255679024628662,0.0577951692515418,-0.242812294349023,0.00374476336216609
43.26,0.277116049697691,0.0591933103898679,-0.252025017732315,0.00449910495015208
43.27,0.299933755448892,0.0602396080921774,-0.260123864766999,0.00530596776535189
43.28,0.323316896946222,0.061313071320622,-0.267105015489775,0.00615838425966713
43.29,0.348099888980514,0.0620270089240684,-0.272986867619026,0.00704897587946999
43.3,0.373287539885542,0.0627829524838349,-0.277803485780777,0.00797096295052711
43.31,0.399294521398479,0.0633871227126183,-0.281603181152976,0.00891735652162242
43.32,0.426726968625823,0.0636248841131958,-0.284456908735364,0.00988053068097907
43.33,0.454292027497116,0.0639291260957728,-0.286425388944176,0.0108535285408921
43.34,0.483298252656427,0.0638642879937129,-0.287587982718264,0.0118292531605276
43.35,0.512243086059202,0.0638817616325542,-0.288008934146736,0.0128014831582873
43.36,0.54178365333216,0.0637635160644463,-0.287765497995765,0.0137643102927137
43.37,0.572799771344473,0.0632732427729782,-0.286938449869943,0.0147126012831474
43.38,0.603459435999742,0.0628886534768087,-0.285641943560398,0.0156410796384706
43.39,0.635627302042377,0.0621300842371218,-0.283953194720073,0.0165459303153413
43.4,0.66724262747676,0.0614900306959353,-0.281921822279262,0.0174250855405004
43.41,0.69924817497447,0.0607281156666077,-0.27959450681399,0.0182768283142048
43.42,0.732826857607482,0.0595885840452828,-0.277006492241127,0.0190995500110999
43.43,0.765564716717392,0.0585858621899239,-0.274186893683603,0.0198919512872201
43.44,0.798587817001572,0.057468156315294,-0.271172214913357,0.0206527368219542
43.45,0.833268660006452,0.0559701902461255,-0.26798936976924,0.0213808086362016
43.46,0.866830887202152,0.0546254042409504,-0.264655244248104,0.0220751174780714
43.47,0.900587978728872,0.0531718918934403,-0.261194523423365,0.0227344635355613
43.48,0.936103445847984,0.0513363144807835,-0.257626481684326,0.0233579322628576
43.49,0.970231943595307,0.0496679080850761,-0.253967186376356,0.0239448809229098
43.5,1.00447764544449,0.0478962132938034,-0.250234657425598,0.0244943454716047
43.51,1.04059656310106,0.04574153956083,-0.246443263097647,0.0250055914673744
43.52,1.0750708288861,0.0437655446864378,-0.242601461677354,0.0254781644401078
43.53,1.10959617814692,0.041690816458449,-0.238722348030477,0.0259112980704209
43.54,1.14612084250084,0.0392330837613453,-0.234815185923035,0.0263044640263492
43.55,1.18075343626696,0.0369629388592259,-0.230885360223269,0.0266573959372811
43.56,1.21538149117844,0.0345977889560919,-0.226944043213355,0.0269696601977294
43.57,1.25214302062194,0.0318505576514441,-0.223001006470648,0.027240997310983
43.58,1.28676788725724,0.029296628077443,-0.219062523376025,0.0274714387801405
43.59,1.32132345458553,0.0266493863786127,-0.215140698317765,0.0276608365862927
43.6,1.35577617451403,0.0239084125524891,-0.211244305095355,0.0278093331362178
43.61,1.39248662226323,0.0207840568938386,-0.20738445098731,0.0279172970641399
43.62,1.42664906101298,0.0178518617466937,-0.203567391584163,0.0279853235980055
43.63,1.46052949152181,0.0148211421757745,-0.199799273729442,0.0280139321801637
43.64,1.49660086325674,0.0113934038401189,-0.199165717712462,0.0278904651081928
43.65,1.52951770623627,0.00807773359623901,-0.204196904404165,0.0274723399443699
43.66,1.56156093255082,0.00455840808181898,-0.209927999973343,0.0270678825277308
43.67,1.59247789392853,0.000826586485286412,-0.215827770208503,0.0267218139833864
43.68,1.62479621268855,-0.00340457050829207,-0.22183823297776,0.0264395872645884
43.69,1.65264564991325,-0.00757796135276079,-0.227927409773547,0.0262218343914784
43.7,1.67848145024901,-0.0119776586548902,-0.234057961272303,0.0260671912039935
43.71,1.70495654648216,-0.0168756419529189,-0.240189871708091,0.0259739133544359
43.72,1.72597312480784,-0.0217194641074535,-0.246292983917116,0.0259403612070701
43.73,1.74719740677012,-0.0270432078266641,-0.252385292433747,0.0259660586231878
43.74,1.76247573530013,-0.0323018750983709,-0.258439612228178,0.0260506796033918
43.75,1.7746431567963,-0.0377512251213493,-0.264374733209458,0.0261940952467752
43.76,1.78664954650795,-0.0436303235109471,-0.270061176570788,0.0263984712226403
43.77,1.79544067837948,-0.049652603599936,-0.2742510885868,0.0266379466777449
43.78,1.7878014372502,-0.0543408403490569,-0.272989848673164,0.0267322997110773
43.79,1.78050636199828,-0.0593224961534396,-0.270338373687774,0.0268022392802249
43.8,1.76772407371492,-0.0640982321017148,-0.266918063383024,0.0268832017034273
43.81,1.75551846088168,-0.0691211642320772,-0.262541980464228,0.0269805589914967
43.82,1.74108938037398,-0.0741324466335227,-0.256933627145472,0.0270959570325255
43.83,1.7218337523902,-0.0788953286827899,-0.249715685644661,0.0272320081971372
43.84,1.70363329483518,-0.0838135568154956,-0.240440489649153,0.0273911765125064
43.85,1.68384850353883,-0.0886355584687966,-0.228744557753397,0.0275682299794196
43.86,1.66267769301169,-0.0933268797332903,-0.21434525490329,0.0277508433041264
43.87,1.6377018626932,-0.0976642229673149,-0.197043657391224,0.0279225926517845
43.88,1.61430860465223,-0.101992797802338,-0.176704036200123,0.0280639117766736
43.89,1.58996426771442,-0.106082692273709,-0.153315187223439,0.0281508226438552
43.9,1.56233544452538,-0.109729697786812,-0.126951517788395,0.0281624762957887
43.91,1.53638629472129,-0.113246675730459,-0.0977332301989322,0.0280775616136087
43.92,1.50968780786573,-0.116427789858302,-0.0659401962907867,0.027874869555559
43.93,1.48227702214737,-0.119246720775814,-0.031873863843517,0.0275346829787869
43.94,1.4519946056733,-0.121534374703327,0.0040827995126693,0.0270403233064311
43.95,1.42330878013278,-0.12357204172146,0.0414985814510233,0.0263759795559988
43.96,1.39400375012475,-0.125194222322406,0.0798750173513934,0.0255286484353261
43.97,1.36209618473526,-0.126262547120256,0.118687794999047,0.0244911602146319
43.98,1.33171685475879,-0.127048556368714,0.155381697085172,0.0231885859479926
43.99,1.30079286890414,-0.127452386352719,0.188514945951896,0.0215684355747558
44,1.2675018763231,-0.127382165212548,0.219572415061895,0.0197714264578097
44.01,1.23564626307208,-0.127096124216915,0.248323389380002,0.0178330716170966
44.02,1.20337090420944,-0.126497457585734,0.274512728101698,0.0157793278344075
44.03,1.16904553779816,-0.125510482819721,0.297988195736989,0.0136367063310288
44.04,1.13614600337343,-0.124371298912275,0.318647432247092,0.0114297022510398
44.05,1.10141192438387,-0.122908540913806,0.336329281870703,0.00917629809440443
44.06,1.06809484108883,-0.121344356797344,0.350849439686961,0.00688898816625539
44.07,1.03461095530894,-0.119612104541718,0.362274140953303,0.00458954909152316
44.08,0.999587954129764,-0.117660931785616,0.370729775343085,0.00230010761424233
44.09,0.965946254695403,-0.115685827829873,0.376440941425281,4.19105771772949e-05
44.1,0.932247464252578,-0.113618737365905,0.381549983293078,-0.00223718885454335
44.11,0.897247527238423,-0.111394362631677,0.385869005498208,-0.0045282096828048
44.12,0.863537995796991,-0.109166553231374,0.389076834686156,-0.00680859181574602
44.13,0.828669032690566,-0.106809305184361,0.391328335441338,-0.00907324258664156
44.14,0.795027751155315,-0.104460506415632,0.392784998889814,-0.0113199051393924
44.15,0.761420819388974,-0.102061310875344,0.393514758564439,-0.0135457635000936
44.16,0.726848384381977,-0.0995660092223895,0.393537997147121,-0.015745504051337
44.17,0.69340198907872,-0.0970907228594476,0.392894776355366,-0.0179156688896743
44.18,0.65911061016748,-0.0945385191875986,0.391658401731952,-0.0200553591037644
44.19,0.625877133866392,-0.0920120193225593,0.389903241753241,-0.0221637478267981
44.2,0.591914096902411,-0.089424527696898,0.387706555373353,-0.0242411821532069
44.21,0.55894176801772,-0.0868654902974916,0.385185800176197,-0.0262900911707158
44.22,0.526095277018974,-0.0842935478128497,0.382388294663487,-0.0283104362216522
44.23,0.492683811026753,-0.0816775589362218,0.379358638911813,-0.030302730818079
44.24,0.460169471951228,-0.0790894562799337,0.376122103141294,-0.0322669456252925
44.25,0.427200581631406,-0.0764631155322332,0.374315106328008,-0.0341617975629922
44.26,0.395165007422634,-0.073789733095039,0.382324236047661,-0.0355761914712201
44.27,0.362967274273002,-0.070960258781607,0.391753824889947,-0.0369669176178462
44.28,0.331763321523457,-0.068023706341811,0.401037726163645,-0.0384579739990433
44.29,0.300517404069294,-0.0649342362863931,0.410138220739727,-0.0400596006087943
44.3,0.270223810491239,-0.0617365141547758,0.419163618856994,-0.0417745478417188
44.31,0.23998675705014,-0.0583908822587848,0.428203335219701,-0.0436060552448858
44.32,0.210661950831446,-0.0549393852551182,0.43424271809719,-0.0454737068061551
44.33,0.181579766036031,-0.0514524848279028,0.426796420569509,-0.0468566940839553
44.34,0.153542066849034,-0.0480341468250085,0.416856100756006,-0.0480704893684511
44.35,0.126196521696688,-0.0446745599698362,0.407094789269583,-0.0492183099310482
44.36,0.0992947697051445,-0.0413613997710441,0.397683540936382,-0.0503150972977227
44.37,0.0733729818090669,-0.0381118636208217,0.388632317800809,-0.0513641580409962
44.38,0.0479486056053409,-0.0349048562138552,0.379947527114705,-0.0523659454131165
44.39,0.0234527284102812,-0.0317525382859565,0.37162919358195,-0.053319006912256
44.4,-0.000499983958195394,-0.0286389134452325,0.363656613838339,-0.054221196102861
44.41,-0.023571489811383,-0.0255722809181164,0.355981159671065,-0.0550702861622447
44.42,-0.04606117996937,-0.0225420433382623,0.348547334983752,-0.0558637260321458
44.43,-0.0677129316757856,-0.0195538214141868,0.341296205555058,-0.0565986690468574
44.44,-0.0887504518935929,-0.0166021256069487,0.334161976754242,-0.0572718114888761
44.45,-0.10898845606805,-0.0136906027144006,0.327078776416344,-0.0578799382361732
44.46,-0.128584141120198,-0.0108183198567512,0.320005914503873,-0.0584196167402352
44.47,-0.147412795731616,-0.00798694951157699,0.312914256669077,-0.058886789768583
44.48,-0.165574917364337,-0.00519920959247441,0.30573250917534,-0.0592779454359661
44.49,-0.18299791452194,-0.00245582884197811,0.298371149922584,-0.059588895177805
44.5,-0.199733424830224,0.000236542726980206,0.290773198007653,-0.0598169997203331
44.51,-0.215751544123427,0.0028780359130433,0.28290050966616,-0.0599609178227005
44.52,-0.231063754691198,0.00545937317101756,0.274724992041124,-0.0600199982218163
44.53,-0.245676395601542,0.0079817996260722,0.266224041598952,-0.0599939575004923
44.54,-0.259567487131505,0.0104340695880837,0.257354932956294,-0.0598835245949641
44.55,-0.272773489827215,0.0128180706325894,0.248086402345193,-0.0596891691855862
44.56,-0.285245179686204,0.0151210057236246,0.238422211267426,-0.0594111658064905
44.57,-0.297043786942514,0.0173457960970968,0.228364013566746,-0.0590492527852946
44.58,-0.308098384732019,0.0194792938528299,0.218214676246454,-0.0586063133995293
44.59,-0.318507021903673,0.0215481465399095,0.21142399443438,-0.05821731229904
44.6,-0.328255475808972,0.0235661794967954,0.20500528167065,-0.0578258181636043
44.61,-0.337295030721329,0.0255256166761138,0.198182587358276,-0.0573966899035499
44.62,-0.345730631374017,0.0274302980476406,0.190882033257715,-0.0569252135834813
44.63,-0.353457344392743,0.0292649167710561,0.183065037635743,-0.0564095692677916
44.64,-0.360592380054028,0.0310326893606781,0.174687778422355,-0.055847974157087
44.65,-0.367025213465806,0.0327174133441754,0.165700900738398,-0.0552379149397446
44.66,-0.372883359693348,0.0343214371061486,0.156063180307814,-0.0545765702527189
44.67,-0.378053751851783,0.0358278555702562,0.145742409039972,-0.0538600757542964
44.68,-0.382671007125535,0.0372383822146478,0.134722891683619,-0.0530838522366955
44.69,-0.386621385319809,0.0385360602966695,0.123012814204673,-0.0522435727302772
44.7,-0.3900444058032,0.0397227355950578,0.110658319067669,-0.0513364147073108
44.71,-0.39282801211308,0.0407824131371462,0.0976753913637867,-0.0503583034575306
44.72,-0.395113898601458,0.0417171973819168,0.084081437482747,-0.0493045717900488
44.73,-0.396791743372248,0.0425117793354827,0.0698905514971462,-0.0481701237915522
44.74,-0.398002681630739,0.0431683611904094,0.0551264909370229,-0.0469503237970293
44.75,-0.398638997818868,0.0436726076102737,0.0398303981966736,-0.0456410333988279
44.76,-0.398840195618495,0.0440272842224141,0.0240685210778458,-0.0442390522803598
44.77,-0.398502348075914,0.0442198141081201,0.00791464087140949,-0.0427413119379903
44.78,-0.397762398168904,0.0442541194491961,-0.00854627679021363,-0.0411462321026782
44.79,-0.396521074076108,0.0441199207500003,-0.0251995081957804,-0.0394530252067367
44.8,-0.394912368911481,0.0438230558683765,-0.0419123798265734,-0.0376630524408913
44.81,-0.392842682624119,0.0433563586625277,-0.0585483619168922,-0.0357788012747627
44.82,-0.390442955177361,0.0427280087918814,-0.0749712626522046,-0.0338043430213915
44.83,-0.387625851699116,0.0419341260423017,-0.0910297726151021,-0.0317454336530002
44.84,-0.384519053052237,0.0409855274065845,-0.106562426546859,-0.029609125338646
44.85,-0.381042002316931,0.0398821112544879,-0.121378054920648,-0.0274045815493853
44.86,-0.377319469169948,0.0386383673443245,-0.135208393533272,-0.0251457474883241
44.87,-0.373326437567546,0.0372627282249611,-0.147732583902817,-0.022851218477116
44.88,-0.369045433670144,0.0357673360836592,-0.158628294252433,-0.0205430885688722
44.89,-0.364599109574368,0.0341751997645439,-0.167659012733319,-0.0182432702881421
44.9,-0.35992805640125,0.0325004411648019,-0.174706650491187,-0.0159711765626428
44.91,-0.355149753727831,0.0307681164997973,-0.1797296820154,-0.0137440794541778
44.92,-0.350208718420961,0.0289935574295799,-0.182747194238523,-0.0115772505731294
44.93,-0.345214406448717,0.027201079092892,-0.183822287057961,-0.0094843744556921
44.94,-0.340113277808845,0.0254051428025671,-0.183047927775549,-0.00747730812164885
44.95,-0.335005511139645,0.0236278018766565,-0.180552509417962,-0.00556647148915453
44.96,-0.329838648268928,0.0218813420517877,-0.176483222248894,-0.00376101435667163
44.97,-0.324703447823578,0.0201845609154381,-0.170996552975177,-0.00206844158049076
44.98,-0.319548358872684,0.0185469499811944,-0.164257532133388,-0.000495049317879427
44.99,-0.31445508513038,0.0169836686368227,-0.156441334270221,0.000953937958279114
45,-0.309373301885596,0.0155011381569153,-0.147706410113419,0.00227468790480753
45.01,-0.304376372726871,0.0141110058990562,-0.138195107192304,0.00346421547606101
45.02,-0.299417489341378,0.0128191521041033,-0.127623186217335,0.00450448469095766
45.03,-0.29456557898888,0.011637594069833,-0.116406421870125,0.00540021834871763
45.04,-0.28977410234386,0.0105680912105568,-0.104814675967792,0.00615669641461435
45.05,-0.285101523165866,0.00961629584235363,-0.0929977537212841,0.00677730952638828
45.06,-0.280501888718653,0.00878108046672969,-0.0810964884926446,0.00726610822300826
45.07,-0.276026375127452,0.00806502067363873,-0.0692470598947659,0.00762802046098987
45.08,-0.271630356299646,0.00746454022543179,-0.0575758447429179,0.00786887527457803
45.09,-0.26735848322394,0.00697946050965298,-0.0461981023552472,0.00799546564076078
45.1,-0.263167589049583,0.00660416646002752,-0.0352147634549817,0.0080156696067282
45.11,-0.259096251699764,0.00633617939660416,-0.0247264074957357,0.00793772386382699
45.12,-0.255120854122782,0.00616901276597813,-0.0148247512836004,0.00777105819231479
45.13,-0.251220212747581,0.00609555104229995,-0.00558566461713409,0.00752566954187873
45.14,-0.247424639954967,0.00611053930441514,0.00293033667586713,0.00721144572591564
45.15,-0.243694932089726,0.00620485715510042,0.0106725734154036,0.00683806664261514
45.16,-0.240056960212942,0.00637210366348446,0.0176088895550379,0.00641510801997513
45.17,-0.236473810060569,0.00660267446718262,0.0237182522045091,0.0059515564743592
45.18,-0.23296782307762,0.00688960062362222,0.0289906450907133,0.00545618855219719
45.19,-0.229504762320378,0.00722322138425689,0.0334214165313762,0.00493749601727357
45.2,-0.226104113278248,0.00759635604038502,0.0370176415108018,0.00440338818770985
45.21,-0.222734589862676,0.00799964161758728,0.039795997743731,0.00386136292909334
45.22,-0.219413456809797,0.00842607408305453,0.0417771677280214,0.00331849660526192
45.23,-0.216112492288974,0.00886687212559753,0.0429912523118132,0.00278132863991968
45.24,-0.212847228109242,0.00931550381142571,0.0434756784726052,0.00225578271154772
45.25,-0.209592624192118,0.00976405576961108,0.043271976513881,0.00174714740708707
45.26,-0.206362935887028,0.0102067223991504,0.0424270355304812,0.00126022142601678
45.27,-0.203136301108203,0.0106366268991066,0.0409886197136764,0.000799139506101507
45.28,-0.199926035847723,0.0110488249390223,0.0390079151023615,0.000367424872146813
45.29,-0.196713434414636,0.0114375656009225,0.036538701688476,-3.19750017534811e-05
45.3,-0.193511126177212,0.0117988833678682,0.0336363546517545,-0.000396629355463167
45.31,-0.190303406471087,0.0121282269232117,0.0303574659541368,-0.000724636689029221
45.32,-0.187102368217907,0.0124226745523407,0.0267592283475107,-0.00101461199011735
45.33,-0.183895119138426,0.0126788987114624,0.0228987674817048,-0.00126567888898945
45.34,-0.18069329545236,0.0128950398795003,0.0188325217643778,-0.00147744416614636
45.35,-0.177486581239997,0.0130689707630877,0.0146161459945143,-0.00165000423606073
45.36,-0.174286194599738,0.0131998738304517,0.0103047083915498,-0.00178387166067457
45.37,-0.171084117961771,0.0132867906931314,0.00595255449764358,-0.00187983055263811
45.38,-0.16789108548042,0.0133298962209282,0.00160721808815513,-0.00193914371440019
45.39,-0.164704753430122,0.0133293788725319,-0.00268435988933528,-0.00196332349029766
45.4,-0.161524207990206,0.0132859461823771,-0.00687636731269478,-0.00195410982169222
45.41,-0.158359306530373,0.013201059752981,-0.0109278206834238,-0.00191351435310084
45.42,-0.155206345516032,0.0130761451674694,-0.0148030396063319,-0.00184385087055809
45.43,-0.152074523852652,0.0129133373993045,-0.0184694410694129,-0.00174758396364275
45.44,-0.148961377404553,0.0127147414415811,-0.0218997030676976,-0.00162739971228343
45.45,-0.145875411623013,0.0124829988875949,-0.025070392039445,-0.0014861131979751
45.46,-0.142815176454827,0.012220716500187,-0.0279617669120429,-0.00132661100306737
45.47,-0.139788444534904,0.0119308925211376,-0.0305574027244656,-0.00115181558015925
45.48,-0.136794538728632,0.0116164881331164,-0.0328447616640896,-0.000964647151929639
45.49,-0.133840429959902,0.0112807174058935,-0.0348151077288262,-0.000767961994415204
45.5,-0.130925962837723,0.0109267388248628,-0.0364637624594008,-0.000564535416818733
45.51,-0.128057223547632,0.0105578281427093,-0.0377901470823581,-0.000357065383951979
45.52,-0.125234368927338,0.0101771784328276,-0.038797040976424,-0.000148139802472665
45.53,-0.122462563089646,0.00978798308720586,-0.0394904488931628,5.97811282579084e-05
45.54,-0.119742115124022,0.00939333056003599,-0.0398797088825525,0.000264357439064496
45.55,-0.117077255184367,0.00899621424178039,-0.0399753755807687,0.000463472774379919
45.56,-0.114468295275753,0.0085995167116663,-0.0397914705621744,0.000655170737717626
45.57,-0.111918512642309,0.00820593488773183,-0.0393444668034202,0.000837693207683766
45.58,-0.109428109620776,0.0078180358520437,-0.0386527245227998,0.0010095069617648
45.59,-0.106999419247091,0.00743813488797581,-0.0377359113295862,0.00116931078461809
45.6,-0.104632433691967,0.00706841569771632,-0.0366151212167311,0.00131603577589075
45.61,-0.102328547539877,0.00671076113174496,-0.0353121591636072,0.0014488305373554
45.62,-0.100087473858517,0.00636692878820122,-0.0338492858234775,0.00156704151228279
45.63,-0.0979097243511227,0.00603834633564271,-0.0322491241922956,0.00167021629272369
45.64,-0.0957947158931738,0.00572632852961207,-0.0305340011424973,0.00175811582259227
45.65,-0.0937421404741725,0.00543184589420632,-0.0287268601858,0.0018306877387102
45.66,-0.0917510876937753,0.00515572764595294,-0.0268506017022546,0.0018880217520664
45.67,-0.0898206110342015,0.00489859330155401,-0.0249258039776086,0.00193041921847564
45.68,-0.0879493514662988,0.00466075006735815,-0.0229731525687461,0.00195834387690522
45.69,-0.0861360116404741,0.00444244472463276,-0.021012494547106,0.00197237212107551
45.7,-0.0843786541352776,0.00424358515234268,-0.019062529377232,0.00197316946615553
45.71,-0.0826757872782924,0.00406404631297644,-0.0171409913277604,0.00196144825334012
45.72,-0.0810250459112281,0.00390338640913426,-0.0152632374928772,0.00193800812548234
45.73,-0.0794248315215782,0.00376117014009386,-0.0134436403881165,0.00190369934050001
45.74,-0.0778724789506287,0.00363666813786102,-0.0116955598939047,0.00185941289952014
45.75,-0.0763663636552687,0.0035291820879625,-0.0100306271093417,0.00180607333410399
45.76,-0.0749036456181864,0.00343775097282468,-0.00845871243870178,0.00174464312796596
45.77,-0.0734827402211211,0.00336148057232877,-0.00698790242515515,0.00167611389336246
45.78,-0.0721007265009375,0.00329924796455909,-0.00562499667009182,0.00160147785120055
45.79,-0.0707561164593429,0.00325002219296209,-0.00437558266991047,0.00152171650896368
45.8,-0.0694460012140645,0.00321257523485102,-0.00324308210440624,0.00143781445415629
45.81,-0.068169038467409,0.00318580259018694,-0.00222996352971099,0.00135071703893801
45.82,-0.0669224084412852,0.00316843040673174,-0.00133745195334734,0.00126134612290068
45.83,-0.0657049571015147,0.00315932884872385,-0.000565492404587022,0.0011705973433847
45.84,-0.0645140092312291,0.00315722799053839,8.72348303379437e-05,0.00107933410089117
45.85,-0.0633486187147536,0.00316102240166668,0.000623134125150546,0.000988378660097309
45.86,-0.0622062909863388,0.00316949310161993,0.00104562812591251,0.000898506548458858
45.87,-0.0610862981103395,0.00318160070943418,0.00135899283156989,0.000810440073573288
45.88,-0.0599863546096895,0.00319621454426332,0.00156827647017696,0.000724843521781747
45.89,-0.0589059584273679,0.0032123935502425,0.00167919991760976,0.000642319633170822
45.9,-0.0578430524641389,0.00322912439379773,0.0016981257327334,0.000563410869873643
45.91,-0.0567973547388529,0.0032455902335535,0.0016319028364928,0.000488594375516476
45.92,-0.0557670393939782,0.00326091758542396,0.00148779980127502,0.000418281099540075
45.93,-0.0547516303384903,0.00327440210163709,0.00127336041058914,0.000352814955366405
45.94,-0.0537507428023405,0.00328541253788916,0.000996274041413984,0.000292476499392182
45.95,-0.0527628938887075,0.00329330826780701,0.000664429973188538,0.000237479284857898
45.96,-0.0517882953111179,0.00329764348040893,0.00028579119321877,0.000187970172403335
45.97,-0.0508256823415563,0.00329793932750678,-0.00013170861719563,0.000144033773913832
45.98,-0.0498754322461483,0.00329390514825294,-0.000580265136753534,0.000105694809004935
45.99,-0.048936482454244,0.0032852207817759,-0.00105222293600255,7.29226265464929e-05
46,-0.0480093490408038,0.00327174577964387,-0.00154006815880155,4.56427866956017e-05
46.01,-0.0470931476648238,0.00325331031737075,-0.00203695877449511,2.37203611960742e-05
46.02,-0.0461885065007888,0.00322990962790082,-0.00253622001518178,6.98062566788378e-06
46.03,-0.0452946978349642,0.0032015095203518,-0.00303141052650988,-4.78926077167251e-06
46.04,-0.0444124316489187,0.00316822988246678,-0.00351659679639627,-1.18365530183274e-05
46.05,-0.0435411084114783,0.0031301569689889,-0.00398649778533916,-1.44441876126471e-05
46.06,-0.0426814939169535,0.00308751236376882,-0.00443654246786727,-1.29368768617493e-05
46.07,-0.0418331009385868,0.00304047802449641,-0.00486232692133646,-7.66309333367989e-06
46.08,-0.040996732885108,0.00298935953449568,-0.00525986055953035,1.01185418853167e-06
46.09,-0.0401719915965906,0.00293441953288438,-0.00562594945534967,1.27004027517261e-05
46.1,-0.0393596955028155,0.00287602488347302,-0.00595795474133281,2.70101421814521e-05
46.11,-0.0385595134180114,0.00281449331265118,-0.00625372191205164,4.35511331665829e-05
46.12,-0.0377722515641823,0.00275023161375678,-0.00651158562233764,6.19392545587308e-05
46.13,-0.0369976175434061,0.00268359284299361,-0.00673036877454968,8.17991598115426e-05
46.14,-0.0362363789926805,0.0026150043094687,-0.0069093798847504,0.000102766814668843
46.15,-0.0354882579031077,0.0025448347726989,-0.00704842171629213,0.000124493245019197
46.16,-0.0347539623768602,0.00247351273014156,-0.0071477397188961,0.000146646596222096
46.17,-0.0340332085728088,0.00240140416727799,-0.007207954401288,0.000168912425719779
46.18,-0.0333266275677575,0.00232892247688325,-0.00723006197991629,0.000190996418629765
46.19,-0.0326339146303081,0.00225641568424227,-0.00721540147723956,0.000212626297218011
46.2,-0.0319554091712604,0.00218425621292039,-0.00716562103681785,0.000233553036370187
46.21,-0.0312913893030702,0.0021127962861656,-0.0070826397443307,0.000253551871810178
46.22,-0.0306415011658183,0.00204233344207376,-0.00696861096927186,0.00027242293244246
46.23,-0.030006146478522,0.00197318750667091,-0.00682587266116671,0.000289992019457962
46.24,-0.0293849308979857,0.00190561133931836,-0.00665688343671221,0.000306113933068131
46.25,-0.0287781580178033,0.00183987273373139,-0.00646436684012597,0.000320664122595315
46.26,-0.0281853917310055,0.00177617286952788,-0.00625104379895344,0.000333545873530946
46.27,-0.0276068404733767,0.00171472325369957,-0.00601962448192261,0.000344688009116348
46.28,-0.0270420265674405,0.00165567210898748,-0.0057729089706479,0.000354044011439047
46.29,-0.0264910671657956,0.00159917352727416,-0.00551371980364528,0.000361588764749827
46.3,-0.0259534474218697,0.00154532089838507,-0.00524486068531875,0.000367316970200426
46.31,-0.0254292028157987,0.00149421083647597,-0.00496908053167972,0.00037124065558499
46.32,-0.0249177907893978,0.00144588334645472,-0.00468906568967141,0.000373384661275714
46.33,-0.0244191802949807,0.00140038013182655,-0.00440733693946742,0.000373786402789104
46.34,-0.0239328136861969,0.0013576929759716,-0.00412613080502403,0.000372502662561391
46.35,-0.0234586052722179,0.00131781649132825,-0.00384769351023721,0.000369599241099968
46.36,-0.0229959915081013,0.00128069929429867,-0.00357416331157771,0.00036515463832366
46.37,-0.0225448446657879,0.00124629236032628,-0.00330749822671014,0.000359260761254258
46.38,-0.0221046034002352,0.00121450656129765,-0.00304945613569917,0.000352021266162604
46.39,-0.0216751070707799,0.00118525675402759,-0.00280159624467515,0.000343549265795026
46.4,-0.0212558029420151,0.00115842386768042,-0.00256528662262897,0.000333965054971512
46.41,-0.0208465068020054,0.00113389451083279,-0.00234170782954422,0.000323394191371352
46.42,-0.0204466818105953,0.00111152715973714,-0.00213185559289634,0.000311965761137963
46.43,-0.02005612937708,0.00109118773128689,-0.00193654089258743,0.00029981087353509
46.44,-0.0196743345983847,0.00107271957670439,-0.00175639363604638,0.000287061190387709
46.45,-0.0193010928800161,0.00105597521141986,-0.00159188901536561,0.000273848440828921
46.46,-0.0189359172940193,0.00104078959041189,-0.00144332183080137,0.000260302477959481
46.47,-0.0185785431409382,0.00102700588159263,-0.00131079851941731,0.00024654896360124
46.48,-0.0182287025952332,0.00101446631227071,-0.0011942659560919,0.000232708852362661
46.49,-0.0178859603332349,0.00100300628403296,-0.00109352276599018,0.000218897527728595
46.5,-0.017550128986346,0.000992474694431656,-0.00100822899986591,0.000205223967787052
46.51,-0.0172208120889437,0.000982714499767938,-0.000937918558470179,0.000191789918098717
46.52,-0.0168978386616088,0.000973583375028219,-0.000882010070595929,0.000178689273757932
46.53,-0.0165808532266993,0.000964936578437518,-0.000839819543234257,0.00016600750118872
46.54,-0.0162697046304974,0.000956644952320154,-0.000810573667175839,0.000153821255508143
46.55,-0.0159640792848403,0.00094857981730247,-0.000793423231371589,0.000142198064416267
46.56,-0.0156638479949631,0.000940628524582276,-0.000787453805803091,0.00013119617155253
46.57,-0.0153687388913806,0.000932681200949195,-0.000791700365890911,0.000120864422902172
46.58,-0.0150786457399477,0.000924644043335458,-0.000805158896910379,0.000111242338101239
46.59,-0.01479333721604,0.000916427704977365,-0.000826799628441711,0.000102360202494647
46.6,-0.0145127299475503,0.000907958546234101,-0.000855577988263303,9.42393240112347e-05
46.61,-0.0142366310410029,0.000899168492522189,-0.000890446824433215,8.68923017425219e-05
46.62,-0.0139649789189624,0.000890004438738593,-0.000930366134062605,8.03234439324466e-05
46.63,-0.0136976162086881,0.000880419432583797,-0.000974313903318672,7.45291794741108e-05
46.64,-0.0134345012399919,0.000870380424573367,-0.00102129442355636,6.94985964234925e-05
46.65,-0.0131755086068441,0.000859860646988668,-0.00107034753875452,6.52139591325487e-05
46.66,-0.012920614008272,0.000848845893387455,-0.00112055533575042,6.16513325754739e-05
46.67,-0.0126697199773274,0.000837327979719436,-0.00117104962823913,5.87811704946815e-05
46.68,-0.0124228167736904,0.000825309577703763,-0.00122105114260749,5.65672787338306e-05
46.69,-0.0121798313270132,0.000812798701390298,-0.0012697744329531,5.49703119637455e-05
46.7,-0.0119407654513095,0.00079981308548687,-0.00131651355068538,5.39472920123595e-05
46.71,-0.0117055656260705,0.000786374939586411,-0.00136067117290619,5.34503195156002e-05
46.72,-0.0114742424540539,0.000772513849673054,-0.00140170345777153,5.34297661087864e-05
46.73,-0.0112467583861919,0.000758263046044335,-0.00143912301549915,5.38352227167957e-05
46.74,-0.0110231186323686,0.000743661312438147,-0.00147251260655915,5.46163035527458e-05
46.75,-0.0108033272195112,0.000728751041705027,-0.0015015270643463,5.57229816246219e-05
46.76,-0.0105873604828677,0.000713577057633233,-0.00152589313977829,5.71058830459703e-05
46.77,-0.0103752333437832,0.000698187334240372,-0.00154540596355548,5.87166058715424e-05
46.78,-0.0101669257793233,0.000682630880621191,-0.00155992629768894,6.05080499237092e-05
46.79,-0.00996244821540238,0.000666958268802235,-0.00156937942680046,6.24348562300857e-05
46.8,-0.00976178076562206,0.00065122007367214,-0.00157375255954002,6.44536127224035e-05
46.81,-0.00956492694830224,0.000635466967010233,-0.00157309012874124,6.6523127588364e-05
46.82,-0.00937186426538617,0.000619748701938284,-0.00156748911450558,6.86045862320311e-05
46.83,-0.00918258763528002,0.000604113884724709,-0.00155709392477604,7.06617489109812e-05
46.84,-0.00899706999501859,0.000588609437132504,-0.00154209234958542,7.26610876709748e-05
46.85,-0.00881529665689307,0.000573280108567274,-0.00152271044235824,7.45719364762118e-05
46.86,-0.00863723471411681,0.000558168353204515,-0.00149920828070009,7.63665741647631e-05
46.87,-0.00846285944821368,0.000543313641284547,-0.00147187476275075,7.80203150812195e-05
46.88,-0.00829213143531948,0.000528752699842225,-0.00144102331383982,7.95115353079415e-05
46.89,-0.00812501601018489,0.000514518673937828,-0.00140698679975673,8.08217049179521e-05
46.9,-0.00796146707572554,0.000500641681898125,-0.00137011337036495,8.19353603049213e-05
46.91,-0.00780144052935494,0.000487147866706307,-0.00133076223578283,8.28400768975713e-05
46.92,-0.00764488400730912,0.000474060125429217,-0.00128931665260455,8.35253835093519e-05
46.93,-0.00749174522945406,0.000461397141518286,-0.00124612972773384,8.39844453707248e-05
46.94,-0.00734196643991503,0.000449174613487437,-0.00120156024562699,8.42125532414671e-05
46.95,-0.00719548837852102,0.000437404032152355,-0.00115597470969844,8.42071060612077e-05
46.96,-0.00705224917098857,0.000426093860331546,-0.00110972969223299,8.39682762685426e-05
46.97,-0.00691218402598714,0.00041524845921133,-0.00106316729241652,8.34992230177095e-05
46.98,-0.00677522750527171,0.000404869490039343,-0.00101661410059969,8.28058700870804e-05
46.99,-0.00664131003685764,0.000394954791802956,-0.000970379660880293,8.18965750079524e-05
47,-0.00651036330207511,0.000385499870502726,-0.000924755408392097,8.07817831476911e-05
47.01,-0.00638231404459777,0.00037649675233348,-0.000880012917745049,7.94737432436149e-05
47.02,-0.00625709200344016,0.000367935546668627,-0.000836402505729479,7.79862361561739e-05
47.03,-0.0061346228660506,0.000359803470495439,-0.000794151530482244,7.63343374690369e-05
47.04,-0.00601483137642056,0.000352085596386891,-0.000753463398689465,7.45341690111294e-05
47.05,-0.00589764639362933,0.000344765621150821,-0.000714516715919038,7.2602660579348e-05
47.06,-0.00578299101501045,0.000337824900337699,-0.000677464659383587,7.05573224060688e-05
47.07,-0.0056707948868846,0.000331244092903063,-0.000642435047064933,6.84160074878029e-05
47.08,-0.00556098186263743,0.000325002026589321,-0.000609530292943476,6.61967008373695e-05
47.09,-0.00545348343411067,0.000319077332813686,-0.000578827964436923,6.39173073579419e-05
47.1,-0.00534822537147139,0.000313447316696303,-0.000550381242377047,6.15954668902729e-05
47.11,-0.00524514197464221,0.000308089562106179,-0.000524219907233674,5.92483720930968e-05
47.12,-0.00514416195700473,0.000302980806544544,-0.000500351218972438,5.68926144328966e-05
47.13,-0.00504522325947843,0.000298098499919882,-0.000478761253125813,5.45440357760123e-05
47.14,-0.00494825840836999,0.000293419684492657,-0.000459416117161966,5.22176080434153e-05
47.15,-0.00485320967005354,0.000288922493752026,-0.000442263551205922,4.99273202313925e-05
47.16,-0.00476001407241,0.000284585039094155,-0.000427234389569557,4.76860927383288e-05
47.17,-0.00466861871449797,0.000280386837956866,-0.000414244334942922,4.55056999281012e-05
47.18,-0.00457896562036186,0.000276307709012098,-0.000403195572438828,4.33967185136946e-05
47.19,-0.0044910070444768,0.000272329121754857,-0.000393978628298953,4.13684842830301e-05
47.2,-0.00440469030429025,0.000268433102851222,-0.000386474049849812,3.94290725015207e-05
47.21,-0.00431997294765374,0.000264603502174247,-0.000380554267403973,3.75852860463466e-05
47.22,-0.00423680769138279,0.000260824913582583,-0.000376085259997345,3.58426646644722e-05
47.23,-0.00415515733827476,0.000257083854830533,-0.00037292834783257,3.42055008421846e-05
47.24,-0.00407497993327066,0.000253367706430077,-0.000370941777658557,3.2676873847589e-05
47.25,-0.00399624333665027,0.000249665805363077,-0.000369982383767804,3.12586890086861e-05
47.26,-0.00391891069333905,0.000245968406369216,-0.000369907028836851,2.9951732304621e-05
47.27,-0.003842954584929,0.000242267691072244,-0.000370574082395285,2.87557283360575e-05
47.28,-0.00376834288591343,0.000238556756027022,-0.000371844679067453,2.76694103250712e-05
47.29,-0.0036950524468935,0.000234830539839457,-0.00037358398156319,2.66905917263704e-05
47.3,-0.00362305703634913,0.000231084950218232,-0.000375662224654569,2.58162468933201e-05
47.31,-0.00355233243365571,0.000227317174501285,-0.00037795583148311,2.50425919691834e-05
47.32,-0.00348286093644656,0.000223525891935766,-0.000380352725503214,2.43649095114863e-05
47.33,-0.0034146201794325,0.000219710488882572,-0.000382738230682809,2.37781567758933e-05
47.34,-0.00334759536360263,0.000215871852619705,-0.000385009986775813,2.32767010170473e-05
47.35,-0.0032817669987999,0.000212011422870976,-0.000387079443554279,2.28543840745889e-05
47.36,-0.00321712262942508,0.000208131850437662,-0.00038886618350041,2.25047246569181e-05
47.37,-0.00315364511229976,0.00020423619658828,-0.000390296186826496,2.22211035061876e-05
47.38,-0.00309132370118892,0.00020032856835558,-0.000391303744428322,2.19968228090195e-05
47.39,-0.00303014291793691,0.000196413339017712,-0.000391832885644383,2.18252072182532e-05
47.4,-0.00297009303658946,0.000192495712582585,-0.000391837773298328,2.16996614152141e-05
47.41,-0.00291115958096189,0.00018858098294171,-0.000391282423171358,2.16137117137352e-05
47.42,-0.00285333323597481,0.00018467505433683,-0.000390140287319518,2.1561041281111e-05
47.43,-0.00279659998082415,0.00018078375611455,-0.000388393771086096,2.15355250386874e-05
47.44,-0.00274095043342459,0.00017691332641687,-0.000386033762536039,2.15312618515598e-05
47.45,-0.00268637060599364,0.000173069781931823,-0.00038305910817337,2.15426059447456e-05
47.46,-0.00263285069248465,0.000169259367468388,-0.000379476084097072,2.15641949329323e-05
47.47,-0.00258037642855324,0.000165487979786877,-0.000375297816652243,2.15909759744152e-05
47.48,-0.00252893733147896,0.000161761586681111,-0.000370543697997182,2.16182281273867e-05
47.49,-0.00247851865047188,0.000158085703204492,-0.000365238766045896,2.16415821463721e-05
47.5,-0.00242910908412064,0.000154465774426513,-0.000359415405816929,2.16569249029696e-05
47.51,-0.00238069333195678,0.00015090669634222,-0.000353106871987109,2.16605395961561e-05
47.52,-0.00233325924401218,0.000147413226125083,-0.00034634987967111,2.16491320864225e-05
47.53,-0.00228679092086015,0.000143989524843606,-0.00033918678538615,2.16196225699388e-05
47.54,-0.00224127541932706,0.000140639498721706,-0.000331662405103816,2.15693423902165e-05
47.55,-0.00219669632253883,0.000137366426023568,-0.000323822447358446,2.14960875615347e-05
47.56,-0.002153039920052,0.000134173288640318,-0.000315713658230163,2.13981384368809e-05
47.57,-0.00211028992972206,0.000131062473332533,-0.00030738358781473,2.12742392005535e-05
47.58,-0.00206842986232569,0.000128035896130446,-0.000298880192249799,2.11235668371636e-05
47.59,-0.00202744488518203,0.000125095097977076,-0.000290251345291837,2.09457016573292e-05
47.6,-0.00198731730817148,0.000122241006465986,-0.0002815443324513,2.07406007769571e-05
47.61,-0.00194803166647706,0.000119474212693426,-0.000272805364718646,2.05085727511509e-05
47.62,-0.0019095699117555,0.000116794728878573,-0.000264079137740571,2.02502512688322e-05
47.63,-0.00187191608972181,0.000114202249028429,-0.00025540843864836,1.99665673916479e-05
47.64,-0.00183505193676137,0.000111695938596342,-0.000246833807817626,1.9658720082974e-05
47.65,-0.0017989611759015,0.000109274678335448,-0.000238393244726243,1.93281457890928e-05
47.66,-0.001763625490943,0.000106936882513115,-0.000230121964722416,1.89764871715624e-05
47.67,-0.00172902846238276,0.000104680725763718,-0.000222052192703825,1.86055619339789e-05
47.68,-0.00169515189423386,0.000102503986257165,-0.000214213005776952,1.82173316419006e-05
47.69,-0.00166197940851021,0.000100404255859594,-0.000206630209782986,1.78138713553932e-05
47.7,-0.00162949310201288,9.83788046764326e-05,-0.000199326264247389,1.73973398067484e-05
47.71,-0.00159767681976408,9.64247742910441e-05,-0.000192320237723483,1.69699509576107e-05
47.72,-0.0015665131159821,9.45390609895825e-05,-0.000185627809072014,1.65339465313259e-05
47.73,-0.00153598622709428,9.27184918945014e-05,-0.00017926129457582,1.60915703747621e-05
47.74,-0.00150607931519442,9.0959723914439e-05,-0.000173229716553267,1.56450441625846e-05
47.75,-0.00147677715874384,8.9259402849586e-05,-0.000167538892851233,1.51965452464714e-05
47.76,-0.00144806365766659,8.76140755483475e-05,-0.000162191562602826,1.47481860649315e-05
47.77,-0.00141992426041782,8.60203320404522e-05,-0.000157187526656642,1.43019959277638e-05
47.78,-0.00139234371050101,8.44747287464035e-05,-0.000152523818510987,1.38599045070339e-05
47.79,-0.00136530822794345,8.29739139885942e-05,-0.0001481948842909,1.34237277718174e-05
47.8,-0.00133880347948168,8.15145599885309e-05,-0.000144192786980685,1.29951556539263e-05
47.81,-0.00131281653099613,8.00934715344251e-05,-0.000140507640792296,1.25757423676539e-05
47.82,-0.00128733403512538,7.8707509044811e-05,-0.000137130485382482,1.21668407124815e-05
47.83,-0.00126234398143676,7.7353772760817e-05,-0.000134032086229854,1.17699596095984e-05
47.84,-0.0012378343307784,7.60293670695238e-05,-0.000131230076273392,1.13853857991353e-05
47.85,-0.00121379367834251,7.47314964992093e-05,-0.000128690052512794,1.10150154066105e-05
47.86,-0.00119021141235454,7.34576608046933e-05,-0.000126395544881543,1.06601287814154e-05
47.87,-0.00116707672217498,7.22054230517613e-05,-0.000124348541870143,1.03210493165506e-05
47.88,-0.00114438049828625,7.09721686365002e-05,-0.000122547046463484,9.99603513869892e-06
47.89,-0.0011221130679484,6.97561441732089e-05,-0.000120892621197256,9.68819949379826e-06
47.9,-0.00110026584048128,6.85556560726651e-05,-0.000119422189046636,9.39552993963219e-06
47.91,-0.00107883039884094,6.73688821199142e-05,-0.000118117718859758,9.11816124763814e-06
47.92,-0.00105779890396285,6.61943706794459e-05,-0.000116957937717616,8.85775310190008e-06
47.93,-0.00103716315478053,6.50307779325591e-05,-0.000115913813647391,8.61488278284559e-06
47.94,-0.00101691553688354,6.38770661614134e-05,-0.000114965887832722,8.38990530055843e-06
47.95,-0.00099704832208225,6.27324137498846e-05,-0.000114088197524462,8.18242706204165e-06
47.96,-0.000977554503477585,6.15962475219794e-05,-0.000113258867016599,7.99172808644457e-06
47.97,-0.000958427076313662,6.04681837125443e-05,-0.000112459218624586,7.81695550375784e-06
47.98,-0.000939659694832784,5.93480371161694e-05,-0.000111669503790554,7.65724054735986e-06
47.99,-0.000921246194643288,5.82356514377266e-05,-0.00011090059390329,7.5114163557648e-06
48,-0.000903181055086577,5.71309875420145e-05,-0.000110124654477418,7.37846856795186e-06
48.01,-0.0008854586760636,5.60341755278559e-05,-0.000109326884378001,7.25734488876133e-06
48.02,-0.000868073875955666,5.49455165049395e-05,-0.000108494520064529,7.1471598834558e-06
48.03,-0.000851021370614546,5.38654019172854e-05,-0.000107619199173603,7.04710655002476e-06
48.04,-0.000834296163689352,5.2794319597336e-05,-0.000106688170497083,6.95645959321094e-06
48.05,-0.000817893063822517,5.17328362757772e-05,-0.000105704739128108,6.87467226546431e-06
48.06,-0.000801807107666974,5.06815185624224e-05,-0.00010466031356929,6.80086179643335e-06
48.07,-0.000786033250466112,4.96409763233506e-05,-0.00010355340703657,6.73407310612505e-06
48.08,-0.000770566693896413,4.86118684114291e-05,-0.000102378378753619,6.67321759480077e-06
48.09,-0.000755402621996026,4.75948990637374e-05,-0.00010113131561451,6.61720001093469e-06
48.1,-0.000740536423118776,4.6590797075918e-05,-9.98109183257532e-05,6.56497352720283e-06
48.11,-0.000725963475625591,4.56003082941515e-05,-9.84153614317443e-05,6.51554343871213e-06
48.12,-0.000711679223150519,4.46241823324529e-05,-9.69449185635694e-05,6.46796784632048e-06
48.13,-0.00069767920467978,4.36631620029324e-05,-9.54014623187064e-05,6.42136342274332e-06
48.14,-0.000683958919057481,4.27179667656502e-05,-9.37837725873327e-05,6.37484362722813e-06
48.15,-0.000670514085949314,4.17894595183729e-05,-9.20755125303889e-05,6.32665206596156e-06
48.16,-0.000657340402043793,4.08783831829073e-05,-9.03054172846867e-05,6.27673373517503e-06
48.17,-0.000644433420411872,3.998529814039e-05,-8.84830343131252e-05,6.22489792540131e-06
48.18,-0.000631788613364215,3.91106950622698e-05,-8.66147037460207e-05,6.17070063526425e-06
48.19,-0.000619401477617743,3.82549800507568e-05,-8.47092917223795e-05,6.11373856793064e-06
48.2,-0.000607267489804997,3.74185150405982e-05,-8.27699228002843e-05,6.05353175608493e-06
48.21,-0.000595382231395547,3.66015967834861e-05,-8.08024328175306e-05,5.98942037502234e-06
48.22,-0.000583741272335736,3.58045016691604e-05,-7.88048934203189e-05,5.92155712245002e-06
48.23,-0.000572339991968818,3.50275987709063e-05,-7.6772844009701e-05,5.84995210827948e-06
48.24,-0.000561173900286427,3.42710571140727e-05,-7.47349428115137e-05,5.77374845533818e-06
48.25,-0.000550238554104077,3.35348832053707e-05,-7.27002547411476e-05,5.69305898996151e-06
48.26,-0.00053952947076219,3.28190008408153e-05,-7.06769212151046e-05,5.60810609316406e-06
48.27,-0.000529042127809909,3.21232528219821e-05,-6.8672662378802e-05,5.5191307630775e-06
48.28,-0.000518771982482846,3.14474266370129e-05,-6.6687799758204e-05,5.42646606644785e-06
48.29,-0.000508714357739137,3.07912843181016e-05,-6.47371494497218e-05,5.33082158775823e-06
48.3,-0.000498864555790846,3.01544584140873e-05,-6.28228563572188e-05,5.23257548295332e-06
48.31,-0.000489217855871971,2.95365226576585e-05,-6.0954960871703e-05,5.13210212349401e-06
48.32,-0.000479769609390779,2.8936996359999e-05,-5.91375886142926e-05,5.02967983091874e-06
48.33,-0.000470515170171382,2.83553021963802e-05,-5.7384564480572e-05,4.92592327229089e-06
48.34,-0.000461449962200433,2.77907405337327e-05,-5.57025339219978e-05,4.82101126992786e-06
48.35,-0.000452569646284928,2.72426941478629e-05,-5.40746446591382e-05,4.7145052247664e-06
48.36,-0.000443870124381185,2.6710633427728e-05,-5.25002658180784e-05,4.60641254214232e-06
48.37,-0.000435347362170546,2.61940179719643e-05,-5.09806861041012e-05,4.49707609030383e-06
48.38,-0.000426997347855895,2.5692308939224e-05,-4.950901968656e-05,4.38749030156247e-06
48.39,-0.000418815893035607,2.5204986618815e-05,-4.8107539386148e-05,4.2779508956658e-06
48.4,-0.000410799079449298,2.47312533002665e-05,-4.67787317963494e-05,4.16880304289362e-06
48.41,-0.000402942916273297,2.42704876021823e-05,-4.55079075633512e-05,4.06100269379428e-06
48.42,-0.000395243412845581,2.38221188774102e-05,-4.42931086035512e-05,3.95480289131981e-06
48.43,-0.000387696686665606,2.33855804152671e-05,-4.31381365569697e-05,3.85057690613268e-06
48.44,-0.000380298933757572,2.29602095195343e-05,-4.20517453123901e-05,3.74831864589252e-06
48.45,-0.000373046635862906,2.25453942096686e-05,-4.10203144522446e-05,3.6479904479491e-06
48.46,-0.000365936553852642,2.21404745376739e-05,-4.00729829845968e-05,3.55017466206341e-06
48.47,-0.000358965578279857,2.1744503133348e-05,-3.9222752472376e-05,3.45554922990636e-06
48.48,-0.000352130760542302,2.13564773267048e-05,-3.8468907917657e-05,3.36472085960572e-06
48.49,-0.000345429106253903,2.09755839982666e-05,-3.77887849906305e-05,3.27831456889007e-06
48.5,-0.000338857815110671,2.06009437471808e-05,-3.72069779848907e-05,3.19587791290804e-06
48.51,-0.000332414153285221,2.02317879862005e-05,-3.66679586592769e-05,3.11629457052315e-06
48.52,-0.000326095530201798,1.98680467814758e-05,-3.61325976799492e-05,3.03872931279101e-06
48.53,-0.000319899592324369,1.95097355776219e-05,-3.55783507404303e-05,2.9626902073398e-06
48.54,-0.000313824097371018,1.91569075380524e-05,-3.50363097042344e-05,2.88679389820312e-06
48.55,-0.000307867142367968,1.88097553515384e-05,-3.4448757482701e-05,2.81296573366637e-06
48.56,-0.000302026563811175,1.84683340508105e-05,-3.38900199129537e-05,2.7412442286377e-06
48.57,-0.00029630042595219,1.81322941098773e-05,-3.33788969995793e-05,2.6719123794857e-06
48.58,-0.000290686720653355,1.78009391986952e-05,-3.29427216860684e-05,2.60595674855908e-06
48.59,-0.000285183164045577,1.7473738855001e-05,-3.25328162136593e-05,2.54313633990555e-06
48.6,-0.000279787511105134,1.71507789642906e-05,-3.21007998472233e-05,2.48276837255609e-06
48.61,-0.000274497696052478,1.68322485270869e-05,-3.16439170340491e-05,2.42465846305584e-06
48.62,-0.000269311804904859,1.65182421346434e-05,-3.11991678611383e-05,2.36954114679024e-06
48.63,-0.000264227822163399,1.62085367254188e-05,-3.07838293674275e-05,2.31798824892885e-06
48.64,-0.000259243505134066,1.59030116229823e-05,-3.03604484788086e-05,2.26944569773936e-06
48.65,-0.000254356764511243,1.56017759543522e-05,-2.99262482591892e-05,2.22342104655775e-06
48.66,-0.000249565682144848,1.53048723628863e-05,-2.94964328804228e-05,2.18016602229729e-06
48.67,-0.000244868291066958,1.50122468197572e-05,-2.90683399883565e-05,2.13966227721413e-06
48.68,-0.000240262596676644,1.47239121332301e-05,-2.86381430694608e-05,2.10165850299259e-06
48.69,-0.000235746654304592,1.44398881478232e-05,-2.82050862590355e-05,2.06617004377253e-06
48.7,-0.000231318581358053,1.41602123911163e-05,-2.77708730410449e-05,2.03276482395655e-06
48.71,-0.000226976591760852,1.38848854803222e-05,-2.73331732843903e-05,2.00128629074171e-06
48.72,-0.000222718917273212,1.36139595839966e-05,-2.68908373921617e-05,1.97156121189093e-06
48.73,-0.000218543837570806,1.33474959641286e-05,-2.64418107530947e-05,1.94327268646071e-06
48.74,-0.000214449730951749,1.30855716907285e-05,-2.59847336414464e-05,1.91607585273502e-06
48.75,-0.000210435024040834,1.28282466362864e-05,-2.55223803153796e-05,1.88966634533524e-06
48.76,-0.000206498222773632,1.2575574713998e-05,-2.50548594820367e-05,1.86379414414717e-06
48.77,-0.000202637866697941,1.23276032644105e-05,-2.45828157565787e-05,1.83824647216971e-06
48.78,-0.000198852555367779,1.20843749565944e-05,-2.41068373015015e-05,1.81284265463948e-06
48.79,-0.000195140906956048,1.18459254865134e-05,-2.36275223671222e-05,1.78742979933445e-06
48.8,-0.000191501586647824,1.16122845265044e-05,-2.31456398027132e-05,1.76188199366441e-06
48.81,-0.000187933268804841,1.13834725477958e-05,-2.26620812868339e-05,1.73609866608364e-06
48.82,-0.00018443466479745,1.11595015859596e-05,-2.21777932784777e-05,1.71000220855098e-06
48.83,-0.000181004488782222,1.09403730536197e-05,-2.1693778498713e-05,1.6835362417003e-06
48.84,-0.000177641484253144,1.07260788521529e-05,-2.12110883341631e-05,1.65666403035797e-06
48.85,-0.000174344393831127,1.05165995125402e-05,-2.0730791270796e-05,1.62936655574534e-06
48.86,-0.000171111984534456,1.03119056026727e-05,-2.0253951515682e-05,1.60164054105967e-06
48.87,-0.000167943020772832,1.01119564126347e-05,-1.97816178295568e-05,1.57349660684364e-06
48.88,-0.00016483628848718,9.91670158351462e-06,-1.93148092263705e-05,1.54495745338944e-06
48.89,-0.000161790571316267,9.7260801417065e-06,-1.88545003543202e-05,1.51605606584767e-06
48.9,-0.000158804672991231,9.54002224692144e-06,-1.84016191066416e-05,1.48683403222658e-06
48.91,-0.000155877396227133,9.35844867610148e-06,-1.79570035890818e-05,1.4573399559656e-06
48.92,-0.000153007564581031,9.18127252749426e-06,-1.75214510399254e-05,1.42762782043647e-06
48.93,-0.000150194002304538,9.00839899936948e-06,-1.70956677108292e-05,1.39775585182865e-06
48.94,-0.000147435553044417,8.83972699292142e-06,-1.66802807930901e-05,1.36778512817878e-06
48.95,-0.000144731103048912,8.6751279731292e-06,-1.62799561661516e-05,1.33753992477541e-06
48.96,-0.000142079563389963,8.51449399623123e-06,-1.58859425738586e-05,1.3073454411959e-06
48.97,-0.000139479824033728,8.35774389600248e-06,-1.55030519096916e-05,1.27711910341563e-06
48.98,-0.000136930824188752,8.20474629434514e-06,-1.51342593668877e-05,1.24686007517461e-06
48.99,-0.000134431527431644,8.05535879175549e-06,-1.47795843324649e-05,1.21669546305435e-06
49,-0.00013198089093347,7.90944463857516e-06,-1.443816101184e-05,1.18677040821981e-06
49.01,-0.000129577879797615,7.7668757851664e-06,-1.41092508055143e-05,1.15720634084354e-06
49.02,-0.000127221473337435,7.62751703102714e-06,-1.37938968011071e-05,1.12798346152373e-06
49.03,-0.000124910699019765,7.49125619247227e-06,-1.34896670327259e-05,1.09912558772736e-06
49.04,-0.00012264459682676,7.35797644168917e-06,-1.31960621677526e-05,1.07067939573498e-06
49.05,-0.000120422224795469,7.22757552380191e-06,-1.29131276655359e-05,1.04272937181477e-06
49.06,-0.00011824264063609,7.09994356955576e-06,-1.26412400559729e-05,1.01537223686306e-06
49.07,-0.000116104913611359,6.97496936258574e-06,-1.23804984322934e-05,9.88691643566078e-07
49.08,-0.000114008119761699,6.85254222458934e-06,-1.21307004490194e-05,9.62753124436126e-07
49.09,-0.000111951354661244,6.73255483957059e-06,-1.18914596489909e-05,9.37606093487746e-07
49.1,-0.000109933727721057,6.61490416496007e-06,-1.1662292862224e-05,9.13286567192237e-07
49.11,-0.000107954372928987,6.49949235191216e-06,-1.14426710362558e-05,8.89819041753728e-07
49.12,-0.00010601244139341,6.38622691165178e-06,-1.12320420935817e-05,8.67217664208121e-07
49.13,-0.00010410711061315,6.27502107999792e-06,-1.10298399485294e-05,8.45487119988164e-07
49.14,-0.000102237578159858,6.16579367019265e-06,-1.08354892880264e-05,8.2462346493674e-07
49.15,-0.000100403068546306,6.05846945363056e-06,-1.06484101306921e-05,8.04614989945526e-07
49.16,-9.86028281442231e-05,5.95297875676977e-06,-1.04680232159508e-05,7.8544312336815e-07
49.17,-9.68361303135268e-05,5.84925788932946e-06,-1.02937560588463e-05,7.67083354985881e-07
49.18,-9.51022699569037e-05,5.74724872977227e-06,-1.01250488694929e-05,7.4950617355654e-07
49.19,-9.34005687058814e-05,5.64689868383524e-06,-9.96136006912645e-06,7.32677994672354e-07
49.2,-9.17303524392565e-05,5.54817184990785e-06,-9.80041839810628e-06,7.16675027707472e-07
49.21,-9.009097633772e-05,5.45101670576925e-06,-9.64603805820584e-06,7.01311304339145e-07
49.22,-8.84818261104314e-05,5.35538629051987e-06,-9.49484399614219e-06,6.86650329955918e-07
49.23,-8.69022903486893e-05,5.26125536686219e-06,-9.34587488521583e-06,6.72655032997846e-07
49.24,-8.53517834373818e-05,5.16860231693502e-06,-9.19907116365513e-06,6.59249036109769e-07
49.25,-8.38297445993064e-05,5.07740541042917e-06,-9.05443212721076e-06,6.4635914748866e-07
49.26,-8.23356392265495e-05,4.98764348122656e-06,-8.91184497640491e-06,6.33922713280138e-07
49.27,-8.08689519580241e-05,4.89929710065635e-06,-8.77111251383025e-06,6.21886466323915e-07
49.28,-7.94291876013986e-05,4.81234896630063e-06,-8.63201189498425e-06,6.10204695442334e-07
49.29,-7.80158658173491e-05,4.72678389829398e-06,-8.49432573813378e-06,5.98837783069739e-07
49.3,-7.66285213629203e-05,4.64258886508854e-06,-8.35786358973613e-06,5.8775133669187e-07
49.31,-7.52667000325502e-05,4.55975251177549e-06,-8.22246881198662e-06,5.76915669110599e-07
49.32,-7.39299578640384e-05,4.4782669236636e-06,-8.08763069120004e-06,5.66321931115966e-07
49.33,-7.26178512424625e-05,4.39812260805285e-06,-7.9540172589762e-06,5.55970065686208e-07
49.34,-7.13299436103654e-05,4.31931021889208e-06,-7.82131176129013e-06,5.45850260827641e-07
49.35,-7.00658044436864e-05,4.24181898942434e-06,-7.68965651129033e-06,5.3594325004845e-07
49.36,-6.88250129199375e-05,4.16563920006766e-06,-7.55891985012833e-06,5.2622681236022e-07
49.37,-6.76071558247671e-05,4.09076231939879e-06,-7.42899835499935e-06,5.16680907223481e-07
49.38,-6.64118283628667e-05,4.01717992178445e-06,-7.30010540549022e-06,5.07289969811011e-07
49.39,-6.52386315032061e-05,3.94488164707589e-06,-7.17178409310662e-06,4.98042620832468e-07
49.4,-6.40871724222336e-05,3.87386353811728e-06,-7.04417840399464e-06,4.88924761711934e-07
49.41,-6.29570630321652e-05,3.80411708376029e-06,-6.91739902525751e-06,4.79928635609039e-07
49.42,-6.18479199978594e-05,3.73563356041959e-06,-6.79152259674923e-06,4.71048677042893e-07
49.43,-6.07593639116999e-05,3.66840358405118e-06,-6.66661611519856e-06,4.62280654633155e-07
49.44,-5.96910195671541e-05,3.60241707231156e-06,-6.54275415098962e-06,4.53621535185545e-07
49.45,-5.8642516375329e-05,3.53766219136747e-06,-6.42051957060651e-06,4.45050775116895e-07
49.46,-5.76135055778693e-05,3.47411790402273e-06,-6.29972996810408e-06,4.36519858476491e-07
49.47,-5.66036257465541e-05,3.41178381021919e-06,-6.17890654801257e-06,4.28100793698637e-07
49.48,-5.56125257515916e-05,3.3506493336368e-06,-6.05979322642566e-06,4.19729535337211e-07
49.49,-5.46398648975099e-05,3.29069428447779e-06,-5.94281883567027e-06,4.11409836329017e-07
49.5,-5.36853035679741e-05,3.23189788712423e-06,-5.82783802549555e-06,4.03168427619705e-07
49.51,-5.27485006873718e-05,3.17424143521648e-06,-5.71463400919264e-06,3.95030898101103e-07
49.52,-5.18291146516248e-05,3.11770788611832e-06,-5.60309872033183e-06,3.87014771944047e-07
49.53,-5.09268054837975e-05,3.06228055108396e-06,-5.49323867667088e-06,3.79130303581775e-07
49.54,-5.00412359754066e-05,3.00794233613458e-06,-5.38512216215365e-06,3.71383280963892e-07
49.55,-4.91720726145672e-05,2.95467539286923e-06,-5.27883036928134e-06,3.63777272714574e-07
49.56,-4.83189866526956e-05,2.90246107252565e-06,-5.1744315364389e-06,3.56314737673366e-07
49.57,-4.74816541684575e-05,2.85128014460648e-06,-5.07197437629428e-06,3.4899730961094e-07
49.58,-4.66597579409367e-05,2.80111084391351e-06,-4.97194086773161e-06,3.41808020871764e-07
49.59,-4.58529955214004e-05,2.75193320892972e-06,-4.87350669072591e-06,3.34719004398284e-07
49.6,-4.5061072191821e-05,2.70372896925648e-06,-4.77693786435097e-06,3.27723268676852e-07
49.61,-4.42836987932793e-05,2.65648135262631e-06,-4.68205503436989e-06,3.20826255469569e-07
49.62,-4.35205883357881e-05,2.61017258579151e-06,-4.5890228951292e-06,3.140410633541e-07
49.63,-4.27714556936465e-05,2.5647832315902e-06,-4.49799585061033e-06,3.07379778956484e-07
49.64,-4.20360187405322e-05,2.52029279464163e-06,-4.40905143641833e-06,3.00850874575962e-07
49.65,-4.13139993780121e-05,2.47668024488954e-06,-4.3222135320136e-06,2.94459512782912e-07
49.66,-4.06051243331262e-05,2.43392459697715e-06,-4.23747576977436e-06,2.8820852945834e-07
49.67,-3.99091260296913e-05,2.39200486415532e-06,-4.15481758066587e-06,2.82099153197492e-07
49.68,-3.92257421273356e-05,2.35090044921943e-06,-4.07421168765405e-06,2.76131390832497e-07
49.69,-3.85547161378952e-05,2.31059097123973e-06,-3.9956264152701e-06,2.70304242529435e-07
49.7,-3.78957977309469e-05,2.27105642513453e-06,-3.9190261249501e-06,2.64615849612368e-07
49.71,-3.72487415329914e-05,2.23227803340643e-06,-3.84397957964555e-06,2.59080797627748e-07
49.72,-3.66132986426848e-05,2.19424130858852e-06,-3.7710054118215e-06,2.53703298086557e-07
49.73,-3.59892377437276e-05,2.15691943618504e-06,-3.70053504975085e-06,2.48456457000013e-07
49.74,-3.5376326576575e-05,2.12029129368462e-06,-3.63173969945007e-06,2.4337376206423e-07
49.75,-3.47743369628617e-05,2.08434619638071e-06,-3.56409829314898e-06,2.38438964203819e-07
49.76,-3.41830492800455e-05,2.04906914026328e-06,-3.49798687802586e-06,2.33632714425735e-07
49.77,-3.36022527474e-05,2.01444442506894e-06,-3.43347948749542e-06,2.28939217407798e-07
49.78,-3.30317444792172e-05,1.98045592949344e-06,-3.37057988761042e-06,2.24345936786531e-07
49.79,-3.24713289048262e-05,1.94708775687428e-06,-3.30925698960403e-06,2.19843147990984e-07
49.8,-3.19208168724217e-05,1.91432438591214e-06,-3.24946102262386e-06,2.15423291930752e-07
49.81,-3.13800251081631e-05,1.88215087020664e-06,-3.19113596907468e-06,2.11080490382188e-07
49.82,-3.08487758235998e-05,1.85055276532647e-06,-3.13422576981895e-06,2.06810255328355e-07
49.83,-3.03268958106173e-05,1.81951627226634e-06,-3.07867666710257e-06,2.02609304830639e-07
49.84,-2.98142162717951e-05,1.78902806252236e-06,-3.02443767487231e-06,1.98475425835921e-07
49.85,-2.93105729243237e-05,1.75907525684759e-06,-2.97146047343489e-06,1.94407343855592e-07
49.86,-2.88158045842479e-05,1.72964550979503e-06,-2.91969912426359e-06,1.90404591935305e-07
49.87,-2.83297536745053e-05,1.70072689532506e-06,-2.86910964482641e-06,1.86467382019378e-07
49.88,-2.78522656209645e-05,1.67230795595621e-06,-2.81964973674763e-06,1.82596471901944e-07
49.89,-2.73831887804832e-05,1.64437761078949e-06,-2.77127852522018e-06,1.78793035523841e-07
49.9,-2.69223740367863e-05,1.61692518417487e-06,-2.72395635694639e-06,1.7505853709101e-07
49.91,-2.64696749505688e-05,1.58994039633274e-06,-2.67764462942663e-06,1.71394614435446e-07
49.92,-2.60249472594509e-05,1.56341333472878e-06,-2.63230564253529e-06,1.67802971920044e-07
49.93,-2.55880524777652e-05,1.53733196595228e-06,-2.58838504921319e-06,1.64255714525921e-07
49.94,-2.5158856344909e-05,1.5116877741232e-06,-2.54474987112993e-06,1.60786340838683e-07
49.95,-2.47372214250419e-05,1.48647676022718e-06,-2.50173922527148e-06,1.57382828477507e-07
49.96,-2.4323013875005e-05,1.46168915170857e-06,-2.45996183730174e-06,1.54048776147748e-07
49.97,-2.39161010942013e-05,1.43731378853822e-06,-2.41923120322987e-06,1.50796613523319e-07
49.98,-2.35163500024171e-05,1.41334010310622e-06,-2.37949027280555e-06,1.47636815733568e-07
49.99,-2.31236285532788e-05,1.38975924749011e-06,-2.3405608998082e-06,1.44573313137754e-07
50,-2.27378063737405e-05,1.3665638351752e-06,-2.30232063707446e-06,1.41605849380968e-07
50.01,-2.23587556744675e-05,1.34374733429374e-06,-2.26471172371689e-06,1.3873202246244e-07
50.02,-2.19863501902395e-05,1.32130480461923e-06,-2.22752964182181e-06,1.35945130906746e-07
50.03,-2.16204635483663e-05,1.29923012488133e-06,-2.19096740395563e-06,1.33236416820669e-07
50.04,-2.12609708576394e-05,1.27752121758189e-06,-2.15439294289273e-06,1.3059395294252e-07
50.05,-2.0907751745014e-05,1.25617754209805e-06,-2.11787390713519e-06,1.28010695174703e-07
50.06,-2.05606878065367e-05,1.23519908217721e-06,-2.08127331069652e-06,1.254976322568e-07
50.07,-2.02196580989522e-05,1.21458552359984e-06,-2.0450925550951e-06,1.23045892836849e-07
50.08,-1.98845485268606e-05,1.19433112733084e-06,-2.00928478782287e-06,1.20646623199391e-07
50.09,-1.95552435986457e-05,1.17443468501517e-06,-1.97349108968558e-06,1.18308403989331e-07
50.1,-1.92316312030982e-05,1.15489454999206e-06,-1.93792996931063e-06,1.16012573988163e-07
50.11,-1.89136043875493e-05,1.13570965894732e-06,-1.90252767326809e-06,1.13746719006504e-07
50.12,-1.8601059594836e-05,1.11687703957692e-06,-1.86754429082545e-06,1.11501146291018e-07
50.13,-1.82938958950274e-05,1.09839371490106e-06,-1.83257862234982e-06,1.09272777361809e-07
50.14,-1.79920141905043e-05,1.0802576230511e-06,-1.79806998221927e-06,1.07059562842379e-07
50.15,-1.76953167976279e-05,1.06246415770501e-06,-1.76399907966284e-06,1.04860244207791e-07
50.16,-1.74037093678692e-05,1.04501038345026e-06,-1.73005526857901e-06,1.02660185941043e-07
50.17,-1.71171014224925e-05,1.02789476367616e-06,-1.69629540922521e-06,1.00458343705769e-07
50.18,-1.68353879672622e-05,1.01111864901429e-06,-1.66269756110326e-06,9.83410709448254e-08
50.19,-1.65584747877645e-05,9.94666168204645e-07,-1.6310246467537e-06,9.6219587135486e-08
50.2,-1.62862686909904e-05,9.7852544845224e-07,-1.60021585014044e-06,9.41456964987701e-08
50.21,-1.60186719586619e-05,9.62691053380909e-07,-1.56969115414954e-06,9.21375675710497e-08
50.22,-1.57555878335103e-05,9.47158918764394e-07,-1.53985232252796e-06,9.01862172557001e-08
50.23,-1.54969221561885e-05,9.31918933143006e-07,-1.51107470559638e-06,8.8292550429182e-08
50.24,-1.52425872332884e-05,9.16962602734574e-07,-1.48305381859951e-06,8.64316792494834e-08
50.25,-1.49925021890596e-05,9.02282289909998e-07,-1.4557998259354e-06,8.4591728559898e-08
50.26,-1.47465902680111e-05,8.87870227965353e-07,-1.429327552535e-06,8.27674950436675e-08
50.27,-1.45047777246887e-05,8.73718621207616e-07,-1.40363157933967e-06,8.09566186673948e-08
50.28,-1.4266993430212e-05,8.59819748072126e-07,-1.37870336678462e-06,7.91583863265391e-08
50.29,-1.40331682043637e-05,8.46166004559014e-07,-1.35452934390284e-06,7.73732688590721e-08
50.3,-1.38032347711814e-05,8.3274992784241e-07,-1.33109487264204e-06,7.56026542980721e-08
50.31,-1.3577127485398e-05,8.19564206027914e-07,-1.30838445555878e-06,7.3848657243742e-08
50.32,-1.3354781978947e-05,8.06601688397491e-07,-1.28638144493464e-06,7.21139492920866e-08
50.33,-1.31361351387582e-05,7.93855398607906e-07,-1.2650677337944e-06,7.04016038466907e-08
50.34,-1.29211247941186e-05,7.81318550074886e-07,-1.2444236106183e-06,6.87149548286371e-08
50.35,-1.27096899076307e-05,7.68984562723671e-07,-1.22442764407706e-06,6.70574676449007e-08
50.36,-1.25017701533281e-05,7.56847238145751e-07,-1.20498633913509e-06,6.54338957094275e-08
50.37,-1.22973047576025e-05,7.44900987240957e-07,-1.1861859302245e-06,6.38530717023111e-08
50.38,-1.20962332044172e-05,7.33139622070292e-07,-1.16796693870882e-06,6.23194990872148e-08
50.39,-1.18984954013968e-05,7.21556998899096e-07,-1.1503657730769e-06,6.08369204843593e-08
50.4,-1.17040324214557e-05,7.10147246477307e-07,-1.13332743016518e-06,5.94061604988848e-08
50.41,-1.15127867896803e-05,6.98905051871243e-07,-1.11679478880359e-06,5.80270718646443e-08
50.42,-1.13247024700058e-05,6.87825639854145e-07,-1.10071780683521e-06,5.66992140962427e-08
50.43,-1.11397247417599e-05,6.76904699894027e-07,-1.08504838377273e-06,5.54219547021216e-08
50.44,-1.09578002787103e-05,6.66138421274958e-07,-1.06975038075431e-06,5.41948822407286e-08
50.45,-1.07788773071604e-05,6.55523157855753e-07,-1.05480577196466e-06,5.30178297133761e-08
50.46,-1.0602905193835e-05,6.45055439449244e-07,-1.04020059932443e-06,5.18904666971498e-08
50.47,-1.04298342300524e-05,6.34732054694229e-07,-1.02590327244741e-06,5.08120048494346e-08
50.48,-1.02596159434754e-05,6.2455010383169e-07,-1.01188081092346e-06,4.97812783030618e-08
50.49,-1.00922026895489e-05,6.14507020632382e-07,-9.98100050896964e-07,4.87968513901748e-08
50.5,-9.9275479472638e-06,6.04600567039185e-07,-9.84528678653598e-07,4.78570780245826e-08
50.51,-9.76560613263899e-06,5.94828819197078e-07,-9.7113608236725e-07,4.69601369502995e-08
50.52,-9.60633260227439e-06,5.85190148018795e-07,-9.57893771911973e-07,4.61040575317456e-08
50.53,-9.44968360894194e-06,5.75683196434233e-07,-9.44775638594079e-07,4.52867419423353e-08
50.54,-9.29561627049935e-06,5.66306854593729e-07,-9.31758120592218e-07,4.45059865500808e-08
50.55,-9.14408875463124e-06,5.57059956911723e-07,-9.18926842907293e-07,4.37542583760585e-08
50.56,-8.99506250906512e-06,5.47940766551208e-07,-9.06099074711893e-07,4.30291817691463e-08
50.57,-8.84849706039859e-06,5.38950607605528e-07,-8.93181209981123e-07,4.23321334402673e-08
50.58,-8.70435389099811e-06,5.30089186763724e-07,-8.80354863486904e-07,4.16539446717718e-08
50.59,-8.56259581016872e-06,5.21355407452104e-07,-8.67637485107769e-07,4.09938568898213e-08
50.6,-8.42318579685752e-06,5.12748397567299e-07,-8.5498664565867e-07,4.03533878634781e-08
50.61,-8.28608648806295e-06,5.04267735927657e-07,-8.42360225108564e-07,3.9733538876821e-08
50.62,-8.15126055897508e-06,4.95913322828085e-07,-8.29735036174853e-07,3.9134172360503e-08
50.63,-8.01867086863695e-06,4.87685190183794e-07,-8.17105155732239e-07,3.85542574553304e-08
50.64,-7.88828060649394e-06,4.79583368974253e-07,-8.04474468935761e-07,3.79922856829434e-08
50.65,-7.7600533838762e-06,4.71607827545866e-07,-7.91850482059064e-07,3.74465771185892e-08
50.66,-7.6339532721903e-06,4.63758455062812e-07,-7.7924118639072e-07,3.69154334910445e-08
50.67,-7.50994480824829e-06,4.56035062463985e-07,-7.66654256064474e-07,3.63971884029582e-08
50.68,-7.38799290012082e-06,4.4843733618399e-07,-7.54101462916691e-07,3.588998013332e-08
50.69,-7.26806258288804e-06,4.40965090887606e-07,-7.4155848587257e-07,3.53914683381883e-08
50.7,-7.15011939877996e-06,4.33618295574502e-07,-7.29014709761174e-07,3.48994807388703e-08
50.71,-7.03412956415406e-06,4.26396855138216e-07,-7.16487633411208e-07,3.44123521748572e-08
50.72,-6.92005981850485e-06,4.19300530266022e-07,-7.03992607426431e-07,3.39286608476001e-08
50.73,-6.80787740936495e-06,4.12328899276769e-07,-6.91548073301902e-07,3.34471559900268e-08
50.74,-6.69755008164685e-06,4.05481356414928e-07,-6.79168964863084e-07,3.2966740453664e-08
50.75,-6.58904526762427e-06,3.9875747894534e-07,-6.66841560975728e-07,3.24902364581556e-08
50.76,-6.48233252587005e-06,3.92155545554846e-07,-6.54731662135106e-07,3.20071083513887e-08
50.77,-6.37738165032431e-06,3.85674437585587e-07,-6.42667549247678e-07,3.1522948085962e-08
50.78,-6.27416208676124e-06,3.79313687258902e-07,-6.30662726155456e-07,3.10379188393743e-08
50.79,-6.17264361313374e-06,3.73072418092871e-07,-6.18770042220311e-07,3.05512147699284e-08
50.8,-6.07279651632098e-06,3.66949247711422e-07,-6.07034571335821e-07,3.00622134079422e-08
50.81,-5.97459162143821e-06,3.60942428796376e-07,-5.95486096010274e-07,2.9570568064458e-08
50.82,-5.8780003051595e-06,3.55049980038533e-07,-5.84143661819374e-07,2.90761705753682e-08
50.83,-5.78299449127684e-06,3.4926976446005e-07,-5.73020582558551e-07,2.85791251352098e-08
50.84,-5.68954661872567e-06,3.43599528951666e-07,-5.62127364378462e-07,2.80797269182445e-08
50.85,-5.59762963803223e-06,3.38036924495446e-07,-5.51472943690954e-07,2.75784380643736e-08
50.86,-5.50721698644452e-06,3.32579519561344e-07,-5.41065021852095e-07,2.70758624608008e-08
50.87,-5.4182825142135e-06,3.27224812367728e-07,-5.30910056239047e-07,2.65727210955881e-08
50.88,-5.33080076614567e-06,3.21970243799463e-07,-5.21013172967295e-07,2.60698287990595e-08
50.89,-5.24474639806982e-06,3.16813211091825e-07,-5.11378105409192e-07,2.55680720853155e-08
50.9,-5.1600947346131e-06,3.11751082000464e-07,-5.02007154294429e-07,2.50683889138809e-08
50.91,-5.07682143080501e-06,3.06781209123148e-07,-4.92901195193829e-07,2.45717487249091e-08
50.92,-4.99490280247983e-06,3.0190094404137e-07,-4.84059700556354e-07,2.40791338744536e-08
50.93,-4.91431525695418e-06,2.97107651114781e-07,-4.75480786255893e-07,2.35915220453663e-08
50.94,-4.8350357824134e-06,2.92398783468516e-07,-4.67133251939492e-07,2.31103802547698e-08
50.95,-4.75704139546451e-06,2.87771991192816e-07,-4.59055019912598e-07,2.26387457122078e-08
50.96,-4.68030917311069e-06,2.83224616261049e-07,-4.51231857860208e-07,2.2177946473114e-08
50.97,-4.60481660535805e-06,2.7875396155424e-07,-4.43680752466412e-07,2.17290791640031e-08
50.98,-4.53054160143296e-06,2.74357409764656e-07,-4.36383216787649e-07,2.12921131518106e-08
50.99,-4.45746288502136e-06,2.70032532209853e-07,-4.2931990348138e-07,2.08667190049149e-08
51,-4.38556003157231e-06,2.65777079819074e-07,-4.22474257072949e-07,2.04525606424561e-08
51.01,-4.3148128421322e-06,2.61588955403571e-07,-4.15832081250513e-07,2.00493708660762e-08
51.02,-4.24520214359347e-06,2.57466195278338e-07,-4.09380579410924e-07,1.96569514275422e-08
51.03,-4.1767088365674e-06,2.53406959269912e-07,-4.03107699694655e-07,1.92751529011464e-08
51.04,-4.10931475780529e-06,2.49409525258733e-07,-3.97001814546983e-07,1.89038550041299e-08
51.05,-4.04300174317029e-06,2.45472285530209e-07,-3.91051635810898e-07,1.85429497734527e-08
51.06,-3.97775250604582e-06,2.41593743471333e-07,-3.8524620463282e-07,1.81923297512795e-08
51.07,-3.91354969497826e-06,2.37772510038609e-07,-3.79574939626864e-07,1.785187846068e-08
51.08,-3.85037678984901e-06,2.3400729979631e-07,-3.7402766852589e-07,1.75214643980587e-08
51.09,-3.7882170467185e-06,2.30296926551645e-07,-3.68594679323948e-07,1.72009359500482e-08
51.1,-3.72705496509695e-06,2.26640298618518e-07,-3.63266740784969e-07,1.68901189365908e-08
51.11,-3.66687421937684e-06,2.23036413756604e-07,-3.58035150726096e-07,1.65888138141597e-08
51.12,-3.60765957729825e-06,2.19484353893049e-07,-3.52891728562624e-07,1.6296796214741e-08
51.13,-3.54939586433289e-06,2.15983279700229e-07,-3.47828857685836e-07,1.60138159141075e-08
51.14,-3.49206829319826e-06,2.1253242488374e-07,-3.4283949312178e-07,1.57395977195525e-08
51.15,-3.43566210059265e-06,2.09131090424212e-07,-3.37917169795605e-07,1.54738431124596e-08
51.16,-3.38016277456887e-06,2.05778638786704e-07,-3.33055999941477e-07,1.5216232541807e-08
51.17,-3.32555627213793e-06,2.02474488131661e-07,-3.28250676130796e-07,1.49664277066834e-08
51.18,-3.27182877590815e-06,1.99218106479408e-07,-3.23496476326812e-07,1.47240739298777e-08
51.19,-3.21896635213648e-06,1.96009005909435e-07,-3.18789252053707e-07,1.44888033788837e-08
51.2,-3.16695573499004e-06,1.92846736932227e-07,-3.14125408482155e-07,1.42602388167277e-08
51.21,-3.11578340372876e-06,1.89730882973529e-07,-3.09501901931674e-07,1.40379962977609e-08
51.22,-3.06543650019364e-06,1.86661055004925e-07,-3.04916210451495e-07,1.38216890593274e-08
51.23,-3.01590190154855e-06,1.83636886395196e-07,-3.00366323616765e-07,1.36109303669447e-08
51.24,-2.96716718395373e-06,1.80657955217874e-07,-2.95869625974528e-07,1.34047342160832e-08
51.25,-2.91921996264932e-06,1.77723830669763e-07,-2.91397144280115e-07,1.32016586742484e-08
51.26,-2.8720485989453e-06,1.74834274886259e-07,-2.86949074626711e-07,1.30009924821232e-08
51.27,-2.82564121079076e-06,1.71989128702037e-07,-2.82515288117636e-07,1.28024028607852e-08
51.28,-2.77998640196842e-06,1.69188207515901e-07,-2.78103528032934e-07,1.26061431259931e-08
51.29,-2.73507229842096e-06,1.66431244815407e-07,-2.73721930702189e-07,1.24125646463645e-08
51.3,-2.69088748172663e-06,1.63717907440348e-07,-2.69375814173189e-07,1.22219200429662e-08
51.31,-2.6474201249016e-06,1.6104782251328e-07,-2.65068215079427e-07,1.20343355779562e-08
51.32,-2.60465893475725e-06,1.58420593883099e-07,-2.60801039797031e-07,1.18498435016895e-08
51.33,-2.5625922717154e-06,1.5583580860335e-07,-2.56575861240354e-07,1.16684167700851e-08
51.34,-2.52120906374387e-06,1.5329303825827e-07,-2.5239422446365e-07,1.14899928334209e-08
51.35,-2.48049791817806e-06,1.5079183876843e-07,-2.48257711659714e-07,1.13144858591075e-08
51.36,-2.44044803388022e-06,1.48331750249226e-07,-2.4416789221281e-07,1.11417940778518e-08
51.37,-2.40104829973831e-06,1.4591229735769e-07,-2.40126287323487e-07,1.09718037160319e-08
51.38,-2.36228821215434e-06,1.43532989999652e-07,-2.36134329543962e-07,1.08043931458924e-08
51.39,-2.32415696732602e-06,1.41193324251787e-07,-2.32193360657284e-07,1.0639435828702e-08
51.4,-2.28664437784687e-06,1.38892783339736e-07,-2.28304617043322e-07,1.04768040872482e-08
51.41,-2.24973996676425e-06,1.36630838651475e-07,-2.2446924051786e-07,1.03163716480103e-08
51.42,-2.21343387263317e-06,1.34406950721193e-07,-2.20688268214629e-07,1.01580168607429e-08
51.43,-2.17771594890337e-06,1.3222057022762e-07,-2.16962644285194e-07,1.00016245594439e-08
51.44,-2.14257666986128e-06,1.30071138970962e-07,-2.13293208723432e-07,9.84708854462705e-09
51.45,-2.10800622202356e-06,1.279580908683e-07,-2.09680708106383e-07,9.69431270081396e-09
51.46,-2.0739953656701e-06,1.25880916763456e-07,-2.06112670103708e-07,9.54371333564988e-09
51.47,-2.04053435570728e-06,1.23839068839469e-07,-2.0260934856769e-07,9.39576256906409e-09
51.48,-2.00761401103478e-06,1.21831911686141e-07,-1.99172030359831e-07,9.2506963365632e-09
51.49,-1.97522484413071e-06,1.19858745712053e-07,-1.95803760950656e-07,9.1083837696197e-09
51.5,-1.9433580629169e-06,1.17918902566663e-07,-1.92500448753115e-07,8.96842991024646e-09
51.51,-1.9120046932386e-06,1.16011755497898e-07,-1.89258175265567e-07,8.83041906695694e-09
51.52,-1.88115645549658e-06,1.14136708716767e-07,-1.8607445708953e-07,8.69399772742761e-09
51.53,-1.85080484271793e-06,1.12293185468838e-07,-1.82947801841386e-07,8.55889176567889e-09
51.54,-1.82094200784633e-06,1.10480620638937e-07,-1.79877259139572e-07,8.42490166635837e-09
51.55,-1.79155982316104e-06,1.08698456911798e-07,-1.7686215932851e-07,8.29189164856319e-09
51.56,-1.76265078177806e-06,1.06946142891729e-07,-1.73901958229261e-07,8.15978004757788e-09
51.57,-1.73420707483274e-06,1.05223132223362e-07,-1.70996178643185e-07,8.02852998363013e-09
51.58,-1.70622148765176e-06,1.03528883187294e-07,-1.68144362734921e-07,7.89814225378545e-09
51.59,-1.67868647960034e-06,1.01862858586692e-07,-1.6534606093472e-07,7.76864819857113e-09
51.6,-1.65159509002422e-06,1.00224525816154e-07,-1.62600802829376e-07,7.64010428561061e-09
51.61,-1.62494001543223e-06,9.86133571019605e-08,-1.59908093752733e-07,7.51258628411786e-09
51.62,-1.59871451899107e-06,9.70288298698997e-08,-1.57267389983043e-07,7.38618493319149e-09
51.63,-1.57291151392513e-06,9.5470427249673e-08,-1.54678099098814e-07,7.26100104583874e-09
51.64,-1.54752447123485e-06,9.39376386590093e-08,-1.52139560208035e-07,7.1371420440358e-09
51.65,-1.52254650664929e-06,9.24299604780563e-08,-1.49651048719403e-07,7.01471791090106e-09
51.66,-1.49797128567997e-06,9.094689675365e-08,-1.4721176203287e-07,6.89383855317028e-09
51.67,-1.47379211767884e-06,8.94879599443342e-08,-1.44820828748105e-07,6.7746105774075e-09
51.68,-1.45000285911578e-06,8.80526716490037e-08,-1.42477299185879e-07,6.65713545057313e-09
51.69,-1.42659700497205e-06,8.66405633284124e-08,-1.40180159208636e-07,6.54150705752495e-09
51.7,-1.40356859823498e-06,8.52511769741716e-08,-1.37928323776839e-07,6.42781061656174e-09
51.71,-1.38091132306783e-06,8.38840657321058e-08,-1.35720654905801e-07,6.31612095656899e-09
51.72,-1.35861940808724e-06,8.25387944432551e-08,-1.33555957758925e-07,6.20650210892139e-09
51.73,-1.33668671953302e-06,8.12149401177505e-08,-1.31432999873023e-07,6.09900622641656e-09
51.74,-1.31510767342746e-06,7.99120923076992e-08,-1.29350509833635e-07,5.99367375277364e-09
51.75,-1.29387632075151e-06,7.86298533981036e-08,-1.27307197591688e-07,5.89053285299718e-09
51.76,-1.27298725782765e-06,7.73678387860445e-08,-1.25301753293488e-07,5.78960006327066e-09
51.77,-1.25243472304248e-06,7.61256769773347e-08,-1.23332868326368e-07,5.69088013307778e-09
51.78,-1.23221349568325e-06,7.49030095681784e-08,-1.21399233606371e-07,5.59436702122626e-09
51.79,-1.21231799443677e-06,7.36994911484126e-08,-1.19499560697317e-07,5.50004404381365e-09
51.8,-1.1927431833314e-06,7.25147739805107e-08,-1.17639458139811e-07,5.40776343162138e-09
51.81,-1.17348379724547e-06,7.13484736843824e-08,-1.15808701841999e-07,5.31690177144608e-09
51.82,-1.15453517413044e-06,7.02003185206409e-08,-1.14005783159862e-07,5.22729645114092e-09
51.83,-1.13589231176547e-06,6.9070080456447e-08,-1.1222363013699e-07,5.13883726981669e-09
51.84,-1.11755058540552e-06,6.7957540766973e-08,-1.10464337092429e-07,5.05170838533035e-09
51.85,-1.09950536764103e-06,6.68624565551692e-08,-1.08730413815681e-07,4.96614826377334e-09
51.86,-1.08175181523507e-06,6.57845660439259e-08,-1.07023123691797e-07,4.88234582230453e-09
51.87,-1.06428499790923e-06,6.47236014983302e-08,-1.05342587269474e-07,4.80042171409389e-09
51.88,-1.04710071635594e-06,6.36792977638172e-08,-1.03688316728969e-07,4.720440935214e-09
51.89,-1.03019402519777e-06,6.26513958494099e-08,-1.020596332452e-07,4.64242833174138e-09
51.9,-1.01356072246261e-06,6.16396438080805e-08,-1.00455823928893e-07,4.56638136261229e-09
51.91,-9.97195767737935e-07,6.06437966664106e-08,-9.88762080485803e-08,4.49227610702076e-09
51.92,-9.81095318763892e-07,5.96636161754278e-08,-9.73201171282717e-08,4.42007202394958e-09
51.93,-9.65254701057461e-07,5.86988705987998e-08,-9.57869159067211e-08,4.34971329741944e-09
51.94,-9.49669876071368e-07,5.77493345046528e-08,-9.42759748283607e-08,4.28113236088146e-09
51.95,-9.34336426006155e-07,5.68147886535516e-08,-9.27866861027826e-08,4.21425173314229e-09
51.96,-9.19250346953504e-07,5.58950197785935e-08,-9.13184610200001e-08,4.14898662745934e-09
51.97,-9.04407826851639e-07,5.49898203204421e-08,-8.98707460032685e-08,4.08524673486576e-09
51.98,-8.89804442572029e-07,5.40989880160966e-08,-8.84430309833433e-08,4.02293818169622e-09
51.99,-8.75436748870584e-07,5.32223255382702e-08,-8.70348357248628e-08,3.96196635653868e-09
52,-8.6130047094457e-07,5.23596400526956e-08,-8.56457391814479e-08,3.90223637460946e-09
52.01,-8.47392085390197e-07,5.15107427096301e-08,-8.42753589882227e-08,3.84365561778628e-09
52.02,-8.33707908931558e-07,5.06754481809378e-08,-8.29233703048116e-08,3.78613429437905e-09
52.03,-8.20244279609028e-07,4.9853616820673e-08,-8.15841992353721e-08,3.72993926367397e-09
52.04,-8.06997539015697e-07,4.9045053376922e-08,-8.0265613235455e-08,3.67504382248291e-09
52.05,-7.93964344936171e-07,4.82495177308023e-08,-7.89796535842647e-08,3.62092575206953e-09
52.06,-7.81140893302279e-07,4.74667432641994e-08,-7.77046076839206e-08,3.56780042088515e-09
52.07,-7.68524198946352e-07,4.66966711243715e-08,-7.64415257807147e-08,3.51539422852342e-09
52.08,-7.56110588362446e-07,4.59391065525882e-08,-7.52015229536493e-08,3.46312494872281e-09
52.09,-7.43897171417984e-07,4.51938125122707e-08,-7.39847207728302e-08,3.41100482591999e-09
52.1,-7.31880867022028e-07,4.44605748939536e-08,-7.27877502823645e-08,3.3591994297225e-09
52.11,-7.20058597636353e-07,4.37392124934982e-08,-7.16076986828663e-08,3.30784225816752e-09
52.12,-7.08427531748157e-07,4.30295652239096e-08,-7.04431277425999e-08,3.2569988798496e-09
52.13,-6.96984187698035e-07,4.2331480443872e-08,-6.92937732604238e-08,3.20668669335345e-09
52.14,-6.85725801474746e-07,4.16448046415697e-08,-6.81599234801775e-08,3.15690367136724e-09
52.15,-6.746494216614e-07,4.09693804786732e-08,-6.70419918465386e-08,3.10764555170906e-09
52.16,-6.63752134144602e-07,4.03050468706135e-08,-6.59403042848052e-08,3.05891310804767e-09
52.17,-6.53031296593554e-07,3.96516401986894e-08,-6.48550566504866e-08,3.01071261818087e-09
52.18,-6.4248361830721e-07,3.90089954256622e-08,-6.3786353196728e-08,2.96305337339562e-09
52.19,-6.32106533338117e-07,3.83769468599695e-08,-6.27342321650641e-08,2.9159462861624e-09
52.2,-6.21897513042313e-07,3.77553285517481e-08,-6.16987142266972e-08,2.86940155239872e-09
52.21,-6.11853384846484e-07,3.71439743898916e-08,-6.0679810432668e-08,2.8234282096117e-09
52.22,-6.01971698266368e-07,3.6542718313575e-08,-5.96775014026297e-08,2.77803515375166e-09
52.23,-5.92249813635704e-07,3.59513945295429e-08,-5.86917560772686e-08,2.73323013319306e-09
52.24,-5.82685134808969e-07,3.53698376613894e-08,-5.77225221379996e-08,2.68902000961901e-09
52.25,-5.73275325876921e-07,3.47978829942393e-08,-5.67697220081999e-08,2.64541100244558e-09
52.26,-5.6401741321821e-07,3.42353667090941e-08,-5.58332566163209e-08,2.60240842862942e-09
52.27,-5.54909141747828e-07,3.36821261697035e-08,-5.49129909799254e-08,2.56001740860542e-09
52.28,-5.45948068975122e-07,3.3138000177274e-08,-5.40087768585858e-08,2.51824177321137e-09
52.29,-5.37131794153822e-07,3.26028291066691e-08,-5.31204480422919e-08,2.47708427068622e-09
52.3,-5.2845818121483e-07,3.20764551072819e-08,-5.22478183064337e-08,2.43654682575257e-09
52.31,-5.19924447495157e-07,3.15587222646633e-08,-5.13906881294185e-08,2.39663032290847e-09
52.32,-5.11528535085404e-07,3.10494768173089e-08,-5.05488286778348e-08,2.35733540123405e-09
52.33,-5.03268193341455e-07,3.05485673332146e-08,-4.97220062663516e-08,2.3186614163913e-09
52.34,-4.95141228462614e-07,3.00558245453224e-08,-4.89136546938529e-08,2.28044535335467e-09
52.35,-4.87145764616059e-07,2.9571098889799e-08,-4.81181731584733e-08,2.24257698176518e-09
52.36,-4.79279295362289e-07,2.90942571580177e-08,-4.73344777568312e-08,2.2049416460019e-09
52.37,-4.7154026638907e-07,2.86251893413527e-08,-4.65621896576596e-08,2.16757010896658e-09
52.38,-4.63926221883071e-07,2.81637790321504e-08,-4.58020266038525e-08,2.13055706336812e-09
52.39,-4.56435396145594e-07,2.77098991376959e-08,-4.50549640155351e-08,2.09401253778218e-09
52.4,-4.49065799656978e-07,2.72634155973466e-08,-4.43214811966331e-08,2.05802815848185e-09
52.41,-4.41815457108419e-07,2.68241920393275e-08,-4.36016342710794e-08,2.02267173775236e-09
52.42,-4.34682417171928e-07,2.63920929149187e-08,-4.28952526474262e-08,1.98799211426819e-09
52.43,-4.27664748059442e-07,2.59669849778227e-08,-4.22020714528232e-08,1.95402437733887e-09
52.44,-4.2076077022557e-07,2.55487378383866e-08,-4.15217931044755e-08,1.92079317940083e-09
52.45,-4.13968379575635e-07,2.51372241484657e-08,-4.08541093893682e-08,1.88831423233942e-09
52.46,-4.07285496883958e-07,2.47323197518947e-08,-4.01986908222502e-08,1.85659579894325e-09
52.47,-4.00710529646631e-07,2.43339038913347e-08,-3.95551904090213e-08,1.82563907889474e-09
52.48,-3.94241689960495e-07,2.39418592935971e-08,-3.89232598663614e-08,1.79543800606516e-09
52.49,-3.87877216567745e-07,2.35560722073006e-08,-3.83025430035364e-08,1.76598040871743e-09
52.5,-3.81615381961353e-07,2.3176432483066e-08,-3.76926771535565e-08,1.73724895487794e-09
52.51,-3.75454491496896e-07,2.28028336067757e-08,-3.70932991151718e-08,1.70922182125042e-09
52.52,-3.6939310810169e-07,2.24351726747232e-08,-3.65040501954826e-08,1.68187340575816e-09
52.53,-3.63429146332805e-07,2.20733503021148e-08,-3.59245849355333e-08,1.65517487523851e-09
52.54,-3.57561457775546e-07,2.17172705595496e-08,-3.53545571673724e-08,1.62909571034815e-09
52.55,-3.51788023600363e-07,2.13668408392095e-08,-3.47936491999107e-08,1.60360318621409e-09
52.56,-3.46107531079554e-07,2.10219716554993e-08,-3.42415508871063e-08,1.57866408705703e-09
52.57,-3.40518471197981e-07,2.06825764892287e-08,-3.3697979405175e-08,1.55424457587229e-09
52.58,-3.3501936957947e-07,2.03485715182002e-08,-3.31626745374352e-08,1.53031097623062e-09
52.59,-3.2960877582866e-07,2.00198754105211e-08,-3.26353965577244e-08,1.50683052294017e-09
52.6,-3.24285494457399e-07,1.96964091140479e-08,-3.21159271910311e-08,1.48377176846265e-09
52.61,-3.19047678054574e-07,1.93780956192421e-08,-3.16040738330036e-08,1.46110474083756e-09
52.62,-3.13894186199093e-07,1.90648597877417e-08,-3.10996527637652e-08,1.43880204866453e-09
52.63,-3.08823672412473e-07,1.87566304077765e-08,-3.06024234571804e-08,1.41685827469592e-09
52.64,-3.03835039794365e-07,1.84533344024449e-08,-3.01123808762316e-08,1.39525043583997e-09
52.65,-2.98926525310605e-07,1.81549037853272e-08,-2.96287591710957e-08,1.37399491964402e-09
52.66,-2.94097069364341e-07,1.78612661790615e-08,-2.91527776944346e-08,1.35309038981351e-09
52.67,-2.89345395643181e-07,1.75723509635334e-08,-2.86836456444146e-08,1.33254240199959e-09
52.68,-2.84670480077409e-07,1.72880853753271e-08,-2.82218071307964e-08,1.31232083657173e-09
52.69,-2.80070640457097e-07,1.70084004420332e-08,-2.7766945843883e-08,1.29242543805646e-09
52.7,-2.75544890016022e-07,1.67332267071526e-08,-2.7318888485613e-08,1.27283760921628e-09
52.71,-2.71092039483278e-07,1.64624961951083e-08,-2.68776814068735e-08,1.25354359424587e-09
52.72,-2.66711146501564e-07,1.61961404968404e-08,-2.64432259001505e-08,1.23451950671323e-09
52.73,-2.62400611461544e-07,1.5934091622111e-08,-2.60154822207438e-08,1.21573165703028e-09
52.74,-2.58159542632086e-07,1.56762827562413e-08,-2.55943741902041e-08,1.19713601979374e-09
52.75,-2.53986851994625e-07,1.5422650861298e-08,-2.51794234042231e-08,1.17869634812895e-09
52.76,-2.49881699332377e-07,1.51731342363988e-08,-2.47706781250902e-08,1.16037049937202e-09
52.77,-2.4584258451199e-07,1.49276747191685e-08,-2.43678411378213e-08,1.14214313122917e-09
52.78,-2.41868711725601e-07,1.46862123307176e-08,-2.39707368467956e-08,1.12399214212945e-09
52.79,-2.37959073778882e-07,1.44486896710147e-08,-2.3579889864281e-08,1.10592413893501e-09
52.8,-2.34112903285677e-07,1.42150489015242e-08,-2.31942594776731e-08,1.0879284450299e-09
52.81,-2.30328767614196e-07,1.39852309588608e-08,-2.28144429408927e-08,1.07001539546451e-09
52.82,-2.26605927799994e-07,1.37591765017761e-08,-2.24406362181707e-08,1.05219370586933e-09
52.83,-2.22943427274913e-07,1.35368280016521e-08,-2.20726464529081e-08,1.034491541851e-09
52.84,-2.19340543061719e-07,1.33181253372717e-08,-2.17106330325174e-08,1.0169239039695e-09
52.85,-2.15795880720293e-07,1.31030093341493e-08,-2.13546566349805e-08,9.99524772448215e-10
52.86,-2.12308737701505e-07,1.2891420307757e-08,-2.10046805408413e-08,9.82325838353416e-10
52.87,-2.08878186747086e-07,1.26832977422974e-08,-2.06607901446107e-08,9.65359264050734e-10
52.88,-2.05503537742402e-07,1.2478580477198e-08,-2.03230306347375e-08,9.48653898803171e-10
52.89,-2.0218342733358e-07,1.22772072174691e-08,-1.99913916894771e-08,9.3223390312665e-10
52.9,-1.98917181393199e-07,1.20791170794124e-08,-1.96658081132669e-08,9.16119530557582e-10
52.91,-1.95703911742839e-07,1.18842499559042e-08,-1.93461964729785e-08,9.00326469621244e-10
52.92,-1.92542968235898e-07,1.16925466582681e-08,-1.9032457149694e-08,8.84866431254537e-10
52.93,-1.89433031039243e-07,1.15039490567267e-08,-1.8724479908435e-08,8.69747465889667e-10
52.94,-1.86373473987089e-07,1.1318400257474e-08,-1.84221294349096e-08,8.54974919141132e-10
52.95,-1.83363458639008e-07,1.1135844741546e-08,-1.81252692563121e-08,8.40550553454154e-10
52.96,-1.80402387250922e-07,1.09562283777942e-08,-1.78337573132109e-08,8.26472985432773e-10
52.97,-1.77488991504049e-07,1.07794984739427e-08,-1.75474489147723e-08,8.12738007254269e-10
52.98,-1.74622701187843e-07,1.06056038769799e-08,-1.72661817948918e-08,7.99339636162348e-10
52.99,-1.71802733817117e-07,1.04344950308987e-08,-1.69898011504988e-08,7.86269336490234e-10
53,-1.69028549379391e-07,1.02661239068425e-08,-1.67181546807832e-08,7.73516558738548e-10
53.01,-1.66298937287479e-07,1.01004439723674e-08,-1.6451095320095e-08,7.61069134881879e-10
53.02,-1.6361338683879e-07,9.93741021372952e-09,-1.61884665078115e-08,7.48914365490774e-10
53.03,-1.60971170615198e-07,9.77697912271879e-09,-1.59301255037752e-08,7.37038258305398e-10
53.04,-1.58371807224e-07,9.61910856319731e-09,-1.56759379080883e-08,7.25426060534533e-10
53.05,-1.55814145585964e-07,9.46375768546942e-09,-1.54257801830969e-08,7.14062608208574e-10
53.06,-1.53297727401025e-07,9.31088690355264e-09,-1.51795228959153e-08,7.0293336162557e-10
53.07,-1.50821884759011e-07,9.16045784074415e-09,-1.49370543328423e-08,6.92023579588329e-10
53.08,-1.48386188669747e-07,9.01243317067557e-09,-1.46982736864241e-08,6.81318755104642e-10
53.09,-1.45989539568347e-07,8.86677650952561e-09,-1.44630919557101e-08,6.70804880624005e-10
53.1,-1.43631532445454e-07,8.72345237992583e-09,-1.42314162090644e-08,6.6046937090568e-10
53.11,-1.41311549128886e-07,8.5824261539599e-09,-1.40031705832854e-08,6.50300126922304e-10
53.12,-1.39029206813746e-07,8.44366389337874e-09,-1.37782899600394e-08,6.40285860396894e-10
53.13,-1.36783453896783e-07,8.30713225234548e-09,-1.35567199939025e-08,6.30416249653982e-10
53.14,-1.34573930665738e-07,8.17279845351077e-09,-1.3338400756132e-08,6.20682746763082e-10
53.15,-1.32400062469173e-07,8.04063025052349e-09,-1.31232870138118e-08,6.11077536086741e-10
53.16,-1.30261509134755e-07,7.91059579079431e-09,-1.29113425063382e-08,6.01593755451554e-10
53.17,-1.28157255474548e-07,7.78266354334707e-09,-1.27025385348398e-08,5.92225558826724e-10
53.18,-1.26086983520679e-07,7.65680230463815e-09,-1.24968377486388e-08,5.82968843239274e-10
53.19,-1.24050153260669e-07,7.53298119041348e-09,-1.22942150944609e-08,5.7382011584484e-10
53.2,-1.2204645916114e-07,7.41116952947098e-09,-1.20946506543974e-08,5.64776655344706e-10
53.21,-1.20074926002189e-07,7.29133682183594e-09,-1.18981294741564e-08,5.55836514894664e-10
53.22,-1.18135260684937e-07,7.17345277670964e-09,-1.17046248098324e-08,5.46999191563111e-10
53.23,-1.16226961388577e-07,7.05748733297275e-09,-1.15141189544186e-08,5.38264473632028e-10
53.24,-1.1434975188962e-07,6.94341058365895e-09,-1.13265968807822e-08,5.29632556232204e-10
53.25,-1.12502687166227e-07,6.83119275747375e-09,-1.11420460367334e-08,5.21104030953819e-10
53.26,-1.10685506093944e-07,6.72080428278554e-09,-1.09604395500337e-08,5.12680548683117e-10
53.27,-1.0889773083278e-07,6.61221582928087e-09,-1.07817577748989e-08,5.04363659128378e-10
53.28,-1.0713911713367e-07,6.50539825305942e-09,-1.06059813341071e-08,4.96154942525055e-10
53.29,-1.05408744843771e-07,6.40032259580132e-09,-1.04330922415933e-08,4.88055998404379e-10
53.3,-1.03706383924873e-07,6.29696016224667e-09,-1.02630567161461e-08,4.80069130256971e-10
53.31,-1.02031583182338e-07,6.1952825721629e-09,-1.00958472604957e-08,4.72196207125049e-10
53.32,-1.00383894974243e-07,6.0952617133118e-09,-9.93143619624448e-09,4.64438826423532e-10
53.33,-9.87631096904806e-08,5.99686976881162e-09,-9.76979236971853e-09,4.56798521338293e-10
53.34,-9.71683382644528e-08,5.90007922915053e-09,-9.6108856232039e-09,4.49276485934804e-10
53.35,-9.55993852969073e-08,5.80486296515171e-09,-9.45467057462312e-09,4.41874306942329e-10
53.36,-9.40560580531269e-08,5.7111942797433e-09,-9.30110822038958e-09,4.34592878528804e-10
53.37,-9.25374887827957e-08,5.61904683069625e-09,-9.15016416178605e-09,4.27432431351012e-10
53.38,-9.10434980738728e-08,5.52839470212916e-09,-9.0017883923302e-09,4.20393589944167e-10
53.39,-8.95736889106047e-08,5.43921245488338e-09,-8.85593749476955e-09,4.13476290817153e-10
53.4,-8.81276625008809e-08,5.3514750737479e-09,-8.71256867886725e-09,4.06679988488812e-10
53.41,-8.6705263413478e-08,5.26515798137405e-09,-8.57163704444697e-09,4.00003936652317e-10
53.42,-8.53056532079677e-08,5.18023703721269e-09,-8.43310030424617e-09,3.93446949254365e-10
53.43,-8.39286871112677e-08,5.09668859345255e-09,-8.29690252426151e-09,3.87008201067717e-10
53.44,-8.25742212384739e-08,5.01448952790468e-09,-8.16299621236774e-09,3.80686190474393e-10
53.45,-8.12414411299756e-08,4.93361715100783e-09,-8.03134023273371e-09,3.74478814110013e-10
53.46,-7.99302153353665e-08,4.85404925389166e-09,-7.90187977730426e-09,3.683844567036e-10
53.47,-7.86401948005278e-08,4.77576414299394e-09,-7.77456864003867e-09,3.62400954017667e-10
53.48,-7.73712613977295e-08,4.69874056273491e-09,-7.64936330638975e-09,3.5652582769511e-10
53.49,-7.61226202072862e-08,4.62295767363733e-09,-7.5262239961253e-09,3.50756384455845e-10
53.5,-7.48941673123227e-08,4.54839509810435e-09,-7.40509833721982e-09,3.45090511584227e-10
53.51,-7.36855776395373e-08,4.4750329418888e-09,-7.28594371759902e-09,3.39525629767307e-10
53.52,-7.24967543774824e-08,4.40285170923462e-09,-7.16872097740499e-09,3.34058947699669e-10
53.53,-7.13269256991111e-08,4.33183227350198e-09,-7.05339517068844e-09,3.2868756961183e-10
53.54,-7.01760090038306e-08,4.2619559202728e-09,-6.9399190696933e-09,3.23409286811443e-10
53.55,-6.90437005346212e-08,4.19320436323527e-09,-6.82825579508426e-09,3.18221517779559e-10
53.56,-6.79299239081388e-08,4.12555965782202e-09,-6.71837182547478e-09,3.1312156496955e-10
53.57,-6.68339348308677e-08,4.05900417025536e-09,-6.61023829860367e-09,3.08106708271785e-10
53.58,-6.57556649130697e-08,3.9935206176485e-09,-6.50381414585499e-09,3.03174976998757e-10
53.59,-6.46948281612936e-08,3.92909208519423e-09,-6.39906809742605e-09,2.98324106933466e-10
53.6,-6.36511439111587e-08,3.86570194255166e-09,-6.29597280409765e-09,2.93551768278043e-10
53.61,-6.26245668655656e-08,3.80333383268483e-09,-6.19450089235529e-09,2.88855832767206e-10
53.62,-6.16143687182102e-08,3.74197164706139e-09,-6.09462963048813e-09,2.84234150731377e-10
53.63,-6.06205103892421e-08,3.68159956374313e-09,-5.99632453061277e-09,2.79685337542877e-10
53.64,-5.96429536869891e-08,3.62220206596907e-09,-5.89956075671359e-09,2.75207717030317e-10
53.65,-5.86809871805372e-08,3.56376383644579e-09,-5.80432072171874e-09,2.70799364302438e-10
53.66,-5.77345833363552e-08,3.50626979936739e-09,-5.71057401577652e-09,2.66459171196017e-10
53.67,-5.68034907999504e-08,3.44970514755866e-09,-5.61829914476527e-09,2.62185770871197e-10
53.68,-5.58874662104358e-08,3.39405526340008e-09,-5.52747753483986e-09,2.57977742420333e-10
53.69,-5.49864900278862e-08,3.33930572058398e-09,-5.43808981001732e-09,2.53833859454262e-10
53.7,-5.40996456521725e-08,3.28544226426878e-09,-5.35012060790206e-09,2.49752858800119e-10
53.71,-5.32276045461799e-08,3.23245087977898e-09,-5.26353783565248e-09,2.4573438768395e-10
53.72,-5.23696837007037e-08,3.18031774999729e-09,-5.17833539297443e-09,2.41776947146106e-10
53.73,-5.15254265920362e-08,3.12902917310421e-09,-5.09449220373713e-09,2.37879772978971e-10
53.74,-5.06948358847126e-08,3.07857171490932e-09,-5.01197991711242e-09,2.34042621460744e-10
53.75,-4.98776921986632e-08,3.02893216410803e-09,-4.93078205473414e-09,2.30264654615856e-10
53.76,-4.90737770419969e-08,2.98009745543694e-09,-4.85088392252471e-09,2.26544943991367e-10
53.77,-4.82828790282497e-08,2.93205467835545e-09,-4.77226935767853e-09,2.22882723943319e-10
53.78,-4.75047858827793e-08,2.88479109061639e-09,-4.69492142884348e-09,2.19277319631861e-10
53.79,-4.67392933245492e-08,2.83829412083559e-09,-4.6188226470818e-09,2.15728109910513e-10
53.8,-4.59864208934846e-08,2.79255137291078e-09,-4.54395564556421e-09,2.12234490519181e-10
53.81,-4.52457449284793e-08,2.74755060291191e-09,-4.47030678501569e-09,2.0879568677624e-10
53.82,-4.45168391038919e-08,2.70327974690537e-09,-4.39785390919509e-09,2.05411340631084e-10
53.83,-4.37997362823239e-08,2.65972699182284e-09,-4.32657062271936e-09,2.02081284435967e-10
53.84,-4.30942463935935e-08,2.61688073072831e-09,-4.25644184022036e-09,1.98804736128611e-10
53.85,-4.24001820320541e-08,2.57472949283229e-09,-4.18745379834615e-09,1.95580808099361e-10
53.86,-4.17173566802376e-08,2.53326195481583e-09,-4.11959078540906e-09,1.92408744415026e-10
53.87,-4.10458174116002e-08,2.49246695729533e-09,-4.05283626131565e-09,1.89287855421858e-10
53.88,-4.0384927402215e-08,2.45233348593331e-09,-3.98717731031879e-09,1.86217283023336e-10
53.89,-3.97349655401058e-08,2.41285072104812e-09,-3.92258804923326e-09,1.83196786971474e-10
53.9,-3.9095308324022e-08,2.37400804523768e-09,-3.85905547291252e-09,1.80225506873531e-10
53.91,-3.84660072683118e-08,2.33579501238785e-09,-3.79655633853716e-09,1.77302996287075e-10
53.92,-3.78468971717894e-08,2.29820138281281e-09,-3.73507474070972e-09,1.74428473314196e-10
53.93,-3.72378137214469e-08,2.26121705438706e-09,-3.6745969954611e-09,1.71601013094263e-10
53.94,-3.66390464634492e-08,2.22483207063476e-09,-3.61510798930016e-09,1.6881979711936e-10
53.95,-3.60495278073358e-08,2.18903658714467e-09,-3.55659999450924e-09,1.66083686665376e-10
53.96,-3.54691005455265e-08,2.15382096521905e-09,-3.49903964482862e-09,1.63392798180462e-10
53.97,-3.48989734888505e-08,2.11917587527258e-09,-3.44240305405219e-09,1.6074678821744e-10
53.98,-3.43376322931022e-08,2.08509200806002e-09,-3.38670477341973e-09,1.58143345313231e-10
53.99,-3.3785380715301e-08,2.05156012156961e-09,-3.33191417911142e-09,1.55582417805922e-10
54,-3.32420722060078e-08,2.01857125977935e-09,-3.2780122981829e-09,1.53063584713745e-10
54.01,-3.27075593276049e-08,1.98611660158433e-09,-3.22498694556667e-09,1.50585934206945e-10
54.02,-3.21817044124373e-08,1.95418745457415e-09,-3.1728245952592e-09,1.48148657839989e-10
54.03,-3.16643644637793e-08,1.92277526419054e-09,-3.12151155798645e-09,1.45751016928336e-10
54.04,-3.11558565613268e-08,1.89187161540637e-09,-3.07103363224839e-09,1.43392319386614e-10
54.05,-3.06546814599074e-08,1.8614681892818e-09,-3.02138479447007e-09,1.41071516097535e-10
54.06,-3.01625266985184e-08,1.83155690053248e-09,-2.9725257759482e-09,1.38789179407905e-10
54.07,-2.96778965847011e-08,1.80212981064963e-09,-2.92446868490919e-09,1.3654344118444e-10
54.08,-2.92011126390435e-08,1.77317901644325e-09,-2.87718727090381e-09,1.34334160225817e-10
54.09,-2.87320522929235e-08,1.74469686138341e-09,-2.8306662138556e-09,1.32160908948243e-10
54.1,-2.82705894250057e-08,1.71667579168168e-09,-2.78489626066948e-09,1.30022829797615e-10
54.11,-2.78170535494837e-08,1.68910835325419e-09,-2.7398668005061e-09,1.27919201689096e-10
54.12,-2.73699622965751e-08,1.66198715981082e-09,-2.69557436500354e-09,1.25849022693749e-10
54.13,-2.69310165279535e-08,1.63530503352647e-09,-2.65198198336156e-09,1.23812944685118e-10
54.14,-2.64987320974797e-08,1.60905492347709e-09,-2.60910358149492e-09,1.21809189707842e-10
54.15,-2.6073452730202e-08,1.58322979446079e-09,-2.56691497483723e-09,1.19837720601798e-10
54.16,-2.5655062962926e-08,1.55782283817197e-09,-2.52540274913989e-09,1.17898207829058e-10
54.17,-2.52434517733491e-08,1.53282733140284e-09,-2.48455943388374e-09,1.15989899931763e-10
54.18,-2.48385099155257e-08,1.50823663368429e-09,-2.44437573094493e-09,1.14112181595009e-10
54.19,-2.44401281435103e-08,1.48404420124956e-09,-2.40484212909648e-09,1.12264524701294e-10
54.2,-2.40486572877785e-08,1.46024358948907e-09,-2.36594827358098e-09,1.10446452701437e-10
54.21,-2.36626265248674e-08,1.43682841268215e-09,-2.32769218706854e-09,1.08657129411559e-10
54.22,-2.32837535918407e-08,1.41379247769464e-09,-2.2900381603692e-09,1.06897346549531e-10
54.23,-2.29105721061273e-08,1.39112970443474e-09,-2.25300192490247e-09,1.05165447204927e-10
54.24,-2.25434391154522e-08,1.36883401033208e-09,-2.2165609271547e-09,1.03461494454413e-10
54.25,-2.21822560320106e-08,1.34689952327649e-09,-2.18070344542786e-09,1.01785255553206e-10
54.26,-2.18269278207117e-08,1.3253204404155e-09,-2.14542338061864e-09,1.00136064960503e-10
54.27,-2.1477813305637e-08,1.3040910265958e-09,-2.11071346605183e-09,9.85133866838944e-11
54.28,-2.11334549859998e-08,1.28320558142524e-09,-2.07657341223585e-09,9.69163923622994e-11
54.29,-2.07955812570049e-08,1.26265858406002e-09,-2.04296885819097e-09,9.5345902675427e-11
54.3,-2.04627363942222e-08,1.24244460945627e-09,-2.00991723319351e-09,9.38002995405536e-11
54.31,-2.01352863271609e-08,1.22255821943393e-09,-1.97739684240006e-09,9.22796931052445e-11
54.32,-1.98131457906925e-08,1.20299417605332e-09,-1.94539713505658e-09,9.07838957934969e-11
54.33,-1.94962286315103e-08,1.18374729884604e-09,-1.91391307355009e-09,8.93122854068337e-11
54.34,-1.91849025554802e-08,1.16481246423118e-09,-1.88293842073015e-09,8.7864364710905e-11
54.35,-1.88777233844917e-08,1.14618457440488e-09,-1.85247380611722e-09,8.64393481212836e-11
54.36,-1.85764257309984e-08,1.12785869943641e-09,-1.82248608326547e-09,8.50380908681178e-11
54.37,-1.82795654168899e-08,1.10982999772053e-09,-1.79299335945828e-09,8.36590167935191e-11
54.38,-1.79870642824653e-08,1.09209360452969e-09,-1.76397499672921e-09,8.23022698851428e-11
54.39,-1.77002075218979e-08,1.07464488988714e-09,-1.73541310244907e-09,8.09680768089164e-11
54.4,-1.74175562861478e-08,1.05747918078542e-09,-1.70732914276627e-09,7.96546238206001e-11
54.41,-1.71394889392218e-08,1.04059179695244e-09,-1.67970017375046e-09,7.836229564614e-11
54.42,-1.6865931762311e-08,1.02397826729509e-09,-1.65251492816487e-09,7.70910825945187e-11
54.43,-1.65972648957791e-08,1.00763417912193e-09,-1.62576874823281e-09,7.58404708509841e-11
54.44,-1.63320521551213e-08,9.91555127577581e-10,-1.5994641510929e-09,7.46096583172616e-11
54.45,-1.60715893926522e-08,9.7573686071482e-10,-1.57356915529053e-09,7.33995184966413e-11
54.46,-1.58158073304548e-08,9.60175247178821e-10,-1.5480948987692e-09,7.22088767108277e-11
54.47,-1.55637245313756e-08,9.44866028676464e-10,-1.52304759276419e-09,7.10366827132916e-11
54.48,-1.53152770465681e-08,9.29805071634915e-10,-1.49840064751941e-09,6.98836727735866e-11
54.49,-1.50717607283468e-08,9.14988474661308e-10,-1.47413825333469e-09,6.87500436914557e-11
54.5,-1.48317491621697e-08,9.00412273506349e-10,-1.45028379829851e-09,6.76339664479309e-11
54.51,-1.45956313701845e-08,8.86072481283128e-10,-1.42681543131954e-09,6.65358450396552e-11
54.52,-1.43633434035451e-08,8.71965308891843e-10,-1.40372312177271e-09,6.54557011711717e-11
54.53,-1.41352796134697e-08,8.58087012694369e-10,-1.38100355790594e-09,6.43930608777998e-11
54.54,-1.39100144735949e-08,8.4443384556999e-10,-1.35866034973726e-09,6.33471593519934e-11
54.55,-1.36888518298406e-08,8.31002201582359e-10,-1.33666264902959e-09,6.2318917779744e-11
54.56,-1.34717330624312e-08,8.1778858583835e-10,-1.31502246990746e-09,6.13072124112129e-11
54.57,-1.325723442136e-08,8.0478936657323e-10,-1.29374692874256e-09,6.03110381114301e-11
54.58,-1.30471198289683e-08,7.92001070747111e-10,-1.27280254258976e-09,5.9331558243838e-11
54.59,-1.28399690879633e-08,7.79420310299896e-10,-1.25220819727631e-09,5.83674086029565e-11
54.6,-1.26366339614492e-08,7.67043661834696e-10,-1.23194493168354e-09,5.74188828510681e-11
54.61,-1.24356986930252e-08,7.54867828584369e-10,-1.21201291785091e-09,5.6485575054869e-11
54.62,-1.22384715695034e-08,7.42889638751318e-10,-1.19238452440856e-09,5.55682351088564e-11
54.63,-1.20449010765356e-08,7.31106001221097e-10,-1.17307421095498e-09,5.46656591130012e-11
54.64,-1.18535696813638e-08,7.195136716655e-10,-1.15409040054101e-09,5.37768281683876e-11
54.65,-1.16662475235785e-08,7.0810955406161e-10,-1.1354003622621e-09,5.2902912720324e-11
54.66,-1.14815197349571e-08,6.96890627155451e-10,-1.11702418869572e-09,5.20425738815962e-11
54.67,-1.13002434076748e-08,6.85853826651959e-10,-1.09894334115779e-09,5.11961389701316e-11
54.68,-1.11210116671145e-08,6.74996210151264e-10,-1.08115879622982e-09,5.03632325034903e-11
54.69,-1.09455928765101e-08,6.64314949870304e-10,-1.06364369545415e-09,4.95446372168633e-11
54.7,-1.07725730558172e-08,6.53807251115053e-10,-1.04642088716816e-09,4.8738802516313e-11
54.71,-1.06019095724719e-08,6.43470252816305e-10,-1.0294739816034e-09,4.79459734746231e-11
54.72,-1.04349213714272e-08,6.33301289365453e-10,-1.01278865948018e-09,4.71665043004636e-11
54.73,-1.02701980253528e-08,6.23297617329006e-10,-9.96389925722468e-10,4.63987235699736e-11
54.74,-1.01076951253276e-08,6.13456454689682e-10,-9.80257655962151e-10,4.56431703083747e-11
54.75,-9.94873250448336e-09,6.03775240954371e-10,-9.64375806607118e-10,4.49003680309319e-11
54.76,-9.79236070008938e-09,5.94251350781469e-10,-9.48768244070887e-10,4.41687269837132e-11
54.77,-9.63762492034448e-09,5.84882081394986e-10,-9.33422842194127e-10,4.34484351883353e-11
54.78,-9.4858521038077e-09,5.75665001829729e-10,-9.18305960728459e-10,4.27408812098778e-11
54.79,-9.33700228245016e-09,5.66597764336688e-10,-9.0343367871567e-10,4.20448564719005e-11
54.8,-9.19012244082751e-09,5.57677847002423e-10,-8.88816441910945e-10,4.1359344741421e-11
54.81,-9.04517438726771e-09,5.48902817214367e-10,-8.74430928095214e-10,4.0685172860229e-11
54.82,-8.90348328397295e-09,5.40270443121215e-10,-8.60264420072793e-10,4.00226561363964e-11
54.83,-8.76364847357536e-09,5.31778401123679e-10,-8.46342928376604e-10,3.93700897258965e-11
54.84,-8.62608651175378e-09,5.23424318349553e-10,-8.32647399705591e-10,3.87280050499322e-11
54.85,-8.49076098319301e-09,5.1520599213865e-10,-8.19170484103654e-10,3.80965492551887e-11
54.86,-8.35763458439942e-09,5.07121240434674e-10,-8.05911275712347e-10,3.74753738282709e-11
54.87,-8.22712742376552e-09,4.99167895993261e-10,-7.92867860136128e-10,3.68642197667853e-11
54.88,-8.09784150845871e-09,4.91343772583295e-10,-7.80045262888778e-10,3.62625198171854e-11
54.89,-7.97155941256733e-09,4.8364680866156e-10,-7.67414897048226e-10,3.56713430394915e-11
54.9,-7.8464292840863e-09,4.76074984695321e-10,-7.54999154054561e-10,3.50893191506562e-11
54.91,-7.72423547346079e-09,4.68626259313172e-10,-7.42773784222798e-10,3.45171756242923e-11
54.92,-7.60357998785821e-09,4.61298644994719e-10,-7.30758885769317e-10,3.39537316244859e-11
54.93,-7.48489004109842e-09,4.54090105767091e-10,-7.18937018988102e-10,3.33994510640227e-11
54.94,-7.36812921786623e-09,4.46998760476707e-10,-7.07302235303872e-10,3.28544282636109e-11
54.95,-7.25326909645219e-09,4.40022736886859e-10,-6.95854462267547e-10,3.23183033411503e-11
54.96,-7.14073156160566e-09,4.33160170307659e-10,-6.84592583108203e-10,3.17908230632734e-11
54.97,-7.02912483774298e-09,4.26409171566966e-10,-6.73522203625309e-10,3.1271430941468e-11
54.98,-6.92023416348775e-09,4.19767968719892e-10,-6.62615071426569e-10,3.07612122384229e-11
54.99,-6.81267042779155e-09,4.13234828801564e-10,-6.51894324924888e-10,3.02588168845095e-11
55,-6.70685551540373e-09,4.06807945650971e-10,-6.41344327606931e-10,2.97646109831613e-11
