Time,e_y,e_yaw,e_yawrate,e_beta
0,-7.57870211032241e-09,4.06005699178523e-10,0,0
0.01,-7.64023155852556e-09,4.11295253741326e-10,6.54377919168637e-10,-5.76513949830147e-11
0.02,-7.81182762921162e-09,4.16481083235217e-10,1.12422400759314e-09,-1.96304800700394e-10
0.03,-8.07896149979115e-09,4.19852940094154e-10,1.5351733118361e-09,-3.95458897747307e-10
0.04,-8.40580316463502e-09,4.21878325926384e-10,1.9056348605859e-09,-6.28671923656134e-10
0.05,-8.75595063121182e-09,4.22439212379758e-10,2.21022883009102e-09,-8.74894139260841e-10
0.06,-9.07979558206762e-09,4.22485139904273e-10,2.42879870227923e-09,-1.11823551035114e-09
0.07,-9.34621180448403e-09,4.2207524993394e-10,2.55355724499185e-09,-1.34673884333188e-09
0.08,-9.52795708997201e-09,4.20864463334715e-10,2.58665559513277e-09,-1.55169809899566e-09
0.09,-9.60792423398971e-09,4.19854684445345e-10,2.53617657150311e-09,-1.72720534288268e-09
0.1,-9.57604395779299e-09,4.18115318553362e-10,2.4142818749375e-09,-1.86961591814695e-09
0.11,-9.43884703730191e-09,4.1660672957798e-10,2.23259704742675e-09,-1.97727453241423e-09
0.12,-9.20040932328448e-09,4.14103398948557e-10,2.00210027856349e-09,-2.05007285296223e-09
0.13,-8.88269902077354e-09,4.11632652370518e-10,1.73102327271749e-09,-2.08917432573882e-09
0.14,-8.49924930435009e-09,4.07594911617343e-10,1.42669987991495e-09,-2.09659895307516e-09
0.15,-8.07803779423466e-09,4.03109669489028e-10,1.09422065783333e-09,-2.07503829356231e-09
0.16,-7.63546381676861e-09,3.9639106225347e-10,7.39346067751182e-10,-2.02749732164994e-09
0.17,-7.19791248826596e-09,3.88576344142239e-10,3.67032439410723e-10,-1.95721586770157e-09
0.18,-6.77967904039178e-09,3.77753040379253e-10,-1.56793676752971e-11,-1.86739999538251e-09
0.19,-6.39945696434552e-09,3.65273021357989e-10,-4.01755236356353e-10,-1.76124515442993e-09
0.2,-6.0658367218025e-09,3.49370300334982e-10,-7.81306252674737e-10,-1.64172150273918e-09
0.21,-5.78614312018999e-09,3.31847278477038e-10,-1.14448639434314e-09,-1.51168076599518e-09
0.22,-5.5610840377085e-09,3.11220759678755e-10,-1.47882525479003e-09,-1.37368366880839e-09
0.23,-5.38871613997571e-09,2.89642004353679e-10,-1.77306774891445e-09,-1.23017887763768e-09
0.24,-5.26382315513274e-09,2.65961062822093e-10,-2.01488840163592e-09,-1.0833664879373e-09
0.25,-5.17856868498257e-09,2.42549415372075e-10,-2.19498156727597e-09,-9.35391417166226e-10
0.26,-5.12451947543013e-09,2.18488446075785e-10,-2.30478395785547e-09,-7.882065678737e-10
0.27,-5.09167641382646e-09,1.96246150384536e-10,-2.34029349226916e-09,-6.43747516846469e-10
0.28,-5.07112929426512e-09,1.74972493120566e-10,-2.29944795246277e-09,-5.03775418176172e-10
0.29,-5.05347852453042e-09,1.57050649212104e-10,-2.1854246228663e-09,-3.70025257275503e-10
0.3,-5.03184960365388e-09,1.41574523320048e-10,-2.00355763797068e-09,-2.44029761322183e-10
0.31,-4.99919128316151e-09,1.30598303255146e-10,-1.76402881711639e-09,-1.27244724332037e-10
0.32,-4.95198992922496e-09,1.23101224665734e-10,-1.47849380256125e-09,-2.0871692797314e-11
0.33,-4.88597073911023e-09,1.2064535926845e-10,-1.16148035421648e-09,7.40590868594098e-11
0.34,-4.80170303518435e-09,1.21979087652611e-10,-8.28879134731054e-10,1.56780912395299e-10
0.35,-4.69655692114657e-09,1.28165338314832e-10,-4.97775539697168e-10,2.26750622011646e-10
0.36,-4.57556037503082e-09,1.37728551269077e-10,-1.83588520229991e-10,2.83776522117205e-10
0.37,-4.43611014588896e-09,1.51393500970391e-10,1.14839592219298e-10,3.29111939232498e-10
0.38,-4.28090629611688e-09,1.68003951253844e-10,3.49338801504853e-10,3.62401420150113e-10
0.39,-4.1180783227901e-09,1.86157981202856e-10,5.26926163356317e-10,3.85185184947419e-10
0.4,-3.94383814494859e-09,2.05990151073659e-10,6.4225702699916e-10,3.98589305007651e-10
0.41,-3.77086184499831e-09,2.25743646764305e-10,6.92955297255975e-10,4.03116332823103e-10
0.42,-3.59242324776687e-09,2.45368714145133e-10,6.77159534685128e-10,3.99167815381008e-10
0.43,-3.42158656962965e-09,2.63348866295696e-10,5.97156187395483e-10,3.87469629307901e-10
0.44,-3.24850990551795e-09,2.79580059366111e-10,4.57653354273667e-10,3.68992486861089e-10
0.45,-3.08656922243244e-09,2.92904272832063e-10,2.6741159197728e-10,3.44964598445849e-10
0.46,-2.92344193297822e-09,3.03292948959395e-10,3.6465592600573e-11,3.16659128338124e-10
0.47,-2.77267098169887e-09,3.10024844929876e-10,-2.22868957328022e-10,2.85394966877905e-10
0.48,-2.62023114316889e-09,3.13145969038169e-10,-4.98533213390889e-10,2.52380619823625e-10
0.49,-2.47989628832102e-09,3.1241898669224e-10,-7.77784808983766e-10,2.18748354848144e-10
0.5,-2.33662333926077e-09,3.080096156025e-10,-1.0491788735366e-09,1.85454421143443e-10
0.51,-2.2046702241596e-09,3.00097360552259e-10,-1.30171053202562e-09,1.53326984108439e-10
0.52,-2.06853290052322e-09,2.88941425167699e-10,-1.52641165576831e-09,1.22997479501835e-10
0.53,-1.94324467628348e-09,2.74992217784521e-10,-1.71554335646939e-09,9.49547657316811e-11
0.54,-1.81313009051109e-09,2.58578389439634e-10,-1.86385378517333e-09,6.94988962708789e-11
0.55,-1.69395164562047e-09,2.40378541459151e-10,-1.96762759311518e-09,4.68071538953851e-11
0.56,-1.57005164425073e-09,2.2069208429376e-10,-2.02627357368031e-09,2.68826387353138e-11
0.57,-1.45786849259366e-09,2.00245750977934e-10,-2.03923816915527e-09,9.69417963311706e-12
0.58,-1.34167610355007e-09,1.7930155274803e-10,-2.00886598056519e-09,-4.92207149977041e-12
0.59,-1.23838628240946e-09,1.58580287233132e-10,-1.93852709808027e-09,-1.71692927606104e-11
0.6,-1.13208997731817e-09,1.38235501258967e-10,-1.83316719962141e-09,-2.73079796656341e-11
0.61,-1.04004271861413e-09,1.18906046445063e-10,-1.69820406238201e-09,-3.55952960066229e-11
0.62,-9.45922451478509e-10,1.00634406826848e-10,-1.54001669898867e-09,-4.23083766010076e-11
0.63,-8.66774207963772e-10,8.3924114923052e-11,-1.36104951420965e-09,-4.73180733563628e-11
0.64,-7.86072540392979e-10,6.86682073613421e-11,-1.17779603005664e-09,-5.12756463083755e-11
0.65,-7.2102857018308e-10,5.52244956888938e-11,-9.89755994569612e-10,-5.40347552799132e-11
0.66,-6.54769571895031e-10,4.33632221450916e-11,-8.01344906320599e-10,-5.57442855163419e-11
0.67,-5.95598237396189e-10,3.32237338652064e-11,-6.17706488151543e-10,-5.66038791261171e-11
0.68,-5.51920287250596e-10,2.48376001307261e-11,-4.43175003913161e-10,-5.68027854876424e-11
0.69,-5.0608761625881e-10,1.79366165527196e-11,-2.81952943057948e-10,-5.6360024191312e-11
0.7,-4.74469352695905e-10,1.25731899782442e-11,-1.37297902373569e-10,-5.53733925159807e-11
0.71,-4.39526637308063e-10,8.39170678702665e-12,-1.28377869997565e-11,-5.38647098269843e-11
0.72,-4.17157863807915e-10,5.41326569577755e-12,9.11127728629183e-11,-5.19109653446584e-11
0.73,-3.90181220666364e-10,3.22246780030538e-12,1.74878955408e-10,-4.96164814696053e-11
0.74,-3.74002162573106e-10,1.89220810406319e-12,2.39801167853192e-10,-4.70398801347302e-11
0.75,-3.52065931963352e-10,9.96535832797653e-13,2.87223924432868e-10,-4.42338439942561e-11
0.76,-3.39351657885345e-10,6.36956552474485e-13,3.19152974300498e-10,-4.12148697893692e-11
0.77,-3.20106607887283e-10,4.1702187761215e-13,3.37419220323647e-10,-3.80097373837219e-11
0.78,-3.08870262699656e-10,4.94322505937128e-13,3.44323049542879e-10,-3.46249186931955e-11
0.79,-2.90657276025286e-10,4.63106414684602e-13,3.41870635006513e-10,-3.10851393306038e-11
0.8,-2.79642975442584e-10,5.40612715700289e-13,3.32305556352796e-10,-2.74058554706999e-11
0.81,-2.61541011070676e-10,3.63456497271067e-13,3.1748495844717e-10,-2.36219606035405e-11
0.82,-2.50135911983307e-10,1.97098374243653e-13,2.99392122656028e-10,-1.97594077301918e-11
0.83,-2.31735519662379e-10,-3.02846185240109e-13,2.7956673772735e-10,-1.58616143631975e-11
0.84,-2.19814388913164e-10,-8.28806757447459e-13,2.59567104039763e-10,-1.19642034614249e-11
0.85,-2.01184846559954e-10,-1.72370540740985e-12,2.40485491147868e-10,-8.11730314148063e-12
0.86,-1.88867588235553e-10,-2.61820100445303e-12,2.23864674858785e-10,-4.34562085870459e-12
0.87,-1.70208735994493e-10,-3.85011078806093e-12,2.10009782718638e-10,-7.10298507585523e-13
0.88,-1.57849733284365e-10,-5.02868532793386e-12,1.99278489744097e-10,2.73712326053465e-12
0.89,-1.39466216353412e-10,-6.48780850156753e-12,1.91873856883595e-10,5.95180323716775e-12
0.9,-1.27286625684064e-10,-7.83097520631695e-12,1.87949271375894e-10,8.89941870666883e-12
0.91,-1.09467102049621e-10,-9.39090940752173e-12,1.87354909229516e-10,1.15440753590885e-11
0.92,-9.7784891295305e-11,-1.07725968602728e-11,1.89930809822321e-10,1.38624606403342e-11
0.93,-8.07034439276322e-11,-1.22726508613188e-11,1.96003373477821e-10,1.59011805109047e-11
0.94,-6.96793733823142e-11,-1.35613629249477e-11,2.03325995374929e-10,1.75722347202949e-11
0.95,-5.35207433927098e-11,-1.49183379614207e-11,2.12519652219242e-10,1.89185704375851e-11
0.96,-4.32631708235931e-11,-1.60417926319074e-11,2.23592906253529e-10,1.99490676432249e-11
0.97,-2.80317991041557e-11,-1.71765111144915e-11,2.358836544924e-10,2.06439472471955e-11
0.98,-1.33040245486882e-11,-1.81734694997603e-11,2.48784441974951e-10,2.0996294965027e-11
0.99,-4.17443857259059e-12,-1.88996690713749e-11,2.61654986182452e-10,2.1006980224305e-11
1,9.58788604066285e-12,-1.96138414606901e-11,2.73828626286223e-10,2.06791170001009e-11
1.01,1.7990053891026e-11,-2.005628747311e-11,2.85088622425228e-10,2.0048822004417e-11
1.02,3.07425196410804e-11,-2.05027740299554e-11,2.94932946207407e-10,1.91478222647296e-11
1.03,3.83728604447242e-11,-2.07183862953787e-11,3.03059128882509e-10,1.80179628911067e-11
1.04,5.01545471820464e-11,-2.09418675867385e-11,3.09232776117093e-10,1.66899200709368e-11
1.05,5.70317126857844e-11,-2.09496881944332e-11,3.13506908000713e-10,1.52017038397026e-11
1.06,6.77369271784301e-11,-2.10268681192329e-11,3.15859894886704e-10,1.35865521291022e-11
1.07,7.37294669761468e-11,-2.09029480142856e-11,3.16384940334327e-10,1.18833684423429e-11
1.08,8.32427460295548e-11,-2.08732053732127e-11,3.15151918385161e-10,1.01297213751872e-11
1.09,8.8176577150989e-11,-2.06973676476367e-11,3.1232922203525e-10,8.36542643283783e-12
1.1,9.63993329605728e-11,-2.06186758697536e-11,3.08035620980888e-10,6.62371114066282e-12
1.11,1.00177643957977e-10,-2.0433435049892e-11,3.02527396210424e-10,4.94067296872636e-12
1.12,1.06962438906066e-10,-2.0368093391792e-11,2.95975119678473e-10,3.34300355768493e-12
1.13,1.09491082866953e-10,-2.02089073727034e-11,2.88657792947444e-10,1.85798453768505e-12
1.14,1.14865450484558e-10,-2.01750782460468e-11,2.80786046801752e-10,5.04962875763675e-13
1.15,1.16206599898305e-10,-2.00585497858093e-11,2.72646978202814e-10,-6.97439307022955e-13
1.16,1.20196297359598e-10,-2.00725473471804e-11,2.64437178979234e-10,-1.73946133062033e-12
1.17,1.20381038470896e-10,-2.00135879845589e-11,2.5639515050439e-10,-2.61318841551855e-12
1.18,1.23130838858287e-10,-2.00646828575015e-11,2.48668818479876e-10,-3.31851636900399e-12
1.19,1.22342136421594e-10,-2.00440783924021e-11,2.41457472936711e-10,-3.85520427537212e-12
1.2,1.24003918244853e-10,-2.01419432177652e-11,2.34951248076299e-10,-4.22294265875617e-12
1.21,1.22422960657786e-10,-2.0136276610761e-11,2.28983755026e-10,-4.43994623690171e-12
1.22,1.23240084803911e-10,-2.02232186121652e-11,2.23188696228756e-10,-4.53143351421488e-12
1.23,1.21036514144635e-10,-2.02320674649159e-11,2.18168889435873e-10,-4.49082316102405e-12
1.24,1.21264775998497e-10,-2.02966259304736e-11,2.14006624205726e-10,-4.33179377104359e-12
1.25,1.18715703933958e-10,-2.02778153511369e-11,2.11255970853874e-10,-4.05272495973708e-12
1.26,1.18506982005329e-10,-2.0295001308824e-11,2.09318271725836e-10,-3.69314363115736e-12
1.27,1.18123288928018e-10,-2.02772164388108e-11,2.07986256840781e-10,-3.27908869664122e-12
1.28,1.1533263233332e-10,-2.01377969762013e-11,2.07133904672621e-10,-2.82929615329784e-12
1.29,1.14768639036811e-10,-2.00338562732094e-11,2.06584720758588e-10,-2.36465526164454e-12
1.3,1.12004627794704e-10,-1.98061814270381e-11,2.06211702094819e-10,-1.90041548974716e-12
1.31,1.1136513933252e-10,-1.96158524136968e-11,2.05863933033715e-10,-1.4509670688509e-12
1.32,1.08712150392876e-10,-1.92958236335378e-11,2.05420986611224e-10,-1.02743165025634e-12
1.33,1.08093090034345e-10,-1.90208894898843e-11,2.04774832619357e-10,-6.38591743250066e-13
1.34,1.05577768749754e-10,-1.86319957390725e-11,2.03827505980793e-10,-2.91254486412047e-13
1.35,1.0499778824169e-10,-1.82740898158629e-11,2.02494396691684e-10,9.96631856182784e-15
1.36,1.02641450894225e-10,-1.78296854194405e-11,2.00734725365892e-10,2.64176247995193e-13
1.37,1.02096997522949e-10,-1.742308062449e-11,1.98487734425829e-10,4.70028208570969e-13
1.38,9.99165195025853e-11,-1.69411158343302e-11,1.95746489134023e-10,6.29574513131852e-13
1.39,9.94102578033562e-11,-1.65055649798886e-11,1.9250085985673e-10,7.45172667798981e-13
1.4,9.73487956912322e-11,-1.60055949922346e-11,1.88780848993939e-10,8.21243960225386e-13
1.41,9.68265467804486e-11,-1.55696061356011e-11,1.84613386846717e-10,8.62011141941795e-13
1.42,9.4882324219725e-11,-1.50785347930857e-11,1.80045600195651e-10,8.72310973804953e-13
1.43,9.43503053463246e-11,-1.46590724286439e-11,1.75138406322683e-10,8.57577094464031e-13
1.44,9.24451626360678e-11,-1.42001034782328e-11,1.69959791926793e-10,8.23104102736408e-13
1.45,9.1899821086372e-11,-1.37917360439284e-11,1.64580338755645e-10,7.7384711539182e-13
1.46,9.00941543591216e-11,-1.33648567320961e-11,1.59103971457161e-10,7.16261551486349e-13
1.47,8.94893048553058e-11,-1.30090839258095e-11,1.53594729706303e-10,6.53288919163348e-13
1.48,8.76783090575373e-11,-1.26252578231658e-11,1.48142354264481e-10,5.94022095058022e-13
1.49,8.70183924917001e-11,-1.23133533551557e-11,1.4268367259153e-10,5.34332499135265e-13
1.5,8.52251602623255e-11,-1.19800673554902e-11,1.37371952166288e-10,4.81766070794532e-13
1.51,8.45545855554519e-11,-1.16909097296545e-11,1.32287602209272e-10,4.382164723721e-13
1.52,8.28084267823215e-11,-1.13916492583258e-11,1.27494670486103e-10,4.04734611879109e-13
1.53,8.20890022623644e-11,-1.114185731284e-11,1.22985248341574e-10,3.78405914638257e-13
1.54,8.13473732819148e-11,-1.0897031973135e-11,1.18766409046677e-10,3.57268547912903e-13
1.55,7.96216426124374e-11,-1.06343894036359e-11,1.14845462511277e-10,3.40204333759495e-13
1.56,7.88276111052255e-11,-1.04207482130465e-11,1.11195982376058e-10,3.24373942870117e-13
1.57,7.71480657135726e-11,-1.0172116958118e-11,1.07802880869582e-10,3.0810460091204e-13
1.58,7.63504814926819e-11,-9.96152379459294e-12,1.04658800995436e-10,2.90958006004243e-13
1.59,7.47126804867548e-11,-9.73430643653232e-12,1.0174768840975e-10,2.72357368140516e-13
1.6,7.38866745564337e-11,-9.51742294787187e-12,9.90363815231577e-11,2.50719214069302e-13
1.61,7.22897297578129e-11,-9.28510673907548e-12,9.65106457519524e-11,2.27799898408895e-13
1.62,7.14761583253676e-11,-9.07220962475963e-12,9.41152999462445e-11,2.02457912824117e-13
1.63,6.99875712939502e-11,-8.81952865255872e-12,9.18179408196619e-11,1.74400114942587e-13
1.64,6.91757762183443e-11,-8.60615553765219e-12,8.96011754753016e-11,1.43388558183249e-13
1.65,6.76081413075735e-11,-8.37376773129142e-12,8.74200572577763e-11,1.07249469666902e-13
1.66,6.67910171614494e-11,-8.14902210394734e-12,8.52335626576073e-11,6.44807710437678e-14
1.67,6.54125642540748e-11,-7.90055355252401e-12,8.30562060591057e-11,1.76629550044309e-14
1.68,6.44870823407473e-11,-7.69097648592528e-12,8.08772083632548e-11,-3.19139925773799e-14
1.69,6.31796837069487e-11,-7.43523151909207e-12,7.86575885764711e-11,-8.5157694418908e-14
1.7,6.22604190425591e-11,-7.2327977143525e-12,7.64237570046508e-11,-1.38985680382103e-13
1.71,6.10222983254971e-11,-6.9796062039682e-12,7.41388815315057e-11,-1.94031993885809e-13
1.72,6.01421135115743e-11,-6.77683793773568e-12,7.18421849777393e-11,-2.47035813438111e-13
1.73,5.89297499686836e-11,-6.54497319163738e-12,6.9508306121124e-11,-2.98337097056356e-13
1.74,5.81268366772747e-11,-6.33419303795615e-12,6.7157016059916e-11,-3.46413830058844e-13
1.75,5.68594060723626e-11,-6.14213685975929e-12,6.48036019940055e-11,-3.8967599747312e-13
1.76,5.62225821454376e-11,-5.92403756779218e-12,6.24210039721572e-11,-4.29722342424691e-13
1.77,5.50448575609153e-11,-5.72766571506359e-12,6.0088748598191e-11,-4.61822342844593e-13
1.78,5.43209921488597e-11,-5.54620668552887e-12,5.77799599600674e-11,-4.87551386736818e-13
1.79,5.32249799789497e-11,-5.37082299950994e-12,5.54943711724368e-11,-5.08074189522375e-13
1.8,5.26352295082688e-11,-5.1895192497421e-12,5.32494364325255e-11,-5.23289485515806e-13
1.81,5.16697795660548e-11,-5.01579054509499e-12,5.10928820310998e-11,-5.31005459408572e-13
1.82,5.10622655269799e-11,-4.85884737821039e-12,4.90048214176078e-11,-5.32991011368835e-13
1.83,5.04494224173868e-11,-4.73017500324292e-12,4.69829532130083e-11,-5.30504472902556e-13
1.84,4.95274932177381e-11,-4.58392943553054e-12,4.50113321901744e-11,-5.25154336286413e-13
1.85,4.8994586165918e-11,-4.44931530189152e-12,4.31145394028664e-11,-5.16074634125077e-13
1.86,4.81463757751044e-11,-4.3242036013207e-12,4.13206285433291e-11,-5.01926100771012e-13
1.87,4.76578776442693e-11,-4.19800881844704e-12,3.96135171508495e-11,-4.84429520516633e-13
1.88,4.69260186264364e-11,-4.07245430928439e-12,3.80101259100946e-11,-4.63340903359323e-13
1.89,4.65307792296699e-11,-3.95089216317564e-12,3.65062855862686e-11,-4.39982102057063e-13
1.9,4.58646454148948e-11,-3.82963628551047e-12,3.5104084546274e-11,-4.15277583018527e-13
1.91,4.54880577649419e-11,-3.70884668929717e-12,3.37823860357733e-11,-3.91124390708507e-13
1.92,4.48823200827064e-11,-3.60589686846783e-12,3.25371566115131e-11,-3.67922041014773e-13
1.93,4.44142500555245e-11,-3.51827931574623e-12,3.13268298601529e-11,-3.47862512800671e-13
1.94,4.38689085058286e-11,-3.41379652051992e-12,3.01363762038358e-11,-3.31577517154904e-13
1.95,4.35971259094003e-11,-3.30495781670235e-12,2.89930395309828e-11,-3.166827374336e-13
1.96,4.30988578159486e-11,-3.20616862830628e-12,2.79184858676052e-11,-3.01359206002527e-13
1.97,4.28670432484068e-11,-3.10065274602624e-12,2.68782791368571e-11,-2.87644645100923e-13
1.98,4.24220658601371e-11,-3.00548613116836e-12,2.58810524941341e-11,-2.75147041892647e-13
1.99,4.2232883856741e-11,-2.91065857912158e-12,2.48931592299855e-11,-2.64851635911074e-13
2,4.18367562815547e-11,-2.80924454979107e-12,2.39070522017717e-11,-2.56957459467895e-13
2.01,4.16982004480815e-11,-2.70710022115533e-12,2.29335673615728e-11,-2.50443461036419e-13
2.02,4.12292422424798e-11,-2.64330335113422e-12,2.19822693488113e-11,-2.44720357480006e-13
2.03,4.10782519111308e-11,-2.56885438857316e-12,2.09936735686556e-11,-2.43274541401149e-13
2.04,4.07949229952465e-11,-2.48089191744826e-12,2.00047374822477e-11,-2.43794718457636e-13
2.05,4.07478495390023e-11,-2.3902966350139e-12,1.90506578612484e-11,-2.43389143273698e-13
2.06,4.05124822577818e-11,-2.30398359461105e-12,1.81444816409818e-11,-2.41419595672152e-13
2.07,4.04751787641544e-11,-2.23126815441839e-12,1.72610651539193e-11,-2.39768092677079e-13
2.08,4.02806676902401e-11,-2.15415944965856e-12,1.63838521297047e-11,-2.39782125755071e-13
2.09,4.02913258312765e-11,-2.0809834881064e-12,1.55119276773944e-11,-2.41415191406495e-13
2.1,4.01350064294093e-11,-2.02157814177175e-12,1.46548148551473e-11,-2.43856965663863e-13
2.11,4.00168786995891e-11,-1.98305550636856e-12,1.3794891045461e-11,-2.47986012738751e-13
2.12,4.00639521558332e-11,-1.9175208139293e-12,1.29237759788371e-11,-2.5422414939093e-13
2.13,3.9969805243345e-11,-1.8575987028031e-12,1.21021829170445e-11,-2.58561272872263e-13
2.14,4.00612876205741e-11,-1.80330722921952e-12,1.0638173298079e-11,-2.85218352154797e-13
2.15,4.00106614506512e-11,-1.76942979852979e-12,9.28528514605277e-12,-3.06887568880761e-13
2.16,4.00932620436834e-11,-1.73317211960386e-12,8.02009944068314e-12,-3.23705263616649e-13
2.17,4.00630639774135e-11,-1.71569142381425e-12,6.8781885986737e-12,-3.34124574801061e-13
2.18,4.01900734914307e-11,-1.69317422641273e-12,5.85952868607086e-12,-3.38020144655257e-13
2.19,4.01811917072337e-11,-1.68713755593035e-12,4.98868177287195e-12,-3.3431967389267e-13
2.2,4.01882971345913e-11,-1.69951895343883e-12,4.25071383866419e-12,-3.24354542020747e-13
2.21,4.01634281388397e-11,-1.70836519753586e-12,3.62930987028122e-12,-3.10052560530174e-13
2.22,4.03321820385827e-11,-1.69745250142178e-12,3.13899425006279e-12,-2.91094053112202e-13
2.23,4.03597155695934e-11,-1.71593264086347e-12,2.81416844761685e-12,-2.65815570615989e-13
2.24,4.05497857514092e-11,-1.71150173884966e-12,2.59971886124148e-12,-2.38136911094214e-13
2.25,4.06172873113064e-11,-1.70763806920367e-12,2.5005910466794e-12,-2.08537284737131e-13
2.26,4.08277855967754e-11,-1.70512181948064e-12,2.49106291990883e-12,-1.78456649366808e-13
2.27,4.09041689408696e-11,-1.70154525367215e-12,2.54075323188319e-12,-1.4989551848801e-13
2.28,4.1119108118437e-11,-1.69804145585508e-12,2.61658966482226e-12,-1.24554586943007e-13
2.29,4.1243453097195e-11,-1.68419658651052e-12,2.7011647849339e-12,-1.02950080370824e-13
2.3,4.14788203784155e-11,-1.67012900927456e-12,2.78340051713345e-12,-8.49693006063095e-14
2.31,4.1596059929816e-11,-1.66360164143216e-12,2.84949825737284e-12,-7.06897829167013e-14
2.32,4.18367562815547e-11,-1.64830658228933e-12,2.86959777560369e-12,-6.11918345870182e-14
2.33,4.20170565007538e-11,-1.62298996416561e-12,3.1381601973211e-12,-4.63770691828452e-14
2.34,4.23234780555504e-11,-1.58373440446123e-12,3.75429223181121e-12,-1.79896184961967e-14
2.35,4.25064428100086e-11,-1.55614136510055e-12,4.27124670602502e-12,2.39852440076679e-15
2.36,4.28181934353233e-11,-1.51566851735869e-12,4.64944641217618e-12,1.4079513756889e-14
2.37,4.31414903800942e-11,-1.45409574081776e-12,4.87963124177932e-12,1.71209942857663e-14
2.38,4.35020908184924e-11,-1.40912668469224e-12,4.9731252998341e-12,1.32506150900828e-14
2.39,4.38369340827194e-11,-1.35526541766528e-12,4.90021942017907e-12,1.44202568177661e-15
2.4,4.40651959365823e-11,-1.32915109448228e-12,4.66524142530647e-12,-1.74441512722174e-14
2.41,4.44391190512761e-11,-1.27138463046235e-12,4.25353917203157e-12,-4.33659282607747e-14
2.42,4.4702908041927e-11,-1.24451508289298e-12,3.73713299321684e-12,-7.1325560912698e-14
2.43,4.51079174013103e-11,-1.20807461292705e-12,2.62236119300444e-12,-1.17721266446817e-13
2.44,4.53832527114173e-11,-1.18440126351671e-12,1.29520593805175e-12,-1.68699986624951e-13
2.45,4.579003842764e-11,-1.17422619909553e-12,1.73200861411274e-15,-2.11470083605976e-13
2.46,4.60769200572031e-11,-1.18509053240702e-12,-1.22370216693886e-12,-2.45767862560418e-13
2.47,4.66000571464065e-11,-1.17275601035528e-12,-2.35455059240204e-12,-2.71059456742228e-13
2.48,4.68869387759696e-11,-1.19687338461794e-12,-3.31023631207574e-12,-2.83990709070906e-13
2.49,4.72724082101195e-11,-1.23021967508153e-12,-4.11652297257867e-12,-2.87360098944779e-13
2.5,4.75210981676355e-11,-1.27027575448286e-12,-4.77254143059243e-12,-2.82958768346516e-13
2.51,4.78799222491944e-11,-1.30773343424915e-12,-5.2692739028746e-12,-2.71188838505041e-13
2.52,4.81152895304149e-11,-1.37516031144996e-12,-5.58774342201941e-12,-2.51900999173339e-13
2.53,4.84670081846161e-11,-1.42782429682304e-12,-5.76263814233761e-12,-2.2809935770502e-13
2.54,4.86970463953185e-11,-1.48078426406831e-12,-5.7745384101321e-12,-1.99567241034606e-13
2.55,4.92059726298066e-11,-1.49819188306054e-12,-5.63094277374893e-12,-1.67084878768709e-13
2.56,4.94440044462863e-11,-1.54790394467912e-12,-5.30972627123427e-12,-1.29977761181711e-13
2.57,4.97841767810314e-11,-1.59458242697234e-12,-4.90237899175755e-12,-9.41308373897361e-14
2.58,5.00035568506974e-11,-1.64503537722258e-12,-4.4495667408772e-12,-6.24998149230168e-14
2.59,5.03552755048986e-11,-1.68272186651941e-12,-3.97691013237053e-12,-3.57195375141645e-14
2.6,5.05773201098236e-11,-1.71479716140673e-12,-3.4801671863006e-12,-1.26226406618905e-14
2.61,5.09174924445688e-11,-1.75145643498339e-12,-2.97521823333853e-12,6.84473594965112e-15
2.62,5.12407893893396e-11,-1.74691554933756e-12,-2.48425458762759e-12,2.20329178881476e-14
2.63,5.16644504955366e-11,-1.75598417523229e-12,-1.98556924108457e-12,3.50602392232099e-14
2.64,5.18900478141404e-11,-1.77681294367995e-12,-1.37550951676454e-12,4.72543262029892e-14
2.65,5.2249760074119e-11,-1.77159559124966e-12,-3.20144819594214e-13,7.58165596765951e-14
2.66,5.24682519653652e-11,-1.77342776434699e-12,5.95184446279644e-13,9.29337179696949e-14
2.67,5.28483923289969e-11,-1.75901218759187e-12,1.35195019099291e-12,1.00314827225472e-13
2.68,5.32738297920332e-11,-1.7202573655001e-12,1.94782290962148e-12,9.8856629009381e-14
2.69,5.36086730562602e-11,-1.67535114023927e-12,2.39544789587545e-12,9.04788907762913e-14
2.7,5.39701616730781e-11,-1.65447023271034e-12,2.67457211289356e-12,7.47543760603729e-14
2.71,5.42037525974592e-11,-1.63086711729887e-12,2.74502086001461e-12,4.98805612733317e-14
2.72,5.45785638905727e-11,-1.60872906793761e-12,2.61767495944789e-12,1.74191540094942e-14
2.73,5.48396883459645e-11,-1.57886127619346e-12,2.33591758320893e-12,-1.87887805798357e-14
2.74,5.53157519789238e-11,-1.53626467721171e-12,1.7252811135936e-12,-6.14613536116651e-14
2.75,5.56079626790051e-11,-1.51121959493382e-12,5.96674808686456e-13,-1.20861643981783e-13
2.76,5.59561286195276e-11,-1.51626110491545e-12,-5.25882597511846e-13,-1.71467574295868e-13
2.77,5.61914959007481e-11,-1.53139652502108e-12,-1.64726210030851e-12,-2.15847045139251e-13
2.78,5.65112401318402e-11,-1.54982248285443e-12,-2.71880648101653e-12,-2.51867027996267e-13
2.79,5.66542368574119e-11,-1.59492855650205e-12,-3.67362330704536e-12,-2.76229517797861e-13
2.8,5.70139491173904e-11,-1.60576326090099e-12,-4.49676126257977e-12,-2.89301558784635e-13
2.81,5.70183900094889e-11,-1.66679602410974e-12,-5.10841213805269e-12,-2.88030316253236e-13
2.82,5.71258595982727e-11,-1.71649509525531e-12,-5.55954477181093e-12,-2.771357482024e-13
2.83,5.70441471836602e-11,-1.78628932369174e-12,-5.83267271613452e-12,-2.57847236026543e-13
2.84,5.70361535778829e-11,-1.85901976335432e-12,-5.93730292219457e-12,-2.3174506299337e-13
2.85,5.70086200468722e-11,-1.90416243109323e-12,-5.86828185781343e-12,-1.99835368373203e-13
2.86,5.69917446568979e-11,-1.96634399405832e-12,-5.59599757852669e-12,-1.61161036862165e-13
2.87,5.68176616866367e-11,-2.03259187457026e-12,-5.16152792969043e-12,-1.19097278317817e-13
2.88,5.67572655540971e-11,-2.09493006360486e-12,-4.61301716618872e-12,-7.75368023151465e-14
2.89,5.66009461522299e-11,-2.15017460742932e-12,-3.96427383105323e-12,-3.74449825091634e-14
2.9,5.67572655540971e-11,-2.16406912764415e-12,-3.23420500799924e-12,3.8449020331525e-16
2.91,5.67847990851078e-11,-2.19560604307908e-12,-2.40086531045785e-12,3.76567940815788e-14
2.92,5.6941118486975e-11,-2.22743542329605e-12,-1.18650236934136e-12,8.18056117154811e-14
2.93,5.70929969967438e-11,-2.23476083816504e-12,2.97052270741822e-13,1.30140292115507e-13
2.94,5.74083003357373e-11,-2.22891293101367e-12,1.6614909053262e-12,1.64581021910727e-13
2.95,5.79474246364953e-11,-2.17479343053112e-12,2.88447473730734e-12,1.86512041551068e-13
2.96,5.82600634402297e-11,-2.1435426358403e-12,3.96137473180511e-12,1.97344120789385e-13
2.97,5.87281334674117e-11,-2.09505017926744e-12,4.78938286894651e-12,1.92581538091211e-13
2.98,5.90780757647735e-11,-2.04755540373245e-12,5.34264694137678e-12,1.72178886353328e-13
2.99,5.95523630408934e-11,-1.99718448387851e-12,5.60865125617216e-12,1.38027056726669e-13
3,6.00888228063923e-11,-1.90918922832498e-12,5.60293388806638e-12,9.3243213004182e-14
3.01,6.05311356594029e-11,-1.86781002381779e-12,5.38871513748504e-12,4.36029006988152e-14
3.02,6.08393335710389e-11,-1.8199239149898e-12,4.92827295718798e-12,-1.18554052335877e-14
3.03,6.12141448641523e-11,-1.78784304824954e-12,4.25141786346524e-12,-7.09602001513213e-14
3.04,6.15001383152958e-11,-1.74669433866708e-12,2.91741949958316e-12,-1.46708458243086e-13
3.05,6.19371220977882e-11,-1.70447485519896e-12,1.34089090459078e-12,-2.23102158092046e-13
3.06,6.21165341385677e-11,-1.72091212949738e-12,-1.85356461833002e-13,-2.85065044898841e-13
3.07,6.23439078140109e-11,-1.7358467744441e-12,-1.6804031570098e-12,-3.36047438843171e-13
3.08,6.24549301164734e-11,-1.77296545329798e-12,-3.05868789271366e-12,-3.73107403076258e-13
3.09,6.27515817086532e-11,-1.78861304303365e-12,-4.26656080366613e-12,-3.94391575284233e-13
3.1,6.2684080148756e-11,-1.85819324039216e-12,-5.22059397764996e-12,-3.97146981980491e-13
3.11,6.26876328624348e-11,-1.92829546619928e-12,-5.96325695370009e-12,-3.86373379155909e-13
3.12,6.25135498921736e-11,-2.01246163921039e-12,-6.47395393567676e-12,-3.63730199032836e-13
3.13,6.24256202286233e-11,-2.08361179236558e-12,-6.73975070644638e-12,-3.30052534521579e-13
3.14,6.22879525735698e-11,-2.15502869387289e-12,-6.73183715479361e-12,-2.85297443021718e-13
3.15,6.21218632090859e-11,-2.23462367705449e-12,-6.46114518175761e-12,-2.31607562479586e-13
3.16,6.18154416542893e-11,-2.32715505250996e-12,-5.9715743888124e-12,-1.7323572249269e-13
3.17,6.1638694148769e-11,-2.3968871410884e-12,-5.31633089514804e-12,-1.14527009428818e-13
3.18,6.14530648590517e-11,-2.44071582055853e-12,-4.49301366858919e-12,-5.57356249781131e-14
3.19,6.13491479839468e-11,-2.49381880071451e-12,-3.5115819082341e-12,2.72640000775305e-15
3.2,6.11821704410431e-11,-2.5447589107522e-12,-2.44281649586217e-12,5.66317082450049e-14
3.21,6.11670714079082e-11,-2.57339014116889e-12,-7.21839975359393e-13,1.24511700824712e-13
3.22,6.11466433042551e-11,-2.58386309019535e-12,1.00731754655702e-12,1.8357023006329e-13
3.23,6.1461058464829e-11,-2.5515181386272e-12,2.63382600659524e-12,2.28733717459416e-13
3.24,6.16795503560752e-11,-2.51243146387386e-12,4.13717937161571e-12,2.60948341902139e-13
3.25,6.18554096831758e-11,-2.47651643461225e-12,5.43248178948651e-12,2.76990752896153e-13
3.26,6.21680484869103e-11,-2.43857362645069e-12,6.43567634067805e-12,2.73540581853905e-13
3.27,6.2515326249013e-11,-2.3564824914407e-12,7.12066897826674e-12,2.5163174522366e-13
3.28,6.29132301810387e-11,-2.27842556292859e-12,7.52953647573073e-12,2.16728170199694e-13
3.29,6.31592556032956e-11,-2.21502403935721e-12,7.65524270289037e-12,1.7086405544377e-13
3.3,6.34843289049059e-11,-2.15253737021888e-12,7.47158034350405e-12,1.13992561627927e-13
3.31,6.36743990867217e-11,-2.09303542718284e-12,7.01109159802029e-12,4.96282702745597e-14
3.32,6.4126481902349e-11,-2.0044653807709e-12,6.31990778790185e-12,-1.79994640649709e-14
3.33,6.42677022710814e-11,-1.9585843463746e-12,5.49555892973915e-12,-8.24356838434972e-14
3.34,6.44604369881563e-11,-1.92368301462045e-12,4.09200562002644e-12,-1.59118731940947e-13
3.35,6.45137276933383e-11,-1.9141784482624e-12,2.34689910479843e-12,-2.41295638280386e-13
3.36,6.47650821861134e-11,-1.88701981194374e-12,6.13455440098522e-13,-3.11319708532587e-13
3.37,6.47908393602847e-11,-1.90284108748167e-12,-9.94592074548351e-13,-3.64399108964164e-13
3.38,6.47606412940149e-11,-1.94307694335078e-12,-2.45417504828884e-12,-4.0085623933563e-13
3.39,6.4585670145334e-11,-1.99675524747477e-12,-3.73660866548672e-12,-4.21669673977572e-13
3.4,6.44249098513683e-11,-2.06221183551036e-12,-4.79359302738917e-12,-4.26126945718541e-13
3.41,6.42348396695525e-11,-2.11898145127459e-12,-5.57993793307203e-12,-4.13822899312331e-13
3.42,6.39941433178137e-11,-2.19082090070558e-12,-6.05300229337468e-12,-3.84728138847045e-13
3.43,6.36006802778866e-11,-2.27455603900394e-12,-6.22529111150121e-12,-3.42138531314115e-13
3.44,6.32933705446703e-11,-2.36731684664797e-12,-6.13010601046507e-12,-2.90492571923725e-13
3.45,6.28777030442507e-11,-2.45789903875873e-12,-5.7860110628262e-12,-2.32585290815863e-13
3.46,6.27009555387303e-11,-2.49924973433155e-12,-5.21141027087164e-12,-1.70531324989961e-13
3.47,6.22870643951501e-11,-2.56909007000557e-12,-4.37654448834749e-12,-1.03279679745318e-13
3.48,6.20543616491886e-11,-2.63818076701874e-12,-3.38409630041653e-12,-3.73643130671381e-14
3.49,6.17852435880195e-11,-2.68833212624251e-12,-2.29990029629934e-12,2.27458130626377e-14
3.5,6.17061957086662e-11,-2.7256893539467e-12,-7.83124854174244e-13,8.83009154702623e-14
3.51,6.18527451479167e-11,-2.70067701977179e-12,1.08159036319066e-12,1.59351411613455e-13
3.52,6.18101125837711e-11,-2.6930585234661e-12,2.91266944222247e-12,2.18516487841428e-13
3.53,6.19273521351715e-11,-2.67620942803344e-12,4.58639251571656e-12,2.6089828667758e-13
3.54,6.19930773382293e-11,-2.63564829258323e-12,6.01550088966508e-12,2.82773810623601e-13
3.55,6.22168982999938e-11,-2.58167627814892e-12,7.16925018138703e-12,2.85204369828653e-13
3.56,6.24806872906447e-11,-2.48299676195453e-12,8.03234671920505e-12,2.70297740513581e-13
3.57,6.27098373229273e-11,-2.42080254814742e-12,8.62375811293433e-12,2.41884462057108e-13
3.58,6.28217478038096e-11,-2.34631460797215e-12,8.8772930451988e-12,1.98423018973581e-13
3.59,6.3010041628786e-11,-2.27046526436725e-12,8.79644483864959e-12,1.41995907128874e-13
3.6,6.30882013297196e-11,-2.19780629661857e-12,8.42629740790507e-12,7.76170160668444e-14
3.61,6.33875174571585e-11,-2.10295132761728e-12,7.8051695933309e-12,9.10982861738882e-15
3.62,6.33866292787388e-11,-2.04261724629999e-12,7.01556698686613e-12,-5.79310440992531e-14
3.63,6.34523544817966e-11,-1.99918654485947e-12,6.05302403825693e-12,-1.23613786205003e-13
3.64,6.3400840133454e-11,-1.97113445519812e-12,4.22560946227503e-12,-2.11569837942803e-13
3.65,6.33937347060964e-11,-1.96052457622907e-12,2.38929466212506e-12,-2.89724550011194e-13
3.66,6.33484376066917e-11,-1.94243044373081e-12,6.17002543036921e-13,-3.53130208905728e-13
3.67,6.3223204449514e-11,-1.95792506528625e-12,-9.90634326491914e-13,-3.97684048078758e-13
3.68,6.28919138989659e-11,-1.99832728960384e-12,-2.40127222675445e-12,-4.23837404341154e-13
3.69,6.26068086262421e-11,-2.05058182159296e-12,-3.59852475446627e-12,-4.3349360968923e-13
3.7,6.2160054881133e-11,-2.13233213141803e-12,-4.5367672592521e-12,-4.26489299312255e-13
3.71,6.18083362269317e-11,-2.19413522612176e-12,-5.20565527173374e-12,-4.04604912123042e-13
3.72,6.14468476101138e-11,-2.24450042179681e-12,-5.54816744156114e-12,-3.67022601857321e-13
3.73,6.09805539397712e-11,-2.33928532577585e-12,-5.54683984557905e-12,-3.14912943373106e-13
3.74,6.0471627705283e-11,-2.41631185271355e-12,-5.28637896022061e-12,-2.55727494274787e-13
3.75,6.0054183848024e-11,-2.48784360454784e-12,-4.78158085682861e-12,-1.92225315067569e-13
3.76,5.9586113820842e-11,-2.55464506474769e-12,-4.04509037801606e-12,-1.25694376275849e-13
3.77,5.9417359921099e-11,-2.58476034371829e-12,-3.12108272556416e-12,-5.9230610465998e-14
3.78,5.91438009678313e-11,-2.63289823470465e-12,-2.0176016602947e-12,6.47128072572868e-15
3.79,5.89874815659641e-11,-2.65810025547095e-12,-5.27588571876633e-13,7.50603872589362e-14
3.8,5.88951110103153e-11,-2.67377526315702e-12,1.39688649269485e-12,1.51002087228487e-13
3.81,5.88125104172832e-11,-2.672588580247e-12,3.22031157018427e-12,2.09727671303216e-13
3.82,5.88551429814288e-11,-2.64318563457708e-12,4.89004662258602e-12,2.51170286886789e-13
3.83,5.90327786653688e-11,-2.55582382747358e-12,6.36555970079281e-12,2.75290729402751e-13
3.84,5.91251492210176e-11,-2.51479011430209e-12,7.64082571791555e-12,2.84163161085822e-13
3.85,5.9189098067236e-11,-2.43813113667727e-12,8.58709107835955e-12,2.72698059507008e-13
3.86,5.93063376186365e-11,-2.36075693854591e-12,9.19321788796339e-12,2.42531832200363e-13
3.87,5.93294302575487e-11,-2.29005265767363e-12,9.4662321114094e-12,1.97487438688156e-13
3.88,5.94111426721611e-11,-2.20752524561264e-12,9.40506456913981e-12,1.4004142485831e-13
3.89,5.95363758293388e-11,-2.09395378988759e-12,9.05817829644423e-12,7.50875406722308e-14
3.9,5.95870019992617e-11,-2.01834742475713e-12,8.50179411544715e-12,8.61282787914623e-15
3.91,5.95123950120069e-11,-1.95165575970601e-12,7.72120899133251e-12,-5.95884476834739e-14
3.92,5.94733151615401e-11,-1.90944536831632e-12,6.74069019616575e-12,-1.28225531681382e-13
3.93,5.93090021538956e-11,-1.87481297814593e-12,4.92499912801874e-12,-2.17127676846572e-13
3.94,5.92290660961226e-11,-1.84805422414746e-12,3.02377401397165e-12,-2.98464764081807e-13
3.95,5.89768234249277e-11,-1.84232405811592e-12,1.20266053015382e-12,-3.63254317309207e-13
3.96,5.88507020893303e-11,-1.83396142458603e-12,-4.78096435817637e-13,-4.10160505200216e-13
3.97,5.84536863357243e-11,-1.8791011972547e-12,-1.9360071690217e-12,-4.36916304548296e-13
3.98,5.80673287231548e-11,-1.92629401514117e-12,-3.18348033344125e-12,-4.46850819823454e-13
3.99,5.75797187707394e-11,-1.98718846092866e-12,-4.17345061656015e-12,-4.40236783300293e-13
4,5.71054314946196e-11,-2.06258352027178e-12,-4.87174970747997e-12,-4.17345546450617e-13
4.01,5.6532556413913e-11,-2.1371964912101e-12,-5.26587105099497e-12,-3.80065312811482e-13
4.02,5.61479751581828e-11,-2.18464482686872e-12,-5.3474446087164e-12,-3.30329967446375e-13
4.03,5.56212853553006e-11,-2.26045447089645e-12,-5.08939420640586e-12,-2.68742156441944e-13
4.04,5.51141354776519e-11,-2.32927716094354e-12,-4.57054075308445e-12,-2.0169953782859e-13
4.05,5.46460654504699e-11,-2.39467684446187e-12,-3.83784221556083e-12,-1.33537187484798e-13
4.06,5.42943467962687e-11,-2.44869536320384e-12,-2.92767438306207e-12,-6.66220569176603e-14
4.07,5.40056888098661e-11,-2.49271893753076e-12,-1.87382645861112e-12,-2.8294847379297e-15
4.08,5.37658806365471e-11,-2.51914142981551e-12,-4.01932516346407e-13,6.50206650780745e-14
4.09,5.37792033128426e-11,-2.49739757721363e-12,1.54643054393743e-12,1.4215070504337e-13
4.1,5.36752864377377e-11,-2.47725713798934e-12,3.45453009050903e-12,2.05190534417158e-13
4.11,5.36637401182816e-11,-2.44437352381218e-12,5.2169037662225e-12,2.50804578395436e-13
4.12,5.36202193757163e-11,-2.39835222645008e-12,6.74211060957299e-12,2.75534436320866e-13
4.13,5.36681810103801e-11,-2.33537674587779e-12,7.97477599898812e-12,2.79092963131907e-13
4.14,5.36690691887998e-11,-2.26511181995323e-12,8.89435651898619e-12,2.63476949592753e-13
4.15,5.37259126076606e-11,-2.18409757931383e-12,9.48328881346077e-12,2.30831437717312e-13
4.16,5.37001554334893e-11,-2.10240055993929e-12,9.74883603941955e-12,1.84321382099497e-13
4.17,5.3887561080046e-11,-1.98097463452982e-12,9.6986538344159e-12,1.26852960455893e-13
4.18,5.38413758022216e-11,-1.90025597718682e-12,9.4048621359697e-12,6.4371520837385e-14
4.19,5.37960787028169e-11,-1.82056108296961e-12,8.8325169273268e-12,-3.70924988318334e-15
4.2,5.36788391514165e-11,-1.75148683085566e-12,8.01148388875349e-12,-7.51987795032906e-14
4.21,5.35713695626328e-11,-1.69715376546724e-12,6.91502575478658e-12,-1.45901469252221e-13
4.22,5.33963984139518e-11,-1.65360777920103e-12,4.98563569580455e-12,-2.40962693571184e-13
4.23,5.32578425804786e-11,-1.62574404396435e-12,3.06166654120899e-12,-3.2093611464173e-13
4.24,5.2975401843014e-11,-1.62046795814166e-12,1.20994534971592e-12,-3.84795276205717e-13
4.25,5.28252996900846e-11,-1.61161074194932e-12,-5.07197483668005e-13,-4.31009195877118e-13
4.26,5.24034149407271e-11,-1.64904800616664e-12,-2.00065503575694e-12,-4.5691038689122e-13
4.27,5.19762011208513e-11,-1.68758344765922e-12,-3.27412897002389e-12,-4.65287606060623e-13
4.28,5.14512876748086e-11,-1.75899042298239e-12,-4.28240900294669e-12,-4.56641362603108e-13
4.29,5.0940585083481e-11,-1.8262048429113e-12,-5.01611546431271e-12,-4.32810162044055e-13
4.3,5.03597163969971e-11,-1.90306587741458e-12,-5.43802094430822e-12,-3.94348510697871e-13
4.31,4.98188157393997e-11,-1.97832917510837e-12,-5.54382025334511e-12,-3.43252688940975e-13
4.32,4.92299534471385e-11,-2.04819946260228e-12,-5.33767411301464e-12,-2.82103025795784e-13
4.33,4.87050400010958e-11,-2.11904509699096e-12,-4.84097192660312e-12,-2.13964006611833e-13
4.34,4.84146056578538e-11,-2.14809573694587e-12,-4.09515049727653e-12,-1.42631159764721e-13
4.35,4.7993609086916e-11,-2.19906472658572e-12,-3.10314894913915e-12,-6.9232010663053e-14
4.36,4.76774175695027e-11,-2.24386014486399e-12,-1.97583329572341e-12,-3.20892210659106e-16
4.37,4.7392312296779e-11,-2.27162913593134e-12,-4.53462584781263e-13,6.94297427571537e-14
4.38,4.72635264259225e-11,-2.26728786569886e-12,1.53480294870373e-12,1.46321682272217e-13
4.39,4.71169769866719e-11,-2.25671208758304e-12,3.44451385534052e-12,2.06575755440271e-13
4.4,4.70654626383293e-11,-2.23221319495987e-12,5.20219704234208e-12,2.49097591302978e-13
4.41,4.70379291073186e-11,-2.16924846525557e-12,6.73616708020264e-12,2.71950952490107e-13
4.42,4.70503636051944e-11,-2.10548990566266e-12,8.02220634876799e-12,2.7644088858016e-13
4.43,4.7128523306128e-11,-2.00843995405593e-12,9.00699760378525e-12,2.62414238797073e-13
4.44,4.72439865006891e-11,-1.9075932537927e-12,9.68488616733606e-12,2.32195654008918e-13
4.45,4.72226702186163e-11,-1.81507758168964e-12,1.00346636103074e-11,1.87408067872771e-13
4.46,4.72217820401966e-11,-1.72539348226267e-12,1.00268741126489e-11,1.28773250128042e-13
4.47,4.71498395882008e-11,-1.63336037681064e-12,9.67927763731102e-12,5.96263440646978e-14
4.48,4.71001015966976e-11,-1.55076496294242e-12,9.04005252971072e-12,-1.52213498898376e-14
4.49,4.69615457632244e-11,-1.48938462730003e-12,8.15910985646661e-12,-9.15794404989261e-14
4.5,4.68567407096998e-11,-1.4249811952733e-12,6.82168796419148e-12,-1.73029276303799e-13
4.51,4.66817695610189e-11,-1.37448029476694e-12,4.82453597316169e-12,-2.69238150444162e-13
4.52,4.65236738023123e-11,-1.34797824074688e-12,2.85223367182181e-12,-3.4877611605293e-13
4.53,4.62909710563508e-11,-1.34562043902036e-12,9.53269677026694e-13,-4.11783437909053e-13
4.54,4.61914950733444e-11,-1.33020777303058e-12,-8.08182811968396e-13,-4.56804926069068e-13
4.55,4.5816683780231e-11,-1.3625110067242e-12,-2.33074301882382e-12,-4.80569554966333e-13
4.56,4.54223325618841e-11,-1.40396793567994e-12,-3.62462024596308e-12,-4.86323406802204e-13
4.57,4.49347226094687e-11,-1.47069621273745e-12,-4.66062232982622e-12,-4.75642502907084e-13
4.58,4.44266845534003e-11,-1.54136242064602e-12,-5.42103893499744e-12,-4.49956429853098e-13
4.59,4.38760139331862e-11,-1.61410798695742e-12,-5.87687988235211e-12,-4.10180669977308e-13
4.6,4.33173497071948e-11,-1.70231801049563e-12,-6.01279274863653e-12,-3.57756331564228e-13
4.61,4.27311519501927e-11,-1.77762664598743e-12,-5.84952383922811e-12,-2.96086895391516e-13
4.62,4.21813695083983e-11,-1.85333969947372e-12,-5.39187011258488e-12,-2.27384363405692e-13
4.63,4.16537915270965e-11,-1.91408480695866e-12,-4.67048230972347e-12,-1.54728049498876e-13
4.64,4.11688461099402e-11,-1.97159847446977e-12,-3.71954689755393e-12,-8.11103123807489e-14
4.65,4.09423606129167e-11,-1.98675035454887e-12,-2.59608830970354e-12,-1.01984608009516e-14
4.66,4.06084055271094e-11,-2.01251039097836e-12,-1.14304730142653e-12,6.02483352737592e-14
4.67,4.03819200300859e-11,-2.03140767742223e-12,1.00547367830476e-12,1.46695305576093e-13
4.68,4.01998434540474e-11,-2.00821205794705e-12,3.04159479137232e-12,2.12458763361876e-13
4.69,4.01252364667926e-11,-1.9776791010827e-12,4.94240837920558e-12,2.598525723485e-13
4.7,4.00577349068953e-11,-1.92579430484962e-12,6.62857444786123e-12,2.87178481371058e-13
4.71,4.00488531226983e-11,-1.85310838093259e-12,8.03897452888031e-12,2.9362668945644e-13
4.72,4.00461885874392e-11,-1.77342621302507e-12,9.14020344370528e-12,2.80370448575887e-13
4.73,4.00879329731652e-11,-1.67915736770336e-12,9.89766753193274e-12,2.48641282986121e-13
4.74,4.00959265789425e-11,-1.59355537214393e-12,1.03070051268242e-11,2.01161876414793e-13
4.75,4.01261246452123e-11,-1.4914956517557e-12,1.03566568784628e-11,1.40151305767533e-13
4.76,4.00905975084243e-11,-1.39626425281522e-12,1.00862159760399e-11,7.01381741981415e-14
4.77,4.00941502221031e-11,-1.29984822391897e-12,9.52188081227978e-12,-5.40407903763496e-15
4.78,4.01314537157305e-11,-1.19831398526796e-12,8.71007663513902e-12,-8.273655022434e-14
4.79,4.01021438278804e-11,-1.11825294557042e-12,7.62166403521591e-12,-1.57782189020752e-13
4.8,3.99671407080859e-11,-1.06017424552424e-12,5.61378487184287e-12,-2.58721262065526e-13
4.81,3.98312494098718e-11,-1.02581037493897e-12,3.55297610305719e-12,-3.46536558006839e-13
4.82,3.96438437633151e-11,-1.00881609095127e-12,1.49881216642009e-12,-4.2026770592338e-13
4.83,3.93898247352809e-11,-1.01514772505419e-12,-4.55468010588704e-13,-4.76273374002102e-13
4.84,3.90443233300175e-11,-1.04576585250807e-12,-2.23601777964027e-12,-5.12482510739339e-13
4.85,3.8666847501645e-11,-1.0961459706436e-12,-3.78732813834518e-12,-5.28482213974129e-13
4.86,3.82058829018206e-11,-1.14856635824893e-12,-5.05834847751293e-12,-5.24436850149859e-13
4.87,3.77280429120219e-11,-1.22383438913287e-12,-5.99745634437078e-12,-5.00647180233939e-13
4.88,3.71889186112639e-11,-1.29473591700146e-12,-6.5968334315428e-12,-4.598746999026e-13
4.89,3.66568997378636e-11,-1.38153142787301e-12,-6.84189807655427e-12,-4.04479712166893e-13
4.9,3.61133345450071e-11,-1.4688560791541e-12,-6.7538407527189e-12,-3.38239437585623e-13
4.91,3.55298013232641e-11,-1.55069988717033e-12,-6.35466524494745e-12,-2.64671684255923e-13
4.92,3.50182105535168e-11,-1.62092181268894e-12,-5.67029228274368e-12,-1.86831700553009e-13
4.93,3.46869200029687e-11,-1.65351635949237e-12,-4.73099680367881e-12,-1.07516491306889e-13
4.94,3.43050032824976e-11,-1.70472354594868e-12,-3.553983987597e-12,-2.83907217213781e-14
4.95,3.39914763003435e-11,-1.74057145220408e-12,-2.25383262346705e-12,4.41085852762117e-14
4.96,3.37365690938896e-11,-1.77070549867104e-12,-1.13870193893237e-13,1.30680519300053e-13
4.97,3.35766969783435e-11,-1.75851541870917e-12,2.03089271027195e-12,2.03680282263183e-13
4.98,3.34940963853114e-11,-1.7369988422001e-12,4.06809227871237e-12,2.58434637811961e-13
4.99,3.34461347506476e-11,-1.69338122894106e-12,5.91563553373853e-12,2.93227141749934e-13
5,0.000467698475079992,0.00348992195394916,7.5045514030566e-12,3.06740405291816e-13
5.01,0.00106944973852752,0.00582460874129106,0.00339620723119697,0.000178353909165217
5.02,0.00195444431281011,0.00816345825766408,0.0069989017025568,0.000354817814283672
5.03,0.00309677568640332,0.0105339764236629,0.0079794676288527,0.000346353052254516
5.04,0.0044609466821468,0.0128490651672425,0.00509137598613155,0.000112065596357567
5.05,0.00607612850117079,0.0151792806740274,-0.0022827745794375,-0.000337309295149526
5.06,0.00800513935056202,0.0174307800628489,-0.0141083931996322,-0.000952884048561439
5.07,0.0103306490586048,0.0197062772955921,-0.0300027440799486,-0.00167184822893049
5.08,0.0131546156924154,0.0218821016658568,-0.0492009408493822,-0.00242231340897766
5.09,0.0165794759611835,0.0240895215703875,-0.0709081595590623,-0.00314341718869012
5.1,0.0207166646229604,0.0261721067210513,-0.0942295256994921,-0.00378278861276186
5.11,0.0256375385939949,0.0282833356071707,-0.118472268388693,-0.00430925026556914
5.12,0.0314372483903549,0.0302317273316588,-0.14293659291778,-0.00470042932104046
5.13,0.0381276689711827,0.0321947254582164,-0.167146967143267,-0.00494918826920948
5.14,0.0458021254024494,0.0339524303345879,-0.19060038928224,-0.00504928857810258
5.15,0.0544083121885253,0.0357117948909264,-0.213067186320851,-0.00500973400061782
5.16,0.064064976805871,0.0372287854657769,-0.234284266649964,-0.00483968370540525
5.17,0.0746461274222581,0.0387408698210866,-0.254165953196159,-0.0045550915794052
5.18,0.0863226222509441,0.0399820974674662,-0.272578543699625,-0.00416882702708915
5.19,0.0988837195708205,0.0412204623751842,-0.289508630880728,-0.0036966428427696
5.2,0.11257726074914,0.042168501512458,-0.304880664769032,-0.00314920596352347
5.21,0.127091293922485,0.043122528206401,-0.318753626248716,-0.00254031994390169
5.22,0.142770682176288,0.0437723368376476,-0.331142970363588,-0.00187888784743335
5.23,0.159181810051904,0.0444397137135243,-0.342122334122803,-0.00117536901458885
5.24,0.176785104670902,0.0447914918815917,-0.351719808708587,-0.000438183980275858
5.25,0.195005329389097,0.045173388214327,-0.360017067990446,0.00032260701268125
5.26,0.21443678941258,0.0452297435476299,-0.367044801140429,0.00110019545066226
5.27,0.234345394126044,0.0453292164001696,-0.37288218741385,0.00188676272294214
5.28,0.255478342553187,0.0450948025436439,-0.377581659642665,0.00267588555800601
5.29,0.276927961027098,0.0449171291981346,-0.381235924605946,0.00346127329737224
5.3,0.299614001600012,0.0443988333228468,-0.383906557042011,0.00424012361627454
5.31,0.322442173069199,0.0439513158849634,-0.38566686178286,0.00500984856251815
5.32,0.345869067863567,0.0433745882166866,-0.386593433631492,0.00576836762600587
5.33,0.370550200899362,0.0424480566643426,-0.386779592085756,0.0065127317805948
5.34,0.39508721159875,0.0416128601656382,-0.386323593605936,0.00724049419583894
5.35,0.420895040350912,0.0404223700444555,-0.385329615637136,0.0079499134585387
5.36,0.446364321153246,0.039337491453793,-0.38247711682219,0.0086834102380086
5.37,0.47228716248491,0.038198673229665,-0.369722086548488,0.00993249629710345
5.38,0.49969523884999,0.0368206791977713,-0.354474604386093,0.0112121714549283
5.39,0.526654854298079,0.0356957147545968,-0.338678967913657,0.0123371076112841
5.4,0.555147246311257,0.0343362244712629,-0.322621495690663,0.0132814069044185
5.41,0.582991076410674,0.0332406115687811,-0.306502951161859,0.0140448640729504
5.42,0.611186845961162,0.0321612626671618,-0.29052730952917,0.0146354586091997
5.43,0.640979469420476,0.0308345582688916,-0.274822172647716,0.0150661583177612
5.44,0.669836403497252,0.0297758420996898,-0.259556576102248,0.0153519852300173
5.45,0.698949564952897,0.0287228809469071,-0.244857225702969,0.0155056498315667
5.46,0.729759416624954,0.0273999394656869,-0.230805878392948,0.0155371101262157
5.47,0.759371789502893,0.0263376220032839,-0.217494007070685,0.0154573403099098
5.48,0.789169273231095,0.0252619822983621,-0.205003756026708,0.0152776872047653
5.49,0.820785942187714,0.023888032378641,-0.193380918153202,0.0150083471928481
5.5,0.850959292929239,0.0227597050674796,-0.182663075822909,0.0146602917763146
5.51,0.881264143531646,0.0215942664076097,-0.172872531876994,0.0142431985912889
5.52,0.91353905495683,0.0200889468702815,-0.167016405495932,0.0139098526102811
5.53,0.944192076501071,0.0187563525481018,-0.165802924076669,0.0137363784202256
5.54,0.975003385341584,0.0172905672233863,-0.165955029564154,0.0136071344389687
5.55,1.00798887641925,0.0153993110262944,-0.166445629991746,0.0134861504372668
5.56,1.03913178493749,0.0136529379483826,-0.167084180943824,0.0133648124666109
5.57,1.0703800528836,0.0117661678805405,-0.167837094306959,0.0132412295256812
5.58,1.10171068660572,0.0097384438973776,-0.168699992285673,0.0131149140825321
5.59,1.13537579657143,0.00727986913020495,-0.169674668024593,0.012985939997142
5.6,1.16683986744341,0.0049665051063493,-0.17077083887261,0.0128547748590767
5.61,1.19827426876217,0.00250815957319997,-0.172000254761358,0.0127216629718084
5.62,1.23208468994017,-0.000385803458858386,-0.173376468903549,0.0125871161001931
5.63,1.26332080401215,-0.0031426266789838,-0.174915410190889,0.0124528873903355
5.64,1.2942772076986,-0.00605488216743222,-0.176647532635509,0.0123201590925277
5.65,1.32480117554153,-0.00912861364467474,-0.178577461205318,0.0121909621277199
5.66,1.35738839632217,-0.0126550040799413,-0.180685098785956,0.0120681233630009
5.67,1.38643348261371,-0.0160724277744243,-0.182936331042996,0.0119546661352602
5.68,1.41429544091911,-0.019672336326078,-0.185292922088579,0.0118530446351258
5.69,1.44352886470702,-0.0237374837374712,-0.187707027535152,0.0117658333917679
5.7,1.46816096979243,-0.0277122831299271,-0.190134318515513,0.0116950724549635
5.71,1.49070808171378,-0.0318753645191588,-0.192535784618305,0.0116410123667942
5.72,1.51387747843814,-0.0364950471006393,-0.19656266806781,0.0115644799366344
5.73,1.53145438377261,-0.0410898598533238,-0.209555710506217,0.0110233486272939
5.74,1.5491226575625,-0.0462210088840014,-0.222040586911773,0.0105084776381959
5.75,1.56074786976909,-0.0513300933075679,-0.231881437253584,0.0102509312979684
5.76,1.57232623459368,-0.0568827301446718,-0.236584387477929,0.0103596429912791
5.77,1.57786126976944,-0.0622856743000113,-0.234261313617107,0.0108963541788633
5.78,1.57332988732971,-0.0667753843072644,-0.223369056633279,0.0118680745037467
5.79,1.56362020164865,-0.0709291488792312,-0.202742794825477,0.0132488407391863
5.8,1.55495670771873,-0.0751259470401761,-0.17284097411588,0.0149223246291318
5.81,1.54459235872874,-0.0790274397057306,-0.135230614613588,0.0167148485625363
5.82,1.52992199404425,-0.082338694500168,-0.0918348547368541,0.0184635294191008
5.83,1.51695849303693,-0.0854487925527038,-0.044862417382383,0.0200198376137732
5.84,1.50304318934677,-0.0880986494032957,0.00355267256606519,0.0212627562893718
5.85,1.48568400768113,-0.0900725295005304,0.0520188393366158,0.0221274722037739
5.86,1.47052793532269,-0.0917735816286446,0.0995962601618826,0.0225870537825812
5.87,1.45493698465169,-0.0929867259776212,0.149443330065843,0.0224021828779633
5.88,1.43899283869511,-0.0936698642992437,0.201003006591026,0.0217103275763111
5.89,1.42031325601787,-0.0936657570051189,0.248441600153876,0.0206805672048211
5.9,1.40399585556732,-0.0933718189882909,0.291092498698083,0.0193777721207401
5.91,1.38755889136107,-0.0926541085814893,0.328422059801884,0.0178402986947156
5.92,1.3687289558116,-0.0914051997121869,0.360403012443319,0.0161146259218955
5.93,1.35219448631786,-0.089998051707073,0.387189560752475,0.014242270828024
5.94,1.33560043424336,-0.0883174040996797,0.409008730110314,0.0122569005993191
5.95,1.31894885939802,-0.0864101212869869,0.426146302884307,0.0101846236629183
5.96,1.30016200122868,-0.0841842890912652,0.438892174930759,0.00804916840008282
5.97,1.2834506416238,-0.0819592912134431,0.447470702643866,0.00587094621852585
5.98,1.26668041127728,-0.0796335840060558,0.452031832350106,0.00366580667301329
5.99,1.24794446415798,-0.0771254004288365,0.452683824424309,0.00144845067335102
6,1.23111424075582,-0.0747192789174506,0.449585012281144,-0.000761841263409221
6.01,1.21422784432963,-0.0723255475242088,0.442875715253984,-0.00294549679959261
6.02,1.19554713678061,-0.0698724079272815,0.432760273779534,-0.00507825450325624
6.03,1.17860880099743,-0.0676101088213883,0.41950545402382,-0.00712943629457746
6.04,1.15999116806456,-0.065358937432521,0.403426127707901,-0.00907040591752002
6.05,1.14301154449459,-0.0633449250133137,0.384935253146897,-0.0108735054097004
6.06,1.12599011530036,-0.0614873902695002,0.364446137487018,-0.0125147802017882
6.07,1.10746416848185,-0.0597183476531624,0.342481193248519,-0.0139723203160311
6.08,1.09042926351126,-0.0582238465968914,0.319603384907428,-0.0152245871065472
6.09,1.07337171094276,-0.0569209442174551,0.296284276892107,-0.0162557524274482
6.1,1.05498928840635,-0.0557379544880546,0.273029897681196,-0.017053272136142
6.11,1.03796727123097,-0.054821575185028,0.250478124365815,-0.0176127138893566
6.12,1.01974474424652,-0.0540181642582556,0.229135954236095,-0.0179367418032377
6.13,1.00280532988691,-0.0534493219022954,0.209493971421723,-0.0180338145645844
6.14,0.985902262805133,-0.0530258080475176,0.191936185988169,-0.0179196202294114
6.15,0.967986228761077,-0.0526690462850389,0.176753057157488,-0.017614313526071
6.16,0.95124544428903,-0.0524698154716884,0.164155278695105,-0.017142019349523
6.17,0.933613630691666,-0.0522921820320184,0.154222144137756,-0.0165306026888931
6.18,0.917088694957302,-0.0522127546155279,0.146939823436182,-0.0158085063146805
6.19,0.89979188719768,-0.0521082144534527,0.14218408503801,-0.0150064193901458
6.2,0.883529226889009,-0.0520542212410785,0.137190797362438,-0.014256107785984
6.21,0.867337347413192,-0.0520225364882223,0.130817486647123,-0.0136767349306416
6.22,0.850452146661801,-0.0519735673853587,0.125450006037127,-0.0130967175160994
6.23,0.834412914010982,-0.0519712596892007,0.12120286122699,-0.0124897089135437
6.24,0.817778730800321,-0.0519343514056328,0.118039312516458,-0.0118598971557184
6.25,0.801928554247604,-0.0519174565736521,0.115874285099874,-0.0112166692115505
6.26,0.785589926696195,-0.0518504225463952,0.114607955236412,-0.0105691226954166
6.27,0.769984652764933,-0.0517805572823284,0.114155160285248,-0.00992505834723226
6.28,0.754001933537738,-0.0516481895216327,0.114435259697594,-0.00929123260669349
6.29,0.738714381131011,-0.0514937797536106,0.11536881302007,-0.00867314307357719
6.3,0.723161334199661,-0.0512673731297801,0.116894284864655,-0.00807511792577426
6.31,0.708264557416735,-0.0509980709615744,0.120190852641085,-0.00756646311665905
6.32,0.693559190200175,-0.050644791778166,0.125081166225208,-0.00714039285538666
6.33,0.678724047807185,-0.050186778165522,0.130202256433994,-0.00676309547523981
6.34,0.664489117685813,-0.049652375181281,0.135393553626994,-0.00642820216883315
6.35,0.650224794894229,-0.0490148675716348,0.140626946552604,-0.00613561858555142
6.36,0.636539261143897,-0.0482975292849305,0.145865691470056,-0.00588579533441736
6.37,0.622914600379071,-0.0474802501310677,0.151078534397288,-0.00567918913123153
6.38,0.609846346982886,-0.0465816654909629,0.156235554316189,-0.00551608049449919
6.39,0.596916084543863,-0.0455876463908407,0.161301042007359,-0.00539707157923278
6.4,0.584517002553764,-0.0445129192128805,0.166231081009097,-0.00532278965875358
6.41,0.572318793543199,-0.0433490124271385,0.170972936509002,-0.00529370964498593
6.42,0.560622508920028,-0.0421076634583411,0.175466260873723,-0.00531025085690107
6.43,0.549175027710616,-0.0407858062375377,0.179642274179041,-0.00537287618177831
6.44,0.53819604436777,-0.0393930910939677,0.183412034974758,-0.0054820419878257
6.45,0.527499195204364,-0.0379318733233826,0.186669511082668,-0.00563856344609346
6.46,0.517233564619866,-0.0364109005949577,0.189293943406237,-0.00584336961206625
6.47,0.507269580072896,-0.0348379726936637,0.191167569244016,-0.0060960142778149
6.48,0.497694745317217,-0.0332216470824421,0.192166431489116,-0.00639561776929156
6.49,0.488426235507549,-0.0315749263241602,0.192139905308205,-0.0067421022236452
6.5,0.479498106030604,-0.0299074077705366,0.190879468790121,-0.00713756262426386
6.51,0.470866110408963,-0.0282382366342188,0.188154683828371,-0.00758147940314604
6.52,0.46251873184398,-0.0265795649364194,0.183766000025131,-0.00807016827372982
6.53,0.454443700142693,-0.0249561444534888,0.177536875947536,-0.00859854606415147
6.54,0.44659196986318,-0.0233820838960562,0.169329987842244,-0.00916013649352815
6.55,0.438948593535126,-0.0218818194488045,0.159133283079865,-0.00974151791942334
6.56,0.431525155688643,-0.0204800404443042,0.14708064904968,-0.0103219058736845
6.57,0.424235157616976,-0.0191871177479124,0.133434179997592,-0.0108767168128079
6.58,0.41713411943773,-0.0180267224778938,0.118535760404675,-0.011379669301157
6.59,0.41012295941358,-0.0170016624863325,0.102766570115456,-0.011805363776436
6.6,0.40328301610907,-0.0161284033246013,0.0865398423248395,-0.0121307157629043
6.61,0.396508157315887,-0.0154010441281406,0.0702680261657391,-0.0123368211160333
6.62,0.389901466974326,-0.0148280720588283,0.0543513893611258,-0.0124095850682762
6.63,0.383352262230852,-0.0143954046223735,0.0391447167557395,-0.0123407646098602
6.64,0.376979632364069,-0.0141045720756909,0.0249533569735607,-0.0121278512558551
6.65,0.370668890140057,-0.0139351262898539,0.0120697045149546,-0.0117729499065851
6.66,0.364549385097359,-0.0138828021931487,0.000748487547334025,-0.0112829956575038
6.67,0.358503115244403,-0.0139222961867352,-0.00883936802338214,-0.010670086738133
6.68,0.352664610118777,-0.0140455252378496,-0.0165408065480228,-0.00995183589769632
6.69,0.346911827484022,-0.0142242060592034,-0.0222051737545093,-0.0091511604517759
6.7,0.341378863108578,-0.0144472083657747,-0.0257463828141877,-0.00829265676461789
6.71,0.335939860648908,-0.0146850417665397,-0.0271975294427952,-0.00740112773890856
6.72,0.330726581002329,-0.0149267763785262,-0.0266679511882514,-0.00650047448664934
6.73,0.325611769519661,-0.0151454862862783,-0.0243513374072371,-0.00561295861289167
6.74,0.320723990099578,-0.0153336291028181,-0.0204977452223327,-0.00475804685874042
6.75,0.315936490181554,-0.0154696067217807,-0.0154042010644415,-0.00395273503159141
6.76,0.31137368627544,-0.0155512426636414,-0.00938147787518352,-0.00321067359071671
6.77,0.306910436217853,-0.0155634583461995,-0.00274237584203309,-0.00254239945917763
6.78,0.302666190927737,-0.0155098148264578,0.00420335930798218,-0.0019555253413459
6.79,0.298518140525309,-0.0153817269472477,0.0111621017058704,-0.00145487102201927
6.8,0.294579840049417,-0.0151881025666236,0.0178577194311914,-0.00104292032455356
6.81,0.290730982344475,-0.0149262041120201,0.0240395335064431,-0.000719899926860736
6.82,0.287078243579001,-0.014609399345841,0.0294889765122067,-0.000483688380352361
6.83,0.283503994028608,-0.0142396738776528,0.0340211211475456,-0.000330083598892337
6.84,0.28005578733198,-0.013830523648765,0.0374902593341821,-0.00025288904356649
6.85,0.276774826936782,-0.0133962758140119,0.0397857942053208,-0.000244223986481725
6.86,0.273548488272112,-0.0129430735164015,0.0408806186062904,-0.000293052265558209
6.87,0.270466214546,-0.012488670102573,0.040789784056647,-0.00038756211622084
6.88,0.267420445996788,-0.0120392334015609,0.0395760729483365,-0.00051526319208656
6.89,0.264495335419115,-0.0116107667793983,0.0373521103758911,-0.000663188065782269
6.9,0.261589676017391,-0.0112075847499232,0.034265456175081,-0.000818908763928739
6.91,0.258783474748882,-0.0108422770782404,0.0304965133203488,-0.00097055450082324
6.92,0.255982944008626,-0.010515990266896,0.0262361984306989,-0.00110765096992254
6.93,0.253264806864802,-0.0102370971282719,0.021680770278702,-0.00122158394165778
6.94,0.250543094210278,-0.0100032071562799,0.0170235756149332,-0.00130577051842577
6.95,0.247891466953867,-0.00981846949960415,0.0124494675283349,-0.00135571623094524
6.96,0.245231638421869,-0.00967717953435708,0.00812682301584633,-0.00136906030864071
6.97,0.24263412957367,-0.00957980045075609,0.00420150353405762,-0.00134555782502039
6.98,0.240027792974041,-0.00951807578111511,0.000792836571910457,-0.00128694089958206
6.99,0.237479640744968,-0.0094897789271978,-0.00200855337805804,-0.00119650625198502
7,0.234924901236097,-0.00948519858609564,-0.00414437333094869,-0.00107889781911357
7.01,0.232426678552298,-0.00950064514671677,-0.00558675314713527,-0.000939849885229079
7.02,0.229925709439512,-0.00952618697586954,-0.00633933820322413,-0.000785872825669482
7.03,0.227480704552164,-0.00955791961773374,-0.00643296202696293,-0.000623716232182558
7.04,0.225037084348651,-0.00958683544201897,-0.00592346972971691,-0.000460122318445727
7.05,0.222648949360518,-0.00960986813217901,-0.00488627098695232,-0.000301571811842864
7.06,0.220265801737955,-0.00961979367800657,-0.00341323598596529,-0.000153911058876443
7.07,0.217936951097232,-0.00961511149877319,-0.0016067117056226,-2.2151896435822e-05
7.08,0.215615465226394,-0.00959088366643858,0.000426529493740754,8.96397927384945e-05
7.09,0.213345928709158,-0.00954749214073111,0.00257844541132455,0.000178450448949695
7.1,0.211084648450702,-0.00948238071760204,0.00474382871730878,0.000242294785710791
7.11,0.20885249066904,-0.00939694961190313,0.00682617657062075,0.00028035310846221
7.12,0.206666370690209,-0.00929325853270252,0.0087439286264069,0.000293036197194277
7.13,0.204487266593204,-0.00917172386584225,0.0104267051294096,0.000281652590288919
7.14,0.202349199095889,-0.00903652774305484,0.0118184068057318,0.000248339433407747
7.15,0.200216263190766,-0.00888937609508964,0.0128805056345248,0.000195989654300926
7.16,0.198119030054717,-0.00873501487402112,0.0135918893987307,0.000128063998062158
7.17,0.196024801457504,-0.0085757386142183,0.0139478471797173,4.84037561754928e-05
7.18,0.193961226312791,-0.00841619685020747,0.0139595554219769,-3.89132572844259e-05
7.19,0.191898881632118,-0.00825861294059533,0.0136526539519068,-0.000129774417652572
7.2,0.189862956405866,-0.00810696045673083,0.013064035034869,-0.000220227914656024
7.21,0.18782729335725,-0.00796287060443631,0.0122398086032442,-0.000306619769457244
7.22,0.185814974034446,-0.00782924796099124,0.0112326346052965,-0.000385708363277151
7.23,0.183803004821016,-0.00770680877698149,0.0100995081692788,-0.000454761524598485
7.24,0.181812622907152,-0.00759718873735766,0.00889876382156582,-0.000511596689714678
7.25,0.179823811184143,-0.00750008130437023,0.00768546231575951,-0.000554767044038414
7.26,0.177856084292723,-0.0074158975100994,0.00651198851853641,-0.00058346836007033
7.27,0.175892088437399,-0.00734340690376752,0.00542610102016869,-0.00059751996062759
7.28,0.173949662263449,-0.00728197142970894,0.00446809815142786,-0.000597358000856783
7.29,0.172013775994473,-0.00722967132599226,0.00366925957802168,-0.000583966901321055
7.3,0.170100578747211,-0.007185155663553,0.00305101715602972,-0.000558828051755551
7.31,0.168196987094613,-0.0071461787643326,0.00262511474445166,-0.000523797309686304
7.32,0.16631739121354,-0.00711107444791904,0.00239433564052606,-0.000481011454828585
7.33,0.164450273597442,-0.00707763118726178,0.00235322473345372,-0.000432755617896421
7.34,0.162608231824548,-0.00704422089712614,0.00248855846548523,-0.000381380495818741
7.35,0.160781013491483,-0.00700897381230637,0.0027808451174041,-0.000329174606134038
7.36,0.158979444890276,-0.00697058669363477,0.00320508757090367,-0.000278298020663717
7.37,0.157194305259932,-0.00692775341542237,0.00373305345099733,-0.000230678376040641
7.38,0.155430705642149,-0.00687965353878537,0.00433385200535598,-0.000187974672699227
7.39,0.153692347821084,-0.00682572280389432,0.00497609840166293,-0.000151513703218268
7.4,0.151971305600967,-0.00676566601844764,0.00562894833143147,-0.000122249929195201
7.41,0.150274439258566,-0.00669953267296973,0.00626311570730253,-0.000100794260601771
7.42,0.148594599539867,-0.00662765415678208,0.00685274947135787,-8.73712953663395e-05
7.43,0.146937358524361,-0.00655054925419962,0.00737551322630026,-8.18683240340197e-05
7.44,0.145296343893541,-0.00646903191400931,0.0078137122224288,-8.38339525931038e-05
7.45,0.143676070793521,-0.00638393134903496,0.00815422993997156,-9.25479345135968e-05
7.46,0.142070959339067,-0.00629635407145155,0.0083892571095568,-0.000107048155921427
7.47,0.140484680927508,-0.00620725072300156,0.00851538928402918,-0.000126232301321692
7.48,0.138912464448931,-0.00611782080399895,0.00853461666251138,-0.000148869552368057
7.49,0.137357325533309,-0.00602894558545002,0.00845296578917753,-0.000173700782787732
7.5,0.13581530404423,-0.00594172847697887,0.00828057321845955,-0.000199474931275543
7.51,0.134288909681754,-0.00585682519583456,0.00803008284891107,-0.000225015969821212
7.52,0.132774970415125,-0.00577510823349217,0.0077167218559774,-0.00024923059644048
7.53,0.131275607362671,-0.0056969104895766,0.00735673582151362,-0.000271181615443679
7.54,0.129788390140036,-0.00562280115903692,0.00696719667866659,-0.000290105514875707
7.55,0.128315120040364,-0.00555275375521293,0.00656536264230458,-0.000305417540341099
7.56,0.126854033642061,-0.00548701694194085,0.00616734545789927,-0.000316743847041118
7.57,0.125406645819768,-0.00542522865337615,0.00578764663449618,-0.000323924203227645
7.58,0.123971757086339,-0.00536736408248236,0.00543933948553939,-0.00032697130879536
7.59,0.122550598676048,-0.00531279310738658,0.0051329369701713,-0.000326081091852797
7.6,0.121142430121304,-0.00526129485502309,0.00487666091299066,-0.000321584050919614
7.61,0.119748203789811,-0.00521207022074685,0.00467557382310045,-0.000313943353870015
7.62,0.118367543767045,-0.00516480782854643,0.00453226838655242,-0.000303702193916687
7.63,0.117001115458514,-0.00511865313548869,0.00444633817473894,-0.000291482385559606
7.64,0.115648805659531,-0.00507331051863024,0.00441529508412814,-0.000277927833992357
7.65,0.114310973010978,-0.00502811360839726,0.00443414879880384,-0.000263694712766758
7.66,0.112987713217164,-0.00498244948533862,0.00449644794137116,-0.000249405918350655
7.67,0.111679155087911,-0.00493620023080583,0.00459456892692208,-0.000235624235463475
7.68,0.110385225187521,-0.00488876571427679,0.00471956936313502,-0.000222864313162078
7.69,0.109106134635417,-0.0048402077621675,0.00486233893532915,-0.000211545364592208
7.7,0.107841526825365,-0.00479010764161885,0.00501339001495567,-0.00020200980331364
7.71,0.106591669079299,-0.00473871395901898,0.00516422882332496,-0.000194470718103237
7.72,0.105355971084201,-0.00468577981606019,0.0053064713464809,-0.000189057240258959
7.73,0.104134745790677,-0.004631718374785,0.00543291208083967,-0.000185787703629575
7.74,0.102927212801752,-0.00457642657062767,0.00553729852516138,-0.000184597839675713
7.75,0.101733731031086,-0.00452043898466779,0.00561511801193286,-0.000185325265747294
7.76,0.100553382829829,-0.00446374404962212,0.00566305712140745,-0.000187749054646154
7.77,0.0993865839641674,-0.00440693857371257,0.00567960497075867,-0.000191579150634961
7.78,0.0982323328262431,-0.0043500433502072,0.00566444316801365,-0.000196494942501798
7.79,0.0970911165165835,-0.00429365730701346,0.00561890172887066,-0.000202141189089464
7.8,0.0959618976727243,-0.00423777809643726,0.00554521565793986,-0.000208169420096949
7.81,0.0948452441567675,-0.00418295572010207,0.00544690671750269,-0.000214229706024879
7.82,0.0937401188766338,-0.00412912193516611,0.00532798920345327,-0.000220008165829337
7.83,0.092647172266898,-0.00407674241310429,0.00519329879383587,-0.000225215031150667
7.84,0.0915653925217828,-0.00402565692613752,0.00504782797102197,-0.000229616469807839
7.85,0.0904955101870215,-0.00397622903349373,0.00489674310856828,-0.000233015942523653
7.86,0.0894365551991165,-0.00392820006379995,0.00474480601828651,-0.000235284437490251
7.87,0.0883893227162109,-0.00388183482075124,0.00459662728339747,-0.000236339035725587
7.88,0.0873528815269402,-0.00383678882983775,0.00445604157339327,-0.000236166905328449
7.89,0.0863280659803283,-0.00379324615359755,0.00432655100797009,-0.000234798686174887
7.9,0.0853139731533175,-0.00375079903962628,0.00421067972566479,-0.000232324418003461
7.91,0.0843114530539923,-0.00370957690983713,0.00411044618541389,-0.000228862796702927
7.92,0.0833200521560353,-0.00366927570347129,0.00402679959887493,-0.000224575002912947
7.93,0.0823393301473241,-0.00362958969483068,0.00396004728595861,-0.000219638960806753
7.94,0.0813701189893239,-0.00359062307998651,0.00390994517457136,-0.000214235838786179
7.95,0.0804115532357852,-0.00355194203940841,0.00387524684682194,-0.000208568329756072
7.96,0.0794644266609765,-0.0035136704866582,0.00385441150466669,-0.000202823742141776
7.97,0.0785278671952476,-0.00347541135260167,0.00384519817945279,-0.000197187996256604
7.98,0.0776026216078067,-0.00343732792383531,0.00384531083681183,-0.000191817263459837
7.99,0.0766878156031017,-0.00339907455285616,0.00385200658953999,-0.000186854405301383
8,0.0757841408589908,-0.00336086371274948,0.00386273836093487,-0.000182403440398098
8.01,0.074890721929131,-0.00332240600803746,0.0038747422929944,-0.000178549299764549
8.02,0.0740081945047644,-0.00328396317016315,0.00388569791946038,-0.000175335649323415
8.03,0.0731356878475535,-0.00324529736070018,0.00389328786771991,-0.000172785798886267
8.04,0.072273785670562,-0.00320671079686504,0.00389577825019827,-0.000170882658198243
8.05,0.0714216315653049,-0.00316800529253542,0.00389155326171955,-0.000169592527172455
8.06,0.0705797656356,-0.00312950961529268,0.00387965725620204,-0.000168847778686478
8.07,0.0697473571104967,-0.00309104961908368,0.00385930402441203,-0.000168572622149187
8.08,0.0689249120734228,-0.0030529641912575,0.00383037824390008,-0.000168667055566723
8.09,0.0681116356840219,-0.00301508650792966,0.00379288958126262,-0.000169034155958863
8.1,0.0673080080120665,-0.00297774980189777,0.00374747852847693,-0.000169564147931353
8.11,0.0665132775177641,-0.00294077925970834,0.00369489584645794,-0.000170157111745877
8.12,0.0657279051096333,-0.00290448843481088,0.00363632795663241,-0.000170711088757355
8.13,0.0649511871839068,-0.00286868356100456,0.00357291013851003,-0.000171144462635907
8.14,0.0641835684420136,-0.00283365066126552,0.00350615362629589,-0.000171377213776095
8.15,0.0634243947550401,-0.00279917081318562,0.00343738584834259,-0.000171353466972767
8.16,0.0626740956461886,-0.00276549891781425,0.00336816896091901,-0.000171022238442805
8.17,0.0619320657858287,-0.00273238987842419,0.00329974609196654,-0.000170358868903684
8.18,0.0611987204798881,-0.0027000692858465,0.00323347879938413,-0.00016934464843399
8.19,0.060473730675588,-0.00266838882164079,0.00317031425077236,-0.0001679867141611
8.2,0.059756803441295,-0.00263719432229587,0.00311113137973862,-0.000166301562552058
8.21,0.0590483245618718,-0.00260667830193108,0.00305675458925563,-0.000164309210152902
8.22,0.0583477957644032,-0.00257655448911815,0.00300745977696542,-0.000162055950979833
8.23,0.0576555760669444,-0.00254700563170632,0.00296353296851123,-0.000159585805261871
8.24,0.056971192983351,-0.00251774438825667,0.00292480019872356,-0.000156957932131933
8.25,0.0562949790628278,-0.00248895285205275,0.00289112806824886,-0.000154223899529127
8.26,0.0556264888050164,-0.00246035067555958,0.00286196823508826,-0.000151445360018075
8.27,0.0549660242982599,-0.00243212683195337,0.0028368694004709,-0.000148671623870515
8.28,0.0543131615786623,-0.00240401412270568,0.00281503220130913,-0.000145957723484272
8.29,0.0536681707676281,-0.00237621345699665,0.00279582538810819,-0.000143342637082282
8.3,0.0530306463114152,-0.00234847419135322,0.00277834392735566,-0.00014086801651701
8.31,0.0524008262059144,-0.00232101134517945,0.00276192276580257,-0.000138557246091466
8.32,0.0517783215257386,-0.00229359134048363,0.00274569177561216,-0.000136434949694259
8.33,0.0511633397182543,-0.00226644268613526,0.00272908178906788,-0.000134506908382308
8.34,0.0505555081984836,-0.00223934681278494,0.00271137169370569,-0.000132780308770152
8.35,0.0499550068674883,-0.00221254283531352,0.00269218327860886,-0.000131244407345448
8.36,0.0493614802607134,-0.0021858232913424,0.00267101054678365,-0.000129891746732814
8.37,0.0487750844727122,-0.00215943364995573,0.00264772075751063,-0.000128698965746364
8.38,0.0481954824775335,-0.00213317253687886,0.00262207609768168,-0.000127647506564857
8.39,0.0476228110351267,-0.00210728668294054,0.00259418155525133,-0.000126705977460555
8.4,0.0470567532179111,-0.00208157594468319,0.00256401408084548,-0.000125850854799861
8.41,0.0464974304272121,-0.00205628405821412,0.00253188969367076,-0.000125047824777244
8.42,0.045944546830331,-0.00203120787669851,0.00249797366838469,-0.000124272984165833
8.43,0.0453982120916181,-0.0020065845203289,0.00246273462394389,-0.000123494276013572
8.44,0.0448581526963998,-0.00198220472893838,0.00242644957907009,-0.000122692427329512
8.45,0.0443244694572078,-0.00195829690384285,0.00238965109848375,-0.000121842258134919
8.46,0.0437969919222387,-0.00193475392578675,0.00235264627636744,-0.000120932907135725
8.47,0.0432755669674318,-0.00191146669762741,0.00231586067629953,-0.000119953075179872
8.48,0.0427602826175077,-0.00188864881677951,0.00227984470277873,-0.000118887723588982
8.49,0.042250918338792,-0.00186607302135386,0.00224479608594909,-0.00011774181742363
8.5,0.0417475520326718,-0.00184394588883859,0.00221109464817599,-0.000116514505280841
8.51,0.0412499747562265,-0.00182203569088047,0.00217882667550836,-0.000115218155328081
8.52,0.0407582581581094,-0.00180054434966329,0.00214825045144574,-0.000113858138596201
8.53,0.0402722094283938,-0.00177923792332234,0.00211932411253494,-0.000112451937431921
8.54,0.0397918924134741,-0.00175831630398179,0.00209217743206905,-0.000111008770204696
8.55,0.0393171272262913,-0.00173754584241559,0.00206664557245806,-0.0001095486008004
8.56,0.0388479692718378,-0.0017171268962321,0.00204274563989101,-0.000108081745693754
8.57,0.0383842494514417,-0.001696828291824,0.00202021461806037,-0.000106627919557199
8.58,0.0379260140258162,-0.00167685285619405,0.00199898885400546,-0.000105195947226949
8.59,0.0374731026604478,-0.00165697344643574,0.00197874415078033,-0.000103802954777865
8.6,0.0370255522601179,-0.00163739661834971,0.00195937625464925,-0.000102454269679666
8.61,0.0365832098189203,-0.00161790001512616,0.0019405411594261,-0.000101162820743435
8.62,0.0361461032867543,-0.00159869435003036,0.00192213479087649,-9.99292657240587e-05
8.63,0.0357140861538447,-0.00157956199753507,0.00190383183244803,-9.87616199199152e-05
8.64,0.0352871783925253,-0.00156071748576593,0.00188556317889596,-9.76556087026899e-05
8.65,0.0348652396923077,-0.00154194717653338,0.00186705207938966,-9.66145042637346e-05
8.66,0.0344482834329567,-0.00152346847347226,0.00184828848510432,-9.56296645561597e-05
8.67,0.0340361755760434,-0.00150507050757693,0.00182906192473482,-9.47005266070456e-05
8.68,0.0336289244627981,-0.0014869722664983,0.00180943248633329,-9.38152686861603e-05
8.69,0.0332264025406033,-0.00146896421770634,0.00178926045428961,-9.29708903752537e-05
8.7,0.0328286146639247,-0.00145126555116797,0.00176867424509317,-9.21539236163659e-05
8.71,0.0324354400700948,-0.00143366668026192,0.00174759735825215,-9.13605252591385e-05
8.72,0.0320468813191348,-0.00141638577467523,0.00172621402940193,-9.05771651181257e-05
8.73,0.03166285159523,-0.00139931879419349,0.0017044943734551,-8.98006663203445e-05
8.74,0.0312832694004685,-0.0013823623823434,0.00168254978097,-8.90238048533819e-05
8.75,0.0309081346222564,-0.00136573040503572,0.00166066458706774,-8.82315649581322e-05
8.76,0.030537345451586,-0.0013492092180182,0.00163882141455172,-8.74254322498161e-05
8.77,0.0301708989712199,-0.00133301046642101,0.00161723587549762,-8.65982299873177e-05
8.78,0.0298086942505127,-0.00131691871809179,0.00159588569137174,-8.57535996448462e-05
8.79,0.0294507298196112,-0.00130114359086819,0.00157497443844708,-8.48864349452607e-05
8.8,0.0290969117186306,-0.00128546798742199,0.00155445964956397,-8.40025079858276e-05
8.81,0.0287472386004237,-0.00127009994936188,0.00153451860755705,-8.30987676566738e-05
8.82,0.0284016216305663,-0.00125482124230327,0.00151507808284732,-8.21828662671294e-05
8.83,0.0280600590806435,-0.00123983896938618,0.00149628191583182,-8.12533700178452e-05
8.84,0.0277224662570508,-0.0012249344165985,0.00147802233314016,-8.03192266668931e-05
8.85,0.0273888402674687,-0.00121031446251303,0.00146040920083467,-7.93799300333887e-05
8.86,0.0270590993729523,-0.00119576058449194,0.0014433026615166,-7.84449725191826e-05
8.87,0.0267332389303052,-0.00118148009471529,0.0014267837524221,-7.75140022410388e-05
8.88,0.0264111792001918,-0.00116725522776217,0.00141068795943886,-7.6596296493311e-05
8.89,0.0260929135236354,-0.00115329423297094,0.00139507672968477,-7.56909439249284e-05
8.9,0.0257783635066375,-0.00113938048130321,0.00137977141340092,-7.48063673212083e-05
8.91,0.02546752057847,-0.00112572344670507,0.0013648251198117,-7.3940553992408e-05
8.92,0.0251603073701039,-0.00111210778893645,0.00135005651471414,-7.31006447563789e-05
8.93,0.0248567138118883,-0.00109874426115908,0.00133552150139794,-7.22832238308853e-05
8.94,0.024556663530346,-0.00108541874190515,0.00132104641743674,-7.14939782524499e-05
8.95,0.0242601455456737,-0.00107234311070087,0.00130669914105928,-7.07280463604201e-05
8.96,0.0239670845882693,-0.00105930421397891,0.00129232137772506,-6.99897405339087e-05
8.97,0.0236774694280104,-0.00104651474998558,0.00127799895174998,-6.92729429607995e-05
8.98,0.0233912261880791,-0.00103376216254179,0.00126359306371632,-6.85808753322558e-05
8.99,0.023108344037851,-0.00102125957946598,0.00124920971753366,-6.79065232692807e-05
9,0.0228287658036459,-0.00100890079892023,0.00123472998743575,-6.72524323673502e-05
9.01,0.0225524354530944,-0.000996581056047826,0.00122016975720789,-6.66161331203435e-05
9.02,0.0222793426918779,-0.000984512178871644,0.00120571608017962,-6.59862598413506e-05
9.03,0.0220094202736851,-0.000972481540614749,0.00119125717435551,-6.53667683729842e-05
9.04,0.0217426566160173,-0.000960700775498826,0.00117692057655524,-6.47517579856434e-05
9.05,0.0214789815523684,-0.000948957068429001,0.00116260584264322,-6.4144974681968e-05
9.06,0.0212183871311005,-0.000937461696715185,0.00114845068733095,-6.35403232330542e-05
9.07,0.0209608066495137,-0.00092600135810915,0.00113436125997808,-6.29416031551107e-05
9.08,0.0207062341606292,-0.000914786879915044,0.001120478774164,-6.23429582891055e-05
9.09,0.0204546053468491,-0.000903604420426878,0.00110670990770032,-6.17485691933645e-05
9.1,0.0202059159623558,-0.000892664356590433,0.0010931937915509,-6.11530512284914e-05
9.11,0.019960103705553,-0.000881752356730191,0.00107983265083643,-6.05611085267587e-05
9.12,0.0197171653621344,-0.000871078452824264,0.00106675928368649,-5.99678896413828e-05
9.13,0.0194770400021205,-0.000860427961215519,0.0010538680341352,-5.9378614051589e-05
9.14,0.0192397248942078,-0.00085001073895422,0.00104128287365873,-5.87888944376403e-05
9.15,0.0190051599324401,-0.000839611934256896,0.0010288887671809,-5.82043456411612e-05
9.16,0.0187733425455379,-0.000829441423073015,0.00101680035391925,-5.76208848561365e-05
9.17,0.0185442130653635,-0.00081928437434441,0.00100489366507421,-5.70443350930252e-05
9.18,0.0183177690148721,-0.000809350861482375,0.000993275300433519,-5.64707160639767e-05
9.19,0.0180939509687583,-0.000799426232468798,0.000981814373559532,-5.59058537491973e-05
9.2,0.0178727566832726,-0.000789720891747863,0.000970612026043766,-5.53456735771512e-05
9.21,0.0176541269416475,-0.000780020470002493,0.000959533437913226,-5.47958253039627e-05
9.22,0.0174380599854209,-0.000770535774354991,0.000948677494245919,-5.42519868885832e-05
9.23,0.0172244968726745,-0.000761052756984806,0.000937908702440604,-5.37195101381147e-05
9.24,0.017013436596828,-0.000751782634177569,0.000927326836758798,-5.31937394468781e-05
9.25,0.0168048205999394,-0.000742511655955091,0.000916798636917202,-5.26796795311182e-05
9.26,0.0165986488593157,-0.000733451397578896,0.000906427302004284,-5.2172328895249e-05
9.27,0.016394877855465,-0.000724494430840371,0.0008960838855551,-5.16763671553906e-05
9.28,0.0161934642876644,-0.000715534880562237,0.000885767720048519,-5.11914916357867e-05
9.29,0.0159944090390474,-0.000706783460874996,0.000875644042414253,-5.07084428188098e-05
9.3,0.0157976574570189,-0.000698026931937351,0.000865575564459573,-5.02331389002391e-05
9.31,0.01560320934198,-0.000689476340539315,0.000855661579059963,-4.97614411112378e-05
9.32,0.0154110056052346,-0.000680918812219435,0.000845772543128312,-4.92985944939881e-05
9.33,0.0152210491469829,-0.000672565639110067,0.0008360170036736,-4.88397163462253e-05
9.34,0.0150332833107185,-0.000664204024479328,0.000826273568298209,-4.83894997506761e-05
9.35,0.0148477128552753,-0.000656045368860465,0.000816658139662193,-4.79426681606452e-05
9.36,0.0146642825178471,-0.000647876826611903,0.000807055678547171,-4.7503663745042e-05
9.37,0.0144829985672366,-0.000639909786712333,0.000797587377855108,-4.70670790355181e-05
9.38,0.0143038069393309,-0.000631931258044348,0.000788142247896144,-4.66373296983135e-05
9.39,0.0141267147806401,-0.000624152550802636,0.000778844315760585,-4.62090635318152e-05
9.4,0.0139516687345302,-0.00061636048570486,0.000769584125399634,-4.57868195341451e-05
9.41,0.0137786763098053,-0.000608766274797594,0.0007604861068489,-4.53654136329477e-05
9.42,0.013607684453087,-0.000601156553507592,0.000751440108220724,-4.49495839238228e-05
9.43,0.0134387007419856,-0.00059374245599373,0.000742569034157922,-4.45343546447869e-05
9.44,0.0132716721621371,-0.000586310469219187,0.000733760480253086,-4.41246706503419e-05
9.45,0.0131066063160059,-0.000579071695106532,0.000725134666133532,-4.37157442447142e-05
9.46,0.0129434501338674,-0.000571812527314122,0.000716576191311099,-4.33126836025815e-05
9.47,0.0127822113893261,-0.000564744091571372,0.000708202243609793,-4.29108286007907e-05
9.48,0.0126228369892185,-0.000557652746719885,0.000699894453986119,-4.25153786215945e-05
9.49,0.0124653351343558,-0.00055074969469256,0.000691767318831316,-4.21217234734561e-05
9.5,0.0123096528377866,-0.00054382130879568,0.000683700109047418,-4.17350752280006e-05
9.51,0.01215579898594,-0.000537078906923401,0.000675805433225006,-4.13507992248551e-05
9.52,0.0120037208261807,-0.000530308910426326,0.000667961139267391,-4.09740534049394e-05
9.53,0.0118534281138418,-0.000523722775560637,0.000660278942679015,-4.06001224973219e-05
9.54,0.011704884015185,-0.00051721302858673,0.000652636269506809,-4.02340664528334e-05
9.55,0.0115580518549991,-0.000510673705910606,0.000645036159221472,-3.98760473809955e-05
9.56,0.0114129420770936,-0.000504315248320818,0.000637644990112295,-3.9517327486812e-05
9.57,0.0112695054967717,-0.000497924360815371,0.000630324732835886,-3.91643610487148e-05
9.58,0.0111277512713708,-0.000491711828757848,0.000623171619728249,-3.88135555975426e-05
9.59,0.0109876256378811,-0.000485464788731062,0.000616051667502381,-3.8470669201773e-05
9.6,0.0108491405843318,-0.000479394356443342,0.000609067326691118,-3.81312966633103e-05
9.61,0.0107122446198693,-0.000473287872347819,0.00060209047213614,-3.78005356228655e-05
9.62,0.0105769513193257,-0.000467356689980479,0.00059522938532173,-3.74734466936837e-05
9.63,0.0104432104367429,-0.000461388257148471,0.000588361551255663,-3.71547120930283e-05
9.64,0.0103110367655617,-0.000455594060123257,0.000581600536414503,-3.68390819921165e-05
9.65,0.010180381119385,-0.000449761557788609,0.000574828555781512,-3.65310258720983e-05
9.66,0.0100512588906343,-0.000444102288388116,0.000568163284631317,-3.62251650117111e-05
9.67,0.00992362149728421,-0.000438403653473394,0.000561490245884785,-3.59259173506094e-05
9.68,0.00979748444730189,-0.000432877188484469,0.000554929667402747,-3.56279138070655e-05
9.69,0.00967279940222454,-0.000427310197240559,0.000548368789913195,-3.53356345551018e-05
9.7,0.00954958172846543,-0.000421914184612152,0.000541928861075006,-3.50438083173336e-05
9.71,0.00942778310653902,-0.000416476342485711,0.000535497431656692,-3.47570404204022e-05
9.72,0.00930741874735985,-0.000411208140049278,0.000529195526197587,-3.44701968474621e-05
9.73,0.00918844028329646,-0.000405896662990568,0.000522909971021678,-3.4188026132153e-05
9.74,0.00907086293871329,-0.000400753355798734,0.000516760748644066,-3.39055316169761e-05
9.75,0.00895463835343779,-0.00039556521630569,0.000510633363541192,-3.36275900728115e-05
9.76,0.00883978202196256,-0.000390543684605443,0.000504646368311907,-3.33493161533906e-05
9.77,0.00872624570856062,-0.000385475695080291,0.000498683755349984,-3.30756808088972e-05
9.78,0.00861404542770261,-0.000380572707132976,0.000492862615202438,-3.28018714782479e-05
9.79,0.00850313319013463,-0.000375621616748049,0.000487065539635367,-3.25329128435584e-05
9.8,0.00839352570287955,-0.00037083392547411,0.000481408372559452,-3.22640254404363e-05
9.81,0.00828517529973616,-0.000365996513174937,0.000475772598367688,-3.20002504045637e-05
9.82,0.00817809945117709,-0.000361320942526654,0.000470273158349212,-3.17368079552343e-05
9.83,0.00807226701378361,-0.000356700052880386,0.00046479079950343,-3.14787268631318e-05
9.84,0.00796764703398511,-0.000352028168632657,0.000459331333529949,-3.12261877503536e-05
9.85,0.00786425732352503,-0.000347515742066441,0.000454063281986734,-3.09705181430684e-05
9.86,0.00776205368996807,-0.000342949808888841,0.000448850635733309,-3.07182608783338e-05
9.87,0.00766105235451908,-0.000338541126137466,0.00044379074920367,-3.04659547042564e-05
9.88,0.00756120442439934,-0.000334077142992618,0.000438750522858924,-3.02195038696642e-05
9.89,0.00746252860010288,-0.000329768930657375,0.000433832408106532,-2.99746780932284e-05
9.9,0.00736497803296632,-0.000325404148052588,0.000428908104280334,-2.97367503160544e-05
9.91,0.00726857269893988,-0.000321194108223105,0.000424084942493636,-2.95009707422631e-05
9.92,0.00717326693339904,-0.000316926597763266,0.000419239430846681,-2.92721970045824e-05
9.93,0.00707908168608329,-0.000312813080975424,0.00041448356828927,-2.90453553780247e-05
9.94,0.00698597224950892,-0.000308641388104805,0.000409698166667201,-2.88250656869476e-05
9.95,0.00689395994536479,-0.000304623062075074,0.000404999098253964,-2.86060912258229e-05
9.96,0.00680300059542227,-0.000300545911924991,0.000400270431327175,-2.83929593628491e-05
9.97,0.00671311543651099,-0.000296621505074974,0.000395630708478802,-2.81803977332154e-05
9.98,0.00662426047079201,-0.000292637586015303,0.000390965987596499,-2.79729485210284e-05
9.99,0.00653645659509805,-0.000288805713905608,0.000386396224002874,-2.77653898901086e-05
10,0.00583495606223017,-0.00381260134249124,0.000381808273856207,-2.75623439593238e-05
10.01,0.00514568185292985,-0.00613030037581427,-0.00327191405167254,-0.000194813709281636
10.02,0.00417066090151041,-0.00849228230767467,-0.00694471839441918,-0.000348118347638953
10.03,0.00293826034993705,-0.0108319062917397,-0.00780763963971396,-0.000328885415888855
10.04,0.00148623983702501,-0.0131824241010411,-0.00461351115533912,-0.000105792260567933
10.05,-0.000214454208977699,-0.0154620582350654,0.00290740354611053,0.000291178142633273
10.06,-0.0022313942890817,-0.0177633412897183,0.0142908623260788,0.000794276478793833
10.07,-0.00466062375442822,-0.0199862233765385,0.028620958326239,0.0013232949450239
10.08,-0.00761549806463746,-0.0222600389305437,0.0450910540346955,0.00181820343660787
10.09,-0.0112239864070185,-0.0244572385458284,0.0628941101205579,0.002233052369179
10.1,-0.0156026616638709,-0.0266453673121548,0.0814174289602003,0.0025409346073743
10.11,-0.0208377604123726,-0.0289139311039988,0.100165625751835,0.00272806822278557
10.12,-0.0270340871925774,-0.0310770812593445,0.118723007492809,0.00278904942729721
10.13,-0.0342115737242805,-0.0333147147464559,0.136801755947631,0.00272617876060981
10.14,-0.0424696764796793,-0.0354083514578583,0.154063870367984,0.00254050217375798
10.15,-0.0517622019393649,-0.0375646835705134,0.170295814711709,0.002237957657579
10.16,-0.0622156750975795,-0.0395401381191433,0.185350230072057,0.0018278556832088
10.17,-0.0737119364104946,-0.0415707139124533,0.199172115001128,0.00132218461199396
10.18,-0.0864307472972345,-0.043389681060575,0.211737805028786,0.000733461998659956
10.19,-0.100170071167343,-0.0452622666402024,0.223038252477109,7.14805750461057e-05
10.2,-0.115187766387162,-0.0468993607216946,0.233071760464121,-0.000656129677336635
10.21,-0.131181827528295,-0.0485937644450444,0.241878477714814,-0.00144183982847544
10.22,-0.148508113605037,-0.0500332618674972,0.249526759564252,-0.00227853133600094
10.23,-0.166743332077198,-0.0515354787298026,0.256116319986419,-0.00315804793212926
10.24,-0.186358053663084,-0.0527643308757949,0.261739638097812,-0.00407235313708405
10.25,-0.206786685883637,-0.054060607413837,0.266451921695505,-0.0050155832817024
10.26,-0.228263029792744,-0.0552520727846257,0.27029667118813,-0.00598232117495116
10.27,-0.251172351300645,-0.0561435598084402,0.273308652535033,-0.00696761136087903
10.28,-0.274704738288875,-0.0571116784906178,0.275525181200141,-0.00796704105283254
10.29,-0.299699809753621,-0.0577655852448935,0.277021039003024,-0.00897474011318016
10.3,-0.32516672818028,-0.058503385364363,0.277891600040539,-0.00998564559317845
10.31,-0.352123095899874,-0.0589137418550346,0.278236129564014,-0.010995137291437
10.32,-0.379381478781702,-0.0594143924890807,0.278106330833943,-0.012000355160983
10.33,-0.407449035648716,-0.0597967339397052,0.277549603924838,-0.0129984757245766
10.34,-0.437038556668123,-0.059832547326599,0.27662057702666,-0.0139879465010919
10.35,-0.466650606813502,-0.0599697525035005,0.275356561049861,-0.0149667643896677
10.36,-0.497812088975939,-0.0597506653609592,0.273826801945919,-0.0159310984518179
10.37,-0.528805114797324,-0.0596405176238404,0.272109446545965,-0.0168763622796163
10.38,-0.560398982260495,-0.0594082595356544,0.270234530898723,-0.0178002688484011
10.39,-0.593593444787189,-0.0588060198593549,0.268220935781496,-0.0187020173886667
10.4,-0.626329245776719,-0.0583247196613379,0.266082204794886,-0.0195808939042885
10.41,-0.660709969371716,-0.0574672376295152,0.263827471124138,-0.0204359595804706
10.42,-0.694441470526642,-0.0567389986972801,0.26146953713179,-0.0212663177043224
10.43,-0.728588342492175,-0.0558904403561942,0.259028733271421,-0.0220712794517475
10.44,-0.76446007832997,-0.0546581046353023,0.256523410880042,-0.0228505353725994
10.45,-0.799402472119434,-0.0535678708467595,0.253968737003892,-0.0236037991333398
10.46,-0.834666544288974,-0.0523600595131869,0.251373319862511,-0.0243306160928804
10.47,-0.871752164870876,-0.0507630392023765,0.248743192552203,-0.0250305115932612
10.48,-0.907637139264538,-0.0493198874374156,0.24608818630447,-0.0257032559361939
10.49,-0.943761814690929,-0.047762219371029,0.243411848296685,-0.0263484584831784
10.5,-0.981818225588296,-0.0458118959736104,0.24071339232775,-0.0269657482233794
10.51,-1.01841256862647,-0.044026006427178,0.237994241296598,-0.0275545978557072
10.52,-1.05517634096337,-0.0421290769959035,0.235255856153333,-0.0281146029948442
10.53,-1.09399367177011,-0.039838107060898,0.232499383222867,-0.0286455448758463
10.54,-1.13109724228665,-0.0377205829886742,0.229726045556483,-0.0291471385007215
10.55,-1.1683107879767,-0.0354955261925369,0.226939547406204,-0.0296191053366642
10.56,-1.20771004938635,-0.0328768219270528,0.224138680298717,-0.0300610133190369
10.57,-1.24515231814132,-0.0304384971211326,0.221320964758176,-0.0304724010328476
10.58,-1.28264728755756,-0.0278955551687301,0.218483321013667,-0.0308527623190428
10.59,-1.32016871324185,-0.0252484294158828,0.215620208644054,-0.0312017682237141
10.6,-1.36002556798348,-0.0222084196368042,0.212724337308046,-0.0315191614181816
10.61,-1.39754868346529,-0.0193523876567219,0.209791472578897,-0.0318045598228974
10.62,-1.43496094161311,-0.0163912519036489,0.20681960036662,-0.0320574434421874
10.63,-1.47471253251356,-0.0130364552471753,0.20380874533332,-0.0322773604204761
10.64,-1.51170283336136,-0.00985988500194196,0.200979257633046,-0.0324641655281304
10.65,-1.54820076704192,-0.00653213143311152,0.205444192377746,-0.0322535329159666
10.66,-1.58391454295482,-0.00299375316887349,0.212263254982855,-0.0319096807654569
10.67,-1.62133585074564,0.00105027016330214,0.219210308891564,-0.0316216340256669
10.68,-1.6547179445635,0.00503983454877388,0.22612157805296,-0.0314101454697427
10.69,-1.68646478756743,0.00926177068271417,0.233003321198987,-0.0312767042809083
10.7,-1.71917822766952,0.0139929826556921,0.239869732199352,-0.0312205230380036
10.71,-1.74681475891814,0.0186794485780669,0.246734122116724,-0.0312397724251163
10.72,-1.7719714876078,0.0235947593705591,0.253728680122154,-0.0313260871084592
10.73,-1.79741659284051,0.0290010345746269,0.261053744136167,-0.0314683742169104
10.74,-1.81699212200461,0.0343566135125157,0.26882282313183,-0.0316624950004846
10.75,-1.83654662197649,0.0401829419353118,0.277164610032431,-0.0319058832020299
10.76,-1.84995669895471,0.0459494475109434,0.286147281901894,-0.0322006448195143
10.77,-1.86322759310107,0.0521591854646638,0.295760812368489,-0.0325531327920606
10.78,-1.86014758662089,0.0571238829524721,0.305838219229585,-0.0329756399321985
10.79,-1.85750323219177,0.062504743737584,0.315618678899295,-0.0335064801629563
10.8,-1.85238739512264,0.0680121180813959,0.317523313013844,-0.0340032334918975
10.81,-1.8419818397466,0.0732763162220261,0.305468913338617,-0.0342776152750993
10.82,-1.83232658826921,0.0786422860353306,0.284589772512642,-0.0347865254120732
10.83,-1.82079496022977,0.0837749756724413,0.253969170040259,-0.0356038993122306
10.84,-1.80496355191873,0.0883588850959235,0.213438811393807,-0.0366342523336167
10.85,-1.79071470203004,0.0927078772512839,0.163698695182721,-0.0377272877847238
10.86,-1.77552163992483,0.0965171290952802,0.106491772806288,-0.0387011613988281
10.87,-1.75960777100435,0.0997172651018769,0.0442030363028553,-0.039381618212448
10.88,-1.74060305908257,0.102084545926248,-0.0205008162610985,-0.0396332302087906
10.89,-1.72374906111418,0.103971426239003,-0.0854020157617503,-0.0393754710239229
10.9,-1.70652498740995,0.105192772195004,-0.14895930486147,-0.0385871508290381
10.91,-1.68661146549624,0.105600874311212,-0.210110998407803,-0.037290680175958
10.92,-1.66881918373916,0.105555347154766,-0.268007011952032,-0.0355337273610549
10.93,-1.65074854586385,0.104920965042754,-0.321861387621668,-0.0333746843907395
10.94,-1.63022668453228,0.103593708530966,-0.370900805688101,-0.0308717954186355
10.95,-1.61170757058286,0.101924405283206,-0.41431790522717,-0.028073261690328
10.96,-1.59295847806145,0.099820368346624,-0.451175766721752,-0.0250104789929274
10.97,-1.57398684750253,0.0973521509996054,-0.480451303198623,-0.0216976291086294
10.98,-1.55282904842367,0.0944732253422633,-0.501494455638388,-0.0181604295814324
10.99,-1.53346021430516,0.0915238540964025,-0.514023918206243,-0.0144389426290598
11,-1.51385087783886,0.0884579289103934,-0.518054787303756,-0.0105855311276184
11.01,-1.49219522161376,0.0852472626237253,-0.513968889061015,-0.0066666059393
11.02,-1.47212673784488,0.0821959015273692,-0.502507336996748,-0.00275843068314807
11.03,-1.45010545646092,0.079154303267588,-0.484568064778696,0.00106343267154915
11.04,-1.42955082237514,0.0763905561813761,-0.46113960126361,0.00471950466609322
11.05,-1.40872821284377,0.0738472952313663,-0.433168649733431,0.00813458660520338
11.06,-1.38612872572524,0.0714751377747131,-0.40169442820778,0.0112370404932794
11.07,-1.36486675027492,0.0694851452589977,-0.367919915692057,0.0139656970366181
11.08,-1.34339446391683,0.0677997581898521,-0.333103742935541,0.0162800514456363
11.09,-1.32038107494329,0.0663454891881151,-0.298463458908479,0.0181499747173448
11.1,-1.29864003059337,0.0652724913836263,-0.265147662511431,0.0195579321361012
11.11,-1.2755386803825,0.0644104833590154,-0.234218992341434,0.0205107311650216
11.12,-1.25369006821147,0.0638742857219807,-0.206491083355951,0.0210310634028514
11.13,-1.23182604877505,0.0635557034621785,-0.182349173682838,0.0211608639887343
11.14,-1.20887344751856,0.0633592815626108,-0.161806062791092,0.0209602241982844
11.15,-1.18713190764135,0.063372354113045,-0.144669945654464,0.0204967874256079
11.16,-1.16444831324701,0.0634462048498286,-0.130715731169298,0.0198341305927049
11.17,-1.14291370687958,0.0636598361775426,-0.119676294251242,0.0190331992714142
11.18,-1.12145819333262,0.0639101290061521,-0.115500379418097,0.0183118637526307
11.19,-1.09917199328746,0.0640917773581382,-0.115368819155038,0.017677984729517
11.2,-1.07785468356396,0.0642739731733529,-0.116560596284896,0.0170549194874523
11.21,-1.05580563154754,0.0643619554094211,-0.118420752603062,0.0164497592798348
11.22,-1.03465471102747,0.0644305635873586,-0.120730851947937,0.0158732534332584
11.23,-1.01287671460105,0.0644006553950359,-0.123397100838454,0.0153326672056605
11.24,-0.991931655648617,0.0643388868386347,-0.126357292280365,0.0148322072718274
11.25,-0.970464699992575,0.0641771757976598,-0.129575534127671,0.0143735321575814
11.26,-0.94977454236821,0.0639733817331356,-0.133027382699735,0.0139561556968107
11.27,-0.929216715259594,0.0636938465170408,-0.136678043382062,0.0135802015487358
11.28,-0.908304273226663,0.0633140016625318,-0.14049305386188,0.0132457652085876
11.29,-0.888110655327766,0.0628796185755933,-0.144433695496574,0.012952486216593
11.3,-0.867676469364276,0.0623459808691275,-0.148464717399748,0.0126995454200704
11.31,-0.847930638856945,0.0617519966690453,-0.152550893934933,0.0124860151331708
11.32,-0.828053227189676,0.0610611018462982,-0.156663394102811,0.0123105021991232
11.33,-0.808837952146185,0.0603058291440088,-0.160776061726327,0.0121715287467836
11.34,-0.789593415328675,0.0594569539788227,-0.164865897884993,0.0120676775117673
11.35,-0.770986927827533,0.0585412083314142,-0.16891317534456,0.0119976659944506
11.36,-0.752444179765435,0.0575360070733654,-0.172897135991694,0.0119601130566909
11.37,-0.734515774155665,0.0564629521301566,-0.176785861815559,0.0119541779888999
11.38,-0.716732817827306,0.0553056547493231,-0.180552747230279,0.0119791260917593
11.39,-0.69953884001122,0.054081336545254,-0.184173878212947,0.0120338794618638
11.4,-0.682559081347327,0.0527791203385502,-0.187630300911159,0.0121171309871259
11.41,-0.666140895235167,0.0514122720850693,-0.190904731783077,0.0122277453669928
11.42,-0.649992223150043,0.0499747839670839,-0.193976363933409,0.0123646589906022
11.43,-0.634375363321648,0.0484764835443474,-0.196836609295742,0.0125261454047184
11.44,-0.619071063199566,0.0469154711525364,-0.199479600752889,0.0127102384133607
11.45,-0.604267993817064,0.0452984576005558,-0.201887039513565,0.012916657856432
11.46,-0.589866136336175,0.0436271767806893,-0.204017884145439,0.0131454526080988
11.47,-0.575822763656766,0.0419067622461613,-0.205814206283236,0.0133967620825986
11.48,-0.562233396421754,0.040141398085834,-0.20719393583621,0.0136711418083245
11.49,-0.549017998684818,0.0383392990304064,-0.208040562444592,0.0139702723534927
11.5,-0.536220998514538,0.0365047432966132,-0.208230211520835,0.0142955418640735
11.51,-0.523803470047367,0.0346504330703899,-0.207643914037986,0.0146468221258785
11.52,-0.511766825153677,0.0327812775977673,-0.206140892377836,0.0150239229913421
11.53,-0.500105555599703,0.0309145920852217,-0.203518294638221,0.0154288782271494
11.54,-0.488783702597519,0.0290578370872802,-0.199536831625582,0.0158637049580102
11.55,-0.47782132203926,0.0272339336617363,-0.194020433742855,0.0163251550833233
11.56,-0.467151728562305,0.0254527083668287,-0.186826051377707,0.0168071669982449
11.57,-0.456816555156916,0.0237408377975982,-0.177828424167635,0.0173018111515847
11.58,-0.446723991565365,0.0221096280143666,-0.16695126736119,0.017798412842383
11.59,-0.436933558497859,0.020587489165985,-0.154252649280509,0.0182789507316085
11.6,-0.427336774902475,0.0191837453551396,-0.139926559226732,0.0187195699249586
11.61,-0.418012701029638,0.0179232166926916,-0.124279563210265,0.0190934755019531
11.62,-0.40884538805775,0.0168087376634304,-0.107681507364595,0.0193740553204281
11.63,-0.399933185404562,0.0158578846692527,-0.0905466561920357,0.0195367018968976
11.64,-0.391157895654685,0.0150650264593831,-0.0733066961349611,0.0195611589112893
11.65,-0.382633962970336,0.0144391957677247,-0.0563846519471491,0.0194313873257271
11.66,-0.374243254085903,0.0139662945172341,-0.0401797919071611,0.0191375439991787
11.67,-0.366112211429646,0.0136472617430952,-0.0250657071039162,0.0186761220868043
11.68,-0.358123364505934,0.0134606694346409,-0.0113738153354996,0.0180507377922116
11.69,-0.350409800571219,0.0134005969960541,0.000589808647781744,0.0172708633549475
11.7,-0.34285431089282,0.0134395167743488,0.0105278038941028,0.0163487273800789
11.71,-0.335592566534408,0.0135658263648158,0.018271029346082,0.0153061762754419
11.72,-0.328506692173673,0.0137485894193768,0.0237048109980605,0.0141689563116703
11.73,-0.321729868794337,0.0139735770677618,0.0267711172413368,0.0129652196524723
11.74,-0.315143089021121,0.0142093397639809,0.0275915356940958,0.0117217779213302
11.75,-0.308816486153463,0.0144413066903378,0.0266375808308895,0.0104526198237512
11.76,-0.302813513825924,0.014654148075627,0.0235979563364452,0.00920649120895491
11.77,-0.297011489642391,0.0148206518074578,0.0187306333484779,0.00801250908065496
11.78,-0.291526642037915,0.0149326355982865,0.0124195287624609,0.00689064049009633
11.79,-0.286237677510625,0.0149708430689709,0.00510165627090149,0.00585774657247498
11.8,-0.281254361708746,0.0149352311641957,-0.00277552004357584,0.00492738425775295
11.81,-0.276456605663732,0.0148158229367676,-0.0107688159767032,0.00410972977114144
11.82,-0.271946071878781,0.0146207973463923,-0.0184738701755913,0.00341057454278202
11.83,-0.267603874156108,0.0143485594299438,-0.0255391260417213,0.00283126886277865
11.84,-0.263523598928709,0.0140137344688639,-0.0316767371994805,0.00236891186839282
11.85,-0.259588541917403,0.0136208117910064,-0.0366621581267522,0.00201705830110289
11.86,-0.255884818338811,0.013188346400608,-0.0403420306418402,0.0017660047519351
11.87,-0.252299293320243,0.012724218194937,-0.0426327542083298,0.00160342443749764
11.88,-0.248911867054836,0.0122481497469813,-0.0435184695407973,0.00151521954940843
11.89,-0.245614553710225,0.0117686499297366,-0.0430504198996696,0.00148615338641956
11.9,-0.242482387727423,0.0113039526544781,-0.0413424452166575,0.00150047701904385
11.91,-0.239414067259997,0.0108606252072344,-0.0385612855119708,0.00154245362342885
11.92,-0.236481254356249,0.010453190433269,-0.0349075365584894,0.00159708570028269
11.93,-0.233590645171976,0.010084588092579,-0.0306004099716432,0.00165105703943381
11.94,-0.230811483477621,0.00976456026261329,-0.0258748263388575,0.00169307675538218
11.95,-0.228058881835667,0.00949174027940535,-0.0209663225816972,0.00171413350799229
11.96,-0.225400019755534,0.00927083678682662,-0.016099473772986,0.00170766393970532
11.97,-0.222758307241147,0.00909638159199222,-0.011475831476351,0.00166984297663952
11.98,-0.220198669436632,0.00896873514192571,-0.00727193742590203,0.00159941580960033
11.99,-0.21765203649018,0.0088792870200124,-0.00362821809891758,0.00149755443430403
12,-0.215150339364179,0.00882369670070528,-0.000645830555659954,0.00136742561006947
12.01,-0.212721438854664,0.00879651546972018,0.00161402035893132,0.00121389618923876
12.02,-0.210305550421076,0.00878721223255489,0.00312880264821263,0.001043159348451
12.03,-0.207959167887466,0.0087913830123983,0.00391107011878656,0.000862059179907738
12.04,-0.205627369974224,0.00879906523715456,0.00400841144380963,0.000677833657208465
12.05,-0.203362216180519,0.00880652663894367,0.00349424908616621,0.000497612283260827
12.06,-0.201112793286987,0.00880554655317089,0.00246294327721296,0.000328069976407263
12.07,-0.198926450754753,0.00879401792410958,0.00102353400659145,0.000175111233608109
12.08,-0.196755700584733,0.0087661441790915,-0.000705558104249113,4.36621537267839e-05
12.09,-0.194643147950768,0.00872192605521159,-0.00260389041809082,-6.25511689022458e-05
12.1,-0.192544414214555,0.00865818863059928,-0.00455496194186265,-0.000141161541153954
12.11,-0.190497656621594,0.00857701846963794,-0.00644921773153973,-0.000191163568023096
12.12,-0.188461562670583,0.00847763196978722,-0.00818789401242669,-0.000212679927348015
12.13,-0.186470266872722,0.00836381410421073,-0.00969579858587701,-0.00020731959473672
12.14,-0.18448567455186,0.00823649166269261,-0.010914557709158,-0.000177674342606306
12.15,-0.1825385465462,0.00810039464035226,-0.0118049268667621,-0.000127189408188294
12.16,-0.1805941852136,0.0079573974923656,-0.012347397393514,-5.99596056922947e-05
12.17,-0.178680569012278,0.00781241940748516,-0.0125422037849901,1.94694683188056e-05
12.18,-0.176766563621259,0.00766748759299265,-0.0124071538089381,0.000106363569164702
12.19,-0.17487790511676,0.00752698890753319,-0.0119753354506478,0.000196034376598021
12.2,-0.17298707639204,0.00739244185152373,-0.0112915664126226,0.000284056322180951
12.21,-0.171117955176489,0.00726718379479275,-0.010409227828878,0.000366440116449306
12.22,-0.169246536571431,0.00715181168492785,-0.00938678036710189,0.000439788427051529
12.23,-0.167395052564121,0.00704836089135603,-0.00828458295668938,0.000501397791853535
12.24,-0.16554274771447,0.00695636052968706,-0.00716169864298601,0.000549326915686704
12.25,-0.16371026348065,0.00687655070667097,-0.00607294733228165,0.000582427540950341
12.26,-0.161879702093341,0.00680749347085684,-0.00506677342323565,0.000600360731383497
12.27,-0.160061883749933,0.00674852417682403,-0.00418406317283314,0.000603515705265899
12.28,-0.158265753403435,0.00669850567756431,-0.00345713696794367,0.000592873351530032
12.29,-0.156476834503551,0.00665509245895409,-0.00290646829227392,0.000569983577718171
12.3,-0.154711411650446,0.00661703280595512,-0.00254201090563126,0.000536813325836976
12.31,-0.152956740954328,0.00658187957248919,-0.00236454687670542,0.000495586410932205
12.32,-0.151227181894924,0.00654828761620727,-0.00236595821191765,0.00044868499046199
12.33,-0.149511354504957,0.00651405965049188,-0.00253032010329737,0.000398530666915696
12.34,-0.147821677522634,0.00647809531576114,-0.00283519849546637,0.000347477527037792
12.35,-0.14614785388734,0.0064387199198696,-0.00325346838326511,0.000297704250267031
12.36,-0.144500410627596,0.00639530643954031,-0.00375490572747326,0.000251136166640527
12.37,-0.142869945486701,0.00634684733133403,-0.00430810169288101,0.00020937305390031
12.38,-0.141265219965274,0.00629327827117669,-0.00488214120273576,0.000173637190704227
12.39,-0.139677655855227,0.00623426586301082,-0.0054475393768688,0.000144773139104071
12.4,-0.138114463416105,0.00617027366108748,-0.00597786584303043,0.000123237985627456
12.41,-0.13656787062272,0.00610154213731498,-0.00645091264759602,0.000109109238018946
12.42,-0.135043771300898,0.00602892652840505,-0.00684895553001939,0.000102136212858016
12.43,-0.133535220861201,0.00595306045194776,-0.00715955300626083,0.000101771441923507
12.44,-0.132047040489351,0.00587500197899571,-0.00737533166722131,0.000107230924849706
12.45,-0.130573147936167,0.00579556829249506,-0.00749388396217042,0.000117551652227544
12.46,-0.129117520270854,0.0057158256888961,-0.00751736767852623,0.000131654909323502
12.47,-0.127674961104975,0.00563658064840782,-0.00745222855988909,0.000148397389985941
12.48,-0.12624879995827,0.00555873812668064,-0.00730824391097896,0.000166642519059301
12.49,-0.124834726342901,0.00548293818937566,-0.00709823188571011,0.000185295834336151
12.5,-0.123435576434159,0.0054098034394249,-0.00683683231419566,0.000203348928062397
12.51,-0.122047900760498,0.00533971160408261,-0.00653929647049116,0.000219937601784123
12.52,-0.12067414411798,0.00527295709154922,-0.00622104433474333,0.000234356580503679
12.53,-0.119311643538886,0.00520963456954269,-0.00589719480641581,0.000246070957493579
12.54,-0.117961582691073,0.00514972343250696,-0.00558152234412194,0.000254736488961178
12.55,-0.116624734404282,0.00509305572546522,-0.0052861096222559,0.000260193015258478
12.56,-0.115299414426024,0.00503937282953651,-0.00502102126759222,0.000262451460528003
12.57,-0.113987230278118,0.00498829939285383,-0.00479386748487756,0.000261684029952298
12.58,-0.112687004067357,0.00493944232104785,-0.00460999995532823,0.00025819098450416
12.59,-0.111400003434111,0.0048923096719462,-0.00447222201398265,0.00025237722782885
12.6,-0.110125443338794,0.00484646778499696,-0.0043808809143783,0.000244715215148996
12.61,-0.108864248227206,0.00480140919313203,-0.00433395278299083,0.000235725843201518
12.62,-0.107615925458279,0.00475675166239953,-0.00432763274273591,0.0002259415629451
12.63,-0.106381054205824,0.00471205507630463,-0.00435673055158848,0.000215870954489337
12.64,-0.105159353062355,0.00466705245937028,-0.00441455780518768,0.00020599532307503
12.65,-0.103951070707729,0.00462142838784838,-0.0044937556915889,0.00019673706539168
12.66,-0.102756084421203,0.00457506733258204,-0.00458709880228285,0.000188443649116492
12.67,-0.101574343858577,0.00452779429976675,-0.00468729035752739,0.000181385281952984
12.68,-0.100405842688507,0.0044796434660413,-0.00478740659099378,0.000175743467460263
12.69,-0.0992502678884479,0.00443057373722844,-0.0048810362018525,0.000171616495519901
12.7,-0.0981077146848293,0.00438074935914059,-0.00496267671222957,0.000169017203071788
12.71,-0.0969776601021177,0.00433023574752878,-0.00502781035294588,0.000167885274420825
12.72,-0.0958602985731529,0.0042792882242684,-0.00507314615024471,0.000168091620474635
12.73,-0.0947549516200255,0.00422803584896684,-0.00509653577203444,0.000169456370509321
12.74,-0.0936619158302197,0.0041767769954226,-0.00509706504681146,0.000171756209409573
12.75,-0.0925804083055288,0.00412565810592375,-0.00507488396928927,0.000174743562857195
12.76,-0.0915108308406225,0.00407497399565808,-0.00503122690226728,0.000178156133385049
12.77,-0.0904523394812262,0.00402484683597062,-0.00496815513252743,0.000181735292329884
12.78,-0.0894054397785728,0.00397552959396422,-0.00488845959756997,0.000185234621623496
12.79,-0.0883692577832011,0.00392708986255554,-0.00479542178373618,0.000188435570255909
12.8,-0.0873443923945905,0.00387971417952496,-0.00469271724295555,0.00019115022267966
12.81,-0.0863303552973855,0.00383343629705801,-0.0045841332026372,0.000193230966355583
12.82,-0.0853266401789599,0.00378825449657203,-0.00447338389434179,0.000194568348727299
12.83,-0.0843339600602402,0.00374424183124623,-0.00436396798267403,0.00019509277396666
12.84,-0.0833514394089327,0.00370129194419516,-0.00425894451750304,0.000194779188233444
12.85,-0.0823798430593934,0.00365941529768175,-0.00416093052132799,0.000193640165967638
12.86,-0.0814183035665117,0.00361845693568673,-0.00407194380893689,0.00019172558439523
12.87,-0.0804676163054348,0.00357838523330722,-0.00399344288072423,0.000189114125704775
12.88,-0.079526917818793,0.00353901993590264,-0.00392623882465258,0.000185910408116351
12.89,-0.0785970086623822,0.00350031119381013,-0.00387058847209261,0.000182235192695905
12.9,-0.0776770225312804,0.0034620774536074,-0.00382616612857371,0.00017822144569628
12.91,-0.0767677476081792,0.00342427292597497,-0.00379219705296141,0.000174004669115348
12.92,-0.0758683143313617,0.00338673512873403,-0.00376747214643855,0.000169719235415348
12.93,-0.0749794839705524,0.00334943955630033,-0.00375051346349419,0.00016548996439728
12.94,-0.074100380928714,0.00331225680130018,-0.00373957218895498,0.000161429345179632
12.95,-0.073231727484564,0.00327519427310416,-0.00373278568270946,0.000157631634495736
12.96,-0.0723726448118862,0.0032381626621271,-0.0037282802560434,0.000154173134182666
12.97,-0.0715238137634682,0.00320120352118971,-0.00372429536705985,0.000151108081593729
12.98,-0.0706843586135779,0.0031642659715112,-0.00371917252837971,0.000148469843847324
12.99,-0.0698549181774197,0.00312742115076549,-0.00371149886877738,0.000146269388591248
13,-0.0693656144547079,-0.000420539206419861,-0.00370008881100107,0.000144498675584379
13.01,-0.0691640019137241,-0.0027787037836502,-0.00730988157206833,-2.11426892640406e-05
13.02,-0.0692576825528475,-0.00518079595102035,-0.0109672562395564,-0.000172491128357271
13.03,-0.0696188783000418,-0.00756073577035904,-0.0118709999222226,-0.000154677339340733
13.04,-0.0702099247461421,-0.00995189688305042,-0.0086591656162024,6.80525286840697e-05
13.05,-0.0710566419330165,-0.012270047470312,-0.000734002693466764,0.000480321731205488
13.06,-0.0722171324316774,-0.0146009153579101,0.0119559053875358,0.00103699806541242
13.07,-0.0737713854567428,-0.0168329638461354,0.0288668960559555,0.00166969744459565
13.08,-0.0758135593678038,-0.019082437738436,0.0492250558029315,0.00230934571458594
13.09,-0.0784539296621762,-0.0212099037740828,0.0719972616190451,0.00288819164354368
13.1,-0.0817946188300454,-0.0232738724947873,0.0962915931166291,0.00335804967236621
13.11,-0.0859106514510977,-0.0253579612940387,0.121257084324251,0.00368500097759195
13.12,-0.0908996760036622,-0.0272741737214756,0.146087653958746,0.00384528927779484
13.13,-0.0967773800066158,-0.0292034284401572,0.170271891731851,0.0038342113540614
13.14,-0.103640145521514,-0.0309296664017985,0.193370775644643,0.00365384665790903
13.15,-0.111437416447548,-0.0326621617863432,0.215217054181498,0.00331998095999615
13.16,-0.120289693968917,-0.0341597441915137,0.235594975319272,0.00284665158009964
13.17,-0.130071731955664,-0.0356611761319824,0.254484272553441,0.00225445735632084
13.18,-0.140955088300285,-0.0369023740833052,0.271793306883996,0.00155937146353642
13.19,-0.152728740687222,-0.0381515039273906,0.28758667795438,0.000781079767967125
13.2,-0.165640156207793,-0.0391218486195396,0.301827608680568,-6.72959232557535e-05
13.21,-0.179376033315473,-0.0401087989259612,0.314622430329851,-0.000970095794855333
13.22,-0.194280139213632,-0.0408024048523023,0.325976713802735,-0.00191761595835678
13.23,-0.209917182272278,-0.0415230900738818,0.33601563259076,-0.00289920733247946
13.24,-0.226746464945548,-0.0419375518509183,0.344755563318105,-0.00390736610720254
13.25,-0.244191163005864,-0.0423898702544001,0.352292103952838,-0.00493207716307018
13.26,-0.262474201234617,-0.0427107275937379,0.358643369840844,-0.00596731242841649
13.27,-0.28197071083635,-0.0427080179673447,0.363857270598514,-0.00700617670558744
13.28,-0.301860001271819,-0.0427611795061143,0.368025494763041,-0.00804104356980221
13.29,-0.322972239373096,-0.0424818899248604,0.371178677643095,-0.00906822335650762
13.3,-0.344307631457744,-0.0422713962168953,0.3734075904877,-0.0100828623714174
13.31,-0.366876622522738,-0.0417213959239265,0.374778576564425,-0.0110820692123658
13.32,-0.389484641172848,-0.0412529784651059,0.375371840192155,-0.0120625687551182
13.33,-0.412633250381876,-0.0406603625826076,0.375254687946038,-0.013022895647314
13.34,-0.437030709596304,-0.039718053980436,0.374490214061044,-0.0139615655994964
13.35,-0.461172906603528,-0.0388767395337596,0.373148263494917,-0.0148773534581536
13.36,-0.486584344241183,-0.0376808975766072,0.371309574812673,-0.015769036687282
13.37,-0.511544929689892,-0.0365983500114493,0.369040752862234,-0.016635119599396
13.38,-0.536835106935682,-0.0354129074154993,0.362055723441749,-0.0176420159436212
13.39,-0.563568511642898,-0.0339631441425347,0.346693821576742,-0.0190180524436641
13.4,-0.589742705385193,-0.0327753018041905,0.330150248913975,-0.0202902085270129
13.41,-0.617462853174792,-0.0313565016378799,0.313279014893923,-0.0213802857646605
13.42,-0.644429358595927,-0.0302136019489654,0.296240565985299,-0.0222804444942351
13.43,-0.671702366666084,-0.0290969022513735,0.279188855207441,-0.0229930368489946
13.44,-0.700588109532592,-0.0277413896870827,0.262274205957267,-0.0235257029734578
13.45,-0.728431046796921,-0.0266705267717771,0.24563162870714,-0.0238913425826521
13.46,-0.756483767125106,-0.0256206677530672,0.229379760559449,-0.0241011854660929
13.47,-0.786248820446306,-0.0243154281118792,0.213587431684045,-0.0241631076547839
13.48,-0.814707445979654,-0.0232927193230513,0.19834693517315,-0.0240861656173748
13.49,-0.843304470450947,-0.022277855664142,0.183742772894627,-0.0238793986155835
13.5,-0.873737038552361,-0.0209855061951476,0.169865487016194,-0.0235529763785659
13.51,-0.902617517363797,-0.01996516968913,0.156772922978492,-0.0231172970101989
13.52,-0.931584072133706,-0.0189328642523179,0.144533032001415,-0.0225825697798844
13.53,-0.962548472758642,-0.0175732569095975,0.138444775339486,-0.0221718233493919
13.54,-0.991805060253073,-0.0163919686172496,0.136653918632636,-0.0218939977867937
13.55,-1.0211946981197,-0.0150867305041715,0.135851669666467,-0.0216339963064047
13.56,-1.0527953387787,-0.0133662800894689,0.135299202452935,-0.0213688180576226
13.57,-1.08246417830864,-0.0118032256330028,0.134853699659668,-0.0210929863117334
13.58,-1.11220913883082,-0.0101113290789094,0.134501245797526,-0.0208046628890735
13.59,-1.14200212121704,-0.00828980272501328,0.134255913390074,-0.02050364122423
13.6,-1.17414969529751,-0.00604838797761065,0.134129532898906,-0.0201904954010912
13.61,-1.2039816119618,-0.00396261460838065,0.134134288325038,-0.0198661456623267
13.62,-1.23371834255279,-0.00174148050311143,0.134290823903865,-0.0195313311982727
13.63,-1.26580759624477,0.000905740529184684,0.134622917830052,-0.0191877481432778
13.64,-1.29514824744429,0.00340884583375395,0.135140133856492,-0.0188381972545834
13.65,-1.32405265781172,0.0060613098358718,0.135870671404869,-0.018485112475798
13.66,-1.35231532181216,0.00887070730480616,0.136840290016902,-0.0181308217903647
13.67,-1.38244042687617,0.0121274496910073,0.138051589335608,-0.0177782992603281
13.68,-1.40867920734616,0.015273545668224,0.13950104678191,-0.0174307970926302
13.69,-1.43343024895771,0.0185987597095315,0.141190649037292,-0.0170905186025846
13.7,-1.45928998052003,0.0223827615614443,0.143106687289504,-0.0167602040204781
13.71,-1.48021075591524,0.0260735410266599,0.145215334258929,-0.0164432518724765
13.72,-1.49878237611694,0.0299518260041797,0.150186348861225,-0.016067954958599
13.73,-1.51767667503521,0.0343598195999647,0.164862398682375,-0.0152563196742937
13.74,-1.53065824123395,0.0387947616946814,0.180264438654098,-0.0144758062546095
13.75,-1.54357563974699,0.0437716489009449,0.195052656549495,-0.013865940173509
13.76,-1.55032532217726,0.0487420008423929,0.208183643560241,-0.0134769197009337
13.77,-1.55695126189698,0.0541779329373099,0.217963769999685,-0.0133687635256328
13.78,-1.54730311585952,0.0583388156239107,0.222026746464619,-0.0136225691571356
13.79,-1.53827279182345,0.0628094634484055,0.217199553183517,-0.0143294805061944
13.8,-1.52708435398976,0.0672329936094922,0.202313029757561,-0.0154560909687836
13.81,-1.51111034577616,0.0712749616406845,0.177540015593382,-0.0168874787628669
13.82,-1.4964724189511,0.0752886462025687,0.143690784092219,-0.0184868220801929
13.83,-1.48052662222889,0.0789501984067436,0.102507587159475,-0.0200926461226305
13.84,-1.46079342825777,0.0819820193307053,0.0561889872812672,-0.0215496831881717
13.85,-1.44307052125036,0.0847471062721169,0.00416578458891703,-0.0225764225576962
13.86,-1.4246965041269,0.086950458726437,-0.0540752862563989,-0.0229796009834593
13.87,-1.4058174873156,0.0885691817011167,-0.111167016895111,-0.0228883459645563
13.88,-1.3840240950927,0.0894357866584405,-0.165658596101939,-0.022345359976697
13.89,-1.36454677529938,0.0899457197851687,-0.216638830347207,-0.0213976449690346
13.9,-1.34486664375928,0.0899450406204696,-0.263537050081961,-0.0201004411101768
13.91,-1.32267235949448,0.0893100009863626,-0.305834031757302,-0.0185034299473586
13.92,-1.30278140956952,0.0884210209319651,-0.342907072133804,-0.0166403463900578
13.93,-1.28278741280498,0.0871605457640008,-0.374386440462201,-0.0145443359898918
13.94,-1.26269353586868,0.0855832031109415,-0.40022007144893,-0.0122583033432518
13.95,-1.24036346713496,0.0836026524541968,-0.42045051728283,-0.00982148262802655
13.96,-1.22011751276845,0.0815615513037725,-0.435185671710859,-0.007267621406733
13.97,-1.19975785727709,0.0793663788029257,-0.444540605856035,-0.00462321325901355
13.98,-1.17731322746139,0.076943655516624,-0.448697063480104,-0.00191804324891501
13.99,-1.15676097805425,0.0745999226763505,-0.447979686813346,0.000809524555914165
14,-1.13607892467084,0.0722504649919221,-0.442734126693628,0.00351971053103107
14.01,-1.11347348861482,0.0698268169416386,-0.433374170281889,0.00617008400449052
14.02,-1.09259499718129,0.0675941574056027,-0.420424162883724,0.00871584243245265
14.03,-1.06991784501072,0.0653672127374888,-0.404340354501878,0.0111172818097244
14.04,-1.04887720335879,0.0633832335529499,-0.385682447115305,0.0133342110775674
14.05,-1.0277497155272,0.0615575435594608,-0.365057350328138,0.0153341570532845
14.06,-1.00503318217685,0.0598168300436118,-0.34314088247974,0.0170909772165831
14.07,-0.983844891199534,0.0583525353213155,-0.320692397893592,0.0185852109797667
14.08,-0.962633444896563,0.0570726217203995,-0.298352126443642,0.0198071245107239
14.09,-0.940060653467703,0.055895703020495,-0.276673707256171,0.0207519524248635
14.1,-0.918929894998537,0.0549706897868242,-0.25618487161909,0.0214213815630162
14.11,-0.896592791545704,0.054131805526603,-0.23737129121375,0.0218296694245975
14.12,-0.875646436944931,0.0535036784203389,-0.220618723564948,0.0219950166029732
14.13,-0.854803725099765,0.0529927228974373,-0.205436307601381,0.0219659327895174
14.14,-0.832959596236138,0.0525289287607032,-0.191467577498977,0.0218136745704173
14.15,-0.812391468213121,0.0522175917659886,-0.179371814059244,0.0215200053989093
14.16,-0.790934196979214,0.0519240215569974,-0.169145607459761,0.0211055143305228
14.17,-0.770674182791349,0.0517393519466606,-0.160722175221365,0.0205954898804993
14.18,-0.750555843514404,0.0515897640191872,-0.153997031201481,0.0200161824239156
14.19,-0.729707993167198,0.0514151515417428,-0.148788185726776,0.0193920155986179
14.2,-0.709933824181336,0.05129285415352,-0.144862768181297,0.0187450642544537
14.21,-0.689526211481809,0.0511254662228756,-0.141997949690065,0.0180906775648549
14.22,-0.670105692858103,0.0509789115804549,-0.141239908373306,0.0174886029087155
14.23,-0.650127400545937,0.050753868417689,-0.142401512686963,0.0169547506712624
14.24,-0.631046292628547,0.0505110921945385,-0.143977514816971,0.0164497024715271
14.25,-0.611507846430047,0.0501822381552445,-0.145804901378631,0.0159687346383345
14.26,-0.592811820014644,0.0498254698945745,-0.147829350244621,0.0155116270313934
14.27,-0.574314461706454,0.0494074901729532,-0.150012324919716,0.0150783631065008
14.28,-0.555529691727058,0.0489041798482447,-0.152312624860405,0.0146695651738715
14.29,-0.537531383562099,0.0483617462999428,-0.154700648202611,0.0142853260610079
14.3,-0.519361166528903,0.0477357564984001,-0.157156536002145,0.0139253822038434
14.31,-0.501947906132028,0.0470652027909941,-0.159671151906562,0.0135892237092085
14.32,-0.48447264544822,0.046313350048216,-0.162238499827608,0.0132763246614477
14.33,-0.467728527962755,0.0455123356596625,-0.164854821097188,0.0129862133631797
14.34,-0.451025285558165,0.0446323019959546,-0.167523068706569,0.0127188626686046
14.35,-0.43502908857924,0.0436991029445672,-0.170240351485212,0.012474503590718
14.36,-0.41916686821469,0.0426891984210102,-0.172994664712402,0.0122532944148631
14.37,-0.403987492255654,0.0416230587490464,-0.175772104234467,0.0120552556265296
14.38,-0.389023846759226,0.0404830584768825,-0.178556658633614,0.0118804976755668
14.39,-0.374717513721562,0.039285054148078,-0.181328672368128,0.0117292555682663
14.4,-0.360695822203621,0.0380168799270274,-0.184064021577988,0.0116019338288796
14.41,-0.347303666049083,0.0366905482043114,-0.186729411254295,0.0114991821764242
14.42,-0.334251021995007,0.0352990797321969,-0.189278430346549,0.0114220619696264
14.43,-0.321796570653307,0.033851661948128,-0.191643806012353,0.0113721084620344
14.44,-0.309721883789766,0.0323466267964259,-0.193730429544663,0.0113514539922403
14.45,-0.298209305290296,0.0307918752120338,-0.195397318281476,0.0113634696697046
14.46,-0.287155267838703,0.0291918519829888,-0.196445195361945,0.0114132277814278
14.47,-0.276511439807582,0.0275560757321038,-0.19665194625594,0.0115047157066647
14.48,-0.266360858854435,0.025894448849288,-0.195815727155055,0.0116388198535204
14.49,-0.256616343816297,0.0242219192281069,-0.193750184473611,0.0118139948731995
14.5,-0.247307035926188,0.0225499683685836,-0.190280302840994,0.0120270798515344
14.51,-0.238385200047381,0.0208990755688821,-0.185245345652969,0.0122729436481437
14.52,-0.229835217295973,0.019282109708179,-0.17849420913188,0.0125451462581669
14.53,-0.221641916085531,0.0177239761264071,-0.169942933727449,0.012834436524083
14.54,-0.213754099076835,0.0162375226560002,-0.159612069961643,0.0131260407352316
14.55,-0.206187313447508,0.0148482567323079,-0.147640600316344,0.0134004083380019
14.56,-0.198866598011218,0.013564986712602,-0.134265889955537,0.0136361073456487
14.57,-0.191837589127788,0.0124092614373243,-0.119814819581836,0.0138110667567702
14.58,-0.185010099656017,0.0113824808502189,-0.104668718618184,0.013904702757448
14.59,-0.178457280614543,0.010499141702929,-0.0892467770924948,0.0138992169880048
14.6,-0.172079217058647,0.00975163304307067,-0.0739856874867711,0.0137820729170749
14.61,-0.165971906086394,0.00914613596708404,-0.0593140047287942,0.0135449695630025
14.62,-0.160028451211515,0.00866617925993224,-0.0456184162599617,0.0131859634662914
14.63,-0.154361848456219,0.00831029889536647,-0.033265345074233,0.0127082177705019
14.64,-0.148859080694843,0.00805472549460146,-0.0225497455511122,0.0121201676814253
14.65,-0.143644103424798,0.00789215576980663,-0.013689989464326,0.0114351846748004
14.66,-0.138597877734783,0.0077945471580931,-0.00681267417964384,0.0106709670872258
14.67,-0.133849550524761,0.00775199295672933,-0.00195980036056187,0.00984804423447715
14.68,-0.129274395204108,0.00773580330387527,0.000919917204941873,0.00898854780664345
14.69,-0.125002371411014,0.00773686831168765,0.00195463840255735,0.00811489690043708
14.7,-0.120903761027304,0.00772930900154967,0.00134788079425082,0.00724900153140729
14.71,-0.117106085412352,0.00770770445403965,-0.000651005754209739,0.00641093568345879
14.72,-0.113476109658883,0.00765143897960566,-0.00375019502794052,0.00561848163259327
14.73,-0.110073522553092,0.00755626634332208,-0.00763485387675182,0.00488672659760178
14.74,-0.106954593179017,0.00742072753454516,-0.0119795276029768,0.00422760509832279
14.75,-0.103983815948226,0.00723413600289548,-0.0164718375637304,0.00364960445552011
14.76,-0.101276480309069,0.00700516070826545,-0.0208159674368136,0.00315756962619395
14.77,-0.0986974322248617,0.00672932309808009,-0.0247394707865921,0.00275311945637455
14.78,-0.0963560106024133,0.00642013065379426,-0.0280136069419884,0.00243440603144066
14.79,-0.0941189665416804,0.00607798374766714,-0.0304576811372966,0.00219653546543627
14.8,-0.0920900299430709,0.00571939158555585,-0.0319514815802518,0.002031702880815
14.81,-0.0901397127404913,0.00534749228189366,-0.0324331020799119,0.00192983800665771
14.82,-0.0883670319898151,0.00497945128486584,-0.0319020257293449,0.00187905577518732
14.83,-0.0866481876491498,0.00461877057511053,-0.0304116515565785,0.00186646656665957
14.84,-0.0850786515063842,0.00428100064354708,-0.0280659532227197,0.00187880885360981
14.85,-0.083541760791352,0.00396796015473856,-0.0250068313550948,0.00190342425746475
14.86,-0.0821300210713396,0.00369184372244088,-0.0214116944925775,0.00192837673425232
14.87,-0.0807348397108498,0.00345138155647767,-0.0174694429193245,0.00194346276677685
14.88,-0.0794461184357065,0.00325454070522749,-0.0133748246796904,0.00194042572325211
14.89,-0.0781635979322122,0.00309659595894564,-0.00931534589437405,0.00191330331832873
14.9,-0.0769743579137483,0.00298136083474374,-0.00546542887668983,0.00185847191968114
14.91,-0.0757861431165594,0.00290106264894282,-0.00197520975156622,0.00177471569552633
14.92,-0.0746826370447451,0.00285614278147423,0.00103347524247887,0.00166290007443247
14.93,-0.0735788858736743,0.00283681510562829,0.00347313566293301,0.00152580331170314
14.94,-0.0725544781505629,0.00284142896294015,0.00529340124385634,0.00136779625157253
14.95,-0.0715308353476498,0.00285957421896475,0.00647861915007095,0.0011945013268399
14.96,-0.0705826744672802,0.00288894087870895,0.00704394129481526,0.00101220524358822
14.97,-0.0696368730486938,0.00291978785721928,0.00703436206146074,0.000827506663175537
14.98,-0.0687627620805813,0.00295036671454392,0.00651914753211752,0.000646900568525588
14.99,-0.0678919316099318,0.00297264954888886,0.00558660534850335,0.000476492915886302
15,-0.0670573902969789,0.00298478485142967,0.00433691360913878,0.00032160430541988
15.01,-0.0662868628953355,0.00298564054095105,0.00287642151152128,0.00018658757749213
15.02,-0.0655181156649025,0.00297071324235277,0.00131077445211634,7.46029571847244e-05
15.03,-0.0648064592607476,0.00294236089720892,-0.000257294090895768,-1.24499818743315e-05
15.04,-0.0640935677337673,0.0028983873758635,-0.00173467672969591,-7.38860966545258e-05
15.05,-0.0634297131258776,0.00284270362348465,-0.00304324945998513,-0.000110324025932917
15.06,-0.0627606542867447,0.00277491545603748,-0.00412201175576372,-0.000123447438139128
15.07,-0.0621322016727692,0.00269986873859095,-0.00492845024593026,-0.000115845756309888
15.08,-0.061494304926212,0.00261824983010974,-0.00543878761125332,-9.07906357262741e-05
15.09,-0.0608889151535479,0.0025351165264855,-0.00564738145325676,-5.20466644021653e-05
15.1,-0.0602703085342284,0.00245148934643082,-0.00556538156575087,-3.63891978908753e-06
15.11,-0.0596769516963196,0.00237214530769567,-0.00516824079232522,5.21207978291072e-05
15.12,-0.0590667421359026,0.00229849251800191,-0.00449481437037371,0.000110725228037001
15.13,-0.0584753651816641,0.00223431127051212,-0.0036359302681956,0.000166112129453492
15.14,-0.0578659303104754,0.00217961396473248,-0.00265042553125503,0.000214989077940597
15.15,-0.0572717995622707,0.00213672277524485,-0.00160271439273256,0.000254722911026655
15.16,-0.0566602956466333,0.00210456736627707,-0.000555578015049728,0.000283431523689493
15.17,-0.0560624541993313,0.00208404778881283,0.000433649643144497,0.000300018764039143
15.18,-0.0554494561414298,0.00207313311474607,0.00131534412929172,0.000304151338089407
15.19,-0.0548500170573618,0.00207157693073014,0.00204958549228636,0.000296189380921364
15.2,-0.0542387082466149,0.00207672775979837,0.00260842385841925,0.000277165426091596
15.21,-0.0536418258472064,0.00208763287847284,0.00297477851426739,0.000248624933200007
15.22,-0.0530367955196986,0.00210145533265941,0.00314262104033922,0.000212504069359978
15.23,-0.0524473779616486,0.00211699257798203,0.00311705323509893,0.000171024048310914
15.24,-0.0518533432313859,0.0021316462941266,0.00291268093984182,0.000126537508304923
15.25,-0.0512758269827636,0.00214438421521461,0.00255236613878049,8.1392718006143e-05
15.26,-0.0506965158331596,0.00215318409155042,0.00206498215739115,3.77947745397766e-05
15.27,-0.0501257001354816,0.00215724613944913,0.00148386574778454,-2.28028680152483e-06
15.28,-0.0495713770043604,0.00215601181539571,0.000844855224127083,-3.71552529299694e-05
15.29,-0.0490175671890842,0.00214863804295911,0.000182687417521308,-6.55701846043675e-05
15.3,-0.0484791344288951,0.00213544699553137,-0.000468974835640356,-8.66619303917943e-05
15.31,-0.0479414895336632,0.00211635194807981,-0.00107950381788173,-9.99927309551873e-05
15.32,-0.0474173308933867,0.00209219169601854,-0.00162280829743672,-0.000105533415997307
15.33,-0.0468934217431638,0.00206347335492302,-0.00207894255947103,-0.000103666969934948
15.34,-0.0463806324627409,0.00203135319184809,-0.00243365692670064,-9.51021274191257e-05
15.35,-0.0458671225110621,0.00199668676373676,-0.00267951044823153,-8.08448643934614e-05
15.36,-0.0453622763117423,0.00196070756775213,-0.00281490380103996,-6.20912557589793e-05
15.37,-0.0448556977812764,0.00192436260604399,-0.00284433073338154,-4.01684118703146e-05
15.38,-0.044355583241515,0.00188873402053403,-0.00277708305656856,-1.64423880145114e-05
15.39,-0.0438530069753362,0.00185463886970835,-0.00262677090412358,7.74179229938543e-06
15.4,-0.0433552371137473,0.00182283425371059,-0.00240989001619812,3.11462904401796e-05
15.41,-0.0428547861480499,0.00179385836577118,-0.00214532761755133,5.26637861085927e-05
15.42,-0.0423581610259323,0.00176804844142901,-0.00185238939196652,7.13961756657338e-05
15.43,-0.0418592137637095,0.00174560353582873,-0.0015504603764136,8.66588202835537e-05
15.44,-0.041363776550865,0.00172643792262056,-0.00125739017152989,9.80270391402179e-05
15.45,-0.0408668809734518,0.0017104363890032,-0.000989317881778203,0.000105312539896356
15.46,-0.0403737012378205,0.00169716187584464,-0.00075930469504968,0.000108584591902855
15.47,-0.0398802506269504,0.00168627376435625,-0.000577973926286944,0.000108097233490542
15.48,-0.0393910318721353,0.0016771007493317,-0.000451875685977632,0.00010430561065459
15.49,-0.038902842388838,0.00166920317329699,-0.000384346986891298,9.77905826394612e-05
15.5,-0.0384194887627736,0.00166182140050107,-0.000375012250955267,8.92403271896808e-05
15.51,-0.0379383729718921,0.00165455049259319,-0.00042074736916709,7.93794510367893e-05
15.52,-0.0374625969562512,0.00164667397295837,-0.000515454888688165,6.89537148576026e-05
15.53,-0.0369900230841207,0.00163793065792114,-0.000651288057664979,5.86604043816564e-05
15.54,-0.0365221625747498,0.00162785392041316,-0.000818675008282115,4.91356019505554e-05
15.55,-0.0360599546556593,0.00161606056361129,-0.00100704185070048,4.09172368985886e-05
15.56,-0.0356017786903067,0.00160261613177238,-0.00120572233637481,3.44196631416247e-05
15.57,-0.0351491284904331,0.00158723341952791,-0.00140414697401508,2.99417850183165e-05
15.58,-0.0347006680542048,0.00157020107012168,-0.00159282690825651,2.76347846894353e-05
15.59,-0.0342573670813575,0.00155140916866353,-0.00176311173327404,2.75350720497403e-05
15.6,-0.0338181654377969,0.00153132713583202,-0.00190821862968887,2.95479212975116e-05
15.61,-0.033383620920544,0.00150997012836992,-0.00202285326112943,3.3488871355395e-05
15.62,-0.0329529535917317,0.00148791857557811,-0.00210404967343085,3.90719855339385e-05
15.63,-0.0325264045782703,0.00146523950297916,-0.00215039154922059,4.59606971522722e-05
15.64,-0.032103476130569,0.00144254555125862,-0.0021626499208308,5.37626683474142e-05
15.65,-0.0316841780623367,0.00141988333499461,-0.00214291266739179,6.20789616101737e-05
15.66,-0.0312682966928008,0.00139782609117468,-0.00209512635894103,7.04973055267223e-05
15.67,-0.0308556823323709,0.00137633956975021,-0.00202397883124308,7.86427568319151e-05
15.68,-0.0304463904669561,0.00135590550593878,-0.00193525627758417,8.61719993049344e-05
15.69,-0.0300401575723246,0.00133637374670395,-0.00183486331121533,9.28102468298905e-05
15.7,-0.0296372830874336,0.00131810964042499,-0.00172911772846022,9.83355829178617e-05
15.71,-0.0292374203165444,0.00130083860595722,-0.00162374776432425,0.000102608965895599
15.72,-0.0288410775644117,0.00128481241943223,-0.00152425460887407,0.000105551050864071
15.73,-0.0284478382683044,0.00126964971745514,-0.00143503450205954,0.00010716516475753
15.74,-0.028058374825207,0.00125551439854997,-0.00135985109761252,0.000107507306679202
15.75,-0.0276722004975607,0.00124195396216383,-0.00130109494208547,0.000106702183228927
15.76,-0.0272901026423096,0.00122908328461119,-0.00126040189225041,0.000104906144423767
15.77,-0.0269115180365933,0.0012164223510516,-0.00123791603020438,0.00010232439176477
15.78,-0.0265373011329881,0.00120408041314075,-0.00123311021825068,9.91707699173645e-05
15.79,-0.0261668036838714,0.00119159276155178,-0.00124429547160512,9.56785575358681e-05
15.8,-0.0258009064267615,0.00117909916657706,-0.00126936738531378,9.20649850051882e-05
15.81,-0.0254392918500255,0.00116632670867645,-0.00130534538435906,8.85443801560382e-05
15.82,-0.0250815810797427,0.00115303673876082,-0.00134904589406222,8.53007272853383e-05
15.83,-0.0247286404924694,0.00113945530852386,-0.00139726342738263,8.24792986863634e-05
15.84,-0.0243796158898544,0.00112526604424623,-0.00144651671773494,8.02040333376233e-05
15.85,-0.0240353441365624,0.00111075942467742,-0.00149382684673911,7.85462808518531e-05
15.86,-0.0236949054318902,0.00109568368194277,-0.00153621410122428,7.75488091900053e-05
15.87,-0.0233591128326207,0.00108038290523955,-0.00157144923217268,7.72031924721786e-05
15.88,-0.0230270107207797,0.00106465477437702,-0.00159757048343384,7.74753324246161e-05
15.89,-0.0226993913247799,0.00104887673751722,-0.00161350665005185,7.82887094035036e-05
15.9,-0.0223752856786525,0.00103287301342378,-0.00161853739839422,7.95532467218571e-05
15.91,-0.0220554763369325,0.00101702970141461,-0.00161282090764231,8.11505526781477e-05
15.92,-0.021739008298475,0.00100117330096891,-0.00159677782935329,8.29625843747233e-05
15.93,-0.0214266645341699,0.000985675714376156,-0.00157158723161376,8.48572805194941e-05
15.94,-0.0211175226400755,0.000970345676795563,-0.00153852154721914,8.67176389402346e-05
15.95,-0.020812370533589,0.000955523999980617,-0.00149942380824334,8.84258358301514e-05
15.96,-0.020510330131394,0.000940988759278735,-0.0014560050868529,8.98902204815328e-05
15.97,-0.0202121933973203,0.000927041124560986,-0.00141031294912845,9.10279031783243e-05
15.98,-0.0199171305880732,0.000913424465823253,-0.00136406808310885,9.17889396788758e-05
15.99,-0.0196259310065834,0.000900400456167889,-0.00131911538941379,9.21377537974102e-05
16,-0.0193378100473591,0.000887681500714795,-0.00127686891700057,9.20709732358513e-05
16.01,-0.0190535442956445,0.000875496223159415,-0.00123872333923489,9.1597117759644e-05
16.02,-0.0187723883695394,0.00086353534070121,-0.00120546607925067,9.07547891414753e-05
16.03,-0.0184950948613345,0.000852006546188163,-0.00117782425754199,8.95877747125442e-05
16.04,-0.0182209497943884,0.000840592089826628,-0.00115591618811514,8.81620692881366e-05
16.05,-0.0179506715865223,0.000829492095844826,-0.00113981297373031,8.65410249884804e-05
16.06,-0.0176835708358656,0.000818393257554567,-0.00112902155892432,8.48020356809548e-05
16.07,-0.0174203239014101,0.000807500271474099,-0.00112307067981382,8.30119167943926e-05
16.08,-0.0171605793762133,0.000796640797747781,-0.00112101993935984,8.12439035855822e-05
16.09,-0.0169040110229108,0.000785655800719489,-0.00112193841494059,7.95587495472891e-05
16.1,-0.0166512236305838,0.000774770643394391,-0.00112498816680654,7.79995981922068e-05
16.11,-0.0164015764153156,0.000763720583850067,-0.0011289749723669,7.66131373856225e-05
16.12,-0.0161556246971593,0.000752749293623173,-0.00113302430650283,7.54221252922312e-05
16.13,-0.0159127424000118,0.000741614870828013,-0.00113604567152519,7.4447264953685e-05
16.14,-0.0156734432321635,0.000730577172225531,-0.00113735909006097,7.3685836288237e-05
16.15,-0.0154371265664413,0.000719412772717884,-0.00113619247560109,7.31330510570231e-05
16.16,-0.0152042679924893,0.00070839176998344,-0.00113221892853472,7.27639239358497e-05
16.17,-0.0149742958782486,0.000697302056149867,-0.00112503557955388,7.25552774266353e-05
16.18,-0.01474765466034,0.000686416666984428,-0.0011146913297946,7.24677508895828e-05
16.19,-0.0145238068147542,0.000675527241177457,-0.00110114567328085,7.2468124095704e-05
16.2,-0.0143031694117361,0.00066490273617634,-0.00108477957381815,7.25116691978084e-05
16.21,-0.0140852406613838,0.000654331867272516,-0.00106584628386777,7.25642588264648e-05
16.22,-0.0138704137712899,0.000644073876121782,-0.00104496583693992,7.25844762312494e-05
16.23,-0.0136582238059297,0.000633909754579995,-0.00102256777875337,7.25450751751948e-05
16.24,-0.0134490425494977,0.000624085719794254,-0.000999379138310113,7.24145021059294e-05
16.25,-0.013242441363106,0.000614372849180345,-0.000975868463490966,7.21775663609087e-05
16.26,-0.0130387717473734,0.000605003726255034,-0.000952736321435275,7.18162406978829e-05
16.27,-0.0128376392637897,0.000595739949908536,-0.000930368415908886,7.13294068860099e-05
16.28,-0.012639375176164,0.000586802240300962,-0.000909337446666073,7.07125797912781e-05
16.29,-0.0124436161484027,0.000577945267421142,-0.00088984560384504,6.99778588876332e-05
16.3,-0.0122506721995705,0.000569381596873423,-0.000872256651504215,6.91329095377653e-05
16.31,-0.0120602069355389,0.000560862906239621,-0.000856573840616462,6.81995350393237e-05
16.32,-0.011872507763206,0.000552597775563263,-0.000842954418617221,6.71931001752223e-05
16.33,-0.0116872611882428,0.00054433886463079,-0.000831196780906112,6.61408309317299e-05
16.34,-0.0115047307748011,0.0005362949099632,-0.000821269606897933,6.50609793927373e-05
16.35,-0.0113247506996501,0.00052833566518275,-0.000812810717834884,6.39810621399838e-05
16.36,-0.0111471741433213,0.000520336334754799,-0.000805547130854466,6.29217818634482e-05
16.37,-0.010972227441103,0.000512510257397226,-0.000799335858327112,6.1893703400181e-05
16.38,-0.0107996431465462,0.000504625671216042,-0.000793695674664119,6.09182946951743e-05
16.39,-0.0106296219604491,0.00049690172425716,-0.000788405875486523,6.00033103181795e-05
16.4,-0.010461906101856,0.000489114709009311,-0.000783010563620493,5.91618346405883e-05
16.41,-0.0102966766389017,0.000481489190943482,-0.000777347037285184,5.83929650246894e-05
16.42,-0.0101336917231798,0.00047380814863844,-0.000771044696464423,5.77013463161653e-05
16.43,-0.00997311408482204,0.000466299959480685,-0.000764046518652072,5.70782198165691e-05
16.44,-0.00981471778053766,0.000458752092154669,-0.000756100053959667,5.65212938402829e-05
16.45,-0.00965865009947642,0.000451394463628774,-0.000747271968843819,5.60161054292378e-05
16.46,-0.00950470099600942,0.000444016509046857,-0.000737433155990351,5.5556058832295e-05
16.47,-0.00935300402307071,0.000436847338807485,-0.000726766801723068,5.51239102145e-05
16.48,-0.00920336487015838,0.000429675990599414,-0.000715247940041131,5.47117935762638e-05
16.49,-0.00905590528430089,0.000422728796037387,-0.000703147042371535,5.43026477460742e-05
16.5,-0.00891044629745252,0.000415792620956559,-0.000690506484085927,5.38900935501982e-05
16.51,-0.00876709940102138,0.000409089773212044,-0.000677642300103393,5.34596813586174e-05
16.52,-0.00862570021354436,0.000402404001668976,-0.000664620117791357,5.30085250564209e-05
16.53,-0.00848635115918484,0.000395953205522021,-0.000651757589777671,5.25263005762637e-05
16.54,-0.00834890136727928,0.000389517936960611,-0.000639101975392664,5.20146008505251e-05
16.55,-0.00821344501878229,0.00038331211240068,-0.000626935245725172,5.14676779565946e-05
16.56,-0.00807984339082601,0.000377113747621517,-0.000615254827494497,5.08915423672876e-05
16.57,-0.00794818286276389,0.000371133786594576,-0.000604287600014571,5.02845201935052e-05
16.58,-0.00781833529471143,0.000365148877920999,-0.000593953390653858,4.96560857405972e-05
16.59,-0.00769037942672135,0.000359368443561739,-0.000584411085197342,4.90073546354158e-05
16.6,-0.00756419611429138,0.000353569046349589,-0.000575522799552508,4.83498535389982e-05
16.61,-0.00743985654113999,0.000347959914102631,-0.00056737797725777,4.76858761045929e-05
16.62,-0.00731729107487666,0.00034242636861005,-0.000559783533186676,4.70273137560048e-05
16.63,-0.00719643701379624,0.000336856333954707,-0.000552668656565651,4.63805268998908e-05
16.64,-0.00707735384879449,0.000331459508785234,-0.000546110792186518,4.57437703510645e-05
16.65,-0.00695994195262095,0.000326016926622169,-0.000539858013321232,4.51283148188758e-05
16.66,-0.00684425174756598,0.000320740377547375,-0.000533913191016834,4.45344612545841e-05
16.67,-0.00673018397772829,0.000315413699621408,-0.000528028265472389,4.39705106923106e-05
16.68,-0.00661778489493692,0.000310250762758136,-0.000522221653582594,4.34336235451648e-05
16.69,-0.00650696206846924,0.000305037751639726,-0.00051627047323862,4.29290157040065e-05
16.7,-0.00639775727383096,0.00029999016189446,-0.000510226832419393,4.24509360405737e-05
16.71,-0.00629008388697372,0.00029489583274092,-0.000503908092161268,4.20019152533795e-05
16.72,-0.00618397988707109,0.000289971143442439,-0.000497406311095684,4.15740486362556e-05
16.73,-0.00607936409715393,0.000285004764791212,-0.000490580743851415,4.11682154303524e-05
16.74,-0.00597627093793562,0.000280213155772651,-0.000483568244293114,4.07752638124312e-05
16.75,-0.00587462434084962,0.000275384943174672,-0.000476266779818416,4.03954308349118e-05
16.76,-0.00577445578433888,0.000270735926825403,-0.000468845212687366,4.00194742914594e-05
16.77,-0.00567569394895884,0.000266054040394838,-0.000461226795354725,3.96480316649148e-05
16.78,-0.00557836776223475,0.000261553951186501,-0.000453599459161837,3.92726719785449e-05
16.79,-0.00548241013729367,0.000257022514532284,-0.000445898235042058,3.88951763852401e-05
16.8,-0.00538784782751378,0.000252673059410236,-0.000438315621265596,3.85084921670402e-05
16.81,-0.005294617475057,0.000248291262499063,-0.000430783921888054,3.81159248528999e-05
16.82,-0.00520274403954879,0.000244089188477317,-0.000423486657007644,3.77120036327836e-05
16.83,-0.00511216741053566,0.000239851500794207,-0.000416341557147127,3.73015924965114e-05
16.84,-0.00502291108465691,0.000235789301607203,-0.000409513547750967,3.68806784947732e-05
16.85,-0.00493491772605026,0.000231686593767824,-0.000402898858995717,3.64554136458422e-05
16.86,-0.00484820961278132,0.000227753951676404,-0.000396639475905088,3.60228496734053e-05
16.87,-0.00476273172706598,0.000223775158406145,-0.000390607679174425,3.55899757991943e-05
16.88,-0.00467850526578495,0.000219960736674773,-0.000384923277750775,3.51544029597432e-05
16.89,-0.00459549485812083,0.000216201107608,-0.000379438820950535,3.47233860327106e-05
16.9,-0.00451366665592268,0.000212388442577432,-0.000374142611784732,3.42989641372041e-05
16.91,-0.00443303964350861,0.000208732641357541,-0.000369179372651038,3.38756938738452e-05
16.92,-0.00435356539883891,0.000205018705284666,-0.000364367908143106,3.34617383903355e-05
16.93,-0.00427525971984721,0.000201457480702656,-0.000359783727789861,3.30550941457173e-05
16.94,-0.00419807029542341,0.000197835091432134,-0.000355246237294619,3.26626000361543e-05
16.95,-0.00412201408965807,0.000194363360582975,-0.000350836093647864,3.22808471318577e-05
16.96,-0.00404704154925817,0.000190829311336926,-0.000346382188626384,3.19152906019085e-05
16.97,-0.00397316977413098,0.000187445584607678,-0.000341978271426399,3.15612159781316e-05
16.98,-0.00390035098836883,0.000183999852832087,-0.000337468507586566,3.12229062187488e-05
16.99,-0.00382860242947203,0.000180705279703082,-0.000332963580624106,3.0894639460255e-05
17,-0.00375787789435655,0.00017734985605527,-0.000328324964870841,3.05798851058537e-05
17.01,-0.00368819438030066,0.000174146943773884,-0.000323680457582552,3.02723162117359e-05
17.02,-0.00361950685005397,0.000170884523480876,-0.000318907236374999,2.99750153800936e-05
17.03,-0.00355183188536756,0.000167775858775378,-0.000314147086303924,2.9681479519425e-05
17.04,-0.00348512530990774,0.000164608651841507,-0.000309288556623032,2.93948145623433e-05
17.05,-0.00341940328154244,0.000161595853107426,-0.000304482215478616,2.91087144884769e-05
17.06,-0.00335462227422667,0.000158524718062514,-0.000299622262826218,2.88266301264428e-05
17.07,-0.0032907981809629,0.00015560777730861,-0.000294862140647582,2.85427120855044e-05
17.08,-0.00322788801389251,0.000152631784764973,-0.000290095939025923,2.82609467424388e-05
17.09,-0.00316590766388103,0.000149808853746108,-0.000285474621426155,2.79760610278642e-05
17.1,-0.00310481463796997,0.00014692528385541,-0.000280887454701762,2.76926263788745e-05
17.11,-0.00304462510664294,0.000144192862918103,-0.000276479035319805,2.74059306073099e-05
17.12,-0.00298529705833772,0.000141397558189231,-0.000272130856174992,2.71210566966032e-05
17.13,-0.00292684716892033,0.000138750981092951,-0.000267979179670584,2.68337317600063e-05
17.14,-0.00286923387508686,0.00013603892764513,-0.000263896756880781,2.65493913820034e-05
17.15,-0.00281247448034883,0.000133473001775947,-0.000260011502064162,2.62640177209977e-05
17.16,-0.00275654236594391,0.000130945248503262,-0.000256188270052012,2.59832008942646e-05
17.17,-0.00270141108161326,0.00012834924881867,-0.000252433593129791,2.57073586503581e-05
17.18,-0.00264709818408093,0.000125895611234009,-0.000248913627146616,2.54296553793309e-05
17.19,-0.00259356551160117,0.000123370482113504,-0.000245469912159541,2.51569734726136e-05
17.2,-0.00254082893269114,0.000120985003101084,-0.000242202644809623,2.48863043359827e-05
17.21,-0.00248884547903216,0.000118525925869011,-0.000238954249988036,2.46237329843937e-05
17.22,-0.00243763351225823,0.000116204942142788,-0.000235828077153891,2.43654113462208e-05
17.23,-0.0023871520329557,0.000113809235228415,-0.000232671430067297,2.41166305111076e-05
17.24,-0.00233742065389286,0.00011155097291178,-0.000229594493348958,2.38728033224882e-05
17.25,-0.00228839929519253,0.00010921765387141,-0.000226452478471836,2.36385629885739e-05
17.26,-0.0022401085160535,0.000107021770107148,-0.000223364376098493,2.34087614350364e-05
17.27,-0.00219250900017265,0.000104750969576833,-0.000220194266547402,2.31875804987838e-05
17.28,-0.00214562172961408,0.000102617904548005,-0.000217069919668968,2.29695346364007e-05
17.29,-0.00209940775456552,0.000100410211833523,-0.000213863366728513,2.27585857865213e-05
17.3,-0.00205388807678375,9.83405569993379e-05,-0.000210709516779823,2.25491394249312e-05
17.31,-0.00200902379097556,9.6196436347506e-05,-0.000207486107974175,2.2345152592771e-05
17.32,-0.00196483574618256,9.41904209631534e-05,-0.000204332553556319,2.21411146507162e-05
17.33,-0.00192128490163412,9.2109784864922e-05,-0.000201129457606708,2.1941141476123e-05
17.34,-0.00187839198941475,9.01669481919628e-05,-0.000198017831311696,2.17399365755557e-05
17.35,-0.00183611777765869,8.81489342403105e-05,-0.000194878362156088,2.15418689033562e-05
17.36,-0.00179448307154573,8.62680066515498e-05,-0.000191851100810139,2.13419144053466e-05
17.37,-0.0017534484938686,8.43109566288553e-05,-0.000188814585889222,2.11447184850651e-05
17.38,-0.00171303517545951,8.24899272490109e-05,-0.000185906084803156,2.09455215866818e-05
17.39,-0.00167320368614376,8.0591530988817e-05,-0.000183000619744611,2.07492100584373e-05
17.4,-0.00163397570980983,7.8827852625155e-05,-0.000180231761780195,2.0551231240368e-05
17.41,-0.00159531185091133,7.69853969321758e-05,-0.000177470562691147,2.03566379116258e-05
17.42,-0.00155723449025835,7.52762626216498e-05,-0.000174846871483117,2.01609988859615e-05
17.43,-0.00151971975258647,7.35931247196839e-05,-0.0001722281370823,1.99694423356196e-05
17.44,-0.00148274374667068,7.18301512898098e-05,-0.000169626328504704,1.97819123699074e-05
17.45,-0.00144632925322341,7.01983206402494e-05,-0.000167214147169368,1.95912144383325e-05
17.46,-0.00141043972735844,6.84842946158514e-05,-0.000164839643327624,1.94038357569731e-05
17.47,-0.0013750963562007,6.68994409735756e-05,-0.000162611422765523,1.92164549395965e-05
17.48,-0.00134025770116253,6.52308759153695e-05,-0.00016037906851248,1.90348984830283e-05
17.49,-0.00130594751334634,6.36903589203398e-05,-0.000158254093559319,1.88551687607224e-05
17.5,-0.00127212625561768,6.20652938954821e-05,-0.000156089951517178,1.86824705493188e-05
17.51,-0.00123881895514089,6.05677771040297e-05,-0.000154003357085907,1.8512239484479e-05
17.52,-0.00120598693919938,5.89854174174506e-05,-0.000151853562273517,1.83491853564719e-05
17.53,-0.00117365614620901,5.75305376699284e-05,-0.00014976360830761,1.81883291608745e-05
17.54,-0.00114178859775826,5.59908362620768e-05,-0.000147598939477505,1.80340522561465e-05
17.55,-0.00111041055874139,5.45787513262966e-05,-0.000145488676632387,1.78811340143234e-05
17.56,-0.00107948433292826,5.30819646868453e-05,-0.000143303621597959,1.77338010883412e-05
17.57,-0.00104903607408424,5.17129330679615e-05,-0.000141177643359621,1.75867579837981e-05
17.58,-0.0010190280525233,5.02592394675551e-05,-0.000138985217633681,1.74442297088715e-05
17.59,-0.000989486095651415,4.89332913871703e-05,-0.000136863080661223,1.73009798097504e-05
17.6,-0.000960372254183994,4.7522523841868e-05,-0.000134687405727285,1.71613422255661e-05
17.61,-0.000931712045684208,4.6239261316454e-05,-0.000132595841543385,1.70202248209473e-05
17.62,-0.000903467257760582,4.48707759249349e-05,-0.000130464438293428,1.68821294482924e-05
17.63,-0.000875663281986405,4.36293071464308e-05,-0.00012843011340546,1.67421420422765e-05
17.64,-0.000848261707503184,4.23019780834391e-05,-0.000126367422165213,1.66049424782896e-05
17.65,-0.000821288056201297,4.11009659937241e-05,-0.000124411481059317,1.64657844984687e-05
17.66,-0.000794703833866706,3.98132784402881e-05,-0.000122434564782155,1.63294982617433e-05
17.67,-0.000768534931818721,3.86510683246495e-05,-0.000120569497989878,1.61914644945012e-05
17.68,-0.00074274288397902,3.74012706563969e-05,-0.000118686092000854,1.60566134310799e-05
17.69,-0.000717354112497404,3.6276056370885e-05,-0.00011691495016359,1.5920397143533e-05
17.7,-0.000692346411954148,3.51684406827952e-05,-0.000115123709384815,1.57877881954268e-05
17.71,-0.000667697618874641,3.39729266901338e-05,-0.0001133261831362,1.5658561918506e-05
17.72,-0.0006434343441164,3.29005196547746e-05,-0.000111697140864372,1.55254503803098e-05
17.73,-0.000619521047902083,3.17382789092681e-05,-0.000110086217057455,1.53947927351074e-05
17.74,-0.000595982618408541,3.0697549679242e-05,-0.000108605152592262,1.52631610393473e-05
17.75,-0.0005727786841625,2.95658031720093e-05,-0.000107105520259272,1.51362734242691e-05
17.76,-0.000549936571619725,2.85547185386487e-05,-0.000105702008801227,1.50100795815447e-05
17.77,-0.00052741786816668,2.74520109544316e-05,-0.000104249858405143,1.4889733864653e-05
17.78,-0.000505251054155664,2.64696434234532e-05,-0.000102868525341661,1.4770678229837e-05
17.79,-0.00048339863062985,2.53955005926096e-05,-0.000101418428467203,1.46576288178045e-05
17.8,-0.000461889868713428,2.44417316370804e-05,-0.000100024597624978,1.45456651454223e-05
17.81,-0.000440688012069756,2.33962894309363e-05,-9.85528100531062e-05,1.44392200088836e-05
17.82,-0.00041982253043038,2.24714148221118e-05,-9.71333037733588e-05,1.4333167836237e-05
17.83,-0.000399256983367735,2.14550397456412e-05,-9.56363546146381e-05,1.42318133705893e-05
17.84,-0.0003790205909322,2.05594173769274e-05,-9.41961409685038e-05,1.41299726839754e-05
17.85,-0.000359076898631017,1.95723916764235e-05,-9.2685905261468e-05,1.40319550730308e-05
17.86,-0.000339454652536375,1.87061748786658e-05,-9.12421029109251e-05,1.39326322377969e-05
17.87,-0.000320117186021207,1.77484850762845e-05,-8.9739217224465e-05,1.3836410197528e-05
17.88,-0.000301092782891033,1.69114688974379e-05,-8.83143145718499e-05,1.37382855215296e-05
17.89,-0.000282344512893218,1.59827091143372e-05,-8.68416060926799e-05,1.36428068703982e-05
17.9,-0.000263900382989846,1.51742878184556e-05,-8.5457437613344e-05,1.35451197104988e-05
17.91,-0.000245723263802233,1.42736657449367e-05,-8.40346639869034e-05,1.34499192486307e-05
17.92,-0.000227841148191743,1.34928807749018e-05,-8.27080802467187e-05,1.33524869262361e-05
17.93,-0.000210216818725684,1.26192997498403e-05,-8.13486160819731e-05,1.32576376520433e-05
17.94,-0.000192878499845506,1.18649474310834e-05,-8.0089198384272e-05,1.31607520127956e-05
17.95,-0.00017578900380677,1.10171310073205e-05,-7.87987634571529e-05,1.30667209693919e-05
17.96,-0.000158976963849256,1.02878956778257e-05,-7.76084830900512e-05,1.29709771936994e-05
17.97,-0.000142405301229331,9.46452191126677e-06,-7.6385588701729e-05,1.28784400762958e-05
17.98,-0.00012610313279815,8.7591049330483e-06,-7.52599238211951e-05,1.278454885052e-05
17.99,-0.000110049949830326,8.06492461842476e-06,-7.40975298404139e-05,1.26942097740196e-05
18,0.000520780918391139,0.00353155126646883,-7.2912263188965e-05,1.26071024886957e-05
18.01,0.00114161985287176,0.00585160723859528,0.00378769606012132,0.000155549072663196
18.02,0.00205051498036823,0.00821719637268671,0.00753184273532741,0.000271501461932976
18.03,0.00321782294387951,0.0105609469204586,0.00842823753076611,0.000238565741624693
18.04,0.00460490519836476,0.0129152630902839,0.00514194144442933,3.39982767316692e-05
18.05,0.00623732563710533,0.0151960605592732,-0.00282923491304361,-0.000318904260490193
18.06,0.00817483416573239,0.0174904054959547,-0.0153205124544182,-0.000766761935882964
18.07,0.0105025556639813,0.0196912597685759,-0.0314623217621582,-0.00123416008057984
18.08,0.0133241050441004,0.0219217077780361,-0.0502478403769291,-0.00165273091309102
18.09,0.0167605630012719,0.0240506369720032,-0.070657907519849,-0.00196839410769545
18.1,0.0209139243122802,0.0262286582520647,-0.0919420041646283,-0.00215053817822371
18.11,0.0258962507732168,0.0282885526352227,-0.113443476771666,-0.00218174701291829
18.12,0.0317573231516661,0.0304003834130661,-0.134699454058243,-0.00205771864094205
18.13,0.0385934969602868,0.0323619840055576,-0.155266269458015,-0.00177791382022679
18.14,0.0463902678143242,0.0343684157874322,-0.174773114732182,-0.00134629765996526
18.15,0.055256648226667,0.0361911159779066,-0.192932203595268,-0.00077089487974579
18.16,0.0651107948103444,0.0380547085044788,-0.209633123847031,-6.71735988924513e-05
18.17,0.0761007098370161,0.0397066148977974,-0.224758890338996,0.000750125813620154
18.18,0.0880666152805407,0.0414014966112857,-0.238261804209104,0.00166543958462077
18.19,0.101222676804408,0.0428649032364097,-0.250097377226229,0.00266419498989812
18.2,0.115317412307766,0.0443805330531673,-0.260266111119539,0.00373231024881228
18.21,0.130653049915347,0.0456515280920972,-0.268780866808066,0.00485649008857704
18.22,0.14686738956577,0.0469883993458279,-0.275654167112988,0.00602525476010081
18.23,0.164369635226826,0.0480714612259229,-0.280975580316066,0.00722656330800825
18.24,0.182666330101085,0.0492352262642655,-0.284859393515489,0.00844876284370098
18.25,0.202290829052027,0.0501358953582744,-0.287436936943669,0.00968052627946483
18.26,0.222598735617368,0.0511299126945285,-0.288832027497523,0.0109118924551334
18.27,0.244265532625267,0.0518498759260534,-0.289228020514492,0.0121308364063845
18.28,0.266478009844578,0.0526727758629707,-0.288738303822325,0.0133288813762105
18.29,0.28957055889518,0.0534116959343064,-0.28743738060998,0.0144998955914933
18.3,0.314055237793347,0.0538580675842513,-0.285388802567385,0.0156389561032488
18.31,0.338842246528271,0.0544217586599995,-0.282668812535704,0.0167427756222215
18.32,0.36504162477868,0.0546823645916813,-0.279364300217894,0.0178077755213691
18.33,0.391362094124258,0.055068907324839,-0.27555438327207,0.0188310815860742
18.34,0.419114302058951,0.0551421601620972,-0.271312830942167,0.0198096724109213
18.35,0.446797623255188,0.0553496794138577,-0.266694220028699,0.0207415876709611
18.36,0.475071799445431,0.0554699603933786,-0.261761229079798,0.0216250860063514
18.37,0.50481952158445,0.0552633511885532,-0.256572840713864,0.022459289615424
18.38,0.534211619866845,0.0552045732642664,-0.251165292579773,0.023243205941604
18.39,0.565116254231137,0.0548117803591613,-0.245601298356557,0.023974863049874
18.4,0.595475112614019,0.054574767876351,-0.239961730956929,0.0246519725953901
18.41,0.626232997202473,0.0542505296318568,-0.23429422095192,0.0252734746928091
18.42,0.658574523841636,0.0535807898172417,-0.228619526995786,0.0258395099224437
18.43,0.690086849190417,0.0530773395452116,-0.222953547955333,0.0263505046714708
18.44,0.72189734986386,0.0524861826776827,-0.217310201081221,0.0268068225548085
18.45,0.755379682782726,0.0515400451424256,-0.211701996307841,0.0272088279035113
18.46,0.787758088271734,0.050770185164719,-0.206139413564598,0.0275569375505592
18.47,0.820346935952022,0.0499129039803757,-0.200629784852796,0.02785157990091
18.48,0.854710567653326,0.0486932357644907,-0.195180051073698,0.0280932481342511
18.49,0.887703922182599,0.0476586033704146,-0.189796893989581,0.0282825046552035
18.5,0.920831843921647,0.0465371327390959,-0.184485159756192,0.0284200098196571
18.51,0.955851094510758,0.0450478378581027,-0.179251227540016,0.0285065189059744
18.52,0.989244029378683,0.0437508119122569,-0.174103159336136,0.0285427733175669
18.53,1.02270711194057,0.0423674164235195,-0.169046407942858,0.0285295946293777
18.54,1.05818940697528,0.040612210543249,-0.164089316965394,0.0284679466225172
18.55,1.09179986715892,0.0390542999331186,-0.159236111179863,0.0283591746107174
18.56,1.12542705822833,0.0374099743378958,-0.154489435402781,0.0282046833424439
18.57,1.16121020520868,0.0353911074345106,-0.149855446799422,0.0280057641606652
18.58,1.19487973891307,0.0335717098664181,-0.145342346586573,0.0277636643296274
18.59,1.22850426599338,0.0316641220991293,-0.140959422737466,0.027479707384201
18.6,1.26205135434837,0.0296667505483596,-0.136722612037572,0.0271555749460935
18.61,1.29787597727316,0.027281322548609,-0.135193499369094,0.0267076210383603
18.62,1.33110689112251,0.0250346764263714,-0.138094652985081,0.026043671929442
18.63,1.36398212138414,0.0226194479088481,-0.141433424362874,0.0253950089992981
18.64,1.39898414251924,0.019744674804324,-0.144915821401824,0.0247887132278022
18.65,1.43085097903536,0.0169777322335246,-0.148535840585921,0.0242271816147657
18.66,1.46190641707661,0.0140254888308852,-0.152264373700933,0.0237107621913683
18.67,1.49190243327357,0.010881261583646,-0.156076054735869,0.0232394877549597
18.68,1.52336752728641,0.00725890236216975,-0.159947809235041,0.0228130618989076
18.69,1.5504310023715,0.00371578187726274,-0.163854253550541,0.0224306757671934
18.7,1.57554865795456,-3.16868413645366e-05,-0.167773357115942,0.0220912193032633
18.71,1.60137427684801,-0.00425518363188318,-0.171688616656045,0.0217934846562272
18.72,1.6218105279646,-0.00840253172027711,-0.175587552242914,0.0215362678064981
18.73,1.63952966784626,-0.01273961553415,-0.178714409850753,0.0212943244964199
18.74,1.65733818346788,-0.0174976543226846,-0.179093498411131,0.020982665105005
18.75,1.66907873622917,-0.0221235045187613,-0.179615800031122,0.0206586531548536
18.76,1.68069110979558,-0.0271294703633871,-0.180803228145036,0.0203306585650702
18.77,1.6860966745658,-0.0319911882442347,-0.182776160941127,0.0200016619767361
18.78,1.68117066768435,-0.0360347977420375,-0.185617192056283,0.0196747375110192
18.79,1.67363579045302,-0.0401759379991682,-0.189330310595098,0.0193561624350176
18.8,1.66066529594887,-0.0441831887746444,-0.193784437490126,0.019057009530584
18.81,1.64830407538119,-0.0485238764026241,-0.198575949804498,0.0187954718652059
18.82,1.63373930629605,-0.0529487221256621,-0.20273866002458,0.0186091546958413
18.83,1.61436199714872,-0.0572221916815229,-0.204914172730255,0.0185403111277119
18.84,1.59606454756492,-0.061735847343098,-0.202957117980181,0.0186497525076621
18.85,1.57624863071977,-0.0662048301747947,-0.194307651491527,0.0190033304602244
18.86,1.55518239138252,-0.070540953645391,-0.17683483669833,0.0196111880714635
18.87,1.53053259261772,-0.0744539697137689,-0.149496476734675,0.0204206261498213
18.88,1.50777637259978,-0.0782196361849037,-0.112413441132124,0.0213343244192635
18.89,1.48445982003076,-0.0815485587978775,-0.067118408368682,0.0222095398315333
18.9,1.45830423277783,-0.0841990182092712,-0.0163470637489109,0.0228841529012774
18.91,1.43429361531652,-0.0864756333856734,0.0368303992606916,0.0232120567007629
18.92,1.40999010916173,-0.0881887891300646,0.090196835937974,0.023115904986041
18.93,1.38540781230366,-0.0893424979782376,0.14238398694656,0.0225799441046696
18.94,1.35836099749835,-0.0898053525657558,0.192515331770359,0.021625105208656
18.95,1.33329422644081,-0.0898990274778903,0.239989147687097,0.0202911107923367
18.96,1.30797257479172,-0.089499584382209,0.284252883261159,0.0186206249129597
18.97,1.28038952913172,-0.0885184536749671,0.321631112013179,0.0165550240980523
18.98,1.25456356546396,-0.0873367460679866,0.346873543619081,0.0139017531179293
18.99,1.22838790131316,-0.0858957904621338,0.366786831246873,0.0110922926315537
19,1.20004306602547,-0.0841266820521128,0.382197232047271,0.0082236266190183
19.01,1.17332453440597,-0.0823092053315872,0.393378487647817,0.00533944072797547
19.02,1.1463680639521,-0.0803629445315228,0.400589347993174,0.00247349465206453
19.03,1.11753163008894,-0.07822373863418,0.404151845205602,-0.000345245549834083
19.04,1.09027647184707,-0.0761342240492132,0.404459647160198,-0.00309183201548763
19.05,1.06132742078335,-0.0739249064545537,0.401832779531594,-0.00574362485052156
19.06,1.03392286909475,-0.0718146055239926,0.396567562851423,-0.00827926788438236
19.07,1.00646725935062,-0.0697275949915309,0.390199939025637,-0.0107075002853278
19.08,0.977541278916184,-0.0675616135700998,0.387465302620754,-0.0132102186528213
19.09,0.950020547396979,-0.0654661515638736,0.38483804095173,-0.0156784299207046
19.1,0.922456451432978,-0.0633598726961441,0.381652513154579,-0.0180824308436719
19.11,0.893608698266341,-0.0611791312394611,0.377842838690307,-0.0204207520147233
19.12,0.866064097400211,-0.0590736787436732,0.373368857545698,-0.0226933796150035
19.13,0.837366586778209,-0.0569135554841956,0.368315705504519,-0.0249017463487875
19.14,0.809895495378951,-0.0548326608923575,0.362880099745227,-0.0270501414885647
19.15,0.781387180789635,-0.0527117910766813,0.357127752287982,-0.0291401257892146
19.16,0.754021185719186,-0.0506699344753096,0.351071193235803,-0.031170765967376
19.17,0.726693506513446,-0.0486507067645035,0.34468328366137,-0.0331395848997939
19.18,0.698489206954451,-0.0466105708764839,0.337957166141419,-0.0350437650186651
19.19,0.671305357783634,-0.0446500050356984,0.330888278146932,-0.0368810150624917
19.2,0.643350022115803,-0.0426809697736732,0.323479148046399,-0.038649261164691
19.21,0.616340206486331,-0.0407924068123015,0.315761598229098,-0.0403454484029422
19.22,0.588663593824942,-0.0389065833918981,0.307792677056661,-0.0419681315163762
19.23,0.561864149392212,-0.0371007680266511,0.29961563025215,-0.0435171501809042
19.24,0.53516561191437,-0.0353378636943388,0.291282961268568,-0.0449918143172578
19.25,0.507959263268879,-0.0335899324124279,0.282882434937384,-0.0463895490655542
19.26,0.481544261574617,-0.0319172980345248,0.274517115152692,-0.0477078528163067
19.27,0.454732107107437,-0.0302628108790818,0.26630816467357,-0.0489460679436175
19.28,0.428670519091485,-0.0286755748163956,0.258374015349824,-0.050105972569245
19.29,0.402327545363181,-0.0271048312972316,0.25075625838374,-0.0511910288179438
19.3,0.376702596426036,-0.0255905352118387,0.243605958785159,-0.0522041421001387
19.31,0.350927302635946,-0.0240701916747153,0.240252471241822,-0.0530201473761226
19.32,0.325899394313387,-0.0225531738902404,0.238231769125365,-0.0537478321417094
19.33,0.300870708581173,-0.0209986799040121,0.236774092645838,-0.0544520005652403
19.34,0.276575922067149,-0.019443091391139,0.231212526252426,-0.0550310099780811
19.35,0.252479967989844,-0.0179714233306085,0.212849745249441,-0.0550820039204383
19.36,0.229240839746937,-0.0166769186151668,0.19137162635915,-0.0549284568412653
19.37,0.206548325354859,-0.0155615929030267,0.169427033657836,-0.054624821179502
19.38,0.184195521590421,-0.0146170784928056,0.148105397233493,-0.0541454085578494
19.39,0.162617572587787,-0.0138486923064572,0.128145880454319,-0.0534659552428454
19.4,0.141440894863215,-0.0132273053721192,0.110071892533901,-0.0525772873022645
19.41,0.12102016071299,-0.0127437194229125,0.0941822233272079,-0.0514845310694588
19.42,0.101074413506811,-0.0123674076621577,0.080587234507519,-0.0502033905354903
19.43,0.0818775815770882,-0.0120832163267362,0.0692480232565961,-0.0487572601626645
19.44,0.0632212445574289,-0.0118653488225798,0.0600088666844708,-0.0471742666753072
19.45,0.0453021594660168,-0.0116985028293702,0.0526392667607343,-0.0454838059979129
19.46,0.0279704756351968,-0.0115646236428762,0.0469022750666588,-0.0437132673300214
19.47,0.0113542946647343,-0.0114501856379326,0.0425939348493741,-0.0418863266942923
19.48,-0.00464665300637446,-0.0113441422383544,0.0395255420232086,-0.0400222767256937
19.49,-0.0199619554423043,-0.0112343468531733,0.0375335502955471,-0.0381371613328687
19.5,-0.0346473293183562,-0.0111151391609343,0.0365217236383695,-0.0362457776506199
19.51,-0.0486780271217233,-0.0109743882099162,0.036426950568277,-0.0343613749222669
19.52,-0.0620715104464082,-0.0108094882009706,0.0372101253183663,-0.0324968216016355
19.53,-0.0748402987376595,-0.0106075145700747,0.03883129197415,-0.0306638018716615
19.54,-0.0869686284604985,-0.0103680746460877,0.0412483908059716,-0.028873002599362
19.55,-0.0984985562321334,-0.0100776526382139,0.044422789980228,-0.027134706909746
19.56,-0.109386119631136,-0.00973769336427482,0.0483224791207562,-0.0254585629092246
19.57,-0.119697499035007,-0.00933408158144613,0.0529436005447426,-0.0238554045506602
19.58,-0.129366666694462,-0.00886950080924576,0.0582103569262329,-0.0223337871670947
19.59,-0.138479392529342,-0.00833041804674067,0.0640155097265126,-0.0209012458167065
19.6,-0.146951949484998,-0.00772216203282252,0.0702272594293938,-0.0195639928929547
19.61,-0.154886059897236,-0.00703322400106823,0.0767027314932714,-0.0183279965254419
19.62,-0.162241255170302,-0.00626753194670844,0.0832440068591187,-0.0171990032299415
19.63,-0.168967744236539,-0.00543137709455553,0.0896128849587666,-0.0161814896265651
19.64,-0.175188720399813,-0.00451932397660059,0.0955412559504807,-0.0152790085753362
19.65,-0.180801260292591,-0.00354767409563439,0.100738240518982,-0.0144939389484875
19.66,-0.185942093058054,-0.00251681719637562,0.104882864066475,-0.0138273193115182
19.67,-0.1905098795722,-0.00144922202379818,0.107667619633929,-0.013277255783384
19.68,-0.194653064865983,-0.000351361887119853,0.108829351874178,-0.0128374936788607
19.69,-0.198273606108839,0.000749400786086562,0.108170748333609,-0.0124973327171178
19.7,-0.201527267384672,0.00184256820687035,0.10556446200279,-0.0122422397725715
19.71,-0.20431850421152,0.00289873389432499,0.100976616786508,-0.0120541326985812
19.72,-0.206804873149704,0.00390662939777392,0.0944743129841091,-0.0119122893168581
19.73,-0.208890928176739,0.00483873686606437,0.0862340576841671,-0.0117942462112663
19.74,-0.210730454297132,0.00568710596790473,0.0765234229016087,-0.0116771643923367
19.75,-0.212225736810765,0.00643006420001027,0.0656836143392715,-0.0115391935978705
19.76,-0.213522639544684,0.00706620264765348,0.0541133269414499,-0.0113605298596982
19.77,-0.214519776600683,0.00758228964709431,0.0422464721566499,-0.0111237798086481
19.78,-0.215352149987782,0.00798521288958899,0.0305289828540137,-0.0108158741203919
19.79,-0.215914477446011,0.00827108135594777,0.0193941090824825,-0.0104287777955568
19.8,-0.216330509548448,0.00845494435644144,0.00922934557327623,-0.00995981000323351
19.81,-0.21649284898445,0.00854111216100882,0.00037230098371257,-0.00941150642918588
19.82,-0.216515424253014,0.0085508251208723,-0.00692274352179792,-0.00879175708429742
19.83,-0.216291603745925,0.00849385704335988,-0.0124919654630835,-0.00811262673173233
19.84,-0.215927919923111,0.00839428239877938,-0.0162565464007119,-0.00739003432627647
19.85,-0.215321935946679,0.00826373678142629,-0.018243532943386,-0.00664243512362564
19.86,-0.214575715804416,0.00812535269344648,-0.018564954814829,-0.00588960284266742
19.87,-0.213594043898534,0.0079888701009562,-0.0174164559601783,-0.00515191690045424
19.88,-0.212476851213476,0.00787311628941005,-0.0150585963012645,-0.00444873935546571
19.89,-0.211182545639775,0.00778562114812826,-0.0117927808207784,-0.0037973439841172
19.9,-0.209677145496984,0.00773112717971478,-0.00795302713873436,-0.00321183819549861
19.91,-0.208058989425639,0.00771836894685461,-0.00389313942938031,-0.00270285238265584
19.92,-0.206256764088636,0.00774277908577864,4.81542674523244e-05,-0.00227719327966963
19.93,-0.204367305524596,0.00780605847182849,0.00357252553448911,-0.00193712120513857
19.94,-0.202327684258305,0.00789815458423636,0.00643685627845411,-0.00168045568376069
19.95,-0.200231356365504,0.00801563592773898,0.00845933711052539,-0.00150112335048922
19.96,-0.198021415221397,0.00814526906836718,0.00952641211543381,-0.00138970806262195
19.97,-0.195785738324734,0.00828109317319673,0.00959370119843926,-0.00133427010021639
19.98,-0.193471011291754,0.00840941756786501,0.00868874444080922,-0.00132102076188141
19.99,-0.191157496043031,0.0085245652964255,0.00690310006873984,-0.00133526799036168
20,-0.18879332987341,0.00861500317139553,0.00437584829249973,-0.00136256610749424
20.01,-0.186449892420915,0.00867755755382574,0.00128581563699835,-0.00138957723626742
20.02,-0.184075664714727,0.00870460763260837,-0.00215436143438978,-0.00140446708899326
20.03,-0.181732868543633,0.00869685357897558,-0.00572993237739915,-0.00139800843974024
20.04,-0.179370203130556,0.00865122731964195,-0.00923420723504854,-0.00136368267440619
20.05,-0.177041589800303,0.00857223364289827,-0.0124813703260304,-0.00129779823576259
20.06,-0.174696699621122,0.00846073889478088,-0.0153145239678359,-0.00119938808719195
20.07,-0.172382573904893,0.00832407069194474,-0.0176135641035677,-0.00107005747759941
20.08,-0.170051027340549,0.00816569403640308,-0.0192992866927953,-0.000913544266087831
20.09,-0.167743912537521,0.00799423104922612,-0.0203351480202275,-0.00073534317647214
20.1,-0.16541644217889,0.00781407639837901,-0.0207247433299792,-0.000542186948443268
20.11,-0.163106882900526,0.00763352603584304,-0.0205082263937713,-0.00034148012907111
20.12,-0.160774829829554,0.00745638243967268,-0.0197547670368466,-0.000140690463674842
20.13,-0.158456119661653,0.00728932374424474,-0.01856007407799,5.30146710430434e-05
20.14,-0.156115215200467,0.00713446040529964,-0.0170347118381969,0.000233266331251245
20.15,-0.153786190231412,0.00699607309938245,-0.015297464694539,0.000394731299715542
20.16,-0.151453217318812,0.00687480025232148,-0.013467742514412,0.000533334296359118
20.17,-0.149104317466763,0.0067702932169199,-0.0116590692586801,0.000646380246043203
20.18,-0.146771208746587,0.00668312768586563,-0.00997327434525471,0.000732598764610747
20.19,-0.144429685588449,0.00661033160601546,-0.00849564855866479,0.000792113925328072
20.2,-0.142109585121559,0.00655064861708877,-0.00729185665505236,0.000826320194226929
20.21,-0.139790046621565,0.00649997406526547,-0.00640581321833558,0.000837713716463664
20.22,-0.137498555750322,0.00645605605702863,-0.00585929318945739,0.000829664397782909
20.23,-0.135216705192567,0.00641451547325911,-0.00565231054995628,0.000806171344447572
20.24,-0.132969168654584,0.00637298755112507,-0.00576493235726169,0.000771601244911334
20.25,-0.130739197354566,0.00632762812791181,-0.00616021046431607,0.000730406949972744
20.26,-0.128548329985223,0.00627669863300271,-0.00678775369558758,0.000686881689665177
20.27,-0.126380891991357,0.0062174792020535,-0.0075867828413574,0.000644974443445724
20.28,-0.124255162399074,0.00614933941195596,-0.00848949419704633,0.000608174478170125
20.29,-0.122156139651832,0.00607100893072214,-0.00942633347881722,0.000579253890770547
20.3,-0.120098953106019,0.00598311435423073,-0.0103349966770192,0.00055998529290956
20.31,-0.118069305134313,0.00588572396902854,-0.011159366632609,0.000551318578866301
20.32,-0.116079673028674,0.00578048404137043,-0.0118518682473194,0.000553445885987458
20.33,-0.114116639315752,0.00566847232585871,-0.0123771268084084,0.000565818239211253
20.34,-0.112190531418563,0.00555195118515424,-0.0127122897254412,0.000587235522900671
20.35,-0.110289078512965,0.00543251368595137,-0.012847273104055,0.000615970352982814
20.36,-0.108421031681091,0.00531254330086987,-0.0127839179227917,0.000649927938977681
20.37,-0.106575552152614,0.00519365115029366,-0.0125350067173209,0.000686805143331105
20.38,-0.104760318281421,0.00507789731715413,-0.012122473975758,0.000724257385109512
20.39,-0.102966086674596,0.00496650558016263,-0.0115761502779011,0.000760018582544871
20.4,-0.101199811574716,0.00486088815772302,-0.0109306011947056,0.000792029416738089
20.41,-0.0994538978450619,0.00476162886455384,-0.0102231770968317,0.00081855488344723
20.42,-0.0977347822907992,0.00466935098901114,-0.00949136630857998,0.000838270544376052
20.43,-0.0960391237976994,0.00458401063184689,-0.00877099028873857,0.000850307582230131
20.44,-0.094364732089689,0.00450526580330007,-0.00809423799090694,0.000854275592874477
20.45,-0.0927172921257746,0.00443267334795819,-0.00748816287162957,0.000850250105856665
20.46,-0.0910925848640112,0.00436530382644081,-0.00697360733275323,0.00083872887680596
20.47,-0.0894956647701441,0.00430227103251564,-0.00656431052357427,0.000820578915606592
20.48,-0.0879231505984848,0.00424240953907378,-0.00626693548599247,0.000796951477328038
20.49,-0.0863793217132702,0.00418467605614188,-0.00608103495614392,0.000769203941288994
20.5,-0.0848613293859124,0.00412794593114292,-0.00599988774842985,0.000738800527651588
20.51,-0.0833725654734581,0.00407128767200424,-0.00601102956089684,0.000707236086025481
20.52,-0.0819104763202612,0.00401384798267127,-0.00609825291964288,0.000675932161710423
20.53,-0.0804775220422194,0.00395499705255028,-0.00624245167037367,0.000646165496507748
20.54,-0.0790713111145012,0.00389428274666175,-0.00642273662890926,0.000619017676287845
20.55,-0.0776934169050962,0.00383146914071496,-0.00661797090578126,0.000595325545517563
20.56,-0.0763415728128756,0.00376653581612765,-0.0068087440047125,0.000575615378615025
20.57,-0.0750166011555002,0.00369962244998374,-0.00697635949885736,0.000560174835103954
20.58,-0.0737164006002304,0.00363108220646146,-0.0071058553669842,0.000548999346056871
20.59,-0.0724412154440151,0.00356133618437625,-0.00718610926954806,0.00054183540345883
20.6,-0.0711891982645252,0.00349096704442698,-0.00721000711748724,0.00053822211055466
20.61,-0.0699602031044302,0.00342052290659356,-0.00717421599028184,0.000537546635650521
20.62,-0.068752715990251,0.00335065868052498,-0.00707922236203239,0.00053908635918209
20.63,-0.0675663674762914,0.00328190101996576,-0.00692880477425543,0.000542065244177508
20.64,-0.0664000422010345,0.00321483470325298,-0.00672967540316876,0.000545695584221227
20.65,-0.0652532746676844,0.00314984399929257,-0.00649081512608197,0.000549236866631034
20.66,-0.0641253679887761,0.00308733943814333,-0.00622296138965759,0.000552019019339224
20.67,-0.0630158387626949,0.00302748638448306,-0.00593756591326818,0.00055347932340356
20.68,-0.0619243981498894,0.00297047215165378,-0.00564623118628648,0.000553175686064528
20.69,-0.0608505796540859,0.00291622832541062,-0.00535989731730137,0.000550807645273035
20.7,-0.0597942616863518,0.00286469054854397,-0.00508845561186847,0.000546215485245342
20.71,-0.0587555426214754,0.00281570631701949,-0.00484016994648417,0.000539380931406968
20.72,-0.0577339503007508,0.00276893634792589,-0.0046213570555608,0.000530416087521786
20.73,-0.0567299174136693,0.00272414186120623,-0.00443633671423628,0.000519540209548079
20.74,-0.0557429150303177,0.0026808986086901,-0.00428720912551795,0.000507064281796894
20.75,-0.054773503912819,0.00263892752211208,-0.00417406839282549,0.00049336103609922
20.76,-0.053821050843851,0.00259780389055532,-0.00409504125248222,0.000478843701972168
20.77,-0.0528861591352836,0.00255728610321589,-0.00404668972368419,0.000463935333486679
20.78,-0.0519680579131281,0.00251701932833961,-0.00402421476578111,0.000449049172558242
20.79,-0.0510673325120266,0.00247685624655472,-0.00402195856728638,0.000434562803166051
20.8,-0.050183062148867,0.00243655581106609,-0.00403371797620319,0.000420803373442202
20.81,-0.0493157831113287,0.00239609140623944,-0.00405324894992993,0.000408026262916028
20.82,-0.0484644388185718,0.00235534868735168,-0.00407425134333109,0.000396422895686699
20.83,-0.0476295098590107,0.00231442151879713,-0.00409116063000926,0.000386102301818086
20.84,-0.0468098340577781,0.0022733076246601,-0.00409922257436919,0.00037709897826881
20.85,-0.0460058512165258,0.00223219178552743,-0.00409466652577046,0.000369378269415879
20.86,-0.0452163340626965,0.00219114827024063,-0.00407474704523786,0.000362851251495195
20.87,-0.0444417025947574,0.0021504110312678,-0.00403812172234336,0.00035736965765496
20.88,-0.0436807126119678,0.00211008413509986,-0.00398436005608001,0.00035275317561265
20.89,-0.0429337952757871,0.00207040543065255,-0.00391407714785641,0.000348795210355411
20.9,-0.0421997322622021,0.00203146847144976,-0.00382881744129606,0.000345277152550017
20.91,-0.0414789872863555,0.00199347625322017,-0.00373097491862631,0.00034197607052401
20.92,-0.0407703998747433,0.00195647764502275,-0.00362343590459637,0.00033868243060707
20.93,-0.0400744814935372,0.00192061458381155,-0.0035094686929627,0.000335209208182694
20.94,-0.0393901491595123,0.00188587394538824,-0.00339244814915493,0.000331404135355936
20.95,-0.0387179614637718,0.00185232730190857,-0.00327573176208356,0.000327153388245571
20.96,-0.0380569146573642,0.00181989818182511,-0.0031624131557202,0.000322386572787858
20.97,-0.0374072200880784,0.0017885670269465,-0.00305522904977082,0.000317074580228475
20.98,-0.0367690869199908,0.00175828647531479,-0.00295639261852044,0.000311229006479633
20.99,-0.036141609923626,0.00172891192149315,-0.00286751582446809,0.000304898028942985
21,-0.0355253929766759,0.00170038937624725,-0.00278961700492985,0.000298158610613017
21.01,-0.0349195754513234,0.00167255760562679,-0.00272306069466397,0.000291111824977211
21.02,-0.0343247408918392,0.00164535260529058,-0.00266763947412184,0.00028387347560416
21.03,-0.033740056140843,0.00161862078607249,-0.00262257319842256,0.000276568330632532
21.04,-0.0331660651648606,0.00159231062490677,-0.00258668523095516,0.000269321708016506
21.05,-0.0326019489324505,0.00156629526482505,-0.00255842683301432,0.000262254400066159
21.06,-0.032048198918571,0.00154055087944328,-0.00253606322655267,0.000255472950878792
21.07,-0.0315040044124775,0.00151498806593422,-0.00251773565501526,0.000249064916929679
21.08,-0.0309698022452469,0.00148961710049089,-0.00250154777336547,0.000243096749342036
21.09,-0.0304447923571534,0.00146438884508616,-0.00248567615991513,0.000237611682540335
21.1,-0.0299293608265003,0.00143934667692213,-0.00246850400689268,0.000232627829399548
21.11,-0.0294227258630055,0.00141447605494032,-0.00244866277058876,0.000228140147360624
21.12,-0.0289252323696285,0.0013898444713314,-0.00242511300092785,0.000224121495247713
21.13,-0.0284361282110588,0.00136546010383866,-0.00239719949242861,0.000220524009496797
21.14,-0.02795573001523,0.00134140123730275,-0.00236451593329925,0.000217287233899549
21.15,-0.0274833269559345,0.00131768572791654,-0.00232701304409501,0.000214340538635112
21.16,-0.0270192184650222,0.00129439000362585,-0.00228501301483826,0.00021160595867585
21.17,-0.0265627440379888,0.00127152786773637,-0.00223909014397908,0.000209005415679304
21.18,-0.0261141929029058,0.00124916187146048,-0.00219001365234654,0.000206464673427567
21.19,-0.0256729584102819,0.00122729261185069,-0.00213870281920825,0.000203918265482661
21.2,-0.0252393233661543,0.00120596208059289,-0.00208617362525169,0.000201310571830781
21.21,-0.0248127349666278,0.00118515282083548,-0.00203345839018122,0.000198598114048848
21.22,-0.0243934693036456,0.00116488421999754,-0.00198155656070683,0.000195749808074208
21.23,-0.0239810238522553,0.00114512110592784,-0.00193136723093829,0.000192747950344993
21.24,-0.0235754890225932,0.00112585324799052,-0.00188366240931814,0.000189587474067767
21.25,-0.0231769348926019,0.00110706165234991,-0.00183904519628516,0.000186275448178558
21.26,-0.0227849221783734,0.00108869381631313,-0.00179793143762157,0.00018282961842374
21.27,-0.0223996937027788,0.00107073155308206,-0.00176055238211595,0.000179276063333297
21.28,-0.0220208425205648,0.00105311965463177,-0.00172695022014015,0.000175647377919038
21.29,-0.0216485890623161,0.00103583754527409,-0.00169699045483023,0.00017197972649184
21.3,-0.0212825517945721,0.00101883441814152,-0.00167037707101911,0.000168311191006014
21.31,-0.0209229250018161,0.00100209407269789,-0.00164669017987597,0.00016467927287713
21.32,-0.0205693469185055,0.000985575600416684,-0.00162541471842351,0.000161119287426049
21.33,-0.0202219836620277,0.000969271484821309,-0.00160600255788265,0.000157661503670952
21.34,-0.019880490105237,0.000953153319881681,-0.00158784888276895,0.000154331242220833
21.35,-0.0195450046863037,0.000937224088927083,-0.00157035926903447,0.00015114763236839
21.36,-0.0192151974327626,0.000921468372465489,-0.00155299861986687,0.000148122449679153
21.37,-0.0188911814962065,0.000905898493577773,-0.00153530311057901,0.000145260549115569
21.38,-0.018572642926463,0.000890509388750588,-0.00151688719952065,0.000142560532740635
21.39,-0.0182596733313094,0.000875319794443533,-0.0014974597892356,0.000140015217868695
21.4,-0.0179519762268026,0.000860331440374463,-0.00147682821176021,0.000137612586147772
21.41,-0.0176496260143466,0.000845565713395308,-0.00145490777521339,0.000135336583389447
21.42,-0.0173523459954694,0.000831026951967194,-0.00143170996961009,0.000133168035343165
21.43,-0.0170601977609692,0.000816735290648338,-0.0014073313164616,0.000131086040379317
21.44,-0.0167729256365465,0.000802694030259068,-0.00138194095581719,0.000129069349152719
21.45,-0.0164905818284824,0.000788919006467288,-0.0013557693872087,0.000127097561554994
21.46,-0.0162129328164777,0.000775409759050358,-0.00132908953600804,0.00012515220390099
21.47,-0.0159400240516749,0.000762175879954388,-0.00130219969457345,0.000123217438573408
21.48,-0.0156716436631381,0.00074921176205223,-0.00127540320148518,0.000121280681546508
21.49,-0.0154078314205854,0.000736520252445647,-0.00124899241262346,0.000119332909924412
21.5,-0.0151483955731475,0.000724090669108753,-0.00122323248376111,0.000117368839192915
21.51,-0.0148933204511188,0.000711917757707173,-0.00119835000095521,0.000115386820910813
21.52,-0.0146425816111151,0.000699993623953916,-0.00117452322012619,0.000113388603270137
21.53,-0.0143960129220559,0.000688302594685967,-0.00115187650655859,0.000111378903413918
21.54,-0.0141536388382963,0.000676836295588646,-0.00113047827410897,0.000109364843817944
21.55,-0.013915306840814,0.000665578300294327,-0.00111034155195347,0.000107355329391336
21.56,-0.0136810336944624,0.000654519505896961,-0.00109142784112273,0.000105360364976433
21.57,-0.0134506780063983,0.000643644792547848,-0.0010736533684784,0.000103390369670114
21.58,-0.0132242483206779,0.000632946286151101,-0.00105689706030381,0.00010145553254003
21.59,-0.0130016124110863,0.000622411747268004,-0.00104101023207711,9.95652186720188e-05
21.6,-0.0127827705351296,0.000612035848703618,-0.00102582634789409,9.77274902514586e-05
21.61,-0.0125675983618283,0.000601810070788326,-0.00101117166990987,9.59487091416157e-05
21.62,-0.0123560884012655,0.000591732156983209,-0.000996874458543512,9.42332975219985e-05
21.63,-0.0121481236213272,0.000581797353168162,-0.000982774357310223,9.25835836149973e-05
21.64,-0.0119436898494358,0.000572006234341042,-0.00096872915537319,9.09998167060329e-05
21.65,-0.0117426772973994,0.000562357175801828,-0.00095462133721419,8.94802447571413e-05
21.66,-0.0115450665198891,0.000552852762843673,-0.000940361303286935,8.8021345670397e-05
21.67,-0.0113507552395093,0.000543493414880098,-0.000925890367917341,8.66180796653044e-05
21.68,-0.0111597202658906,0.000534282591793768,-0.000911180211437885,8.52642618087821e-05
21.69,-0.0109718672022359,0.000525221509229863,-0.000896232465353378,8.39529051185178e-05
21.7,-0.0107871704810769,0.00051631334204044,-0.000881074948455862,8.26766435594908e-05
21.71,-0.0106055436969692,0.000507558965340369,-0.000865758654866928,8.14280767051281e-05
21.72,-0.0104269600629348,0.00049896032184108,-0.000850351874162568,8.02001571104538e-05
21.73,-0.010251341295719,0.000490517116488316,-0.000834935823241089,7.89864599833446e-05
21.74,-0.0100786602099392,0.000482229492266219,-0.000819597994128207,7.77814699304399e-05
21.75,-0.00990884609651577,0.000474095590339455,-0.000804427709381878,7.65807277550838e-05
21.76,-0.00974187148156513,0.000466113631227205,-0.000789509936401343,7.53809836678048e-05
21.77,-0.0095776724357215,0.000458280229468865,-0.00077492188392705,7.41802040823139e-05
21.78,-0.00941622115708807,0.000450591951938402,-0.000760728271344965,7.29775881837645e-05
21.79,-0.00925745956396362,0.000443044271790383,-0.000746979701743816,7.17734479706012e-05
21.8,-0.00910135349567653,0.000435632606903714,-0.000733709897574864,7.05691140616591e-05
21.81,-0.00894786702707329,0.000428352023311772,-0.000720935872383577,6.93667342481793e-05
21.82,-0.00879694892457916,0.000421197423136568,-0.000708658209164538,6.81690726902348e-05
21.83,-0.00864856929529267,0.00041416388423304,-0.000696861283995007,6.69793357815864e-05
21.84,-0.00850268026746548,0.000407246715495276,-0.000685516317920588,6.58009118194876e-05
21.85,-0.0083592505688932,0.000400441503524409,-0.000674582773743052,6.46372017194479e-05
21.86,-0.00821823494176321,0.000393744440575541,-0.000664012309180555,6.34913966412335e-05
21.87,-0.00807960065234337,0.000387152019418811,-0.000653750799555748,6.23663542052742e-05
21.88,-0.0079433045372479,0.000380661569017842,-0.000643742371669967,6.12644375219353e-05
21.89,-0.00780931249881345,0.000374270644170722,-0.000633931430522208,6.01874596273651e-05
21.9,-0.00767758319634471,0.000367977724507419,-0.000624266260351157,5.91365991420785e-05
21.91,-0.00754808144549202,0.000361781350592833,-0.000614700380373984,5.81124188365105e-05
21.92,-0.00742076765713051,0.000355680958904735,-0.000605195224553647,5.71148548704992e-05
21.93,-0.00729560596032908,0.000349675821054856,-0.000595720513059912,5.61432992347489e-05
21.94,-0.00717255857012233,0.000343765998854826,-0.00058625579048679,5.51966461138532e-05
21.95,-0.0070515893822467,0.000337951141489515,-0.000576789731709978,5.42734166039706e-05
21.96,-0.00693266256967728,0.000332231551661547,-0.000567320580007673,5.33718372582573e-05
21.97,-0.00681574223471682,0.00032660689298255,-0.000557854541442599,5.24899803416367e-05
21.98,-0.00670079451958916,0.00032107735930397,-0.000548405362566021,5.16258479422092e-05
21.99,-0.00658778403844895,0.000315642329352142,-0.000538992124499751,5.07775024013052e-05
22,-0.00600845583401188,0.00380257301553651,-0.000529638339002586,4.99431324067312e-05
22.01,-0.00529340838337067,0.00613683710593607,0.00335729244732119,0.000191829363133121
22.02,-0.00429092974049983,0.00847856919313369,0.00714233073825696,0.00030891405090601
22.03,-0.00303036426439451,0.0108521448025346,0.00800323806117756,0.000276776933464511
22.04,-0.00155145497324671,0.0131667210938186,0.00456565889063583,7.17874573101426e-05
22.05,0.000167765009329912,0.0154878413241533,-0.00392017929906334,-0.000291282556173888
22.06,0.00218099262466609,0.017715942866582,-0.017398413736398,-0.000762212494564675
22.07,0.00456338018519542,0.0198852402236699,-0.0353414556453041,-0.00127599216798635
22.08,0.00740578853207907,0.0220609720753159,-0.056772566970429,-0.001760417694883
22.09,0.0108173141668697,0.0241047880414258,-0.0804743242880632,-0.00214693766013827
22.1,0.0148920032691402,0.0261625472859867,-0.105423975215094,-0.00238877778288252
22.11,0.0197370097161729,0.0280654083588306,-0.13059950211349,-0.00245182777759487
22.12,0.0254017474701023,0.0299849002887141,-0.155272114249143,-0.00232157280039352
22.13,0.0319846569323277,0.0317225130258981,-0.178861063727877,-0.00199592189529371
22.14,0.0394735357173301,0.0334767343922971,-0.201119886089826,-0.00148839980686209
22.15,0.0479770867313896,0.0350216073694646,-0.221787698638387,-0.000813481878881459
22.16,0.0574120798266433,0.036583510889753,-0.24085624877943,5.56172790405574e-06
22.17,0.0679230357216527,0.0379112224221317,-0.258224117882808,0.000949952036984397
22.18,0.0793455008586204,0.0392595428216399,-0.274005973933253,0.00199568126580147
22.19,0.0918866883858698,0.0403534710641404,-0.288200640916543,0.00312524752649925
22.2,0.105286924689444,0.0414747139595614,-0.300977634810954,0.00431808257182529
22.21,0.119838329854448,0.0423241306902731,-0.312330778447577,0.0055620473082305
22.22,0.135168087768425,0.0432089211020139,-0.32241349306235,0.00684267280003546
22.23,0.151673369754675,0.0438061055342526,-0.331254130239634,0.00815162032821462
22.24,0.168849265917904,0.0444466916433141,-0.338995411688042,0.00947996174628606
22.25,0.18721778752517,0.0447844110269097,-0.345635470924042,0.0108222712207813
22.26,0.206123886593077,0.0451736249067969,-0.35125378105487,0.0121700324328776
22.27,0.225821175559729,0.0454384216334057,-0.355843937435377,0.0135186254492344
22.28,0.2467246570179,0.0453806991056077,-0.359459845278754,0.0148628071718677
22.29,0.26792526661524,0.0453900547002799,-0.362183155425166,0.0161968561285027
22.3,0.290340828859824,0.0450672220155875,-0.364038887122572,0.0175181331041288
22.31,0.312876011139976,0.0448229898419019,-0.365114086987431,0.0188229455215563
22.32,0.336635622781913,0.044238603263564,-0.365444886277819,0.020108931078377
22.33,0.360323856172925,0.0437443696017542,-0.365112187638188,0.0213742405788406
22.34,0.384491901286737,0.0431295890488897,-0.364139640866577,0.0226175786212176
22.35,0.409904251687588,0.042164566357192,-0.362589368297195,0.023837727132102
22.36,0.434963760445448,0.041322549144605,-0.355917814689751,0.0251857972075478
22.37,0.46142701326692,0.0402263678855262,-0.3408069506857,0.0268228232573698
22.38,0.487515571053179,0.0393835741626183,-0.324545259316245,0.0283272608645393
22.39,0.514053900616918,0.0385639426463207,-0.307853794662792,0.0296471445943038
22.4,0.542097071942274,0.0375185678553496,-0.290857624273437,0.0307785584337949
22.41,0.56946444209963,0.0367474679776672,-0.273673002833842,0.0317235973542284
22.42,0.597157077423335,0.0360040119413744,-0.256505756356119,0.0324885075032628
22.43,0.626420326418004,0.0350255606469491,-0.23945027939074,0.0330815173895896
22.44,0.654722324594421,0.0343304599081623,-0.222541223459635,0.0335094116515513
22.45,0.684657792955035,0.0333923233216111,-0.205849805580107,0.0337773620303937
22.46,0.713454061012295,0.0327399789566901,-0.189435193742317,0.0338901877289327
22.47,0.742428112647797,0.0321071801775156,-0.173381512227726,0.0338525256993649
22.48,0.773147228839677,0.0312157763543614,-0.157744300907596,0.0336693779648178
22.49,0.802471143520242,0.0306090194901871,-0.142585726149985,0.0333472182912277
22.5,0.83190996552962,0.030008207219493,-0.129410258467734,0.032920641488225
22.51,0.863279473703806,0.0290638840738173,-0.125895435563195,0.0327262663248488
22.52,0.893122728079518,0.0282803579990725,-0.124422849455536,0.0325876054779683
22.53,0.923142915749528,0.0273727002102938,-0.123182338615373,0.0324410923629267
22.54,0.953319893627501,0.0263410066545475,-0.121965803941616,0.0322755810660748
22.55,0.985662797048516,0.0248992894245587,-0.120739185481999,0.0320873097310299
22.56,1.01615354383134,0.0236209990813053,-0.119486205500487,0.0318749141768237
22.57,1.04673847854814,0.0222220324693032,-0.11819413079398,0.0316381994926194
22.58,1.07961177660115,0.0204146236516345,-0.116874192188104,0.0313770741147249
22.59,1.11037129977279,0.0187756894490826,-0.115544532647008,0.0310911780681027
22.6,1.14113587863918,0.0170173523760523,-0.114225425383599,0.0307807338983874
22.61,1.1742631384397,0.0148503675309296,-0.112932586803492,0.0304466938613615
22.62,1.2049468270326,0.0128498228487481,-0.111681372282165,0.0300904037311238
22.63,1.23544991638886,0.0107252394633175,-0.1104912482885,0.0297132897293128
22.64,1.26566515577235,0.00847306976078932,-0.109385756394286,0.0293176623762914
22.65,1.29808651055894,0.00580307638136951,-0.108363261893312,0.0289065904981492
22.66,1.32727586315888,0.00328060031277533,-0.107420960669257,0.0284821998944215
22.67,1.35556779330615,0.000613024385297506,-0.106574724970414,0.0280454617640746
22.68,1.38548887930888,-0.00248604027909313,-0.10585422500445,0.0275971474490147
22.69,1.41117107669682,-0.00546032038767283,-0.105273971641332,0.0271389724053825
22.7,1.43506459866176,-0.00859467719585144,-0.104847841085735,0.0266723740526718
22.71,1.45981833533755,-0.0121623521061414,-0.104579680114869,0.0261991838182853
22.72,1.47932612258512,-0.0156209799920834,-0.10756306450983,0.0256271486151603
22.73,1.49616336346756,-0.0193122884222734,-0.118305607544007,0.0247411671640805
22.74,1.51309777006024,-0.0235243109754689,-0.129987868958504,0.0239095230256358
22.75,1.52397629175528,-0.0277198125025176,-0.142030195097859,0.023184423674161
22.76,1.53473769708311,-0.0324098671063677,-0.154545668776817,0.0225680813701397
22.77,1.53930150093725,-0.0370677382701,-0.167516440657341,0.0220638632512586
22.78,1.53353735973619,-0.0410146502288764,-0.180796795147549,0.0216779521074507
22.79,1.52517872895959,-0.0451587084481552,-0.193861747921211,0.0214281576360363
22.8,1.51141340510488,-0.0492521317621206,-0.205493211296594,0.0213570093677805
22.81,1.49832063122227,-0.053732987554124,-0.213899787217028,0.021516955821926
22.82,1.48314171380969,-0.058308062658434,-0.216590633010635,0.0219788040942135
22.83,1.46334590228414,-0.0626824508714536,-0.210938431445462,0.0227945090646411
22.84,1.44489715343866,-0.0671611583782578,-0.189623436226158,0.023769968664828
22.85,1.42520590251154,-0.0713459247079762,-0.153358051138992,0.024784481747599
22.86,1.40191413012567,-0.0749160207144546,-0.106809521448678,0.0258194364934431
22.87,1.38063387160539,-0.0781705041982826,-0.0528214495409566,0.026702883550005
22.88,1.35885328649207,-0.0808473574963341,0.00511673561106759,0.0272586442136122
22.89,1.33669835170498,-0.0829193475579508,0.06396469602429,0.0273700710551352
22.9,1.31182311411673,-0.0842152711896921,0.121715288413924,0.0269930632615546
22.91,1.28917211538981,-0.0850953625914318,0.177098177025502,0.0261320467736671
22.92,1.26628840198466,-0.0854096035710473,0.229244291825705,0.0248193868669543
22.93,1.24093390434573,-0.0850396704715937,0.277442606721856,0.0230992406798546
22.94,1.2176693869658,-0.0843377284172614,0.321034739175539,0.0210186504403603
22.95,1.19419198885306,-0.0831941656268487,0.359252162840425,0.0186173586227599
22.96,1.16842365735284,-0.081530129730802,0.391216903684005,0.0159262887419285
22.97,1.14456882957323,-0.0796900065420943,0.416140003012749,0.0129749550009944
22.98,1.12048186629129,-0.07760465317651,0.433539765569819,0.00980398489487415
22.99,1.09424213207586,-0.0752287208600922,0.443327555897673,0.00646767800379287
23,1.06970845049348,-0.0728835679689059,0.445812385994943,0.00303378776173279
23.01,1.04490934511516,-0.0705130364232517,0.441497980451413,-0.000428014655837765
23.02,1.01810176251675,-0.0680738931381408,0.431193283652989,-0.00384507903820202
23.03,0.992823482938637,-0.0658385408293092,0.41589606734013,-0.00714369277671381
23.04,0.967290375711569,-0.0637397297949988,0.396579085631771,-0.0102566178654225
23.05,0.939945934242123,-0.0617185955056369,0.374259873288653,-0.0131229344047041
23.06,0.91402331133623,-0.0599901803963178,0.350052559761077,-0.0156866275907616
23.07,0.887930289461975,-0.0584694620039989,0.325020378068738,-0.0179083288820895
23.08,0.860295597809088,-0.0570771909965805,0.300326686350956,-0.0197633671538932
23.09,0.834051226559515,-0.0559705959310656,0.276849935089395,-0.0212482504104165
23.1,0.806464083802624,-0.0549764782000321,0.255031489205662,-0.0223930639424293
23.11,0.780250829856631,-0.0542268403326236,0.235241418542256,-0.023226945084245
23.12,0.754085687511131,-0.0536237732929088,0.217495260526394,-0.0237894202334244
23.13,0.726838487747372,-0.0530846266914742,0.201665618283735,-0.0241227233256384
23.14,0.700901925585069,-0.0527209464263799,0.187485772408737,-0.0242687119699994
23.15,0.674017631792252,-0.0523949350765492,0.174736276086832,-0.0242614131175975
23.16,0.648370189067815,-0.0522088797859459,0.163473182889822,-0.0241292913040973
23.17,0.621856334889567,-0.0520051828364616,0.160147371940653,-0.0241378896901541
23.18,0.5964126047955,-0.0518281467951049,0.159683693209213,-0.024222266627308
23.19,0.57102242372756,-0.051612743327785,0.159740219980127,-0.0243120330338567
23.2,0.54486193372279,-0.05131446204621,0.160006218048972,-0.0244008661083527
23.21,0.519651510437417,-0.0510176320439346,0.16036628428014,-0.02449063644361
23.22,0.493778824470673,-0.0506411165178072,0.160764933361094,-0.024583076103216
23.23,0.468791176245527,-0.0502597396597003,0.161174779970577,-0.0246789645168566
23.24,0.443250846713533,-0.0498031945543121,0.161572533592706,-0.0247789138710416
23.25,0.418539433139536,-0.0493367858645536,0.161950733659576,-0.0248831093260254
23.26,0.393969792616922,-0.0488267772473167,0.162309298645769,-0.0249915930594726
23.27,0.369015862559126,-0.0482485938801921,0.162644295355258,-0.0251041968832038
23.28,0.344826546457978,-0.0476538848573098,0.162953912584358,-0.0252204489244245
23.29,0.320369446204083,-0.0469951402981055,0.163238120125808,-0.0253397908017219
23.3,0.296645562478495,-0.0463159740289266,0.163502939377069,-0.0254619180141208
23.31,0.27276594954463,-0.0455766795017952,0.163748968455916,-0.0255864605563117
23.32,0.249590652631098,-0.044813567196741,0.163971624634379,-0.0257128772022057
23.33,0.226364693371608,-0.0439941549691179,0.164165503263592,-0.0258405058180468
23.34,0.203816417737793,-0.0431482232086677,0.164325945146959,-0.0259686166744144
23.35,0.181313857312755,-0.0422499215774578,0.164448663215386,-0.0260964803300462
23.36,0.159463006331822,-0.0413231847328747,0.164530972769855,-0.0262233733360637
23.37,0.137743635201055,-0.0403481487066035,0.164571690332102,-0.0263485431400701
23.38,0.116649601470546,-0.0393434930163003,0.164569480384999,-0.0264712615143103
23.39,0.0957608196283461,-0.0382947498205661,0.164522294404348,-0.026590904659008
23.4,0.0754695760986837,-0.0372159811356071,0.164429639243601,-0.0267068515488069
23.41,0.0554448916668671,-0.0360975023506024,0.164293071742369,-0.0268185318284542
23.42,0.0359880103574868,-0.0349492715374066,0.164119680957081,-0.0269256123165866
23.43,0.0169468916580182,-0.0337677467307485,0.163915963335507,-0.0270279275189212
23.44,-0.00175843401537135,-0.032553060211103,0.163684330458388,-0.0271252535483866
23.45,-0.0199417445262224,-0.0313099038414004,0.163425363332768,-0.0272173558642162
23.46,-0.0377558108887319,-0.0300378839560205,0.163139472150432,-0.0273040357144207
23.47,-0.0550773932389854,-0.0287388681796612,0.162827745778952,-0.0273851406072414
23.48,-0.0720040551940022,-0.0274152863584859,0.162492244356522,-0.027460635719452
23.49,-0.0884669084072551,-0.026066645216119,0.16213634286149,-0.0275304293671856
23.5,-0.104516289748853,-0.0246976703890768,0.161763170948651,-0.0275944679949914
23.51,-0.120126687048588,-0.0233057770718431,0.161376029821846,-0.0276527270863232
23.52,-0.13530755843517,-0.0218974754994854,0.160978684951543,-0.0277052234752964
23.53,-0.150068862514888,-0.020468441574504,0.160574377985389,-0.0277520666040757
23.54,-0.164385037199327,-0.0190265390248653,0.160162756081385,-0.0277935171514436
23.55,-0.17829431176567,-0.0175660974689409,0.15973594501709,-0.0278301152828431
23.56,-0.191741810475018,-0.0160961556880902,0.159283110145563,-0.0278624260994621
23.57,-0.204788700183564,-0.0146101848389579,0.158793626746132,-0.0278908964466798
23.58,-0.217356645233697,-0.0131181446203104,0.158259259731849,-0.0279157097724964
23.59,-0.229525497031746,-0.0116129163733509,0.157662377008957,-0.0279372940653048
23.6,-0.241198851984161,-0.0101052878043299,0.156977953105514,-0.0279561953515586
23.61,-0.252472087780193,-0.00858805862355099,0.156188350135195,-0.0279725372544632
23.62,-0.263235346923171,-0.00707252126720754,0.155301853301903,-0.0279848754830835
23.63,-0.273595943004272,-0.00555111601122306,0.154310191005653,-0.0279925086246782
23.64,-0.283434773081738,-0.00403543905840329,0.153178898458275,-0.0279958288756728
23.65,-0.292869542607247,-0.00251844138586446,0.151862364677615,-0.0279953698501632
23.66,-0.301776789120856,-0.00101260410875721,0.150294808251283,-0.027991924247229
23.67,-0.310283004182672,0.000487731203731973,0.148380123378514,-0.0279868097961956
23.68,-0.318264117511793,0.00196845093865927,0.146026321879185,-0.0279803327434425
23.69,-0.325853471737042,0.00343331271304274,0.143155774599506,-0.0279715560304409
23.7,-0.332993361129119,0.00487135342497629,0.139685919317925,-0.027958923868391
23.71,-0.339627469258551,0.00627097513381593,0.135498416702261,-0.0279414178767392
23.72,-0.345896101243989,0.00763234830061347,0.130436360682821,-0.0279187495351583
23.73,-0.351683730331357,0.00893685232998579,0.124389787598104,-0.027887167099363
23.74,-0.357132839539013,0.0101822350580497,0.117296995095927,-0.0278400589186569
23.75,-0.362132189609743,0.0113491170391522,0.109131919490377,-0.0277690163620157
23.76,-0.366823085272703,0.0124344249624115,0.0999009827599418,-0.0276644410672237
23.77,-0.371097989107738,0.0134194849142264,0.0896565633145496,-0.0275153175068196
23.78,-0.37509423899311,0.0143020633770908,0.0785208789227062,-0.0273093148974649
23.79,-0.378706191093821,0.0150665669456601,0.0666974569452617,-0.0270320716960014
23.8,-0.382063090671815,0.0157144618839425,0.0544469051432378,-0.0266691383985941
23.81,-0.385058402360135,0.0162359270420571,0.0420797870082463,-0.0262078371898146
23.82,-0.387810736431026,0.0166381527837962,0.0299158572214245,-0.0256386404719402
23.83,-0.390212439498311,0.0169180824288193,0.018249354365444,-0.024955786224891
23.84,-0.392371445652736,0.0170884694949405,0.00736170738134668,-0.02415727172018
23.85,-0.394180471370737,0.017152120898727,-0.0025269913453057,-0.0232456496397137
23.86,-0.395738705497801,0.0171258551997889,-0.0112372357623311,-0.0222285057775618
23.87,-0.396942508967006,0.0170164398378645,-0.0186370227823228,-0.0211177334194508
23.88,-0.397885619666399,0.0168428768319305,-0.0246443880341036,-0.0199289578890419
23.89,-0.398471363981683,0.0166140225793139,-0.0292122284773416,-0.0186801325314179
23.9,-0.398790448823601,0.0163493482562401,-0.0323332194308371,-0.0173905028634244
23.91,-0.398754802845337,0.0160583128240834,-0.0340242230941712,-0.0160797656859738
23.92,-0.398452918755884,0.0157596317693197,-0.0343308731977098,-0.0147675173330482
23.93,-0.397805684067712,0.0154621437716193,-0.0333422394491874,-0.0134730509610314
23.94,-0.396899562197451,0.0151824953502696,-0.0311678665485995,-0.0122138967545267
23.95,-0.395663904647708,0.0149276077401799,-0.0279533506276396,-0.0110053461782975
23.96,-0.394182285371518,0.0147108387512681,-0.0238809174047288,-0.00986060132171801
23.97,-0.392425832067259,0.0145375752947988,-0.0191628874037948,-0.00879041290446868
23.98,-0.390371726768686,0.0144113082892842,-0.014032356529514,-0.00780310901840064
23.99,-0.388098560249261,0.014338245972269,-0.00873587052072045,-0.00690487887853238
24,-0.375131532445667,0.00949639303884618,-0.00352452303210429,-0.00609987140961098
24.01,-0.37362721976727,0.00726890972499425,-0.00268083162830262,-0.00553878283350961
24.02,-0.372168286703647,0.0050389998272251,-0.00177814300814783,-0.00502633680320755
24.03,-0.370739218687776,0.00287235466032647,0.00143721249042214,-0.00445202406722295
24.04,-0.369317740646291,0.000724687988570378,0.00747743164285813,-0.00381749697323769
24.05,-0.367979530794952,-0.0013430679215505,0.0161963567085491,-0.00315668346611806
24.06,-0.366821769081572,-0.00344262314872008,0.027192199634265,-0.00251014899685591
24.07,-0.365976585620676,-0.00548812625759353,0.039843048741378,-0.00191970564047271
24.08,-0.365569248539452,-0.00761943346295047,0.0535850512971269,-0.00141717555068604
24.09,-0.36575256741992,-0.00971559419053343,0.0679568045700496,-0.0010223746178983
24.1,-0.366631916743825,-0.0119323826233205,0.0826618135849397,-0.000743929693451831
24.11,-0.368340435491449,-0.0141030384230676,0.0974228293260715,-0.000586256800566896
24.12,-0.370922603454702,-0.0163958185298247,0.112060508879963,-0.00054833780973845
24.13,-0.374494527147698,-0.0186040982379937,0.126360297900923,-0.000628847325316634
24.14,-0.379032841261489,-0.020917246811052,0.140198689923144,-0.000822605564118353
24.15,-0.384665960458906,-0.0230985478112894,0.153446855068145,-0.00112397977411617
24.16,-0.391299869652603,-0.0253645151047288,0.166034497380461,-0.00152569505001686
24.17,-0.399104755317085,-0.0274538813680865,0.17787072310115,-0.00202145184078855
24.18,-0.407908020577059,-0.0296131763706098,0.18891794483531,-0.00260379629711962
24.19,-0.417948511620769,-0.0315593339380487,0.199151274484582,-0.00326473753197979
24.2,-0.428959863139243,-0.0335678505782321,0.208557548756389,-0.00399757394497777
24.21,-0.441270572575522,-0.0353337680334286,0.217100152869766,-0.00479759416303065
24.22,-0.454502125177241,-0.0371601427645305,0.22477436816292,-0.00565914970750527
24.23,-0.469090927973137,-0.0387200212198044,0.231586778573168,-0.00657616328422092
24.24,-0.484524510311034,-0.0403417848480604,0.237560140411407,-0.00754195755781927
24.25,-0.501363870812396,-0.0416761357059435,0.242744722461165,-0.00854901873653754
24.26,-0.518942560354794,-0.0430748552862939,0.247175814167993,-0.00959112907526649
24.27,-0.537964748381307,-0.0441671703564163,0.250879371663889,-0.0106627097991507
24.28,-0.557594900187854,-0.045328034890564,0.253863454966328,-0.0117588378110165
24.29,-0.578184399667338,-0.0463692409935791,0.25615284713164,-0.0128740969648312
24.3,-0.600263188472741,-0.047081395742992,0.257777283727366,-0.0140032287035315
24.31,-0.622716173341503,-0.0478735855593142,0.258781201292878,-0.0151414117713812
24.32,-0.646684932097686,-0.0483252697209209,0.259244505387584,-0.0162825731119315
24.33,-0.670849825354416,-0.0488649031878296,0.259216376030212,-0.0174213361493644
24.34,-0.69655220338729,-0.0490535988829604,0.258750228693586,-0.0185533707752378
24.35,-0.722260084327707,-0.0493386171652353,0.257873818888637,-0.0196758555970197
24.36,-0.748648071017875,-0.0494990710749875,0.256625990989529,-0.0207857211089674
24.37,-0.776614871831673,-0.0492963113945491,0.255042668499848,-0.0218803026257295
24.38,-0.80429721669828,-0.0492052324631116,0.253156628316418,-0.0229567371644365
24.39,-0.832538221872275,-0.0489920942891822,0.251048930598934,-0.0240113538601647
24.4,-0.862415951852954,-0.048406491721374,0.248782357658738,-0.0250406971915313
24.41,-0.891718349440489,-0.0479468416993393,0.246379137984655,-0.0260434355955396
24.42,-0.922704549284715,-0.0471098135559255,0.243855531381009,-0.0270188229595625
24.43,-0.952923904166893,-0.0464072916699469,0.241218752767787,-0.0279658901483514
24.44,-0.98352021800666,-0.0455869885244083,0.238479322329515,-0.0288836900425639
24.45,-1.01588512841019,-0.0443835235676067,0.235654827231912,-0.0297716315498872
24.46,-1.0472034414915,-0.0433280285716866,0.232754088476269,-0.0306289341631035
24.47,-1.07880744638616,-0.0421586603101626,0.229785635675057,-0.0314548719781215
24.48,-1.11228068956075,-0.0406024786296425,0.226763446468166,-0.0322490588025546
24.49,-1.14443702103219,-0.0392063431188765,0.22369972928733,-0.0330113365580527
24.5,-1.17680040818739,-0.0377002696534066,0.220596746279928,-0.0337412651558684
24.51,-1.21114798766296,-0.0358054320109606,0.217456110230083,-0.0344384146174605
24.52,-1.24391932542465,-0.0340811143385427,0.214280228019108,-0.0351024689672253
24.53,-1.27683095321061,-0.0322508283037135,0.211079018441668,-0.0357333720306662
24.54,-1.31185318434576,-0.0300315034452386,0.207858408125047,-0.0363309883056942
24.55,-1.34505020429999,-0.027991066246835,0.204619430395454,-0.0368950527733822
24.56,-1.37833027887908,-0.0258481114298649,0.201361293059477,-0.0374252525905938
24.57,-1.41167264684432,-0.023603448827386,0.198083247789596,-0.0379213030419686
24.58,-1.44729387598167,-0.0209702581708772,0.194784649239093,-0.0383829180158398
24.59,-1.48074126119861,-0.0185225966728035,0.191465801809414,-0.0388098485567325
24.6,-1.51415337093517,-0.0159737593240343,0.188128352079932,-0.039201913505581
24.61,-1.54990715690816,-0.0130361726654573,0.18476966012155,-0.0395590110217821
24.62,-1.58313927442656,-0.0102820607254595,0.181387527402204,-0.0398809282550774
24.63,-1.61612301101681,-0.00742262815023023,0.17798001139224,-0.0401673324842009
24.64,-1.64872962872845,-0.00445459577039042,0.174546085169412,-0.0404179314265079
24.65,-1.68344868193313,-0.00108996156120963,0.171086812060313,-0.0406324505359251
24.66,-1.71477012559648,0.00210903132853152,0.167606729659987,-0.0408107936375959
24.67,-1.74503863375617,0.00543189949999667,0.164107247277506,-0.0409528399178179
24.68,-1.77678544946649,0.00917190581168323,0.164350952047121,-0.0409356131083018
24.69,-1.80401266679025,0.0128439411762409,0.170853847378262,-0.0406251175895919
24.7,-1.82916285119135,0.0167502759817673,0.177696768100797,-0.0403512272544663
24.71,-1.85491643524539,0.0211586554913299,0.18447096927358,-0.0401519494476714
24.72,-1.87517327846636,0.0255200877729455,0.19122794125117,-0.0400292430889497
24.73,-1.89264330399152,0.0300994941927464,0.198141958264021,-0.0399772344631188
24.74,-1.91017924410758,0.0351498880015065,0.20544375753941,-0.0399872836438241
24.75,-1.92165578228937,0.0401377476717999,0.213266644538748,-0.0400565167219416
24.76,-1.93303644692109,0.0455695709742358,0.221736406682387,-0.0401836532244368
24.77,-1.94128186542498,0.0511735110538725,0.230912287026989,-0.0403717905039122
24.78,-1.9333292830687,0.0555245645377122,0.240769626404585,-0.0406288067836629
24.79,-1.92587494483303,0.0602855911175573,0.25109622697382,-0.0409659828788256
24.8,-1.91311068133854,0.0649717210842307,0.260907059507429,-0.0414236663315628
24.81,-1.90107354332469,0.0700216818759229,0.266684380261877,-0.0420238352496166
24.82,-1.88692613906763,0.0750693587177638,0.254957947610499,-0.0423896453324484
24.83,-1.86807941534757,0.0797485643268044,0.231755843526672,-0.0428975651865012
24.84,-1.85047802364545,0.0843656346164143,0.197411639611372,-0.0436352067966385
24.85,-1.83161493694765,0.08858481433585,0.152425151061026,-0.0444696569912997
24.86,-1.81177588661281,0.0923001744231062,0.098463177535745,-0.0452147374584083
24.87,-1.78861883689471,0.0952435531393151,0.0379730292407973,-0.0456813218974966
24.88,-1.76750155524972,0.0977348027750063,-0.0262602554981306,-0.045716285268519
24.89,-1.74590556643303,0.099555612376361,-0.0915482467661675,-0.0452209804366937
24.9,-1.72389167534944,0.1007029978809,-0.155898592823988,-0.0441516764052225
24.91,-1.69915255262544,0.101030556245788,-0.217834789666974,-0.0425067930419868
24.92,-1.67643163250122,0.100894986418415,-0.275932246120817,-0.0403059498896149
24.93,-1.65332720372172,0.100175063703303,-0.328416870146185,-0.0375728686932289
24.94,-1.62765270934095,0.0987924072975071,-0.373247376233166,-0.0343351576722406
24.95,-1.60375792496404,0.0971274975848475,-0.408442618586241,-0.0306332551121062
24.96,-1.57937388652749,0.0951354773448234,-0.432382537977483,-0.0265263041933234
24.97,-1.55245424763755,0.0928047386055004,-0.44435553096862,-0.0221076791436979
24.98,-1.52699119543025,0.0905154791035322,-0.444673379352542,-0.0175025287611204
24.99,-1.50089661818168,0.0882448596700264,-0.434360052401243,-0.012848382796004
25,-1.4723249267136,0.0859763099954733,-0.415105895454254,-0.00828865879250691
25.01,-1.444976026572,0.0840195758569712,-0.388994721494208,-0.00395879662253516
25.02,-1.41698787573373,0.0823125286069543,-0.358170330807566,2.88743765861047e-05
25.03,-1.38673951889091,0.0807899248074175,-0.324906719821151,0.00358093127567657
25.04,-1.35765390941977,0.079666801303085,-0.291638484002785,0.00662371479061181
25.05,-1.32809468342369,0.0788245960199069,-0.260874012670219,0.00910436784876126
25.06,-1.29665901484658,0.0781405108745635,-0.23447500246943,0.0110180888120691
25.07,-1.26649219232146,0.0777392790152252,-0.214029545603277,0.0123814490765681
25.08,-1.23476385196849,0.0773882093532765,-0.199754787762687,0.0132727674673421
25.09,-1.20439260839701,0.0771937406851192,-0.19051840845361,0.0138239363979391
25.1,-1.17400101979314,0.077030595327981,-0.184824196622974,0.0141621960214178
25.11,-1.14239417107793,0.0768031009009711,-0.181387347475998,0.0143832677084221
25.12,-1.11211520077111,0.0766330543842657,-0.179390719455698,0.0145441638319708
25.13,-1.0807565768211,0.0763760861739344,-0.17871061337197,0.0146924938582339
25.14,-1.05062414069423,0.0761293748930616,-0.181746558142767,0.0149714322827216
25.15,-1.02051655144479,0.0758069588794553,-0.185498337987892,0.015317933701085
25.16,-0.989445194435126,0.0753566409363923,-0.189070907522425,0.0157064585035067
25.17,-0.959445144355219,0.0748874014933965,-0.192282096085398,0.0161315443296839
25.18,-0.928585567617233,0.0743031811210956,-0.195076542503006,0.0165881539018668
25.19,-0.898717990295646,0.0737021921163538,-0.19745437813453,0.0170704830807488
25.2,-0.868097611374189,0.0730000115335314,-0.199429231111046,0.0175734751075709
25.21,-0.838398466525915,0.0722833061292363,-0.201033648458094,0.01809283588009
25.22,-0.808778880889666,0.0715127705309839,-0.202294899991653,0.0186245041004455
25.23,-0.778570812746079,0.07065933221535,-0.203234759080085,0.0191648276078581
25.24,-0.749195490141532,0.0697932093159693,-0.203874525564284,0.019710212552216
25.25,-0.719344807965933,0.068854522432598,-0.204239403038435,0.0202571449329844
25.26,-0.690280373034687,0.0679035879940866,-0.204366083336372,0.0208029483481242
25.27,-0.660857567146697,0.0668887510234091,-0.204291169682326,0.0213458545296208
25.28,-0.632186914942226,0.0658609034590985,-0.204054691094025,0.0218847437733245
25.29,-0.603276663219027,0.0647759485231466,-0.203684870514422,0.0224186029791935
25.3,-0.575089432764301,0.0636764069261897,-0.203205201467961,0.0229465571797551
25.31,-0.546773710964062,0.0625254280880103,-0.202634658287821,0.0234678548174646
25.32,-0.519153453716112,0.0613580121026953,-0.201987122448204,0.0239817076278418
25.33,-0.49150831200302,0.0601440107126274,-0.201274161286311,0.0244874409282523
25.34,-0.464532666697313,0.0589117319385052,-0.200507198932729,0.0249844462162384
25.35,-0.43789130826406,0.0576473043262177,-0.199701417555128,0.0254722446475771
25.36,-0.411361898861723,0.0563423100412712,-0.199199185563282,0.025950872503773
25.37,-0.385525401694091,0.0549620008403326,-0.208782449919987,0.0260332688401368
25.38,-0.360051715126027,0.0534217681141343,-0.220789640685705,0.0260589681018624
25.39,-0.335368587289454,0.0517307393717399,-0.232770304490201,0.0262017273535732
25.4,-0.311123773761667,0.0498785884065005,-0.244692555381844,0.026470290550831
25.41,-0.287635152850782,0.0478759162977597,-0.256600100031717,0.0268635519692713
25.42,-0.264630588652758,0.0457160914505518,-0.268500750083787,0.0273803270216618
25.43,-0.242357820556395,0.043422015476801,-0.275423983023966,0.02787176750512
25.44,-0.22069183911066,0.0410748728944586,-0.274873899966078,0.0281549687762723
25.45,-0.199822225650829,0.0387087553495096,-0.273391900559638,0.0284368399598864
25.46,-0.179599203877128,0.03632960965112,-0.271391054500993,0.0287511777434445
25.47,-0.16011316061851,0.0339441979176139,-0.268725075816401,0.0290965859402763
25.48,-0.141261605919882,0.0315630753303522,-0.265239048269754,0.0294659952395694
25.49,-0.1230833023523,0.0291938791931087,-0.26077463086184,0.0298513139236834
25.5,-0.105521344880001,0.0268525788423629,-0.25515543268676,0.0302439792847736
25.51,-0.0885721927984697,0.0245484463656013,-0.248186309652921,0.0306342328702397
25.52,-0.0722166078480218,0.0223030096093814,-0.239686329775222,0.0310092457100453
25.53,-0.0564172054640606,0.0201273004048639,-0.229552878662817,0.031353046554047
25.54,-0.0411884879091557,0.0180460689305155,-0.217772783089095,0.0316470642230811
25.55,-0.0264682238710838,0.0160692796038424,-0.204411278922224,0.031871307512883
25.56,-0.0123015072809558,0.0142210845624137,-0.18963893165587,0.0320047705931311
25.57,0.00139153009655058,0.0125070885403699,-0.173699291875911,0.0320274016389825
25.58,0.0145389690575604,0.0109469209398795,-0.156953928156995,0.0319213082168186
25.59,0.0272330054831134,0.00953839533253063,-0.139810311652436,0.0316721729654881
25.6,0.039432099034209,0.00828867869090811,-0.122709444596646,0.0312701045274344
25.61,0.0510790631908913,0.0072002238272696,-0.106162965466093,0.0307115850690263
25.62,0.0622786686782231,0.00625654685773249,-0.0905914725794785,0.029995507959206
25.63,0.0729123874378788,0.00545593031018231,-0.07642666413063,0.0291280796874406
25.64,0.083091231754052,0.00477371410868195,-0.0639781149461605,0.0281210955431156
25.65,0.0926879749281611,0.00420186231193237,-0.0534681261469722,0.0269916458366681
25.66,0.101820464095342,0.00371137553479347,-0.0450262561323848,0.025761710128781
25.67,0.110358898595698,0.0032916346392939,-0.0386758268458217,0.0244560283525636
25.68,0.118428394383832,0.00291328237899694,-0.0343512930285913,0.0231012184331985
25.69,0.125901451736538,0.00256676280969575,-0.0319169856478882,0.0217239526350175
25.7,0.132910106967435,0.00222571432422269,-0.0311671546655229,0.0203497734062297
25.71,0.139331903151132,0.00188427517500051,-0.0318533530936938,0.0190020691534054
25.72,0.145303842008081,0.00152138309532827,-0.0336784780948179,0.0177017561748412
25.73,0.150709713823408,0.00113660544636467,-0.0363267018934497,0.0164662821600136
25.74,0.155689596770408,0.000715494393382982,-0.0394677841691228,0.0153096054575904
25.75,0.16013425969223,0.000263670849788558,-0.0427771003379967,0.0142421032940619
25.76,0.164185335740584,-0.000226467109317617,-0.0459306675368874,0.0132704904716648
25.77,0.167741019310076,-0.000743434000401752,-0.0486332881859452,0.0123977175503028
25.78,0.170942965085453,-0.0012886002844599,-0.0506205352905932,0.0116232328565643
25.79,0.173696619512313,-0.00184581679958546,-0.0516793740292038,0.0109426821858865
25.8,0.176141733105763,-0.00241190782245563,-0.0516584317337434,0.010348220493768
25.81,0.178189740990464,-0.00296833065844543,-0.0504828593599381,0.00982883282949561
25.82,0.17997588663154,-0.00351009073457926,-0.0481517605034718,0.00937135022395307
25.83,0.181415604122912,-0.00401924826543597,-0.0447470886063076,0.00896098248101861
25.84,0.182637048099837,-0.0044920972096259,-0.0404219477423655,0.00858248260407855
25.85,0.183557823110489,-0.00491429907477173,-0.0353929467510237,0.00822040534559028
25.86,0.184296742955,-0.00528601681288693,-0.0299094093765151,0.00786092602649179
25.87,0.18481895013157,-0.00560112936472145,-0.0242535403315069,0.00749251728250354
25.88,0.185092608099818,-0.00585678250848498,-0.0187026940749274,0.00710664043546412
25.89,0.185221189927637,-0.00606071319594558,-0.0135116444692377,0.00669818197715658
25.9,0.185124423274632,-0.00621263239984048,-0.00890877414388155,0.00626531267522982
25.91,0.184896420159486,-0.0063242918139009,-0.00506091673863258,0.00580971963724787
25.92,0.184459414224762,-0.00639906755222343,-0.00207109548775493,0.00533646684883114
25.93,0.183900187108438,-0.00645038666993337,1.18357375728534e-05,0.00485321218927106
25.94,0.183145609364404,-0.00648287970354199,0.0012025962442339,0.00436945403001916
25.95,0.18227729473595,-0.00650925590414834,0.00158014045121509,0.0038957374979515
25.96,0.181228489715979,-0.0065329262696155,0.00127233151726091,0.00344275142226209
25.97,0.180077399751746,-0.00656367990619065,0.000447854094229459,0.00302064860177875
25.98,0.1787646912617,-0.00660193826269517,-0.000705168415064409,0.00263774964460801
25.99,0.177365899873746,-0.00665342009933686,-0.00198787391273431,0.0023004393021076
26,0.175828968267763,-0.00671495638732261,-0.0032103295772649,0.00201263048625117
26.01,0.174226617154438,-0.0067882293567084,-0.00420574051860896,0.00177556824610763
26.02,0.172513044455855,-0.00686710796485934,-0.00484184564293631,0.00158781386085952
26.03,0.170757160851877,-0.00695039710504061,-0.0050258032888562,0.00144550002785436
26.04,0.168917719443856,-0.00703047051414571,-0.00471250558911544,0.00134258411255375
26.05,0.16705839298319,-0.00710500546365982,-0.00390268226831916,0.00127147021681488
26.06,0.165140611123557,-0.00716669651433748,-0.00264010445944058,0.00122360644898142
26.07,0.163221524852563,-0.00721386238771183,-0.00100433886173636,0.0011901436207156
26.08,0.161263774072113,-0.00724104574238063,0.000897706521473948,0.00116256031721073
26.09,0.159317314346746,-0.00724845518307844,0.00294267874220077,0.00113321821309188
26.1,0.157345277296493,-0.00723329980881529,0.00500338215698137,0.00109588753844627
26.11,0.155390569085799,-0.00719808503221041,0.00695765274846591,0.00104601946909819
26.12,0.153416935476289,-0.007142637643364,0.00869756006418491,0.00098088286676634
26.13,0.151461123139336,-0.00707137219456859,0.0101370626581641,0.000899597599034812
26.14,0.149504257031069,-0.00698674950372437,0.0112181244214329,0.000802999338275237
26.15,0.147530148462578,-0.00689183600115353,0.0119126382166616,0.000693426444561077
26.16,0.145568896141371,-0.00679200636330686,0.0122215288877427,0.000574343479328184
26.17,0.143589498564039,-0.00668960934626414,0.0121723768690221,0.000449945215218845
26.18,0.141619342986861,-0.00658928693656593,0.0118155233822778,0.000324769065085454
26.19,0.139631062496092,-0.00649254203292943,0.0112181335867529,0.000203289429491561
26.2,0.137650293902277,-0.00640252552774107,0.0104580680251574,8.95731524322572e-05
26.21,0.135653597536101,-0.00631934746152487,0.00961694251333565,-1.30194532742439e-05
26.22,0.13366531425641,-0.00624440624506449,0.00877392574835217,-0.000102036951500244
26.23,0.131665728247767,-0.00617638973989416,0.00799987175092772,-0.000176048183150313
26.24,0.129677856109387,-0.00611517785852585,0.00735293270036879,-0.000234668164393273
26.25,0.127685106535182,-0.00605844465876167,0.00687535513466014,-0.000278503724282418
26.26,0.125708822086148,-0.00600513320926899,0.00659183375517603,-0.000309025536886249
26.27,0.123734735541497,-0.00595255507756588,0.00650923715198041,-0.000328384647768602
26.28,0.121782061286271,-0.00589942676161414,0.00661767677979375,-0.000339195920448629
26.29,0.119838068835088,-0.00584336733096265,0.0068927911361561,-0.000344301335058353
26.3,0.117919463957405,-0.00578349121645257,0.00729871802315308,-0.000346547293172224
26.31,0.116014466078004,-0.00571822135427832,0.00779210295733352,-0.000348559976224027
26.32,0.114137155923789,-0.00564745015298665,0.00832535543632354,-0.000352597656116686
26.33,0.112276390258512,-0.00557061760269585,0.00885175734872905,-0.000360406831326797
26.34,0.1104437468748,-0.00548845879619132,0.00932918491940975,-0.000373097251669325
26.35,0.108628701670366,-0.00540131867641713,0.00972111706767189,-0.000391175328704421
26.36,0.106840701965148,-0.00531057429686417,0.010000061254152,-0.000414544093479451
26.37,0.105070020248929,-0.00521716805671734,0.010148993801395,-0.000442541597644387
26.38,0.103324477013859,-0.0051227438537366,0.0101616745759692,-0.000474046080848987
26.39,0.101595411163553,-0.0050284130941911,0.0100424499498581,-0.000507592596615987
26.4,0.0998895370534845,-0.00493567237913374,0.00980497414176108,-0.000541526050528769
26.41,0.0982025564574931,-0.00484548741701502,0.00947082058535748,-0.000574123595111233
26.42,0.0965313910422729,-0.00475862880609233,0.00906579036666887,-0.000603796958712205
26.43,0.0948818316532671,-0.00467582005290949,0.00861908928265511,-0.000629168013428887
26.44,0.0932486687855913,-0.00459718609068399,0.00816097211850579,-0.000649162035726011
26.45,0.0916372866669954,-0.00452281416725041,0.00772009434714495,-0.00066307933557908
26.46,0.0900437497744146,-0.00445230221135695,0.00732114661352162,-0.000670624697393391
26.47,0.0884729968345326,-0.00438521838486334,0.00698334051285555,-0.000671915855408156
26.48,0.0869220741758099,-0.00432081544202573,0.00671965618245518,-0.000667442592718256
26.49,0.0853953203139763,-0.00425838044759309,0.00653629292805337,-0.000658015604761278
26.5,0.0838904202298805,-0.00419707434357545,0.00643302714299382,-0.000644677276797311
26.51,0.0824109334239891,-0.0041361682435138,0.00640351943951257,-0.000628617801141134
26.52,0.0809548775419797,-0.00407497474893082,0.0064364735493185,-0.000611073541409755
26.53,0.0795249150554183,-0.00401296937514009,0.006516758794501,-0.000593240654415338
26.54,0.0781191917687751,-0.00394978461926695,0.00662704671690777,-0.000576188354962095
26.55,0.0767394609293959,-0.00388522097880154,0.00674905504273537,-0.000560804423630852
26.56,0.0753839154980955,-0.00381928762427463,0.00686520965863277,-0.000547741458409567
26.57,0.0740534940340352,-0.00375211554358459,0.00695968001005114,-0.000537400413259624
26.58,0.072746467468968,-0.00368403744306979,0.00701961115035599,-0.000529919462041979
26.59,0.0714631427250829,-0.00361542235682984,0.00703568173283437,-0.000525194342653216
26.6,0.0702019673275451,-0.00354679439318004,0.00700271787675609,-0.000522902598800893
26.61,0.0689628252927195,-0.00347861164958775,0.00691937352776815,-0.000522563621980612
26.62,0.067744456300483,-0.00341142897034152,0.00678843302129533,-0.00052357973775739
26.63,0.0665465232290936,-0.00334563797455599,0.00661610797296067,-0.000525290702382441
26.64,0.0653681597376821,-0.00328167587434743,0.00641111302953064,-0.000527033118471112
26.65,0.0642089586537464,-0.00321975483562625,0.00618356068462816,-0.000528202638340604
26.66,0.0630684802766552,-0.00316011429492695,0.00594467699874416,-0.000528276170287131
26.67,0.0619463260366908,-0.00310274021157836,0.0057055585058773,-0.00052685759174603
26.68,0.0608423072089312,-0.00304761737585043,0.00547668057546097,-0.000523693688794266
26.69,0.0597564880220558,-0.00299463717467894,0.00526689792872007,-0.000518683371357003
26.7,0.0586884725581127,-0.00294349813291018,0.00508294767243438,-0.000511872003952027
26.71,0.05763864836333,-0.00289399822102279,0.00492924892704874,-0.000503429950239861
26.72,0.0566065538229701,-0.00284574901389866,0.00480761814798662,-0.000493636351556304
26.73,0.0555927174592457,-0.00279851478853987,0.00471750686472221,-0.000482844684823474
26.74,0.054596545200341,-0.0027519191292127,0.0046561147390326,-0.000471455478283835
26.75,0.0536185999950511,-0.00270578254019453,0.00461894310164059,-0.000459877952995847
26.76,0.0526581105138684,-0.00265981874784936,0.00460015066120777,-0.000448500958238471
26.77,0.0517156061419488,-0.00261396354503869,0.00459314038787745,-0.000437663673983803
26.78,0.0507901298167752,-0.0025680621154322,0.00459103422572827,-0.00042763936219519
26.79,0.0498821507333256,-0.00252218409226155,0.00458732285695655,-0.000418617890770035
26.8,0.0489905522078438,-0.00247630421850188,0.0045762173515137,-0.000410703076517838
26.81,0.0481157533407419,-0.00243060324486408,0.00455312187521827,-0.00040390833880195
26.82,0.0472565317727263,-0.00238514759309356,0.00451476245842429,-0.000398166904380172
26.83,0.0464132920281566,-0.00234017869462778,0.00445941258399922,-0.000393339927332263
26.84,0.0455847733237942,-0.00229579813618236,0.00438678946347897,-0.000389236276543213
26.85,0.0447714086818811,-0.00225224868537422,0.00429804353128879,-0.000385627835002172
26.86,0.0439719597898662,-0.00220961075386489,0.00419546192550545,-0.000382272697779416
26.87,0.0431869229677107,-0.00216807764509239,0.00408233437879352,-0.000378929592004371
26.88,0.0424151304003466,-0.00212766671593792,0.00396252590328179,-0.000375375677116168
26.89,0.0416571616404999,-0.00208849213552343,0.00384001305563182,-0.000371428716468087
26.9,0.0409119376051175,-0.00205049421894876,0.0037188121669181,-0.000366950590852788
26.91,0.0401801085409117,-0.00201370465109002,0.00360269035721193,-0.000361854189421649
26.92,0.0394606768423671,-0.00197799288056662,0.00349479169600779,-0.000356109953334126
26.93,0.038754336403624,-0.00194332541188883,0.00339753792679004,-0.000349740734428042
26.94,0.0380601482167391,-0.00190952797215629,0.00331238013371499,-0.000342817892464796
26.95,0.0373784152391297,-0.001876507292492,0.00323987385390753,-0.000335450958482969
26.96,0.0367094178382112,-0.00184416633901975,0.00317966675105989,-0.000327778413666249
26.97,0.0360522490267634,-0.00181233335727834,0.00313061876915905,-0.000319955810685968
26.98,0.0354075491179549,-0.00178096063032828,0.00309100090138871,-0.000312141097749442
26.99,0.0347744036105446,-0.00174991417764729,0.00305859705416304,-0.000304485726734623
27,0.034153384240831,-0.00171918702138022,0.00303095708994578,-0.000297123484820941
27.01,0.0335435606067929,-0.00168869646947691,0.00300561175081651,-0.000290161144349148
27.02,0.0329454316858167,-0.00165848155772077,0.00298017980659774,-0.000283674237759942
27.03,0.0323580597954916,-0.0016285090097376,0.00295261014059839,-0.000277705017766392
27.04,0.0317818839456132,-0.00159885492328708,0.00292131641841487,-0.000272260786327024
27.05,0.031215979421491,-0.00156952014400174,0.00288520790233614,-0.000267323105384592
27.06,0.0306607425771981,-0.00154059829224137,0.00284385236307358,-0.000262848560017174
27.07,0.0301152792517962,-0.00151210173356279,0.00279725924810646,-0.000258771879114771
27.08,0.0295799600353206,-0.00148412152554634,0.00274568699438671,-0.000255009218709756
27.09,0.0290539406292307,-0.00145666691288985,0.00268970536714921,-0.000251469942656406
27.1,0.0285375839945008,-0.00142981379844203,0.00263030932238732,-0.000248064468326853
27.11,0.0280301083586378,-0.00140355589829945,0.00256849821574351,-0.000244711270443107
27.12,0.0275318742971891,-0.00137794432591858,0.00250562473777337,-0.000241341782044263
27.13,0.0270421643345014,-0.00135294969605318,0.00244303321723,-0.00023790160744248
27.14,0.0265613384634271,-0.00132859374385612,0.00238205875732827,-0.000234349621867603
27.15,0.0260887491636232,-0.00130482158742172,0.00232420467033021,-0.0002306656449213
27.16,0.0256247567430954,-0.00128162503975669,0.00227052528301604,-0.000226849027621852
27.17,0.0251687658139064,-0.0012589322269366,0.00222135118129651,-0.000222908242420976
27.18,0.0247211210309075,-0.00123672388619101,0.00217688271433609,-0.000218869941394433
27.19,0.0242812683130174,-0.00121492789333498,0.00213696143424386,-0.000214776969134461
27.2,0.0238495230050892,-0.00119352542475407,0.00210123996548404,-0.000210681055041152
27.21,0.0234253564507823,-0.00117245406034819,0.00206909630721984,-0.000206633936096464
27.22,0.0230088580594021,-0.0011516944547263,0.0020397522548719,-0.000202682233594328
27.23,0.0226000829120556,-0.00113123330743173,0.00201236914905592,-0.000198867753509047
27.24,0.0221985300860759,-0.00111103514534714,0.00198609491885922,-0.00019522369368035
27.25,0.0218044180761483,-0.00109111304891466,0.00196014180383019,-0.000191771454823803
27.26,0.0214172644662627,-0.00107144917437949,0.00193376594434282,-0.000188519172193626
27.27,0.0210372550704987,-0.0010520691835001,0.00190636689761701,-0.000185463282162472
27.28,0.0206639308800014,-0.00103296857907639,0.00187755475155146,-0.000182591376207839
27.29,0.0202974517790677,-0.00101417886812093,0.00184714448561996,-0.000179885005770408
27.3,0.019937385664953,-0.000995701270679181,0.00181500766049563,-0.000177319232713433
27.31,0.0195838734248666,-0.000977567497062708,0.00178123606840536,-0.000174861590344177
27.32,0.0192365152762894,-0.000959778520618584,0.00174605113642609,-0.000172475042282688
27.33,0.0188954406729884,-0.000942360395438312,0.0017097352343876,-0.000170122168066041
27.34,0.0185602858466831,-0.000925309171351287,0.00167274631085781,-0.000167770363789597
27.35,0.0182311734073437,-0.000908640674995478,0.00163560564652161,-0.000165392061194349
27.36,0.0179077750128736,-0.000892341901676236,0.00159885141788187,-0.000162965747212985
27.37,0.017590206939806,-0.000876416818624436,0.00156299504109532,-0.000160476748298944
27.38,0.0172781734826151,-0.000860843440708036,0.00152850584448604,-0.000157916988706708
27.39,0.0169717836878815,-0.000845615343036739,0.0014957844336307,-0.000155285664182813
27.4,0.0166707702561446,-0.000830704024145291,0.00146507512543576,-0.000152588820666225
27.41,0.0163752324485715,-0.000816097212577489,0.0014364815964292,-0.000149838396548421
27.42,0.016084925538121,-0.000801765463837821,0.00140997395828593,-0.000147051356501069
27.43,0.0157999343812181,-0.000787696194200657,0.00138541347728146,-0.000144248436057887
27.44,0.0155200294636932,-0.000773863693306745,0.00136257361723878,-0.0001414524256283
27.45,0.0152452775472671,-0.000760259049302134,0.00134116448984273,-0.00013868615309523
27.46,0.0149754598495209,-0.000746863157658277,0.00132085933675052,-0.000135970706167109
27.47,0.0147106240805677,-0.000733672738078784,0.00130131672699123,-0.000133322866902859
27.48,0.0144505599690916,-0.000720676699278062,0.00128211881185691,-0.000130757435923178
27.49,0.0141952425373706,-0.000707876173047644,0.00126295641207931,-0.000128283990371847
27.5,0.0139446316639029,-0.000695274888826976,0.00124347571146087,-0.00012591347900447
27.51,0.013698527722795,-0.000682871712498288,0.00122363932468233,-0.000123645825187513
27.52,0.0134569375629399,-0.000670674132601997,0.00120348311507978,-0.000121472560547363
27.53,0.0132196743006547,-0.000658682366014725,0.00118277246589356,-0.000119391294617066
27.54,0.0129867349661774,-0.000646906043704036,0.00116147468596247,-0.000117391644319368
27.55,0.0127579455031048,-0.000635346979193107,0.00113967204241136,-0.000115459486015955
27.56,0.0125332986467832,-0.000624012533997205,0.00111753647546963,-0.000113578973683881
27.57,0.0123126368924389,-0.000612901685000103,0.0010952831717472,-0.000111734670519579
27.58,0.01209595208016,-0.000602017106944555,0.00107313844464373,-0.000109913064159976
27.59,0.0118831035950429,-0.000591353752996508,0.00105132080553325,-0.000108103371698733
27.6,0.0116740829093258,-0.000580909610217642,0.00103001939056657,-0.000106298214400776
27.61,0.0114687642388311,-0.000570676260496512,0.00100939956564035,-0.00010449343455536
27.62,0.0112671378587059,-0.000560648087652518,0.00098958591580437,-0.000102686927762084
27.63,0.0110690909621525,-0.000550814643733614,0.000970648669548349,-0.000100878903516949
27.64,0.0108746120625494,-0.00054116863885625,0.000952608183798316,-9.90716924452596e-05
27.65,0.0106835989067715,-0.000531699608741264,0.000935432082616838,-9.7269693065053e-05
27.66,0.010496038860822,-0.000522400998981303,0.000919059505526206,-9.54785584437289e-05
27.67,0.0103118433742759,-0.00051325988706989,0.000904061246921431,-9.37234612534498e-05
27.68,0.0101309967185799,-0.000504260330202072,0.000891075758715648,-9.201614509709e-05
27.69,0.0099534149225331,-0.000495384345978884,0.000879324022899282,-9.03778617047315e-05
27.7,0.00977907728657001,-0.000486621208154347,0.000868858174599129,-8.88131883692677e-05
27.71,0.00960790416154378,-0.000477956459301612,0.000859699167197324,-8.73389212340525e-05
27.72,0.00943986945480368,-0.000469380917354797,0.000851258197841322,-8.59688992195709e-05
27.73,0.00927489537660264,-0.000460887800363291,0.000843297830879447,-8.47057430429544e-05
27.74,0.00911295179639104,-0.000452473284728196,0.000835714884748854,-8.35446442464002e-05
27.75,0.00895396099484191,-0.000444145200510118,0.000826119035749608,-8.24640758299089e-05
27.76,0.00879787576194069,-0.000435929490987288,0.000813848908938705,-8.1425293724047e-05
27.77,0.00864464692281075,-0.000427855194721471,0.000798458529498465,-8.04095549388345e-05
27.78,0.00849420101462073,-0.000419949480421979,0.000780748834971429,-7.94137894907758e-05
27.79,0.0083464908525599,-0.00041223319396244,0.00076103647655673,-7.84271870458187e-05
27.8,0.00820144040549398,-0.000404724406641008,0.000739777741261366,-7.74306819799225e-05
27.81,0.00805900201907672,-0.000397433575218927,0.000717902701867012,-7.6394307389109e-05
27.82,0.00791911143328772,-0.000390363633822743,0.000695853636756871,-7.52978158619715e-05
27.83,0.00778173058908038,-0.00038351218233473,0.000674472506797458,-7.41192131300913e-05
27.84,0.00764681002243783,-0.000376869588424739,0.00065422006420041,-7.28543893336465e-05
27.85,0.00751431805254654,-0.000370421440165415,0.00063568669105857,-7.15099203712012e-05
27.86,0.00738421275647916,-0.000364147643171369,0.000619331766733337,-7.00982665346161e-05
27.87,0.00725646514148526,-0.000358024785722774,0.000605389604489655,-6.86363164238442e-05
27.88,0.00713103883161192,-0.000352028759686709,0.000593846565526597,-6.71430236814271e-05
27.89,0.00700790612136526,-0.000346136257978594,0.000584507971915735,-6.56407478219947e-05
27.9,0.0068870325186392,-0.000340327174397999,0.00057703898080277,-6.4153842224988e-05
27.91,0.00676838653123557,-0.00033458500429633,0.000570946131233324,-6.27088519385495e-05
27.92,0.00665192924608693,-0.000328899144839312,0.000565773894896686,-6.1325423180678e-05
27.93,0.00653762347580145,-0.000323262526044203,0.000561006457906947,-6.0016319111572e-05
27.94,0.00642542688742864,-0.00031767460176856,0.00055611123795214,-5.87963066630162e-05
27.95,0.00631529421616239,-0.000312138217704321,0.000550743746025374,-5.76722952390168e-05
27.96,0.00620717877679766,-0.000306660102446221,0.000544614936237549,-5.66421245809527e-05
27.97,0.00610103201830992,-0.000301248637846166,0.000537536582193757,-5.56972959271954e-05
27.98,0.00599680806187042,-0.000295914219033298,0.000529418830175497,-5.48250527687688e-05
27.99,0.00589445948756762,-0.000290666945205482,0.000520257731948864,-5.40095670386378e-05
28,0.00579394495317498,-0.000285517077645668,0.000510195791044682,-5.32295284579823e-05
28.01,0.00569522259525002,-0.000280471453992764,0.000499510247955536,-5.24683502347713e-05
28.02,0.00559825708191664,-0.000275536445595863,0.000488264122362983,-5.17139171526623e-05
28.03,0.00550301211469328,-0.000270716160842091,0.000476696713631671,-5.09518940382722e-05
28.04,0.00540945401716275,-0.000266012256891506,0.000465055155470315,-5.01705057892879e-05
28.05,0.00531755664763889,-0.000261424451836613,0.000453582953831058,-4.936106542734e-05
28.06,0.00522729022540247,-0.0002569494299469,0.000442501170225145,-4.85183556742383e-05
28.07,0.00513863373144563,-0.000252582563465347,0.000431994618200117,-4.76406927372904e-05
28.08,0.00505156104867943,-0.000248316925929763,0.000422200910394969,-4.67297809441497e-05
28.09,0.00496605425231955,-0.000244145204997762,0.000413205015857952,-4.57903021718872e-05
28.1,0.00488208880171026,-0.000240058845803843,0.00040503718736375,-4.48293663406006e-05
28.11,0.00479964760588292,-0.000236049978346201,0.000397675253490605,-4.38557954141979e-05
28.12,0.00471870568118771,-0.000232110529722778,0.000391051462250589,-4.28793949268673e-05
28.13,0.0046392448923438,-0.000228233995812634,0.000385060697171497,-4.19101758675296e-05
28.14,0.00456123840640377,-0.000224414418414161,0.000379571033846317,-4.09576632407507e-05
28.15,0.00448466597178676,-0.000220647906346023,0.000374435730863616,-4.00302704163695e-05
28.16,0.00440949839108917,-0.000216931422478118,0.000369504469822793,-3.9134832582093e-05
28.17,0.00433571324175208,-0.000213263940835926,0.000364678924970104,-3.82746180037788e-05
28.18,0.00426328078115468,-0.000209644561567027,0.000359796118168744,-3.74502994060006e-05
28.19,0.00419217701326602,-0.000206075666301543,0.000354664522666803,-3.66669042351261e-05
28.2,0.00412237022649897,-0.000202559228084102,0.00034930967128029,-3.5920050718439e-05
28.21,0.00405383668309423,-0.000199097850116793,0.000343714726671271,-3.52070258646094e-05
28.22,0.00398654521493569,-0.000195693758836979,0.000337860853049722,-3.45248042355962e-05
28.23,0.00392047251714445,-0.000192349762426812,0.000331774286923241,-3.38691381589153e-05
28.24,0.00385558899648242,-0.000189067902127138,0.000325430948900959,-3.32327807740719e-05
28.25,0.00379187350896171,-0.000185850671872961,0.00031891430016752,-3.2610745895094e-05
28.26,0.00372929861345028,-0.000182699227271322,0.000312281929961276,-3.19984878463236e-05
28.27,0.00366784488935501,-0.000179614477158133,0.000305623871732623,-3.13923995486607e-05
28.28,0.00360748684362822,-0.000176595920961447,0.000299032538185715,-3.0789546452851e-05
28.29,0.00354820685364832,-0.000173642636384337,0.000292593376233747,-3.0187748910551e-05
28.3,0.00348998316379401,-0.000170752568149245,0.000286378041064026,-2.95858060073617e-05
28.31,0.00343279504047267,-0.00016792304791057,0.000280443115654826,-2.89836293759386e-05
28.32,0.00337662709684139,-0.000165151293048493,0.000274809348133419,-2.83831630281517e-05
28.33,0.00332145785458415,-0.00016243418185611,0.000269465703932206,-2.77865377052058e-05
28.34,0.00326727234222801,-0.000159768957819152,0.000264417318847509,-2.71955868268891e-05
28.35,0.0032140499378901,-0.00015715253626312,0.000259655764355393,-2.66119321360142e-05
28.36,0.00316177625045899,-0.000154582214911577,0.00025517669904097,-2.6037601629857e-05
28.37,0.00311043130878108,-0.000152055188004728,0.000250943237838431,-2.54752157037038e-05
28.38,0.00306000068428514,-0.000149569403932775,0.000246911606969941,-2.49271864371883e-05
28.39,0.00301046452232789,-0.000147122944515634,0.000243033226231926,-2.43955592323041e-05
28.4,0.00296180815078273,-0.000144714707923245,0.000239258825242161,-2.38818531322622e-05
28.41,0.0029140118017148,-0.00014234376302281,0.000235540646021726,-2.33869628292063e-05
28.42,0.00286706019293792,-0.000140010212195111,0.000231800902201378,-2.2913725409777e-05
28.43,0.00282093366704128,-0.000137713678682248,0.000228097714900193,-2.24581017487427e-05
28.44,0.00277561770654611,-0.000135454319350633,0.000224374884961294,-2.20201736508085e-05
28.45,0.00273109355540502,-0.000133232260322222,0.000220623858354583,-2.15984539824545e-05
28.46,0.00268734711541807,-0.000131047951938851,0.000216829190729277,-2.11919087011946e-05
28.47,0.00264436038853955,-0.000128901827265035,0.000212979468057939,-2.07986028984574e-05
28.48,0.00260211999711135,-0.000126794462124148,0.000209090672089824,-2.04159659927424e-05
28.49,0.00256060930566804,-0.000124726029150187,0.000205183254504252,-2.00415373719859e-05
28.5,0.00251981609832619,-0.000122696685863228,0.000201281837915833,-1.96730675603674e-05
28.51,0.00247972517474793,-0.000120706124707482,0.000197413186819407,-1.93086379685529e-05
28.52,0.0024403254418468,-0.000118753964279537,0.000193604187145584,-1.89467401538772e-05
28.53,0.00240160299920511,-0.000116839375643547,0.000189879811931655,-1.85863265170668e-05
28.54,0.00236354764091029,-0.000114961531979211,0.000186250518459291,-1.82272476286676e-05
28.55,0.00232614621020844,-0.000113119158073068,0.000182759062546107,-1.78701565826987e-05
28.56,0.00228938883145613,-0.000111310997149804,0.000179402081158552,-1.75154278973706e-05
28.57,0.00225326304193363,-0.000109535526931266,0.000176192151940857,-1.71635278588328e-05
28.58,0.00221775941508895,-0.000107791374501599,0.000173124146390955,-1.68150877193344e-05
28.59,0.0021828666925261,-0.000106077137362929,0.000170187479306152,-1.64709389037951e-05
28.6,0.00214857384966649,-0.000104391552867908,0.000167367037237533,-1.61320510590197e-05
28.61,0.00211487169896341,-0.000102733619026389,0.000164644910392685,-1.57994112646078e-05
28.62,0.00208174874278289,-0.000101102400242115,0.00016200175621573,-1.5473922610329e-05
28.63,0.002049195724247,-9.94972715197446e-05,0.000159418214929754,-1.51563253631464e-05
28.64,0.0020172012541142,-9.79176856717353e-05,0.000156876165989215,-1.48471466905244e-05
28.65,0.00198575600908857,-9.63633690234885e-05,0.000154359844969989,-1.45466729766765e-05
28.66,0.00195484875774454,-9.48340894329912e-05,0.000151856659321406,-1.42549459818365e-05
28.67,0.00192447021529851,-9.33298161252467e-05,0.000149357168683221,-1.39717745266804e-05
28.68,0.00189460962572596,-9.18503530036102e-05,0.000146887809790675,-1.36951495380761e-05
28.69,0.00186525831362516,-9.03957144100496e-05,0.000144386053049089,-1.34260364645712e-05
28.7,0.00183640576134358,-8.89661405262815e-05,0.000141875547934522,-1.31632499086754e-05
28.71,0.00180804346524877,-8.75615848887016e-05,0.000139383204338789,-1.290556262663e-05
28.72,0.00178016171960849,-8.61817674354256e-05,0.000136918987470781,-1.26525531625621e-05
28.73,0.00175275238395844,-8.48264187653651e-05,0.000134486350704826,-1.24040852653725e-05
28.74,0.0017258061160268,-8.3495177930496e-05,0.000132088169896209,-1.21600928485991e-05
28.75,0.00169931497537501,-8.21877066729106e-05,0.000129728839282519,-1.19204963258898e-05
28.76,0.00167326997090367,-8.09035592465674e-05,0.000127413968002984,-1.16852030461953e-05
28.77,0.00164766341903722,-7.96422850393327e-05,0.000125149225896375,-1.14541391889348e-05
28.78,0.00162248672517951,-7.8403332242246e-05,0.000122939265356573,-1.12272789136317e-05
28.79,0.00159773248766282,-7.71861576150189e-05,0.000120787081671478,-1.10046562134916e-05
28.8,0.00157339249363009,-7.59901503806104e-05,0.000118696485479968,-1.07863319892567e-05
28.81,0.00154945971618847,-7.48146759732889e-05,0.000116666571126526,-1.05716475765867e-05
28.82,0.00152592657963968,-7.36592257963798e-05,0.000114686043830258,-1.03604466753745e-05
28.83,0.00150278645435353,-7.25233064144002e-05,0.000112752275372621,-1.01529470600193e-05
28.84,0.00148003197479962,-7.14064707392689e-05,0.000110860571227976,-9.94961118599813e-06
28.85,0.00145765651083796,-7.03083218456044e-05,0.000109009360263817,-9.75085685825912e-06
28.86,0.00143565292812564,-6.92284569785851e-05,0.000107196844432427,-9.55695309592121e-06
28.87,0.00141401420008869,-6.81664975198788e-05,0.000105420504870394,-9.36802725303643e-06
28.88,0.00139273383042937,-6.71221099793092e-05,0.000103677371613504,-9.1841072373343e-06
28.89,0.00137180485972799,-6.60949689142273e-05,0.000101964411574468,-9.00515066666855e-06
28.9,0.00135122098093898,-6.50847985678632e-05,0.000100278850084381,-8.83105844572211e-06
28.91,0.00133097550863503,-6.40913326602382e-05,9.86177177308307e-05,-8.66167704938692e-06
28.92,0.00131106234783651,-6.31143495125488e-05,9.69751433058972e-05,-8.4970092951223e-06
28.93,0.00129147486491021,-6.21537372663943e-05,9.53494150320167e-05,-8.33751992030331e-06
28.94,0.00127220719452659,-6.1209130168965e-05,9.37626500503329e-05,-8.18191070350748e-06
28.95,0.00125325316444691,-6.02802781321772e-05,9.21934261593892e-05,-8.03070767997274e-06
28.96,0.0012346070350695,-5.9367029025355e-05,9.06397621748326e-05,-7.88356236372419e-06
28.97,0.0012162629180299,-5.84692077093774e-05,8.91046698341044e-05,-7.73996079700144e-06
28.98,0.00119821544009646,-5.75866115878613e-05,8.75920897862322e-05,-7.59938361073339e-06
28.99,0.00118045915154941,-5.67189915095532e-05,8.61055966207642e-05,-7.46137032749859e-06
29,0.00116298906361223,-5.58660739747678e-05,8.46480382741349e-05,-7.32554656029537e-06
29.01,0.00114580012227439,-5.50275547109571e-05,8.32214928236778e-05,-7.19163073507815e-06
29.02,0.00112888765694841,-5.42031185757643e-05,8.18272838145907e-05,-7.05943053537442e-06
29.03,0.00111224692909584,-5.33924362188575e-05,8.04660149762096e-05,-6.92883357353227e-06
29.04,0.00109587350922169,-5.25951803336621e-05,7.91376053681126e-05,-6.79979572924101e-06
29.05,0.00107976289650491,-5.18110240014701e-05,7.78414116458051e-05,-6.67232806531371e-06
29.06,0.00106391083522617,-5.1039653783701e-05,7.65760674680211e-05,-6.54648278068035e-06
29.07,0.00104831299942099,-5.02807688413288e-05,7.53399801498305e-05,-6.42234042912625e-06
29.08,0.00103296525641561,-4.95340884335464e-05,7.41311623350812e-05,-6.29999751991687e-06
29.09,0.00101786341102628,-4.87993512961967e-05,7.2947475416094e-05,-6.17955477230616e-06
29.1,0.00100300342279258,-4.80763187084363e-05,7.17867400314677e-05,-6.06110829305718e-06
29.11,0.000988381202208899,-4.73647730373768e-05,7.06468649062871e-05,-5.94474204691181e-06
29.12,0.000973992787784539,-4.66645164936454e-05,6.95259472232756e-05,-5.83052287648215e-06
29.13,0.000959834201913701,-4.59753689883799e-05,6.84223594487553e-05,-5.7184973192743e-06
29.14,0.000945901517076742,-4.52971717772525e-05,6.73330226154084e-05,-5.60874166930539e-06
29.15,0.000932190838027758,-4.46297871349456e-05,6.62586408585319e-05,-5.50152523058644e-06
29.16,0.000918698253133954,-4.3973015799775e-05,6.52097683197223e-05,-5.39655420213822e-06
29.17,0.000905420083274322,-4.3326637180492e-05,6.41727016690266e-05,-5.29383210993235e-06
29.18,0.000892352531798757,-4.26905948257801e-05,6.31443070614539e-05,-5.19347415834232e-06
29.19,0.000879491997034521,-4.20647307191856e-05,6.21352460224975e-05,-5.09494963527596e-06
29.2,0.000866834979867726,-4.14488392562705e-05,6.11471335732878e-05,-4.99818277756807e-06
29.21,0.000854378052641103,-4.08427202707284e-05,6.01778031043943e-05,-4.90325544665072e-06
29.22,0.000842117806020504,-4.02462036003714e-05,5.92243740107209e-05,-4.81027821739225e-06
29.23,0.000830050859719655,-3.96591417745241e-05,5.82846913506942e-05,-4.71932661747213e-06
29.24,0.000818173863702754,-3.90814059203694e-05,5.73576324266797e-05,-4.63042440615959e-06
29.25,0.00080648350566026,-3.85128707567273e-05,5.6442872398447e-05,-4.54355186653943e-06
29.26,0.000794976530399616,-3.79534140478609e-05,5.55407955695778e-05,-4.45865924065337e-06
29.27,0.000783649743163473,-3.74028962142819e-05,5.46530066448945e-05,-4.37555833509952e-06
29.28,0.000772500079321503,-3.68611845351107e-05,5.37779758209277e-05,-4.2939451303546e-06
29.29,0.000761524563942295,-3.63281603265087e-05,5.2914343986747e-05,-4.21365810857427e-06
29.3,0.000750720296443852,-3.58037060008778e-05,5.20625488595701e-05,-4.13468389464366e-06
29.31,0.000740084384013073,-3.52877007310774e-05,5.12232466717358e-05,-4.05708340999154e-06
29.32,0.000729613979721933,-3.47800117610083e-05,5.03981261526842e-05,-3.98091840238018e-06
29.33,0.000719306242578099,-3.42804873044476e-05,4.95886447004545e-05,-3.90622234794786e-06
29.34,0.00070915840125263,-3.37889668102632e-05,4.87957780530895e-05,-3.83300840252031e-06
29.35,0.000699167703064774,-3.3305279517224e-05,4.80200025853548e-05,-3.76128516292783e-06
29.36,0.000689331473997079,-3.28292556749051e-05,4.72613524045483e-05,-3.69106469500336e-06
29.37,0.000679647056029964,-3.23607240411636e-05,4.65194856658514e-05,-3.62236326603107e-06
29.38,0.000670111868886103,-3.18995217512139e-05,4.57937562700858e-05,-3.55519792335054e-06
29.39,0.000660723343137271,-3.14454936199952e-05,4.50826010468864e-05,-3.48957837196083e-06
29.4,0.000651478977030884,-3.09984934705891e-05,4.43864542200842e-05,-3.4255141825335e-06
29.41,0.000642376311900783,-3.05583829864261e-05,4.37033294419785e-05,-3.36299854437677e-06
29.42,0.000633412907225406,-3.01250354214034e-05,4.30322412091184e-05,-3.3020109382559e-06
29.43,0.000624586400850724,-2.96983380755298e-05,4.23721085066118e-05,-3.24251945746238e-06
29.44,0.000615894439990328,-2.92781853189578e-05,4.17219865722993e-05,-3.18447716531672e-06
29.45,0.000607334740652554,-2.88644922537847e-05,4.10788219765036e-05,-3.12794184640398e-06
29.46,0.000598904984805415,-2.84571898336432e-05,4.04439025420597e-05,-3.0729160863533e-06
29.47,0.000590602960110154,-2.80561699367506e-05,3.98211566630098e-05,-3.01918963369763e-06
29.48,0.000582426474117881,-2.76613296522435e-05,3.92062759134909e-05,-2.96680498857671e-06
29.49,0.000574373388706029,-2.72726064270982e-05,3.85973228354508e-05,-2.91570493101891e-06
29.5,0.000566441586839161,-2.68899369914122e-05,3.79949519031784e-05,-2.86572525827214e-06
29.51,0.000558629053441173,-2.65132501450782e-05,3.74003840748275e-05,-2.81669161393664e-06
29.52,0.00055093380846305,-2.61424599553641e-05,3.68148085056619e-05,-2.76844671995625e-06
29.53,0.000543353971294458,-2.57774719810417e-05,3.62392165805174e-05,-2.72086173576189e-06
29.54,0.000535887687554748,-2.54181806660238e-05,3.56743921819389e-05,-2.6738401127768e-06
29.55,0.000528533188701275,-2.50644768181402e-05,3.51208095896883e-05,-2.62731641631076e-06
29.56,0.00052128872437418,-2.47162416169979e-05,3.45798325285643e-05,-2.58120640675324e-06
29.57,0.000514152650618271,-2.43733401217354e-05,3.40523086517418e-05,-2.53536478343214e-06
29.58,0.000507123334591242,-2.40356600530445e-05,3.35337417164833e-05,-2.4898763742968e-06
29.59,0.00050019917717492,-2.37031181084693e-05,3.30247008799849e-05,-2.4447565774488e-06
29.6,0.000493378597665739,-2.33755984421656e-05,3.25280805533641e-05,-2.39994862851931e-06
29.61,0.00048666007097431,-2.30529771816858e-05,3.20436956454777e-05,-2.35553846027751e-06
29.62,0.000480042048172535,-2.2735138700548e-05,3.15700718837895e-05,-2.31165645366317e-06
29.63,0.000473523004294485,-2.24219874521484e-05,3.11049217670238e-05,-2.26842877692378e-06
29.64,0.000467101382890966,-2.21134429446948e-05,3.06480267948726e-05,-2.22596194585221e-06
29.65,0.000460775653201573,-2.18094310797364e-05,3.01976600097845e-05,-2.1843337957955e-06
29.66,0.000454544263648771,-2.15098897304144e-05,2.97531648780522e-05,-2.14359338528218e-06
29.67,0.00044840568951976,-2.12147640314259e-05,2.93139869236878e-05,-2.10377082667169e-06
29.68,0.000442358417500621,-2.09240031903335e-05,2.88797760210367e-05,-2.06487866595575e-06
29.69,0.000436400931646652,-2.0637558025729e-05,2.8450345882622e-05,-2.02691501572023e-06
29.7,0.000430531756762775,-2.03553817178001e-05,2.80256607939171e-05,-1.98986606807979e-06
29.71,0.000424749415900649,-2.00774257320893e-05,2.7605819426866e-05,-1.9537086759652e-06
29.72,0.000419052476356541,-1.98036411882342e-05,2.71910309002356e-05,-1.91841294262347e-06
29.73,0.000413439509170388,-1.95339754213815e-05,2.67815824851527e-05,-1.88394482290855e-06
29.74,0.000407909131643791,-1.92683738089125e-05,2.63778040721109e-05,-1.85026850694038e-06
29.75,0.000402459968769087,-1.90067771806908e-05,2.59800318668884e-05,-1.81734848518582e-06
29.76,0.000397090691477864,-1.87491242949731e-05,2.55885763677703e-05,-1.78515111817715e-06
29.77,0.00039179998022032,-1.84953499706571e-05,2.52036951286476e-05,-1.75364572604817e-06
29.78,0.000386586560293445,-1.82453878407364e-05,2.48255879512654e-05,-1.72280513563989e-06
29.79,0.000381449166768633,-1.79991690646422e-05,2.44543277671416e-05,-1.69260587912824e-06
29.8,0.000376386577006116,-1.77566255303623e-05,2.40899385510765e-05,-1.66302755656848e-06
29.81,0.000371397577712429,-1.75176883890802e-05,2.37323459938031e-05,-1.63405272755855e-06
29.82,0.000366480995195317,-1.7282290843785e-05,2.33813999781367e-05,-1.60566582182502e-06
29.83,0.000361635664090976,-1.70503672025061e-05,2.30368860954303e-05,-1.57785237293291e-06
29.84,0.000356860456283137,-1.68218548807791e-05,2.26985435478562e-05,-1.55059820553433e-06
29.85,0.000352154251743286,-1.65966933755217e-05,2.2366083574798e-05,-1.52388871041448e-06
29.86,0.000347515964435274,-1.63748258973848e-05,2.20392083828665e-05,-1.49770827207752e-06
29.87,0.000342944517033317,-1.61561982034507e-05,2.17174011067635e-05,-1.47203889850466e-06
29.88,0.000338438864496915,-1.59407641723321e-05,2.14005578764589e-05,-1.44685912108405e-06
29.89,0.000333997969715227,-1.57284686478672e-05,2.10887987220393e-05,-1.42215485089793e-06
29.9,0.000329620826775567,-1.55192652425191e-05,2.07817110235644e-05,-1.39790251836785e-06
29.91,0.000325306438929474,-1.53131079209326e-05,2.04791332891054e-05,-1.37407973084124e-06
29.92,0.000321053838828078,-1.51099524130229e-05,2.01809581039417e-05,-1.35066597988661e-06
29.93,0.000316862067809787,-1.4909754863424e-05,1.98871191075351e-05,-1.32764124516866e-06
29.94,0.000312730192577604,-1.47124721803729e-05,1.95975882347781e-05,-1.30498648337444e-06
29.95,0.000308657296843151,-1.45180614215611e-05,1.93123667748033e-05,-1.28268429223035e-06
29.96,0.000304642475373207,-1.43264791698537e-05,1.90314753579242e-05,-1.26071945547321e-06
29.97,0.000300684847475807,-1.41376821469578e-05,1.87549442292573e-05,-1.23907933473438e-06
29.98,0.00029678354053253,-1.3951626392177e-05,1.84828037355797e-05,-1.21775411605789e-06
29.99,0.00029293770444383,-1.37682680356155e-05,1.82150759328351e-05,-1.19673689334818e-06
30,-0.000178551390782822,-0.00350258531565697,1.79517675700048e-05,-1.17602359643562e-06
30.01,-0.000786453108043261,-0.00583829751432107,-0.00364940814580331,-0.000168563857818801
30.02,-0.00168302521333707,-0.00818045891511386,-0.00742127562181256,-0.000329558295184186
30.03,-0.00284127331928818,-0.0105546994575733,-0.00831725245817304,-0.000319476667492971
30.04,-0.0042210000963756,-0.0128698540530529,-0.00480639709444107,-9.31424491854606e-05
30.05,-0.00584200902100918,-0.0151897075100165,0.0039404041887165,0.000344377817684189
30.06,-0.00775551971402777,-0.0174129335676606,0.0178547008708688,0.000940218498471345
30.07,-0.0100340760384157,-0.0196363373772741,0.036283072453322,0.00161769211414396
30.08,-0.0127740832728707,-0.0217342519289414,0.0580172451784676,0.0022856490897939
30.09,-0.016078803328381,-0.0238405298958624,0.0817879917628844,0.00286503139707523
30.1,-0.0200670755514025,-0.0258061756921309,0.10623826768691,0.00328979329735816
30.11,-0.0248231554071285,-0.0277957558513618,0.130374682309796,0.00352548029386779
30.12,-0.0304584261524807,-0.0296312084729121,0.153346589660983,0.00355518837818312
30.13,-0.0370025173360427,-0.0315038407738672,0.174695179427772,0.00338499653518314
30.14,-0.0445657618030868,-0.0332067541079188,0.194067405663855,0.00302874339676041
30.15,-0.0531110339467453,-0.0349578926166915,0.211443818856984,0.00251548153105094
30.16,-0.0627700068268782,-0.0365222293122191,0.22678704322493,0.00187190218101535
30.17,-0.0734266138446724,-0.0381429464424101,0.240391292701995,0.00113600132555605
30.18,-0.0852574890240598,-0.0395564187709997,0.252444005528894,0.000336771759588053
30.19,-0.0980538354050555,-0.0410290797281813,0.263351072896595,-0.000492179655122519
30.2,-0.112061005258564,-0.0422686176355564,0.273304305464597,-0.00133172747252419
30.21,-0.126961565243196,-0.0435635519483104,0.282650128180851,-0.00216114003902064
30.22,-0.143092150472715,-0.0445944327649509,0.291460045704809,-0.00297516833961911
30.23,-0.160010137521796,-0.0456728808808572,0.299905524837638,-0.00376792418449189
30.24,-0.178166832701031,-0.0464558660235645,0.307916709829403,-0.00454622842203355
30.25,-0.196979484597757,-0.0472796457596621,0.315545733727278,-0.00531155594127782
30.26,-0.217035748096964,-0.0477802849505487,0.322686417634735,-0.00607219567838016
30.27,-0.237596761479475,-0.0483188285020061,0.32935177780391,-0.00683115275919117
30.28,-0.259405913821672,-0.0485121325208736,0.33543823821002,-0.00759416117740499
30.29,-0.281553166180091,-0.0487455190215996,0.340961869577846,-0.00836142797615307
30.3,-0.304406165498568,-0.0488250590269937,0.345866426412076,-0.00913528551662647
30.31,-0.328518406603679,-0.0485363560855175,0.350176611780088,-0.00991623857336292
30.32,-0.352694965547491,-0.0482987358875471,0.35394533415486,-0.010702081762273
30.33,-0.378138860468665,-0.047681993898713,0.357145806150558,-0.0114931594545114
30.34,-0.403449901564133,-0.0471256452005697,0.359823151673318,-0.0122874559633506
30.35,-0.430040613340884,-0.0461827064364457,0.361960319198061,-0.0130840459122048
30.36,-0.45629855945562,-0.0453115857863499,0.363634401509842,-0.0138805356087457
30.37,-0.482936218099578,-0.044290325044618,0.363533277548133,-0.0147170355300158
30.38,-0.510972760602559,-0.0429396002499748,0.353876375616264,-0.0160321233993534
30.39,-0.538551622194082,-0.0418003608296236,0.34161768006482,-0.0173631355721148
30.4,-0.566565570639247,-0.0406447691940875,0.328678267347431,-0.0185533075641162
30.41,-0.596131676380058,-0.039221634860069,0.31542748492876,-0.0195862233051101
30.42,-0.624950449286615,-0.0380382769485767,0.30206351743795,-0.0204655705850408
30.43,-0.655364145015954,-0.0365830331937274,0.288706947115103,-0.0211968746381227
30.44,-0.684837306935198,-0.0353739029687145,0.275463673019086,-0.0217879181042149
30.45,-0.71455840321413,-0.0341523972543719,0.262401700892484,-0.0222485098368131
30.46,-0.745965238618921,-0.0326468895172514,0.249579898751307,-0.0225863814091454
30.47,-0.776161754854073,-0.031391949533836,0.237062703659527,-0.0228080820949242
30.48,-0.806528147692679,-0.0301181952386344,0.22492448197341,-0.0229188367464217
30.49,-0.838695942823316,-0.0285451550616938,0.213216010904849,-0.0229240473208682
30.5,-0.869400326281239,-0.027220899123073,0.201979154651808,-0.0228299069072347
30.51,-0.900213588185129,-0.0258669111003408,0.191277662836929,-0.0226429224781162
30.52,-0.932961158543154,-0.024193988157027,0.182237934408937,-0.0223931717109161
30.53,-0.964046546790638,-0.0227106197535391,0.180996857649152,-0.0223888206180729
30.54,-0.99527896231822,-0.0210906535884174,0.181535318034672,-0.0224708976848244
30.55,-1.02664764044323,-0.019328791472343,0.182232791607442,-0.0225640314865436
30.56,-1.06022698749207,-0.0171379308195896,0.182892983025458,-0.0226535437492826
30.57,-1.09187311368638,-0.0150941395163235,0.183423043273345,-0.0227366521752686
30.58,-1.12359273921428,-0.0129129005424015,0.183838932312401,-0.0228095316045178
30.59,-1.1576369004472,-0.010306478639175,0.184182019672845,-0.022868943211034
30.6,-1.18946941266093,-0.00785237926686669,0.18448724189271,-0.0229135448039058
30.61,-1.22126014200807,-0.00526194841732225,0.184801036824383,-0.0229420867979051
30.62,-1.25541331010058,-0.002245778323373,0.185159422849933,-0.0229542064551797
30.63,-1.2869778038431,0.000622571447777748,0.185565086019238,-0.0229514436237936
30.64,-1.31824716015733,0.00363433438530122,0.186042865623636,-0.0229349054322908
30.65,-1.34906813185811,0.00679441842841405,0.186612618657505,-0.0229068333761969
30.66,-1.38193597802339,0.0103929142166055,0.187270316984577,-0.0228699253244418
30.67,-1.41124571270732,0.0138675952065318,0.187990250145887,-0.022827095692563
30.68,-1.43935634004781,0.0175090713332665,0.188754244411875,-0.0227801296195415
30.69,-1.46882255970697,0.0215994394627738,0.189532096456905,-0.0227310571106343
30.7,-1.4936723681888,0.0255830315592839,0.190303011660087,-0.0226812052777161
30.71,-1.51642212045229,0.0297383285900654,0.191054741690234,-0.0226307896565168
30.72,-1.53978103728213,0.0343304638100267,0.191708028635303,-0.0225832930970176
30.73,-1.55760794386214,0.0388151200764885,0.194746283408131,-0.0224411450499118
30.74,-1.57256708552294,0.0435162878484209,0.204174492689666,-0.0219506791176341
30.75,-1.58751086664964,0.0486969254511961,0.211863652288582,-0.0216119525102175
30.76,-1.59636573378295,0.0537845101810484,0.214967061652349,-0.0215728298751274
30.77,-1.60522261202523,0.0592174696210138,0.211071609035899,-0.0219131404050691
30.78,-1.60098391459522,0.0634655808557509,0.198512989481421,-0.022647042118936
30.79,-1.59157416328623,0.0673585342927046,0.175748033989692,-0.0237595132551359
30.8,-1.58322633533272,0.0712701238215966,0.143259434364627,-0.0251298386588329
30.81,-1.57319972693438,0.074859778527052,0.103025503762213,-0.0265635716118003
30.82,-1.55888426050343,0.0778348661118912,0.0573659899311547,-0.0278755889212737
30.83,-1.5462824359615,0.0805881103184859,0.00845941593582079,-0.0289199610997822
30.84,-1.53272402070063,0.0828635159838638,-0.0415743513655754,-0.029573999202693
30.85,-1.51570170657653,0.0844489341291864,-0.0912593010910561,-0.0297661972060194
30.86,-1.50084423764813,0.085752306372966,-0.1394894696973,-0.0294685404578783
30.87,-1.48552076930092,0.0865758256646025,-0.186605394897413,-0.0286119899179526
30.88,-1.46979050197228,0.0869133471028246,-0.233103059031271,-0.0271088328754665
30.89,-1.45122567095827,0.086623030039774,-0.273501932662574,-0.025155667368431
30.9,-1.43488195458736,0.0861306368531757,-0.305887334912102,-0.022825293097204
30.91,-1.4182287921151,0.0853384550086835,-0.329004960838894,-0.0201600461755199
30.92,-1.39893641252428,0.0841813689584378,-0.34243633804069,-0.0172252943930079
30.93,-1.3816361500066,0.0830746454934944,-0.346595896933778,-0.0141159950407491
30.94,-1.36392124931833,0.0819407855363254,-0.342336085285158,-0.0109354549780339
30.95,-1.34361909386334,0.080713759688106,-0.331057230647324,-0.00779659153688679
30.96,-1.32503055525783,0.0797418666584438,-0.314548908803821,-0.00481314668350197
30.97,-1.3059580321562,0.0789189892804426,-0.294674639383104,-0.00208155871165904
30.98,-1.2844507044658,0.0781412031164153,-0.273422721813903,0.000316869689800711
30.99,-1.26452618701085,0.0776677614807695,-0.252805824597359,0.00231982399751678
31,-1.24421669629558,0.0773505183697962,-0.234560086092605,0.00389736072064522
31.01,-1.22179322190615,0.0770459618882441,-0.220063804108183,0.00505047285316115
31.02,-1.20097626521864,0.0769386516592294,-0.210168329866259,0.00580884220094423
31.03,-1.17999134711546,0.07686443871958,-0.205044194407234,0.00623462301220548
31.04,-1.15727983704224,0.0766791571533358,-0.204360751143282,0.00640797142950178
31.05,-1.13621695735991,0.0765418127941881,-0.207439535427931,0.00641480034434049
31.06,-1.11516814798919,0.0763172958024369,-0.213358410903198,0.00634051698466806
31.07,-1.0927025535896,0.0758972457349158,-0.221184946768706,0.00625527788885768
31.08,-1.07183531054356,0.0754418443375964,-0.230044473525242,0.00621146742785628
31.09,-1.04969875590241,0.0747782318516871,-0.23919996745395,0.00624306081114716
31.1,-1.02908154215466,0.0740652849423102,-0.248119249277826,0.00636730802616544
31.11,-1.00857515312631,0.0732264747139968,-0.256358580772065,0.00659148421260982
31.12,-0.986973422820957,0.0722044148313083,-0.263562596066377,0.00691368217752583
31.13,-0.966748431438287,0.0711473401249993,-0.269462639631995,0.00732705546209813
31.14,-0.945528187469159,0.0699398891231495,-0.27386648987053,0.00782182983698731
31.15,-0.925582742978225,0.0687204358306402,-0.276648690553746,0.00838487560525068
31.16,-0.905749671016347,0.0674427368130374,-0.277724698033753,0.00900124472583599
31.17,-0.885051474051606,0.0660800044198914,-0.275702882953679,0.00971814741015169
31.18,-0.865449238173453,0.0647658003571083,-0.271346890568423,0.0104867077387262
31.19,-0.845049129824607,0.0634188837361455,-0.265674483646253,0.0112167487685198
31.2,-0.825658554563331,0.0621419619755684,-0.259015264440188,0.0118830673831465
31.21,-0.805577173579219,0.0608573656004163,-0.251640967387052,0.0124712002999709
31.22,-0.786439441614315,0.0596510581989744,-0.24383790699276,0.0129705724077496
31.23,-0.767428673781723,0.0584842525075032,-0.235864515906203,0.0133756152499201
31.24,-0.747900186765959,0.0573259647128822,-0.227960041467292,0.013685308567989
31.25,-0.729239312668804,0.0562393815866581,-0.220317969665271,0.0139016572558769
31.26,-0.710179658750423,0.0551603253500722,-0.213088146274616,0.0140293880652585
31.27,-0.691945950637356,0.0541357995734143,-0.207603588156497,0.0141173649608439
31.28,-0.673414168245003,0.0530877767112981,-0.204499213359681,0.0142251309960302
31.29,-0.655655199780341,0.0520506268745746,-0.202140502546571,0.0142953103969058
31.3,-0.637714088600434,0.0509753293066943,-0.200177489676375,0.0143281359859244
31.31,-0.620522591395813,0.0498987083013638,-0.198427801197482,0.0143341555510545
31.32,-0.603261335296869,0.0487830883325742,-0.196766081444678,0.0143221083016802
31.33,-0.586722267278089,0.0476608362831472,-0.195101102476946,0.0142983710376928
31.34,-0.570520383112408,0.0465153312765656,-0.193359452710944,0.0142674776960842
31.35,-0.554390719269133,0.0453370552088082,-0.191475019530442,0.0142326561720134
31.36,-0.538934442501345,0.0441512486305991,-0.189388430176794,0.0141959716381312
31.37,-0.523625946615606,0.0429399942407333,-0.187049846829513,0.0141584486369289
31.38,-0.508952468181265,0.0417242657760838,-0.184415125697291,0.0141206015634316
31.39,-0.49448701998125,0.0404923678322688,-0.181446857599193,0.0140819103460896
31.4,-0.480613687644638,0.0392614027636085,-0.178109403902947,0.0140413316656202
31.41,-0.466993191786393,0.038025116235186,-0.174377110615866,0.0139970979684954
31.42,-0.453917433778919,0.0367970825683908,-0.170232701996248,0.0139469531785178
31.43,-0.441124719611,0.0355755362362724,-0.165676170702412,0.013888217926162
31.44,-0.428826426947392,0.0343705736978983,-0.160712965210667,0.0138180715179998
31.45,-0.416829068161903,0.0331839187045353,-0.155358888443992,0.0137330560088845
31.46,-0.405275720112146,0.0320223136058035,-0.149636512357545,0.013629653207537
31.47,-0.394032658694405,0.0308900503295629,-0.143590504647762,0.0135041029323977
31.48,-0.383184753607058,0.029790388814559,-0.137285296700103,0.0133526632618296
31.49,-0.37264909440553,0.0287289809011403,-0.130798385629449,0.0131716677832703
31.5,-0.362462676772646,0.0277053863038047,-0.124215389043161,0.0129579667144363
31.51,-0.352588145206486,0.0267255724376982,-0.117632843561849,0.0127093712094708
31.52,-0.343024063390429,0.0257854146179617,-0.111139531289821,0.0124242792841239
31.53,-0.333771974263209,0.0248906624880911,-0.104831127305353,0.0121023330511375
31.54,-0.324799832840746,0.0240338541679558,-0.0987874482891855,0.0117449551905726
31.55,-0.3161420851504,0.0232203129985472,-0.0930822355252752,0.0113544074836413
31.56,-0.307742048689935,0.0224399430844052,-0.0877708743893425,0.0109345138774007
31.57,-0.299660965192563,0.0216978256747097,-0.0828949328665616,0.0104897965308039
31.58,-0.291821545360392,0.0209821544818826,-0.0784739085345399,0.0100260339114385
31.59,-0.284257524533754,0.0202936531983124,-0.0745081328253432,0.00954902712856965
31.6,-0.277019084855464,0.0196335615417793,-0.0709774041269338,0.00906515019839706
31.61,-0.27000426965089,0.0189895456508074,-0.067842835787194,0.00858094925316918
31.62,-0.263315976240758,0.0183681470994238,-0.0650588756838554,0.00810257154237703
31.63,-0.256839098590087,0.0177576904898369,-0.0625602071619034,0.00763558892264905
31.64,-0.250684878961597,0.0171660295841737,-0.0602812616866122,0.00718499750344621
31.65,-0.244727443674154,0.0165827126169572,-0.0581470981443751,0.00675499583593273
31.66,-0.23908253552186,0.0160169381226855,-0.0560943351399875,0.00634859113225211
31.67,-0.233616439392934,0.0154595916814292,-0.0540560233066735,0.00596772924029174
31.68,-0.22844729414747,0.0149209215129783,-0.0519823148056564,0.00561296493937173
31.69,-0.223436700604648,0.0143929327023638,-0.0498349734989686,0.00528423995171583
31.7,-0.218703441377885,0.0138863201627773,-0.0475895940086044,0.00498039162214443
31.71,-0.214107168619794,0.0133937796085186,-0.0452339182389349,0.00469956675637798
31.72,-0.209766509964531,0.0129257953356523,-0.0427809498717803,0.00443911001960267
31.73,-0.205542231720518,0.0124750972290894,-0.0402534013883799,0.00419601892721887
31.74,-0.201552467259726,0.0120512418439377,-0.0376860846575982,0.00396700129229456
31.75,-0.197661329415942,0.0116465645722269,-0.0351217599713169,0.00374898467782393
31.76,-0.193985751800136,0.0112692739902628,-0.0326091854305391,0.00353934584184981
31.77,-0.190394392934635,0.0109111050069945,-0.0301922684224845,0.00333599589046126
31.78,-0.187002116899924,0.0105788623645008,-0.0279147749765917,0.00313724009536601
31.79,-0.183682871359023,0.0102638027428503,-0.0258120236298635,0.00294225558563067
31.8,-0.180548528423268,0.00997150685026953,-0.0239130150439364,0.00275091103196535
31.81,-0.177478457235734,0.00969307987897686,-0.0222307304742401,0.00256372637966194
31.82,-0.174580514212471,0.00943332822275362,-0.0207668420257744,0.0023816539250769
31.83,-0.171739424049925,0.00918373590083903,-0.0195096997477762,0.0022061906883096
31.84,-0.169058219383363,0.00894882163674618,-0.0184422283708669,0.00203895070926471
31.85,-0.166426712393354,0.00872084115559205,-0.0175358273911875,0.00188158715377951
31.86,-0.163893114926989,0.00850159818077229,-0.0167576209532553,0.00173551574766822
31.87,-0.16150004804795,0.00829278572337584,-0.0160714309695814,0.00160189002926262
31.88,-0.15914491365554,0.00808829885015085,-0.0154408879494341,0.00148151018527322
31.89,-0.15691650391817,0.00789309983619177,-0.014835757829856,0.00137462836862238
31.9,-0.154717568724601,0.00770208403094514,-0.014229121731433,0.00128102218731619
31.91,-0.152631367350565,0.00752031310064857,-0.0136015270899814,0.00119993587018178
31.92,-0.150566387550816,0.00734344538809968,-0.0129400683688022,0.00113023235215944
31.93,-0.148600782192622,0.00717638440612749,-0.0122410936262958,0.00107038069636918
31.94,-0.146649122139728,0.00701522550206446,-0.0115074189013501,0.00101866749294023
31.95,-0.144784894282209,0.00686442634726379,-0.0107491749873198,0.000973243081275623
31.96,-0.142928939099871,0.00672023107881935,-0.00998060968202903,0.00093231909555266
31.97,-0.141150414291239,0.00658644755555348,-0.0092200517469434,0.000894207354708519
31.98,-0.139376392029664,0.00645929609944918,-0.00848586508520587,0.00085749151843225
31.99,-0.13767188054454,0.00634187334696373,-0.00779692084578684,0.000821030491524559
32,-0.135969917307699,0.00623035072511055,-0.00716903990587297,0.00078404577248541
32.01,-0.134331396198464,0.00612719005019072,-0.00661493178250017,0.000746087633686059
32.02,-0.13269489148167,0.00602861822304027,-0.00614227175084277,0.000707071646394646
32.03,-0.131117122206405,0.00593664499731665,-0.00575420227304247,0.000667199809482005
32.04,-0.129541682312968,0.00584772549015038,-0.00544854338079694,0.000626933837835181
32.05,-0.128021036622695,0.00576363143639331,-0.00521895442746863,0.000586888294494659
32.06,-0.126503296117429,0.00568121616067594,-0.00505509277389145,0.000547776511237644
32.07,-0.125036657239425,0.00560219187331292,-0.00494419766961678,0.000510304668514192
32.08,-0.12357334470628,0.00552391872539721,-0.00487172409666465,0.000475124065032157
32.09,-0.12215737727562,0.00544814902673901,-0.00482296220039158,0.00044275562954773
32.1,-0.120744789081193,0.00537276951074036,-0.00478390642010013,0.000413563186296448
32.11,-0.119375624510372,0.00529957726850509,-0.00474249873770384,0.000387717720164769
32.12,-0.118009545503696,0.00522691590984993,-0.00468904264892258,0.000365209370047002
32.13,-0.116665477025487,0.00515582192456479,-0.00461709718016287,0.000345843864507784
32.14,-0.115358900321523,0.0050871724229035,-0.00452346675145744,0.000329277060742492
32.15,-0.114054698473209,0.00501975440099818,-0.00440813008761387,0.000315051828976095
32.16,-0.112784330739572,0.00495508871777896,-0.00427386702678381,0.000302640303951569
32.17,-0.111516023907715,0.00489208539984282,-0.00412566294740927,0.000291492879629712
32.18,-0.110278337239469,0.00483199118509335,-0.00396998236027121,0.000281082721685909
32.19,-0.109042703717458,0.00477375113424037,-0.00381424089124318,0.000270938891783885
32.2,-0.107835045652692,0.00471830557994368,-0.00366578758237698,0.000260690756761634
32.21,-0.106629790327426,0.00466460410353049,-0.00353151291134901,0.000250078901562921
32.22,-0.105450396386724,0.00461330591518134,-0.00341696307356404,0.000238978273689021
32.23,-0.104274025207951,0.00456338815137422,-0.00332626383077977,0.000227380825881505
32.24,-0.103121797160295,0.00451529764708509,-0.00326148858332369,0.000215399162818844
32.25,-0.101973324421424,0.0044680955227424,-0.00322299530976216,0.000203228232712943
32.26,-0.100847494514687,0.00442210355413897,-0.00320908713748358,0.000191137334099422
32.27,-0.0997261003000318,0.004376529300651,-0.00321671918246481,0.000179420613947044
32.28,-0.0986259063374675,0.00433164842157195,-0.00324137241167113,0.000168387400532768
32.29,-0.0975306482228238,0.00428685896400812,-0.00327799471156542,0.000158312412224935
32.3,-0.0964551124078596,0.00424244039107359,-0.00332094197107556,0.000149434033741348
32.31,-0.0953847988356227,0.00419799242528209,-0.00336498007695546,0.000141913083281455
32.32,-0.0943326636611062,0.0041538124287628,-0.00340508753872086,0.000135847746096631
32.33,-0.0932858129610512,0.0041096795986693,-0.00343745870042033,0.000131244613450041
32.34,-0.0922555573013941,0.0040658898833686,-0.00345918125421681,0.000128040954024539
32.35,-0.0912305116810135,0.00402235216083559,-0.00346878452831834,0.000126097410187052
32.36,-0.090220540337107,0.00397932374668698,-0.00346572787195507,0.000125232370857293
32.37,-0.0892156786540692,0.00393678794880851,-0.00345096199960844,0.000125211540286113
32.38,-0.0882245223970202,0.00389492431213393,-0.00342611508952502,0.000125792858126243
32.39,-0.0872384520043195,0.00385374062664935,-0.00339387409771901,0.000126719871318144
32.4,-0.0862615157789097,0.00381331366544637,-0.00335705847792612,0.000127767460430839
32.41,-0.0852967115973247,0.00377364011613789,-0.00331881012200149,0.000128737441236037
32.42,-0.0843372485879303,0.00373471513060831,-0.00328237479601098,0.000129463734750193
32.43,-0.0833892163840364,0.00369645247530303,-0.0032502001514718,0.000129852660377573
32.44,-0.0824468810909877,0.00365884055864542,-0.00322448478198732,0.000129849792427494
32.45,-0.0815154750928979,0.00362171400883779,-0.00320639518214284,0.000129464597507397
32.46,-0.0805901914313054,0.00358507479746971,-0.00319666355591076,0.000128736140985729
32.47,-0.0796754748250805,0.00354871228299295,-0.00319494085863902,0.000127751224068545
32.48,-0.0787673103342303,0.00351266721578645,-0.00320052815126441,0.000126605215914298
32.49,-0.0778694046541197,0.00347671632448999,-0.00321184218250794,0.000125417601306199
32.5,-0.0769784191318497,0.00344095881489651,-0.00322726694577145,0.000124290718018078
32.51,-0.0760973814677808,0.00340518081474609,-0.00324460200868489,0.000123327994131157
32.52,-0.0752235372337129,0.00336954808010475,-0.00326190660060615,0.000122600402524394
32.53,-0.0743593009356172,0.00333386535488834,-0.00327710896670865,0.000122163808132821
32.54,-0.0735024324273557,0.00329835852962517,-0.00328877373964074,0.000122030463942909
32.55,-0.0726548078027314,0.0032628445784272,-0.00329551141316578,0.000122198203769346
32.56,-0.0718146491353959,0.00322759256995122,-0.00329670720527683,0.000122626056383302
32.57,-0.0709833699678803,0.00319241812825453,-0.00329190810320985,0.000123265788610986
32.58,-0.0701596127193937,0.00315761217072749,-0.00328144991338913,0.000124040515516513
32.59,-0.0693443958638316,0.00312297308056231,-0.00326576079798173,0.000124879229169131
32.6,-0.0685366822517164,0.00308885674527151,-0.00321970560201275,0.000126738742856274
32.61,-0.067736317258154,0.00305577097137306,-0.00308537299634687,0.000131745447532208
32.62,-0.0669422387581928,0.00302437327438914,-0.00293929095583331,0.00013561475498367
32.63,-0.0661549188064186,0.00299443950297554,-0.00279342889266203,0.00013762348100274
32.64,-0.0653741806225145,0.0029661577063448,-0.00266166225310014,0.000137473436414789
32.65,-0.0646004391878066,0.00293903175368382,-0.00255619154788789,0.000135059916125634
32.66,-0.0638339128083274,0.00291302073347792,-0.00248582876866943,0.000130493078424393
32.67,-0.0630749823422381,0.00288759741529144,-0.00245529093548098,0.00012408677399383
32.68,-0.0623238324066246,0.00286220621681014,-0.00246532423498407,0.000116317021384432
32.69,-0.0615809663920253,0.00283673505486168,-0.00251299266135561,0.000107767248190205
32.7,-0.0608463067020981,0.00281054764577252,-0.00259170065587201,9.90980544477271e-05
32.71,-0.06012035566315,0.00278366440779381,-0.00269274618369411,9.0951289921246e-05
32.72,-0.0594026979320361,0.00275562296686123,-0.00280571725282686,8.39164145439653e-05
32.73,-0.0586937639330358,0.00272664898226322,-0.002920091005873,7.84579136512916e-05
32.74,-0.0579928243916044,0.00269648930017585,-0.00302559830022075,7.49059804825922e-05
32.75,-0.0573002378403515,0.00266556964931168,-0.00311362769820805,7.341344372169e-05
32.76,-0.0566150392058429,0.00263380802828021,-0.00317729371437959,7.39768906750639e-05
32.77,-0.0559375744742177,0.00260176174822381,-0.00321240672257759,7.64239864955089e-05
32.78,-0.0552667586749767,0.00256943278226396,-0.00321711074956594,8.04618874770295e-05
32.79,-0.0546030076178479,0.00253740974667519,-0.00319242036213711,8.56845808016824e-05
32.8,-0.0539452325648107,0.00250567690969559,-0.00314133913728934,9.16385690161404e-05
32.81,-0.0532939896084059,0.00247475827659207,-0.003069015239252,9.78391788218717e-05
32.82,-0.0526482706968778,0.00244453975140489,-0.00298166310059011,0.00010383093443062
32.83,-0.0520088062431885,0.00241541826404214,-0.00288642366981012,0.000109202151331346
32.84,-0.0513747065287191,0.00238714346605535,-0.00279021285255811,0.00011363423433336
32.85,-0.0507468634646262,0.00235997167248204,-0.00269970375795852,0.000116898996250045
32.86,-0.0501244951045337,0.0023335266903937,-0.00262030070761914,0.000118888859214638
32.87,-0.0495086040888388,0.00230795488559283,-0.00255621397197652,0.000119597833506509
32.88,-0.0488984680675308,0.00228280365868004,-0.00250973375250971,0.000119132824686483
32.89,-0.0482951226581143,0.0022581706936162,-0.00248170783473151,0.000117673234018694
32.9,-0.0476978428720738,0.00223359366802551,-0.00247109364958044,0.000115470201085609
32.91,-0.0471076269502877,0.00220918699588221,-0.00247569511637653,0.000112798398897997
32.92,-0.04652370205533,0.00218453830791603,-0.0024919479862237,0.000109951522717277
32.93,-0.0459469806254091,0.00215982788853827,-0.00251580292626161,0.000107196241268868
32.94,-0.0453770373899669,0.00213486516539267,-0.0025426482185723,0.000104772440726332
32.95,-0.0448134215970892,0.00210950865366455,-0.00256815225094591,0.000102857553782343
32.96,-0.0442568907826981,0.00208406284354175,-0.00258853558716351,0.00010155549646474
32.97,-0.0437065181744796,0.00205832792089622,-0.00260042328279438,0.000100917722272147
32.98,-0.0431629805904308,0.0020326687159723,-0.00260167976164106,0.000100916205349396
32.99,-0.042625334969566,0.00200693241812413,-0.00259099419770258,0.000101473580608532
33,-0.0420942193215179,0.00198150351337246,-0.00256839375751479,0.000102454468230051
33.01,-0.0415687252693306,0.00195623330134594,-0.00253466270427683,0.000103701987716667
33.02,-0.0410494861183839,0.00193148475457791,-0.00249169181997963,0.000105033360995445
33.03,-0.0405356608847658,0.00190707674399415,-0.00244175339503519,0.000106277252502411
33.04,-0.0400278995054393,0.00188332179875868,-0.00238775498851107,0.000107269123976676
33.05,-0.0395254440769968,0.00185998658324858,-0.00233248766767632,0.000107883496938439
33.06,-0.0390289638618029,0.00183732347883194,-0.00227884606364509,0.000108023915077051
33.07,-0.0385377786093546,0.0018150475014331,-0.00222913430689169,0.000107647635200521
33.08,-0.0380525614651166,0.00179336087268758,-0.00218537949888118,0.00010674607780539
33.09,-0.0375726901253319,0.00177194432076149,-0.0021487203479966,0.000105362803040972
33.1,-0.037098816925127,0.00175097316635688,-0.0021198387704602,0.000103566975977108
33.11,-0.0366303514825326,0.0017301203476853,-0.00209848220175924,0.000101465222638076
33.12,-0.0361678997308008,0.00170956178806108,-0.002084015624067,9.91709310228939e-05
33.13,-0.0357108802302477,0.00168898838354181,-0.00207505160599054,9.68136919277127e-05
33.14,-0.0352598345901569,0.00166859895671042,-0.00207008058716406,9.45083795480828e-05
33.15,-0.0348141773887463,0.00164811926465694,-0.0020671555495169,9.23660017191832e-05
33.16,-0.0343743795908864,0.00162778192538495,-0.00206454194089859,9.04659411687154e-05
33.17,-0.0339398512513434,0.00160735158999191,-0.00206039676716469,8.88709538607195e-05
33.18,-0.0335110011292485,0.00158709243190542,-0.0020533819066521,8.76044663318962e-05
33.19,-0.0330872462063088,0.00156679982185678,-0.00204228891709241,8.66707157937308e-05
33.2,-0.0326689478346633,0.00154675695673604,-0.00202657844451323,8.6037169537906e-05
33.21,-0.0322557603867502,0.00152689198875378,-0.00200592668353763,8.56590278671099e-05
33.22,-0.0318473705661848,0.00150713632429662,-0.00198056945697071,8.5470413171646e-05
33.23,-0.031444102283233,0.00148776810097117,-0.00195129423971767,8.53867999374709e-05
33.24,-0.0310454597173724,0.00146858790487972,-0.00191888498685362,8.53366167235904e-05
33.25,-0.0306517575557503,0.0014498539699817,-0.00188455913155015,8.52427377521195e-05
33.26,-0.0302625465003299,0.00143134699182513,-0.0018493909797101,8.50478564864781e-05
33.27,-0.0298781408548319,0.00141329990377281,-0.00181467388928378,8.46991699450817e-05
33.28,-0.0294981428168466,0.00139547194434691,-0.00178135503160889,8.41709472234168e-05
33.29,-0.0291228619068011,0.0013780735492517,-0.00175042335792366,8.34460123746148e-05
33.3,-0.0287519419894515,0.0013608485283439,-0.00172238489067786,8.2534948433183e-05
33.31,-0.0283856790594843,0.00134399373556074,-0.00169769697652553,8.1454514344307e-05
33.32,-0.028023746296137,0.00132724796919381,-0.00167629715706912,8.02441467313131e-05
33.33,-0.0276664158276567,0.0013108058481264,-0.00165808644656591,7.89423962354909e-05
33.34,-0.0273133780721562,0.00129441199437327,-0.00164250503103793,7.76021520462038e-05
33.35,-0.0269648733494474,0.0012782686255647,-0.00162905710054615,7.62668664429787e-05
33.36,-0.026620600975539,0.00126213386292763,-0.00161690245479559,7.49856455293511e-05
33.37,-0.0262807664715581,0.00124622307484011,-0.00160539140175988,7.37903128556724e-05
33.38,-0.0259450752482877,0.00123031066221622,-0.00159367027771295,7.27125569821662e-05
33.39,-0.0256137005440884,0.00121462540758664,-0.00158120485676267,7.17629393144244e-05
33.4,-0.0252863560140284,0.00119895552305303,-0.00156736500629801,7.0949963732762e-05
33.41,-0.0249631891985072,0.00118353881847568,-0.00155192016506802,7.02611890722081e-05
33.42,-0.0246439269362977,0.0011681711878792,-0.00153459262601039,6.96842064350473e-05
33.43,-0.0243286995615328,0.00115309256963665,-0.00151551905773164,6.91893766143974e-05
33.44,-0.0240172535847538,0.00113809918505137,-0.00149477221809138,6.87519515997384e-05
33.45,-0.0237097102723194,0.00112342628169938,-0.00147279396095048,6.83354921773382e-05
33.46,-0.0234058395965349,0.00110886435646221,-0.00144989522124905,6.79141195205007e-05
33.47,-0.0231057582801633,0.00109463941144952,-0.00142667386493309,6.74556078426717e-05
33.48,-0.0228093357760493,0.00108064239497267,-0.00140350831908562,6.69428563794583e-05
33.49,-0.0225164596371243,0.00106676165953518,-0.00138086669714656,6.63609560753028e-05
33.5,-0.0222272407243942,0.00105320694128711,-0.00135931474433586,6.56936194689878e-05
33.51,-0.0219415072915243,0.00103974851811023,-0.00133902558218474,6.49471260236086e-05
33.52,-0.0216593617883589,0.00102658983953439,-0.00132028572459139,6.41251414816322e-05
33.53,-0.02138064205778,0.00101349853088707,-0.0013030310016143,6.32467247095264e-05
33.54,-0.0211054425204935,0.00100067653787477,-0.00128731055126591,6.2325411278529e-05
33.55,-0.0208336119752257,0.000987893334654102,-0.00127284245057272,6.13867114430094e-05
33.56,-0.0205652325446355,0.000975353711143338,-0.00125949457270942,6.04469124395418e-05
33.57,-0.0203001590094356,0.000962832496093746,-0.00124685259698863,5.95306301988213e-05
33.58,-0.0200384596354635,0.000950539951818044,-0.00123470793945681,5.86499737306315e-05
33.59,-0.0197799932622349,0.000938257684683014,-0.00122262778439972,5.7822696425976e-05
33.6,-0.0195248146903584,0.000926201811120279,-0.00121043985733548,5.70521449129889e-05
33.61,-0.0192727868168028,0.000914159926576252,-0.00119779508093845,5.63462872876569e-05
33.62,-0.0190239532909064,0.000902352372554668,-0.00118464152132955,5.56985580424957e-05
33.63,-0.0187781826196005,0.000890570304943339,-0.00117077407607021,5.51077192549394e-05
33.64,-0.0185355106975607,0.000879035485531444,-0.00115629448148651,5.45594146487711e-05
33.65,-0.0182958137414353,0.000867539565327476,-0.00114114736932429,5.40465647516024e-05
33.66,-0.0180591233205316,0.000856302821146228,-0.00112556806123345,5.35512495804921e-05
33.67,-0.017825325029035,0.000845114747277305,-0.00110960872007155,5.3065216498111e-05
33.68,-0.0175944486616473,0.000834192070474734,-0.00109357923298565,5.25716659879127e-05
33.69,-0.0173663897196352,0.00082332065008969,-0.00107756972705092,5.20654798730805e-05
33.7,-0.0171411774526842,0.00081271296686607,-0.00106189121349698,5.15345799664702e-05
33.71,-0.0169187166094904,0.000802151214694447,-0.00104660092389646,5.09796320242679e-05
33.72,-0.0166990356769485,0.00079184432830679,-0.0010319484518523,5.03948314928354e-05
33.73,-0.0164820466607711,0.000781572041661672,-0.00101790846344203,4.9787042316372e-05
33.74,-0.0162677760855523,0.000771541410813315,-0.00100463546977745,4.91560662610129e-05
33.75,-0.0160561665131915,0.000761638214249849,-0.000992005468831371,4.85133584951016e-05
33.76,-0.0158471641228495,0.000751750195198175,-0.000979970133475413,4.78670166771403e-05
33.77,-0.0156407895775583,0.000742083977156636,-0.000968609048552439,4.72167096761568e-05
33.78,-0.0154369665827527,0.000732421120565411,-0.000957679796946234,4.65767048267611e-05
33.79,-0.015235709372897,0.000722970601120845,-0.000947151202197809,4.59507168665674e-05
33.8,-0.0150369380235702,0.000713517008810748,-0.000936759795828002,4.53504385119268e-05
33.81,-0.0148406645700714,0.000704272126198597,-0.000926479678229145,4.47758621723321e-05
33.82,-0.0146468121066476,0.000695023324139776,-0.000916076001226908,4.42343135743389e-05
33.83,-0.0144553901437785,0.000685984653788004,-0.000905570948236076,4.37211730545099e-05
33.84,-0.0142663244030903,0.000676945308930249,-0.000894791476855423,4.32393189827487e-05
33.85,-0.0140796230084668,0.000668120403286288,-0.000883829059741019,4.27802019016644e-05
33.86,-0.0138952151196339,0.000659299576870348,-0.000872580860537568,4.23435768679972e-05
33.87,-0.0137131083898741,0.000650697648756132,-0.000861203563535478,4.19187680160002e-05
33.88,-0.0135332358021376,0.00064210342503601,-0.000849649304990528,4.15045025900161e-05
33.89,-0.0133556051835129,0.000633730378039088,-0.000838115803532518,4.10901661767449e-05
33.9,-0.0131801533220699,0.000625365681698174,-0.000826579825753871,4.0675546613573e-05
33.91,-0.0130068884569337,0.000617221005779504,-0.000815246694710985,4.02519117249576e-05
33.92,-0.0128357506895398,0.00060908175152335,-0.000804084368778552,3.98215314008354e-05
33.93,-0.0126667485258345,0.000601157981996777,-0.000793275151660642,3.93784908259098e-05
33.94,-0.0124998245508952,0.000593233782802487,-0.000782752750015575,3.89279513374462e-05
33.95,-0.0123349871370593,0.000585518298525264,-0.000772657908258423,3.84667079308607e-05
33.96,-0.0121721803521773,0.000577795114511495,-0.000762879460159038,3.80022398930246e-05
33.97,-0.0120114120026411,0.00057027334270725,-0.000753514135898438,3.75330994564812e-05
33.98,-0.0118526268722974,0.00056273692138862,-0.000744411171768341,3.70678628755742e-05
33.99,-0.0116958319863993,0.000555395703387182,-0.000735635216636046,3.66054753467156e-05
34,-0.0109260980203558,0.00407721301205547,-0.00072701296042068,3.61542294020764e-05
34.01,-0.0101696118689141,0.00639242746429913,0.00294319670221288,0.00020423351130469
34.02,-0.00912720891987995,0.00875291999116616,0.00679086499339425,0.000365499020799838
34.03,-0.00782542585409729,0.0110932391586081,0.00788180310957762,0.000355482146082117
34.04,-0.00630326293702232,0.0134036787237378,0.00463830769491498,0.000126335019883313
34.05,-0.00453820117394876,0.0157227692521567,-0.00363716640153659,-0.000310379359459726
34.06,-0.00247349878379843,0.0179526955747133,-0.0166616925110119,-0.000890656702602854
34.07,-2.71578139940942e-05,0.0201960152077961,-0.0335152979696112,-0.0015258427203636
34.08,0.00290881936014742,0.0223344714122612,-0.0529303489930184,-0.00212598037590996
34.09,0.00644795335513848,0.0245081002824826,-0.0738112827069953,-0.00262734471745933
34.1,0.0107149693673918,0.0265714041882731,-0.09519701176676,-0.00298870738819853
34.11,0.0157946040253929,0.0286883664536577,-0.116408746835074,-0.00319235685213058
34.12,0.0217952692623875,0.0306780015240064,-0.13686560564669,-0.00323199850204847
34.13,0.0287411601154322,0.0327266001621693,-0.156178631457745,-0.00311234448673085
34.14,0.0367370525394097,0.0346221787766206,-0.174074179021231,-0.00284477394639501
34.15,0.0457400131448527,0.036576780840792,-0.190523802336158,-0.0024508336743011
34.16,0.0558770450754871,0.038350064340551,-0.205522153274754,-0.00195119572757308
34.17,0.0670283044543254,0.0401799213713864,-0.219206303676554,-0.00136974697900997
34.18,0.0793697898875116,0.0417997907422094,-0.231626298561793,-0.000723236569070565
34.19,0.0926943248474448,0.0434742407279661,-0.242953106264036,-3.0249391181662e-05
34.2,0.107252247562544,0.044911752830198,-0.253243479465471,0.00069886323859477
34.21,0.122733288811343,0.0464026096099776,-0.262604376319951,0.00145437327975461
34.22,0.139484320332778,0.0476318522099381,-0.270993785490872,0.00223431329447798
34.23,0.15707447790116,0.048915967929752,-0.27842320453707,0.00303642355468084
34.24,0.175967914195018,0.0499182852828895,-0.284863477746519,0.0038600122815554
34.25,0.195594384692026,0.0509803297793357,-0.290335967960821,0.00470301745799598
34.26,0.216553742772344,0.051743877714317,-0.294865320367051,0.00556317511125347
34.27,0.238118391585967,0.0525738767406847,-0.298488495075913,0.0064380762053636
34.28,0.260586149966068,0.0532885116761461,-0.301217543417028,0.00732484241231798
34.29,0.28442513553477,0.0536844700012207,-0.303066546331807,0.00822030382524085
34.3,0.308643906094661,0.0541620875389234,-0.304064674336675,0.00912035750287278
34.31,0.334259715915882,0.0543121601866092,-0.304283050212886,0.0100188537173247
34.32,0.360085119768689,0.0545552574973775,-0.303781026429466,0.0109105120177428
34.33,0.387329254105806,0.0544628581156328,-0.30266415780784,0.0117891287098634
34.34,0.414597428524898,0.0544738430476079,-0.301060590175829,0.0126476676057529
34.35,0.442495407222891,0.0543714553007993,-0.299062556478514,0.0134822733274637
34.36,0.471846747125667,0.0539202292211801,-0.296724012687883,0.0142913662746552
34.37,0.500933670828742,0.0535868050369136,-0.294075751246289,0.0150741980718955
34.38,0.53150782161733,0.0528979027150423,-0.2911557154525,0.0158289874448422
34.39,0.561625814063054,0.0523364513552317,-0.287989908030738,0.0165546571365113
34.4,0.592173514923494,0.0516647878280089,-0.284617952571928,0.017249466954267
34.41,0.62427403730633,0.0506293614081186,-0.281072977345784,0.0179119658128558
34.42,0.655634401113844,0.0497365050719133,-0.277376353835618,0.0185411529714081
34.43,0.687320443493497,0.0487368888746407,-0.273562526596707,0.0191351436313671
34.44,0.720642528731648,0.0473671504458981,-0.269656210455385,0.019692641272127
34.45,0.752947200067895,0.046153872725755,-0.265669257027694,0.0202129725704702
34.46,0.785486103889585,0.0448374111106334,-0.261624412574086,0.0206949774931445
34.47,0.819759642136972,0.0431460319763911,-0.25753577638447,0.0211378492953972
34.48,0.852746270659249,0.0416233610363951,-0.253407284036383,0.0215412918948769
34.49,0.885886864672994,0.0400008907614426,-0.249256345464061,0.0219043403439078
34.5,0.920873858463183,0.0380001996135624,-0.245094281571097,0.0222264040146155
34.51,0.954314049562822,0.0361787083871903,-0.240922841901546,0.0225075814637792
34.52,0.987839440319701,0.0342605304310902,-0.23676060774161,0.0227472754050055
34.53,1.02333448472259,0.0319620850637782,-0.232620325194313,0.022945238769074
34.54,1.05703241885843,0.0298508965457113,-0.228505594842919,0.0231018375537456
34.55,1.09075731722004,0.0276452921536197,-0.224430096113042,0.0232169809053379
34.56,1.1265852021056,0.0250583550003493,-0.220401408276128,0.023291009869411
34.57,1.16037410564246,0.0226639416730952,-0.216422078913042,0.0233246866179296
34.58,1.19413426744425,0.0201760504677728,-0.212512969562868,0.0233180774718974
34.59,1.23012087265993,0.0173056418069024,-0.208688791692767,0.02327173924273
34.6,1.26379998210475,0.0146264975154894,-0.205819250678072,0.023161573166292
34.61,1.29729627484043,0.0118097597966954,-0.208789639496552,0.0227136700003288
34.62,1.33049655700577,0.0088189702125239,-0.213153838497617,0.0222086037943557
34.63,1.36584305653722,0.00535846412105484,-0.217899941812868,0.0217386282964384
34.64,1.39823387285009,0.00199713588519504,-0.222955134060945,0.0213139959892498
34.65,1.42998283552901,-0.00155992100411986,-0.228368252882835,0.0209327643753921
34.66,1.46088435638612,-0.00532172910877957,-0.234164129919766,0.0205938740066542
34.67,1.49344227135504,-0.00958006280333626,-0.24031648655223,0.0202994023876568
34.68,1.52190608159767,-0.0137775649939594,-0.246770100760868,0.0200518276532935
34.69,1.54867316342458,-0.0182045751310461,-0.253507344405073,0.0198512534254686
34.7,1.57633823716758,-0.0231410067803853,-0.260453371508891,0.0197001768216145
34.71,1.59885235512624,-0.0280334887525663,-0.267337205079515,0.0196100481643244
34.72,1.61881309904608,-0.033151896081556,-0.273596995193489,0.0196082345938842
34.73,1.63900153566673,-0.0387456205248887,-0.278405357180566,0.0197279208142534
34.74,1.65328756282693,-0.0442470913418852,-0.279988052164766,0.0199977503445834
34.75,1.66754802123581,-0.0501078206641361,-0.272590817978263,0.0203219815361962
34.76,1.67572098452391,-0.0557027456657467,-0.25707925092635,0.0208696137050957
34.77,1.68392541363467,-0.0614444933119825,-0.232709158214219,0.021689345552914
34.78,1.67607903429139,-0.065548416556435,-0.199364802008182,0.0227058688992658
34.79,1.66909254355862,-0.0695839947898834,-0.156995681424799,0.0238292903936436
34.8,1.66017291344592,-0.0732117821040825,-0.107735692793247,0.0248896906606295
34.81,1.64664403346537,-0.0761443530076344,-0.054376279311857,0.0257173473162318
34.82,1.63455716116123,-0.0788039524083378,0.000425732460531167,0.0261816618110233
34.83,1.62119083989172,-0.0809472130834467,0.0543669712849007,0.0261964781357326
34.84,1.60675079349513,-0.0825829517552833,0.105683149523006,0.0257288288152612
34.85,1.58872016368922,-0.0835372128538893,0.152753759283459,0.0247755969173486
34.86,1.57272037137311,-0.0842585566238662,0.194046941369426,0.0233526529333468
34.87,1.55611579230034,-0.0845992145717485,0.228065811953453,0.021486716118717
34.88,1.53645009342107,-0.0844503259782587,0.253780043472859,0.0192293399440724
34.89,1.518897006923,-0.0842613119534627,0.270888439268905,0.0166648938156033
34.9,1.50088291689986,-0.0839254644623784,0.279556309720303,0.0138900985054269
34.91,1.48240715942725,-0.0835195422171845,0.280629964098843,0.0110187785994038
34.92,1.46115571102436,-0.0829518573348412,0.27543595218968,0.00816983607928694
34.93,1.44179000725928,-0.0825955164799315,0.265641450647386,0.00545759663095535
34.94,1.42194742013271,-0.0823216079768319,0.252933680898696,0.00297476027726146
34.95,1.39950651826861,-0.0820068594882757,0.239087337563895,0.000798360598455025
34.96,1.37881890884076,-0.0819399887194744,0.225871769371764,-0.00101267659125305
34.97,1.35773953364545,-0.0819585475780315,0.214716323850044,-0.0024338881620674
34.98,1.33436355404744,-0.0819091035178762,0.206714737794925,-0.00347024804447993
34.99,1.31273978231913,-0.0820122005843167,0.202527447210426,-0.00415481165911478
35,1.29091345560388,-0.0821029025919719,0.200636223942022,-0.00461624178639931
35.01,1.26712159123928,-0.08205796600807,0.199780445081815,-0.00498812704464412
35.02,1.24503725502377,-0.0820918746297727,0.200089011729777,-0.00527371244239054
35.03,1.22283796964106,-0.0820788236816845,0.201168193305506,-0.00550705549533482
35.04,1.19891827157433,-0.081914998189915,0.202739729839829,-0.00571216871801728
35.05,1.17661001972035,-0.0817961450784724,0.204589083328357,-0.00590561909991516
35.06,1.15272689565619,-0.0815292528108899,0.206491314608898,-0.00610037336306271
35.07,1.13037872872004,-0.0812973585873617,0.208296615071152,-0.00630304263170349
35.08,1.10800469463141,-0.0810083357385541,0.20990764854429,-0.00651610800966989
35.09,1.08425428014199,-0.0805872908530339,0.211264598185377,-0.00673928404280207
35.1,1.06191430628012,-0.0801954071672426,0.21233208563049,-0.00697079846560146
35.11,1.03957844018717,-0.0797515772841735,0.214116234371156,-0.00724305597143802
35.12,1.01602696667857,-0.079170995207774,0.217860833176353,-0.00763435820371107
35.13,0.993726170811097,-0.0785818951788264,0.221662268855299,-0.00807382121251085
35.14,0.970313348270353,-0.0778569412733831,0.22518487302363,-0.0085437587819525
35.15,0.948067057884043,-0.0771214695988188,0.22840904356976,-0.00903991458875983
35.16,0.924821100219202,-0.076262502404412,0.231339282670928,-0.00955995734811758
35.17,0.902660580436922,-0.0753924106615266,0.233988244026705,-0.0101016059813098
35.18,0.880531722420915,-0.0744576027881859,0.236374293742089,-0.0106628126427444
35.19,0.857567318629196,-0.073416516324134,0.238519677707508,-0.0112415709720247
35.2,0.835575716297056,-0.0723626924047296,0.240439747100738,-0.0118358151704663
35.21,0.812857607237214,-0.0712124786968092,0.242146844275581,-0.0124436060669252
35.22,0.791044943367152,-0.0700481273468444,0.243655219376739,-0.0130632959138535
35.23,0.768615892737933,-0.0687963349185143,0.244967663509549,-0.0136930595554244
35.24,0.747034086527707,-0.0675289619506966,0.2460870206034,-0.0143309902399865
35.25,0.725570672629737,-0.0662115674353179,0.247016855138969,-0.0149754229414689
35.26,0.703660861740732,-0.0648191787269667,0.247762537552909,-0.0156249572956209
35.27,0.682528992674284,-0.0634092819007671,0.24832954836172,-0.0162777685966142
35.28,0.661068075365112,-0.0619317654851434,0.248726807833583,-0.0169316002735542
35.29,0.64035317854426,-0.0604355113790541,0.248960669951702,-0.0175845220328966
35.3,0.619426522353347,-0.0588784578050533,0.249032199404833,-0.018235336159131
35.31,0.599217423604295,-0.0573018920530227,0.248935430998912,-0.0188828602693721
35.32,0.578906166427069,-0.0556713719861457,0.2486576943101,-0.0195260402862873
35.33,0.559285728701494,-0.0540214234856114,0.248190643668805,-0.0201638618537923
35.34,0.539663790967295,-0.0523246137436163,0.247525328380473,-0.0207955631583276
35.35,0.520705730320628,-0.0506094365587052,0.246641232338705,-0.0214204335402454
35.36,0.501835178407814,-0.0488551120167916,0.245505835601044,-0.0220375940358282
35.37,0.483599675358445,-0.0470852022018717,0.244072389085225,-0.0226464745482659
35.38,0.465527155006832,-0.0452854967649885,0.242285637842107,-0.0232466055676661
35.39,0.448056881077118,-0.0434756716154875,0.240098776624897,-0.023837083482683
35.4,0.430968274439048,-0.041652364366083,0.237471129316395,-0.024416321982513
35.41,0.414127448262279,-0.0398171657387813,0.234363768415286,-0.0249825484204914
35.42,0.397831860991112,-0.0379846624461414,0.230728685560156,-0.025533769047825
35.43,0.381821345032958,-0.0361536913132903,0.226994608743211,-0.026054879989179
35.44,0.366338184957455,-0.0343158608889445,0.22535826040557,-0.0264096016376977
35.45,0.351211876624123,-0.0324636627226818,0.223044974045217,-0.0267623803638135
35.46,0.336583491678806,-0.0306119109514959,0.219279018247794,-0.0271574621640114
35.47,0.322305063569743,-0.0287775371778541,0.213797985407901,-0.0275953028584236
35.48,0.308449614872396,-0.0269788851509224,0.206487542425202,-0.0280647233636712
35.49,0.294916063614414,-0.0252378523291922,0.197148825436855,-0.0285455480050748
35.5,0.281766080930701,-0.023614957951499,0.177310976665768,-0.0286517655816238
35.51,0.269011376568124,-0.0222054646259013,0.151964784165397,-0.0285012787110184
35.52,0.256638721553878,-0.0210332955760552,0.125234717194198,-0.0282135044715082
35.53,0.244627013990909,-0.0201082155314504,0.099122981385456,-0.0277388129334699
35.54,0.232944972746014,-0.0194089381473607,0.0753777473511908,-0.0270190185228676
35.55,0.221638049434286,-0.0189121633077129,0.0553677819621046,-0.0260242363754962
35.56,0.210679455321476,-0.0185688292805041,0.0399852152122462,-0.0247593586011331
35.57,0.200159686457066,-0.0183391715806079,0.0296375508824154,-0.0232592923381928
35.58,0.190038173568176,-0.0181656776738248,0.0242359111833475,-0.0215821743095336
35.59,0.180422731195228,-0.0180110290485293,0.023309397126006,-0.0197990861731397
35.6,0.17124470461254,-0.0178264199998382,0.0261269414650886,-0.0179828708417825
35.61,0.162612694771998,-0.0175892346528756,0.0318345527808124,-0.0161986879176505
35.62,0.15442857336102,-0.017267129011331,0.0395376954761896,-0.0145008978693522
35.63,0.146797781347962,-0.0168551233255884,0.0484077599510712,-0.0129294591643674
35.64,0.139599013652778,-0.0163371844119451,0.0576765203492019,-0.0115124361814146
35.65,0.132934708902058,-0.0157236667415919,0.0666272288823815,-0.0102683952890299
35.66,0.126665801675141,-0.0150127754269862,0.0745943726359812,-0.00920837083738038
35.67,0.120827773175956,-0.0142232190710692,0.0809927674304175,-0.00833580904487099
35.68,0.115455441274569,-0.0133788122119642,0.0853413239429514,-0.00764618830967889
35.69,0.110391255589244,-0.0124935082786036,0.0872987300247897,-0.00712698920680322
35.7,0.105726867107965,-0.0116021300062139,0.0867005411803539,-0.00675776958576283
35.71,0.1013006275836,-0.0107218220560605,0.0835806305183391,-0.00651088448017446
35.72,0.0972049834958364,-0.00988626558236415,0.0781457687925013,-0.00635375903228049
35.73,0.0932828976841895,-0.00910853104119913,0.0707699775533809,-0.00625006986864479
35.74,0.0896329362652146,-0.00841426839469427,0.061973768931247,-0.00616271618285522
35.75,0.0861100556452525,-0.00780650671054158,0.0523633357381373,-0.0060572445123238
35.76,0.0828219053077115,-0.00729836360268767,0.0425851311063477,-0.00590491130334927
35.77,0.0796383150014277,-0.00688043031335733,0.0332696231701124,-0.00568450149547726
35.78,0.076674788642916,-0.00655296818593554,0.0249726695228513,-0.00538430160870485
35.79,0.0738144900814737,-0.00629608760760423,0.0181212994817361,-0.00500197184956375
35.8,0.0711761066911354,-0.00610116688231377,0.0130050510752116,-0.00454446461243754
35.81,0.0686515240329433,-0.00594314662576475,0.00975250918701839,-0.00402660320670043
35.82,0.0663562848416399,-0.00581047856854036,0.00833647101547459,-0.00346966301347358
35.83,0.0641854822519656,-0.00567916705167542,0.00858365425672787,-0.00289932271786349
35.84,0.0622456293134697,-0.00554065482544103,0.0102095110489245,-0.00234234102203005
35.85,0.0604307824435688,-0.0053770518334889,0.0128437524170691,-0.00182447442011277
35.86,0.0588350893344947,-0.00518671932840768,0.0160597333995185,-0.00136833945641322
35.87,0.0573501362503039,-0.00496065827661358,0.0194011111917632,-0.000992050082169853
35.88,0.0560572341408418,-0.00470570678263094,0.0224424123734967,-0.000707408645125374
35.89,0.0548466889345782,-0.00442163869174702,0.0248156359791878,-0.000519613408612829
35.9,0.0537892460855698,-0.00412201415588317,0.0262475061616811,-0.000426817219456785
35.91,0.0527773716609543,-0.00381233270646086,0.0265671790189417,-0.000420604794713523
35.92,0.0518754279476301,-0.00350901278204321,0.025717567786392,-0.000486895068525084
35.93,0.0509826068906989,-0.00321892829895731,0.0237568647226434,-0.000607287916393499
35.94,0.0501238602359573,-0.00295477654544372,0.0208473181528546,-0.000760708903874795
35.95,0.0493220044768963,-0.00272679663898168,0.0172304643194086,-0.000925435208236401
35.96,0.0484933011000068,-0.00253639991091361,0.0132001157446308,-0.00108100410192267
35.97,0.047703214503283,-0.0023899194996128,0.00907339563326445,-0.0012097932779693
35.98,0.046880783821444,-0.00228284828272355,0.00515799221912968,-0.00129846439345092
35.99,0.046093550786626,-0.00221514039020738,0.00172585089561453,-0.00133875005191408
36,0.0566192915665198,3.87555518923904e-05,-0.00101220893889727,-0.00132788742372559
36.01,0.0558024409403632,0.00244900396049048,-7.93261344343604e-05,-0.00113763951645369
36.02,0.0553091672356256,0.00484258651119822,0.00251963717279799,-0.000881234191019397
36.03,0.0551363356730539,0.00726392180140685,0.00406007487731765,-0.000718118074307359
36.04,0.0552516263502749,0.0096362946116799,0.00259962839635083,-0.000731864265938629
36.05,0.0556772526162401,0.0120287489730938,-0.00322307302288054,-0.000954496808440082
36.06,0.0564507055584267,0.0143431577118261,-0.0138983750302843,-0.00136417665690595
36.07,0.05764532239471,0.0166763171062571,-0.0292561032093177,-0.00190489570292593
36.08,0.0593400303382303,0.0189003310509443,-0.0484094151836777,-0.00249409901304136
36.09,0.0616393555505557,0.0211448087027948,-0.0702367525674153,-0.00305068239067638
36.1,0.0646446585650136,0.0232567247724944,-0.0934097610391233,-0.00350034650836897
36.11,0.0684471495367038,0.0253966058716484,-0.116837772526957,-0.00379479645132571
36.12,0.073144248502695,0.0273842090102869,-0.139473032808193,-0.00390128900724831
36.13,0.0787795288796493,0.0294096880751905,-0.160662017792202,-0.00381323903673428
36.14,0.0854510939023081,0.0312667457612167,-0.17989144914748,-0.00353641685737534
36.15,0.0931399656139495,0.0331742804937331,-0.197058706128447,-0.00309644162856507
36.16,0.101964986909994,0.0348989749183457,-0.212100117695771,-0.00251979383697352
36.17,0.111830377606054,0.036685083078397,-0.225323283533168,-0.00184643680644368
36.18,0.122897458074542,0.0382702040176392,-0.23692528612952,-0.00110678831732736
36.19,0.134978298160099,0.0399210954157472,-0.247363656587421,-0.000337114373618672
36.2,0.148299078751495,0.0413452579633748,-0.256907318685037,0.000440697257064619
36.21,0.162562860937212,0.0428299133913882,-0.265982825125756,0.00120331383231627
36.22,0.17808375105477,0.0440538272112281,-0.274719444070484,0.0019446803989522
36.23,0.194439627730478,0.0453260944651744,-0.283336383987725,0.00265909948968041
36.24,0.212056408839796,0.0463010686092375,-0.291754362910212,0.00335459375608827
36.25,0.230372575270642,0.0473126092374814,-0.29999765848653,0.00403528498033425
36.26,0.249949038914765,0.0479947001821784,-0.30791159134214,0.00471291714957284
36.27,0.27006974790111,0.0487069205158907,-0.315469841269542,0.00539252315692376
36.28,0.29145050064169,0.0490648587174952,-0.322526231954753,0.00608177361095892
36.29,0.313205654664813,0.0494532741186665,-0.329068355918929,0.00678203607247611
36.3,0.336224098250017,0.0494700238463816,-0.335021941840524,0.00749715854305078
36.31,0.359435084649154,0.049522826701383,-0.340405754490963,0.00822609289865393
36.32,0.383277709907864,0.0494087474449599,-0.345173118220031,0.00896919520978163
36.33,0.40838925778244,0.0489053388799143,-0.349326118459282,0.0097244919601825
36.34,0.433396419345781,0.0484528822060189,-0.352919926554183,0.0104878143157792
36.35,0.459680836686424,0.0476042587458816,-0.355931355824068,0.0112577074712521
36.36,0.485657779178615,0.0468189960530366,-0.35840954571319,0.0120313782856791
36.37,0.51202159118301,0.0458734372108752,-0.360343027815917,0.0128069631559745
36.38,0.539692967759159,0.0445266608887101,-0.361763289307199,0.0135818554029232
36.39,0.566758206290677,0.0432698247280602,-0.360569592932498,0.0144292858242858
36.4,0.595260492807034,0.0416865980569862,-0.349891356651002,0.0157421729456408
36.41,0.623132016147428,0.0403274378119885,-0.337125259649277,0.0170303795143954
36.42,0.651364338236004,0.0389550341358338,-0.323782290930118,0.0181675151000774
36.43,0.681180388764909,0.0373117572620088,-0.310102069749052,0.0191398923136196
36.44,0.710073971075876,0.0359199458902453,-0.296264514810779,0.0199506465161761
36.45,0.739212887996831,0.0345226291822014,-0.282456200145349,0.0206082642216359
36.46,0.770013684115165,0.0328488196163491,-0.268763281387263,0.0211234873062084
36.47,0.799612997996118,0.0314357909524455,-0.255256138203214,0.0215063560455116
36.48,0.829372131707428,0.0300145680388116,-0.242036546594082,0.0217643093783217
36.49,0.860903079321974,0.0283045899484568,-0.229182041461618,0.0219031329039759
36.5,0.890977094758046,0.0268562655045569,-0.21674529093345,0.0219288370345228
36.51,0.92114747232152,0.0253907599068687,-0.204805691859541,0.0218479360049298
36.52,0.95321896715215,0.0236199739949845,-0.193421857031499,0.0216678233173427
36.53,0.983593190172533,0.0221044461262542,-0.18263454895849,0.0213964163280879
36.54,1.01402410295505,0.0205457291438032,-0.176071416528698,0.021164188823613
36.55,1.04656391331504,0.0185919028871028,-0.175240671184867,0.0211392643814107
36.56,1.07726472303989,0.0167923401700872,-0.175299349855903,0.0211482309876527
36.57,1.10806066128783,0.0148586600127599,-0.175478124705745,0.0211565468032914
36.58,1.14112972791849,0.012501559698767,-0.175688053786493,0.0211555137112615
36.59,1.17211639599037,0.0102994492908916,-0.175917061814532,0.0211428695703802
36.6,1.20312414121418,0.00796365060017498,-0.176181514585191,0.0211175297915557
36.61,1.23411217821481,0.00549327639890793,-0.176496394884284,0.0210790656166041
36.62,1.26747112216393,0.00259717019487821,-0.176881260640954,0.0210273739439747
36.63,1.29830532621717,-0.000147734550002665,-0.177349377026106,0.0209631647072431
36.64,1.32890460498796,-0.00303413615594919,-0.177936219465548,0.0208865163861154
36.65,1.35914136261353,-0.00606655622394756,-0.178651659716937,0.0207990748449453
36.66,1.39151756576701,-0.00953677145713144,-0.179497660413884,0.0207040325880631
36.67,1.42049121155115,-0.0128789730779648,-0.180461470094691,0.0206051519266705
36.68,1.44841061336732,-0.0163865747771851,-0.181525898859762,0.0205051178590134
36.69,1.47781612890433,-0.0203452002640203,-0.182661508741256,0.0204065088993576
36.7,1.50276458816196,-0.0241966208023907,-0.183849000742603,0.0203108462230521
36.71,1.52573823769662,-0.0282235298465529,-0.185075960243972,0.0202185117644468
36.72,1.54941672090854,-0.0326955376978087,-0.186267267893718,0.0201331535354404
36.73,1.56766639533737,-0.0370587699516295,-0.187259760592062,0.0200622310858221
36.74,1.58619832797837,-0.0418556211442408,-0.191961592943396,0.0198391436679751
36.75,1.59876686197575,-0.0465963649915689,-0.200152325424615,0.0194155390508841
36.76,1.61128610443811,-0.0517816796661883,-0.204794886048907,0.019232465342788
36.77,1.61771869595324,-0.0568253426203432,-0.203211724847262,0.0194026467617653
36.78,1.61393851064836,-0.0609748004347846,-0.19327538652443,0.0199712378235238
36.79,1.60488151697773,-0.064797172855678,-0.173248732250238,0.0209405209733033
36.8,1.5967876416035,-0.0686718163479346,-0.143369858466372,0.0222022405781868
36.81,1.58690472069932,-0.0722533353556677,-0.10542411070773,0.0235693027779
36.82,1.57261281074213,-0.0752428716606014,-0.0616953256110427,0.0248556330585055
36.83,1.55995719256592,-0.0780352030018549,-0.0144477156395161,0.025909581006735
36.84,1.54626610060322,-0.0803696844286452,0.0339984998815502,0.0266020155306507
36.85,1.52902647988166,-0.0820316427268613,0.0819636121902036,0.026851913890041
36.86,1.51392000442173,-0.0834360031093128,0.128189190455312,0.0266223805485568
36.87,1.49831163619155,-0.0843895828749749,0.171425389832057,0.0258944907701558
36.88,1.47972658503124,-0.0847261143125447,0.212938908374727,0.0245492602504107
36.89,1.46337921065189,-0.0848451380699579,0.249336577094787,0.0227107593152835
36.9,1.44668883368209,-0.0846224597017491,0.277628422992336,0.0204931259749668
36.91,1.42965971881972,-0.0841411365410028,0.296874902042893,0.0179602586322699
36.92,1.40994016121054,-0.0833296677669831,0.306920268119541,0.0151905750769005
36.93,1.39220888035241,-0.0826018598741552,0.308427733042405,0.0122872884872749
36.94,1.37403895798088,-0.0818689650107038,0.302476482305275,0.00935834072915173
36.95,1.35323810629357,-0.0810519806319828,0.290636453781566,0.00651678652655644
36.96,1.33415896535467,-0.0804917912134294,0.274837887422688,0.00387220745075296
36.97,1.31458812591275,-0.080066582991768,0.257035592713255,0.00151328500415735
36.98,1.29255937645507,-0.0796563714551169,0.239237104664737,-0.000490288477009249
36.99,1.27214698282015,-0.0795114321606588,0.223372443569828,-0.00209166358711074
37,1.2513683239055,-0.0794694933975932,0.21092962890917,-0.003281813507686
37.01,1.22847653380704,-0.0793767115703737,0.20286070740691,-0.00408605923181417
37.02,1.20724313018251,-0.0794182234618147,0.199539210798106,-0.00455719906328332
37.03,1.18586806031557,-0.0794290331161232,0.200638129683679,-0.00477665431247131
37.04,1.16276319909252,-0.0792688247485734,0.205425996828448,-0.00483491744473338
37.05,1.14134290275596,-0.0791095450116768,0.212981847342709,-0.00481731618994438
37.06,1.11993863870582,-0.0788246638456249,0.22227228839775,-0.00479781027919708
37.07,1.09708695047844,-0.0783151860221625,0.232354153172673,-0.00483064626974934
37.08,1.07584382478066,-0.0777553235821848,0.242519284224254,-0.00494703801761943
37.09,1.0532906181121,-0.076977009203646,0.252201098854458,-0.00516371925401193
37.1,1.03226035124304,-0.0761498110977746,0.260972419507396,-0.00548569330729061
37.11,1.01131949162548,-0.0752016882576485,0.268465385374706,-0.00591058089927012
37.12,0.98923797061936,-0.0740791539960355,0.274410447035129,-0.00643134019368552
37.13,0.968532225149725,-0.0729382501292898,0.2786438849109,-0.00703532091221437
37.14,0.946784490962497,-0.0716640861103134,0.281041764695034,-0.00770808053231298
37.15,0.926308563699171,-0.0704010342077254,0.281578720062213,-0.00843116777635939
37.16,0.905919574320277,-0.0691029099680519,0.280306110601271,-0.00918430955273938
37.17,0.88461823357711,-0.0677434220210468,0.275354529697133,-0.0100335273039039
37.18,0.86439496865562,-0.0664693677000314,0.26725872938523,-0.0109507564175907
37.19,0.843310473475381,-0.0651978602354279,0.25803357882145,-0.0117848346376746
37.2,0.823216870377198,-0.0640314328833268,0.248172034257058,-0.0125055400110989
37.21,0.802376784814201,-0.0628856200294119,0.238060966761372,-0.0131014590562056
37.22,0.782468605950141,-0.0618439115803246,0.228043432641899,-0.013569455088693
37.23,0.762657902488232,-0.0608610462963792,0.218358023978898,-0.0139130532179436
37.24,0.742282386285203,-0.0599003146788348,0.209165023458609,-0.0141404508204812
37.25,0.722766075019651,-0.0590233868399725,0.200589827447412,-0.014262346583937
37.26,0.702804012538983,-0.0581606959967714,0.192705584828226,-0.0142912555871891
37.27,0.68365243274906,-0.0573549050318144,0.188048662094136,-0.0143256840662352
37.28,0.664128434801227,-0.0565032318779453,0.187722104657525,-0.014486619831641
37.29,0.645327478771021,-0.0556341461853933,0.188339494374967,-0.0146554687260101
37.3,0.626258546660323,-0.0546968718776614,0.189241546597641,-0.0148191095208357
37.31,0.607887079545972,-0.0537312809056466,0.190243268083613,-0.014980518936119
37.32,0.589362667031839,-0.0526987989858158,0.191265339818784,-0.0151424064411488
37.33,0.571511724702999,-0.0516339075479176,0.192262052991477,-0.0153063998448176
37.34,0.553937225902354,-0.0505190984587872,0.193198119436402,-0.0154735966543455
37.35,0.536365043038192,-0.0493437535557282,0.194039502517166,-0.0156449063665772
37.36,0.519430145686535,-0.0481339501590839,0.194751753875075,-0.0158210778259859
37.37,0.502585458335983,-0.046869507376927,0.195296302711613,-0.0160028102460785
37.38,0.486350720685592,-0.0455718919148451,0.19562124003909,-0.0161910972148883
37.39,0.470280041803521,-0.0442274001436411,0.195674821539781,-0.0163864860791231
37.4,0.454787435040792,-0.0428537395633674,0.195412902954262,-0.0165888847532095
37.41,0.439517055049465,-0.0414429539808615,0.194799826402492,-0.0167982007019792
37.42,0.424787863770347,-0.0400093688608876,0.193789331362042,-0.0170139606148116
37.43,0.410322946963849,-0.0385502696512878,0.192328031371462,-0.0172350812956739
37.44,0.396357647078244,-0.0370774147710966,0.190353805164926,-0.0174601829159957
37.45,0.382683917582277,-0.0355931362553154,0.187787456429185,-0.0176881809619598
37.46,0.36946434555098,-0.0341076628645505,0.184531054805161,-0.0179184487961435
37.47,0.35655025721122,-0.0326283309480536,0.180513530344951,-0.018148235881261
37.48,0.344041671077088,-0.0311640537626257,0.175696573714082,-0.0183726156208455
37.49,0.331840809266942,-0.0297256477294106,0.170072514219116,-0.0185850342244342
37.5,0.319995706064405,-0.0283199490668531,0.163659257428882,-0.0187778919881073
37.51,0.308454660766788,-0.0269595384458576,0.156507821854722,-0.018942457337131
37.52,0.297225078778326,-0.0256482994968042,0.148697641248075,-0.0190694586399161
37.53,0.286295737265226,-0.0243988968644965,0.140342568522112,-0.0191492000699184
37.54,0.275642655668837,-0.0232113506256401,0.131581222996993,-0.0191721235488318
37.55,0.265290785166066,-0.0220967806185053,0.12258698743638,-0.0191291012166374
37.56,0.255192627594616,-0.0210504916550456,0.113546372068305,-0.0190130963211166
37.57,0.245367669213196,-0.0200766737264364,0.104646812695553,-0.0188184425462842
37.58,0.235859789385072,-0.0191784812739032,0.0960551352889355,-0.0185418202309945
37.59,0.226595142211642,-0.0183446775864418,0.0879111210497216,-0.0181829332929998
37.6,0.217665129925054,-0.0175798935243741,0.0803357868320748,-0.0177443497535424
37.61,0.208981476144668,-0.0168699872419252,0.0734106060768481,-0.0172314921733625
37.62,0.200651126437851,-0.0162182273567552,0.0671930084081896,-0.0166519190917519
37.63,0.19257261038444,-0.0156089933049978,0.0617124715508251,-0.0160153013253045
37.64,0.184862246407371,-0.0150450987545603,0.0569750497522618,-0.0153320179397631
37.65,0.177406863056924,-0.0145106200714472,0.0529677621019614,-0.0146133584284653
37.66,0.170327466411323,-0.0140086212521988,0.0496599911431837,-0.013870476666628
37.67,0.163501206711979,-0.0135237681199315,0.0470053798848745,-0.01311446757474
37.68,0.157050724322464,-0.0130598842753609,0.0449469949373447,-0.012355866232891
37.69,0.150846113159641,-0.012602893436753,0.0434109774895478,-0.0116044374196256
37.7,0.145009389895423,-0.012157791318121,0.0423193696396686,-0.0108689436574981
37.71,0.139405984611276,-0.0117122764485218,0.0415837253597958,-0.0101570369797523
37.72,0.134155856008678,-0.0112727550625536,0.0411081503253361,-0.00947502996780368
37.73,0.129122498055441,-0.0108290850960198,0.0407882330560966,-0.00882812787425451
37.74,0.124423078012986,-0.0103893179186882,0.0405184945357886,-0.00822026443236614
37.75,0.119921195236414,-0.00994571906153486,0.0401900841642606,-0.00765408884488269
37.76,0.115730362308382,-0.00950797370963198,0.0397057327200892,-0.00713104979065869
37.77,0.111715683608949,-0.00907063992497367,0.0389755390786121,-0.00665114021196233
37.78,0.10798646782301,-0.00864457485604983,0.0379438410227554,-0.00621276301402542
37.79,0.104410892781074,-0.00822582395585007,0.0365773912368662,-0.00581279410242364
37.8,0.101094281939033,-0.00782534436309077,0.0348726223980187,-0.00544696022260158
37.81,0.0979094869134438,-0.00743958849281989,0.0328562893661646,-0.00511013078435279
37.82,0.0949582484041305,-0.00707844239149097,0.0305848902964562,-0.00479624165569148
37.83,0.0921195572864495,-0.00673761555278957,0.0281363570618979,-0.00449933030370751
37.84,0.0894399519144553,-0.00642188883243608,0.0256056357833833,-0.00421384711391263
37.85,0.0869618115717705,-0.00613461736587922,0.0230880258819339,-0.0039351228952328
37.86,0.084574579914219,-0.0058692959822953,0.0206812209853567,-0.0036596803703548
37.87,0.0823717845412351,-0.00563015660484807,0.0184744326656891,-0.00338546931225206
37.88,0.080249666880148,-0.00540936741411074,0.0165343326870667,-0.00311193063468379
37.89,0.0782974976947475,-0.00520938791126135,0.0149090804020895,-0.00284000528019921
37.9,0.0764176748197225,-0.00502188053037518,0.0136173693362919,-0.00257190106824233
37.91,0.0746943414233618,-0.00484851267996809,0.0126551269490593,-0.00231070015288677
37.92,0.0730353219273283,-0.00468143423944275,0.0119946698427032,-0.00206019235238856
37.93,0.0715189535382428,-0.0045224824761056,0.0115875782140639,-0.00182423374418171
37.94,0.0700579231526304,-0.00436513513429798,0.0113711177780789,-0.00160667921257428
37.95,0.0687244567899044,-0.00421208796643417,0.011276468154522,-0.00141072299881537
37.96,0.0674358693372237,-0.00405854310752811,0.0112306405139033,-0.00123873787461142
37.97,0.0662584962269286,-0.00390826642191077,0.0111649867801578,-0.00109214939587601
37.98,0.0651144061445577,-0.00375814037340349,0.0110203193014956,-0.000971212887978637
37.99,0.0640646319531235,-0.00361274652483243,0.0107510933925023,-0.000874956369865315
38,0.0736125984830558,-0.00830113843555578,0.0103290877615052,-0.000801310761396545
38.01,0.0713920055837007,-0.0104396280617384,0.00523982580862334,-0.000954437546736302
38.02,0.0689409459284303,-0.0126017073014495,0.000325598202639073,-0.00109024908623188
38.03,0.0662967940865986,-0.014806490628458,-0.00106735552282265,-0.00101756444590129
38.04,0.0634950447880294,-0.016959211411026,0.00229955719432273,-0.000712305419169581
38.05,0.060503924285773,-0.0191300030649954,0.0105779797143502,-0.0002177966400864
38.06,0.0572382622161125,-0.0212284887922459,0.0228272069620254,0.000369175555372155
38.07,0.053602989385112,-0.0233670573606759,0.0379306760947568,0.000957980330686037
38.08,0.0494625924344672,-0.0254348087331298,0.054798402262165,0.00147921773315452
38.09,0.0447014169374671,-0.0275771993069626,0.0725606455699768,0.00189014613529827
38.1,0.0391775762651894,-0.0296499472548293,0.0905080321377252,0.00216743892139136
38.11,0.0327939519856275,-0.0317245217549961,0.108188847918393,0.00230584189064986
38.12,0.0254960855851556,-0.0338946076300434,0.125261816160547,0.00230890036637059
38.13,0.01716929554669,-0.0359591090710094,0.14142367168049,0.00218288711198173
38.14,0.00783802004791223,-0.0381131287400364,0.156528816727677,0.00193981459732267
38.15,-0.00262388391857149,-0.0401257993554231,0.170493499160643,0.00159395349647206
38.16,-0.0141188036933264,-0.0422181147511659,0.183349995051253,0.0011619312632312
38.17,-0.0268132536713237,-0.0441330793898704,0.195102730140488,0.000656985294736144
38.18,-0.040529750538961,-0.046119731648949,0.205817433437418,9.15690106470378e-05
38.19,-0.0555032157552811,-0.0478977345529725,0.215504995274901,-0.000526846908317839
38.2,-0.071463188879358,-0.0497439556273117,0.224226558463632,-0.00119103145131163
38.21,-0.0887349837289895,-0.0513548976924073,0.232018910326429,-0.00189636984240885
38.22,-0.10693630470334,-0.0530335367456229,0.238935614628095,-0.00263851509801473
38.23,-0.126500632379218,-0.0544532330837727,0.245034725338333,-0.00341189758307803
38.24,-0.146911710866325,-0.0559412065040991,0.250369331627578,-0.00421170273252883
38.25,-0.168385546645219,-0.0573290924515951,0.254945444494858,-0.00503561680969436
38.26,-0.191282056992291,-0.0584253661115431,0.258782998457449,-0.00588076273006227
38.27,-0.214850649224439,-0.0595939961743535,0.261898998093062,-0.00674407255994768
38.28,-0.239873989941196,-0.0604533803251141,0.264328847916776,-0.00762081370028304
38.29,-0.265425912433827,-0.061390115703228,0.266116379986799,-0.00850687273044365
38.3,-0.292461416246062,-0.0620028494674591,0.26731871051041,-0.00939866189505559
38.31,-0.319864439255364,-0.0626991358299236,0.267989842206313,-0.0102947251228848
38.32,-0.348111993363513,-0.063275376606663,0.268175269235737,-0.0111931104645842
38.33,-0.377880489323742,-0.0635080194270156,0.267889925805527,-0.0120909830371972
38.34,-0.407745798132393,-0.0638357139444204,0.267168221773857,-0.0129857659432107
38.35,-0.439157464594383,-0.0638100739106553,0.266084640349786,-0.0138738293388221
38.36,-0.470475692326718,-0.0638876780134602,0.264681492417945,-0.0147519012737431
38.37,-0.502430958213053,-0.0638426989746098,0.263000019127569,-0.0156173586866048
38.38,-0.535981614131646,-0.0634319440531216,0.261067788031296,-0.0164683838968244
38.39,-0.569150200453525,-0.063138586517206,0.258895142454725,-0.0173034730304746
38.4,-0.603957014210863,-0.0624741453746127,0.256515296658443,-0.0181203136659225
38.41,-0.638191496628121,-0.0619366980276117,0.253958795524391,-0.0189169687296808
38.42,-0.672875855766635,-0.0612809475637884,0.251274198146618,-0.0196902654873638
38.43,-0.709275326798283,-0.0602468033563613,0.248515727623376,-0.0204368252370516
38.44,-0.744818819888613,-0.0593528426694159,0.245708986419179,-0.0211556888877807
38.45,-0.780713263774202,-0.0583428031503538,0.242862725999686,-0.0218466551072958
38.46,-0.818414520199682,-0.0569480194794865,0.239980909692681,-0.0225093624663955
38.47,-0.85498389304389,-0.0557051840435159,0.237068182828689,-0.0231434282369519
38.48,-0.891817355139874,-0.0543490736186054,0.234125496666607,-0.0237484874230011
38.49,-0.930563286421929,-0.0526041830232432,0.23116123632646,-0.0243243214183281
38.5,-0.96791085053311,-0.0510219996083197,0.228184694097855,-0.0248707019072917
38.51,-1.00544821697624,-0.0493297765135137,0.225195659333461,-0.025387298344966
38.52,-1.04501697066631,-0.0472466973870133,0.22219364630745,-0.0258738907375505
38.53,-1.08293113702568,-0.0453354890762473,0.219181772309714,-0.0263302242696434
38.54,-1.12097164740041,-0.0433175225915426,0.216160057952104,-0.0267561972831739
38.55,-1.16117295343988,-0.0409084671971475,0.213131105084389,-0.0271517874796021
38.56,-1.19947244369607,-0.0386784784060117,0.210097371706736,-0.0275171398607572
38.57,-1.23783956067538,-0.0363444796874452,0.207056308013628,-0.0278523330604721
38.58,-1.27624922977673,-0.0339068630073993,0.204005502432878,-0.0281572171801027
38.59,-1.31697429870767,-0.03107810507193,0.200944263275304,-0.0284315255286649
38.6,-1.35542720622754,-0.028432401217151,0.197873419199189,-0.0286750231084906
38.61,-1.39379792521933,-0.0256820393084209,0.194786599925441,-0.0288876967492381
38.62,-1.43450864548215,-0.0225392889399054,0.191681386299804,-0.0290694685927253
38.63,-1.47254766681127,-0.0195747700297903,0.188559510871874,-0.0292201704218639
38.64,-1.51020381090915,-0.0164869363698161,0.189426512268056,-0.0292030384920762
38.65,-1.5472058861822,-0.0131973580361815,0.19684480390156,-0.0288354875954996
38.66,-1.58600353206201,-0.00939670099586495,0.204350825134241,-0.0284892460748026
38.67,-1.62093310589,-0.00564673283768996,0.211585074688037,-0.0282202297793971
38.68,-1.65437746228651,-0.00166196140942376,0.218672000367142,-0.0280337022663757
38.69,-1.68891789868129,0.00283512061583768,0.225698659762646,-0.0279294151609524
38.7,-1.71856510610524,0.00729123349695182,0.23273079156035,-0.0279068093385607
38.71,-1.74587770183771,0.0119818580545185,0.239896961013604,-0.0279592572488365
38.72,-1.77359422262393,0.0171712716644158,0.247384989612152,-0.028076410242866
38.73,-1.79557812012713,0.0223177100666644,0.255304671256239,-0.028253462477811
38.74,-1.8176226287367,0.0279455192596983,0.2637474755454,-0.0284874058713724
38.75,-1.8335986852293,0.0335229399256056,0.272754420704704,-0.0287818181465848
38.76,-1.84947118972659,0.0395551811622536,0.282294450137627,-0.0291431089658124
38.77,-1.85918732101614,0.0455209690634103,0.292157776039227,-0.029583451404397
38.78,-1.85872674543957,0.0507306923136856,0.301520676444781,-0.0301395861494872
38.79,-1.85574875739105,0.0560642149416784,0.302711266392569,-0.0306307525799575
38.8,-1.84740617400874,0.0611420544173798,0.288442366756872,-0.0309786432728353
38.81,-1.83979970627506,0.0662983464915003,0.263862306324217,-0.0316367603778112
38.82,-1.83028035184085,0.0711817561436092,0.228289578888326,-0.0326188310711121
38.83,-1.81639045803822,0.0754675490476438,0.182758505001689,-0.0337508491831689
38.84,-1.804060027041,0.0794830950539599,0.129322915368267,-0.0348216628069124
38.85,-1.79071654317007,0.0829390592945937,0.0707054903416786,-0.0356187448798169
38.86,-1.77393820705957,0.0856001600421087,0.00968641971820872,-0.0359760126862188
38.87,-1.75917938880968,0.0878377436157074,-0.0512049549484699,-0.0358076706657813
38.88,-1.74386403304165,0.0894618672535848,-0.10978426770742,-0.035078378420937
38.89,-1.72805363455634,0.0905023051063918,-0.163913628585748,-0.0337742194393578
38.9,-1.70937425253463,0.0908458674466927,-0.211225252184643,-0.031890177326108
38.91,-1.69265751816768,0.0909098191547282,-0.249424204089409,-0.0294411800487539
38.92,-1.67540167487783,0.0906211108112451,-0.276608948741679,-0.0264722880643138
38.93,-1.65531552973249,0.0899440741452621,-0.291939961438537,-0.023079778067552
38.94,-1.63682693044921,0.0892994945714174,-0.295824520809597,-0.0194105582293541
38.95,-1.6175963983148,0.0886385039139606,-0.289558206029332,-0.0156310388903524
38.96,-1.59553481624925,0.0879172387217297,-0.275184408526462,-0.0119114030600352
38.97,-1.57478333422988,0.0874752864024562,-0.255126486040379,-0.00840610788856394
38.98,-1.55324838143225,0.0872163441922806,-0.231817169893313,-0.00523715109223081
38.99,-1.52908901247865,0.0870396778959781,-0.207891608150854,-0.00250563079656003
39,-1.50618476247441,0.0871773214682948,-0.186173329358113,-0.000295005030443992
39.01,-1.48269274140596,0.0874687221975399,-0.169192247256693,0.00134803331789961
39.02,-1.45701442678057,0.0877505409805202,-0.158865677474492,0.00242458505400964
39.03,-1.43275144051467,0.0881630569718259,-0.156135443457664,0.00299229071207004
39.04,-1.40825815815767,0.0885218395205823,-0.160677128907231,0.00316794846270399
39.05,-1.38209168152864,0.0886698888037801,-0.171107346767512,0.00310393607406078
39.06,-1.35745906818301,0.088767535436843,-0.180217986623452,0.00315926209624767
39.07,-1.33272897346642,0.0887492666724671,-0.187345138568154,0.00343793784673642
39.08,-1.30651105079533,0.0885424897991531,-0.194100712158753,0.00378894081094263
39.09,-1.28164470501354,0.0883140932425779,-0.200268263247719,0.00419174382662619
39.1,-1.2554169056805,0.0879165146021332,-0.205650333234246,0.00463686301777475
39.11,-1.23046121638401,0.0875052800582801,-0.210143478633595,0.00511400651421578
39.12,-1.20545453861399,0.0870141976094514,-0.21369754171398,0.00561195743839939
39.13,-1.17927496990987,0.0863919831702662,-0.216290240777451,0.00611978764430987
39.14,-1.15425371485148,0.0857735577545434,-0.217960267724471,0.00662697202965876
39.15,-1.12818092348665,0.0850490306674831,-0.21873871878741,0.00712410872661798
39.16,-1.10319309331263,0.0843395100839579,-0.218670170391791,0.00760285267393918
39.17,-1.07726714249455,0.0835414183392503,-0.219315789192153,0.00812238070280036
39.18,-1.05232867153351,0.0827384689214578,-0.221486132382959,0.00871247833931055
39.19,-1.0273911209983,0.0818744481075336,-0.223490547711114,0.0093191293201807
39.2,-1.00165805825687,0.0809133217845912,-0.225046338046848,0.00992857616055264
39.21,-0.976806755953948,0.0799419615392419,-0.226210706874858,0.0105373396019725
39.22,-0.951275309574865,0.0788862214265059,-0.227065471311696,0.011144756650651
39.23,-0.92656931137775,0.0778210934487819,-0.227654813811433,0.0117499844135523
39.24,-0.901299303884075,0.0766814220618616,-0.228026031426077,0.0123527381368532
39.25,-0.876806026755203,0.0755314661215966,-0.228241590609373,0.0129539905030566
39.26,-0.851864614494435,0.0743142659314723,-0.228342603655737,0.0135543509645448
39.27,-0.827659745250269,0.0730842542813733,-0.228347475711573,0.0141536503820065
39.28,-0.803613707346733,0.0718142604023178,-0.228270613440173,0.0147516897018162
39.29,-0.779297772261258,0.0704852758835843,-0.228122749572144,0.0153479712383684
39.3,-0.755674136913101,0.0691392080790421,-0.227906189715395,0.0159420830435848
39.31,-0.731891788857724,0.0677390085543314,-0.227618970506433,0.0165334936355198
39.32,-0.708774432178575,0.06631946336858,-0.227262670723096,0.0171215572778208
39.33,-0.685602405376887,0.0648504739815321,-0.226838132743296,0.0177056812007801
39.34,-0.663069758591175,0.0633603900080483,-0.22634023952759,0.0182851400696907
39.35,-0.640576300883535,0.0618255917052561,-0.225763099797971,0.0188591822656638
39.36,-0.618695907935298,0.0602687750820264,-0.225106014314768,0.0194272296756395
39.37,-0.596936990371052,0.0586721437648666,-0.224362678843818,0.0199887581239732
39.38,-0.57576356120229,0.0570534276168198,-0.223521629787204,0.0205430176176986
39.39,-0.554780663280102,0.0554002466430335,-0.22257517305684,0.0210892627311513
39.4,-0.534353590413818,0.0537259829221754,-0.221521050267922,0.021625963931193
39.41,-0.51417333562008,0.0520229496268906,-0.220355121845815,0.022151527743816
39.42,-0.494517462062076,0.0503007314102076,-0.219065446552627,0.0226649974403377
39.43,-0.475152478124351,0.0485559078768305,-0.217638984787007,0.0231658093027048
39.44,-0.456279063050962,0.0467949721721863,-0.216053871195397,0.0236533816696673
39.45,-0.437790416085507,0.0450184878551724,-0.214284027890026,0.0241271218656913
39.46,-0.419639546346582,0.0432303248759373,-0.21229702864156,0.024586363201218
39.47,-0.401932186598689,0.0414336751925942,-0.21004963255557,0.0250303240886226
39.48,-0.384582296473051,0.0396321138414521,-0.208824991884645,0.0254346273832814
39.49,-0.367693320559038,0.037781228270563,-0.212676900041523,0.0255584393716841
39.5,-0.351273735734345,0.0358702788753212,-0.216262981638194,0.0256831279960762
39.51,-0.335331069088119,0.033903536834214,-0.21853309332046,0.0258991153028521
39.52,-0.319843807727191,0.0319052910941317,-0.218826499715075,0.0262245779174224
39.53,-0.304764599844107,0.0298929367096381,-0.216705597700943,0.0266606719461099
39.54,-0.290093380585398,0.0279009258913587,-0.211552829363668,0.0271846272353328
39.55,-0.275795062087917,0.0259962265107529,-0.194586193632276,0.0273988597323442
39.56,-0.261958432943032,0.0242976248133213,-0.170276825684867,0.0274643953018068
39.57,-0.248475625300118,0.022837254351432,-0.143415968185983,0.0274582576907291
39.58,-0.235389393337794,0.0216406262544656,-0.115883409402596,0.0272978293157025
39.59,-0.22259886622359,0.0206956160586862,-0.0896053975922313,0.0268954699490446
39.6,-0.210209784217223,0.0199901355293676,-0.066306625542001,0.0261967273612672
39.61,-0.198146910498297,0.0194779247823493,-0.0473551860287504,0.0251862211225301
39.62,-0.186556093465822,0.0191210164973273,-0.0335482865665168,0.0238849893441039
39.63,-0.175364761054701,0.0188575312900351,-0.0251157908917147,0.0223457642307537
39.64,-0.164727168566499,0.018645371541832,-0.0217736991443998,0.0206430154479713
39.65,-0.154550648385532,0.0184284474492492,-0.0228190093412619,0.0188594266679344
39.66,-0.144976112551347,0.0181781962202782,-0.0273517714140781,0.0170734817035341
39.67,-0.135884522590732,0.0178561552014541,-0.0344420282234441,0.0153500427789505
39.68,-0.127400886807134,0.0174517817105557,-0.0432129813955663,0.0137372452503871
39.69,-0.119387946171059,0.0169440652537067,-0.0528690627153225,0.0122679101239294
39.7,-0.11195978486486,0.0163380316433964,-0.0626854868897992,0.0109637419516759
39.71,-0.104968487441953,0.0156274948034971,-0.071961135266146,0.00983922520083371
39.72,-0.0985182037189247,0.0148310556163262,-0.0800299052536247,0.00890290085900973
39.73,-0.0924524497319608,0.0139560503720644,-0.0862812417003183,0.00815676985708703
39.74,-0.0868021244201413,0.0130284422328111,-0.0902178528650919,0.00759452630961548
39.75,-0.0815921021469732,0.0120779330168961,-0.0914850938245114,0.00720091204227209
39.76,-0.0766602692751137,0.0111245875604504,-0.0899230454852052,0.00695161278456977
39.77,-0.0720900465483645,0.0102046984962445,-0.08561584518188,0.00681478319445755
39.78,-0.0677251659783158,0.00933700560585071,-0.07883781275032,0.00675313685650689
39.79,-0.0636511827550477,0.00855152342902351,-0.07005992715571,0.00672549948811353
39.8,-0.0597260385164065,0.00785787599542955,-0.0599146993145977,0.00669148575131347
39.81,-0.0560433214791969,0.00727292102684298,-0.0491451165996035,0.00661419495111701
39.82,-0.0524799869817043,0.00679197142566036,-0.0385300266090793,0.00646384454835704
39.83,-0.0491392787311264,0.00641605742769815,-0.0288078594315406,0.00622039988397694
39.84,-0.0459164983642966,0.00612649809915228,-0.0205894675178783,0.00587561909054354
39.85,-0.0429202907654114,0.00591189067680382,-0.0143243268854792,0.00543240753781945
39.86,-0.0400585484275977,0.00574523257484878,-0.0102737798060255,0.00490473644306317
39.87,-0.0374379472490745,0.00560972254429019,-0.00849235601151924,0.00431533443363362
39.88,-0.0349713192954315,0.00547786652236302,-0.00883455884141691,0.00369328489701808
39.89,-0.0327557917427397,0.0053353996723937,-0.0109942335487503,0.00307084709443032
39.9,-0.0307027605387198,0.00516140278668468,-0.0145320962416447,0.00248017608713579
39.91,-0.0288949523187458,0.00494997524914717,-0.0189177857956278,0.00195069790900971
39.92,-0.0272392876430807,0.00469110687887593,-0.0235740146237956,0.00150676912604042
39.93,-0.0258028377491133,0.00438991748872408,-0.0279247061269131,0.00116598158518259
39.94,-0.0244883225332684,0.00404810533075798,-0.0314429358580321,0.000938139543687425
39.95,-0.0233492477085706,0.00368063291240822,-0.0337175527787921,0.000823822851322824
39.96,-0.0222877994153921,0.00329758400795748,-0.0344720347752339,0.000814832477224388
39.97,-0.0213493931495892,0.00291885028409089,-0.0335898234082883,0.000894969919267195
39.98,-0.0204417548856419,0.00255696379618603,-0.0311223162595808,0.00104166000649412
39.99,-0.0195779760576436,0.00222865155804028,-0.0272784755288609,0.00122808815365418
40,-0.0299455241304099,-0.00028690755581425,-0.0223942605793379,0.0014259244198448
40.01,-0.0291042893977318,-0.00289661640753862,-0.0198010090271941,0.00148733505497541
40.02,-0.0285774821802622,-0.00548632746691175,-0.0178168526662749,0.00149374483340493
40.03,-0.0283441264738826,-0.00800131505745956,-0.0142815842594595,0.00155991821460239
40.04,-0.0283798648477713,-0.0104841723226058,-0.00767111921655729,0.00174172794803356
40.05,-0.0286956696219542,-0.0128543312998952,0.00284924115812617,0.00204778709716492
40.06,-0.0293487511243073,-0.0152014258331883,0.0174994919198751,0.00245120515233906
40.07,-0.0304060953709051,-0.0174203652740691,0.0357505656766156,0.0028934613081505
40.08,-0.0319696619171825,-0.0196348356719621,0.0566989776437846,0.00330780161605581
40.09,-0.0341439713130187,-0.0217165065367962,0.0790983186343933,0.00362623329811698
40.1,-0.0370411703342217,-0.0238220111613964,0.101836010454935,0.00380071180321772
40.11,-0.0407690718837666,-0.0257949465969545,0.123791113782029,0.00379647345363301
40.12,-0.0454030529565532,-0.0278193010960892,0.144216904079261,0.00360374539580831
40.13,-0.0510429531743615,-0.0297091979261839,0.162450168725998,0.00322330134257212
40.14,-0.057705370250793,-0.0316750294268078,0.178326479323552,0.00267867605439398
40.15,-0.0654977521246272,-0.0335010787148753,0.191778598765093,0.00199835256501637
40.16,-0.0743637002957387,-0.035420534072905,0.203198391029003,0.00122611699455611
40.17,-0.0844375374742423,-0.0371846322855107,0.21290340052272,0.000397989692987884
40.18,-0.0955743732914591,-0.0390456910278839,0.221533396895186,-0.000444614653239751
40.19,-0.107958808233239,-0.0407211879752725,0.229497519365443,-0.00127586413848981
40.2,-0.121342238138628,-0.0424811913572445,0.237389552475367,-0.00207057849572522
40.21,-0.135984409070284,-0.0440114241894904,0.245416830707485,-0.00282406750691994
40.22,-0.151520449275357,-0.045602747155317,0.253844386144974,-0.00353407207718337
40.23,-0.168312233769322,-0.0469157617595838,0.262537446323772,-0.00421576470180546
40.24,-0.185866526841785,-0.0482675319824719,0.271436208923699,-0.00488277281012772
40.25,-0.204673558845365,-0.0492998325913911,0.28023956052579,-0.00555407771518453
40.26,-0.224097008598043,-0.0503583417236444,0.288810320275681,-0.00623987282424071
40.27,-0.244774817000518,-0.0510680195827674,0.296931378611135,-0.00695050427971149
40.28,-0.265909570242156,-0.0518014146050189,0.304552331786576,-0.00768913715375145
40.29,-0.28781517918165,-0.0523686311285619,0.311542012766616,-0.00845821028351552
40.3,-0.310983375639256,-0.0525596386228422,0.317857336525199,-0.00925643420642226
40.31,-0.334344098557576,-0.0527841376619081,0.323502955519445,-0.0100791747786672
40.32,-0.358973171215238,-0.0526219464586629,0.328433492470014,-0.0109244433969772
40.33,-0.383600262449479,-0.0525040785288571,0.332670493462144,-0.0117873753495622
40.34,-0.409501301252987,-0.0519931112979519,0.336204669778781,-0.0126643232715957
40.35,-0.435198029916141,-0.05153994868379,0.339073514070796,-0.0135503785780629
40.36,-0.461329851554131,-0.0509260110553207,0.341285270511265,-0.0144416248888764
40.37,-0.488758388908052,-0.0499148105008739,0.34288409310592,-0.0153339051851767
40.38,-0.515679281184775,-0.0489865984477207,0.343047885917002,-0.0162376450821394
40.39,-0.543999159822591,-0.0477244630154776,0.33251322921661,-0.0175854989378079
40.4,-0.571788816543935,-0.0466874853537333,0.31916044031369,-0.0189491701618087
40.41,-0.59998362791625,-0.0456438022372141,0.305188989607109,-0.0201582756795191
40.42,-0.62974410419995,-0.0443390332193364,0.290844051476657,-0.0211982147029026
40.43,-0.658682756001645,-0.0432891689381269,0.276262455037167,-0.0220699244907542
40.44,-0.687904699054646,-0.042241551806558,0.26157657499396,-0.0227773803074974
40.45,-0.718762078609306,-0.0409288728284302,0.246924590177387,-0.023329442335041
40.46,-0.748512693986228,-0.0398831390814321,0.23243791290918,-0.0237376175626382
40.47,-0.778454803805131,-0.0388384378246856,0.218197301082466,-0.0240093853641622
40.48,-0.810136425626985,-0.0375167311181253,0.204271080898908,-0.0241508560540111
40.49,-0.840452122642996,-0.0364642172301971,0.190745347737323,-0.0241693241994535
40.5,-0.87089257227365,-0.035404411839287,0.177716066318069,-0.0240718131088996
40.51,-0.903199493618041,-0.0340507543641849,0.165245129369399,-0.0238651425685106
40.52,-0.933898929625172,-0.0329596647855009,0.153892814974219,-0.023564918279328
40.53,-0.964708377461978,-0.0318065027078461,0.149912494645554,-0.0234472421593433
40.54,-0.997609765755795,-0.0302527713798572,0.148513922723923,-0.0234021420852327
40.55,-1.02876200529056,-0.0288602205939489,0.147526920806397,-0.0233574416347458
40.56,-1.06003366305287,-0.0273433115174087,0.146622194809696,-0.0232992607322819
40.57,-1.09354141067811,-0.0254132417805085,0.145752364644383,-0.0232241735000099
40.58,-1.12505880928535,-0.0236478771268638,0.144904551459304,-0.0231315571046505
40.59,-1.15663480228152,-0.0217594860399972,0.144088677638911,-0.0230208732984519
40.6,-1.18823927909619,-0.0197476989559371,0.143324165354046,-0.0228919920690598
40.61,-1.22221462883266,-0.0173211700578868,0.14264094288247,-0.0227454214948334
40.62,-1.25380561287281,-0.015058279273285,0.142055242397276,-0.0225823142733029
40.63,-1.28526537768378,-0.0126666085520702,0.141587039547507,-0.0224035845213296
40.64,-1.31906818893183,-0.00985464417172674,0.141255384881638,-0.0222104393269747
40.65,-1.35001832253941,-0.00719431750557256,0.141065086557313,-0.0220052721211331
40.66,-1.38044065974869,-0.00439108403843574,0.141034024669226,-0.0217907152552301
40.67,-1.4101028469904,-0.00143769630613053,0.141165690689962,-0.0215696177602189
40.68,-1.44152121380508,0.00195544915752374,0.141451804115368,-0.0213445394200932
40.69,-1.46886365509626,0.00522846410619726,0.141878208482354,-0.0211177100634337
40.7,-1.49455492673232,0.00866951965879612,0.142449068708746,-0.0208901808416574
40.71,-1.52121756331472,0.0125557157343084,0.14317218370256,-0.0206630210378933
40.72,-1.54275901393826,0.0163333622767584,0.144062854599543,-0.0204371852693443
40.73,-1.56480185581,0.0205444701714636,0.145161416206048,-0.0202124789722062
40.74,-1.58118336263447,0.0246439391663337,0.147360663841919,-0.0199763315633907
40.75,-1.59462698376892,0.0289556741468549,0.15974987818516,-0.019313649942859
40.76,-1.60795420597867,0.0337867648292527,0.174210242652827,-0.018620872632782
40.77,-1.61504698267003,0.038606974369966,0.188755533148222,-0.018060189106462
40.78,-1.6116837442708,0.0427385885331426,0.202751040790008,-0.017666479632987
40.79,-1.60566802574355,0.0470691621871758,0.214690287268942,-0.0174940276552475
40.8,-1.59419509741845,0.0513235195294575,0.222035627401861,-0.0176301849084967
40.81,-1.58341992962816,0.0559038456657001,0.221411107808927,-0.0181842553140953
40.82,-1.57064297911404,0.0604642530097831,0.210295163796493,-0.0191882377140664
40.83,-1.55337279860144,0.0646675489294586,0.187681653910102,-0.0205744048440465
40.84,-1.53765967721561,0.068827600552142,0.154087971248232,-0.0222012261769904
40.85,-1.5209576422828,0.0726142886251595,0.111802486369102,-0.0238663694053796
40.86,-1.50086890944536,0.0757519871329267,0.0638792264685291,-0.0253630407777747
40.87,-1.48297579533098,0.0785663029546888,0.00722704906578172,-0.0263065136621754
40.88,-1.46464777295392,0.0807740190648299,-0.0531986952009753,-0.0266228620451086
40.89,-1.44597804198002,0.0823679984937774,-0.112007210392678,-0.0264033162191861
40.9,-1.42458861463798,0.0831974095359284,-0.167449328691169,-0.0256687790167887
40.91,-1.40545996029457,0.083651446428857,-0.217889683448284,-0.02443910851298
40.92,-1.38609239135542,0.083609270270542,-0.261314118611546,-0.0227218832582743
40.93,-1.36418034929447,0.0829962549162009,-0.295499330158213,-0.0205184065965766
40.94,-1.34425990065016,0.0822293873387314,-0.318734148085425,-0.0178592158605065
40.95,-1.32392028137779,0.0812612625797838,-0.330216053384685,-0.0148203003846489
40.96,-1.30307705797494,0.0802069972829814,-0.330384225790654,-0.0115266998182372
40.97,-1.27961556640509,0.0790386031944841,-0.320658401549133,-0.00813276982319814
40.98,-1.25763388893977,0.0781145133510038,-0.30317852572503,-0.00480163920953281
40.99,-1.23501376783241,0.0773601116325703,-0.280300970108219,-0.00167902914080015
41,-1.20989118442582,0.0766967718771629,-0.254608597193276,0.00111065497823637
41.01,-1.18611270810071,0.0763780642653361,-0.228888524340082,0.00346338553129802
41.02,-1.1600530546181,0.0761567465132089,-0.205839202885936,0.00530831550690431
41.03,-1.13538900466581,0.0762140057970354,-0.187943799214926,0.00661157375000527
41.04,-1.11041345658154,0.0763741974854388,-0.176841519110055,0.00739475561764936
41.05,-1.08364408067119,0.0764699639148004,-0.17304472273361,0.00773420140474122
41.06,-1.05844232505627,0.0766259989208,-0.175911177021584,0.0077508112146398
41.07,-1.03324429193539,0.0766840685879583,-0.183822208574049,0.0075913456195939
41.08,-1.00667417072804,0.0765213611795123,-0.194900724938625,0.00739090630190116
41.09,-0.981700830338013,0.0762846375493602,-0.207687430642275,0.00724135791410575
41.1,-0.955521703104289,0.0758005097600482,-0.221113394680616,0.00719535743653594
41.11,-0.930870783903945,0.0752215642385895,-0.234419909028872,0.00727888121895304
41.12,-0.906370339049582,0.0744728839369578,-0.247056006508402,0.00750042125263698
41.13,-0.880837386656659,0.0735052123446266,-0.256567641605071,0.0079327913749938
41.14,-0.856635551492921,0.0725023092678259,-0.261166595471519,0.0086536584711015
41.15,-0.83142696487396,0.0713650604605451,-0.264199904479325,0.0094323208430112
41.16,-0.807435903022232,0.0702258450056788,-0.265985089019805,0.010226314369423
41.17,-0.783538457435216,0.0690356249050048,-0.266584784983247,0.0110215342296064
41.18,-0.758801110221079,0.0677575909459606,-0.266066236887506,0.0118065352252629
41.19,-0.735167042978353,0.0665023659506938,-0.264525381270022,0.0125693411034831
41.2,-0.710805816323028,0.0651853629617048,-0.262066081436672,0.0132984390825255
41.21,-0.687480779138003,0.0639034629515706,-0.258817913028934,0.0139839649928676
41.22,-0.663543441902014,0.0625806598121346,-0.254972558984445,0.014618455681973
41.23,-0.640573755771891,0.0612883752599416,-0.252950571654624,0.0152836883281052
41.24,-0.617762633352708,0.059971786454226,-0.251533635382573,0.0159497019826176
41.25,-0.594486429171763,0.058600253448111,-0.249962747765147,0.0165839235718138
41.26,-0.572087975055753,0.0572382940875442,-0.248166351777816,0.0171850764232843
41.27,-0.549345019711293,0.0558299457932893,-0.246129024739881,0.0177556918534879
41.28,-0.527443351414238,0.0544311464007313,-0.243845767571012,0.018297380005992
41.29,-0.505317460012524,0.0529945206442569,-0.241330998747246,0.0188114310671055
41.3,-0.484002625751053,0.051567568290385,-0.238601087122024,0.019298734118206
41.31,-0.46257697661598,0.0501106731019746,-0.235657872767732,0.0197591722206872
41.32,-0.441931511357243,0.0486638341586837,-0.232499964557026,0.0201921504390115
41.33,-0.421279394308614,0.047194760704506,-0.229123864961127,0.0205969711044322
41.34,-0.401377317053011,0.0457367230960909,-0.225526554082231,0.0209729798201317
41.35,-0.38156266365681,0.0442641363001137,-0.221711496686487,0.0213191154913224
41.36,-0.36246683405642,0.0428041399567332,-0.217681964163926,0.0216342628031211
41.37,-0.343780247209638,0.041346074529082,-0.213441086481097,0.0219173516501945
41.38,-0.325300201316949,0.0398848169707416,-0.208995440079415,0.0221670980452497
41.39,-0.307489585702525,0.0384394023472608,-0.204353017391826,0.0223821785798264
41.4,-0.289947946005325,0.0369981008751774,-0.199522643369351,0.0225613528042441
41.41,-0.273039486377385,0.035575304546289,-0.194511117517042,0.0227036030216079
41.42,-0.256449209734823,0.0341637231935001,-0.189331379162076,0.0228076504029964
41.43,-0.240453219701822,0.0327736185854618,-0.183994617217108,0.0228724455386269
41.44,-0.224811805022842,0.0314014895921452,-0.178516310033395,0.0228968728343222
41.45,-0.20972430350953,0.0300539142664005,-0.172915320756949,0.0228798757466535
41.46,-0.195017412678892,0.0287304579687698,-0.167216864472336,0.0228204844545905
41.47,-0.180825185836726,0.0274343198309343,-0.161440861918175,0.0227183021347331
41.48,-0.167031403075937,0.0261675946573417,-0.155608886446118,0.0225728004175209
41.49,-0.15371378926152,0.0249306433082927,-0.14973977638287,0.0223836047822489
41.5,-0.140804636032822,0.0237276442588829,-0.14385805730503,0.0221507338111848
41.51,-0.128336123735616,0.0225563693967381,-0.137992861797267,0.0218745381929975
41.52,-0.116283003504764,0.0214223700881978,-0.132173133736954,0.0215556923829438
41.53,-0.104639960041428,0.020321112868328,-0.126424850917406,0.0211954541586859
41.54,-0.0934179257042747,0.0192591227586948,-0.120775324592802,0.0207948644417333
41.55,-0.0825817921611804,0.0182298756392941,-0.11525228406031,0.0203556781952152
41.56,-0.0721731503851135,0.0172404573475362,-0.109882516284797,0.019880167286876
41.57,-0.0621328098684035,0.0162826858929793,-0.104688308659704,0.0193707706940606
41.58,-0.0525271351357883,0.0153639719449721,-0.0996929124126172,0.0188301695280003
41.59,-0.043277117074247,0.0144748417432982,-0.0949123951511744,0.0182619477412961
41.6,-0.0344682442053657,0.013622899432966,-0.0903609185723528,0.0176697709689663
41.61,-0.0260050273012382,0.0127977802729838,-0.0860518800491332,0.0170574670773836
41.62,-0.0179322210924635,0.0120024510535093,-0.0819969618763779,0.0164290536111131
41.63,-0.0103056717765266,0.011239977555361,-0.078201379388105,0.0157892916010066
41.64,-0.00301036263574517,0.0104993243694365,-0.0746584789386127,0.015142628217369
41.65,0.00384137770186221,0.00978820182771231,-0.0713665295509899,0.0144934924606313
41.66,0.0103745874427901,0.00909566103851651,-0.0682984424244461,0.0138466096827717
41.67,0.0164731058826586,0.00842972620831436,-0.0654321277741375,0.0132061548944602
41.68,0.0222693615258951,0.00778001009743961,-0.0627330071162243,0.0125759468645165
41.69,0.0276457914236445,0.00715492848071575,-0.0601717286843501,0.0119596228873493
41.7,0.0327397340420514,0.00654489121748983,-0.0577086693753302,0.0113601864442523
41.71,0.0374342552966507,0.00595872307038678,-0.0553117921524053,0.0107800845652561
41.72,0.0418690663665249,0.00538773716819858,-0.0529451568859085,0.0102209795717694
41.73,0.0459286864444408,0.00484101594899698,-0.0505829812615218,0.00968410273958353
41.74,0.0497526318677011,0.00431070722888918,-0.0481965228420533,0.00916983084361142
41.75,0.0532274466334659,0.00380588839989218,-0.0457803533856578,0.00867786780740011
41.76,0.0564904277345057,0.00331920689359999,-0.0433297410606506,0.00820759392102833
41.77,0.0594307166280288,0.00285926430279613,-0.0408564745141875,0.00775793037415996
41.78,0.0621819542663626,0.00241886626823549,-0.0383736229662602,0.00732768598650663
41.79,0.0646362328058263,0.00200580821516084,-0.0359022508653775,0.00691507095825473
41.8,0.0669223532508489,0.00161287001432726,-0.0334630512251585,0.00651896978497202
41.81,0.068935814211688,0.00124688264787858,-0.0310850978810551,0.0061380195184399
41.82,0.0708000212962787,0.000900454181686734,-0.0287970307478503,0.00577104450048178
41.83,0.0724142368459511,0.000579324566612545,-0.0266295058000654,0.00541727650215344
41.84,0.073896031545015,0.000275921749360647,-0.0246040228334444,0.0050761645873057
41.85,0.0751488617453742,-4.93663289760724e-06,-0.0227355002910286,0.00474751952829892
41.86,0.076284567390692,-0.00027071380461,-0.0210301687539088,0.00443185627792105
41.87,0.0772115395881379,-0.000517169914940742,-0.0194857144890539,0.0041297986853994
41.88,0.0780360817521135,-0.000751310828090831,-0.0180893063763203,0.00384215403554528
41.89,0.0787172991161924,-0.000971625122657701,-0.0168258770484189,0.00356983603395823
41.9,0.0792197637940451,-0.00117684085133348,-0.0156721696172384,0.00331373828156834
41.91,0.079641603267719,-0.00137276736193014,-0.0145993516819698,0.00307451959459642
41.92,0.0799046620323765,-0.00155526347994828,-0.0135800674473624,0.00285245317376521
41.93,0.0801014826485176,-0.00172922595306205,-0.0125889072917985,0.00264760189031873
41.94,0.0801591386864953,-0.00189040479474512,-0.0116051382068683,0.00245960699768418
41.95,0.0801644068419023,-0.00204293759835451,-0.0106137026637362,0.00228762806803458
41.96,0.0800491237928309,-0.00218265723617587,-0.00960714557696147,0.00213042168811262
41.97,0.0798940136883246,-0.00231321462374994,-0.00858408527254779,0.00198649845557486
41.98,0.0796354603522307,-0.00243053135493141,-0.00748864387129785,0.00185637829099327
41.99,0.0793488405599287,-0.00253735652894862,-0.00635179585665714,0.00173704534388543
42,0.0789742807585512,-0.00263030011996816,-0.00522756417051626,0.00162462479809832
42.01,0.0785801136229569,-0.00271282710343701,-0.00414451703317007,0.00151719616544112
42.02,0.0781098202044372,-0.00278247705029513,-0.00313462876360074,0.00141314710927221
42.03,0.0776256581501382,-0.00284304002673491,-0.0022258832871672,0.00131136441890263
42.04,0.0770745295345687,-0.00289289453671696,-0.00143922250759577,0.00121128392295361
42.05,0.0765131696651977,-0.00293595459781834,-0.00078599554241195,0.00111292661493247
42.06,0.0758921453634329,-0.00297109180797225,-0.000267964509163961,0.00101680020312332
42.07,0.0752634013839408,-0.00300197936183562,0.000123717330288041,0.000923757846921203
42.08,0.0745814416312385,-0.00302756286756848,0.000407144206150123,0.000834876776812367
42.09,0.0738940924527736,-0.00305090838818867,0.000607117879995475,0.000751296519137371
42.1,0.0731599605190034,-0.00307070993256929,0.000752071573652395,0.000674041117561651
42.11,0.0724232314761277,-0.00308924053955206,0.000871609127365259,0.000603900181001624
42.12,0.0716465151341765,-0.00310483695392626,0.000993373981601994,0.000541316625839801
42.13,0.0708705610765801,-0.00311901886326195,0.00114023524421254,0.000486312027568351
42.14,0.0700616337751718,-0.00312988207983091,0.00132929625625209,0.000438499073299534
42.15,0.0692570414740921,-0.00313842131572433,0.0015698705878264,0.000397109734340825
42.16,0.0684415619569148,-0.0031433670805294,0.00186271063115165,0.000361044211609737
42.17,0.0676029383301664,-0.00314367105280189,0.0022008482264402,0.0003289984875116
42.18,0.0667731566340528,-0.00314015441583863,0.00257084063628152,0.000299587964038509
42.19,0.0659254773810751,-0.00313150069137457,0.00295469432085871,0.000271483180836238
42.2,0.0650883610780415,-0.00311872954557546,0.00333168602871778,0.000243518404005385
42.21,0.0642372363101558,-0.00310108766882445,0.00368109196654067,0.000214791351349876
42.22,0.0633972415051058,-0.00307985647349743,0.00398409768074205,0.000184715805299735
42.23,0.0625458495168925,-0.00305479134602586,0.00422601115860267,0.000153069721101291
42.24,0.0617052586924984,-0.00302732634913314,0.00439728058012136,0.000119976389767875
42.25,0.0608550328842909,-0.00299752736306194,0.00449470510785869,8.58825885898326e-05
42.26,0.0600148992876619,-0.00296676589849115,0.00452111530202049,5.14742258306507e-05
42.27,0.0591666064825525,-0.00293516197869099,0.00448533926979339,1.76071478029827e-05
42.28,0.0583278607345292,-0.00290380040365688,0.00440062583291117,-1.481127641678e-05
42.29,0.0574826430301325,-0.00287264070340389,0.00428362721837654,-4.49038974487114e-05
42.3,0.0566469710414541,-0.00284234039820353,0.00415222067231605,-7.19331801691313e-05
42.31,0.0558069642883261,-0.00281259982200946,0.00402422520291269,-9.53510996627497e-05
42.32,0.0549771367952729,-0.00278363996502044,0.00391502720426764,-0.000114874580269451
42.33,0.0541455479712951,-0.00275494295969693,0.00383684132379337,-0.000130481437818376
42.34,0.0533252447395913,-0.00272641471349126,0.00379712275654703,-0.000142426467682959
42.35,0.0525059019601386,-0.0026974677645142,0.00379867201938394,-0.000151184448490491
42.36,0.051699038838489,-0.00266788722879742,0.00383907820383792,-0.000157422008178646
42.37,0.0508955992299303,-0.00263720099984182,0.00391190975705757,-0.000161899041289576
42.38,0.0501055273069273,-0.00260526171140561,0.00400694699901688,-0.000165416833193225
42.39,0.0493207510154079,-0.0025718570932747,0.00411202586350502,-0.000168716187221026
42.4,0.0485496451247727,-0.00253702519537574,0.00421380990099661,-0.00017243174935278
42.41,0.0477882657585766,-0.00250085762134759,0.00429983527777278,-0.00017701242228821
42.42,0.0470335850659449,-0.00246361109216832,0.00435924097690322,-0.00018271114168712
42.43,0.0462919084799456,-0.00242558929849721,0.00438389374078911,-0.000189573221359129
42.44,0.0455571248584778,-0.00238722990251333,0.00436972174820321,-0.000197417607427645
42.45,0.0448344731207424,-0.00234887370291094,0.00431617824636051,-0.000205903741777166
42.46,0.0441186991626044,-0.00231100016060302,0.00422680741189043,-0.000214553099064498
42.47,0.0434142324134914,-0.00227384244568776,0.00410808477502732,-0.000222833227472433
42.48,0.0427167182336721,-0.00223777971232235,0.00396933232184618,-0.000230189353815043
42.49,0.0420299891617297,-0.0022028304432018,0.00382089844589456,-0.0002361341195342
42.5,0.0413505849451319,-0.00216919504097521,0.00367376812886393,-0.000240272809843384
42.51,0.0406818533280742,-0.00213665038385303,0.00353779501725221,-0.000242371123264603
42.52,0.0400211301420779,-0.00210522596531719,0.00342146313620981,-0.000242350538867624
42.53,0.0393712909623112,-0.00207451196412534,0.00333044188309729,-0.000240318499398817
42.54,0.038730300185696,-0.00204444714442041,0.00326782534412537,-0.000236526893271818
42.55,0.0381005125725071,-0.00201454522182766,0.00323330827615921,-0.000231368421921415
42.56,0.0374803314561252,-0.00198476887120292,0.00322403111132741,-0.000225310304319094
42.57,0.0368715331798963,-0.001954675471777,0.00323431209623695,-0.000218873073644149
42.58,0.0362727970047896,-0.00192435349932763,0.00325704272726996,-0.000212552924210975
42.59,0.0356853038073819,-0.00189348892560637,0.00328381749834698,-0.000206801938063193
42.6,0.0351079182687712,-0.00186234553281874,0.00330650945727798,-0.000201963969900394
42.61,0.0345412697216414,-0.00183075850698111,0.00331752190339804,-0.000198268941560215
42.62,0.033984383691875,-0.00179914778782256,0.00331108263077436,-0.000195796592555533
42.63,0.0334374464227754,-0.00176745277096025,0.00328315359423904,-0.000194500864680882
42.64,0.0328996905243528,-0.00173617591516831,0.00323244060116052,-0.000194197011741505
42.65,0.0323710088059155,-0.0017052747381163,0.00315966383566837,-0.000194615816497402
42.66,0.0318509069667936,-0.00167523904653784,0.00306802472714298,-0.000195414421570264
42.67,0.0313391191848886,-0.00164595736481343,0.00296228935192153,-0.00019623732414439
42.68,0.0308353703454554,-0.00161768318390372,0.00284878457378396,-0.000196731122348302
42.69,0.0303396421388911,-0.00159060693196935,0.00273420235648543,-0.000196598879178422
42.7,0.0298515938526336,-0.00156442261361523,0.00262484531723732,-0.000195631771036915
42.71,0.0293715105788692,-0.00153933861864762,0.00252659865855828,-0.00019369918189362
42.72,0.0288990182898345,-0.00151493422587611,0.00244368069909565,-0.000190787120558983
42.73,0.0284346275281386,-0.00149133487733807,0.00237890894797175,-0.000186970681280686
42.74,0.0279778841517331,-0.00146806719414814,0.00233288788455985,-0.000182425051274506
42.75,0.0275294139345466,-0.00144524422922636,0.00230465602829811,-0.000177379819960483
42.76,0.0270886300161415,-0.00142241511273352,0.00229127036562897,-0.000172115687206653
42.77,0.0266561822836113,-0.00139974903026882,0.00228879640509662,-0.000166910740555576
42.78,0.0262313152824785,-0.00137687613978323,0.00229217986989085,-0.000162033670739466
42.79,0.0258146464297315,-0.00135406191585875,0.00229635913538837,-0.000157695137050733
42.8,0.0254052550338901,-0.00133103933622951,0.00229622082440138,-0.000154051701650764
42.81,0.0250037159174372,-0.00130816954224253,0.00228769584612976,-0.000151170990518944
42.82,0.0246089858782916,-0.00128526845541804,0.00226756029202759,-0.00014905115774532
42.83,0.0242216257344019,-0.00126275452097143,0.00223428941790609,-0.000147602557956221
42.84,0.0238405382392326,-0.00124047652222324,0.00218756725504893,-0.000146682646133825
42.85,0.0234663181031554,-0.00121885249734569,0.00212881938448021,-0.000146091528385569
42.86,0.0230978848577834,-0.00119770655591984,0.00206042759608595,-0.00014561650603681
42.87,0.0227359074190581,-0.00117740334762505,0.0019860240695388,-0.00014503189934067
42.88,0.0223793738488762,-0.00115769981968345,0.0019094710027333,-0.000144143471414696
42.89,0.0220290464093544,-0.00113887900757953,0.00183494770526556,-0.000142789810561247
42.9,0.0216840002071859,-0.00112062025137464,0.00176610041730602,-0.000140873303480673
42.91,0.0213450737001502,-0.00110312979239934,0.00170617798149794,-0.000138348178682331
42.92,0.0210114085491622,-0.00108602911562881,0.00165717390281583,-0.000135244700188662
42.93,0.0206838725533007,-0.00106948050288224,0.00162021199501331,-0.000131642727611041
42.94,0.0203616333672318,-0.0010530897906913,0.00159494599526417,-0.000127682080051237
42.95,0.0200451206974588,-0.00103688551365514,0.00158019741191579,-0.000123525105831514
42.96,0.0197347240322383,-0.00102090993885325,0.00157371438110838,-0.000119354236019391
42.97,0.0194295768579718,-0.00100482762146783,0.00157240755902687,-0.000115356283847928
42.98,0.0191304039736195,-0.000988873988768736,0.00157320107402938,-0.000111680450650147
42.99,0.0188362980102799,-0.000972779741882592,0.00157276101207588,-0.000108449840152271
43,0.0193032916758309,0.00255448346108538,0.00156835421875566,-0.000105730863697579
43.01,0.0196189959001671,0.004891409706584,0.00534941407203258,5.14363984821787e-05
43.02,0.0202292641069963,0.00727447070478488,0.00926644024466994,0.000195586118064567
43.03,0.0211071105814646,0.00963793761191886,0.0103796691430264,0.000181406100470076
43.04,0.0222121352241,0.0120125286049119,0.00697339029572363,-3.6143155740513e-05
43.05,0.0235632920361155,0.0143090984229468,-0.00171141341773752,-0.000444044921595653
43.06,0.0252123929233203,0.016608731997271,-0.0154639331430651,-0.000981271352343735
43.07,0.0272389922871419,0.0188005105514403,-0.0331100379774998,-0.00155120842997314
43.08,0.0297460064399289,0.0210071437451082,-0.0532907163129075,-0.00206493929795214
43.09,0.0328575959122919,0.0231002313175137,-0.0746987889391505,-0.00245598815237749
43.1,0.0366820626884525,0.0252356609766463,-0.0963709987088301,-0.00268820246409282
43.11,0.0413396575340634,0.0272532366655518,-0.117479575983937,-0.00274272788697579
43.12,0.0468904178218743,0.0293314022115437,-0.137489119415214,-0.00261897227213819
43.13,0.0534415681342946,0.0312768903432106,-0.155888163832791,-0.00232074064171146
43.14,0.0609897015389169,0.0332931452235809,-0.172514661084207,-0.00186711049241588
43.15,0.0696518440856071,0.0351575777366288,-0.187262301663238,-0.00127953628979059
43.16,0.0793523000522622,0.0370986712188605,-0.200321425669206,-0.000588623118145995
43.17,0.0902415295985026,0.0388646463564671,-0.211822147571091,0.00018037879589781
43.18,0.10215959086694,0.040708130101337,-0.222082915022753,0.000999571283719131
43.19,0.115316333059667,0.0423493637667131,-0.23129089827588,0.00185034601732155
43.2,0.129453610655109,0.044064234877967,-0.239768139896875,0.00271349595805719
43.21,0.14486364689766,0.0455456750625449,-0.247635217849374,0.00358117689409549
43.22,0.161173513077783,0.0470930152859853,-0.255046192803165,0.00444722964751801
43.23,0.178780624012608,0.0483752489634267,-0.261931357703939,0.0053159855652541
43.24,0.19718250975872,0.0497177471670631,-0.268218868865636,0.00619323834900542
43.25,0.216905557829069,0.0507697473085793,-0.273764656116675,0.0070857973595236
43.26,0.237301474128286,0.0518830758038733,-0.278527454305761,0.00799553965375703
43.27,0.259043553426102,0.0526874550149954,-0.28246958886529,0.00892249329795602
43.28,0.281319035644866,0.0535589408155576,-0.285586121933331,0.00986477435401289
43.29,0.30496535151107,0.0541080489144226,-0.287867770422315,0.0108197285090911
43.3,0.328990893334154,0.0547339507649556,-0.289302033364098,0.0117846538889675
43.31,0.353813905387888,0.0552407163017955,-0.289932882106062,0.0127535198778961
43.32,0.380043855134693,0.0554116668413,-0.289814435067818,0.0137203423530259
43.33,0.406391141447576,0.0556778175477404,-0.288992907518325,0.0146798566422392
43.34,0.434167372843495,0.0556016578995183,-0.287585970601156,0.0156250485165754
43.35,0.46187215727994,0.0556319535340792,-0.285721989971056,0.0165488924382515
43.36,0.490164284535089,0.055547828497121,-0.28347379529229,0.0174478461927545
43.37,0.519925309133733,0.0551103224402661,-0.280883324990807,0.0183199753134604
43.38,0.549325300444357,0.0547952460225788,-0.277972831839444,0.0191638716040926
43.39,0.580231389871112,0.0541217162945938,-0.274779725265805,0.0199773567621959
43.4,0.610585252232489,0.0535812416433543,-0.271331911760172,0.020759041601013
43.41,0.641331840295197,0.0529326335437428,-0.267667700746936,0.0215066807949337
43.42,0.673655874109476,0.0519193683815431,-0.263816531625135,0.0222182041578697
43.43,0.705144931052138,0.0510551701413336,-0.25980121669546,0.0228922497511713
43.44,0.736926355230354,0.0500875849349494,-0.255655961430975,0.023526989927875
43.45,0.770373636480229,0.0487507086142234,-0.251403064637321,0.0241212119881296
43.46,0.802711281406577,0.0475774219476413,-0.247050711328072,0.0246741707650996
43.47,0.835253543563569,0.0463053197747648,-0.242620487972789,0.0251846440299513
43.48,0.869564546991073,0.0446606105977133,-0.238124718120885,0.0256517069591546
43.49,0.902499481341367,0.0431921874841815,-0.233565819315983,0.0260748963711361
43.5,0.935562980078831,0.0416293173549689,-0.228962071211081,0.0264531197149166
43.51,0.970511417493025,0.0396920369632931,-0.22432495815671,0.0267857093662047
43.52,1.00382728271803,0.0379417877026457,-0.219656344968559,0.0270725794458499
43.53,1.03720666555691,0.0361009392220032,-0.214975829182937,0.0273129494231483
43.54,1.07259808490219,0.0338849431242809,-0.210296121533968,0.0275064774296522
43.55,1.1061104788794,0.0318641235203836,-0.205618124761866,0.0276534999783565
43.56,1.13963176601414,0.0297556359635974,-0.200955358727053,0.0277538831592391
43.57,1.17530034779474,0.027272131343995,-0.196318400765441,0.0278077409050534
43.58,1.20884652140111,0.0249887217605471,-0.191712897709385,0.0278155949155547
43.59,1.24233809487937,0.022618485774893,-0.187159131924927,0.0277774604112472
43.6,1.27574193025854,0.0201606067943475,-0.182673572211406,0.0276939036667266
43.61,1.31141497933113,0.0173202436912684,-0.180159489190348,0.0275002156306583
43.62,1.34449091461171,0.0146269563273199,-0.182645666652248,0.0270339950677764
43.63,1.37719793284306,0.0117673443679808,-0.185852215621872,0.0265567737208568
43.64,1.41201494436783,0.00844888329322707,-0.189297750725904,0.0261118929767967
43.65,1.44367861866095,0.00523834342544927,-0.192970802297675,0.0257030885329378
43.66,1.47451002862717,0.00184120516525665,-0.196916932014881,0.025328564923299
43.67,1.50425757696641,-0.0017511830912548,-0.201167584485083,0.0249872819279409
43.68,1.53544514107731,-0.00582761166762291,-0.205756990524967,0.0246792303112703
43.69,1.56219751971497,-0.00983352836478912,-0.210705196606753,0.0244043195541312
43.7,1.58696418472864,-0.0140562745070184,-0.216054324405002,0.0241615383958102
43.71,1.61239192139149,-0.0187716193279583,-0.221792063215017,0.0239531401711792
43.72,1.63237704442804,-0.0234309628062892,-0.227880445278523,0.0237826799561338
43.73,1.65257991182416,-0.0285720062665432,-0.234288544522032,0.023652722266353
43.74,1.66684067209837,-0.0336505299069881,-0.239928494929769,0.023551336934166
43.75,1.67796838782953,-0.0388906986613754,-0.241037785382868,0.0233637286103503
43.76,1.68890532376846,-0.0445014926173818,-0.239943151567882,0.0232319996995176
43.77,1.69662896474715,-0.0501759572841234,-0.235501299879796,0.0232421208514145
43.78,1.68801835429333,-0.0544324932420893,-0.225293146032078,0.0234723794526494
43.79,1.67996977822241,-0.0588560147825826,-0.206403198350612,0.0239872697935848
43.8,1.66677130574103,-0.0628626408174726,-0.178038548254829,0.0247291866777889
43.81,1.65459853466992,-0.0668211430917801,-0.140677169993262,0.0255773003245336
43.82,1.64074582079668,-0.0704023223562481,-0.0960433609629692,0.026376339833821
43.83,1.62267702154033,-0.0733240072697953,-0.0465286162853505,0.0269768083452588
43.84,1.60631099408863,-0.0759740959877368,0.00524474046204301,0.0272554982726119
43.85,1.58901419491441,-0.0781160291806356,0.0566167244221672,0.0271105769384604
43.86,1.57096369582037,-0.0797574809980711,0.105415197817527,0.0264883432728233
43.87,1.54969864210531,-0.0807400860439047,0.149650923492378,0.0253687521025908
43.88,1.53054659621117,-0.0814950982838968,0.187447821499744,0.0237563372777611
43.89,1.51089773223231,-0.0818975714376965,0.217059780652009,0.021676033336422
43.9,1.48832962808351,-0.0818620842487728,0.237417603816913,0.0191896323348317
43.91,1.46771310356303,-0.0818247695610512,0.24839199815211,0.0163997124288788
43.92,1.44653038119224,-0.0816981939856141,0.250546407437166,0.0134286925525869
43.93,1.42474070968269,-0.0815615284299709,0.245228948786727,0.0104141344152811
43.94,1.40012413827631,-0.0813310108519745,0.234314161447544,0.00749318183782088
43.95,1.37710907111076,-0.0813484623253489,0.220012699094988,0.00479023068886413
43.96,1.35346185618376,-0.0814817673645643,0.204565218163968,0.00240358405589506
43.97,1.3272026637192,-0.0815977535922426,0.190320226325586,0.000411041859539557
43.98,1.30249339811443,-0.0819379920536794,0.179513699711358,-0.00113724194301842
43.99,1.27734751367972,-0.0823226370542772,0.173440373877417,-0.00224850605880266
44,1.25000913470739,-0.0825868271943874,0.172115250569133,-0.00300321648646016
44.01,1.22431621258276,-0.0829253402869742,0.174430241597983,-0.00352419326642184
44.02,1.19842428279166,-0.0831880459511045,0.179004059104451,-0.00392549786903378
44.03,1.17069271802941,-0.0832566876835381,0.184737623348803,-0.00428580244614705
44.04,1.1445747656368,-0.0833319840306856,0.190954667042609,-0.00464666425723267
44.05,1.1167820429533,-0.0832116435989158,0.197174429332317,-0.00503089341072614
44.06,1.09053849361452,-0.0830885957138683,0.203087363511653,-0.00544737536144314
44.07,1.06423408726585,-0.0828692544236395,0.208457561803341,-0.00589892891506858
44.08,1.03647105168172,-0.0824787533240245,0.213147935549423,-0.0063825644600044
44.09,1.0101445062416,-0.0820883979772826,0.2178611280066,-0.00691639745801784
44.1,0.98378625883947,-0.0816040223182773,0.223546417096941,-0.00755012549672446
44.11,0.956141109239971,-0.0809548869703525,0.228820942936945,-0.00823564878113182
44.12,0.929790583285162,-0.0802898321995747,0.233498158999345,-0.00895826909645051
44.13,0.902275802183002,-0.0794785385276559,0.237578557121204,-0.00971160179865231
44.14,0.875976384951488,-0.0786561049253602,0.241086343669063,-0.0104902722763477
44.15,0.849692923225851,-0.077761768702473,0.244048778500565,-0.0112900984954804
44.16,0.822419917970167,-0.0767479158839469,0.246504078899127,-0.0121068775194564
44.17,0.796243630717373,-0.0757286137826807,0.248500362419653,-0.0129371454893322
44.18,0.769188638709536,-0.0746049065765667,0.250099686822815,-0.013778743454768
44.19,0.743154258626447,-0.0734775713050569,0.251353795046324,-0.0146296358567848
44.2,0.716350498977327,-0.0722583917086377,0.252288344629125,-0.0154873143468492
44.21,0.690496624121059,-0.0710361556761105,0.252928767666509,-0.0163492745733344
44.22,0.664727773067075,-0.0697692798571817,0.253313903626971,-0.01721358742355
44.23,0.638353761792439,-0.0684264928927411,0.253472300953853,-0.0180782732073007
44.24,0.612837973752387,-0.0670796963445451,0.253427510409269,-0.0189415171267336
44.25,0.586828711276885,-0.0656655114003495,0.253202438496623,-0.019801874127848
44.26,0.561627338670793,-0.0642458908772689,0.252811698645072,-0.0206577744019799
44.27,0.536046694393905,-0.0627662323333454,0.252270116131102,-0.0215077925748577
44.28,0.511235478153809,-0.0612793275885926,0.251598137255344,-0.0223507384211069
44.29,0.486162487574671,-0.0597386531442407,0.250805453877789,-0.0231853122443381
44.3,0.461828184413445,-0.0581887929956964,0.249897270266099,-0.0240102725710493
44.31,0.437344120046771,-0.0565909634093285,0.248884289129447,-0.0248246372066365
44.32,0.413570110103391,-0.0549822678063791,0.247776175606901,-0.0256273841805965
44.33,0.389793461195933,-0.0532925565866438,0.25477345485422,-0.0260917119612228
44.34,0.366848846777654,-0.0514846742596725,0.264835271003731,-0.0264193857876978
44.35,0.344402452339375,-0.0495356573693045,0.274857737890711,-0.0268454801570037
44.36,0.322212058576135,-0.0474399007001877,0.284304592102302,-0.0274010569472351
44.37,0.300814033178083,-0.0452261855494023,0.292757359281822,-0.0280987386800522
44.38,0.279719736118229,-0.0428894733468584,0.299749546956753,-0.0289473732941783
44.39,0.2593462786876,-0.0404634686197535,0.304439709743789,-0.0299555809839628
44.4,0.239327283633186,-0.0380124926295862,0.296126097192309,-0.0307401256615455
44.41,0.220044066924126,-0.0356646496219726,0.279738367501108,-0.0314397870603897
44.42,0.20115426178574,-0.0334678672041454,0.258847639611606,-0.0321717670504718
44.43,0.182860988352012,-0.0314672366387399,0.234862104821188,-0.0328587300219528
44.44,0.164905697956959,-0.0296810882983217,0.209345334794929,-0.0333966547258608
44.45,0.147460579994408,-0.0281204568664375,0.183858126077192,-0.0336978820867885
44.46,0.130375376775106,-0.0267762354260437,0.159837380765532,-0.0337004674631283
44.47,0.113797550567501,-0.0256284637780441,0.1384887105401,-0.0333735852582774
44.48,0.0976597431469255,-0.0246473037138952,0.120707430160014,-0.0327185639787482
44.49,0.0820713334403731,-0.0237933845639669,0.106960269915145,-0.0317701230114359
44.5,0.0670147155449863,-0.0230306395245257,0.0972240704686439,-0.0305855243276533
44.51,0.0525470020851824,-0.0223181485827082,0.0911122616485625,-0.0292343161011071
44.52,0.0386744697371801,-0.0216292921649998,0.088026291877665,-0.0277872556937309
44.53,0.0253991048783391,-0.0209329450865007,0.0873407874089786,-0.0263050771315778
44.54,0.0127441175912404,-0.0202159501054156,0.0885089167041936,-0.024833703779552
44.55,0.000669742867352774,-0.0194566987454454,0.0910556309406977,-0.0234061532594349
44.56,-0.0107807154564989,-0.018652482518032,0.0945751005412195,-0.0220449682397522
44.57,-0.0216758062250699,-0.0177887607024954,0.0987027099663342,-0.0207655450708752
44.58,-0.0319528700631118,-0.0168708608692961,0.103096365975221,-0.0195786532267884
44.59,-0.0417026270927758,-0.0158904207585332,0.107398313811977,-0.0184922572078932
44.6,-0.0508978496798749,-0.0148557693030651,0.111236862891053,-0.0175123607062244
44.61,-0.0594994262304471,-0.0137793668921439,0.11422436810884,-0.0166435351484731
44.62,-0.0676278276404263,-0.0126635081628985,0.115980145001285,-0.0158876706052622
44.63,-0.075196370304714,-0.0115326193323545,0.116196105663239,-0.0152417598183505
44.64,-0.0823421834699385,-0.010394736668251,0.114668264048304,-0.0146971924364624
44.65,-0.0889753853580153,-0.00927824496899175,0.111301458821287,-0.0142402178659999
44.66,-0.0952436526477749,-0.00819289148753664,0.106112682376822,-0.0138516531694214
44.67,-0.101052043632602,-0.00716623700583453,0.0992855513072614,-0.0135073810297842
44.68,-0.106549983230692,-0.00620436252574222,0.0911391112940022,-0.0131810311901542
44.69,-0.111633946738547,-0.00532810601052161,0.0821092826664774,-0.0128458668710712
44.7,-0.116447939800224,-0.00453501029345519,0.0727081196477651,-0.0124777965448415
44.71,-0.120878374673377,-0.00383543546633711,0.0634796449995302,-0.0120571256281299
44.72,-0.125059863945856,-0.00321640048535176,0.0549486260781647,-0.0115714356696662
44.73,-0.128870338543527,-0.00267767921136264,0.0475466521365838,-0.0110156880277196
44.74,-0.132435527668536,-0.00219816328739826,0.0415763974768662,-0.0103931312200873
44.75,-0.135629982358618,-0.00177119354596183,0.0372204459353249,-0.00971436072870658
44.76,-0.13857450353014,-0.00137262294555999,0.0345047891649667,-0.00899643413169827
44.77,-0.141147009628835,-0.000994825939479152,0.0333259655551389,-0.00826074371345131
44.78,-0.143468053355701,-0.000616202285468378,0.0334554826370175,-0.00753141080394659
44.79,-0.145424738044389,-0.000233248525250993,0.0345610521576082,-0.00683260467426304
44.8,-0.147140718967262,0.000168645502001173,0.0362416962125708,-0.00618671142507324
44.81,-0.148515571471516,0.000585575388198407,0.0380749448636158,-0.00561218178810105
44.82,-0.149676763837829,0.00102337002759903,0.039635955846807,-0.00512211342816724
44.83,-0.150536360977921,0.00147024144224109,0.040533324916328,-0.00472362936000586
44.84,-0.151223518413765,0.00192408625367291,0.0404668526154883,-0.00441678274012993
44.85,-0.151660112761911,0.00236776232597857,0.0392512490301279,-0.00419458899124298
44.86,-0.15197241437289,0.00279526476835578,0.0368320904308627,-0.0040437224449562
44.87,-0.152133965872818,0.00319173533726753,0.033292334065452,-0.00394587090452025
44.88,-0.152121224578424,0.00354429712094191,0.0288394764704625,-0.00387958890941475
44.89,-0.152045439661308,0.00385077348678814,0.0237823607840051,-0.00382248709162652
44.9,-0.151830766756768,0.00410191015548161,0.0184966594949323,-0.00375346595691625
44.91,-0.151573862853498,0.00430255880899108,0.0133768359597332,-0.00365509876019728
44.92,-0.151194929525639,0.00445163281000933,0.00879818585907449,-0.00351532126835836
44.93,-0.150776638731829,0.00456095153438561,0.00507619963305394,-0.00332832943251431
44.94,-0.150237471574729,0.00463590056407902,0.00242773475832278,-0.00309493635445563
44.95,-0.149649872614139,0.00469209200649461,0.000947859336205512,-0.00282238679648573
44.96,-0.148935284910195,0.00473703068526123,0.000607322669730146,-0.00252311172586548
44.97,-0.14816134283808,0.00478529599416145,0.00125911086058974,-0.0022131606186735
44.98,-0.147257413962048,0.00484176203303368,0.00266323577523748,-0.00191006556036889
44.99,-0.14629082222736,0.00491588910173988,0.0045134424838731,-0.00163090431081035
45,-0.145201813555962,0.00500681935300259,0.00647415429329273,-0.00139026122478619
45.01,-0.144059240073513,0.0051171066373442,0.00821698054604004,-0.00119878403153993
45.02,-0.142814093843872,0.00523978974437198,0.00945953019979544,-0.00106198663010242
45.03,-0.141535525412237,0.00537161243986533,0.00998615170466369,-0.000980016645153109
45.04,-0.140182383028908,0.00550177780285718,0.00967621902208586,-0.000947642229217909
45.05,-0.138820660521022,0.00562448930537494,0.00851481137420079,-0.000954942856548349
45.06,-0.137412586143601,0.00572902291291034,0.00658798373128345,-0.000988625853381856
45.07,-0.136017047448767,0.00581109577546581,0.0040662119451224,-0.0010337039293218
45.08,-0.134595826736707,0.00586365855441278,0.00118298948549083,-0.00107513932682222
45.09,-0.133198179456716,0.00588681232692701,-0.00179519147184383,-0.00109953053170084
45.1,-0.131783646908543,0.00587899294808103,-0.00459934035901841,-0.00109642494992316
45.11,-0.130391760026794,0.00584534184653233,-0.0069886515348675,-0.00105927831465518
45.12,-0.12899855739991,0.00579008611617818,-0.00877418231219787,-0.000985928319006353
45.13,-0.127581958654478,0.00571917777036636,-0.00983713973348779,-0.000878582427502945
45.14,-0.126171518949717,0.00564183548409957,-0.0101405379540123,-0.000743437197261923
45.15,-0.124728081810377,0.00556389106573329,-0.00972571435134616,-0.000589673140752419
45.16,-0.123278997539392,0.00549348508214319,-0.00870631965137471,-0.000428345355997338
45.17,-0.12179073044387,0.00543433858929369,-0.00725231670487228,-0.000271062729156986
45.18,-0.120291152175473,0.00539103890748359,-0.00556946927222522,-0.000128719643753182
45.19,-0.118753839708805,0.0053634089433263,-0.00387556116732579,-1.03717497580581e-05
45.2,-0.117208166733696,0.00535160176051494,-0.0023768929284036,7.76443152384352e-05
45.21,-0.115634419692405,0.00535156045404574,-0.00124705174734766,0.000132261938653631
45.22,-0.114062571647493,0.00535992396545662,-0.000610330734307424,0.000153854847698961
45.23,-0.112477567956196,0.00537038585638943,-0.000530606840300364,0.000146062072219753
45.24,-0.110907808589899,0.00537825951401873,-0.00100761824647866,0.000115247087252489
45.25,-0.109340091016717,0.00537743131017582,-0.00197963978467771,6.97162233492506e-05
45.26,-0.107798863177191,0.00536436190133059,-0.00333335505324712,1.87369420635305e-05
45.27,-0.10627034623164,0.00533531945006721,-0.00491832356253458,-2.8494771861381e-05
45.28,-0.104773515688265,0.00528964587920772,-0.0065640185846915,-6.37331166713735e-05
45.29,-0.103292829671751,0.00522705430473341,-0.00810227250751606,-8.06621982235661e-05
45.3,-0.101841734070631,0.00515009831294417,-0.00938195912747019,-7.53408287944912e-05
45.31,-0.100403314509085,0.00506152714811858,-0.010284536063634,-4.65606820152053e-05
45.32,-0.0989868935150637,0.00496609748843145,-0.0107355785578423,4.14088278807465e-06
45.33,-0.0975757993556075,0.00486805688760289,-0.0107108650955999,7.275810829032e-05
45.34,-0.0961774601150287,0.0047725093732241,-0.0102371195805602,0.000153350171384127
45.35,-0.0947774596341011,0.00468320396825556,-0.00938686040550948,0.000238773696240003
45.36,-0.0933834800228093,0.00460370637229881,-0.00826930600347078,0.000321451306605117
45.37,-0.0919848849265756,0.00453566677996973,-0.00701484734963035,0.000394297514451346
45.38,-0.0905908606541175,0.00448000230988722,-0.00576235644215166,0.000451413513336822
45.39,-0.0891985849481776,0.00443580527214721,-0.00464447553318235,0.000488640285821482
45.4,-0.0878076104184071,0.00440100147154726,-0.00377276677745529,0.000503973195907219
45.41,-0.0864289377114638,0.00437289164969459,-0.00322665647877877,0.000497700304368069
45.42,-0.0850602928686106,0.00434777906939244,-0.00304673727132759,0.000472282947112824
45.43,-0.0837121765195059,0.00432215987104022,-0.00323205075299425,0.000432016332310138
45.44,-0.0823828867633836,0.00429243640836344,-0.00374217956596365,0.000382493195241261
45.45,-0.0810807972839074,0.00425589117061103,-0.00450368837154302,0.000329932478594592
45.46,-0.0798031906761709,0.00421043271978249,-0.00541948478825723,0.00028049632802575
45.47,-0.0785553190952619,0.00415523291216323,-0.00638001509069523,0.000239653407655173
45.48,-0.0773327476766559,0.00409038926559963,-0.0072757289312901,0.000211627408282096
45.49,-0.0761376047433462,0.00401718923044884,-0.00800857859536337,0.000199018070526441
45.5,-0.0749640757626304,0.00393766667807958,-0.00850231175384336,0.000202590486257372
45.51,-0.0738121145324904,0.00385455632673772,-0.00870913277528237,0.000221289780998813
45.52,-0.0726756493194873,0.00377082805223579,-0.00861318975342581,0.000252469645699131
45.53,-0.0715539105798131,0.00368946747903801,-0.00823208684318537,0.000292206721759446
45.54,-0.0704419205070925,0.00361309051888084,-0.00761301900547305,0.000335803973948016
45.55,-0.0693395622716473,0.00354371171372291,-0.00682595563938379,0.000378346101934881
45.56,-0.0682439354423048,0.00348257416033809,-0.00595462841117497,0.000415262589479191
45.57,-0.0671563136655919,0.0034300142610843,-0.00508859582085503,0.000442761258391854
45.58,-0.0660760975772998,0.00338553331107631,-0.00431264626628019,0.000458186096607237
45.59,-0.0650058934893849,0.00334780128264665,-0.00369671335701783,0.000460319584572664
45.6,-0.0639468353496282,0.00331496847199709,-0.00329065364673851,0.000449384835662921
45.61,-0.0629020742629862,0.00328473526570011,-0.0031197691668005,0.000426955404364434
45.62,-0.06187341058643,0.00325478875129625,-0.0031833394944287,0.000395717710731055
45.63,-0.060863499038966,0.00322285755554142,-0.00345601972668801,0.000359129855793751
45.64,-0.0598737185302474,0.00318715801206505,-0.00389125191435068,0.000321030456737329
45.65,-0.0589053618096935,0.00314634254165135,-0.004427279589067,0.000285228389418479
45.66,-0.0579586346747618,0.00309981978536922,-0.00499529787306393,0.000255071673608797
45.67,-0.0570332029433018,0.00304769747525004,-0.00552645294514248,0.000233129297793763
45.68,-0.0561278731249537,0.00299063229599124,-0.00595900278226178,0.000220975685527159
45.69,-0.0552411769818519,0.00292997103684169,-0.00624460441384558,0.000219069422491343
45.7,-0.0543708245922492,0.00286730134099496,-0.00635276950820879,0.00022676939432152
45.71,-0.0535149682547829,0.00280455285226734,-0.00627332206172353,0.000242452650002212
45.72,-0.0526710705831288,0.00274349180238204,-0.006016334450644,0.000263738688295942
45.73,-0.0518377246447672,0.00268583253853301,-0.00561017485477646,0.000287771820643193
45.74,-0.0510129576523166,0.00263276749476837,-0.00509747590191597,0.000311549349163995
45.75,-0.0501964239834933,0.00258516200543836,-0.00453007500211395,0.00033223906743404
45.76,-0.0493871788904157,0.00254318391723983,-0.00396298670373016,0.00034747242544302
45.77,-0.0485861185945646,0.002506616282385,-0.00344861545404809,0.000355564877682079
45.78,-0.0477933021641421,0.00247460139917797,-0.00303152074241692,0.000355645294276632
45.79,-0.0470105773321601,0.00244605909429198,-0.00274333407983944,0.000347737787880055
45.8,-0.0462385551967142,0.00241952076421973,-0.00260077037331864,0.000332697136342344
45.81,-0.0454794108923791,0.00239359013323991,-0.00260480722877057,0.000312075164433264
45.82,-0.0447336563006484,0.00236679616414191,-0.00274111577285064,0.000287934702879843
45.83,-0.0440031247386923,0.00233803513612444,-0.00298234090295023,0.000262603212689484
45.84,-0.0432876630280719,0.00230638638487073,-0.00329148483460145,0.000238420106967723
45.85,-0.0425883067054658,0.00227147726538429,-0.00362636977485589,0.000217486731445194
45.86,-0.041903977952491,0.00223322199818233,-0.00394398798199055,0.000201470963567368
45.87,-0.041234824314607,0.00219208593556668,-0.00420573245318158,0.000191438629553808
45.88,-0.0405789713526694,0.00214873946773732,-0.00438098376989067,0.000187767582798078
45.89,-0.0399359691208776,0.00210423920233252,-0.00444948149620224,0.00019015780172032
45.9,-0.0393035815706311,0.00205964437263379,-0.00440322344480649,0.000197688445348912
45.91,-0.0386812549511575,0.00201615323752183,-0.00424687750509932,0.000208936369621919
45.92,-0.0380669276346071,0.00197472546128584,-0.00399644347881987,0.000222161332648804
45.93,-0.0374600314895641,0.00193620181046437,-0.00367716678026613,0.000235498181413579
45.94,-0.0368603119360644,0.00190113022294686,-0.00332041805166831,0.000247157472091426
45.95,-0.0362666793400468,0.00186964138747364,-0.0029599024929599,0.000255612778073029
45.96,-0.0356800006981839,0.00184164808177719,-0.00262803527102153,0.000259751991715943
45.97,-0.0350998886354237,0.00181664951742825,-0.00235269985333415,0.000258978025632255
45.98,-0.0345277526461301,0.0017940120185863,-0.00215474066336021,0.000253235676073496
45.99,-0.0339636260360487,0.00177283711584395,-0.00204576209295429,0.000243005246552935
46,-0.0334090849387003,0.0017522682882994,-0.00202756229425702,0.000229215280065132
46.01,-0.032864170479411,0.00173138367466823,-0.00209244623155828,0.000213123352554879
46.02,-0.0323302137342782,0.00170948305086971,-0.00222455152264688,0.000196167107139677
46.03,-0.0318069036999669,0.00168596599792886,-0.00240187989158914,0.000179806912851187
46.04,-0.0312950441330546,0.00166056607804411,-0.00259890031395574,0.000165372371923986
46.05,-0.0307937975510955,0.00163318974677887,-0.00278934489050215,0.000153940915400614
46.06,-0.0303033800895935,0.00160408165412869,-0.00294930905433272,0.000146223710076031
46.07,-0.0298224912363931,0.00157361885376387,-0.00305932814542103,0.000142517078406013
46.08,-0.0293509327970858,0.00154242023727157,-0.00310621120366971,0.00014268580377431
46.09,-0.0288871999760119,0.00151111971299052,-0.00308385308947795,0.000146210292760449
46.1,-0.028430988203918,0.00148044479786318,-0.00299386807685355,0.000152249528964562
46.11,-0.0279809142180794,0.00145099384830901,-0.00284493002266091,0.000159749227300328
46.12,-0.0275368760497168,0.00142331572956004,-0.00265136750587545,0.000167568555165522
46.13,-0.0270978692912509,0.00139772447071405,-0.0024315823095677,0.00017459944644283
46.14,-0.0266641785049497,0.00137440215471565,-0.00220586149473745,0.000179874741361938
46.15,-0.0262352757882445,0.00135326678242826,-0.00199391990343867,0.000182676130651005
46.16,-0.0258118343093834,0.00133411100148209,-0.00181312843569594,0.000182582811194416
46.17,-0.0253937135292954,0.00131651674554269,-0.00167683654574027,0.000179499206385043
46.18,-0.0249818149443195,0.00130001637874377,-0.00159317316306449,0.000173646966482453
46.19,-0.0245761723138695,0.00128403958474982,-0.00156444662693592,0.000165526367820182
46.2,-0.0241774710459035,0.00126806472156142,-0.0015872242935154,0.000155849522311796
46.21,-0.0237862874860602,0.00125163138466846,-0.00165297952059182,0.000145456013895066
46.22,-0.0234024737168586,0.0012343533449869,-0.0017492485803557,0.000135219277500416
46.23,-0.0230265163475476,0.0012160284521699,-0.00186121485077595,0.00012594943254205
46.24,-0.0226579742762567,0.00119656615749241,-0.0019731377228534,0.000118320736051904
46.25,-0.0222969773656354,0.00117607071067654,-0.00207023130728585,0.000112802871779709
46.26,-0.0219428114201392,0.00115474279767626,-0.00214009568850096,0.000109623717468604
46.27,-0.0215953379758993,0.00113292577258427,-0.00217386099543362,0.000108760971288449
46.28,-0.0212537072658359,0.0011109928043813,-0.00216689419342514,0.000109959361544573
46.29,-0.0209176854199713,0.00108937248321376,-0.00211906817419792,0.000112769285634461
46.3,-0.0205864721304927,0.00106843800655326,-0.00203452589960099,0.000116603487326001
46.31,-0.0202599210023102,0.00104853124733273,-0.00192103102103422,0.000120804211743007
46.32,-0.0199374387385864,0.00102987141733224,-0.00178896476894808,0.00012471467417113
46.33,-0.0196190888133794,0.00101259281930182,-0.00165016936025042,0.000127744363744832
46.34,-0.0193045577983728,0.000996682690857588,-0.00151657587703667,0.000129424411880774
46.35,-0.0189941415844874,0.000982040465806265,-0.00139887191217084,0.000129455957698266
46.36,-0.0186877715796943,0.000968445459993641,-0.00130564904973858,0.000127726127682772
46.37,-0.0183858962893373,0.000955629434644635,-0.00124259587755236,0.000124312306608403
46.38,-0.018088574066299,0.00094326408692684,-0.00121203988403451,0.000119465040789228
46.39,-0.0177962678524812,0.000931037452944908,-0.00121288208484666,0.000113572880806555
46.4,-0.0175090151157908,0.000918646985582514,-0.00124088941420327,0.000107114872841239
46.41,-0.0172271570535898,0.000905865473317241,-0.00128930405226871,0.000100605993970074
46.42,-0.0169505946892885,0.000892526157721203,-0.0013496734331206,9.45421255204614e-05
46.43,-0.0166794673125761,0.000878568124871535,-0.00141281378859203,8.93498490894421e-05
46.44,-0.0164134964138469,0.000864006248065807,-0.00146979981214031,8.53459288789768e-05
46.45,-0.0161526210865039,0.000848953762971863,-0.00151281482756292,8.27119405891886e-05
46.46,-0.0158964223812443,0.000833578303625869,-0.00153597372037578,8.14820140618048e-05
46.47,-0.0156446517504127,0.000818103194787608,-0.00153580493008129,8.15461051823003e-05
46.48,-0.0153970321376837,0.000802771539285362,-0.00151141038590451,8.2671715951717e-05
46.49,-0.015153120508697,0.000787812843395961,-0.0014644597430868,8.4532706056774e-05
46.5,-0.0149127479798556,0.000773437589099892,-0.00139889753783336,8.67465295076944e-05
46.51,-0.0146755824865208,0.000759796656323138,-0.00132038780252032,8.89170977847743e-05
46.52,-0.0144415755487515,0.000746987359178658,-0.00123563595540715,9.06778329696434e-05
46.53,-0.0142105570965363,0.000735028342578048,-0.00115171908138762,9.17244865954866e-05
46.54,-0.0139826208250504,0.000723877727322275,-0.00107523890282904,9.18466342585151e-05
46.55,-0.0137577463468457,0.000713425561756038,-0.00101169509897604,9.09430847040035e-05
46.56,-0.0135361293793999,0.000703522556620753,-0.000964993856413098,8.90257891699206e-05
46.57,-0.0133178343587765,0.000693984094148281,-0.000937137915432595,8.62122506979918e-05
46.58,-0.0131030809866965,0.000684622868798299,-0.000928124575329395,8.27076519578299e-05
46.59,-0.0128919325989703,0.00067525657933425,-0.000936055380230987,7.87790353546046e-05
46.6,-0.0126845512502989,0.000665736443330148,-0.000957432743144939,7.47246159890021e-05
46.61,-0.0124809269387303,0.000655950601930462,-0.000987604763219527,7.08415634586953e-05
46.62,-0.0122811109381979,0.000645842165569084,-0.00102130288481782,6.73956864346179e-05
46.63,-0.0120849874848998,0.000635403518912011,-0.00105321409926167,6.45959381943169e-05
46.64,-0.0118924902070106,0.000624681676199937,-0.00107852262085992,6.25762096836842e-05
46.65,-0.011703412916015,0.00061376334116309,-0.00109337774042964,6.13860163927473e-05
46.66,-0.0115176088174449,0.000602769826258182,-0.00109524488607224,6.09894218891752e-05
46.67,-0.0113348332842484,0.000591836715304447,-0.00108307188859855,6.12734184608765e-05
46.68,-0.0111549220199612,0.000581104374147815,-0.00105731249542557,6.20639836605063e-05
46.69,-0.0109776563192971,0.000570698312923929,-0.00101981718111967,6.31462711337852e-05
46.7,-0.0108029158996583,0.000560721130885203,-0.000973559705240964,6.42893568061885e-05
46.71,-0.0106305581597503,0.000551239356770206,-0.000922250296470734,6.5271389582448e-05
46.72,-0.0104605429744726,0.000542281832663936,-0.000869939419333326,6.59008689410693e-05
46.73,-0.0102928215565337,0.000533835562780808,-0.000820584409760898,6.60342492501767e-05
46.74,-0.0101274241249847,0.000525851455111613,-0.000777647407578325,6.55879377610319e-05
46.75,-0.00996440889594741,0.000518249947589373,-0.000743768763619184,6.45434788993951e-05
46.76,-0.00980382567744531,0.00051093011779694,-0.000720542593570629,6.294581966053e-05
46.77,-0.00964577067795336,0.000503782259567225,-0.000708410964642325,6.0895235771852e-05
46.78,-0.00949030130636608,0.000496697958680048,-0.000706683289692876,5.85339719714092e-05
46.79,-0.00933749101547932,0.000489581948452744,-0.00071366871352075,5.60294250095103e-05
46.8,-0.00918736016713062,0.000482359998188644,-0.000726903907061617,5.35556285374572e-05
46.81,-0.00903992434842493,0.000474985741155988,-0.000743445584725366,5.12751624760366e-05
46.82,-0.00889514295483806,0.000467443204442702,-0.000760197268780618,4.9323169849409e-05
46.83,-0.00875296410169213,0.000459746800906791,-0.000774231828713716,4.77951266202518e-05
46.84,-0.00861328993651878,0.00045193786157968,-0.000783087382008267,4.67388243096424e-05
46.85,-0.00847601821110455,0.000444078719102884,-0.000784966251421643,4.61531382741858e-05
46.86,-0.00834102045336405,0.000436245309814687,-0.000778906307474683,4.59901610473466e-05
46.87,-0.00820817805375729,0.00042851804771367,-0.000764829970188235,4.61627370888067e-05
46.88,-0.00807736867943376,0.000420973678461922,-0.000743498320961713,4.6555651938632e-05
46.89,-0.00794849391693742,0.00041367686042598,-0.000716389672291397,4.70384569659484e-05
46.9,-0.00782146919911675,0.000406674866562922,-0.000685487472879418,4.7480377206156e-05
46.91,-0.00769624079649311,0.00039999286016168,-0.000653070589568506,4.77629848738835e-05
46.92,-0.00757277637991294,0.000393633199517822,-0.000621466577648944,4.7791524919207e-05
46.93,-0.00745107146074808,0.000387575337222258,-0.000592808768467165,4.75033567625797e-05
46.94,-0.00733113981825273,0.000381780003312027,-0.000568829325184221,4.68725511122538e-05
46.95,-0.00721301121399431,0.000376193019464162,-0.00055070410117143,4.59105294552665e-05
46.96,-0.00709672307642606,0.000370752577114288,-0.000538964645157469,4.46628003845076e-05
46.97,-0.00698231276229766,0.000365394637306834,-0.000533479389315094,4.32024596170212e-05
46.98,-0.0068698128037612,0.000360060587243381,-0.000533504561895177,4.1621198232551e-05
46.99,-0.00675924142618634,0.000354701517766814,-0.000537793058111872,4.00189755671541e-05
47,-0.00665060348329138,0.000349283741101305,-0.000544749525618524,3.8493382634799e-05
47.01,-0.00654388171307208,0.000343789947274475,-0.000552610862437594,3.71298881741699e-05
47.02,-0.00643904414978369,0.000338221188307068,-0.000559634823090596,3.59938142429521e-05
47.03,-0.00633603851140574,0.000332594481181058,-0.000564274802782496,3.5124848230309e-05
47.04,-0.00623479841285768,0.000326940520056198,-0.000565325994332729,3.45344234937298e-05
47.05,-0.00613525277072302,0.000321300168396243,-0.000562028284345864,3.4206124872339e-05
47.06,-0.00603732096970599,0.000315718461698288,-0.000554117784881631,3.40989202526498e-05
47.07,-0.00594093033667686,0.000310240993383448,-0.000541826197030761,3.41526605838883e-05
47.08,-0.00584600852775097,0.00030490781669903,-0.000525828906613076,3.42952522680877e-05
47.09,-0.00575250076936129,0.00029975087651931,-0.000507151962477788,3.44506013194924e-05
47.1,-0.0056603590326727,0.000294789795844046,-0.000487047796115148,3.45465527810831e-05
47.11,-0.00556955733176778,0.00029003174567054,-0.000466855850637814,3.45219511885341e-05
47.12,-0.0054800771251946,0.000285470010168454,-0.000447861354843561,3.43322224200755e-05
47.13,-0.00539192022994595,0.000281086592929326,-0.000431168361062498,3.39529290703813e-05
47.14,-0.00530509111829858,0.000276853297985687,-0.000417597476623141,3.33811157309554e-05
47.15,-0.00521960820615952,0.000272736277998896,-0.000407618843528766,3.26343716152308e-05
47.16,-0.00513548462844948,0.000268698443213785,-0.000401323645541923,3.17478925429986e-05
47.17,-0.00505273935893946,0.000264704486540151,-0.000398436331413597,3.07698961894503e-05
47.18,-0.00497137834442185,0.000260723066091401,-0.000398362607630125,2.97560020791742e-05
47.19,-0.00489140689996148,0.000256730805006671,-0.000400267687297067,2.87631517702637e-05
47.2,-0.0048128126866418,0.000252712965873048,-0.000403173846602834,2.7843761586492e-05
47.21,-0.00473558020140974,0.000248665464472132,-0.000406067587187068,2.70406385714937e-05
47.22,-0.00465967621833663,0.000244593490381516,-0.000408003798972786,2.6383178074072e-05
47.23,-0.00458506626889132,0.000240511422508792,-0.000408197710699342,2.5885111323224e-05
47.24,-0.00451170220834385,0.000236439715673366,-0.000406094889301259,2.55439866832075e-05
47.25,-0.00443953975586986,0.000232403403601523,-0.00040141451073596,2.53422985630344e-05
47.26,-0.0043685271634315,0.000228428220651758,-0.000394162002754435,2.52500962965548e-05
47.27,-0.00429862246774526,0.000224538824112017,-0.000384612489270429,2.52286880301919e-05
47.28,-0.00422978204899493,0.000220755327095801,-0.000373267419113377,2.52350390776242e-05
47.29,-0.00416197637527471,0.000217092334636837,-0.000360791179078784,2.52263462280334e-05
47.3,-0.00409517920424118,0.0002135569057493,-0.000347934373526987,2.51643481583115e-05
47.31,-0.00402937306145823,0.0002101485070911,-0.000335453064623004,2.50189210050468e-05
47.32,-0.00396455324953937,0.000206859694537251,-0.00032403186427481,2.4770654042103e-05
47.33,-0.00390071542979786,0.000203676470674104,-0.000314218424548926,2.44122060205955e-05
47.34,-0.00383786614447867,0.000200580758358349,-0.000306375827149697,2.39483495854238e-05
47.35,-0.0037760083902354,0.000197551619016985,-0.000300655975384491,2.33948031669799e-05
47.36,-0.003715151114978,0.00019456817201721,-0.000296996151916352,2.27760107923202e-05
47.37,-0.00365529544219001,0.00019161091609548,-0.0002951371781769,2.21221767274639e-05
47.38,-0.00359644407873461,0.000188664217713838,-0.000294660691377494,2.14658749189123e-05
47.39,-0.00353858903922077,0.000185716938779862,-0.000295040144521325,2.08386208673526e-05
47.4,-0.0034817216106644,0.000182763858780809,-0.000295700112796656,2.02677348655397e-05
47.41,-0.0034258219827592,0.000179805184225086,-0.000296076957116039,1.97738156760279e-05
47.42,-0.00337086990500257,0.000176846728467493,-0.000295675095943255,1.93690279237549e-05
47.43,-0.00331683608272026,0.000173898371026469,-0.000294113012768636,1.9056346826013e-05
47.44,-0.00326369315530428,0.000170973295721277,-0.000291155340581443,1.88297668151363e-05
47.45,-0.00321140828167366,0.000168085880545098,-0.000286728181375093,1.8675413220976e-05
47.46,-0.00315995376550848,0.000165250603844903,-0.000280917425841889,1.8573379675932e-05
47.47,-0.00310930008309196,0.000162480027553484,-0.000273950861639974,1.85000776245336e-05
47.48,-0.0030594254675762,0.000159784025096316,-0.000266167116980523,1.84308192678904e-05
47.49,-0.00301030876829778,0.000157168427822114,-0.000257975018762978,1.83423713761823e-05
47.5,-0.0029619375660781,0.000154635017736161,-0.000249808295613214,1.82152127651722e-05
47.51,-0.00291430058856612,0.000152181106400028,-0.000242080200832549,1.80352942137015e-05
47.52,-0.0028673943301456,0.000149800379274184,-0.000235142891529646,1.77951416358644e-05
47.53,-0.00282121515971046,0.000147483304331275,-0.000229255164614139,1.74942371352513e-05
47.54,-0.00277576478955677,0.00014521856599896,-0.000224561552364183,1.71386719602983e-05
47.55,-0.00273104251035949,0.000142993908286327,-0.000221084041027695,1.67401553841315e-05
47.56,-0.00268705006361536,0.000140797686383392,-0.000218726725103599,1.63145087339498e-05
47.57,-0.00264378520294617,0.000138619675318127,-0.000217292016247128,1.58798325097208e-05
47.58,-0.00260124314780441,0.000136452081789018,-0.000216506274304857,1.54545441724769e-05
47.59,-0.0025594178630195,0.000134290228845141,-0.000216051633967895,1.5055495813581e-05
47.6,-0.00251829732708853,0.000132132565548243,-0.000215600466001397,1.46963576891117e-05
47.61,-0.0024778687638225,0.000129980844070247,-0.000214848940596448,1.43864112363656e-05
47.62,-0.00243811431127305,0.000127839458759775,-0.000213546226676792,1.41298557496541e-05
47.63,-0.00239901643566487,0.000125715028753292,-0.000211516746097914,1.39256649268356e-05
47.64,-0.00236055443082428,0.000123615331582659,-0.000208673524740592,1.37679807103436e-05
47.65,-0.00232270967874815,0.000121548607723626,-0.000205021894571692,1.36469704857101e-05
47.66,-0.00228546254556061,0.00011952245347261,-0.000200653631622467,1.35500383665755e-05
47.67,-0.00224879710153214,0.000117543226686833,-0.000195732743498037,1.34632451641022e-05
47.68,-0.00221269801904089,0.000115615247262748,-0.000190474741133376,1.33727847921482e-05
47.69,-0.0021771544752518,0.00011374059504937,-0.000185121921098867,1.32663624264017e-05
47.7,-0.00214215683396901,0.000111918818118837,-0.000179917317663249,1.31343433074485e-05
47.71,-0.00210769967024671,0.000110147224023557,-0.000175080084647026,1.2970567116083e-05
47.72,-0.00207377824539901,0.00010842108789397,-0.000170784658357708,1.27727666512365e-05
47.73,-0.00204039081539786,0.000106734331648776,-0.000167145634696608,1.25425693468908e-05
47.74,-0.00200753510464313,0.000105080040253553,-0.000164209520704552,1.22851066730428e-05
47.75,-0.0019752102019277,0.000103451280654747,-0.000161953839232902,1.2008291661727e-05
47.76,-0.00194341332421555,0.000101841644318316,-0.000160293228065764,1.17218575014987e-05
47.77,-0.00191214162446229,0.00010024592558425,-0.000159091548396126,1.14362666673844e-05
47.78,-0.00188138949393135,9.86604354170416e-05,-0.00015817841755229,1.11616088670837e-05
47.79,-0.00185115050687212,9.70833381057171e-05,-0.000157368266536008,1.09065988561316e-05
47.8,-0.00182141537146752,9.55146015022515e-05,-0.000156479842004981,1.067777010253e-05
47.81,-0.00179217406834997,9.3955936413142e-05,-0.000155354614843255,1.04789356580715e-05
47.82,-0.00176341439526428,9.24104035749582e-05,-0.000153869857028738,1.03109490859965e-05
47.83,-0.00173512422606592,9.08820987679898e-05,-0.000151952043389483,1.01716337539522e-05
47.84,-0.00170729071421594,8.93754566376863e-05,-0.000149583493233516,1.00564372936162e-05
47.85,-0.00167990134579465,8.78948831584782e-05,-0.000146791878357663,9.9593719870392e-06
47.86,-0.00165294491999024,8.64442123775247e-05,-0.000143657764679275,9.87307780514111e-06
47.87,-0.00162641081483539,8.50262295091126e-05,-0.000140303791263356,9.789586615475e-06
47.88,-0.00160029090929825,8.36422780249414e-05,-0.000136869716868402,9.70012833157724e-06
47.89,-0.00157457785644688,8.22927267843903e-05,-0.000133448570777815,9.60006598196982e-06
47.9,-0.00154926647337739,8.09765956793713e-05,-0.000130190311088854,9.48397711140449e-06
47.91,-0.00152435250162419,7.96915924464846e-05,-0.000127199947817818,9.34958785224047e-06
47.92,-0.00149983299184075,7.84346610207262e-05,-0.000124554643120185,9.19791848308078e-06
47.93,-0.0014757050073344,7.72020486342947e-05,-0.000122293309999927,9.03131564114537e-06
47.94,-0.00145196613719722,7.59898649165976e-05,-0.000120421264547514,8.85392943635097e-06
47.95,-0.00142861335986844,7.47943920768208e-05,-0.0001189006902515,8.67067271781431e-06
47.96,-0.00140564351810024,7.36124744747241e-05,-0.000117663839494137,8.48698898618761e-06
47.97,-0.00138305233332492,7.24417515124993e-05,-0.000116621392818759,8.30835064327686e-06
47.98,-0.00136083491878392,7.12808509652204e-05,-0.000115669393472027,8.13972012728667e-06
47.99,-0.00133898529645116,7.01293162144345e-05,-0.00011473031650738,7.98484680315885e-06
48,-0.00131749698893113,6.8987585969501e-05,-0.000113704662991319,7.84605606038461e-06
48.01,-0.00129636247188358,6.78569462490153e-05,-0.000112515761470879,7.72421679147193e-06
48.02,-0.00127557393391609,6.67393638439372e-05,-0.000111110034180206,7.61884555907858e-06
48.03,-0.00125512305587705,6.563716010353e-05,-0.000109464106502246,7.52814042732174e-06
48.04,-0.00123500173523183,6.45527391148422e-05,-0.000107579693866594,7.44910689107656e-06
48.05,-0.00121520192085889,6.34883534925829e-05,-0.000105491135372524,7.37837750535926e-06
48.06,-0.00119571626462278,6.24457296195001e-05,-0.000103253224094067,7.3116343329612e-06
48.07,-0.00117653804565165,6.14259778768502e-05,-0.000100937228057038,7.24468796373217e-06
48.08,-0.0011576616132345,6.04294756161992e-05,-9.86163829556202e-05,7.17363566041249e-06
48.09,-0.0011390821544186,5.94558673385007e-05,-9.63624510422924e-05,7.09541869626005e-06
48.1,-0.00112079584479297,5.85041176660328e-05,-9.42398010625925e-05,7.00811587809431e-06
48.11,-0.00110279949255165,5.75726310291034e-05,-9.22964643223289e-05,6.91103516741851e-06
48.12,-0.00108509042114679,5.66594287154667e-05,-9.05625700615009e-05,6.80468447932019e-06
48.13,-0.00106766627689847,5.57623495448297e-05,-8.904725500127e-05,6.69062597372698e-06
48.14,-0.00105052466573508,5.48792453493266e-05,-8.77391720272436e-05,6.57123162114627e-06
48.15,-0.00103366316946829,5.40083213851584e-05,-8.6585888151949e-05,6.44850043885455e-06
48.16,-0.0010170790302757,5.31481759313585e-05,-8.55625674778244e-05,6.32592147965597e-06
48.17,-0.00100076883982947,5.22977416530761e-05,-8.46250679489265e-05,6.20686151442863e-06
48.18,-0.000984728603349971,5.14564448832657e-05,-8.37220507802191e-05,6.09370695370391e-06
48.19,-0.000968953879455725,5.06242029219238e-05,-8.28068971166806e-05,5.98817441938578e-06
48.2,-0.00095343979899809,4.98014014985717e-05,-8.18336976632393e-05,5.89107282337167e-06
48.21,-0.000938181289738438,4.89888298456522e-05,-8.07659295195753e-05,5.8022136859897e-06
48.22,-0.000923173091612384,4.81875662797063e-05,-7.95794972663989e-05,5.7212358671386e-06
48.23,-0.000908409711859903,4.73989670902897e-05,-7.82510809457324e-05,5.64736196483242e-06
48.24,-0.000893885837881747,4.66242948070657e-05,-7.68106938528683e-05,5.57797148688026e-06
48.25,-0.000879596507994407,4.58645247319581e-05,-7.52856741981946e-05,5.51083336848384e-06
48.26,-0.000865537166231611,4.5120306895486e-05,-7.37126234672667e-05,5.44368504929386e-06
48.27,-0.000851703727676068,4.43918934533911e-05,-7.2132824036219e-05,5.37446124341944e-06
48.28,-0.000838092609219743,4.3679125738068e-05,-7.05841840593123e-05,5.30152139030856e-06
48.29,-0.000824700591757654,4.29815045989945e-05,-6.91055242247166e-05,5.22421459476007e-06
48.3,-0.000811524819205545,4.2298133870561e-05,-6.77267749671645e-05,5.14214044076626e-06
48.31,-0.000798562693731242,4.16278785853843e-05,-6.64708466465844e-05,5.05562031869733e-06
48.32,-0.000785811827702432,4.09694627283e-05,-6.53454081760351e-05,4.96541859120022e-06
48.33,-0.000773269850788516,4.03215519833779e-05,-6.43549878674373e-05,4.87309202309408e-06
48.34,-0.00076093428629509,3.96828277215269e-05,-6.34910227667777e-05,4.78044986085361e-06
48.35,-0.000748802579106034,3.90521954903091e-05,-6.27179168601937e-05,4.68857444057515e-06
48.36,-0.000736872122249821,3.84289828568227e-05,-6.19957774095355e-05,4.59886152171877e-06
48.37,-0.000725139981645029,3.78128781546255e-05,-6.12881407072752e-05,4.51288141657231e-06
48.38,-0.000713602873194219,3.72039345049765e-05,-6.05575467219334e-05,4.43210455505164e-06
48.39,-0.000702257029055353,3.66025629281889e-05,-5.97820828155001e-05,4.35755780428079e-06
48.4,-0.000691098571343751,3.60092143648543e-05,-5.89527002054563e-05,4.28890248713587e-06
48.41,-0.000680123471147986,3.54245680671062e-05,-5.80488985675485e-05,4.22610067430183e-06
48.42,-0.000669327635200112,3.48493920045208e-05,-5.70672783533442e-05,4.16824193280489e-06
48.43,-0.000658707078700971,3.42844154741226e-05,-5.60205461716548e-05,4.11419850230709e-06
48.44,-0.000648258007652558,3.37301682813413e-05,-5.4929700859413e-05,4.06230540230136e-06
48.45,-0.000637977151971114,3.31870647274959e-05,-5.38058821362228e-05,4.01097399147845e-06
48.46,-0.000627861786067996,3.26549480283551e-05,-5.27295382701271e-05,3.95989777411519e-06
48.47,-0.000617909482858892,3.21331843929052e-05,-5.17346462533147e-05,3.90801970337593e-06
48.48,-0.000608118167940042,3.16208057851697e-05,-5.08414381533217e-05,3.85552308649069e-06
48.49,-0.000598486013346999,3.11167491618992e-05,-5.00643903007501e-05,3.80225736130508e-06
48.5,-0.000589011273472551,3.06197412367104e-05,-4.94113961385151e-05,3.74776591184197e-06
48.51,-0.000579691955633344,3.01291076418735e-05,-4.8775041738229e-05,3.69145087136879e-06
48.52,-0.000570526078146116,2.96448776666377e-05,-4.81227899440467e-05,3.63377241271512e-06
48.53,-0.000561511420569261,2.91675010564133e-05,-4.74212723542508e-05,3.57507469429007e-06
48.54,-0.000552646002884849,2.86975739597984e-05,-4.66295363037879e-05,3.51614730921206e-06
48.55,-0.00054392748441412,2.82358512680355e-05,-4.57897091902411e-05,3.45974393864438e-06
48.56,-0.000535353272925754,2.77824582442241e-05,-4.49686802833283e-05,3.40522432016373e-06
48.57,-0.000526920755105742,2.73370622868815e-05,-4.41829770630215e-05,3.35109892875957e-06
48.58,-0.000518627440994734,2.6899639626901e-05,-4.33755542152431e-05,3.29573065466647e-06
48.59,-0.000510471307610949,2.64703746772936e-05,-4.255628492714e-05,3.23900028043587e-06
48.6,-0.000502450418354172,2.6049227217483e-05,-4.17540104368862e-05,3.18187323334997e-06
48.61,-0.000494562544688826,2.56359874465667e-05,-4.09719368372773e-05,3.12448337317658e-06
48.62,-0.000486805476815455,2.52304466913318e-05,-4.02145048677558e-05,3.06655416103101e-06
48.63,-0.000479177171332168,2.48322796757801e-05,-3.9495983733579e-05,3.0084472031486e-06
48.64,-0.000471675557383477,2.44411049990882e-05,-3.88135213522439e-05,2.9505562065137e-06
48.65,-0.000464298566187793,2.40564684864073e-05,-3.81803372488567e-05,2.89327529203459e-06
48.66,-0.000457044106800808,2.36779678962324e-05,-3.75849962685326e-05,2.83723840499487e-06
48.67,-0.000449910040379642,2.33051914040984e-05,-3.70275890039818e-05,2.78294785549044e-06
48.68,-0.000442894210254785,2.29378169176202e-05,-3.64984231649085e-05,2.73097059013569e-06
48.69,-0.000435994315640897,2.25756439335301e-05,-3.59875917375385e-05,2.68185523729757e-06
48.7,-0.000429208163647665,2.22184787491496e-05,-3.54910245856935e-05,2.63542405524677e-06
48.71,-0.00042253348120358,2.18662940644459e-05,-3.49900108310157e-05,2.59207957303508e-06
48.72,-0.000415967983173005,2.15191934305718e-05,-3.44747460634039e-05,2.55173817745618e-06
48.73,-0.000409509381724682,2.11773524343576e-05,-3.39397672719199e-05,2.51410424429135e-06
48.74,-0.00040315546433245,2.08409819135599e-05,-3.33832341219328e-05,2.47872215675639e-06
48.75,-0.000396904084992933,2.05102918164972e-05,-3.28065407963174e-05,2.44502496156373e-06
48.76,-0.000390753229830842,2.01854630695571e-05,-3.22139252284047e-05,2.41238681808129e-06
48.77,-0.000384700999378929,1.9866616437339e-05,-3.16126467377916e-05,2.38018076738993e-06
48.78,-0.00037874565604934,1.95537974991006e-05,-3.10101799596886e-05,2.34782602078147e-06
48.79,-0.000372885591662708,1.92469706208654e-05,-3.0415051728446e-05,2.31483356004992e-06
48.8,-0.000367119351623479,1.89460165431433e-05,-2.98353444690302e-05,2.28084648812962e-06
48.81,-0.000361445584890596,1.8650743666702e-05,-2.92776939082367e-05,2.24565402260162e-06
48.82,-0.00035586305232016,1.83608949752261e-05,-2.87482524810568e-05,2.20921017365376e-06
48.83,-0.000350370567464786,1.80761696470931e-05,-2.82500186327598e-05,2.17161641106173e-06
48.84,-0.000344966997081642,1.77962499280659e-05,-2.77836700436716e-05,2.13310297878154e-06
48.85,-0.000339651202947877,1.75208244017614e-05,-2.73474354827994e-05,2.09400190424543e-06
48.86,-0.000334422041843752,1.72496122405471e-05,-2.69374180459222e-05,2.05470742167163e-06
48.87,-0.000329278318305093,1.69823803962236e-05,-2.65481004085996e-05,2.01563368884396e-06
48.88,-0.000324218795289433,1.67189577207104e-05,-2.61729867608947e-05,1.97717343784541e-06
48.89,-0.000319242164550815,1.64592395145218e-05,-2.58053068228376e-05,1.93966165570393e-06
48.9,-0.00031434707094391,1.62031876020266e-05,-2.54387181444617e-05,1.90334758543734e-06
48.91,-0.000309532100195575,1.59508216871363e-05,-2.50678666509786e-05,1.8683770795734e-06
48.92,-0.000304795815261549,1.57022072687744e-05,-2.46889281164668e-05,1.83478693189889e-06
48.93,-0.000300136754328051,1.54574380863214e-05,-2.42998404037172e-05,1.80251031774418e-06
48.94,-0.000295553470583521,1.52166162153337e-05,-2.3901866633919e-05,1.77134731286451e-06
48.95,-0.000291044605394752,1.49798041330148e-05,-2.34967038165292e-05,1.74087498879102e-06
48.96,-0.000286608787706477,1.47471098469154e-05,-2.30813759259497e-05,1.71111411010031e-06
48.97,-0.000282244721648617,1.45185825907909e-05,-2.26647359192127e-05,1.68162879321111e-06
48.98,-0.000277951185954528,1.4294200145111e-05,-2.22528785743626e-05,1.65217872397411e-06
48.99,-0.000273727031358639,1.4073888447301e-05,-2.18503758104649e-05,1.62262457367552e-06
49,-0.000269571153621584,1.38575334511236e-05,-2.14607437736073e-05,1.59291037446957e-06
49.01,-0.000265482502434189,1.36449825456354e-05,-2.10883552856495e-05,1.56298151613884e-06
49.02,-0.00026146008890926,1.34360695875725e-05,-2.07317767806525e-05,1.53280004904571e-06
49.03,-0.0002575029560834,1.32306239480057e-05,-2.03926680123283e-05,1.50249210778882e-06
49.04,-0.00025361014239067,1.30284836872472e-05,-2.00687068841736e-05,1.47226379271323e-06
49.05,-0.000249780671182975,1.28295032531347e-05,-1.97589599548607e-05,1.44236968944796e-06
49.06,-0.000246013530234457,1.2633551718624e-05,-1.94612503479687e-05,1.41306026300553e-06
49.07,-0.000242307683191889,1.24405235688277e-05,-1.91728292222011e-05,1.38455087712271e-06
49.08,-0.000238662063243744,1.22503429301296e-05,-1.88905826937311e-05,1.35701398076532e-06
49.09,-0.000235075586198619,1.20629655714684e-05,-1.86114083065927e-05,1.33057204589373e-06
49.1,-0.000231547148067612,1.18783764194e-05,-1.83325560280601e-05,1.30529180811743e-06
49.11,-0.000228075642112913,1.16965847154166e-05,-1.8051900071543e-05,1.28118137244926e-06
49.12,-0.00022465995999621,1.15176165249481e-05,-1.77681216035217e-05,1.25819191330411e-06
49.13,-0.000221299010927822,1.13415063038951e-05,-1.74807928351746e-05,1.23622443491865e-06
49.14,-0.000217991725348199,1.11682877224765e-05,-1.7190363115394e-05,1.21514093393214e-06
49.15,-0.000214737070863613,1.09979857085136e-05,-1.68980555590007e-05,1.19477868106981e-06
49.16,-0.000211534054412432,1.08306092151911e-05,-1.66056903273926e-05,1.17496602012574e-06
49.17,-0.000208381732174523,1.0666146948169e-05,-1.63154573075044e-05,1.15553799751232e-06
49.18,-0.000205279206106468,1.05045647463678e-05,-1.6029663710795e-05,1.13635029735973e-06
49.19,-0.000202225627463193,1.03458073376659e-05,-1.57495624745328e-05,1.11731982346193e-06
49.2,-0.000199220153393576,1.0189816552521e-05,-1.54774344272781e-05,1.09847040713158e-06
49.21,-0.00019626201428391,1.00364769930759e-05,-1.52173183249453e-05,1.07962384944908e-06
49.22,-0.000193350456484609,9.88568404334404e-06,-1.49670338288405e-05,1.06089984328439e-06
49.23,-0.000190484738523011,9.73734142627063e-06,-1.47262200451171e-05,1.04232859762547e-06
49.24,-0.000187664138125321,9.59135650306372e-06,-1.44944564804029e-05,1.02394536915643e-06
49.25,-0.000184887945133383,9.44764295696926e-06,-1.42709186723344e-05,1.00579506368039e-06
49.26,-0.000182155460715094,9.30612509100948e-06,-1.405435577309e-05,9.87929138390218e-07
49.27,-0.000179465989289085,9.16674146077587e-06,-1.38432511713467e-05,9.70399061969117e-07
49.28,-0.00017681883923526,9.02944649301015e-06,-1.36359860980076e-05,9.53248943579489e-07
49.29,-0.000174213318702598,8.89421037680305e-06,-1.34310265992396e-05,9.36508729768691e-07
49.3,-0.000171648738421126,8.76101753948446e-06,-1.32270794058499e-05,9.20189552474078e-07
49.31,-0.000169124410993149,8.62986467866447e-06,-1.30226394628969e-05,9.04291768908501e-07
49.32,-0.000166639645400757,8.50075745765479e-06,-1.28182961544688e-05,8.88834456407358e-07
49.33,-0.000164193755324504,8.37369754950517e-06,-1.26134559725588e-05,8.73775211249716e-07
49.34,-0.000161786068495928,8.24868414988139e-06,-1.24090636576192e-05,8.59055735143645e-07
49.35,-0.000159415933032925,8.12570987173004e-06,-1.22056932883375e-05,8.44596732916655e-07
49.36,-0.000157082722542334,8.0047603047757e-06,-1.20041192876582e-05,8.30321270288183e-07
49.37,-0.000154785833842652,7.88581268101764e-06,-1.1805223759773e-05,8.16165967176834e-07
49.38,-0.000152524687030642,7.76883416072412e-06,-1.16102700251808e-05,8.02085713847882e-07
49.39,-0.000150298721816711,7.6537823330145e-06,-1.14193436847113e-05,7.88051361606942e-07
49.4,-0.000148107395554042,7.54061278527339e-06,-1.12334435927396e-05,7.74053605300331e-07
49.41,-0.000145950178271015,7.42927291708938e-06,-1.10529201727032e-05,7.60102329072571e-07
49.42,-0.000143826550652371,7.31970780504985e-06,-1.08779245021978e-05,7.4622135124051e-07
49.43,-0.000141736000146331,7.2118626971617e-06,-1.07083193715712e-05,7.32446833543896e-07
49.44,-0.000139678018357792,7.10568565760885e-06,-1.05437170369945e-05,7.18823039193578e-07
49.45,-0.000137652103407326,7.00112534199401e-06,-1.03848990658758e-05,7.05328083205806e-07
49.46,-0.000135657776410447,6.89813199211235e-06,-1.02288049864197e-05,6.9203717800583e-07
49.47,-0.000133694529017347,6.79669183649624e-06,-1.00744589861691e-05,6.79009663128395e-07
49.48,-0.000131761865291402,6.69678086693877e-06,-9.92271556356817e-06,6.66227165306566e-07
49.49,-0.000129859292310464,6.59837418515375e-06,-9.77327318958255e-06,6.53718586763168e-07
49.5,-0.00012798631510158,6.5014526338391e-06,-9.62542191898277e-06,6.41518303077209e-07
49.51,-0.000126142435482812,6.4060042351775e-06,-9.47847863978175e-06,6.29651821161032e-07
49.52,-0.000124327153759651,6.31202258691165e-06,-9.33201197542205e-06,6.18128602747896e-07
49.53,-0.000122539972429614,6.21950382067235e-06,-9.1858992029371e-06,6.06941259035049e-07
49.54,-0.000120780399515574,6.12844377485776e-06,-9.04029061937316e-06,5.96068807209994e-07
49.55,-0.000119047951768536,6.03883562566558e-06,-8.89553921188887e-06,5.85481607984394e-07
49.56,-0.000117342157610167,5.95066820046092e-06,-8.75212556024416e-06,5.7514640592453e-07
49.57,-0.000115662558316743,5.86392513616008e-06,-8.61058791460527e-06,5.65030703664741e-07
49.58,-0.00011400871260836,5.77858057255926e-06,-8.47204238777785e-06,5.55069980523347e-07
49.59,-0.000112380205537832,5.69460916807633e-06,-8.33601422259838e-06,5.45211254095965e-07
49.6,-0.000110776636430998,5.61198185135058e-06,-8.20283351758892e-06,5.35438659484787e-07
49.61,-0.000109197612633061,5.53067041488355e-06,-8.07259791708745e-06,5.25765222578878e-07
49.62,-0.000107642744419323,5.45064393665041e-06,-7.94556136001512e-06,5.16216231837064e-07
49.63,-0.000106111644187834,5.3718693547168e-06,-7.82188358111232e-06,5.06817079012957e-07
49.64,-0.000104603927408853,5.29431309629313e-06,-7.70154123609106e-06,4.97590289837834e-07
49.65,-0.000103119213052949,5.21794268635859e-06,-7.58434533586956e-06,4.88556681012824e-07
49.66,-0.000101657123417809,5.14272840056988e-06,-7.46997663696095e-06,4.79735807347848e-07
49.67,-0.000100217284162873,5.06864406079868e-06,-7.35803230567156e-06,4.71144923721912e-07
49.68,-9.87993233305673e-05,4.99566789590748e-06,-7.24807470634368e-06,4.62797202342319e-07
49.69,-9.74028719484821e-05,4.92378240474365e-06,-7.13967761486127e-06,4.54700011848991e-07
49.7,-9.60275647869935e-05,4.85297412663235e-06,-7.03246735368931e-06,4.46853716629287e-07
49.71,-9.46730369264515e-05,4.78323601867594e-06,-6.9253128384494e-06,4.39296720391494e-07
49.72,-9.33389193233936e-05,4.71456341156087e-06,-6.81973587587288e-06,4.31976489978897e-07
49.73,-9.20248643936361e-05,4.64693946652558e-06,-6.71533730050494e-06,4.24886112584422e-07
49.74,-9.07305230866129e-05,4.58035574614818e-06,-6.61131883271234e-06,4.1802390273075e-07
49.75,-8.94555551873566e-05,4.51481184289461e-06,-6.50762957580384e-06,4.11350395547155e-07
49.76,-8.819963234874e-05,4.45030087956841e-06,-6.40473311980204e-06,4.04825123612773e-07
49.77,-8.69624394299606e-05,4.38681259018913e-06,-6.30305753945474e-06,3.98407081470468e-07
49.78,-8.57436749557294e-05,4.32433240488413e-06,-6.20301948626577e-06,3.92059343223781e-07
49.79,-8.4543050671293e-05,4.26284187444825e-06,-6.10498807721785e-06,3.85753137170149e-07
49.8,-8.33602899161789e-05,4.20231922435092e-06,-6.00925305485156e-06,3.79469272867199e-07
49.81,-8.21951259180054e-05,4.14274036088795e-06,-5.91600373672998e-06,3.73198267772975e-07
49.82,-8.10472999663858e-05,4.08407985324808e-06,-5.82531707425412e-06,3.66939599495361e-07
49.83,-7.99165590432693e-05,4.02631223298226e-06,-5.73715617371098e-06,3.60700289045009e-07
49.84,-7.88026542704046e-05,3.96941294308554e-06,-5.6513793060051e-06,3.54493029515865e-07
49.85,-7.7705339870171e-05,3.91335929540459e-06,-5.5677587914252e-06,3.48334045993244e-07
49.86,-7.66243709060532e-05,3.85813129917379e-06,-5.48600728712461e-06,3.42240899928178e-07
49.87,-7.55595033110623e-05,3.80371199787366e-06,-5.40580824848371e-06,3.36230452041688e-07
49.88,-7.45104931727525e-05,3.75008765208617e-06,-5.32684760780033e-06,3.30317137713696e-07
49.89,-7.34770969339493e-05,3.69724747182894e-06,-5.24884313262791e-06,3.24511696616908e-07
49.9,-7.24590715179829e-05,3.64518319906739e-06,-5.17156880575065e-06,3.18820432035099e-07
49.91,-7.14561752692688e-05,3.59388844610266e-06,-5.09487181223648e-06,3.13245029144932e-07
49.92,-7.04681683556529e-05,3.54335788969119e-06,-5.01868101045531e-06,3.0778289799706e-07
49.93,-6.94948207495827e-05,3.49358203298583e-06,-4.94358975902724e-06,3.02379260171308e-07
49.94,-6.85359020469178e-05,3.44455959572689e-06,-4.86827009710857e-06,2.97104403588171e-07
49.95,-6.75911783272198e-05,3.39628763551284e-06,-4.79358541078178e-06,2.91920492138702e-07
49.96,-6.66604249195402e-05,3.34875481072837e-06,-4.7203467361016e-06,2.86812953961313e-07
49.97,-6.57434237956167e-05,3.30194553362821e-06,-4.64872511033482e-06,2.81774522881617e-07
49.98,-6.48399621363538e-05,3.25584364401438e-06,-4.57869567668608e-06,2.76805185410343e-07
49.99,-6.39498307357655e-05,3.21043367580006e-06,-4.51017432794304e-06,2.71910090725922e-07
50,-6.30728226740374e-05,3.16570105901054e-06,-4.44307041174589e-06,2.67096259688468e-07
50.01,-6.22087333503885e-05,3.12163196929301e-06,-4.37732266313072e-06,2.62370836843543e-07
50.02,-6.13573577830095e-05,3.07821562342964e-06,-4.31249562509384e-06,2.57733163676524e-07
50.03,-6.05184855357876e-05,3.03543945040823e-06,-4.24888391396804e-06,2.53179549310155e-07
50.04,-5.96919057587186e-05,2.9933001982676e-06,-4.18521438904476e-06,2.48699138227681e-07
50.05,-5.88774151353277e-05,2.95179703131892e-06,-4.12163647838113e-06,2.44294904365806e-07
50.06,-5.80748087406491e-05,2.91093099167023e-06,-4.05767666959123e-06,2.39996337143813e-07
50.07,-5.72838777346263e-05,2.87070211750321e-06,-3.99445440075291e-06,2.35765589730675e-07
50.08,-5.65044263556302e-05,2.83110209592414e-06,-3.93176542956262e-06,2.31601434129498e-07
50.09,-5.57362591253607e-05,2.7921265446867e-06,-3.86962011735565e-06,2.27502597580607e-07
50.1,-5.49791890893658e-05,2.7537674658511e-06,-3.80828613716286e-06,2.2342889930702e-07
50.11,-5.42330397266255e-05,2.71601645559521e-06,-3.74803480750566e-06,2.1936146111906e-07
50.12,-5.34976430408562e-05,2.67886009282224e-06,-3.6893122013693e-06,2.15285434931604e-07
50.13,-5.2772837081605e-05,2.64228370962252e-06,-3.63191770842298e-06,2.11198587214595e-07
50.14,-5.20584639742694e-05,2.60627088134613e-06,-3.57640359154965e-06,2.07107949967889e-07
50.15,-5.13543686828655e-05,2.57080246485305e-06,-3.52284163744433e-06,2.03023047230853e-07
50.16,-5.06604020094059e-05,2.53586230689843e-06,-3.47040189627381e-06,1.9892507247479e-07
50.17,-4.99764223134136e-05,2.50144053543438e-06,-3.41907160801832e-06,1.94828279714823e-07
50.18,-4.93022572491952e-05,2.46753512881731e-06,-3.36799051049237e-06,1.9091663518537e-07
50.19,-4.86377478026156e-05,2.43411538333186e-06,-3.32083359310515e-06,1.870386140658e-07
50.2,-4.79827406323352e-05,2.40115578587043e-06,-3.27566273649627e-06,1.8327696720281e-07
50.21,-4.73370747728907e-05,2.36864401649247e-06,-3.23104387977042e-06,1.7967680909298e-07
50.22,-4.67005857665015e-05,2.33657533470893e-06,-3.187183910603e-06,1.76246112909876e-07
50.23,-4.60731074571896e-05,2.30493819869492e-06,-3.14440742338164e-06,1.73000052492691e-07
50.24,-4.54544830059689e-05,2.27372728704521e-06,-3.10189388545127e-06,1.69886435690731e-07
50.25,-4.48445669096742e-05,2.24294119389691e-06,-3.05941430188563e-06,1.66879156251162e-07
50.26,-4.42432189489139e-05,2.21258049760622e-06,-3.01681542267762e-06,1.63962079413772e-07
50.27,-4.36503030387669e-05,2.18264688103982e-06,-2.97402375245019e-06,1.61118699955366e-07
50.28,-4.30656874765845e-05,2.15314223791295e-06,-2.93105977040184e-06,1.58331404309961e-07
50.29,-4.24892448744885e-05,2.12406775690083e-06,-2.88803253697637e-06,1.55582329071906e-07
50.3,-4.19208525874737e-05,2.09542311377054e-06,-2.84512400499381e-06,1.52854560311515e-07
50.31,-4.13603927196249e-05,2.06720586797271e-06,-2.80256544939427e-06,1.50133419990207e-07
50.32,-4.08077518123662e-05,2.03941112218274e-06,-2.76060955526599e-06,1.47407658731227e-07
50.33,-4.02628206055411e-05,2.01203146864093e-06,-2.71950163731872e-06,1.44670398688746e-07
50.34,-3.97254932655855e-05,1.98505721307535e-06,-2.67945316489625e-06,1.419197037787e-07
50.35,-3.91956669041349e-05,1.95847683794211e-06,-2.64062023344688e-06,1.39158706057702e-07
50.36,-3.86732399588752e-05,1.93227832447142e-06,-2.60295107759477e-06,1.3640067727813e-07
50.37,-3.81581093122918e-05,1.9064488809004e-06,-2.56665098770836e-06,1.33664732574529e-07
50.38,-3.76501713255095e-05,1.88097531596149e-06,-2.53166829749079e-06,1.30968223248875e-07
50.39,-3.71493217423691e-05,1.85584451338355e-06,-2.49793517111903e-06,1.28325852965588e-07
50.4,-3.66554562765131e-05,1.83104508518541e-06,-2.46524316362271e-06,1.25750000255161e-07
50.41,-3.61684704390797e-05,1.80656803023783e-06,-2.43333401279691e-06,1.23252220572903e-07
50.42,-3.56882591088237e-05,1.78240701804208e-06,-2.40193845999282e-06,1.20842718573945e-07
50.43,-3.52147162825389e-05,1.75855834344882e-06,-2.37079463530242e-06,1.18528849978513e-07
50.44,-3.47477357687254e-05,1.73502080455475e-06,-2.33969796489897e-06,1.16315015338624e-07
50.45,-3.42872121237292e-05,1.71179455007354e-06,-2.30853368371602e-06,1.14202139508531e-07
50.46,-3.3833040647302e-05,1.68888049104083e-06,-2.27726675245518e-06,1.12186735194303e-07
50.47,-3.33851178320188e-05,1.66627973695522e-06,-2.24589584518114e-06,1.10261079638156e-07
50.48,-3.29433425036996e-05,1.64399307240045e-06,-2.21447369886161e-06,1.08414831029135e-07
50.49,-3.25076160079263e-05,1.62202051084195e-06,-2.18309595728749e-06,1.06636458977116e-07
50.5,-3.20778429081514e-05,1.60036092866156e-06,-2.15188876837487e-06,1.04914370309675e-07
50.51,-3.16539310425412e-05,1.57901183894618e-06,-2.12099413483629e-06,1.03237879930362e-07
50.52,-3.12357915550621e-05,1.55796932057723e-06,-2.09055416296881e-06,1.01597985458761e-07
50.53,-3.08233387551482e-05,1.53722810117513e-06,-2.06069619373248e-06,9.99879095130605e-08
50.54,-3.04164898166093e-05,1.51678177672405e-06,-2.03152030661729e-06,9.84033830564993e-08
50.55,-3.00151649197389e-05,1.4966225639281e-06,-2.00331109939361e-06,9.68317965692781e-08
50.56,-2.96192913964433e-05,1.47674052768195e-06,-1.97577971452412e-06,9.52722727971302e-08
50.57,-2.92287927967649e-05,1.45713172760657e-06,-1.94871384144065e-06,9.37365313098151e-08
50.58,-2.88435957704891e-05,1.43778948092023e-06,-1.92240516595401e-06,9.22169510979907e-08
50.59,-2.84636285909912e-05,1.41870606441335e-06,-1.89685435294389e-06,9.07195154893602e-08
50.6,-2.80888194614803e-05,1.39987456267655e-06,-1.87192984773841e-06,8.92537814315769e-08
50.61,-2.77190954891537e-05,1.38128967615007e-06,-1.84745634746511e-06,8.7829412577703e-08
50.62,-2.73543827953304e-05,1.36294783728813e-06,-1.82326788412193e-06,8.64539811683661e-08
50.63,-2.6994606737496e-05,1.34484696521204e-06,-1.79923171991001e-06,8.51319372311376e-08
50.64,-2.66396923978007e-05,1.32698608453512e-06,-1.77525551097556e-06,8.38644346557756e-08
50.65,-2.62895651657047e-05,1.30936491687528e-06,-1.75128755568859e-06,8.26496472130527e-08
50.66,-2.59441512753256e-05,1.29198348448327e-06,-1.72731475322707e-06,8.14833185561995e-08
50.67,-2.56033783125886e-05,1.27484174153845e-06,-1.70335923680555e-06,8.03594141270134e-08
50.68,-2.52671752587474e-05,1.25793913695188e-06,-1.67948237010224e-06,7.92702597279063e-08
50.69,-2.49354720693873e-05,1.24127494664015e-06,-1.65568497904669e-06,7.82065673231945e-08
50.7,-2.46082008841242e-05,1.22484817777765e-06,-1.63200586658003e-06,7.71601546846258e-08
50.71,-2.42852965142148e-05,1.20865708053558e-06,-1.60854495425568e-06,7.61246828543939e-08
50.72,-2.39666960331064e-05,1.19269893689105e-06,-1.5854037472658e-06,7.50947406059717e-08
50.73,-2.36523387844301e-05,1.17696996611968e-06,-1.56268578813039e-06,7.40660563672127e-08
50.74,-2.33421661954836e-05,1.16146544351718e-06,-1.5404625483686e-06,7.30377982380899e-08
50.75,-2.30361200106444e-05,1.1461805978272e-06,-1.51878234583121e-06,7.20103038115458e-08
50.76,-2.27341471150666e-05,1.13110777644416e-06,-1.49789686393938e-06,7.09716096932742e-08
50.77,-2.24361946283835e-05,1.11624110530559e-06,-1.47749278656641e-06,6.9933258282854e-08
50.78,-2.21422092341328e-05,1.10157605764579e-06,-1.45752513226331e-06,6.89008190120556e-08
50.79,-2.18521374826253e-05,1.08710831732551e-06,-1.43798679011679e-06,6.78789038367881e-08
50.8,-2.15659261124657e-05,1.07283365728059e-06,-1.41886295623623e-06,6.68706289184145e-08
50.81,-2.12835223285524e-05,1.05874810508971e-06,-1.40011958801731e-06,6.58780456743324e-08
50.82,-2.10048739166524e-05,1.0448481178953e-06,-1.38170782456701e-06,6.49026092087738e-08
50.83,-2.07299292291907e-05,1.03113068386565e-06,-1.36357249388675e-06,6.39453704843489e-08
50.84,-2.04586371639337e-05,1.01759333976506e-06,-1.34566009725374e-06,6.30069423641442e-08
50.85,-2.01909471400086e-05,1.00423411799487e-06,-1.32792504222284e-06,6.20873877819718e-08
50.86,-1.99268091423122e-05,9.91051442121297e-07,-1.31033392478647e-06,6.11861425482183e-08
50.87,-1.96661737446036e-05,9.78043990087199e-07,-1.29286792902563e-06,6.03020226875848e-08
50.88,-1.94089924852037e-05,9.65210543449896e-07,-1.27552343669962e-06,5.94333225973803e-08
50.89,-1.91552173980369e-05,9.52549839707538e-07,-1.25831101134295e-06,5.85779858437613e-08
50.9,-1.89048016672189e-05,9.400604429681e-07,-1.24125294941275e-06,5.77338229889945e-08
50.91,-1.86576993455034e-05,9.27740645205846e-07,-1.22437980044033e-06,5.68987433192141e-08
50.92,-1.84138657139954e-05,9.15588406277248e-07,-1.20772623777219e-06,5.60709734390289e-08
50.93,-1.81732566861825e-05,9.03601336562563e-07,-1.19132676667118e-06,5.52492371454641e-08
50.94,-1.79358291934051e-05,8.91776889358714e-07,-1.17515589826974e-06,5.44342258921419e-08
50.95,-1.77015400923963e-05,8.80112433302957e-07,-1.15931718718346e-06,5.36296216372001e-08
50.96,-1.74703464654868e-05,8.68604625654334e-07,-1.14381445608584e-06,5.28368673403062e-08
50.97,-1.72422060007449e-05,8.57249734225765e-07,-1.1286912845441e-06,5.20571162572574e-08
50.98,-1.70170770905642e-05,8.4604407301345e-07,-1.11392651081644e-06,5.12903794677813e-08
50.99,-1.67949191265393e-05,8.34984260661659e-07,-1.09948142963986e-06,5.05369907983027e-08
51,-1.65756923209415e-05,8.24067360399256e-07,-1.08530813046544e-06,4.97978832361691e-08
51.01,-1.63593569064702e-05,8.13290938371462e-07,-1.07135529486336e-06,4.90742156311522e-08
51.02,-1.61458738645592e-05,8.02653069114776e-07,-1.05757319005481e-06,4.8366979278782e-08
51.03,-1.59352039776905e-05,7.92152294675864e-07,-1.04391810338815e-06,4.76767142087231e-08
51.04,-1.57273087566523e-05,7.81787543421696e-07,-1.0303559715742e-06,4.70033548573113e-08
51.05,-1.55221496251912e-05,7.7155801825891e-07,-1.01686494260612e-06,4.63461890700504e-08
51.06,-1.53196889147722e-05,7.61463066745635e-07,-1.00343654818501e-06,4.57039151065906e-08
51.07,-1.51198890767645e-05,7.51502047219311e-07,-9.9007549539209e-07,4.50747717647916e-08
51.08,-1.49227136931884e-05,7.41674204699359e-07,-9.76798087382914e-07,4.44567214181022e-08
51.09,-1.47281265370225e-05,7.31978568745388e-07,-9.63629591509691e-07,4.38476570824784e-08
51.1,-1.45360930954297e-05,7.22413882366921e-07,-9.50600800789625e-07,4.32456120709774e-08
51.11,-1.43465785491514e-05,7.12978567392777e-07,-9.37744301511055e-07,4.26489439259706e-08
51.12,-1.41595496740976e-05,7.03670727672997e-07,-9.25090691977803e-07,4.20564809665601e-08
51.13,-1.39749737666506e-05,6.94488187631535e-07,-9.12665325680572e-07,4.14676094813458e-08
51.14,-1.37928188950198e-05,6.85428559618011e-07,-9.00485752724305e-07,4.08823007371375e-08
51.15,-1.36130534604817e-05,6.76489331722849e-07,-8.88560122576276e-07,4.03010768537377e-08
51.16,-1.34356463181717e-05,6.67667965732612e-07,-8.76886640424769e-07,3.97249222192386e-08
51.17,-1.32605668907715e-05,6.58961994549988e-07,-8.65454093711471e-07,3.91551514242414e-08
51.18,-1.30877848549815e-05,6.50369108892524e-07,-8.54243333448956e-07,3.85932494767373e-08
51.19,-1.29172697338475e-05,6.41887224981941e-07,-8.43229470793643e-07,3.80407036556527e-08
51.2,-1.27489916437185e-05,6.33514527555819e-07,-8.32384518460195e-07,3.74988448583351e-08
51.21,-1.25829203776462e-05,6.25249485080895e-07,-8.21680238548371e-07,3.69687110611615e-08
51.22,-1.24190263361967e-05,6.17090837183756e-07,-8.11090809373162e-07,3.6450949545043e-08
51.23,-1.22572796499298e-05,6.09037557272356e-07,-8.0059513103172e-07,3.59457620529339e-08
51.24,-1.20976513526827e-05,6.0108858552132e-07,-7.90222375883579e-07,3.54511400277983e-08
51.25,-1.19401130493912e-05,5.93242998714762e-07,-7.79906039172839e-07,3.49640887613292e-08
51.26,-1.1784637472978e-05,5.85500277025243e-07,-7.69638165414032e-07,3.44831199146939e-08
51.27,-1.16311973057392e-05,5.77860082780938e-07,-7.59402478601458e-07,3.40075529517967e-08
51.28,-1.14797658037347e-05,5.70321966220411e-07,-7.49223484313662e-07,3.35376268533068e-08
51.29,-1.13303158792988e-05,5.62885174654987e-07,-7.39135435221244e-07,3.30733652522194e-08
51.3,-1.11828211943887e-05,5.55548602523227e-07,-7.29173321776627e-07,3.26143679597777e-08
51.31,-1.1037255412738e-05,5.48310813005452e-07,-7.19368283763591e-07,3.21601192990176e-08
51.32,-1.08935931617538e-05,5.41170091130802e-07,-7.09745173377679e-07,3.17103042442534e-08
51.33,-1.07518091034819e-05,5.34124515886656e-07,-7.00320973549077e-07,3.12649846810383e-08
51.34,-1.06118787854825e-05,5.27172045437301e-07,-6.91103713775324e-07,3.0824641239882e-08
51.35,-1.04737776478458e-05,5.20310609250723e-07,-6.82092137832497e-07,3.03901180615236e-08
51.36,-1.03374818545277e-05,5.13538199031852e-07,-6.73276183375114e-07,2.99625121953883e-08
51.37,-1.02029673092474e-05,5.06852949915235e-07,-6.6463835056162e-07,2.9543031741305e-08
51.38,-1.00702105116923e-05,5.00253204082108e-07,-6.56155725977543e-07,2.91328471022606e-08
51.39,-9.93918762226542e-06,4.93737551234758e-07,-6.47802499888619e-07,2.8732948780825e-08
51.4,-9.80987536625122e-06,4.87304842872141e-07,-6.3955260909245e-07,2.83440297961116e-08
51.41,-9.68225015096635e-06,4.80954180424115e-07,-6.31382297406419e-07,2.79664005109954e-08
51.42,-9.55628901078143e-06,4.74684879831829e-07,-6.23272257766946e-07,2.75999468377623e-08
51.43,-9.4319687677924e-06,4.6849641761756e-07,-6.15209235712253e-07,2.72441310566865e-08
51.44,-9.30926700348778e-06,4.62388364929018e-07,-6.07186884460437e-07,2.68980368520852e-08
51.45,-9.18816122030819e-06,4.5636031706714e-07,-5.99205904162022e-07,2.65604487373595e-08
51.46,-9.06862972360756e-06,4.50411967112963e-07,-5.91244385120221e-07,2.62310676398489e-08
51.47,-8.95065033557074e-06,4.44542853712365e-07,-5.83354551486789e-07,2.5909793497961e-08
51.48,-8.83420175679106e-06,4.38752189381931e-07,-5.75558029879266e-07,2.55956656456017e-08
51.49,-8.71926278289692e-06,4.33038832317206e-07,-5.67883159151873e-07,2.52869896324151e-08
51.5,-8.6058134369793e-06,4.27401504982341e-07,-5.6034010698673e-07,2.49818775188315e-08
51.51,-8.49383403789261e-06,4.21838861841716e-07,-5.52933222476618e-07,2.46789111103268e-08
51.52,-8.38330596764081e-06,4.16349533810291e-07,-5.45663234165898e-07,2.43772754606561e-08
51.53,-8.27421062954414e-06,4.10932164148832e-07,-5.38527384371847e-07,2.4076649779564e-08
51.54,-8.16653023960612e-06,4.05585442024567e-07,-5.31519671933232e-07,2.37770651352983e-08
51.55,-8.06024684329998e-06,4.00308132010304e-07,-5.24631438565259e-07,2.34787767252825e-08
51.56,-7.95534315045643e-06,3.95099096201897e-07,-5.17852203851559e-07,2.31821585071381e-08
51.57,-7.85180159112997e-06,3.89957306745666e-07,-5.11170713382462e-07,2.28876151601184e-08
51.58,-7.749605192231e-06,3.84881847748515e-07,-5.04575978014086e-07,2.25955147214822e-08
51.59,-7.64873665914934e-06,3.79871907024373e-07,-4.98058266202965e-07,2.23061391578072e-08
51.6,-7.54917929057797e-06,3.74926759073613e-07,-4.91609862914206e-07,2.20196571060683e-08
51.61,-7.45091607701198e-06,3.70045741694816e-07,-4.85225611805956e-07,2.17361146736237e-08
51.62,-7.35393062800682e-06,3.65228228973168e-07,-4.78903118255035e-07,2.145544598334e-08
51.63,-7.25820628311169e-06,3.60473603748541e-07,-4.72642694197603e-07,2.1177496485661e-08
51.64,-7.16372703823964e-06,3.55781232347432e-07,-4.66446989078209e-07,2.09020581959056e-08
51.65,-7.07047665482463e-06,3.51150444115882e-07,-4.60320442800706e-07,2.06289082280466e-08
51.66,-6.97843957464528e-06,3.46580517464077e-07,-4.54268551179923e-07,2.0357849094119e-08
51.67,-6.88760001388289e-06,3.42070673525898e-07,-4.48297108792978e-07,2.00887425026797e-08
51.68,-6.79794287261615e-06,3.37620077502973e-07,-4.42411431700776e-07,1.98215364546043e-08
51.69,-6.7094528057865e-06,3.33227847145777e-07,-4.36615718512183e-07,1.95562794115408e-08
51.7,-6.62211512469923e-06,3.28893066939901e-07,-4.30912529911863e-07,1.92931239834306e-08
51.71,-6.53591486621252e-06,3.24614806250782e-07,-4.25302511240913e-07,1.90323166719408e-08
51.72,-6.45083768180399e-06,3.2039213918558e-07,-4.19784292803939e-07,1.87741788131414e-08
51.73,-6.36686890498339e-06,3.16224164078551e-07,-4.14354648230207e-07,1.8519077688417e-08
51.74,-6.28399445545824e-06,3.12110020489893e-07,-4.09008797178937e-07,1.82673946733406e-08
51.75,-6.202199909211e-06,3.08048902164843e-07,-4.03740894840535e-07,1.80194904372931e-08
51.76,-6.12147140621744e-06,3.04040064733541e-07,-3.98544565147298e-07,1.77756743954147e-08
51.77,-6.04179474272826e-06,3.00082827718849e-07,-3.93413501248544e-07,1.75361779326632e-08
51.78,-5.9631562860929e-06,2.96176570861394e-07,-3.88341986640279e-07,1.73011373654235e-08
51.79,-5.88554207769931e-06,2.92320725523674e-07,-3.83325368651046e-07,1.70705845529373e-08
51.8,-5.80893877089039e-06,2.88514719146758e-07,-3.78378198005041e-07,1.68441037094757e-08
51.81,-5.73333307229973e-06,2.84757881536745e-07,-3.73477103485538e-07,1.66199959287969e-08
51.82,-5.65871248436878e-06,2.81049791128298e-07,-3.68619546635431e-07,1.63977934223745e-08
51.83,-5.58506427594807e-06,2.77390131180076e-07,-3.63789943536964e-07,1.6177213324648e-08
51.84,-5.5123760880349e-06,2.73778586035073e-07,-3.58995245194291e-07,1.59586781531933e-08
51.85,-5.44063554119845e-06,2.70214744463156e-07,-3.54247063310845e-07,1.57425860248933e-08
51.86,-5.36983008103675e-06,2.66698074053302e-07,-3.49557354344147e-07,1.55290804263434e-08
51.87,-5.29994717624049e-06,2.63227931107557e-07,-3.44936399249205e-07,1.53181552852402e-08
51.88,-5.2309751534807e-06,2.59803582148319e-07,-3.40392065294075e-07,1.51097970593638e-08
51.89,-5.1629017345789e-06,2.56424229881158e-07,-3.35929500016002e-07,1.49040718822278e-08
51.9,-5.095715489567e-06,2.53089041897229e-07,-3.31550872089874e-07,1.47011572337993e-08
51.91,-5.02940423530163e-06,2.49797180813242e-07,-3.27255353164541e-07,1.45013295563237e-08
51.92,-4.9639570480764e-06,2.46547833573487e-07,-3.23039269684788e-07,1.4304932072128e-08
51.93,-4.89936220215981e-06,2.43340237353694e-07,-3.18896614292954e-07,1.41123277704432e-08
51.94,-4.83560863617782e-06,2.40173699488707e-07,-3.14819674638926e-07,1.39238543923606e-08
51.95,-4.77268491394511e-06,2.37047610017025e-07,-3.10799872361356e-07,1.37397800533496e-08
51.96,-4.71058003448377e-06,2.33961445594712e-07,-3.06828610655145e-07,1.35602680315154e-08
51.97,-4.64928319932056e-06,2.30914764981976e-07,-3.02898112725364e-07,1.33853514563614e-08
51.98,-4.58878304421262e-06,2.2790719679819e-07,-2.9900212134406e-07,1.32149217904066e-08
51.99,-4.52906924319763e-06,2.24938421555214e-07,-2.95136360962527e-07,1.30487339110859e-08
52,-4.47013071358526e-06,2.22008149930711e-07,-2.91298853211086e-07,1.28864205451273e-08
52.01,-4.41195722800103e-06,2.19116099641768e-07,-2.87489893727842e-07,1.27275221907333e-08
52.02,-4.35453853242507e-06,2.16261973586665e-07,-2.83711870208234e-07,1.25715220746893e-08
52.03,-4.29786445454994e-06,2.13445557608104e-07,-2.79954329211377e-07,1.24188476170966e-08
52.04,-4.24192485315444e-06,2.10666442702044e-07,-2.76242350263093e-07,1.2269231785694e-08
52.05,-4.18671026647388e-06,2.07923938376953e-07,-2.72624450422834e-07,1.21201881524006e-08
52.06,-4.13221095918459e-06,2.05217479420552e-07,-2.690272838503e-07,1.19732398937769e-08
52.07,-4.07841810723397e-06,2.02546715868331e-07,-2.65485683941256e-07,1.1826635323931e-08
52.08,-4.0253225170872e-06,1.99910961546362e-07,-2.62019060241376e-07,1.16795819313404e-08
52.09,-3.9729158949342e-06,1.97309456254488e-07,-2.58627188282741e-07,1.15322703026234e-08
52.1,-3.92118980396816e-06,1.94741498931033e-07,-2.5530099125195e-07,1.13852801116288e-08
52.11,-3.87013580382956e-06,1.92206494556945e-07,-2.52029363756895e-07,1.1239273467681e-08
52.12,-3.8197456584399e-06,1.89703953885575e-07,-2.48802420938176e-07,1.10948225850465e-08
52.13,-3.7700104407179e-06,1.87233474736353e-07,-2.45612441353889e-07,1.09523392740788e-08
52.14,-3.72092191192053e-06,1.84794720401349e-07,-2.42453786034989e-07,1.08120676603816e-08
52.15,-3.67247164945184e-06,1.82387399945877e-07,-2.39322708709348e-07,1.0674100173434e-08
52.16,-3.62465128933565e-06,1.80011250134314e-07,-2.3621720775011e-07,1.05384036708212e-08
52.17,-3.57745278112276e-06,1.77666018473449e-07,-2.33136940786653e-07,1.04048477679623e-08
52.18,-3.53086749971254e-06,1.7535144715919e-07,-2.30083113186825e-07,1.02732332870716e-08
52.19,-3.48488762558219e-06,1.73067258970377e-07,-2.27058206062166e-07,1.01433240245969e-08
52.2,-3.43950546710659e-06,1.70813146255922e-07,-2.24065652788396e-07,1.00148752489466e-08
52.21,-3.39471279531267e-06,1.68588763824804e-07,-2.21109386916595e-07,9.88766181209342e-09
52.22,-3.35050220368061e-06,1.66393726872301e-07,-2.18193312256409e-07,9.76150438352806e-09
52.23,-3.30686619420817e-06,1.64227613732684e-07,-2.1532087796074e-07,9.63628511220119e-09
52.24,-3.26379740211991e-06,1.62089972650846e-07,-2.12494685063368e-07,9.51195713810755e-09
52.25,-3.22128880281269e-06,1.59980331932649e-07,-2.09716208129449e-07,9.38854591570488e-09
52.26,-3.17933279347926e-06,1.57898212044111e-07,-2.06985667630388e-07,9.26614158636512e-09
52.27,-3.13792254580392e-06,1.5584313843383e-07,-2.04301996511853e-07,9.1448867584193e-09
52.28,-3.0970510778161e-06,1.53814653609154e-07,-2.01663012794479e-07,9.02495596289375e-09
52.29,-3.05671146971775e-06,1.5181232701276e-07,-1.99065655281916e-07,8.90653454093118e-09
52.3,-3.01689708859243e-06,1.49835762132889e-07,-1.96506298430253e-07,8.78979777649576e-09
52.31,-2.97760067358155e-06,1.47884600120431e-07,-1.93981121747324e-07,8.67489121347797e-09
52.32,-2.93881569835008e-06,1.45958519897915e-07,-1.91486433797595e-07,8.56191717174021e-09
52.33,-2.90053547136182e-06,1.44057227979884e-07,-1.89019766135403e-07,8.45086822118228e-09
52.34,-2.86275341743192e-06,1.4218041683371e-07,-1.86587784950669e-07,8.34132034378395e-09
52.35,-2.82546341878742e-06,1.40327830827953e-07,-1.84174931042861e-07,8.23280559259265e-09
52.36,-2.78865880432022e-06,1.38499269357736e-07,-1.81777675349535e-07,8.12499579295625e-09
52.37,-2.75233388169482e-06,1.36694604386572e-07,-1.79394284555598e-07,8.01793671276377e-09
52.38,-2.71648205796282e-06,1.34913686154033e-07,-1.77027861308837e-07,7.9117640905378e-09
52.39,-2.68109743739586e-06,1.33156313015515e-07,-1.74684205434375e-07,7.80657899220324e-09
52.4,-2.64617393952449e-06,1.31422224152388e-07,-1.72369228287842e-07,7.7023937264121e-09
52.41,-2.6117055593744e-06,1.29711103105362e-07,-1.70088129560024e-07,7.59917973284941e-09
52.42,-2.57768638789457e-06,1.28022587246103e-07,-1.67845008401159e-07,7.49692898784816e-09
52.43,-2.54411059863457e-06,1.26356280253644e-07,-1.65642616472374e-07,7.39568966584921e-09
52.44,-2.51097267778277e-06,1.2471176655015e-07,-1.63482199526784e-07,7.29557556771137e-09
52.45,-2.47826672605811e-06,1.23088626693298e-07,-1.61363457997411e-07,7.19675700307583e-09
52.46,-2.44598689391751e-06,1.21486452593804e-07,-1.59284608120915e-07,7.09944291648125e-09
52.47,-2.41412783275052e-06,1.19904861242579e-07,-1.57242608758266e-07,7.00385656693582e-09
52.48,-2.38268400476471e-06,1.18343505294946e-07,-1.55233536272426e-07,6.91020822308325e-09
52.49,-2.35164990414205e-06,1.16802079656204e-07,-1.53252991046871e-07,6.81867172030414e-09
52.5,-2.32102005703894e-06,1.15280323803243e-07,-1.51296539655399e-07,6.72936496174313e-09
52.51,-2.29078903046798e-06,1.13778019714738e-07,-1.49360142068961e-07,6.64233592560788e-09
52.52,-2.26095166322438e-06,1.12294985849282e-07,-1.47440514782109e-07,6.5575558784634e-09
52.53,-2.23150217593115e-06,1.10831067955869e-07,-1.45535406579673e-07,6.47491981784843e-09
52.54,-2.2024357662076e-06,1.09386128013209e-07,-1.43643707777785e-07,6.39425635840839e-09
52.55,-2.17374680566707e-06,1.07960032380198e-07,-1.41765517980846e-07,6.31533990367561e-09
52.56,-2.14543044663174e-06,1.06552640347642e-07,-1.39901999487975e-07,6.237911411257e-09
52.57,-2.11748171619064e-06,1.05163794467409e-07,-1.38055202436362e-07,6.16169846816228e-09
52.58,-2.08989575067875e-06,1.03793313191568e-07,-1.3622777347815e-07,6.08643706989818e-09
52.59,-2.0626677992297e-06,1.02440986759748e-07,-1.34422620701728e-07,6.01189189315992e-09
52.6,-2.03579344315585e-06,1.01106576455234e-07,-1.3264257796679e-07,5.93787237837119e-09
52.61,-2.00926769178267e-06,9.97898170524302e-08,-1.30890105121914e-07,5.86424331837861e-09
52.62,-1.98308632537447e-06,9.84904221933475e-08,-1.29167000112918e-07,5.79093171731414e-09
52.63,-1.95724496876437e-06,9.72080993925511e-08,-1.27473974962241e-07,5.71799191729288e-09
52.64,-1.93173953899617e-06,9.59425425352807e-08,-1.25811415783342e-07,5.6454885834644e-09
52.65,-1.90656530829614e-06,9.46934566993425e-08,-1.24176705978707e-07,5.57360770030065e-09
52.66,-1.88171826120964e-06,9.3460544117346e-08,-1.22572457022384e-07,5.50252747301485e-09
52.67,-1.85719418599462e-06,9.22435284989303e-08,-1.20994488978086e-07,5.43241596116862e-09
52.68,-1.83298914002705e-06,9.10421444174539e-08,-1.19442040533093e-07,5.36333642451893e-09
52.69,-1.80909852609545e-06,8.98561597564455e-08,-1.17911972532584e-07,5.29541177429971e-09
52.7,-1.78551846641284e-06,8.8685367023458e-08,-1.16401452814858e-07,5.22869363790125e-09
52.71,-1.7622448948984e-06,8.75295872423176e-08,-1.14907652625535e-07,5.16321088233071e-09
52.72,-1.73927401814211e-06,8.63886620124145e-08,-1.13428643721135e-07,5.09892270261439e-09
52.73,-1.71660140591001e-06,8.52624500296945e-08,-1.11963116912298e-07,5.03571534636962e-09
52.74,-1.6942233953543e-06,8.41508231880815e-08,-1.1051005587625e-07,4.97341541978846e-09
52.75,-1.67213616730777e-06,8.30536614315738e-08,-1.09068738075436e-07,4.91180530439989e-09
52.76,-1.65033621879473e-06,8.19708499218707e-08,-1.0763925788208e-07,4.8506781907321e-09
52.77,-1.62881943488458e-06,8.09022707111185e-08,-1.06222652527737e-07,4.78984635321554e-09
52.78,-1.60758246892101e-06,7.98477884102874e-08,-1.04819154855754e-07,4.72914354003488e-09
52.79,-1.58662181082292e-06,7.88072562037937e-08,-1.03433077506852e-07,4.66847881277271e-09
52.8,-1.56593424538443e-06,7.7780505973412e-08,-1.02062996811652e-07,4.60771850360094e-09
52.81,-1.54551593301022e-06,7.67673444399002e-08,-1.00712582832696e-07,4.54684422619625e-09
52.82,-1.52536377662216e-06,7.57675617034045e-08,-9.93841317928476e-08,4.48584859172075e-09
52.83,-1.50547448996008e-06,7.47809373567709e-08,-9.80783674875133e-08,4.42479922046411e-09
52.84,-1.48584505499372e-06,7.38072371896739e-08,-9.6796244816464e-08,4.36379501197569e-09
52.85,-1.46647178933534e-06,7.28462264396065e-08,-9.55378724974909e-08,4.30301818383376e-09
52.86,-1.44735170604093e-06,7.18976717046184e-08,-9.4302615373744e-08,4.24267161885645e-09
52.87,-1.4284815943455e-06,7.09613466695092e-08,-9.30894876544989e-08,4.18297218382229e-09
52.88,-1.40985847263408e-06,7.00370382768155e-08,-9.1896916630236e-08,4.12412592599497e-09
52.89,-1.39147867805889e-06,6.9124551889855e-08,-9.0722875945164e-08,4.06631474382573e-09
52.9,-1.37333923788674e-06,6.82237148004932e-08,-8.95650719072434e-08,4.00969044338809e-09
52.91,-1.35543695378715e-06,6.73343774278749e-08,-8.84212191259941e-08,3.95436636316225e-09
52.92,-1.33776887079051e-06,6.64564119760056e-08,-8.72892539595189e-08,3.90041229572241e-09
52.93,-1.32033136779341e-06,6.55897091707315e-08,-8.61675190891109e-08,3.84785186245865e-09
52.94,-1.303121533347e-06,6.47341736180899e-08,-8.50548540867974e-08,3.79666503855781e-09
52.95,-1.28613625705043e-06,6.38897182510442e-08,-8.39506999035476e-08,3.74679074293939e-09
52.96,-1.26937270117367e-06,6.30562582374278e-08,-8.28550954681652e-08,3.69813447466911e-09
52.97,-1.2528273964918e-06,6.22337052535385e-08,-8.17686261229413e-08,3.65057813120846e-09
52.98,-1.2364976029744e-06,6.14219627500876e-08,-8.06922811251019e-08,3.60399275477724e-09
52.99,-1.22038041627803e-06,6.06209225187832e-08,-7.96273489678342e-08,3.55824792246265e-09
53,-1.20447322071726e-06,5.98304625833712e-08,-7.85752482830815e-08,3.5132220722682e-09
53.01,-1.18877277710538e-06,5.90504468173617e-08,-7.75373666756998e-08,3.46881090536039e-09
53.02,-1.17327658699651e-06,5.82807262898598e-08,-7.6514873188189e-08,3.42493499403325e-09
53.03,-1.15798197608541e-06,5.75211419927717e-08,-7.55086350994595e-08,3.38154101346033e-09
53.04,-1.1428865569485e-06,5.67715283527485e-08,-7.45191281590695e-08,3.33860194070456e-09
53.05,-1.12798729468011e-06,5.60317173822083e-08,-7.35464041775302e-08,3.29611442931843e-09
53.06,-1.11328188001636e-06,5.53015430833592e-08,-7.25900643225325e-08,3.25409570664891e-09
53.07,-1.09876781362317e-06,5.45808455441189e-08,-7.16493487948308e-08,3.21257538991983e-09
53.08,-1.08444284929732e-06,5.38694740719598e-08,-7.07232184841248e-08,3.17158846307394e-09
53.09,-1.0703040898008e-06,5.31672893947037e-08,-6.98104684651448e-08,3.13116820809498e-09
53.1,-1.05634934310928e-06,5.2474164815093e-08,-6.89098145654924e-08,3.09134162932054e-09
53.11,-1.0425762155819e-06,5.17899861739274e-08,-6.80200506397916e-08,3.05212279223219e-09
53.12,-1.02898256848505e-06,5.11146504597227e-08,-6.71401479543608e-08,3.01350988736998e-09
53.13,-1.01556560228033e-06,5.04480635512867e-08,-6.62693403752524e-08,2.97548425150913e-09
53.14,-1.00232323418936e-06,4.97901374606289e-08,-6.54071387836961e-08,2.93801310906027e-09
53.15,-9.89253186034489e-07,4.91407872812672e-08,-6.45533854939667e-08,2.90105058667855e-09
53.16,-9.76353433657096e-07,4.84999279336105e-08,-6.370823041876e-08,2.86454201053518e-09
53.17,-9.63621315186458e-07,4.786747132794e-08,-6.28720868306417e-08,2.82842900729099e-09
53.18,-9.51054881959124e-07,4.72433242808078e-08,-6.20455251341225e-08,2.79265651534754e-09
53.19,-9.38651997905993e-07,4.66273872486582e-08,-6.1229225186007e-08,2.75717601379473e-09
53.2,-9.26410791635135e-07,4.60195537263702e-08,-6.04238795976968e-08,2.72194983029475e-09
53.21,-9.14328740719839e-07,4.54197106001762e-08,-5.96301119246889e-08,2.68695410672017e-09
53.22,-9.02404037717019e-07,4.48277394340606e-08,-5.88483674121916e-08,2.65218200193817e-09
53.23,-8.90634683337055e-07,4.42435184017828e-08,-5.80788991561128e-08,2.61764179460153e-09
53.24,-8.79018924315744e-07,4.36669243831279e-08,-5.73217321267421e-08,2.58335538726877e-09
53.25,-8.67554357242284e-07,4.30978352779854e-08,-5.65766646507723e-08,2.54935549156646e-09
53.26,-8.56239274149573e-07,4.25361323512385e-08,-5.58432538638647e-08,2.51568352695561e-09
53.27,-8.45071761013116e-07,4.19817022662567e-08,-5.51208956185321e-08,2.48238356170839e-09
53.28,-8.34050147169307e-07,4.14344383792265e-08,-5.44088756775215e-08,2.44949808380224e-09
53.29,-8.23172094932545e-07,4.08942414724988e-08,-5.37064401973202e-08,2.41706404130986e-09
53.3,-8.12435964725466e-07,4.03610199508342e-08,-5.30128268741469e-08,2.38511131873639e-09
53.31,-8.0183990824878e-07,3.98346894117082e-08,-5.23273655143158e-08,2.35365871202546e-09
53.32,-7.91382087861336e-07,3.93151714264072e-08,-5.16495212291238e-08,2.32271299043454e-09
53.33,-7.81060916388299e-07,3.88023920278477e-08,-5.09789231782744e-08,2.29226951372775e-09
53.34,-7.7087414407373e-07,3.82962799123664e-08,-5.03153901599031e-08,2.26231300755305e-09
53.35,-7.60820226375358e-07,3.77967647267998e-08,-4.96588908869187e-08,2.23282141484977e-09
53.36,-7.50897642731729e-07,3.7303775506134e-08,-4.90095616285479e-08,2.20376685511519e-09
53.37,-7.41104217105715e-07,3.6817239124233e-08,-4.83676742160019e-08,2.17511834823481e-09
53.38,-7.31438481338387e-07,3.63370794029517e-08,-4.77335493835025e-08,2.14684702333727e-09
53.39,-7.21898762989781e-07,3.58632167375173e-08,-4.71075449803283e-08,2.11892703340547e-09
53.4,-7.12483415377108e-07,3.53955679940527e-08,-4.64899999345404e-08,2.09133778175519e-09
53.41,-7.03191048501139e-07,3.49340469907348e-08,-4.58811854569497e-08,2.06406575753646e-09
53.42,-6.94019615110619e-07,3.44785653265082e-08,-4.52812804036702e-08,2.03710454678478e-09
53.43,-6.84967766950706e-07,3.40290336063473e-08,-4.46903143732708e-08,2.01045619799154e-09
53.44,-6.76034182411911e-07,3.35853628285804e-08,-4.41081983932062e-08,1.98412832440915e-09
53.45,-6.67216876415466e-07,3.3147465484423e-08,-4.35347348710287e-08,1.95813203325876e-09
53.46,-6.58514561102663e-07,3.27152567689466e-08,-4.29695954970611e-08,1.93248201641395e-09
53.47,-6.49925739892865e-07,3.22886555742221e-08,-4.24123878381578e-08,1.90719253626183e-09
53.48,-6.41449158678142e-07,3.18675849304881e-08,-4.18626842896254e-08,1.8822754256124e-09
53.49,-6.33082901657644e-07,3.14519721473845e-08,-4.13200629951004e-08,1.85773830357189e-09
53.5,-6.24825746697866e-07,3.10417487312674e-08,-4.07841077846691e-08,1.83358497056521e-09
53.51,-6.1667626383155e-07,3.06368499934429e-08,-4.02544764048381e-08,1.80981292673869e-09
53.52,-6.08633263787794e-07,3.02372141740717e-08,-3.97309157992171e-08,1.78641340780531e-09
53.53,-6.00694898267307e-07,2.98427814641031e-08,-3.92132791176102e-08,1.76337196262999e-09
53.54,-5.92860017079033e-07,2.94534931023751e-08,-3.87014911597542e-08,1.74067121655488e-09
53.55,-5.85127263086349e-07,2.90692905331626e-08,-3.81955786655315e-08,1.71829053793851e-09
53.56,-5.77495525178051e-07,2.8690114466078e-08,-3.76956468828255e-08,1.69620781568441e-09
53.57,-5.69963029661835e-07,2.83159042109345e-08,-3.72018602837237e-08,1.67440118259219e-09
53.58,-5.62528709835419e-07,2.79465974074004e-08,-3.67143798841529e-08,1.6528522843963e-09
53.59,-5.55191286721879e-07,2.7582130051864e-08,-3.62333739517868e-08,1.63154574475612e-09
53.6,-5.47949502660572e-07,2.72224365612257e-08,-3.57589861319073e-08,1.61047014638519e-09
53.61,-5.40802346904456e-07,2.68674501835311e-08,-3.52913087655746e-08,1.58961889802512e-09
53.62,-5.33748145237212e-07,2.65171035462614e-08,-3.48303788456581e-08,1.56898968904278e-09
53.63,-5.26785917998041e-07,2.617132942937e-08,-3.43761350268186e-08,1.54858565732037e-09
53.64,-5.1991470595425e-07,2.58300615896526e-08,-3.3928456932569e-08,1.5284127029731e-09
53.65,-5.13132879298439e-07,2.54932352471538e-08,-3.34871772099222e-08,1.50847796306425e-09
53.66,-5.0643950455509e-07,2.51607877057988e-08,-3.30520538020043e-08,1.4887907095507e-09
53.67,-4.9983343597404e-07,2.48326588351043e-08,-3.26228270200881e-08,1.46935927781735e-09
53.68,-4.93313537575091e-07,2.45087911246543e-08,-3.21992337819161e-08,1.45019003334557e-09
53.69,-4.86878916738931e-07,2.4189129654121e-08,-3.17810213204064e-08,1.43128697137677e-09
53.7,-4.80527779345152e-07,2.38736218320214e-08,-3.13679760146781e-08,1.41265068687541e-09
53.71,-4.74259938876287e-07,2.3562217157515e-08,-3.09598898980085e-08,1.39428033034913e-09
53.72,-4.68073860560025e-07,2.32548667148421e-08,-3.05566549387314e-08,1.37616977271268e-09
53.73,-4.61968246767697e-07,2.29515224301562e-08,-3.01581948905424e-08,1.35831120617818e-09
53.74,-4.55942268828835e-07,2.26521368359908e-08,-2.97644655260542e-08,1.34069610730603e-09
53.75,-4.49994884910154e-07,2.23566625685922e-08,-2.93754850851216e-08,1.32331392081699e-09
53.76,-4.44125073606472e-07,2.20650518427091e-08,-2.89913099814778e-08,1.30615355322398e-09
53.77,-4.38331817953497e-07,2.17772561910201e-08,-2.86120159591255e-08,1.28920470173737e-09
53.78,-4.32614121415043e-07,2.14932263596591e-08,-2.82376812817894e-08,1.2724586405658e-09
53.79,-4.26971006106669e-07,2.12129123613141e-08,-2.78683730855366e-08,1.25590875816316e-09
53.8,-4.21401726846682e-07,2.09362636628717e-08,-2.75041344934262e-08,1.23955086263828e-09
53.81,-4.15905102357783e-07,2.06632294287775e-08,-2.71449845084128e-08,1.22338279625427e-09
53.82,-4.10479960244459e-07,2.03937589203363e-08,-2.67908873258874e-08,1.20740545150104e-09
53.83,-4.05125601510292e-07,2.01278020698535e-08,-2.64417528478419e-08,1.19162225093836e-09
53.84,-3.99841101561549e-07,1.98653098274827e-08,-2.60974734832243e-08,1.17603683257493e-09
53.85,-3.94625557120776e-07,1.96062343461762e-08,-2.57579179269076e-08,1.16065296134063e-09
53.86,-3.89478069351412e-07,1.93505292082689e-08,-2.54229353885304e-08,1.14547428396848e-09
53.87,-3.84397977448714e-07,1.90981495610217e-08,-2.50923665983404e-08,1.13050369873398e-09
53.88,-3.79383951809587e-07,1.88490520886358e-08,-2.47660646454756e-08,1.11574239654288e-09
53.89,-3.74435580319243e-07,1.86031950086912e-08,-2.44438689366289e-08,1.10119120031566e-09
53.9,-3.69551554690872e-07,1.83605379462214e-08,-2.41256620945356e-08,1.08684813394815e-09
53.91,-3.64731256752293e-07,1.81210416311212e-08,-2.38113334785627e-08,1.07271025874884e-09
53.92,-3.59973851615791e-07,1.78846676995362e-08,-2.35008144070518e-08,1.05877254865733e-09
53.93,-3.5527851682815e-07,1.76513782620037e-08,-2.31940715811013e-08,1.04502834895362e-09
53.94,-3.50644894453467e-07,1.74211356113718e-08,-2.28910980350881e-08,1.03147031570473e-09
53.95,-3.46071273860105e-07,1.71939018893407e-08,-2.25919269236847e-08,1.01809001027759e-09
53.96,-3.41556867233805e-07,1.69696390802778e-08,-2.22965515365756e-08,1.00488181721388e-09
53.97,-3.37102257219613e-07,1.67483092288315e-08,-2.20049747728496e-08,9.9184070841443e-10
53.98,-3.32705313965675e-07,1.65298739236893e-08,-2.17172785637857e-08,9.78958496397164e-10
53.99,-3.28365734603153e-07,1.6314294314226e-08,-2.14334571058923e-08,9.66231991932295e-10
54,-3.2408277483853e-07,1.61015317166072e-08,-2.11535004109182e-08,9.53659270450026e-10
54.01,-3.19855697483717e-07,1.58915475665053e-08,-2.08773894997747e-08,9.41238881312656e-10
54.02,-3.15683776896947e-07,1.56843036156329e-08,-2.06050824567504e-08,9.28970601776315e-10
54.03,-3.11566295430055e-07,1.54797621543167e-08,-2.03365162548886e-08,9.16855128889427e-10
54.04,-3.0750300084037e-07,1.52778862078226e-08,-2.00716096798323e-08,9.04893707670843e-10
54.05,-3.03491830777602e-07,1.50786395886947e-08,-1.98102880971221e-08,8.93086829147407e-10
54.06,-2.99533912340166e-07,1.48819872579977e-08,-1.95523970721357e-08,8.81438164918622e-10
54.07,-2.95627199164983e-07,1.46878953014843e-08,-1.929787809893e-08,8.69946313359436e-10
54.08,-2.91771471871982e-07,1.44963306025038e-08,-1.9046612117408e-08,8.58611785038266e-10
54.09,-2.87966061662814e-07,1.430726119593e-08,-1.87985040325186e-08,8.47433971860627e-10
54.1,-2.84210316614519e-07,1.41206558967937e-08,-1.85534847786446e-08,8.36410396072123e-10
54.11,-2.8050403866331e-07,1.39364841178207e-08,-1.83115023998938e-08,8.25537715621688e-10
54.12,-2.7684522407867e-07,1.37547155911228e-08,-1.80725420887603e-08,8.14810997178638e-10
54.13,-2.73235060355148e-07,1.35753204633278e-08,-1.78365323261527e-08,8.042282892462e-10
54.14,-2.69671560637619e-07,1.33982690918235e-08,-1.76035112326613e-08,7.93782968646558e-10
54.15,-2.66154561501253e-07,1.32235316346174e-08,-1.73734602902123e-08,7.83471256955937e-10
54.16,-2.62683458984725e-07,1.30510784267542e-08,-1.7146377767602e-08,7.73289616256496e-10
54.17,-2.59257655343959e-07,1.28808797270543e-08,-1.69222730395472e-08,7.6323422612286e-10
54.18,-2.55876559940305e-07,1.27129057283354e-08,-1.67011497614949e-08,7.53302075511921e-10
54.19,-2.52539591016898e-07,1.2547126631221e-08,-1.64830031176561e-08,7.43491030343537e-10
54.2,-2.49246629557831e-07,1.23835127491346e-08,-1.6267816274552e-08,7.33799824109397e-10
54.21,-2.4599574377504e-07,1.22220345309948e-08,-1.60555793877994e-08,7.24227042999576e-10
54.22,-2.42788194881882e-07,1.20626629529499e-08,-1.58461973447136e-08,7.14775282767172e-10
54.23,-2.39622067077505e-07,1.19053695752608e-08,-1.56396607279154e-08,7.0544300934504e-10
54.24,-2.3649726976771e-07,1.17501263390496e-08,-1.54358858296083e-08,6.96231543844168e-10
54.25,-2.33413262940019e-07,1.15969060695163e-08,-1.52347970420251e-08,6.8714195367064e-10
54.26,-2.30369516351914e-07,1.14456822673124e-08,-1.50363288513634e-08,6.78174131247902e-10
54.27,-2.27365958949122e-07,1.12964290806139e-08,-1.48404176763248e-08,6.69327569179514e-10
54.28,-2.24400708681571e-07,1.11491211598706e-08,-1.4647025600827e-08,6.60600345675368e-10
54.29,-2.21475069395183e-07,1.10037338497575e-08,-1.44560500009554e-08,6.51993416658331e-10
54.3,-2.18587174138918e-07,1.0860243040812e-08,-1.4267494279009e-08,6.43502731984195e-10
54.31,-2.15736978503855e-07,1.07186247699281e-08,-1.40813060097437e-08,6.35126526706135e-10
54.32,-2.12923988662794e-07,1.0578855562701e-08,-1.38974553826596e-08,6.26862575210614e-10
54.33,-2.10147718782139e-07,1.04409121065039e-08,-1.37159314669534e-08,6.18707624215558e-10
54.34,-2.07408143992893e-07,1.03047711649052e-08,-1.35367290258583e-08,6.10658497585235e-10
54.35,-2.04703428430264e-07,1.01704094321389e-08,-1.33598655732754e-08,6.02711335733559e-10
54.36,-2.02034921237271e-07,1.0037803777841e-08,-1.31852866368519e-08,5.94866044157645e-10
54.37,-1.99400801648153e-07,9.90693120285052e-09,-1.30130314157013e-08,5.87118476611283e-10
54.38,-1.96800613139203e-07,9.77776857114403e-09,-1.28430692049523e-08,5.79467687800119e-10
54.39,-1.94235275863264e-07,9.65029321028871e-09,-1.26753560584459e-08,5.71913982237378e-10
54.4,-1.91702978824537e-07,9.52448247914741e-09,-1.25099247402685e-08,5.64453807212488e-10
54.41,-1.89203743339306e-07,9.40031378084549e-09,-1.23467228718916e-08,5.57087640784485e-10
54.42,-1.86737140417392e-07,9.27776509482543e-09,-1.21857047526718e-08,5.49816044725854e-10
54.43,-1.8430319670415e-07,9.15681480035777e-09,-1.20268303324152e-08,5.42638808277759e-10
54.44,-1.81900128737311e-07,9.03744159545288e-09,-1.18700756630584e-08,5.35554842838332e-10
54.45,-1.79528887755964e-07,8.91962478594972e-09,-1.17153425774524e-08,5.28566365496613e-10
54.46,-1.77189060757144e-07,8.80334432650958e-09,-1.15626113584071e-08,5.21671782583378e-10
54.47,-1.74879339454037e-07,8.68858023931669e-09,-1.14118709945541e-08,5.14868535942493e-10
54.48,-1.72599321501821e-07,8.57531297637258e-09,-1.12630510655488e-08,5.08157180297735e-10
54.49,-1.70349978567685e-07,8.46352369055473e-09,-1.11160915844844e-08,5.0153779146624e-10
54.5,-1.68129555611074e-07,8.35319366251452e-09,-1.09710210446432e-08,4.95005885100631e-10
54.51,-1.65938126350795e-07,8.24430418112232e-09,-1.08277967241741e-08,4.8856044519963e-10
54.52,-1.63775309758307e-07,8.13683695194178e-09,-1.06863939550753e-08,4.82200166373191e-10
54.53,-1.61641187546024e-07,8.03077381461908e-09,-1.05468029290523e-08,4.75922846795667e-10
54.54,-1.59534028654207e-07,7.92609659172313e-09,-1.04090356445049e-08,4.6972549247846e-10
54.55,-1.57454832283577e-07,7.82278733364039e-09,-1.02730328049603e-08,4.63608708817743e-10
54.56,-1.55403238721874e-07,7.72082836090243e-09,-1.01388113059697e-08,4.57569753975655e-10
54.57,-1.53377531120213e-07,7.62020171619619e-09,-1.00063922664038e-08,4.51605487023877e-10
54.58,-1.5137917941388e-07,7.52088969555287e-09,-9.87571006999467e-09,4.4571741768321e-10
54.59,-1.49406475635772e-07,7.42287484182481e-09,-9.74679192138741e-09,4.39902825831335e-10
54.6,-1.47459985555543e-07,7.32613968887238e-09,-9.61959451875159e-09,4.34161953653203e-10
54.61,-1.45538013640589e-07,7.23066713716425e-09,-9.49410378546552e-09,4.28494143609572e-10
54.62,-1.43641590177879e-07,7.13644051200426e-09,-9.37024138914549e-09,4.22901341871126e-10
54.63,-1.41770388317752e-07,7.04344360883829e-09,-9.24800371645351e-09,4.17381953904283e-10
54.64,-1.3992272229757e-07,6.95166014212699e-09,-9.12739327117539e-09,4.11933681142854e-10
54.65,-1.38100090474325e-07,6.86107425205094e-09,-9.00832860675545e-09,4.065585052557e-10
54.66,-1.36300813302626e-07,6.7716704555593e-09,-8.89082637252727e-09,4.01253793633128e-10
54.67,-1.34525490302906e-07,6.68343333248993e-09,-8.77483882736944e-09,3.96019515456527e-10
54.68,-1.32772451699736e-07,6.59634784184766e-09,-8.66035347056735e-09,3.90854417011709e-10
54.69,-1.31043210060966e-07,6.5103993133784e-09,-8.5472999671299e-09,3.85759628622466e-10
54.7,-1.29336105381128e-07,6.42557333788859e-09,-8.43570721592393e-09,3.80731716442147e-10
54.71,-1.27650841896809e-07,6.34185543212253e-09,-8.32554182334453e-09,3.75769924172731e-10
54.72,-1.2598849252754e-07,6.25923155745424e-09,-8.21676560259667e-09,3.7087426953029e-10
54.73,-1.24347406149639e-07,6.17768760024401e-09,-8.1094254404002e-09,3.66040554633371e-10
54.74,-1.2272729854601e-07,6.09720930489597e-09,-8.00349108189302e-09,3.6126836811385e-10
54.75,-1.21129255070684e-07,6.01778284235819e-09,-7.89892470263356e-09,3.56558216219089e-10
54.76,-1.1955209000547e-07,5.93939432642048e-09,-7.79576994132925e-09,3.51906499944796e-10
54.77,-1.17994621184891e-07,5.86202967273493e-09,-7.69401068324629e-09,3.47312535802603e-10
54.78,-1.16457946397475e-07,5.78567534759581e-09,-7.59356833935542e-09,3.42779039559214e-10
54.79,-1.14941796525159e-07,5.71031819662673e-09,-7.49445067273346e-09,3.38304337980048e-10
54.8,-1.13445002725143e-07,5.63594488387674e-09,-7.39666931778626e-09,3.33886178711471e-10
54.81,-1.11967308313865e-07,5.56254230899921e-09,-7.30017073855386e-09,3.29525787724509e-10
54.82,-1.1050982262617e-07,5.4900979383024e-09,-7.20490545849847e-09,3.2522420082658e-10
54.83,-1.09070927400978e-07,5.41859929054089e-09,-7.11090717596213e-09,3.20978125566292e-10
54.84,-1.07650828695682e-07,5.34803387206692e-09,-7.0181328873313e-09,3.16787878110802e-10
54.85,-1.06249283149396e-07,5.27838963362372e-09,-6.92655347835542e-09,3.12653520271437e-10
54.86,-1.04866044736696e-07,5.20965471627708e-09,-6.83615264084848e-09,3.08574133220493e-10
54.87,-1.03501332837652e-07,5.14181741961683e-09,-6.74691513628006e-09,3.04548773322235e-10
54.88,-1.02153544290218e-07,5.07486608105509e-09,-6.65884755872716e-09,3.00575541798967e-10
54.89,-1.00824267157407e-07,5.00878932043915e-09,-6.57188534217133e-09,2.96655942185442e-10
54.9,-9.95114532997832e-08,4.94357596354652e-09,-6.48606238906683e-09,2.92786966240559e-10
54.91,-9.82166943330753e-08,4.87921483022884e-09,-6.40132805215517e-09,2.88969265846842e-10
54.92,-9.69384013060903e-08,4.81569490621749e-09,-6.31771763930037e-09,2.85199978787801e-10
54.93,-9.56768086979309e-08,4.75300505877934e-09,-6.23520055619204e-09,2.81479045936769e-10
54.94,-9.44316971285275e-08,4.69113448320658e-09,-6.15375866174972e-09,2.77806336921698e-10
54.95,-9.32028543232377e-08,4.63007246798665e-09,-6.07338419837649e-09,2.74180933996251e-10
54.96,-9.19905218665917e-08,4.56980838726363e-09,-5.99406807546885e-09,2.70602051536762e-10
54.97,-9.07931259064299e-08,4.51033160829625e-09,-5.91582004762154e-09,2.67068123567641e-10
54.98,-8.96122784865838e-08,4.45163176626102e-09,-5.83857558697589e-09,2.6358110730573e-10
54.99,-8.8446410195786e-08,4.39369871784088e-09,-5.76236613428771e-09,2.60138528076914e-10
55,-8.72957768294214e-08,4.33652224685075e-09,-5.68715603765172e-09,2.5674068741505e-10
