Time,e_y,e_yaw,e_yawrate,e_beta
0,-7.57870211032241e-09,4.06005699178523e-10,0,0
0.01,-7.64067475955699e-09,4.10904104956885e-10,5.76815215462994e-10,-6.23363820690858e-11
0.02,-7.81382958336962e-09,4.14919680569482e-10,9.85790169277307e-10,-2.04549675481061e-10
0.03,-8.08287481390835e-09,4.16932824997884e-10,1.41438686844125e-09,-4.01513443180345e-10
0.04,-8.41085867619995e-09,4.18219040295223e-10,1.88071560083958e-09,-6.27645244639991e-10
0.05,-8.76045458397812e-09,4.19349254022611e-10,2.34144098558344e-09,-8.64004247240827e-10
0.06,-9.08140940225621e-09,4.21767509038429e-10,2.75704700965133e-09,-1.09657218490101e-09
0.07,-9.34220167891908e-09,4.25837167219698e-10,3.10093160556324e-09,-1.31484002726534e-09
0.08,-9.51537426630011e-09,4.31341804653269e-10,3.35905301873241e-09,-1.51109060584988e-09
0.09,-9.58375245829757e-09,4.39269333618693e-10,3.52679128779681e-09,-1.67996825180913e-09
0.1,-9.53728385155728e-09,4.48560085907568e-10,3.60559767280652e-09,-1.81812441316869e-09
0.11,-9.38257826987865e-09,4.599587933551e-10,3.60039808965383e-09,-1.92389250833901e-09
0.12,-9.12381903361847e-09,4.7197288832164e-10,3.51796530001236e-09,-1.99697522578762e-09
0.13,-8.78307648832788e-09,4.85339353789112e-10,3.36589147282478e-09,-2.03816190636929e-09
0.14,-8.37396552100245e-09,4.98170846544939e-10,3.15207650133474e-09,-2.04907395587275e-09
0.15,-7.92451704256791e-09,5.1131614141377e-10,2.88442246781983e-09,-2.03194923986027e-09
0.16,-7.45115436018295e-09,5.22745489661992e-10,2.57078153288929e-09,-1.98945319169631e-09
0.17,-6.98027413648106e-09,5.33375420083051e-10,2.21889024306863e-09,-1.92452649284169e-09
0.18,-6.52617426766255e-09,5.41091316578793e-10,1.83643790938707e-09,-1.84025311246915e-09
0.19,-6.10758466024208e-09,5.47046804671e-10,1.43103526400893e-09,-1.73975884578997e-09
0.2,-5.7331686065254e-09,5.4927008606421e-10,1.01028421167035e-09,-1.6261233609924e-09
0.21,-5.41039124613008e-09,5.49331645938729e-10,5.81691682275567e-10,-1.50231920997107e-09
0.22,-5.14018783093206e-09,5.45480383350793e-10,1.52676506383913e-10,-1.37115910072783e-09
0.23,-4.92094098802909e-09,5.39550688569241e-10,-2.69608793087325e-10,-1.23526700954059e-09
0.24,-4.7478652120958e-09,5.30029355575082e-10,-6.78334907550151e-10,-1.09705157833796e-09
0.25,-4.61365523563018e-09,5.18879535782618e-10,-1.06721425069941e-09,-9.58697973071367e-10
0.26,-4.51048887128991e-09,5.04747322299701e-10,-1.43056983776568e-09,-8.22157336345961e-10
0.27,-4.42905001563076e-09,4.89653768296527e-10,-1.76353734445421e-09,-6.89150524762413e-10
0.28,-4.36114344637417e-09,4.72319390822663e-10,-2.06209750708987e-09,-5.61166420544561e-10
0.29,-4.29809077218124e-09,4.54737906699662e-10,-2.32322372559025e-09,-4.39471986771088e-10
0.3,-4.23371382396454e-09,4.35685602605844e-10,-2.54485019951486e-09,-3.25115251372519e-10
0.31,-4.16160172989066e-09,4.16991523286849e-10,-2.72594826418605e-09,-2.18938582272236e-10
0.32,-4.07879863217886e-09,3.97528236092927e-10,-2.86642548825803e-09,-1.21584380590533e-10
0.33,-3.98148092273232e-09,3.78877496275286e-10,-2.96712752604906e-09,-3.35098522920982e-11
0.34,-3.87055276718229e-09,3.59950520023583e-10,-3.02939871690704e-09,4.50140243835258e-11
0.35,-3.74357966848038e-09,3.42121794594496e-10,-3.0555179256005e-09,1.13875109634924e-10
0.36,-3.60564467172253e-09,3.24360262069029e-10,-3.04884887365704e-09,1.73083983218334e-10
0.37,-3.45405570811863e-09,3.07971414514257e-10,-2.99306424489246e-09,2.24257610170572e-10
0.38,-3.29127924914019e-09,2.92459571950765e-10,-2.9354947202024e-09,2.66751753908345e-10
0.39,-3.12512860034531e-09,2.77135883540956e-10,-2.85836753628207e-09,3.02119083680851e-10
0.4,-2.9513484989252e-09,2.62934552927596e-10,-2.76146036659793e-09,3.31279398145107e-10
0.41,-2.78208567294769e-09,2.48922287620316e-10,-2.64753390752802e-09,3.54041035118435e-10
0.42,-2.61008015201014e-09,2.35852507159623e-10,-2.52119152592933e-09,3.70014057417624e-10
0.43,-2.44787301539873e-09,2.22964809779658e-10,-2.38678839060638e-09,3.7904387706545e-10
0.44,-2.28512764266497e-09,2.10834565960252e-10,-2.24767005825836e-09,3.81285657566093e-10
0.45,-2.13475459531764e-09,1.98887268746067e-10,-2.10622541704813e-09,3.77138808821013e-10
0.46,-1.98402716478085e-09,1.87559796766047e-10,-1.96431790467111e-09,3.67153468413162e-10
0.47,-1.84613035969505e-09,1.76467591213734e-10,-1.82354102881503e-09,3.51966932102492e-10
0.48,-1.70676184296781e-09,1.65853798992231e-10,-1.68539440432282e-09,3.32261625409292e-10
0.49,-1.57947077639164e-09,1.55540670706747e-10,-1.55124546704609e-09,3.08745331557909e-10
0.5,-1.44907019716811e-09,1.45618341881344e-10,-1.42232205009739e-09,2.82133928765738e-10
0.51,-1.32971944566407e-09,1.36068554993907e-10,-1.29963856859844e-09,2.53140488220435e-10
0.52,-1.20588250496212e-09,1.26843294062035e-10,-1.18401455032607e-09,2.22460796956166e-10
0.53,-1.09259978842147e-09,1.17996779846229e-10,-1.07604941070596e-09,1.90763357789025e-10
0.54,-9.7423580314171e-10,1.09391581406337e-10,-9.76167902868021e-10,1.58677303940794e-10
0.55,-8.66616112205065e-10,1.01193969579776e-10,-8.84607359351502e-10,1.26785673520081e-10
0.56,-7.54164730665252e-10,9.3168697547008e-11,-8.01461223454037e-10,9.56172307220572e-11
0.57,-6.53389342630817e-10,8.55029222490924e-11,-7.26668934046551e-10,6.56430838707814e-11
0.58,-5.4865001430926e-10,7.79302249932261e-11,-6.60052539941822e-10,3.72722216075634e-11
0.59,-4.56924276193149e-10,7.06741544312635e-11,-6.01726182776506e-10,1.08370651685524e-11
0.6,-3.62358143490837e-10,6.34331803973445e-11,-5.51063905150375e-10,-1.33726116974689e-11
0.61,-2.82248890925985e-10,5.64542593888311e-11,-5.07243221438928e-10,-3.51200893005174e-11
0.62,-2.00284233642378e-10,4.9452890738628e-11,-4.69685544418398e-10,-5.42472223260131e-11
0.63,-1.33502986443546e-10,4.26819700321983e-11,-4.33245018802031e-10,-7.02076773448014e-11
0.64,-6.53539444783746e-11,3.58380777637299e-11,-4.09487980508813e-10,-8.34940096105882e-11
0.65,-1.30198074543841e-11,2.91606675562647e-11,-3.88936681561864e-10,-9.36794736974348e-11
0.66,4.04360989136876e-11,2.23793355513904e-11,-3.69100354688143e-10,-1.00811963310732e-10
0.67,8.67714788910234e-11,1.56519229494861e-11,-3.49999616957719e-10,-1.05134671417911e-10
0.68,1.17632126261924e-10,9.07611343370063e-12,-3.31407481393637e-10,-1.06928733887704e-10
0.69,1.50714107860495e-10,2.49302283380432e-12,-3.13200766598517e-10,-1.06345922318444e-10
0.7,1.69695368867906e-10,-3.89677237641855e-12,-2.95530881082133e-10,-1.0367332284681e-10
0.71,1.92148519317925e-10,-1.02719933516632e-11,-2.79061721679486e-10,-9.91379563412402e-11
0.72,2.0220447538577e-10,-1.64125630047939e-11,-2.62689402354615e-10,-9.30472405535461e-11
0.73,2.17069029417871e-10,-2.25244757443532e-11,-2.45200460853884e-10,-8.57239453848295e-11
0.74,2.21363372077121e-10,-2.83229052198933e-11,-2.2565472219129e-10,-7.74745974025577e-11
0.75,2.31656471783026e-10,-3.40286915788732e-11,-2.03443331740462e-10,-6.85796098441137e-11
0.76,2.32982522163638e-10,-3.93469600780457e-11,-1.78207696864914e-10,-5.92893533513093e-11
0.77,2.41096920206019e-10,-4.44983200914292e-11,-1.49800641019741e-10,-4.98260673786606e-11
0.78,2.41454856109158e-10,-4.91689527018472e-11,-1.18220604603007e-10,-4.03839761782623e-11
0.79,2.49040787991817e-10,-5.36312832145306e-11,-8.36043226189523e-11,-3.11319756750192e-11
0.8,2.49674947383483e-10,-5.75574756369888e-11,-4.61861341300629e-11,-2.22138499402797e-11
0.81,2.57631249667156e-10,-6.1224132158989e-11,-6.29697356435063e-12,-1.37504649138224e-11
0.82,2.59115395806475e-10,-6.43014270812957e-11,3.5670612001465e-11,-5.83996213098709e-12
0.83,2.67810662535339e-10,-6.70901121649859e-11,7.96863187899914e-11,1.45439643233179e-12
0.84,2.70240718691639e-10,-6.92554386499437e-11,1.25045301668537e-10,8.06813900643656e-12
0.85,2.79584355666884e-10,-7.11370551555578e-11,1.70925326862552e-10,1.39459888283412e-11
0.86,2.82811996044074e-10,-7.23801468616122e-11,2.16818036201194e-10,1.90670786675175e-11
0.87,2.92571300519739e-10,-7.33534602842842e-11,2.62201252056595e-10,2.34239024221071e-11
0.88,2.96224378359966e-10,-7.37030061185154e-11,3.06568261393895e-10,2.70222899583125e-11
0.89,3.06092928781254e-10,-7.38082565168516e-11,3.49428942706996e-10,2.98795246542011e-11
0.9,3.09952064014851e-10,-7.33244168274871e-11,3.90329144551794e-10,3.20234110191377e-11
0.91,3.19656301428495e-10,-7.26404165448684e-11,4.2884693527046e-10,3.34900689822113e-11
0.92,3.23433724247479e-10,-7.1419566314271e-11,4.64608237063786e-10,3.43229592956382e-11
0.93,3.32832428284746e-10,-7.00195334307244e-11,4.9773512752509e-10,3.4614995038808e-11
0.94,3.3640379371036e-10,-6.8167309427623e-11,5.26684438338466e-10,3.43641758194739e-11
0.95,3.45357520359357e-10,-6.61971367480256e-11,5.52077135945559e-10,3.36637270348559e-11
0.96,3.48660655902222e-10,-6.38609663777724e-11,5.74022111480498e-10,3.25724773851044e-11
0.97,3.57206708656577e-10,-6.14546392793699e-11,5.9231153403737e-10,3.11297381157407e-11
0.98,3.65527164092327e-10,-5.8875646618428e-11,6.06718337496416e-10,2.93746495804947e-11
0.99,3.6854164164879e-10,-5.60332708281693e-11,6.17108066853842e-10,2.73513875570962e-11
1,3.76493503040365e-10,-5.3222581827383e-11,6.23458567652109e-10,2.51084745059185e-11
1.01,3.79406728256981e-10,-5.02154495408404e-11,6.25869122610237e-10,2.26989485128065e-11
1.02,3.86999765566998e-10,-4.73145988897881e-11,6.24432154315328e-10,2.01728281208412e-11
1.03,3.89809073908509e-10,-4.43069457631382e-11,6.19290611462519e-10,1.75777737143737e-11
1.04,3.97114341410543e-10,-4.14486461973185e-11,6.1065730795045e-10,1.49562232861405e-11
1.05,3.99864141797934e-10,-3.85302491253763e-11,5.98783116092052e-10,1.23468718619551e-11
1.06,4.06793709828435e-10,-3.5848762126784e-11,5.83926111005056e-10,9.78512170163051e-12
1.07,4.09360545461368e-10,-3.31432484382121e-11,5.66355527897379e-10,7.30372094739753e-12
1.08,4.15797174468935e-10,-3.07167490040172e-11,5.46348416603466e-10,4.9321695793793e-12
1.09,4.17994527879273e-10,-2.83350142109213e-11,5.24195920788723e-10,2.69656140901921e-12
1.1,4.23813872885148e-10,-2.62459026459193e-11,5.00196978670091e-10,6.18992634360205e-13
1.11,4.25504964596257e-10,-2.42490628513682e-11,4.74662657405949e-10,-1.28217783203659e-12
1.12,4.3050185638549e-10,-2.25734612628926e-11,4.47904787058018e-10,-2.99282074754337e-12
1.13,4.31521485211306e-10,-2.10068373649574e-11,4.20240358667574e-10,-4.50252772709996e-12
1.14,4.35639080365036e-10,-1.97693267510872e-11,3.91981371107904e-10,-5.80483635431881e-12
1.15,4.35955271882449e-10,-1.86530784727321e-11,3.63437292454041e-10,-6.89675659439106e-12
1.16,4.39116298878162e-10,-1.78725310420809e-11,3.34479352737272e-10,-7.79336498284868e-12
1.17,4.38636682531524e-10,-1.72278778095093e-11,3.05612455765997e-10,-8.4915785526332e-12
1.18,4.40851799510256e-10,-1.68996961133166e-11,2.77408629879743e-10,-8.98284092493983e-12
1.19,4.3962433693423e-10,-1.67024945259272e-11,2.50107119251796e-10,-9.27840065844962e-12
1.2,4.40909531107536e-10,-1.68226209166008e-11,2.23881700886055e-10,-9.39444016657076e-12
1.21,4.38978631223108e-10,-1.70320353653925e-11,1.99057419245118e-10,-9.34160927695617e-12
1.22,4.39437819466093e-10,-1.75155269782421e-11,1.75780809339373e-10,-9.13776718716261e-12
1.23,4.3684078576689e-10,-1.80902934239487e-11,1.54176224200152e-10,-8.8014113290367e-12
1.24,4.3660364212883e-10,-1.8881619878015e-11,1.34373283418886e-10,-8.34938217949044e-12
1.25,4.33488800410942e-10,-1.97427801185445e-11,1.16488651968559e-10,-7.79793394616824e-12
1.26,4.32577529352329e-10,-2.07855075557602e-11,1.00609516412902e-10,-7.16343661447725e-12
1.27,4.31333191386329e-10,-2.19247445085005e-11,8.67975839187189e-11,-6.46189558876507e-12
1.28,4.27501589683743e-10,-2.30584072144213e-11,7.50844194351035e-11,-5.70904897725983e-12
1.29,4.25699475670172e-10,-2.43264114431313e-11,6.54735359993375e-11,-4.92015512885671e-12
1.3,4.21486845425534e-10,-2.55513308110061e-11,5.78921665241668e-11,-4.11412933823385e-12
1.31,4.19177581534314e-10,-2.68745411191594e-11,5.23635844489513e-11,-3.30488064364395e-12
1.32,4.1462744349019e-10,-2.81081619260235e-11,4.88721932349678e-11,-2.50688158799983e-12
1.33,4.11882083994897e-10,-2.9405572330728e-11,4.73227924376347e-11,-1.73018287187043e-12
1.34,4.0701397807652e-10,-3.05859363490935e-11,4.78081571275732e-11,-9.76370306295618e-13
1.35,4.03860056508165e-10,-3.17682340834805e-11,5.04240596335817e-11,-2.38787761390093e-13
1.36,3.987219443502e-10,-3.28141863000616e-11,5.44820104706638e-11,4.49886339344373e-13
1.37,3.9519676420241e-10,-3.38298011394244e-11,5.98501555219736e-11,1.08749008543345e-12
1.38,3.89849041937396e-10,-3.46846530172041e-11,6.63816239187811e-11,1.67111181444217e-12
1.39,3.86008558450612e-10,-3.54847522778237e-11,7.39190142189778e-11,2.19785600643804e-12
1.4,3.80462772398005e-10,-3.61051726331159e-11,8.23010206811238e-11,2.66549506407871e-12
1.41,3.76326525497461e-10,-3.66621861929078e-11,9.13625734184353e-11,3.07248426192954e-12
1.42,3.70656394466096e-10,-3.70266015301386e-11,1.00938858005141e-10,3.41805611188105e-12
1.43,3.66308761101664e-10,-3.73171913450194e-11,1.10865907849898e-10,3.70216096899788e-12
1.44,3.60520502340478e-10,-3.74171924711672e-11,1.20983380878673e-10,3.92544611668745e-12
1.45,3.56045859462029e-10,-3.74133413796239e-11,1.31135441277525e-10,4.08917301613082e-12
1.46,3.50282469696594e-10,-3.72355481763917e-11,1.41173374117095e-10,4.19521526516115e-12
1.47,3.45714568084077e-10,-3.69747523346015e-11,1.5094712378788e-10,4.24580666509971e-12
1.48,3.39956507389161e-10,-3.65357758497915e-11,1.60301179185231e-10,4.23946758093434e-12
1.49,3.35377947635607e-10,-3.60228463276149e-11,1.6919755293464e-10,4.18365047289856e-12
1.5,3.29718474745277e-10,-3.53490073939457e-11,1.77470143168707e-10,4.07852080143073e-12
1.51,3.25242055509989e-10,-3.45886799393925e-11,1.84995979780832e-10,3.92729422267033e-12
1.52,3.19774429158315e-10,-3.36982337467784e-11,1.91688532912242e-10,3.73501169050795e-12
1.53,3.15420578544945e-10,-3.27488826097908e-11,1.97479406184267e-10,3.50711700480816e-12
1.54,3.11147552167768e-10,-3.17083072099576e-11,2.02312789450329e-10,3.24908656199839e-12
1.55,3.06003222760864e-10,-3.05665188620217e-11,2.06142592508288e-10,2.96619544295416e-12
1.56,3.01917602030244e-10,-2.94034372244175e-11,2.0893195953082e-10,2.66344094985996e-12
1.57,2.97080582356557e-10,-2.81482318844695e-11,2.10657684090719e-10,2.34576179985722e-12
1.58,2.93263191508686e-10,-2.68871586373955e-11,2.11309960693611e-10,2.01796127831412e-12
1.59,2.88753021493449e-10,-2.55786985520736e-11,2.10891072670493e-10,1.68461155323131e-12
1.6,2.85207413242006e-10,-2.42626578717761e-11,2.09399107101106e-10,1.3493413401408e-12
1.61,2.81044520988871e-10,-2.29257055936797e-11,2.06880013009087e-10,1.01518227156966e-12
1.62,2.77814216076422e-10,-2.16143792063725e-11,2.03377980970546e-10,6.85447077419229e-13
1.63,2.74067879502127e-10,-2.02800321418874e-11,1.98947161431224e-10,3.63679060197859e-13
1.64,2.71149325214992e-10,-1.90116907659603e-11,1.93632513843056e-10,5.39660870660546e-14
1.65,2.67622368710363e-10,-1.77601795077967e-11,1.87483730229619e-10,-2.39888430137804e-13
1.66,2.6499513694489e-10,-1.65602800796703e-11,1.80563189852681e-10,-5.1460662192659e-13
1.67,2.61947796786899e-10,-1.53879359725387e-11,1.72945193699997e-10,-7.67439677733171e-13
1.68,2.59489318921169e-10,-1.43123645635513e-11,1.64709437923274e-10,-9.96404784890718e-13
1.69,2.56778598384244e-10,-1.32539991460137e-11,1.55939616914364e-10,-1.20015228655932e-12
1.7,2.54576804081807e-10,-1.23168675023864e-11,1.46724424215345e-10,-1.37771290496238e-12
1.71,2.52173393278099e-10,-1.14005757208192e-11,1.37152714905985e-10,-1.52868166646486e-12
1.72,2.50230058895795e-10,-1.06090045274966e-11,1.27315957875424e-10,-1.65296806862174e-12
1.73,2.48050469053851e-10,-9.86459946825983e-12,1.17303345830682e-10,-1.75097850206359e-12
1.74,2.4636559459168e-10,-9.21848977676578e-12,1.07204100255927e-10,-1.82339002759311e-12
1.75,2.4429169798168e-10,-8.66863407577327e-12,9.7105182439607e-11,-1.87118162002787e-12
1.76,2.42907916003787e-10,-8.1696453433237e-12,8.7090064911735e-11,-1.89564601720449e-12
1.77,2.4103474771664e-10,-7.76957776676562e-12,7.68149952116845e-11,-1.91256519131051e-12
1.78,2.39647413025068e-10,-7.46482784282348e-12,6.65713864633997e-11,-1.91698169281307e-12
1.79,2.37911912392974e-10,-7.24363494052884e-12,5.66706623321639e-11,-1.89972625484859e-12
1.8,2.36691555244306e-10,-7.09028636989022e-12,4.72921587278208e-11,-1.8621260180992e-12
1.81,2.35095498624105e-10,-7.01322173766066e-12,3.84602098465555e-11,-1.80834082999059e-12
1.82,2.33842278873908e-10,-7.01725906847739e-12,3.01462919227618e-11,-1.74434935470273e-12
1.83,2.32558861057441e-10,-7.10915987634855e-12,2.23895515835838e-11,-1.6710502646419e-12
1.84,2.3093349454939e-10,-7.23781406874486e-12,1.52407874567965e-11,-1.58831484923957e-12
1.85,2.29653629446602e-10,-7.42670492554775e-12,8.74294607393276e-12,-1.49613014898912e-12
1.86,2.28008723013318e-10,-7.66793706588886e-12,2.92584223426758e-12,-1.39488914358482e-12
1.87,2.26663132707472e-10,-7.9449807929992e-12,-2.19328527964656e-12,-1.28543145117589e-12
1.88,2.25008456311571e-10,-8.25353321464729e-12,-6.6241032250822e-12,-1.16954123697336e-12
1.89,2.23624674333678e-10,-8.59100155005168e-12,-1.03434977578774e-11,-1.04953466863114e-12
1.9,2.218989436642e-10,-8.94760879646473e-12,-1.33518522380439e-11,-9.2739550388553e-13
1.91,2.20387263993871e-10,-9.31730678623056e-12,-1.56541583921013e-11,-8.04510498892254e-13
1.92,2.18566498233486e-10,-9.7113151004705e-12,-1.72779777588132e-11,-6.81331320524068e-13
1.93,2.16810569497738e-10,-1.01210955719324e-11,-1.82583366978905e-11,-5.58163330466878e-13
1.94,2.14900985895383e-10,-1.05084387984781e-11,-1.86296601612882e-11,-4.35290800912355e-13
1.95,2.13187689723782e-10,-1.08802835427765e-11,-1.84262400625548e-11,-3.13077031333121e-13
1.96,2.11175965603161e-10,-1.12460997223083e-11,-1.76859569125911e-11,-1.92195182461739e-13
1.97,2.09370298875911e-10,-1.15845086579611e-11,-1.64521848401928e-11,-7.364458598235e-14
1.98,2.07283967768035e-10,-1.1908228953242e-11,-1.47672306897439e-11,4.17146180464197e-14
1.99,2.05393924090913e-10,-1.22033324680981e-11,-1.2685299759885e-11,1.52685922778399e-13
2,2.03245420493658e-10,-1.24591253964634e-11,-1.01832284907295e-11,2.57875527633909e-13
2.01,2.01310967895552e-10,-1.26738848105898e-11,-6.76303133993191e-12,3.83472443071108e-13
2.02,1.99009697610109e-10,-1.28822662012602e-11,-3.1864339364121e-12,4.92596304700292e-13
2.03,1.96997085311068e-10,-1.30338722585564e-11,5.07442220229588e-13,5.86692338883247e-13
2.04,1.94829929967e-10,-1.31246319127487e-11,4.27856417546563e-12,6.66440491352241e-13
2.05,1.92884819227856e-10,-1.31651182651316e-11,8.0830638345394e-12,7.3192733677088e-13
2.06,1.907407565227e-10,-1.31625926750739e-11,1.18755236069716e-11,7.83092921273965e-13
2.07,1.88791204891459e-10,-1.31271043021068e-11,1.56105798996571e-11,8.19908338165991e-13
2.08,1.86687998393609e-10,-1.30415965338841e-11,1.92449145274614e-11,8.42563103125643e-13
2.09,1.84799731073326e-10,-1.29156751852057e-11,2.27383862142142e-11,8.51482859124822e-13
2.1,1.82759585243275e-10,-1.2760895245498e-11,2.60537000265616e-11,8.47258967886324e-13
2.11,1.80779835545763e-10,-1.25864127114774e-11,2.91560341192414e-11,8.30575785239912e-13
2.12,1.78991044208487e-10,-1.23465370625625e-11,3.20157671594926e-11,8.02344021282367e-13
2.13,1.77093006925588e-10,-1.2076640164166e-11,3.46091882357232e-11,7.63706353159732e-13
2.14,1.75421455139713e-10,-1.17762112433242e-11,3.69130031273112e-11,7.15653246238642e-13
2.15,1.73655756441349e-10,-1.1460824336742e-11,3.89069598190596e-11,6.59141290985415e-13
2.16,1.72070357962184e-10,-1.11118592400518e-11,4.05745798051621e-11,5.95168565826197e-13
2.17,1.70425451528899e-10,-1.07548761695022e-11,4.18963184048018e-11,5.24443988512907e-13
2.18,1.68991931559503e-10,-1.03707899647818e-11,4.28737532828828e-11,4.47572981169418e-13
2.19,1.67480251889174e-10,-9.98590770609114e-12,4.35108860316779e-11,3.65440122431283e-13
2.2,1.6604140284926e-10,-9.60696722893199e-12,4.38107690067613e-11,2.79200768230038e-13
2.21,1.64629199161936e-10,-9.21660816660397e-12,4.37743161723309e-11,1.90487819892464e-13
2.22,1.63467461788969e-10,-8.80317477578776e-12,4.34072102811485e-11,1.01116463140026e-13
2.23,1.6222045928771e-10,-8.42057286874976e-12,4.27201221988625e-11,1.27123416814547e-14
2.24,1.61191060499277e-10,-8.02104551499342e-12,4.1725271093475e-11,-7.35389164584319e-14
2.25,1.60094160150948e-10,-7.63212629340048e-12,4.04403290961116e-11,-1.56525114310152e-13
2.26,1.59191770876532e-10,-7.2584457100233e-12,3.8884722115465e-11,-2.35356370788698e-13
2.27,1.58205004652245e-10,-6.90090529265673e-12,3.7079649623711e-11,-3.0932537803903e-13
2.28,1.57404755896096e-10,-6.56341858829422e-12,3.50485069212321e-11,-3.77822708778324e-13
2.29,1.56557433683702e-10,-6.23784315546773e-12,3.28172248631417e-11,-4.4030239220584e-13
2.3,1.55865542694755e-10,-5.93617542237794e-12,3.04132257394886e-11,-4.96330306637748e-13
2.31,1.55097268361715e-10,-5.66765478753183e-12,2.78643213037286e-11,-5.4562220826876e-13
2.32,1.54490642501059e-10,-5.41738035500908e-12,2.49825135131322e-11,-5.94010010466883e-13
2.33,1.53849377682036e-10,-5.1904069307445e-12,2.15656424006719e-11,-6.54337654760654e-13
2.34,1.53354662302263e-10,-4.98898545903772e-12,1.81901415176031e-11,-6.993111052051e-13
2.35,1.52751589155287e-10,-4.83832191572931e-12,1.48649277094716e-11,-7.31831630646231e-13
2.36,1.52287960020203e-10,-4.71212173022206e-12,1.16079524237722e-11,-7.53360413379495e-13
2.37,1.51848311702452e-10,-4.599870949798e-12,8.44256205561851e-12,-7.6460598207115e-13
2.38,1.51451295948846e-10,-4.53681741533041e-12,5.39082899144203e-12,-7.66198832538146e-13
2.39,1.51028523021068e-10,-4.49471463194185e-12,2.47173711466912e-12,-7.58943035175802e-13
2.4,1.50498280504507e-10,-4.5070938153031e-12,-2.95823457603309e-13,-7.43592825731437e-13
2.41,1.50111922891938e-10,-4.51125580886443e-12,-2.89393423883686e-12,-7.20867193323863e-13
2.42,1.49612766620066e-10,-4.56651569088143e-12,-5.30356464932325e-12,-6.91343448486753e-13
2.43,1.49250389824829e-10,-4.6274669683524e-12,-7.51039051479529e-12,-6.55795579733127e-13
2.44,1.48754786266636e-10,-4.70891676586434e-12,-9.50146659161871e-12,-6.14983392610532e-13
2.45,1.48386192222461e-10,-4.80945367621084e-12,-1.12699026929541e-11,-5.69726900583903e-13
2.46,1.47893253199527e-10,-4.93487511405199e-12,-1.28097099200505e-11,-5.21724956104399e-13
2.47,1.47630352387296e-10,-5.03943683673486e-12,-1.41124034193087e-11,-4.7176710946162e-13
2.48,1.47120537974388e-10,-5.1817151389104e-12,-1.51674645265988e-11,-4.20934362989449e-13
2.49,1.4669865322503e-10,-5.33373430796272e-12,-1.59807650089209e-11,-3.69962898065985e-13
2.5,1.46124889965904e-10,-5.49204990707341e-12,-1.65597602972495e-11,-3.19238495844455e-13
2.51,1.45647049976105e-10,-5.64661317732559e-12,-1.6911601095991e-11,-2.689608581995e-13
2.52,1.45027101439155e-10,-5.82945267474807e-12,-1.70437398066627e-11,-2.19318807350996e-13
2.53,1.44509293420469e-10,-5.99532012741264e-12,-1.69657054737014e-11,-1.7059445623788e-13
2.54,1.43852041389891e-10,-6.15871538678442e-12,-1.66858548932819e-11,-1.22952271466136e-13
2.55,1.43456801993125e-10,-6.28345797328535e-12,-1.6215235170988e-11,-7.66294234672945e-14
2.56,1.42771128253116e-10,-6.43722307723271e-12,-1.55671813428698e-11,-3.19609434828568e-14
2.57,1.42170719641399e-10,-6.58435517139504e-12,-1.47603194457686e-11,1.04653034092477e-14
2.58,1.41429978839369e-10,-6.73073375055268e-12,-1.38113856757224e-11,5.02847818613042e-14
2.59,1.408047012319e-10,-6.85880363812984e-12,-1.2735545777678e-11,8.73503729124927e-14
2.6,1.40038203255699e-10,-6.97473149094938e-12,-1.15475355481356e-11,1.21605910262994e-13
2.61,1.39375622154603e-10,-7.08785542583466e-12,-1.02636151737331e-11,1.52937771385136e-13
2.62,1.38683731165656e-10,-7.15147792523165e-12,-8.90030237694333e-12,1.81219381162631e-13
2.63,1.38083322553939e-10,-7.21858478842691e-12,-7.11726275905061e-12,2.18095426611126e-13
2.64,1.3728129744095e-10,-7.28188264373949e-12,-5.00402491712331e-12,2.62938146553568e-13
2.65,1.36609834555657e-10,-7.30763678819466e-12,-2.96309601399838e-12,2.96397006449772e-13
2.66,1.35792710409532e-10,-7.33015739041953e-12,-9.91749566491657e-13,3.21004360757665e-13
2.67,1.35135458378954e-10,-7.32545364330415e-12,9.01218407351515e-13,3.37739726119755e-13
2.68,1.34527944339879e-10,-7.28463662713474e-12,2.70554684097812e-12,3.47156430105414e-13
2.69,1.33831612458835e-10,-7.22530315060775e-12,4.41090481386516e-12,3.49705561972689e-13
2.7,1.33168143179319e-10,-7.17711352112455e-12,6.00470128464045e-12,3.4567086176758e-13
2.71,1.32387434348402e-10,-7.11260971016076e-12,7.47117684983722e-12,3.35156982942039e-13
2.72,1.31761268562514e-10,-7.03519579875967e-12,8.80765539495187e-12,3.18590632007181e-13
2.73,1.31033850436779e-10,-6.93526643436498e-12,1.00107187352282e-11,2.96401040663495e-13
2.74,1.30539135057006e-10,-6.8074215642186e-12,1.1078216293631e-11,2.69244860332961e-13
2.75,1.29886323918527e-10,-6.67739452046968e-12,1.20054812875369e-11,2.37839161960802e-13
2.76,1.2931433701624e-10,-6.5577549130589e-12,1.27851711658008e-11,2.02811891123014e-13
2.77,1.28657084985662e-10,-6.42999910323602e-12,1.3412346904601e-11,1.64840986273582e-13
2.78,1.28112631614385e-10,-6.28911093392137e-12,1.38871276499199e-11,1.24761436174523e-13
2.79,1.27423405160698e-10,-6.16085749016229e-12,1.42125089775603e-11,8.3422988354803e-14
2.8,1.26982868664527e-10,-5.98705066440132e-12,1.43921316031497e-11,4.15377370234631e-14
2.81,1.26216370688326e-10,-5.85529697580012e-12,1.44319849345751e-11,-1.7887389374273e-16
2.82,1.2558221129666e-10,-5.70738340008624e-12,1.43354995014812e-11,-4.13239471848228e-14
2.83,1.24784627075769e-10,-5.57767913284749e-12,1.41106408736239e-11,-8.13436735886212e-14
2.84,1.24087407016304e-10,-5.45203370709443e-12,1.37670462090694e-11,-1.19670777694748e-13
2.85,1.23396404205778e-10,-5.30273635324334e-12,1.33164502462538e-11,-1.55743211587975e-13
2.86,1.2273737581836e-10,-5.17731602654049e-12,1.27712825412188e-11,-1.89071528106966e-13
2.87,1.21947785203247e-10,-5.06554848525138e-12,1.21417815656877e-11,-2.19461291362955e-13
2.88,1.21288756815829e-10,-4.96180096283463e-12,1.12937638545081e-11,-2.49766028033646e-13
2.89,1.20548016013799e-10,-4.86940509676802e-12,9.8552652115638e-12,-2.99647236450534e-13
2.9,1.20129683978121e-10,-4.75671871461827e-12,8.46918954396278e-12,-3.37489580495543e-13
2.91,1.19591447855782e-10,-4.68314900660621e-12,7.12947398990517e-12,-3.66014518192317e-13
2.92,1.19188214853239e-10,-4.6326443455172e-12,5.83479361697232e-12,-3.86792061429684e-13
2.93,1.18781429137016e-10,-4.58493486034954e-12,4.58946446038207e-12,-4.00587401593764e-13
2.94,1.18534515536339e-10,-4.55038285164725e-12,3.40020037170635e-12,-4.07856130930095e-13
2.95,1.18510534719007e-10,-4.49202301479231e-12,2.27258445602479e-12,-4.09083348521669e-13
2.96,1.18254739334134e-10,-4.4788951707214e-12,1.21054497888272e-12,-4.04850065317596e-13
2.97,1.18149046102189e-10,-4.46826727957538e-12,2.14003266885374e-13,-3.95999032292062e-13
2.98,1.17920784248327e-10,-4.47499442969676e-12,-7.14623308999895e-13,-3.83151976685594e-13
2.99,1.17815091016382e-10,-4.49169907682835e-12,-1.57197734711122e-12,-3.66789431193715e-13
3,1.17765353024879e-10,-4.48008223523238e-12,-2.35416639886541e-12,-3.47332010938624e-13
3.01,1.17624132656147e-10,-4.52123522106313e-12,-3.06018207439432e-12,-3.25296356988506e-13
3.02,1.17345244632361e-10,-4.55904162814826e-12,-3.68851494483864e-12,-3.01486458912425e-13
3.03,1.17132081811633e-10,-4.61265110687525e-12,-4.23661115041441e-12,-2.76404332882684e-13
3.04,1.16830989327354e-10,-4.65249667492443e-12,-4.69995377420188e-12,-2.503310094431e-13
3.05,1.16686216244943e-10,-4.67989473323164e-12,-5.07618595951279e-12,-2.23433677829881e-13
3.06,1.16290976848177e-10,-4.75370636577848e-12,-5.36570970691162e-12,-1.95971843970453e-13
3.07,1.15949028156592e-10,-4.81337775355007e-12,-5.57648351207525e-12,-1.6875445207291e-13
3.08,1.15497833519385e-10,-4.88245177783688e-12,-5.6968275306678e-12,-1.41500039768234e-13
3.09,1.15242038134511e-10,-4.91791595872052e-12,-5.73392497798375e-12,-1.14636912978769e-13
3.1,1.1462208959756e-10,-4.99650441837597e-12,-5.69099731761498e-12,-8.83605308783537e-14
3.11,1.14074971691025e-10,-5.06643176852829e-12,-5.57276921853771e-12,-6.29178878807132e-14
3.12,1.13356435349488e-10,-5.14264256207223e-12,-5.37980438748e-12,-3.82889278308092e-14
3.13,1.12722275957822e-10,-5.19973592222099e-12,-5.11229681658503e-12,-1.43357636808254e-14
3.14,1.12040154931492e-10,-5.25285493762692e-12,-4.77232372854202e-12,9.05144568446864e-15
3.15,1.11329612195732e-10,-5.31192726667118e-12,-4.36424710812035e-12,3.17780007302697e-14
3.16,1.10472520020721e-10,-5.38346106159513e-12,-3.89440641339858e-12,5.36074992941425e-14
3.17,1.09742437359728e-10,-5.43302285910515e-12,-3.36723993925367e-12,7.4343217150575e-14
3.18,1.09002584736118e-10,-5.45469610931635e-12,-2.09103427762385e-12,1.1846277452067e-13
3.19,1.08345332705539e-10,-5.48227284890455e-12,-8.63867323919247e-13,1.55731350887483e-13
3.2,1.07628572720841e-10,-5.50603542335313e-12,3.17701423428297e-13,1.85184596379731e-13
3.21,1.07059250353814e-10,-5.50996405994124e-12,1.45651620267913e-12,2.08110602198444e-13
3.22,1.0647926984575e-10,-5.50219594695657e-12,2.55100494957787e-12,2.25052198275558e-13
3.23,1.06230579888233e-10,-5.45770599095437e-12,3.59553527895629e-12,2.36292917041126e-13
3.24,1.05880637590872e-10,-5.41195180838021e-12,4.5839701610778e-12,2.42053727318149e-13
3.25,1.05486286372525e-10,-5.37380911755817e-12,5.50609602037856e-12,2.42324306272987e-13
3.26,1.05226050095553e-10,-5.33621750646349e-12,6.35289010817337e-12,2.37148539896087e-13
3.27,1.05001340955369e-10,-5.2547338287116e-12,7.11883396729948e-12,2.26892052441529e-13
3.28,1.04829922520366e-10,-5.17538370143408e-12,7.8006721169906e-12,2.12083609788084e-13
3.29,1.04511954646114e-10,-5.10690780214242e-12,8.39195006527464e-12,1.93052988678449e-13
3.3,1.04283692792251e-10,-5.03351279275851e-12,8.88709082745104e-12,1.70132555601565e-13
3.31,1.0392930960279e-10,-4.9552815448784e-12,9.28453577002273e-12,1.43903602514746e-13
3.32,1.03844932652919e-10,-4.83862469081007e-12,9.58466249980237e-12,1.15040010859216e-13
3.33,1.03466568646127e-10,-4.75446631902567e-12,9.78922350516799e-12,8.4188502147472e-14
3.34,1.03153929842392e-10,-4.66920893327318e-12,9.89646625677728e-12,5.17078798401293e-14
3.35,1.02724051487257e-10,-4.59189591011687e-12,9.90898676996025e-12,1.81234023256329e-14
3.36,1.02514441380208e-10,-4.47987493930547e-12,9.83209200889948e-12,-1.58950354269339e-14
3.37,1.02102326593467e-10,-4.39531717150481e-12,9.67320836723675e-12,-4.96710670627602e-14
3.38,1.01658237383617e-10,-4.32192384609219e-12,9.43621994031215e-12,-8.28537965358366e-14
3.39,1.01092467730268e-10,-4.25108141237852e-12,9.12738440541785e-12,-1.15046715949074e-13
3.4,1.00561337035288e-10,-4.18383327798473e-12,8.75596620966522e-12,-1.45707538811839e-13
3.41,1.00019548199271e-10,-4.10323991594776e-12,8.11124542758324e-12,-1.80363286469379e-13
3.42,9.9440455869626e-11,-4.04162195883855e-12,6.96597327863835e-12,-2.31719920499873e-13
3.43,9.87201431712492e-11,-3.99993069012017e-12,5.88715966637343e-12,-2.72107137551688e-13
3.44,9.80886483148424e-11,-3.97752113375204e-12,4.86343425771808e-12,-3.04095347879252e-13
3.45,9.73550129401701e-11,-3.96519859065489e-12,3.89648400232453e-12,-3.2858646559344e-13
3.46,9.68629620956563e-11,-3.91770477769289e-12,2.99219857018903e-12,-3.45834547553456e-13
3.47,9.61346557915022e-11,-3.91454695326087e-12,2.1570720638046e-12,-3.56053809616051e-13
3.48,9.55839851712881e-11,-3.92792405237368e-12,1.39184506515857e-12,-3.59863155268098e-13
3.49,9.49951228790269e-11,-3.94008368723582e-12,6.98974825635051e-13,-3.57794162970944e-13
3.5,9.45901135196436e-11,-3.95829662132797e-12,8.27540992704666e-14,-3.50245065390644e-13
3.51,9.44000433378278e-11,-3.93797535607922e-12,-4.53437692503852e-13,-3.37701952966266e-13
3.52,9.40074684763204e-11,-3.95843849331204e-12,-9.09298054982469e-13,-3.20813724391933e-13
3.53,9.3759666697224e-11,-3.99138410524181e-12,-1.2904765969934e-12,-3.00559505729431e-13
3.54,9.34470278934896e-11,-4.01947018439895e-12,-1.60040618335714e-12,-2.77707427465426e-13
3.55,9.32782739937466e-11,-4.04965362517273e-12,-1.84033990366303e-12,-2.52769267124682e-13
3.56,9.3140606338693e-11,-4.04710320668136e-12,-2.01227774529113e-12,-2.26245638288698e-13
3.57,9.29549770489757e-11,-4.08952553425931e-12,-2.11934119572033e-12,-1.98685889821119e-13
3.58,9.26396737099822e-11,-4.12450444251548e-12,-2.16923083586738e-12,-1.70819686506626e-13
3.59,9.24007537150828e-11,-4.1589862732565e-12,-2.1658684867338e-12,-1.43094237290188e-13
3.6,9.2050811417721e-11,-4.19390031210254e-12,-2.11157284852857e-12,-1.15746921980282e-13
3.61,9.19095910489887e-11,-4.20068666062192e-12,-2.0091937912434e-12,-8.90232856543449e-14
3.62,9.14690545528174e-11,-4.23351657466671e-12,-1.86167475712146e-12,-6.31619062402055e-14
3.63,9.10986841518024e-11,-4.27270924255464e-12,-1.67551847481758e-12,-3.85665015926014e-14
3.64,9.06181796267447e-11,-4.31071399843379e-12,-1.45490432663594e-12,-1.54414666647141e-14
3.65,9.01865249147704e-11,-4.3453971287238e-12,-1.20123647108298e-12,6.21833489132775e-15
3.66,8.9731777563884e-11,-4.35134026550524e-12,-6.87699434475309e-13,3.25907456408734e-14
3.67,8.92130813667791e-11,-4.36519371396752e-12,3.29190223306618e-13,7.69003409522852e-14
3.68,8.85052031662781e-11,-4.37920675427492e-12,1.26928105065524e-12,1.11052326972416e-13
3.69,8.78603856335758e-11,-4.38305814010217e-12,2.14785397433472e-12,1.37662512816468e-13
3.7,8.70699068400427e-11,-4.39733631430228e-12,2.97207817376215e-12,1.579283796411e-13
3.71,8.63904503489721e-11,-4.37580260842022e-12,3.74509980994272e-12,1.72420878442416e-13
3.72,8.57136583931606e-11,-4.33043383021018e-12,4.47079291818509e-12,1.81669833091058e-13
3.73,8.49462722385397e-11,-4.32096898312017e-12,5.14948852647092e-12,1.86014565105932e-13
3.74,8.41451353039702e-11,-4.28874094996135e-12,5.77792410737559e-12,1.85601100889448e-13
3.75,8.34470270660859e-11,-4.24895843355257e-12,6.3568363160547e-12,1.80859693458419e-13
3.76,8.2706286264056e-11,-4.20527692490174e-12,6.88698628779538e-12,1.72287923200824e-13
3.77,8.22710788384029e-11,-4.1283203517526e-12,7.36775450081807e-12,1.60282191160593e-13
3.78,8.17319545376449e-11,-4.0751087207958e-12,7.79810057889461e-12,1.45206064455762e-13
3.79,8.13145106803859e-11,-4.00729287631979e-12,8.17321252809862e-12,1.27209655524637e-13
3.8,8.09565747772467e-11,-3.9448451673001e-12,8.48997148324197e-12,1.06564084251693e-13
3.81,8.06075206583046e-11,-3.8814231062258e-12,8.74637909803952e-12,8.36173247917041e-14
3.82,8.03792588044416e-11,-3.80500424054257e-12,8.94112735438141e-12,5.87436508838807e-14
3.83,8.02824473566943e-11,-3.68468716251174e-12,9.0735869922377e-12,3.23579851607303e-14
3.84,8.00941535317179e-11,-3.6233974151072e-12,9.14228625694745e-12,4.77034077602901e-15
3.85,7.98774379973111e-11,-3.53721307424995e-12,9.14145684665342e-12,-2.39925699218835e-14
3.86,7.97131249896665e-11,-3.45827244076348e-12,9.07114089714961e-12,-5.3575414743574e-14
3.87,7.94546650695338e-11,-3.3913005294127e-12,8.93332187727938e-12,-8.35030507931794e-14
3.88,7.92583776387801e-11,-3.31511929849788e-12,8.73058664937246e-12,-1.13353239425492e-13
3.89,7.91100518426902e-11,-3.2080218733477e-12,8.4678915030306e-12,-1.4262241936043e-13
3.9,7.88924481298636e-11,-3.13878871262214e-12,7.68622348276807e-12,-1.8594301307069e-13
3.91,7.85513876166988e-11,-3.0820546422758e-12,6.62220775068897e-12,-2.36061597791828e-13
3.92,7.82511833108401e-11,-3.05120121021908e-12,5.60696304378945e-12,-2.77031678695171e-13
3.93,7.78284103830629e-11,-3.02370269510693e-12,4.62971086347035e-12,-3.10759730516939e-13
3.94,7.75015607246132e-11,-2.99457310763145e-12,3.69329080354923e-12,-3.37628232926884e-13
3.95,7.70139507721979e-11,-2.97693984731754e-12,2.80387416261863e-12,-3.57670185698729e-13
3.96,7.66648966532557e-11,-2.94780175979529e-12,1.96566822317733e-12,-3.71075000164039e-13
3.97,7.60556062573414e-11,-2.96460363484441e-12,1.18314973280625e-12,-3.78127941664011e-13
3.98,7.54649676082408e-11,-2.9775539845853e-12,4.58631639440856e-13,-3.79286626167535e-13
3.99,7.47810702250717e-11,-2.99999498640605e-12,-2.01888534229217e-13,-3.74832964975858e-13
4,7.41167127671361e-11,-3.03484801157207e-12,-7.91850609148348e-13,-3.65038723122558e-13
4.01,7.33582083967121e-11,-3.06908937230646e-12,-1.30555156438353e-12,-3.50270293487898e-13
4.02,7.27897742081041e-11,-3.07863741201883e-12,-1.73753531816485e-12,-3.30933226692855e-13
4.03,7.2079231472344e-11,-3.12145389567475e-12,-2.08401871449871e-12,-3.07535047359675e-13
4.04,7.13855641265582e-11,-3.1643779577805e-12,-2.34634663448995e-12,-2.80852385441442e-13
4.05,7.07265357391407e-11,-3.21243540231974e-12,-2.5246975408841e-12,-2.51549869646898e-13
4.06,7.0177641475766e-11,-3.25877300765327e-12,-2.61873612049331e-12,-2.20172959232306e-13
4.07,6.96900315233506e-11,-3.30552674422207e-12,-2.62950386692471e-12,-1.87276195103285e-13
4.08,6.92432777782415e-11,-3.34626937057631e-12,-2.55976158232605e-12,-1.53460805840577e-13
4.09,6.90354440280316e-11,-3.35615247819844e-12,-2.41354224652841e-12,-1.19341847945974e-13
4.1,6.86890544443486e-11,-3.38506736502692e-12,-2.19755418193033e-12,-8.55683931425368e-14
4.11,6.84217127400188e-11,-3.41713587373967e-12,-1.92244615469162e-12,-5.29446047311547e-14
4.12,6.81090739362844e-11,-3.44941281982577e-12,-1.59811413148767e-12,-2.20971218740797e-14
4.13,6.78710421198048e-11,-3.47493443316953e-12,-1.23226163186473e-12,6.60043210736638e-15
4.14,6.7577055062884e-11,-3.49871407931394e-12,-4.3007892490218e-13,4.52762021354406e-14
4.15,6.73319178190468e-11,-3.50807204573583e-12,7.24406278124337e-13,9.31191487064293e-14
4.16,6.70050681605971e-11,-3.50976588066117e-12,1.79669878810796e-12,1.29860911332262e-13
4.17,6.68931576797149e-11,-3.46229107560108e-12,2.80012749417799e-12,1.57957865378748e-13
4.18,6.65520971665501e-11,-3.44396579775939e-12,3.73557810227196e-12,1.7829192964538e-13
4.19,6.62137011886443e-11,-3.41326808904668e-12,4.59631363806765e-12,1.91051829001831e-13
4.2,6.58122445429399e-11,-3.37786158804188e-12,5.37901433087848e-12,1.96608728269789e-13
4.21,6.54294396440491e-11,-3.34039554366414e-12,6.0828778596805e-12,1.95551388385159e-13
4.22,6.49986731104946e-11,-3.29105560632773e-12,6.7073239189998e-12,1.8852438405602e-13
4.23,6.46167563900235e-11,-3.2322758048791e-12,7.25324342345128e-12,1.76217847277539e-13
4.24,6.41167119397323e-11,-3.17214167321062e-12,7.72105575680101e-12,1.59289486275676e-13
4.25,6.37703223560493e-11,-3.08634734650066e-12,8.11097784924614e-12,1.38342974859832e-13
4.26,6.31716901011714e-11,-3.02736924583401e-12,8.42364685118267e-12,1.13989903783536e-13
4.27,6.25872687010087e-11,-2.95307054566704e-12,8.65842645498923e-12,8.67147075729499e-14
4.28,6.19237994214927e-11,-2.89839016938999e-12,8.81806060113624e-12,5.71747286931981e-14
4.29,6.12914163866662e-11,-2.82974155069189e-12,8.9062622943631e-12,2.60566559388962e-14
4.3,6.06066308250774e-11,-2.76457199411113e-12,8.92944358830275e-12,-5.90523725215216e-15
4.31,5.99751359686707e-11,-2.69543691832501e-12,8.89302119969794e-12,-3.80818518198054e-14
4.32,5.93054494402168e-11,-2.62224501302166e-12,8.8028610869361e-12,-6.99410977204144e-14
4.33,5.87130344342768e-11,-2.55489340256185e-12,8.66406016193024e-12,-1.01054935621317e-13
4.34,5.83604276016558e-11,-2.45376284940726e-12,8.48095245057811e-12,-1.31092384198416e-13
4.35,5.78790348981784e-11,-2.385946301388e-12,8.00727385041039e-12,-1.6620594139437e-13
4.36,5.75015590698058e-11,-2.33151345843224e-12,6.9729121631014e-12,-2.20016586834847e-13
4.37,5.71498404156046e-11,-2.28249041635207e-12,6.00927199449488e-12,-2.63190510497535e-13
4.38,5.69420066653947e-11,-2.22960439602569e-12,5.09880071930011e-12,-2.98395572382316e-13
4.39,5.67021984920757e-11,-2.19878774779285e-12,4.2367924057924e-12,-3.26600241057006e-13
4.4,5.65423263765297e-11,-2.18075305320476e-12,3.42153472175678e-12,-3.48270118609599e-13
4.41,5.63922242236004e-11,-2.14854421870411e-12,2.65299949588906e-12,-3.63729785402204e-13
4.42,5.6268767423262e-11,-2.13696327717938e-12,1.93207063721602e-12,-3.73270297153421e-13
4.43,5.61959367928466e-11,-2.11028191805779e-12,1.25886804249622e-12,-3.77323406672027e-13
4.44,5.61488633366025e-11,-2.09443271246726e-12,6.33266620694272e-13,-3.76344440918331e-13
4.45,5.59543522626882e-11,-2.09790563071827e-12,5.39974334345536e-14,-3.70875452212116e-13
4.46,5.57722756866497e-11,-2.11129043932309e-12,-4.80580802952578e-13,-3.61477982691755e-13
4.47,5.55147039449366e-11,-2.12543338197881e-12,-9.68777048839213e-13,-3.485273425406e-13
4.48,5.52722312363585e-11,-2.14849977942451e-12,-1.40810437914781e-12,-3.32322411178716e-13
4.49,5.49391643289709e-11,-2.1891207640258e-12,-1.79578064199013e-12,-3.13178171987594e-13
4.5,5.46416245583714e-11,-2.2198228538358e-12,-2.12904342004892e-12,-2.91425033635161e-13
4.51,5.42774714062944e-11,-2.24938153079859e-12,-2.40427794145717e-12,-2.67329990307897e-13
4.52,5.39417399636477e-11,-2.28549296827541e-12,-2.61879265725525e-12,-2.41244813964654e-13
4.53,5.35376187826841e-11,-2.32817273717592e-12,-2.77209531649284e-12,-2.13623920001204e-13
4.54,5.32747179704529e-11,-2.34070388983984e-12,-2.86407121063483e-12,-1.84904733888137e-13
4.55,5.27444754538919e-11,-2.38516154122257e-12,-2.89449691747938e-12,-1.5548396611317e-13
4.56,5.22044629747143e-11,-2.4248039991037e-12,-2.86756380701253e-12,-1.25938068875255e-13
4.57,5.15782971888257e-11,-2.47758128002223e-12,-2.7847065990042e-12,-9.66378189403063e-14
4.58,5.0940585083481e-11,-2.52430792629261e-12,-2.6463780625476e-12,-6.78144248902961e-14
4.59,5.0268234019768e-11,-2.56547476569795e-12,-2.45213625429253e-12,-3.96242940194288e-14
4.6,4.95843366365989e-11,-2.61706164731415e-12,-2.20269030593321e-12,-1.22376221910617e-14
4.61,4.8879122971357e-11,-2.65326660948477e-12,-1.89939562510663e-12,1.41213315912161e-14
4.62,4.82103246213228e-11,-2.68895523352296e-12,-1.19928769022794e-12,4.89551502057584e-14
4.63,4.75690598022993e-11,-2.70490545146084e-12,-7.37566838645487e-15,9.83781436099895e-14
4.64,4.69704275474214e-11,-2.7145977442327e-12,1.11930753299334e-12,1.369297229055e-13
4.65,4.66338079263551e-11,-2.6814529529293e-12,2.19674739760983e-12,1.67145193340633e-13
4.66,4.6189718716505e-11,-2.66078673035852e-12,3.22603851187591e-12,1.89804960369832e-13
4.67,4.58477700249205e-11,-2.64251232717607e-12,4.1991367176315e-12,2.04948395200845e-13
4.68,4.5544013005383e-11,-2.59365433662218e-12,5.10970904461651e-12,2.127100605754e-13
4.69,4.53423965041111e-11,-2.54838247252157e-12,5.95288133644291e-12,2.13457915499235e-13
4.7,4.51381154675801e-11,-2.49162295963878e-12,6.72278024513762e-12,2.07547635900384e-13
4.71,4.49897896714901e-11,-2.42217945980895e-12,7.413545411819e-12,1.95394026523257e-13
4.72,4.4845016589079e-11,-2.3517190212172e-12,8.02009537171282e-12,1.77497565782322e-13
4.73,4.47419878923938e-11,-2.27023572330709e-12,8.53723517650001e-12,1.54376329734115e-13
4.74,4.46025438805009e-11,-2.19840874196726e-12,8.96168475078351e-12,1.26627772813614e-13
4.75,4.44906333996187e-11,-2.1085150014913e-12,9.29020679594237e-12,9.48766719856548e-14
4.76,4.43174386077771e-11,-2.02138521691241e-12,9.52249188813778e-12,5.98534508775437e-14
4.77,4.41886527369206e-11,-1.92692959615352e-12,9.65844238364347e-12,2.22540349191679e-14
4.78,4.410161125179e-11,-1.819467547188e-12,9.69914859568091e-12,-1.72291970120026e-14
4.79,4.39568381693789e-11,-1.72429915624605e-12,9.64648995272101e-12,-5.79419211521648e-14
4.8,4.37232472449978e-11,-1.63568671685315e-12,9.50152492792003e-12,-9.93403388500014e-14
4.81,4.35100844242697e-11,-1.5523300091636e-12,9.26779405664341e-12,-1.40822747471782e-13
4.82,4.32631708235931e-11,-1.46982084616551e-12,8.51066210679541e-12,-1.94597649358095e-13
4.83,4.29665192314133e-11,-1.40171228528373e-12,7.32184421406411e-12,-2.59068422247348e-13
4.84,4.25925961167195e-11,-1.35088254518442e-12,6.17503410203685e-12,-3.12654365727004e-13
4.85,4.22000212552121e-11,-1.3145284537623e-12,5.05767453570478e-12,-3.57507308136798e-13
4.86,4.17346157632892e-11,-1.277201931658e-12,3.97302037963331e-12,-3.94091052077361e-13
4.87,4.12621048440087e-11,-1.26243675212147e-12,2.92898196410596e-12,-4.2244429209574e-13
4.88,4.07345268627068e-11,-1.24596982927847e-12,1.93263805343978e-12,-4.42695369504209e-13
4.89,4.02193833792808e-11,-1.25101484459098e-12,9.91620703362589e-13,-4.55051573456345e-13
4.9,3.96926935763986e-11,-1.26507143318899e-12,1.12928580797558e-13,-4.59836620781517e-13
4.91,3.91295884583087e-11,-1.28467220412056e-12,-6.95856134672662e-13,-4.57438884561802e-13
4.92,3.86330967216963e-11,-1.30591454433186e-12,-1.42773423027391e-12,-4.48303396581247e-13
4.93,3.83106879553452e-11,-1.30468427642322e-12,-2.07703217920625e-12,-4.32973498254396e-13
4.94,3.79296594132938e-11,-1.33882960684358e-12,-2.63989236184659e-12,-4.1213085744469e-13
4.95,3.76054742901033e-11,-1.37532699137749e-12,-3.11804090854223e-12,-3.86713914774051e-13
4.96,3.73265862663175e-11,-1.42776432593067e-12,-3.51161407800887e-12,-3.57529823810199e-13
4.97,3.71258579434652e-11,-1.4632384187822e-12,-3.82047030676574e-12,-3.25269998905899e-13
4.98,3.69810848610541e-11,-1.5128975709966e-12,-4.04426122928394e-12,-2.90571328638358e-13
4.99,3.68469699196794e-11,-1.56164799589286e-12,-4.18598929174401e-12,-2.54168584060289e-13
5,0.000467698478375134,0.00348992195397045,-4.24890315098321e-12,-2.16763290478809e-13
5.01,0.00103717133242665,0.00580027424399369,-0.00127785094475561,-0.000111197118214889
5.02,0.00180571103108651,0.00806228042550662,-0.0027977804111391,-0.000246645908270786
5.03,0.00275838574702192,0.0103145969090176,-0.00493938904695149,-0.00041325960384943
5.04,0.00389259207661397,0.0124962323938595,-0.00796433681490967,-0.000617015537569499
5.05,0.00527864505900499,0.0147103761372788,-0.0120635154656792,-0.000857259567358817
5.06,0.00702162070013657,0.0168968542694797,-0.0173645914752078,-0.0011292648962726
5.07,0.00924193959786024,0.0191885185030353,-0.0239441946499048,-0.00142593699035972
5.08,0.0120722165056053,0.0214854205448234,-0.0318335104508837,-0.00173883087339102
5.09,0.0156367123808323,0.0239342710362169,-0.0410437376027301,-0.00205979398064032
5.1,0.020060741854099,0.0263856514891747,-0.0515700575000214,-0.00238132952117493
5.11,0.0254222423042902,0.0289920327832707,-0.0634067614931681,-0.00269745101546805
5.12,0.0318179517069597,0.0315544185799874,-0.076505626128283,-0.0030015791362555
5.13,0.0392570694370287,0.034237442808668,-0.0908014828454648,-0.00328753857505822
5.14,0.04782713545183,0.0368043334318686,-0.106206729732515,-0.00354915009050696
5.15,0.0574673077350409,0.0394424224903739,-0.122632690099688,-0.00378146752163211
5.16,0.0682868488613702,0.0418868198492056,-0.139957814179772,-0.00397937130792826
5.17,0.080149204539425,0.0443536378467907,-0.158046167708047,-0.00413809299795968
5.18,0.0932145767073989,0.0465561168412568,-0.176734650115097,-0.00425239515126753
5.19,0.107261193746512,0.0487423984384025,-0.195836749444531,-0.00431669796730903
5.2,0.122526243373532,0.0506069430872666,-0.215114181273395,-0.00432337899605053
5.21,0.138687629620258,0.0524303801892749,-0.234296047382468,-0.00426412098870942
5.22,0.156081891343813,0.0538903821660061,-0.2530683512282,-0.00412887426998008
5.23,0.174268199820503,0.0552997376230733,-0.271182100909478,-0.00391360448662052
5.24,0.193700793919875,0.0563191650837009,-0.288425889406929,-0.00361783560915495
5.25,0.21379886794541,0.0572906243440215,-0.304629882416709,-0.00324390923893177
5.26,0.23515181434099,0.0578567712262127,-0.319675226207563,-0.00279572405631596
5.27,0.257020864570941,0.0583860269059202,-0.333479808660217,-0.00227870302488484
5.28,0.280149170583099,0.0585023910187766,-0.34601355734489,-0.00169804986922032
5.29,0.303625285006333,0.0585983773402585,-0.357266788866868,-0.00106099423787031
5.3,0.328365031429958,0.0582793666389602,-0.367232422532432,-0.000375667334200736
5.31,0.353269679123158,0.0579602616708756,-0.375895355158522,0.000350906559664603
5.32,0.378791516852609,0.0574455724873268,-0.383225663827684,0.00111379844972747
5.33,0.405582271249944,0.056520270431242,-0.389217539631751,0.00190717763769367
5.34,0.432240192494887,0.0556317623294329,-0.393921255366148,0.00272330901622957
5.35,0.460176827481306,0.0543401077048602,-0.397403385700502,0.00355336910945882
5.36,0.487777789068147,0.0531106520462166,-0.399748666242517,0.00438779527968057
5.37,0.515751960496249,0.0517253797007229,-0.401058522342127,0.00521809220879588
5.38,0.545035182940452,0.0499479809269462,-0.401455340706518,0.00603699715878986
5.39,0.573678517254426,0.0482681555535452,-0.401068645438179,0.00683859465329974
5.4,0.603663337472956,0.0462018588152214,-0.400018853043633,0.0076190788910055
5.41,0.632810288630891,0.0442520501153715,-0.398399781616809,0.0083753126742978
5.42,0.662121202351168,0.0421768093247168,-0.396314293993619,0.00910522913888558
5.43,0.69284077632274,0.0397188783111865,-0.393841945781314,0.00980717160278908
5.44,0.722434120801976,0.0374006944794771,-0.39104889995623,0.0104793858383093
5.45,0.752089005889464,0.0349680596840951,-0.387995935458836,0.0111202872551932
5.46,0.783240924396949,0.0321536311982779,-0.3847436263076,0.0117287102009997
5.47,0.812990203623912,0.0294966164056441,-0.381354529855515,0.0123042160741903
5.48,0.842713245162884,0.0267320462392325,-0.377877364156684,0.0128462164588454
5.49,0.874037538055573,0.0235840539981659,-0.374353241770565,0.0133542888458243
5.5,0.903693570653443,0.020605743920572,-0.370819937813257,0.0138282668657493
5.51,0.933248881474308,0.0175234261291841,-0.367314054113229,0.0142681522719097
5.52,0.964523128119058,0.0140547571366779,-0.363867152535492,0.0146741354975383
5.53,0.993873725084094,0.0107634987917464,-0.360503128456439,0.015046737517281
5.54,1.02306001209293,0.00736909822716875,-0.357243105777771,0.0153864230124798
5.55,1.05409358919399,0.00358488126392861,-0.354103075447803,0.0156937688537878
5.56,1.08295794839457,-1.79960369905696e-05,-0.351096139380445,0.0159694162463703
5.57,1.11160230743965,-0.00372496645250484,-0.348234016738065,0.0162140007951849
5.58,1.14000524891282,-0.00753697062573419,-0.345525168727584,0.0164282152996207
5.59,1.17042051334765,-0.0117443738719046,-0.342976263670581,0.0166128310906161
5.6,1.19831420184912,-0.0157715686761889,-0.340591466476943,0.0167687974946806
5.61,1.22585935847657,-0.0199091190959158,-0.338370162652168,0.016897457454481
5.62,1.25546357730698,-0.0244478371097988,-0.336300643383772,0.0170005917773242
5.63,1.28217869433655,-0.02881473733368,-0.334340206055006,0.0170814005506084
5.64,1.30830230896053,-0.0333011713112371,-0.332379516548739,0.0171464440625067
5.65,1.33368667280042,-0.0379101821121196,-0.33023429922862,0.0172045286259346
5.66,1.36083428513088,-0.0429283594730999,-0.327752832272359,0.0172606717164365
5.67,1.38414778065094,-0.0477883593148823,-0.324798361607439,0.0173175688634019
5.68,1.40599580288153,-0.052774848531631,-0.321212375083088,0.0173794114294052
5.69,1.42894529953819,-0.0581621587582847,-0.316738416125858,0.0174538913666561
5.7,1.44703969925331,-0.063383502039792,-0.310996130759509,0.0175525152894455
5.71,1.46281748969418,-0.0687022137108963,-0.303470938869943,0.0176913818033737
5.72,1.479017685716,-0.0743628294139836,-0.2935498603559,0.0178863504954618
5.73,1.48953999025352,-0.079789196473688,-0.280748522710056,0.0181412211522837
5.74,1.50018741265369,-0.0854760856848949,-0.264673499708082,0.0184481063300751
5.75,1.50485856750182,-0.0908477274552472,-0.244983801818999,0.0187912886357864
5.76,1.50954996978405,-0.0963725623757862,-0.221447663841092,0.0191496306246955
5.77,1.50823730216017,-0.101480789518967,-0.19397074625245,0.0194989086264225
5.78,1.49685008694922,-0.105448840773848,-0.162574289919051,0.0198150363256935
5.79,1.48021512116982,-0.108908440648474,-0.127432096133318,0.0200732464609342
5.8,1.46449135789321,-0.11229957406223,-0.0889802834055877,0.0202447115011675
5.81,1.44688029077909,-0.115338512821543,-0.0477922101295962,0.0202979097028519
5.82,1.4247459884557,-0.117773201483309,-0.0045256532117227,0.020203040449735
5.83,1.40409133259584,-0.120021944385088,0.0400575324053521,0.0199354514321932
5.84,1.38226941491879,-0.121840428869009,0.0851298967064146,0.0194784904005354
5.85,1.35681618251131,-0.123018900782391,0.129838857916574,0.0188250481947685
5.86,1.33341466935582,-0.123963927404309,0.173367649630076,0.0179780913132102
5.87,1.30949869347393,-0.124477010944679,0.214972091874961,0.0169478350376414
5.88,1.28522500316047,-0.12457446276086,0.254044570179791,0.0157509759404691
5.89,1.25823771400955,-0.124103417006532,0.290088238721674,0.0144082320873912
5.9,1.23364428970813,-0.123450871306199,0.322415217139621,0.0129234523600006
5.91,1.20896621057607,-0.122470861778418,0.350693879741529,0.0113084319220826
5.92,1.1819315354792,-0.121042991463638,0.37493860992404,0.00959097444961167
5.93,1.15722953924195,-0.119526803565384,0.395351467771472,0.0077979650391107
5.94,1.13250613814167,-0.117793284738084,0.412179665107865,0.00595287988912561
5.95,1.10776583366677,-0.115875814636417,0.425629445702441,0.00407577398671472
5.96,1.08093496086368,-0.113669893951271,0.435931446753463,0.00218605011186434
5.97,1.05623065740777,-0.111482330731399,0.443342620084951,0.0003024803087471
5.98,1.03152789874841,-0.109198214706725,0.448140026230246,-0.00155600965884455
5.99,1.00493300202886,-0.106720837144551,0.450593352340208,-0.0033737830024775
6,0.980333225667511,-0.104318310977926,0.450993536693432,-0.00513906944383976
6.01,0.955784297225967,-0.101883130751813,0.449616411114111,-0.00684169210227833
6.02,0.929566924548096,-0.0993250443856506,0.446677416169057,-0.00847391503498352
6.03,0.905235807799502,-0.0968759460965612,0.442408293655413,-0.010030115632451
6.04,0.879385596705995,-0.0943385629048233,0.43701922859794,-0.0115061798867807
6.05,0.855348295551454,-0.0919229531204559,0.430711499685885,-0.0128994806464178
6.06,0.831456766275107,-0.0895346486007343,0.423693895150174,-0.0142086022085729
6.07,0.806258815068435,-0.087094364517546,0.416171813739657,-0.0154346112093497
6.08,0.782757359342692,-0.0847807855520616,0.408279419547426,-0.0165792558762501
6.09,0.759442494029269,-0.0825076207539811,0.400120253594438,-0.0176440124609426
6.1,0.735012689536349,-0.0802035794135689,0.391793972163269,-0.0186299649042621
6.11,0.712150942820453,-0.0780207061947061,0.383380098734095,-0.0195389685756457
6.12,0.688291612266818,-0.0758156551346024,0.374987891138057,-0.0203740611644233
6.13,0.665911242924926,-0.0737239011857276,0.366737281211305,-0.0211395035834379
6.14,0.643754130413284,-0.0716735569173364,0.358715770636129,-0.0218403135804057
6.15,0.620760735894158,-0.0696058571877899,0.350995431444156,-0.0224812883465159
6.16,0.599108338787728,-0.0676332034249798,0.343638470650645,-0.0230667383212167
6.17,0.576719590456031,-0.0656422182692952,0.336683030987143,-0.0236011907656192
6.18,0.555581628654451,-0.0637320035634619,0.330151640723926,-0.0240884864579981
6.19,0.533805886748073,-0.0618008880838553,0.324043930545406,-0.0245317317094147
6.2,0.513197326250113,-0.0599361662718811,0.318345840476145,-0.0249334471090048
6.21,0.49284029441833,-0.0580866895536528,0.313027626536699,-0.0252953318872533
6.22,0.47199721148077,-0.0562127063494719,0.308054274116732,-0.0256184906886347
6.23,0.452212992749814,-0.054385877261847,0.303392463495051,-0.025903689197214
6.24,0.432048708900007,-0.0525330838519346,0.299004255382081,-0.0261515217365467
6.25,0.412885069269998,-0.050716804187871,0.294853868690962,-0.0263626294596561
6.26,0.393451701842354,-0.0488741010805229,0.29091167760713,-0.0265371384433556
6.27,0.374972845696348,-0.0470588575021987,0.287149390848734,-0.0266750498050877
6.28,0.356340367142727,-0.0452174708585403,0.283536021917466,-0.0267764064372678
6.29,0.338629637023631,-0.0433959627318552,0.280040846838918,-0.0268411239904371
6.3,0.320882669026635,-0.0415495114300966,0.276634086462915,-0.0268690839444214
6.31,0.304029575561723,-0.0397172268242,0.273265844248354,-0.0268613159901037
6.32,0.287621184880148,-0.0378782590384633,0.269874705239019,-0.0268194485182807
6.33,0.271339799112585,-0.0360194085957647,0.266407162939743,-0.0267439407079393
6.34,0.255913861086775,-0.0341710573331981,0.262828370002769,-0.026634388960497
6.35,0.240711512961168,-0.0323083045346363,0.259111882334611,-0.0264900022610987
6.36,0.226338572501646,-0.030456171146236,0.255232876405998,-0.0263094998063136
6.37,0.212274758803711,-0.0285960313689505,0.251196485021201,-0.0260920951948256
6.38,0.199013073230658,-0.0267477082232496,0.246991657600966,-0.0258377287112295
6.39,0.186132457604067,-0.0248982258723949,0.242575982933016,-0.0255458210804256
6.4,0.174023546084212,-0.0230635678909779,0.237893184123867,-0.0252151558976618
6.41,0.162353616199957,-0.0212366948596467,0.232869816857216,-0.0248442715671812
6.42,0.151421385895598,-0.0194308674651942,0.227454074813032,-0.0244319251429125
6.43,0.140971393562955,-0.01764419088227,0.221631016600611,-0.0239781595672324
6.44,0.131220596743933,-0.0158868503586638,0.21538132943637,-0.0234852918398647
6.45,0.121979188766791,-0.0141608866153527,0.208699050775928,-0.0229575457794967
6.46,0.113392091627797,-0.0124736324082167,0.201570748135824,-0.0223999290906246
6.47,0.105324862357947,-0.0108305394813701,0.193964412744711,-0.0218174966293135
6.48,0.0978592961754907,-0.00923690069987398,0.185856142761072,-0.0212161631287434
6.49,0.0909062484819962,-0.00770141519428019,0.177203175858114,-0.0206009550393595
6.5,0.0844940528145275,-0.00622795723966493,0.167974632517732,-0.0199748572129757
6.51,0.0785741124448498,-0.00482779310316533,0.158174830428759,-0.0193388527700471
6.52,0.0731321828696392,-0.00350297406703896,0.147813316895604,-0.0186919324259972
6.53,0.0681551630245809,-0.00226608856285622,0.136929162105101,-0.0180328599743003
6.54,0.0635953356988139,-0.00111694274089867,0.125574474839625,-0.017360308430906
6.55,0.0594406383104467,-6.43113314734967e-05,0.113817067090161,-0.0166731920027575
6.56,0.0557053821195517,0.000882720733470351,0.101723152099118,-0.0159699003492138
6.57,0.052304197795974,0.00172808534766892,0.0893779489658996,-0.0152492676561879
6.58,0.0492909281700273,0.00246025300943591,0.076876522829853,-0.0145106419499122
6.59,0.0465612140079841,0.00308583821284757,0.0643180392797042,-0.0137541008055385
6.6,0.0441869760051226,0.00359492526462303,0.0518316663246779,-0.0129811984446372
6.61,0.0420482463287952,0.0039972494784024,0.039559261442688,-0.0121945095411724
6.62,0.0402303219991533,0.00428521358659611,0.0275976119136007,-0.0113964348015048
6.63,0.0386011139266811,0.00447110272582334,0.0160638303186895,-0.0105905744480316
6.64,0.0372555906220493,0.00454934057415486,0.00504897334290057,-0.00977968012811909
6.65,0.0360529144428368,0.00453436658963638,-0.00534291910059388,-0.00896702430974202
6.66,0.0350949286302322,0.00442258469873696,-0.0150289600701382,-0.00815582555230195
6.67,0.0342354201585564,0.00423014572372077,-0.0239349324638467,-0.00735012357490245
6.68,0.0335810130894625,0.00395509232739374,-0.0320003340360583,-0.00655376414352001
6.69,0.0329831789572446,0.0036146972708012,-0.0391721269246711,-0.0057708126022678
6.7,0.0325515679845831,0.00320828434092144,-0.0454176430935304,-0.00500534792995996
6.71,0.0321379685471825,0.00275362692854297,-0.0507114924809179,-0.0042613844904813
6.72,0.0318539808987088,0.00225089479321481,-0.0550406068216093,-0.00354283155771778
6.73,0.03155439734868,0.00171785053462829,-0.0584081065612473,-0.00285356700863617
6.74,0.0313519934562105,0.00115507402426226,-0.0608230514423992,-0.00219717077608182
6.75,0.0311064054171704,0.000579816805705785,-0.0623072936525938,-0.00157696297212785
6.76,0.0309306595002594,-7.31029959547534e-06,-0.0628968305938917,-0.000996129236399983
6.77,0.030690316375392,-0.000590078090207957,-0.0626312606109789,-0.000457510156380921
6.78,0.0304977510558226,-0.00116818443796322,-0.0615568189569205,3.67569057839938e-05
6.79,0.0302253332925748,-0.00172670334286131,-0.0597312107863057,0.000484894703608907
6.8,0.0299841285087263,-0.00226597521155191,-0.0572193161149433,0.000885658072563318
6.81,0.0296537600207649,-0.00277274197140618,-0.0540907367225317,0.00123832027188452
6.82,0.0293432423465112,-0.00324823615046962,-0.0504192837647124,0.00154259008895276
6.83,0.0289396160543003,-0.00368104918161814,-0.0462794933963636,0.00179868040469898
6.84,0.0284973110085445,-0.00407041042977026,-0.0417480621953579,0.0020072119911442
6.85,0.0280664766596359,-0.00441585737708863,-0.0369034786555542,0.00216913613295911
6.86,0.0275449569190909,-0.00470889109004303,-0.0318212683802736,0.0022858785044392
6.87,0.027033761048626,-0.00495333556348262,-0.0265771258185118,0.00235921526688381
6.88,0.0264376998161646,-0.00514260316594045,-0.0212471634062278,0.00239157084245305
6.89,0.0258537612937768,-0.00528161447857497,-0.015911801087089,0.00238572589554855
6.9,0.0251935824179985,-0.0053657546917432,-0.0106490510626544,0.00234460949548273
6.91,0.0245497372628636,-0.00540104690806375,-0.00552359836307254,0.00227162576522365
6.92,0.0238404028195907,-0.00538454567825075,-0.00059098842704195,0.00217023547603855
6.93,0.0231534836849248,-0.00532299814505372,0.00409831808660157,0.00204384221488937
6.94,0.0224132638953309,-0.0052148226344585,0.00849854889479272,0.00189581024782059
6.95,0.0217026513774032,-0.00506730227250655,0.012568587788201,0.00172949188806013
6.96,0.02095155954034,-0.00488001375841667,0.0162727283697007,0.00154819162560767
6.97,0.0202376719806001,-0.00466058296950084,0.019582758735627,0.00135510508034541
6.98,0.0194960159412543,-0.00440947703514428,0.0224765520711331,0.00115330021806033
6.99,0.0187988495939475,-0.00413441688953108,0.0249390691919344,0.000945684096198607
7,0.0180857921724942,-0.00383647380525651,0.0269626155164184,0.000735102632037507
7.01,0.0174364783851735,-0.00351563623771533,0.0298971382821002,0.000621480662706323
7.02,0.0168104889706129,-0.0031681926801243,0.0322425476851968,0.000509584853450465
7.03,0.0162693009221657,-0.00280282720958051,0.0340108778173204,0.000391858200831167
7.04,0.0157604687515522,-0.00242246817464997,0.0352263241514819,0.000270471794939943
7.05,0.0153394476367019,-0.00203508225848237,0.0359123358446281,0.000146828142758172
7.06,0.0149563309919132,-0.00164338553695257,0.0360946889541138,2.20977167105348e-05
7.07,0.0146603462855111,-0.00125456081477645,0.0358020653870423,-0.000102562908478557
7.08,0.0144039102206344,-0.000870982047465669,0.0350677244468957,-0.000225996523336119
7.09,0.0142304914027545,-0.000498949351808897,0.0339241888586353,-0.000346898975397921
7.1,0.0140949739057414,-0.000140409513764793,0.032404217464233,-0.000463807064034837
7.11,0.0140165227751807,0.000200033760442118,0.0305364259991404,-0.000575422852670295
7.12,0.0140101029460922,0.000518323543899787,0.0283561691332295,-0.000680262157276631
7.13,0.0140345359793244,0.000813174104334782,0.0259019524909903,-0.000776880840851467
7.14,0.0141215057365511,0.00108055580433486,0.0232135976787367,-0.000864018915516816
7.15,0.0142325825431202,0.00131978044858067,0.020330861047155,-0.000940561170264671
7.16,0.0143956157890979,0.00152780015092305,0.0172927903914099,-0.00100555443204215
7.17,0.0145749813885978,0.00170453162776878,0.0141384222345535,-0.00105817220567866
7.18,0.0147951907335631,0.00184787883156896,0.0109059050745193,-0.00109774813052749
7.19,0.0150234619557663,0.00195835948058961,0.00763333148603392,-0.00112378909332149
7.2,0.0152814080507677,0.00203480406166141,0.00435946316154323,-0.00113597318448739
7.21,0.0155390935370303,0.00207834997854862,0.00112234623453283,-0.00113419603680844
7.22,0.0158155191102805,0.00208861343528554,-0.0020839597529834,-0.00112023462597783
7.23,0.0160825246121683,0.00206643283438339,-0.0052683197567014,-0.00109595262279261
7.24,0.0163567384839971,0.00201208705144382,-0.00831219762132608,-0.00105701841814834
7.25,0.0166139339349824,0.00192784890461426,-0.0111819797536118,-0.00100385795003498
7.26,0.0168693692002546,0.00181504233369452,-0.0138486755693201,-0.000937584608710769
7.27,0.017101424430559,0.00167641618787821,-0.0162845280822063,-0.000859428972835573
7.28,0.0173237430479856,0.00151395055816088,-0.0184646630382364,-0.000770717232176893
7.29,0.0175172568228401,0.00133077840527221,-0.0203688790695809,-0.000672888713739551
7.3,0.0176943083237375,0.00112937597613982,-0.0219822227913463,-0.000567493716101338
7.31,0.0178383086697336,0.000913082409205792,-0.0232937951729829,-0.000456150900945934
7.32,0.0179605093753943,0.000684677953528484,-0.0242962809207049,-0.000340509119925078
7.33,0.0180466860890482,0.000447557778823122,-0.0249864530977926,-0.000222208664491941
7.34,0.0181072095209587,0.000204639817736973,-0.0253654279462396,-0.00010288231406168
7.35,0.0181301184260589,-4.07809547299645e-05,-0.0254383454339303,1.58703095538717e-05
7.36,0.0181250640380011,-0.000285825083631498,-0.0252143856540422,0.000132473563610753
7.37,0.0180821970953824,-0.000527443876373846,-0.0247048956659739,0.00024545108323475
7.38,0.0180065446545312,-0.000762910044941992,-0.0239248792511677,0.000353394680930136
7.39,0.0179022560575191,-0.000989604193266881,-0.0228919889978623,0.000455008817132726
7.4,0.0177623613284617,-0.0012050551670767,-0.0216263761474918,0.000549142735672666
7.41,0.0175951714613907,-0.00140704196499004,-0.0201492072094103,0.000634887818036446
7.42,0.0173954500689708,-0.0015935881276006,-0.018486514727978,0.000711399212629321
7.43,0.0171710800331257,-0.00176292914370023,-0.0166643351536244,0.000778030363112124
7.44,0.0169183605971128,-0.00191365100423058,-0.0147077561476006,0.000834350248691675
7.45,0.0166447877687408,-0.00204446361278983,-0.0126437697611006,0.000880063740496687
7.46,0.0163479989813096,-0.0021545288545048,-0.0105004144971728,0.000914978569736535
7.47,0.0160350445838122,-0.00224308054578789,-0.00830599560649469,0.00093899185311926
7.48,0.0157046207631319,-0.00230987771118832,-0.00608796182282107,0.000952111621424835
7.49,0.0153632367167302,-0.00235467167351318,-0.00387272040192745,0.000954464333232969
7.5,0.0150103933401935,-0.00237777990369206,-0.00168599903806006,0.000946265992956085
7.51,0.0146519739442939,-0.00237943915684485,0.000447746711204559,0.000927838836765698
7.52,0.01428804777731,-0.00236047979290033,0.0025056454192497,0.000899613991869494
7.53,0.0139238059594768,-0.00232157276311351,0.00446621977627332,0.000862133539260748
7.54,0.0135596923632919,-0.00226399647763438,0.00631004574315284,0.000816031021248492
7.55,0.0132001589290127,-0.00218878840683622,0.00801998293471806,0.000762021425082731
7.56,0.0128458542253587,-0.00209758736285606,0.00958101435983748,0.000700892096040347
7.57,0.0125004584394965,-0.00199171255421789,0.0109803098926239,0.000633494627729646
7.58,0.0121646873153252,-0.00187307339405032,0.0122072869360944,0.000560735734277088
7.59,0.011841435022913,-0.00174318570652748,0.0132534800099898,0.000483572267808203
7.6,0.0115313767927399,-0.0016041382291619,0.0141128965983211,0.00040298943675136
7.61,0.0112366344824311,-0.00145755331123077,0.0147819675095616,0.000319982983459592
7.62,0.0109577648954551,-0.00130559982375041,0.0152595312052482,0.000235552827988623
7.63,0.0106961380271793,-0.00114991253139915,0.0155466107202624,0.000150689628461562
7.64,0.0104521328090494,-0.00099264782832467,0.0156462127573112,6.63720725621021e-05
7.65,0.0102263980623662,-0.000835510603245622,0.015563500929459,-1.64507110024445e-05
7.66,0.0100191347873164,-0.000680138558704411,0.0153055310684821,-9.68683201737537e-05
7.67,0.00983040315168471,-0.000528512578041097,0.0148811309466866,-0.000174017871770999
7.68,0.0096599019633441,-0.000381950677142283,0.0143006750436651,-0.000247094893060255
7.69,0.00950746950008097,-0.000242230671335907,0.0135759115394081,-0.000315372706837693
7.7,0.00937224363316602,-0.000110427830744695,0.0127206604616484,-0.000378176770049618
7.71,0.00925387239732123,1.19478989623266e-05,0.0117491092868445,-0.000434921720149661
7.72,0.00915103134761397,0.000124109338059441,0.010676152343491,-0.000485125105469422
7.73,0.00906320442954334,0.000224845352130002,0.00951812694946324,-0.000528359574139504
7.74,0.00898870138065266,0.000313694953823332,0.0082920613367862,-0.000564287293109746
7.75,0.00892690406589836,0.000389784729809245,0.00701506206027924,-0.000592663629862013
7.76,0.00887585721199446,0.000452993914730297,0.00570372172862743,-0.000613359546126139
7.77,0.00883488431176693,0.000502780643995461,0.00437446551675769,-0.000626347528804331
7.78,0.00880184815295837,0.000539353433945219,0.00304381111459036,-0.000631682294944315
7.79,0.00877606382911789,0.000562496821876985,0.00172733672834065,-0.000629539174917035
7.8,0.0087552902575907,0.000572729861209924,0.000439973580143713,-0.000620184806612008
7.81,0.00873887294533993,0.00057013575189186,-0.000804028714058158,-0.000603962352456165
7.82,0.00872454536355938,0.00055551520586104,-0.00199128948072491,-0.000581285005049885
7.83,0.00871173696310779,0.000529218844836502,-0.00310946498018075,-0.00055262920835209
7.84,0.00869823514375412,0.000492290314974725,-0.00414738990174364,-0.000518528359049034
7.85,0.00868360342058705,0.000445303792543181,-0.0050951620624644,-0.000479565051279771
7.86,0.00866575358312915,0.000389496410025663,-0.00594430598451365,-0.000436362358045934
7.87,0.00864442680136657,0.000325612622518691,-0.00668777501744163,-0.00038957938382277
7.88,0.00861771460906602,0.000255025391721775,-0.00732012591855335,-0.000339894595909285
7.89,0.00858556639373198,0.00017858932704497,-0.00783737501990821,-0.000287998439014349
7.9,0.0085462970019099,9.77523261164836e-05,-0.00823703532111506,-0.000234586235761864
7.91,0.0085000888051836,1.34197797188165e-05,-0.00851809847386098,-0.0001803490773839
7.92,0.0084459421865255,-7.30822173353908e-05,-0.00868103172230736,-0.00012596625959789
7.93,0.00838300124056457,-0.000160443935187345,-0.00872771592593457,-7.20968045948971e-05
7.94,0.00831181462829589,-0.000247792045863781,-0.00866139264999282,-1.93721527522256e-05
7.95,0.00823136928889068,-0.000333746971338933,-0.00848660540269271,3.1610815399681e-05
7.96,0.00814245012487769,-0.000417524521038099,-0.00820909952993321,8.02986065847691e-05
7.97,0.00804431161141017,-0.000497863458711426,-0.00783559748266234,0.000126180414381846
7.98,0.0079379598507523,-0.000574111957172453,-0.00737373184602705,0.000168795123821244
7.99,0.0078229055129333,-0.000645165149187486,-0.00683199165299479,0.000207735030776317
8,0.00770034393048435,-0.000710538663495081,-0.00621959307376951,0.000242643468959687
8.01,0.0075700119567883,-0.00076931307538861,-0.00554588714980975,0.000273237825064977
8.02,0.00743325953215312,-0.000821192827290865,-0.00482128303024314,0.000299282832732704
8.03,0.00729001747377866,-0.000865464810926172,-0.00405609166305646,0.000320626753782601
8.04,0.00714175278262563,-0.000902039010745465,-0.00326079130240562,0.000337187476077936
8.05,0.0069885579977409,-0.000930414528547485,-0.00244601275684992,0.000348935801574059
8.06,0.00683197324829043,-0.000950710415642575,-0.00162228490449339,0.00035589617897636
8.07,0.00667220180533601,-0.000962638499848889,-0.000799867792777555,0.000358145992145392
8.08,0.00651080423697525,-0.000966519601551913,1.13744693621843e-05,0.000355814065368512
8.09,0.00634804477641815,-0.000962264952945889,0.000802049313020404,0.000349076944318554
8.1,0.00618545548651617,-0.000950379944985169,0.00156328611208072,0.00033815741277858
8.11,0.00602331540206413,-0.000930955128986187,0.00228681863635264,0.00032332102387111
8.12,0.0058630840962528,-0.000904657368023481,0.00296515927861854,0.000304868487284878
8.13,0.00570501264668288,-0.0008717287858114,0.00359160871972113,0.00028313237367286
8.14,0.0055504483723523,-0.000832966826901311,0.00416030158410058,0.000258473704604458
8.15,0.00539957795368462,-0.000788732429741492,0.00466624693880133,0.000231276646925205
8.16,0.00525360424873522,-0.00073991950779757,0.00510536712152856,0.000201944020038593
8.17,0.00511262059806228,-0.000686971997895698,0.00547450527991014,0.000170891540814172
8.18,0.0049776632983507,-0.000630843671779695,0.0057714446087715,0.000138543157366256
8.19,0.00484894205940578,-0.000572143211768845,0.00599489324314788,0.000105325265958671
8.2,0.00472662066265883,-0.000511490058117868,0.00614448334569782,7.16622047823741e-05
8.21,0.0046114561361883,-0.000449857679774572,0.00622074198859825,3.79711271734984e-05
8.22,0.00450323686478615,-0.000387736250745358,0.00622504199936765,4.6564438047663e-06
8.23,0.00440252698011756,-0.000326069108499791,0.00615957882655222,-2.78937442711886e-05
8.24,0.00430897833011601,-0.000265304008698998,0.00602730568000507,-5.93123652944046e-05
8.25,0.00422297137033478,-0.000206322749033842,0.00583188515929324,-8.9256599571404e-05
8.26,0.00414403436419586,-0.000149501246285875,0.00557761304494637,-0.000117411852324608
8.27,0.00407237469936073,-9.56332037568764e-05,0.00526936211353492,-0.000143494263050651
8.28,0.00400740852984027,-4.49985609973494e-05,0.00491247898137713,-0.000167255210175996
8.29,0.00394918670547684,1.71767349853052e-06,0.00451274475642891,-0.000188484436759297
8.3,0.00389703063717795,4.43505476655791e-05,0.00407639782501838,-0.000207000233837291
8.31,0.00385085666145457,8.23387983766031e-05,0.00360955541178985,-0.000222678274273115
8.32,0.00380991150490728,0.000115641892050382,0.00311895042670104,-0.000235408097545687
8.33,0.00377400655910054,0.000143831943522779,0.00261122976269127,-0.000245120468138491
8.34,0.00374234532648821,0.000166999841789361,0.00209289000285749,-0.000251788762867689
8.35,0.0037146627450515,0.000184849056687739,0.00157035697461638,-0.000255426307603727
8.36,0.0036901416080195,0.000197597380901379,0.0010499243502435,-0.000256084457579431
8.37,0.00366846717635738,0.00020507488398293,0.000537668675189462,-0.00025384792668801
8.38,0.00364882727391569,0.000207619215212031,3.93820035347088e-05,-0.000248833275332009
8.39,0.00363088677805012,0.000205176910913546,-0.000439478844260772,-0.000241186032138143
8.4,0.00361386475711023,0.000198193049449546,-0.00089386245854211,-0.000231078734717795
8.41,0.00359743347297137,0.000186715645059652,-0.00131916379261002,-0.00021870763376555
8.42,0.00358086671964486,0.000171280236178942,-0.00171127352857191,-0.00020429028760272
8.43,0.00356386884249305,0.000152017353288553,-0.00206660662780413,-0.000188061815761245
8.44,0.00354578924714466,0.000129532677988393,-0.00238213809591189,-0.000170272087771087
8.45,0.00352638544298256,0.000104017530504782,-0.00265541055573873,-0.00015118170937971
8.46,0.00350517989863053,7.60156498831714e-05,-0.00288455677562394,-0.000131059081318002
8.47,0.00348175377177751,4.60847810045893e-05,-0.00306829063340439,-0.000110176314300426
8.48,0.00345597089321381,1.44645661366127e-05,-0.00320590846139665,-8.88059598850514e-05
8.49,0.00342743078998442,-1.81644743963384e-05,-0.00329729228067125,-6.72184768250697e-05
8.5,0.00339607893205796,-5.15601538262255e-05,-0.00334287697973589,-4.56781484673806e-05
8.51,0.00336162103339799,-8.50518757358427e-05,-0.0033436382755347,-2.44405777722849e-05
8.52,0.00332409219546137,-0.000118416680783713,-0.00330105266974304,-3.74931790871033e-06
8.53,0.00328331028357076,-0.000151014463371968,-0.00321707475778791,1.61661528436189e-05
8.54,0.00323939761578007,-0.000182661046730905,-0.00309408742893155,3.50933075321991e-05
8.55,0.00319227788998155,-0.000212764795883548,-0.0029348706325715,5.28380624757256e-05
8.56,0.00314215471050816,-0.000241196773045466,-0.00274254414236452,6.92270824324434e-05
8.57,0.00308904808963084,-0.000267428395397314,-0.00252053021668323,8.41086732733661e-05
8.58,0.00303323290592017,-0.00029139870265435,-0.00227246180461284,9.7355536400016e-05
8.59,0.00297481392801813,-0.000312651888804483,-0.00200211926349624,0.000108871647005018
8.6,0.00291412616041842,-0.000331204271229018,-0.00171377393214834,0.000118570541732481
8.61,0.00285134158284128,-0.000346682582756372,-0.0014114025394214,0.000126402766604284
8.62,0.00278683939883306,-0.00035918382449824,-0.00109902668945554,0.00013234167363932
8.63,0.0027208436917372,-0.000368415628684893,-0.000780767002964719,0.000136379057944672
8.64,0.00265376048069488,-0.00037455665055198,-0.000460704575556185,0.000138528895192071
8.65,0.00258584488121949,-0.000377396128880351,-0.000142804225968768,0.000138827400800983
8.66,0.00251751189558003,-0.000377191378201836,0.000169147529024714,0.000137332476699078
8.67,0.00244902945883307,-0.000373807386706868,0.000471564355382779,0.000134121404029244
8.68,0.00238080515966299,-0.000367572588253859,0.000761099727240844,0.000129289557755104
8.69,0.00231310232959747,-0.000358418839617201,0.00103466361592528,0.000122948069596479
8.7,0.00224630564633332,-0.000346735738094599,0.00128946098217623,0.000115222608345456
8.71,0.00218065800443212,-0.000332510901551776,0.0015230049267548,0.000106250988951085
8.72,0.00211650739905811,-0.000316183030890676,0.00173314836391585,9.61817901190606e-05
8.73,0.00205408983578814,-0.000297889238439378,0.00191808821675984,8.51717669497046e-05
8.74,0.00199362337466868,-0.000277783498725637,0.00207638881605748,7.33843478886567e-05
8.75,0.00193537937270238,-0.000256351524134191,0.00220698301921478,6.09873440105447e-05
8.76,0.00187949809772436,-0.000233661629890965,0.00230915994252453,4.81500253414658e-05
8.77,0.00182618956289993,-0.000210213240939769,0.00238257762480003,3.50419126725539e-05
8.78,0.00177553422271481,-0.000186081401748034,0.00242724468952025,2.18302275201583e-05
8.79,0.00172768116049538,-0.000161764843574522,0.00244352034044212,8.67848963883985e-06
8.8,0.00168265456532835,-0.000137331240982736,0.00243208766033277,-4.2558882853731e-06
8.81,0.00164054035521222,-0.000113265243871736,0.0023939462638791,-1.6822774346434e-05
8.82,0.00160130527359459,-8.96144091101361e-05,0.00233037913599593,-2.88814542384962e-05
8.83,0.00156497372858833,-6.68373955818776e-05,0.00224293928785847,-4.0301503102335e-05
8.84,0.00153145759341045,-4.49506324321223e-05,0.00213341140800931,-5.09645907626941e-05
8.85,0.00150072383952393,-2.43768503569911e-05,0.00200379409016761,-6.07649987890431e-05
8.86,0.00147263431394329,-5.09252606328394e-06,0.00185624842940775,-6.96112001262582e-05
8.87,0.00144710463014852,1.25228175547989e-05,0.00169304592674056,-7.74294057269118e-05
8.88,0.00142395188182909,2.85387058930547e-05,0.0015167013343238,-8.41599248056977e-05
8.89,0.0014030485108798,4.26254851040238e-05,0.00132979505440148,-8.97539076953075e-05
8.9,0.00138417772239419,5.49037418399373e-05,0.00113481294663677,-9.41822039397894e-05
8.91,0.00136717932406993,6.50940580100572e-05,0.000934304386636992,-9.7426876361331e-05
8.92,0.00135181289634034,7.33678145934325e-05,0.000730826160855991,-9.94842739154791e-05
8.93,0.00133789795640382,7.94965793683354e-05,0.000526898946289016,-0.00010036538284383
8.94,0.00132518157348871,8.37018973576521e-05,0.000324957275259071,-0.000100095899544823
8.95,0.00131347398503423,8.58038913774162e-05,0.000127334501900554,-9.87146045069341e-05
8.96,0.00130252013701826,8.60705368148032e-05,-6.37697258472175e-05,-9.62727359839953e-05
8.97,0.00129213189907773,8.43657902084793e-05,-0.000246297968147614,-9.28322982474344e-05
8.98,0.00128206246193296,8.09985185377314e-05,-0.000418365386553867,-8.84655056972148e-05
8.99,0.00127213567535778,7.58701864289936e-05,-0.00057826592352747,-8.3253090713749e-05
9,0.00126213742915993,6.9217346181341e-05,-0.000724498699398646,-7.72836574980574e-05
9.01,0.00125186706900915,6.12897747786378e-05,-0.000855767265684085,-7.0651813725467e-05
9.02,0.00124118114886285,5.20312141139634e-05,-0.000970993169139725,-6.34570028172237e-05
9.03,0.00122989279149599,4.18189030626941e-05,-0.00106933519913049,-5.58029404232014e-05
9.04,0.00121788727065963,3.06131673321897e-05,-0.00115017628761382,-4.77953589656585e-05
9.05,0.00120500744387675,1.88032750199831e-05,-0.00121313429779595,-3.95411673407335e-05
9.06,0.00119117670117341,6.35705859934387e-06,-0.00125804795207427,-3.11465767642114e-05
9.07,0.00117627723019242,-6.33317565925135e-06,-0.00128498277619445,-2.27163817981437e-05
9.08,0.00116027122667095,-1.93010509886878e-05,-0.00129421197446016,-1.43521960215072e-05
9.09,0.00114308055088275,-3.21598958271081e-05,-0.00128621761585135,-6.15186714402343e-06
9.1,0.00112470643068296,-4.49530936990698e-05,-0.00126166709459733,1.79212966184568e-06
9.11,0.00110510968282496,-5.73074596178363e-05,-0.00122141030442623,9.39309705636461e-06
9.12,0.00108432869839548,-6.92834695962445e-05,-0.00116645251518037,1.65715238819296e-05
9.13,0.00106236058972065,-8.05281512093302e-05,-0.00109794843771658,2.3255275749788e-05
9.14,0.00103927757265554,-9.11251394298932e-05,-0.00101717248721606,2.93807754288277e-05
9.15,0.00101510899562696,-0.000100747020580208,-0.000925510328975648,3.48929569293248e-05
9.16,0.000989956758984389,-0.00010950488334931,-0.000824369719427672,3.97494695835407e-05
9.17,0.000963878563581932,-0.000117100367438315,-0.00071536052377395,4.39149710519172e-05
9.18,0.000937000877041072,-0.000123676159180559,-0.000600120316429964,4.73617761647574e-05
9.19,0.000909402408376669,-0.000128966110913028,-0.000480183106294184,5.00754477711389e-05
9.2,0.000881228228709174,-0.000133144210576505,-0.000357121480069942,5.20487255079533e-05
9.21,0.000852572014654163,-0.000135975697285962,-0.000232539921131204,5.32815452879913e-05
9.22,0.000823589924584978,-0.000137666469953343,-0.0001080116486464,5.37829252480224e-05
9.23,0.000794382917411962,-0.000138013096599853,1.49424342835656e-05,5.35704936833863e-05
9.24,0.000765111595231183,-0.00013725175913072,0.000134882739997275,5.26704630442687e-05
9.25,0.000735877746093294,-0.00013520770621777,0.000250451213937169,5.11162936593455e-05
9.26,0.000706840182871371,-0.000132144139653513,0.000360392920697791,4.89484671935712e-05
9.27,0.000678109814793659,-0.000128017370618962,0.000463555000622209,4.6213189120176e-05
9.28,0.000649793901119855,-0.000122795207535282,0.000558909434096736,4.29622547718156e-05
9.29,0.000622036092182032,-0.000116772643134399,0.000645557243637379,3.92521405253281e-05
9.3,0.000594916013010094,-0.000109829237131192,0.000722722221663373,3.51424248331772e-05
9.31,0.000568559824016601,-0.000102275371178808,0.000789772097150724,3.06958611599314e-05
9.32,0.000543024532867475,-9.40031757966732e-05,0.000846211005466112,2.59770287211677e-05
9.33,0.000518419370490575,-8.53327410707534e-05,0.000891692188659289,2.10520412226135e-05
9.34,0.000494782209138789,-7.61629608311514e-05,0.000926006277794433,1.5987155130455e-05
9.35,0.000472201353907797,-6.6817942441992e-05,0.000949090465180153,1.0848502707281e-05
9.36,0.000450692389302176,-5.71976981408689e-05,0.000961013447932085,5.70074922309201e-06
9.37,0.000430320869665435,-4.76248152482657e-05,0.000961981455328077,6.06894907370197e-07
9.38,0.000411079049589258,-3.79950713847804e-05,0.000952320249631383,-4.37298187067076e-06
9.39,0.000393008867796363,-2.86244276121512e-05,0.000932478449422042,-9.18182105798722e-06
9.4,0.000376079119481787,-1.93996155115724e-05,0.000903007083225467,-1.37667227443408e-05
9.41,0.000360308542535215,-1.06255007527763e-05,0.000864560756837321,-1.80789163863963e-05
9.42,0.000345643535508477,-2.17568523548756e-06,0.000817875354424684,-2.20747653637542e-05
9.43,0.000332081308618948,5.6597243384063e-06,0.00076376764614154,-2.57155922403095e-05
9.44,0.000319547969443112,1.30234018050024e-05,0.000703091521153771,-2.89693272517411e-05
9.45,0.00030802132709784,1.96424111198232e-05,0.000636774694916605,-3.18111123747098e-05
9.46,0.000297409555032768,2.56782038408255e-05,0.000565840988825794,-3.42190950496559e-05
9.47,0.000287675376054564,3.08778545652751e-05,0.000491277622282307,-3.61783227815511e-05
9.48,0.000278713551079113,3.54225330163014e-05,0.000414037563076776,-3.7680614003762e-05
9.49,0.000270475687992988,3.90786275978022e-05,0.000335118298855498,-3.87214612405003e-05
9.5,0.000262847728196514,4.2047134450186e-05,0.000255515286606762,-3.9301918249511e-05
9.51,0.000255775448758877,4.4114261780473e-05,0.000176205704148661,-3.94285274660689e-05
9.52,0.00024914060701664,4.55004506317094e-05,9.81214750043993e-05,-3.91136869824207e-05
9.53,0.000242887433210104,4.60104931826464e-05,2.21516201376669e-05,-3.83746378795582e-05
9.54,0.000236913178238263,4.57764819212042e-05,-5.0875867307867e-05,-3.72335110433146e-05
9.55,0.000231117832599326,4.4937839592258e-05,-0.000120187787889572,-3.57162460859318e-05
9.56,0.000225449450249826,4.33239184043039e-05,-0.000185076926980198,-3.38522849049274e-05
9.57,0.000219798803677174,4.11942107070573e-05,-0.000244921622379903,-3.1674899312992e-05
9.58,0.000214119819708314,3.83903959071925e-05,-0.000299175105645441,-2.92198184844154e-05
9.59,0.000208307647614259,3.51827218262418e-05,-0.000347380428281833,-2.65252354446831e-05
9.6,0.000202329272586343,3.14219803193487e-05,-0.000389162059189075,-2.36307335938341e-05
9.61,0.000196093459361224,2.73858588108614e-05,-0.0004242388839751,-2.05773115762337e-05
9.62,0.000189581081140311,2.29307237398528e-05,-0.000452413468603786,-1.74063041122585e-05
9.63,0.000182715239435582,1.83381273330823e-05,-0.000473582824071662,-1.41594154501563e-05
9.64,0.000175491736170708,1.34664496391106e-05,-0.000487725540309874,-1.08776628412908e-05
9.65,0.000167848884449207,8.59758896852994e-06,-0.00049491052951339,-7.60144537873252e-06
9.66,0.000159797502379488,3.58849931344673e-06,-0.000495282244985753,-4.36953375975583e-06
9.67,0.000151291014320876,-1.28189159575619e-06,-0.000489067636369308,-1.21919550083806e-06
9.68,0.000142354779247844,-6.16121325896354e-06,-0.000476559715884749,1.81475028879045e-06
9.69,0.000132956642612037,-1.07764739280419e-05,-0.000458123027190932,4.69973442992647e-06
9.7,0.000123135593150359,-1.52826288390245e-05,-0.000434175894373433,7.40630292744212e-06
9.71,0.000112872710234857,-1.94151171531878e-05,-0.000405194771048313,9.90783235940924e-06
9.72,0.000102219346351129,-2.3338442219904e-05,-0.000371695557837446,1.21813045798606e-05
9.73,9.11682988244955e-05,-2.67983466438657e-05,-0.000334220211830493,1.42077196587766e-05
9.74,7.97821378337726e-05,-2.99703190714888e-05,-0.000293361039674427,1.59723075997995e-05
9.75,6.80638671883838e-05,-3.26119335672072e-05,-0.000249750062266286,1.7462919614489e-05
9.76,5.60850770965349e-05,-3.49112624367861e-05,-0.000204014666214626,1.8671281990473e-05
9.77,4.38564089304538e-05,-3.66382448155437e-05,-0.000156753546622762,1.95931703245262e-05
9.78,3.14562762162574e-05,-3.79931297877451e-05,-0.000108576893745337,2.02272477498279e-05
9.79,1.89003752728567e-05,-3.87580396499656e-05,-6.01078721433034e-05,2.05747853781782e-05
9.8,6.2710015136247e-06,-3.91455860751292e-05,-1.19497095739686e-05,2.06407615423904e-05
9.81,-6.41400522005675e-06,-3.89499128971583e-05,3.53154186180143e-05,2.0433321759704e-05
9.82,-1.90710102927483e-05,-3.8395197494983e-05,8.11439878102002e-05,1.99640766712586e-05
9.83,-3.16662863468764e-05,-3.7392382524679e-05,0.000125023705298993,1.92472162427812e-05
9.84,-4.41658114056498e-05,-3.58579342914614e-05,0.000166489824007038,1.82997801716732e-05
9.85,-5.64898347101828e-05,-3.40299060394704e-05,0.000205124172962277,1.71411948626747e-05
9.86,-6.86236589257927e-05,-3.17271397203816e-05,0.000240545293334072,1.57921827724424e-05
9.87,-8.04940584704372e-05,-2.91952656460806e-05,0.000272427481319561,1.4275347871162e-05
9.88,-9.20966472921503e-05,-2.62596706790529e-05,0.000300492468984075,1.2614350935126e-05
9.89,-0.00010336226763541,-2.3171419660833e-05,0.000324522440061724,1.0834136495023e-05
9.9,-0.000114291852547854,-1.97601834906258e-05,0.000344349685192549,8.9600482364671e-06
9.91,-0.000124823018595066,-1.6280278410578e-05,0.000359868088463435,7.01804741406781e-06
9.92,-0.000134964123416959,-1.25634446671363e-05,0.000371021334746224,5.03383316733173e-06
9.93,-0.000144660849826339,-8.86503295893494e-06,0.000377813036030139,3.03307637766173e-06
9.94,-0.00015392994398522,-5.0166731584104e-06,0.000380293658844455,1.04056391926598e-06
9.95,-0.000162726243622791,-1.27263525279581e-06,0.00037856946087047,-9.19535904691914e-07
9.96,-0.000171075552333866,2.53759446918792e-06,0.00037278831707009,-2.82449127230816e-06
9.97,-0.000178942321226616,6.16275520202207e-06,0.000363147660114204,-4.65269764744659e-06
9.98,-0.000186361531578694,9.77730909666779e-06,0.000349879413407727,-6.3844472912714e-06
9.99,-0.000193307055655012,1.31346685488722e-05,0.000333257163254299,-8.00156717321433e-06
10,-0.000814526329796283,-0.00351127304439845,0.000313580431160107,-9.48813282575393e-06
10.01,-0.00138233210965555,-0.00579998140191014,0.00227106718091034,0.000141378674603701
10.02,-0.00213160489154562,-0.00807185477095587,0.00448787069955123,0.000315105890338933
10.03,-0.00304632618439626,-0.0102733508478806,0.00734300802631929,0.000510840518860391
10.04,-0.00412303440622597,-0.0124656274634572,0.0111001646840254,0.000732545814485222
10.05,-0.00543204191971958,-0.0145997297190988,0.0159420500375267,0.000977890362220205
10.06,-0.00707780722847628,-0.0167977823597067,0.0219923222352366,0.00124100297553312
10.07,-0.00918216878824829,-0.0189808499343969,0.0293180244217769,0.00151362780348335
10.08,-0.0118728541030366,-0.0212902621676753,0.0379399666871524,0.00178640126322572
10.09,-0.0152835496175092,-0.0236023960855334,0.0478573055717681,0.00205019868162244
10.1,-0.019529644724853,-0.0259816950884004,0.0590567175459848,0.00229689186236362
10.11,-0.0246918335815107,-0.0285093612600788,0.0715080114817033,0.00251912186640236
10.12,-0.030866298059266,-0.0309871807297916,0.0851660886534281,0.00271022966739151
10.13,-0.0380619613891189,-0.0335796844777054,0.0999806042474168,0.00286494881640418
10.14,-0.0463650262392064,-0.0360506274740744,0.115871968098819,0.00297805195221679
10.15,-0.0557132188595477,-0.0385869483604158,0.13274944656305,0.00304489657578284
10.16,-0.0662152692709499,-0.0409246925513979,0.150492329062319,0.00306024976183458
10.17,-0.0777340555157446,-0.0432797910808563,0.168962433136967,0.00301953856016069
10.18,-0.0904298631143607,-0.0453667055689608,0.187990674073256,0.00291798106901161
10.19,-0.104080625691713,-0.0474334132315632,0.207401996284771,0.00275109498363161
10.2,-0.118923522644499,-0.0491754860273665,0.226971669128368,0.00251293894056635
10.21,-0.134635897399413,-0.0508730605921381,0.246430477551877,0.00219646777439307
10.22,-0.151554189973116,-0.0522049275382349,0.265453076603182,0.00179336565047425
10.23,-0.169237088194902,-0.0534834014331425,0.283801606908877,0.00130198810748232
10.24,-0.188138174226533,-0.0543701811628391,0.301280025066064,0.000724209078681007
10.25,-0.207675777331652,-0.055206386168584,0.317718969600929,6.306980946731e-05
10.26,-0.228068368891432,-0.0558220924670927,0.332981505164559,-0.000676658572429038
10.27,-0.249686528023587,-0.0560259091571428,0.346985645190762,-0.00148807872778429
10.28,-0.271706002783516,-0.0561991389091932,0.359690673933264,-0.00236355455544351
10.29,-0.294952747457154,-0.0559565407266537,0.371066245379306,-0.00329549246966699
10.3,-0.318423423252328,-0.0557026292097777,0.38115483516092,-0.00427696775499987
10.31,-0.343124069051335,-0.0550330357694399,0.389991135177591,-0.00529955874273907
10.32,-0.367856355950136,-0.0543730377982013,0.397581519572414,-0.00635535795968793
10.33,-0.393117509221195,-0.0535220512229684,0.403911592342506,-0.00743846050659272
10.34,-0.419611519566051,-0.0522604973118345,0.408986243375387,-0.00854241409916936
10.35,-0.445830931116296,-0.0510451649552505,0.412843070386032,-0.00965935219308413
10.36,-0.473295485958458,-0.0494272532683631,0.41553268444586,-0.0107803555250706
10.37,-0.500281256978129,-0.0478810814217459,0.417131002583111,-0.0118965378019604
10.38,-0.527552358556481,-0.0461843006709805,0.41774092397624,-0.0129993262750271
10.39,-0.556103859446446,-0.0440968002482201,0.417478148641703,-0.0140818324414546
10.4,-0.583872227184629,-0.0421163122475813,0.41645480904781,-0.0151385412887789
10.41,-0.61295738769287,-0.0397515443297174,0.414771714422722,-0.0161653373793615
10.42,-0.641062128911106,-0.0375129586925648,0.412513107014233,-0.0171585437001662
10.43,-0.669248545931293,-0.0351553279177362,0.40976936839387,-0.0181153427117742
10.44,-0.69882410508984,-0.032418884915444,0.406616332741633,-0.0190333276179363
10.45,-0.727132895612031,-0.0298326770997838,0.4031224824281,-0.0199101871561233
10.46,-0.755424569266214,-0.0271395769193173,0.399361863049329,-0.0207444457735102
10.47,-0.785197996576027,-0.0240699045250959,0.395394351555143,-0.0215349916693515
10.48,-0.813430214659989,-0.0211682292053063,0.391271017437718,-0.0222807482515511
10.49,-0.841560952537217,-0.0181672244553891,0.387042069009651,-0.0229808759513066
10.5,-0.871281766089995,-0.0147893261984396,0.382755526663476,-0.0236349507284803
10.51,-0.899198532281698,-0.0115917188073917,0.378459161108182,-0.0242430954672483
10.52,-0.926942567906832,-0.00829859420997811,0.374194235039849,-0.0248054900729599
10.53,-0.956397804021112,-0.00462626541567374,0.369993776668949,-0.0253224295635361
10.54,-0.983796677354535,-0.00114123300106378,0.36588714070177,-0.0257943834889321
10.55,-1.01096260318071,0.00243871425217349,0.361900899036531,-0.0262219710154565
10.56,-1.03997093741002,0.00640115084879356,0.358056010296391,-0.0266060658948492
10.57,-1.06667856322504,0.0101737064085481,0.354366999135653,-0.0269478177181009
10.58,-1.09309478860701,0.0140431595684566,0.350838869492522,-0.0272487525272023
10.59,-1.11919309852618,0.0180108606618523,0.347458657902294,-0.0275110495961198
10.6,-1.14728250252981,0.0223670654309367,0.344180367382108,-0.0277379596917909
10.61,-1.17269467697427,0.0265358287014879,0.340914367287778,-0.0279347899128486
10.62,-1.19765480078178,0.0308060781923496,0.337539218660539,-0.0281074482020471
10.63,-1.22461682483271,0.0354650320566054,0.333939923739935,-0.0282597428252666
10.64,-1.24848525437541,0.0399380765312854,0.329996740707483,-0.0283947380558382
10.65,-1.27158069778059,0.0445123933307379,0.325564496651634,-0.0285154592608018
10.66,-1.29370750308313,0.0491873566204626,0.320446762537067,-0.0286252873678792
10.67,-1.31738329406178,0.0542425994429844,0.314389122158426,-0.0287283629668707
10.68,-1.33687504343823,0.0591068238891012,0.307054586328476,-0.0288309428718143
10.69,-1.35460415730176,0.0640521122304358,0.298007341434022,-0.0289426993984469
10.7,-1.37319668123869,0.0693357963541227,0.286766616239998,-0.0290715980176657
10.71,-1.38663998107874,0.0743797044367446,0.272916481581057,-0.0292168580246921
10.72,-1.39756843439931,0.0794288289801633,0.256106864306357,-0.0293692074666305
10.73,-1.40879481366028,0.0847115010190832,0.236035649280779,-0.0295131186473275
10.74,-1.41421183385882,0.0896481346965694,0.212469121850139,-0.0296279329585327
10.75,-1.41972360717656,0.0947190178517338,0.185229136998052,-0.0296900859396281
10.76,-1.41926744120966,0.0993507590288413,0.154380978272797,-0.0296794729361834
10.77,-1.41891403303384,0.104004586052855,0.120043626342881,-0.029577208510645
10.78,-1.40252034034489,0.106952789820189,0.0824603393086785,-0.0293631081743106
10.79,-1.38693950563056,0.109824399142294,0.0419718435693104,-0.0290139317158165
10.8,-1.36933053776389,0.112333806603456,-0.000910333242314676,-0.02850298276996
10.81,-1.34699698882581,0.114226712201013,-0.0455406843277338,-0.0278062038267809
10.82,-1.32599510816503,0.115937674429803,-0.0911631076214138,-0.0269065746275827
10.83,-1.30363210843649,0.117219382182597,-0.136963642125752,-0.0257957141100211
10.84,-1.27740205209966,0.117858626141389,-0.18210862429052,-0.0244737375038389
10.85,-1.25311133170667,0.118276212989173,-0.225805178235313,-0.0229498327707619
10.86,-1.22817556904798,0.118269101972439,-0.267321889669743,-0.0212393769204786
10.87,-1.20278643596122,0.117855175679108,-0.306009934505228,-0.0193607703597893
10.88,-1.17456511848687,0.116878684229851,-0.341172260407463,-0.0173263913772003
10.89,-1.14875947993305,0.115741876556832,-0.372287942017224,-0.0151493042052687
10.9,-1.12286235793884,0.114294018135328,-0.39922125906927,-0.0128581899141055
10.91,-1.09456816080862,0.112409468537416,-0.422033781065476,-0.0104835681043497
10.92,-1.06869541610354,0.110459244304492,-0.440933878668581,-0.00805179840581566
10.93,-1.04284387200815,0.108308629698177,-0.456233726197618,-0.00558581662925473
10.94,-1.01483243711799,0.105843415739424,-0.468223445453367,-0.00310783305969704
10.95,-0.989103088603033,0.103393487393999,-0.477177418102532,-0.00063801283761346
10.96,-0.963412809950027,0.100833841614441,-0.483372232748438,0.00180433607771629
10.97,-0.937767928621507,0.0981899145685381,-0.487044970208587,0.00420284166095724
10.98,-0.910215282828316,0.0953594298798791,-0.488412500994096,0.00654390443323156
10.99,-0.884749732429436,0.0926201670405322,-0.487697089599625,0.00881601089522348
11,-0.859368375301777,0.0898603743585941,-0.485096910629713,0.0110079689258535
11.01,-0.832295776192716,0.0869863092338564,-0.480828366648139,0.0131111523944683
11.02,-0.807195183421552,0.0842399492621133,-0.475139340286559,0.0151194641666425
11.03,-0.78055313024162,0.0814158396605188,-0.468246260185782,0.0170287905033088
11.04,-0.755809923614274,0.0787336662057252,-0.460338846081737,0.0188365695506124
11.05,-0.731243873579063,0.0760954376545882,-0.451619821865204,0.0205417302566339
11.06,-0.70534993402836,0.0734189741515502,-0.442280747267977,0.0221448229751474
11.07,-0.681236598201993,0.0708921270636356,-0.432470711509199,0.0236460353863926
11.08,-0.65734192352716,0.0684253980491138,-0.422299596492347,0.0250455808457153
11.09,-0.632314021946737,0.0659446760033423,-0.411879122780147,0.0263438461270283
11.1,-0.608937945803073,0.0636100213718788,-0.401344072989602,0.0275424504570615
11.11,-0.584546943372512,0.0612709091749403,-0.390816899406084,0.0286452442607371
11.12,-0.561716998489391,0.0590701682040354,-0.380400844220393,0.0296558726770089
11.13,-0.539142407648908,0.0569326308946001,-0.370173798578241,0.0305780639924605
11.14,-0.515715995087836,0.0547968061378888,-0.360191697554467,0.0314158557217213
11.15,-0.493710503433776,0.0527822575715352,-0.35050350352614,0.032172840452292
11.16,-0.470953581340209,0.0507700088757129,-0.341140827706536,0.0328526040493715
11.17,-0.449524643699003,0.0488660928656566,-0.332122596418422,0.0334580254829889
11.18,-0.428364324683702,0.0470108369944225,-0.32343825367553,0.0339922017918671
11.19,-0.406600072249901,0.0451569413201,-0.315075779884311,0.0344573752119506
11.2,-0.386035504710381,0.0433924308859745,-0.307015880161885,0.0348550788236256
11.21,-0.364966750986329,0.0416286556118358,-0.299232309447756,0.0351865403470687
11.22,-0.345022003760596,0.039943110330401,-0.291703972613005,0.03545254392495
11.23,-0.324675837015817,0.0382582038822903,-0.28439815171498,0.0356541452676356
11.24,-0.305388951508417,0.0366417112987911,-0.277291466536276,0.0357915310508251
11.25,-0.285807642003505,0.0350263915399307,-0.270360757489509,0.0358649588923227
11.26,-0.267231500850752,0.0334709354609825,-0.2635833877758,0.0358746878444807
11.27,-0.249016653170866,0.0319424218058012,-0.256935355481542,0.0358210547216319
11.28,-0.23067654589192,0.030416914269302,-0.250393234280724,0.0357043839672177
11.29,-0.213284582051106,0.0289408153661591,-0.243905724365937,0.035526447662394
11.3,-0.195880537335065,0.0274701722585344,-0.237432839074863,0.035288754039162
11.31,-0.179391928350912,0.0260445830687421,-0.23095015896714,0.0349914812816213
11.32,-0.162996991647696,0.0246280970615183,-0.224437809985954,0.0346341905863315
11.33,-0.147487266586969,0.0232537072982403,-0.217886288777621,0.0342164622974693
11.34,-0.13216871693563,0.0218925218931983,-0.211285958300136,0.0337385031635896
11.35,-0.117705536857865,0.0205713472694889,-0.204654537928873,0.0332012403594714
11.36,-0.103519505536577,0.0192671890284957,-0.19802497957497,0.0326073805135312
11.37,-0.0901565608154558,0.0180007769539225,-0.191402243530204,0.0319594851987866
11.38,-0.0771425466874929,0.0167545245725448,-0.184791180981508,0.0312603042187859
11.39,-0.0649151879378662,0.0155442730283579,-0.178173871735895,0.0305123856142011
11.4,-0.0530933549813071,0.014357677332894,-0.171545545299223,0.0297182000357415
11.41,-0.0420173223321854,0.013206382843706,-0.164907335413417,0.028881414685143
11.42,-0.0313872343275339,0.0120825535252991,-0.158252341553256,0.0280056499269982
11.43,-0.0214566984914653,0.0109940497841796,-0.151594727156868,0.0270954200367227
11.44,-0.0119965438880545,0.00993687740185385,-0.14492775775132,0.0261557755130748
11.45,-0.00318458703146707,0.0089155361083062,-0.138264627536134,0.0251918611818004
11.46,0.00509083274110456,0.00792911456945368,-0.131610241759686,0.0242089631290328
11.47,0.0128845803459381,0.00697958406878151,-0.124969364242265,0.023212455896985
11.48,0.0201136236217856,0.00606717913741228,-0.1183479809902,0.0222071853212347
11.49,0.0268702909296641,0.00519511126209613,-0.111755703526124,0.0211982263375137
11.5,0.0331217684877769,0.00436129217563351,-0.10519794774572,0.0201901065002625
11.51,0.0389177419458653,0.00357077419497549,-0.0986918395725812,0.0191866110584886
11.52,0.0442664451771968,0.00281942055602204,-0.0922459761902799,0.0181911203706562
11.53,0.0491810618165189,0.00211363264574826,-0.0858771202032392,0.0172065887717869
11.54,0.0537022459206353,0.00144747951884862,-0.0795961880506499,0.0162356201498456
11.55,0.0578118340540916,0.0008283182141462,-0.0734176705033696,0.0152808721900247
11.56,0.0615761604546279,0.00024866713741238,-0.067367334210281,0.0143447213598708
11.57,0.0649511691744555,-0.000283795368781569,-0.06148691940078,0.0134305191146739
11.58,0.0680242894461625,-0.000778162239683781,-0.0557949413390099,0.0125405245369557
11.59,0.0707306182505816,-0.00122657770192289,-0.0503019616282714,0.0116767709212354
11.6,0.0731741380110531,-0.00163909921565564,-0.0450318219405205,0.0108411709241619
11.61,0.0752736140225627,-0.0020078776796218,-0.0399945529745434,0.0100353550387265
11.62,0.0771461471549495,-0.00234363869978692,-0.0351930945408201,0.00926068349617496
11.63,0.0786984002026294,-0.00263845521692488,-0.0306358530250871,0.00851824109767162
11.64,0.0800575396492498,-0.00290345403276189,-0.0263331202596835,0.00780873973971942
11.65,0.0811219286671436,-0.00313083813823047,-0.0222826338334415,0.00713273038453739
11.66,0.0820261521275256,-0.00333179591080972,-0.0184788664873975,0.00649108219441818
11.67,0.0826633070445943,-0.00349855609882626,-0.0149181997289458,0.00588454277478821
11.68,0.0831725730667987,-0.00364217970147074,-0.0115961804821722,0.00531292242106222
11.69,0.0834437614380557,-0.00375506202685884,-0.00851166091460027,0.00477589323829621
11.7,0.0836180192238771,-0.00384808749598486,-0.00566422955062811,0.00427334302968595
11.71,0.083583750638792,-0.00391392866983275,-0.00304595470981166,0.00380489394758284
11.72,0.0834816018833724,-0.00396313296597749,-0.000650763843563031,0.00336975615763548
11.73,0.0831993812596714,-0.00398866044157752,0.001523865877847,0.00296701408617314
11.74,0.0828750685316626,-0.00400073732626108,0.00348243234545518,0.00259590826532088
11.75,0.0824578822113837,-0.00399668152890111,0.0052362538612594,0.00225554640644066
11.76,0.0818990586302251,-0.00397415705782046,0.00679583091665115,0.00194491041917969
11.77,0.0813303111583714,-0.00394261993394337,0.00816802310524687,0.00166271907407071
11.78,0.0806423679621497,-0.00389584521339881,0.00936170216459854,0.00140777873080316
11.79,0.0799616966730774,-0.00384278032074609,0.0103846927233823,0.00117882532213432
11.8,0.079181566147807,-0.00377752661122484,0.0112466985294472,0.000974497500906001
11.81,0.0784227244992124,-0.00370847810492685,0.0119581517688128,0.00079341800332067
11.82,0.0775816679232904,-0.00363002293483954,0.0125285536465269,0.000634220005437692
11.83,0.0767731081856899,-0.00354999526326961,0.0129661794927572,0.000495464038559281
11.84,0.0758971863313667,-0.00346308956508584,0.0132809930894308,0.0003757842648355
11.85,0.0750625510743701,-0.00337656133545866,0.0134836759338422,0.000273834973026706
11.86,0.0741735665452383,-0.00328535453077104,0.0135845280244671,0.00018827529082453
11.87,0.073332784053143,-0.00319613289801335,0.0135937658341069,0.000117750858134703
11.88,0.0724490232579882,-0.00310407510983352,0.0135211709980056,6.08975944660333e-05
11.89,0.0716186504828524,-0.00301526830245142,0.0133761314357627,1.638520265198e-05
11.9,0.0707550456010981,-0.00292511931796367,0.0131677619004032,-1.70758839061318e-05
11.91,0.0699483523370574,-0.00283916130821779,0.012904875752445,-4.07260167402345e-05
11.92,0.0691165274151082,-0.00275302505269968,0.0125953531103752,-5.57827909533211e-05
11.93,0.068343481602497,-0.00267172886812433,0.0122456693234151,-6.35481210224438e-05
11.94,0.0675516446458202,-0.00259112938500778,0.0118662291962905,-6.51714613324556e-05
11.95,0.0668187677409993,-0.00251571544857587,0.0114658838863445,-6.17443668764465e-05
11.96,0.0660717283764898,-0.00244153089863436,0.0110503236574777,-5.43381387386725e-05
11.97,0.0653823121687021,-0.00237261563418893,0.0106243919406506,-4.38911280666163e-05
11.98,0.0646817965223709,-0.00230525695111773,0.0101926665156014,-3.11946217158078e-05
11.99,0.06403632434305,-0.00224308921542844,0.00975941716609585,-1.69062060275099e-05
12,0.0634117312063953,-0.00218425126064527,0.00932851090320242,-1.57144091211374e-06
12.01,0.0627784449258577,-0.00212716192263754,0.00890338764672277,1.4365769544367e-05
12.02,0.0621948541594586,-0.00207489300612639,0.00848699853663909,3.05471509557382e-05
12.03,0.0616032176814381,-0.00202433514879027,0.00808178563618349,4.66858892068104e-05
12.04,0.0610572246574659,-0.00197823536910773,0.00768973715472945,6.25579977890635e-05
12.05,0.0605034508660776,-0.001933720763284,0.00731243007533521,7.79929571231366e-05
12.06,0.0599912250601271,-0.00189324605988578,0.00695108074023163,9.28663524968435e-05
12.07,0.0594713209114506,-0.00185417282996475,0.00660657954677735,0.000107092169520376
12.08,0.0589890189986697,-0.00181869236031651,0.00627954033327238,0.000120616826110309
12.09,0.0584991619734936,-0.00178439530184803,0.00597033338463243,0.000133413065939823
12.1,0.0580432612578994,-0.00175323529820134,0.00567912074840134,0.000145474899812657
12.11,0.0575800484048106,-0.00172302500414583,0.00540588447225739,0.000156812634752734
12.12,0.0571474977582724,-0.00169550379838305,0.00515049665555718,0.000167447130907512
12.13,0.0567080249697014,-0.00166869654488166,0.00491267444597444,0.00017740858414234
12.14,0.0562962793283139,-0.00164414923137644,0.00469197670157154,0.000186734816055974
12.15,0.0558781436766722,-0.00162008957100442,0.00448786628242001,0.000195467311061286
12.16,0.0554851423150211,-0.00159789028875608,0.00429972567467752,0.000203648887155621
12.17,0.0550863960127339,-0.00157597122206251,0.00412687223304051,0.000211322058566147
12.18,0.0547104919475183,-0.0015555496376577,0.00396856576267195,0.000218527694981591
12.19,0.0543295608204009,-0.00153522531475793,0.00382423485649259,0.000225314847432297
12.2,0.053969447304425,-0.00151607273983275,0.0036931164642347,0.000231740887154986
12.21,0.0536050781847193,-0.00149686109701142,0.00357395851371187,0.000237839133319471
12.22,0.0532597418011038,-0.00147854433366903,0.00346602304008609,0.000243659664532388
12.23,0.0529109505919729,-0.00146004696054196,0.00336855717063643,0.000249243481129032
12.24,0.0525796224364541,-0.00144221129337652,0.00328033996782397,0.000254587525986148
12.25,0.0522456422203375,-0.001424105673647,0.00320112413855038,0.000259710370042526
12.26,0.0519277310124986,-0.00140646636565781,0.00313006645038713,0.000264600573474133
12.27,0.0516161031411206,-0.00138882548535133,0.00306593626750851,0.000269231338900006
12.28,0.051302997014691,-0.00137083447879634,0.00300757352332614,0.000273585281299455
12.29,0.0510041518956639,-0.00135310596637499,0.00295381205030375,0.000277646483746799
12.3,0.0507045471012288,-0.00133502459115492,0.0029037794658982,0.000281409131334381
12.31,0.0504181352427153,-0.00131712920737958,0.00285680026852052,0.000284875231642344
12.32,0.0501316590350935,-0.00129890490317204,0.00281224830608163,0.000288052522857075
12.33,0.0498574479101164,-0.0012808207653755,0.00276947430864859,0.000290953085447679
12.34,0.0495838431355144,-0.00126245201683496,0.00272782249337648,0.000293592886222573
12.35,0.049321685997298,-0.00124420664441641,0.00268665297976187,0.000295990941901928
12.36,0.0490607639701812,-0.00122574094612329,0.00264537197299989,0.000298169242764394
12.37,0.0488105606493576,-0.00120740792820554,0.00260344378839694,0.000300151944815637
12.38,0.0485621729955907,-0.00118893497223518,0.00256040114389963,0.000301965160644399
12.39,0.0483238324521711,-0.00117062507167654,0.0025158415557597,0.000303636056351895
12.4,0.0480877985735511,-0.00115226737888557,0.00246943526695214,0.000305192594608877
12.41,0.0478611606693216,-0.00113411873497607,0.00242092469543252,0.000306662349456886
12.42,0.047637223319688,-0.00111602086810649,0.002370132364421,0.000308073057301855
12.43,0.0474220441026247,-0.00109818740524591,0.00231694675460975,0.000309452667493026
12.44,0.047209866615388,-0.00108050421250122,0.0022612945798556,0.00031082638908091
12.45,0.0470058217648388,-0.00106314494658507,0.00220315308923133,0.000312217324880275
12.46,0.0468049964977029,-0.00104603243681666,0.00214256101282627,0.000313647052248085
12.47,0.0466116940845005,-0.00102930302866923,0.00207960831986388,0.000315135084516927
12.48,0.0464217584766624,-0.00101290960836568,0.00201443900672136,0.000316698926372383
12.49,0.0462387564884859,-0.000996954068596063,0.00194710738653047,0.0003183470999215
12.5,0.0460592060267864,-0.000981414996477236,0.00187790958273491,0.000320085000864667
12.51,0.0458860188065788,-0.000966359614670764,0.0018074584656746,0.00032193270848183
12.52,0.045716318613092,-0.000951782201459058,0.00173574720721899,0.000323886519676712
12.53,0.0455524367745808,-0.000937722664231444,0.00166301293162887,0.000325949288421682
12.54,0.0453929507310473,-0.000924188219223213,0.00158964313957213,0.0003281273291305
12.55,0.0452369280966325,-0.000911200928402872,0.00151603512997639,0.000330418893446361
12.56,0.0450859587476051,-0.00089875913469856,0.00144264181436131,0.000332817907107067
12.57,0.0449383904488485,-0.00088688584530791,0.0013699462629594,0.000335314593348275
12.58,0.044795392645713,-0.000875553681494402,0.00129841056200703,0.000337898861908245
12.59,0.0446557117314299,-0.000864790923664435,0.00122830997990294,0.000340564100778557
12.6,0.0445201523239085,-0.000854547717161924,0.00116031128232576,0.000343303757558139
12.61,0.0443878032548604,-0.000844854375652797,0.00109462090937891,0.000346112431987754
12.62,0.0442591517741819,-0.000835644137892218,0.00103147541267046,0.000348982970790497
12.63,0.0441335872351978,-0.000826951570065032,0.000971114699489834,0.000351905188672301
12.64,0.0440113268741422,-0.00081869639321914,0.000913735853995932,0.000354866854134285
12.65,0.0438920206624323,-0.000810916415472497,0.000859485203206085,0.000357854641169229
12.66,0.0437756547413723,-0.000803523740814241,0.000808135353522332,0.000360857308946531
12.67,0.0436621058269022,-0.000796558610062629,0.00076039404335005,0.000363862252827452
12.68,0.0435511716736272,-0.000789919892201142,0.000716485181940284,0.000366853595288804
12.69,0.0434429264006777,-0.000783646871361117,0.000676464998900427,0.000369813138781607
12.7,0.0433370106065762,-0.00077763261994599,0.000640309753664255,0.000372723201670013
12.71,0.0432336644912663,-0.000771919275780579,0.00060794004019924,0.000375566596503487
12.72,0.0431323986728547,-0.000766398687629442,0.000579231743913167,0.000378326879070581
12.73,0.0430335915834457,-0.000761116873983776,0.000554033263095938,0.000380988826364405
12.74,0.0429366478076219,-0.000755966949164563,0.000532169458865003,0.000383538486890838
12.75,0.042842059164558,-0.000750998826849966,0.000513468847996282,0.0003859642469866
12.76,0.042749146412719,-0.000746108024841378,0.000497770764892472,0.000388259865010823
12.77,0.0426584938257379,-0.000741348268592805,0.000484742762528843,0.000390415106640906
12.78,0.0425693565105201,-0.000736620604902372,0.000474143717372651,0.000392425685490583
12.79,0.0424823914342793,-0.0007319828251914,0.0004657476271866,0.000394290389674574
12.8,0.0423968060540671,-0.000727342478935911,0.000459129440025067,0.000396011402122461
12.81,0.0423129188264699,-0.000722724003014728,0.00045417230648126,0.000397589894587991
12.82,0.0422310887032049,-0.000718150071632934,0.000450944029867797,0.000399025441809617
12.83,0.042150477073819,-0.000713534353267376,0.000449164437804127,0.00040031716080818
12.84,0.0420718529832049,-0.000708939412294027,0.000448585480453459,0.000401464025950149
12.85,0.0419943606972657,-0.000704285410077415,0.00044894374544431,0.000402465380619263
12.86,0.0419187891044812,-0.000699637613663135,0.000449972180709791,0.000403321667863445
12.87,0.0418442727037229,-0.000694923475984978,0.000451421218309037,0.000404034581849347
12.88,0.041771609821236,-0.000690210520141801,0.000453040292564839,0.000404607275884403
12.89,0.0416999360061894,-0.000685433052168315,0.000454639414834954,0.000405044101549857
12.9,0.0416300518655941,-0.000680659679469036,0.00045602477061096,0.000405350523976845
12.91,0.0415610986455244,-0.000675830898671105,0.000457024744626786,0.000405533043992313
12.92,0.0414938682966195,-0.000671015666744698,0.0004574896328716,0.000405599103846632
12.93,0.0414275127212482,-0.000666160064529419,0.000457289381650051,0.000405556881840669
12.94,0.041362809486146,-0.000661332534907719,0.000456314830274501,0.000405415218664955
12.95,0.0412989264519315,-0.000656484041991094,0.000454476357443756,0.000405183439095545
12.96,0.0412366221234333,-0.000651681698941702,0.000451704915293755,0.000404871280773224
12.97,0.0411750850595212,-0.000646880599389944,0.000447950756553762,0.00040448872441475
12.98,0.041115051153052,-0.000642145728504932,0.000443184099315219,0.000404045922173782
12.99,0.0410557336178012,-0.00063743554833407,0.000437393618837471,0.000403553036239549
13,0.0406668560335035,-0.00414400081687306,0.000430586598731674,0.000403020167056023
13.01,0.0400220702203953,-0.00644219327781662,0.000452676157791487,0.000403941903183281
13.02,0.0391510308244492,-0.00874199900034154,0.000893371110042171,0.000424144827858361
13.03,0.0380683622414102,-0.010988427957238,0.00211057274048481,0.00047760099161301
13.04,0.0367765545640841,-0.0132413264442057,0.00435753793884442,0.000569003139031856
13.05,0.0352055029485205,-0.015450155876672,0.00782100395121765,0.000697745634608267
13.06,0.0332518023358821,-0.0177355721000269,0.0126292144518135,0.00085942579148884
13.07,0.0307948919844936,-0.0200171773270007,0.0188578671658879,0.00104693566775294
13.08,0.0277090608382657,-0.02243483607715,0.0265446791184796,0.00125185889535904
13.09,0.0238627071168303,-0.0248633682452858,0.0356920691619246,0.00146514556763951
13.1,0.0191427200479692,-0.027365819898489,0.0462837884546824,0.00167799082258801
13.11,0.0134707867264989,-0.0300220536612342,0.0582830951489035,0.00188185285902467
13.12,0.00675326243110863,-0.0326323364932142,0.0716542122572799,0.0020694489273498
13.13,-0.00101601608536139,-0.0353598383309005,0.0863297322845022,0.00223335649433944
13.14,-0.00992081419404922,-0.0379669957818049,0.102213415519026,0.00236606071509624
13.15,-0.0198962700257646,-0.0406396735102406,0.119189891454025,0.00246042624817205
13.16,-0.0310485443623643,-0.0431128571774421,0.137118651679038,0.00250969181293312
13.17,-0.0432376802079384,-0.0456016713318054,0.155843912851412,0.00250771968823519
13.18,-0.0566213107842355,-0.0478197687415955,0.175175825504972,0.00244812043183027
13.19,-0.0709748856117383,-0.0500148206466671,0.194904999154335,0.00232445106237619
13.2,-0.0865335713991273,-0.0518821439646557,0.214787064959878,0.00213005600759561
13.21,-0.102972727770757,-0.0537021270552826,0.234536731240474,0.00185759414636347
13.22,-0.120626949844803,-0.0551536034260701,0.253810808885888,0.00149867773069964
13.23,-0.139053406257398,-0.0565495721799535,0.272336318179582,0.00104950056047629
13.24,-0.158705073435866,-0.0575524674248519,0.289891884109833,0.00051136350632755
13.25,-0.178999420179092,-0.0585045510176864,0.306302044976108,-0.000111940739667039
13.26,-0.200154477878971,-0.0592368404090784,0.321438893878793,-0.000814722910964451
13.27,-0.222540552976162,-0.0595587458577594,0.335231735997524,-0.00158970287737938
13.28,-0.245332705531802,-0.0598524517159332,0.347656519917867,-0.00242982435840081
13.29,-0.269357345821509,-0.059733087222153,0.358706245679352,-0.00332726869256419
13.3,-0.293610519764861,-0.0596059195463482,0.368389831014857,-0.00427241679229574
13.31,-0.319098347245355,-0.0590674095298542,0.376713576815323,-0.00525612033068303
13.32,-0.344621766539326,-0.0585440947425411,0.383677338934955,-0.00627078607433445
13.33,-0.370678355091909,-0.0578364456816455,0.389270084768309,-0.00731027139710908
13.34,-0.397972607165424,-0.0567258665728561,0.393511462593794,-0.00836706269122039
13.35,-0.424996673622935,-0.0556701691168084,0.396455275086219,-0.00943184490502961
13.36,-0.453271005962175,-0.0542210212228117,0.398189850008144,-0.0104954040452332
13.37,-0.481071356000787,-0.0528531712401868,0.398827178795353,-0.011548988134122
13.38,-0.509162635501573,-0.0513440509285109,0.398498094837436,-0.0125852889558073
13.39,-0.538540819804407,-0.0494531993103842,0.397338183809249,-0.0135980872953036
13.4,-0.567142748537901,-0.0476780018541793,0.395477529078406,-0.0145830431844854
13.41,-0.597069733229761,-0.0455263854868816,0.393022155360622,-0.0155363510314083
13.42,-0.626025044085108,-0.0435082390827306,0.390079745653798,-0.0164554896658798
13.43,-0.655071987755905,-0.0413774224183472,0.386727250386075,-0.0173380410559101
13.44,-0.685518978773591,-0.0388734020212922,0.383032969428341,-0.0181817530057363
13.45,-0.714710630426289,-0.0365247284664258,0.379069990605157,-0.0189852913911921
13.46,-0.74389756301187,-0.0340735473757662,0.37489733996449,-0.0197473448176373
13.47,-0.774579367222342,-0.0312495525064615,0.370568976021241,-0.0204669487535873
13.48,-0.803733614660628,-0.0285970526113471,0.366130988760481,-0.0211433531157756
13.49,-0.832800685992603,-0.0258482008747997,0.361626346879095,-0.0217759276477718
13.5,-0.863472585904494,-0.0227249819357616,0.357094015607964,-0.0223643117263846
13.51,-0.892355799105987,-0.0197845716048727,0.352572525506921,-0.0229087373906214
13.52,-0.921082061505517,-0.0167508997589988,0.348093620894102,-0.0234093981652941
13.53,-0.951535527536567,-0.013340101750153,0.343681586610932,-0.0238665040086979
13.54,-0.979949373815106,-0.0101189477950643,0.339356714315545,-0.0242804064343916
13.55,-1.00814720478911,-0.00680522036552819,0.33513774555205,-0.0246515074694635
13.56,-1.03820440057436,-0.00311140181367961,0.331039713018377,-0.0249803256959491
13.57,-1.06597876592609,0.00038965737753166,0.32707474097536,-0.0252674292611248
13.58,-1.0934796134345,0.00398465189373226,0.323255405327714,-0.0255134283312375
13.59,-1.12068046824972,0.00767488188694757,0.319592338670786,-0.0257190544205882
13.6,-1.14988947842767,0.011751078892659,0.316093986921266,-0.0258852015944965
13.61,-1.17643788318756,0.0156381346628725,0.312765709420689,-0.0260130356079502
13.62,-1.20254763161747,0.019627361500635,0.30961096565613,-0.0261039009266792
13.63,-1.23066799809946,0.0240095289228323,0.306619073520712,-0.026159746340098
13.64,-1.25569948298713,0.0282140597300317,0.303751012899947,-0.0261836791739169
13.65,-1.27995666999106,0.0325332080285556,0.30090691373142,-0.0261814300789167
13.66,-1.30323803224836,0.036971616324963,0.29792559986546,-0.026160724347545
13.67,-1.32805355360481,0.0418151333459611,0.29467052594121,-0.0261257444618528
13.68,-1.34866149319848,0.0464999123569967,0.291009945035845,-0.0260789411686942
13.69,-1.36746931599353,0.0513084623584581,0.286791694959869,-0.0260242521573062
13.7,-1.38708523414769,0.0565113773793763,0.28179116877357,-0.0259675169256852
13.71,-1.40147696937429,0.0615449416444132,0.275666337755424,-0.0259163110921164
13.72,-1.41325839901008,0.0666687547656325,0.267958792086206,-0.0258814643182148
13.73,-1.42522544686721,0.0721236171883662,0.258073245365544,-0.025875941205539
13.74,-1.43125865494302,0.0773387448650102,0.245466274792414,-0.0259048026825365
13.75,-1.43725350906611,0.0828011470355816,0.229707010411204,-0.0259624483820866
13.76,-1.43714030065451,0.0879400802206603,0.210407031764543,-0.0260345722975857
13.77,-1.43698391659958,0.0932153577408258,0.187270792973382,-0.0261008551821125
13.78,-1.42063045780155,0.0968933048260225,0.160146726892876,-0.0261359484351761
13.79,-1.40493318051744,0.100593939487285,0.129048207677585,-0.0261145631265993
13.8,-1.38704862937199,0.104019166710784,0.0942118772559495,-0.0260077601420071
13.81,-1.36428035042624,0.106900136576467,0.0561101739917958,-0.0257852244522117
13.82,-1.34268852233698,0.10965556268981,0.0153207672564304,-0.0254172134749663
13.83,-1.31958235145849,0.112020134814266,-0.0274945157928996,-0.0248755782141971
13.84,-1.29245700224653,0.113761565250032,-0.0715681323402608,-0.0241375030307947
13.85,-1.26712161397022,0.115281908444094,-0.116072080924973,-0.0231890170269386
13.86,-1.24099088704078,0.116359762261326,-0.160160725434859,-0.0220259263048529
13.87,-1.21425719914045,0.116996297577879,-0.203006449234693,-0.0206534948749856
13.88,-1.18454373602985,0.117020360967799,-0.243835486927978,-0.0190843933285672
13.89,-1.15710836606715,0.116819764004551,-0.282010774251149,-0.0173376652440789
13.9,-1.12945401607857,0.116231625788095,-0.317006990891743,-0.0154355076110887
13.91,-1.09928388170028,0.115124015966972,-0.348148595930937,-0.0133876073603083
13.92,-1.07142403765173,0.11386872833456,-0.375121066229804,-0.011211643206945
13.93,-1.0434783499797,0.112335232601265,-0.3979512556283,-0.00893770065471918
13.94,-1.01546139428044,0.110562151562002,-0.416865981006242,-0.00659415282544652
13.95,-0.985248925714999,0.108444455389564,-0.432147783635627,-0.00420629827701603
13.96,-0.957175269465989,0.106304142179705,-0.444078464429316,-0.00179825135983681
13.97,-0.929060595340515,0.104025204747032,-0.452954282976384,0.000607540539567388
13.98,-0.89895578499422,0.101510293180467,-0.459043035660748,0.00299237269610536
13.99,-0.870862053718671,0.0990420410552305,-0.462596675376837,0.00533972389026323
14,-0.84278045658729,0.0965129563309727,-0.463841110041593,0.00763650847552082
14.01,-0.812938804613329,0.0938331435053446,-0.463050975290653,0.00987152736294921
14.02,-0.785005381114754,0.0912481776391661,-0.460507435315166,0.0120356647224163
14.03,-0.755468308698342,0.0885559056737216,-0.456402039836966,0.0141214591871008
14.04,-0.727771891787648,0.0859796473892164,-0.450946667878937,0.0161223542604014
14.05,-0.700197051332306,0.0834246860474437,-0.444337600368572,0.018032559580188
14.06,-0.671241854328409,0.0808122131658577,-0.436764942186879,0.0198479564406613
14.07,-0.644019573107997,0.0783335007339542,-0.428418456822855,0.0215659500683488
14.08,-0.616970849084138,0.0759015622989961,-0.419485472317351,0.0231862275209676
14.09,-0.58874583378754,0.0734441940184848,-0.410118933253315,0.0247097230657694
14.1,-0.562132739995528,0.0711235645533046,-0.400423882579612,0.0261364105794919
14.11,-0.534466254373015,0.0687913272622511,-0.390494438673756,0.0274658375376511
14.12,-0.508325880493961,0.0665929673535653,-0.380417477105326,0.0286989357223913
14.13,-0.482407851608908,0.0644557221973965,-0.370301807800054,0.0298380913181803
14.14,-0.455606759357588,0.0623199971890323,-0.360260014107585,0.0308864798768915
14.15,-0.430197818649445,0.0603069917898357,-0.35037392546989,0.0318479952936962
14.16,-0.404009270682575,0.0582988139875924,-0.340711168237264,0.0327264335198879
14.17,-0.379122077208573,0.0564024119112623,-0.331328745475915,0.0335252522484639
14.18,-0.354477033561993,0.0545584586283616,-0.322262416243377,0.0342481077983606
14.19,-0.329201527180137,0.0527195936316716,-0.313535367443108,0.0348983341596591
14.2,-0.305099661488979,0.0509735864647103,-0.305157554220446,0.0354785701889808
14.21,-0.280467019982844,0.0492311040207811,-0.297129051215427,0.0359912691257981
14.22,-0.256931858333319,0.047568878095943,-0.289445223224982,0.0364385906716996
14.23,-0.232967982526166,0.0459082822584243,-0.282089569617462,0.036822385489976
14.24,-0.210035901068723,0.0443160761568541,-0.275038521465011,0.0371440701043243
14.25,-0.186781374759583,0.0427239473861894,-0.268264593439583,0.0374048365809925
14.26,-0.164503865743763,0.041189665543269,-0.261735656082717,0.0376058117362987
14.27,-0.142559151892629,0.0396793723676268,-0.255430199070153,0.0377476064864295
14.28,-0.120460800991999,0.0381681642426416,-0.249329800157734,0.0378308171852183
14.29,-0.0992825086007532,0.0367013148351232,-0.243413232233076,0.0378559534961074
14.3,-0.0780658228631701,0.0352334355771154,-0.237658213984476,0.0378234394080284
14.31,-0.0577396038727613,0.0338026119847881,-0.232048629408454,0.0377333690665434
14.32,-0.0374848136487298,0.0323713878154693,-0.22654960489309,0.0375869286276707
14.33,-0.0180942298984483,0.0309714827932064,-0.221130008390584,0.0373849354168273
14.34,0.00112285365037579,0.0295728286258395,-0.215776856862081,0.037127401226988
14.35,0.0195005747102996,0.0282011577776074,-0.210487350019597,0.0368140793840492
14.36,0.0376121510451224,0.026832689374724,-0.205267013350332,0.0364447779643777
14.37,0.0549086983112623,0.0254874957578126,-0.200115371547452,0.0360193673958363
14.38,0.0718572040650791,0.0241473679043437,-0.19504486680803,0.0355383454641987
14.39,0.0880159665170357,0.0228271499989668,-0.19008826557327,0.0350032552634728
14.4,0.103757643520838,0.0215130771916579,-0.185278886783326,0.034416797373796
14.41,0.118737432478506,0.020215177703561,-0.180606365040163,0.0337814583216705
14.42,0.133245270266306,0.0189243941882336,-0.176024326866837,0.0330992654235613
14.43,0.147022092683416,0.0176477763788004,-0.171486150879563,0.0323722398390778
14.44,0.160285200266211,0.0163811608396232,-0.166941407562298,0.0316010209635431
14.45,0.172849683033025,0.0151291160329515,-0.162387409955295,0.0307857465996718
14.46,0.18481440319063,0.0138905597800108,-0.157890375161735,0.0299286874189705
14.47,0.19622068138446,0.012666778715314,-0.153488720467173,0.0290335916230793
14.48,0.206976549639894,0.011456930516883,-0.149231760666714,0.0281058199637803
14.49,0.217158728700776,0.0102627756412818,-0.145165846714432,0.0271512232377204
14.5,0.226726025679016,0.00908028601084265,-0.141355717983649,0.0261762662015853
14.51,0.235712690808931,0.00791203304122286,-0.137869131706483,0.0251885847013588
14.52,0.244119328857902,0.00675097452227619,-0.134735409691021,0.0241956336197671
14.53,0.251944632395677,0.00560067752250948,-0.131961003128805,0.0232050536934829
14.54,0.259222693779003,0.00445255705858074,-0.129515713028978,0.0222231953215891
14.55,0.265921626197498,0.00331184010189392,-0.1273711309917,0.0212562658743851
14.56,0.272102033517763,0.00216939662960096,-0.125480508347638,0.0203095801764061
14.57,0.277706747258248,0.00103221053323687,-0.123794870432577,0.019388021034243
14.58,0.282818149882026,-0.000108795130826418,-0.122259906629751,0.0184963526556446
14.59,0.287359391564836,-0.00124487211851767,-0.120797648517132,0.0176383979913524
14.6,0.29143093441739,-0.00238429855055453,-0.119332378922603,0.0168180476803116
14.61,0.294941579294749,-0.00351635047335875,-0.117767507716643,0.0160385089303739
14.62,0.298007053082861,-0.00464782901485596,-0.115992733123452,0.0153019864609553
14.63,0.300526710210324,-0.00576574090422372,-0.113912782213439,0.0146100498829029
14.64,0.302629099698411,-0.00687520586274506,-0.111444189207181,0.0139628788006799
14.65,0.304208064477859,-0.00796158386025416,-0.108518468501788,0.0133588679196236
14.66,0.305401873397487,-0.00902870924671892,-0.105083271358458,0.0127952695841485
14.67,0.306101260423535,-0.0100610609892978,-0.101104711801691,0.012268621023285
14.68,0.306450956260448,-0.0110617189803619,-0.0965594098616714,0.0117748686370739
14.69,0.306340639651825,-0.0120149795094509,-0.0914389793281304,0.0113095244172337
14.7,0.305918889408652,-0.0129235751102135,-0.0857440705029161,0.0108676218020572
14.71,0.305075971802729,-0.0137722182254507,-0.0794983286174692,0.010444433358768
14.72,0.303961860346433,-0.0145639596739646,-0.072756449729058,0.0100361362678986
14.73,0.302532352093667,-0.0152890743621904,-0.0655671550725237,0.00963843032870679
14.74,0.300745118785633,-0.0159387564968642,-0.0579794707382027,0.00924715603411272
14.75,0.298748236281323,-0.0165171651007223,-0.0500533409076409,0.00885959612418432
14.76,0.296437636691751,-0.0170127847946775,-0.0418567915720284,0.00847211158236076
14.77,0.29395811673511,-0.0174308111798364,-0.0334650289605463,0.00808122472378302
14.78,0.291208595360558,-0.0177617849622019,-0.0249687722674101,0.00768439678058929
14.79,0.288329370027006,-0.0180122811926199,-0.0164551671089047,0.00727933707589509
14.8,0.285222732974368,-0.0181751491243179,-0.00801850815036472,0.00686432776739451
14.81,0.282023545963426,-0.0182584429790346,0.000247395144630181,0.00643865809820998
14.82,0.278637857210056,-0.0182573491219368,0.00825976921555179,0.00600214872102969
14.83,0.275194526834159,-0.018181217427914,0.0159390178647548,0.00555518794621971
14.84,0.271603423928724,-0.0180273227583771,0.0232073828721629,0.00509879636746763
14.85,0.267987023536723,-0.0178061480761769,0.0299960189337701,0.00463448444428164
14.86,0.264259260313054,-0.0175168006849712,0.0362460915538377,0.00416429812689778
14.87,0.260535913972621,-0.0171705703777092,0.0419018640213553,0.00369065478009517
14.88,0.256734944009036,-0.0167680875425201,0.0469188100320415,0.00321628274110883
14.89,0.252965071718677,-0.0163211265330108,0.0512656203011491,0.00274421764496662
14.9,0.249148129783343,-0.0158313671771715,0.0549201848004979,0.00227765830914625
14.91,0.245385551190699,-0.0153106155754066,0.0578753903283224,0.00182010989601392
14.92,0.241602907312359,-0.014761131835833,0.0601283454397515,0.00137480145813113
14.93,0.237894113659602,-0.0141943807649116,0.0616845605090276,0.00094461820952963
14.94,0.234188025768113,-0.0136129043053776,0.0625567307360337,0.000532470134979156
14.95,0.230570865002649,-0.0130275533402814,0.0627643863369299,0.000141020968957085
14.96,0.226974597140428,-0.0124408054814077,0.0623413490031434,-0.000226981705759592
14.97,0.223477935467436,-0.0118625250794252,0.061326320999565,-0.000569154040716468
14.98,0.220015901013976,-0.0112947576746436,0.0597631044303331,-0.00088344049860304
14.99,0.216659932122937,-0.0107461633943637,0.0577011228833712,-0.00116808266657567
15,0.213378701697165,-0.0102196536177838,0.0551950544789883,-0.00142163992898672
15.01,0.210144828548025,-0.00971790707099628,0.0523014278902423,-0.00164309140156592
15.02,0.207019614690623,-0.00924744861499506,0.0490813063213608,-0.00183173636008595
15.03,0.203945669456676,-0.0088083561883363,0.0455978110601069,-0.00198727680482882
15.04,0.200978194782243,-0.00840561346385949,0.0419140896064256,-0.0021098463532852
15.05,0.198062872593894,-0.00803834009787087,0.0380899741932814,-0.00220018755096337
15.06,0.195249158887465,-0.00771000609499767,0.0341918408122329,-0.00225923752477545
15.07,0.192485888553888,-0.00741873494962565,0.0302771449889948,-0.00228847554948346
15.08,0.189817336010112,-0.00716658270137062,0.0263988560425687,-0.0022896532149624
15.09,0.187195539493365,-0.00695086085303089,0.022606380863429,-0.00226468787757621
15.1,0.184660156045084,-0.00677240633722677,0.0189455441371996,-0.00221565221797248
15.11,0.182166585738504,-0.00662784942501887,0.0154578232128022,-0.00214469413366332
15.12,0.179750446496673,-0.00651699041548781,0.0121789498897396,-0.002054127312318
15.13,0.177370590519393,-0.00643595620878549,0.0091401239933041,-0.00194633050334747
15.14,0.175059084915834,-0.00638373040554411,0.00636704873543716,-0.00182368464983838
15.15,0.172778289820874,-0.00635612801891567,0.00388000210165338,-0.00168859831224833
15.16,0.170557179944952,-0.00635154572096666,0.00169370776981395,-0.001543492548888
15.17,0.168361591572204,-0.00636568867164566,-0.000181960118736063,-0.00139077080164124
15.18,0.166217767726023,-0.00639659171867212,-0.00174233844263179,-0.00123278528584127
15.19,0.164094934457857,-0.00644003497660865,-0.00298690037927105,-0.00107181715146359
15.2,0.162016920040601,-0.00649389176552066,-0.00391973095234164,-0.000910055183893363
15.21,0.159956214076926,-0.0065541790737202,-0.00454850380764177,-0.000749586252709815
15.22,0.157934502147407,-0.00661878090408792,-0.00488408931884896,-0.000592321488461342
15.23,0.155927391979562,-0.00668408484360464,-0.00494223010185038,-0.000440062267730211
15.24,0.153954661377204,-0.0067481486816714,-0.00474052668359959,-0.000294429630498296
15.25,0.151994848908924,-0.00680784635704724,-0.00429908355874001,-0.000156860224900642
15.26,0.1500660183032,-0.00686151870699372,-0.0036401300328349,-2.86198678454634e-05
15.27,0.148157665341618,-0.00690683131721412,-0.002787663449101,8.92010190898039e-05
15.28,0.146261579949261,-0.00694180419567715,-0.0017667491088404,0.000195702047485382
15.29,0.144393514546731,-0.00696535474096883,-0.000603781644645849,0.000290173879650142
15.3,0.142538364585207,-0.00697584436596304,0.000674180675932663,0.000372100694882064
15.31,0.140710461929588,-0.00697263762089405,0.00203992586186293,0.000441151870530893
15.32,0.138896842776138,-0.00695472638902513,0.00346654578577231,0.000497174019815997
15.33,0.137110486559052,-0.00692192794083703,0.00492780286825815,0.000540183921371029
15.34,0.135340296907316,-0.00687383555023323,0.00639840083537552,0.00057036264017343
15.35,0.13359793944006,-0.00681069660649115,0.00785376180942306,0.000588026847806565
15.36,0.131873914785546,-0.00673266419520513,0.0092706439724438,0.000593596326503646
15.37,0.130178589923455,-0.00664036953068272,0.010629494067211,0.000587694855401578
15.38,0.128503842161813,-0.00653443071202877,0.0119108515523558,0.000571013877752258
15.39,0.126858768723343,-0.00641579937716906,0.0130971460395086,0.000544341008102888
15.4,0.125236374700355,-0.0062854957385303,0.0141733721402783,0.000508578945944502
15.41,0.123644523011539,-0.00614471558422967,0.015127068385912,0.000464732106107603
15.42,0.122077182122654,-0.00599477461043563,0.015948134428689,0.000413890500221518
15.43,0.120541060966653,-0.00583702130228477,0.0166287407352314,0.000357205104510413
15.44,0.119030954848201,-0.00567296788431353,0.0171633740815303,0.000295866628637633
15.45,0.117552498662453,-0.00550402860501791,0.017548886446645,0.000231085806646956
15.46,0.11610119174148,-0.00533181456791355,0.0177842250785774,0.000164063035562995
15.47,0.114681670155516,-0.00515772168098032,0.0178704956521366,9.59860124169326e-05
15.48,0.113290029054744,-0.004983369085562,0.0178109555741738,2.80078861358717e-05
15.49,0.111929985135935,-0.00481005383971412,0.0176107963579204,-3.87724031413587e-05
15.5,0.110598137845479,-0.00463931792804754,0.0172770046637427,-0.000103323937771975
15.51,0.109297359173384,-0.00447228920321068,0.0168182163922275,-0.000164698229751453
15.52,0.108024673887197,-0.0043103603892543,0.0162445484089281,-0.000222034068160968
15.53,0.106782188621112,-0.0041544315391467,0.0155674211836857,-0.000274560250187075
15.54,0.105568202797608,-0.00400557771543919,0.0147990576409733,-0.000321609085158317
15.55,0.104381429422512,-0.00386476614568588,0.0139523436358204,-0.00036261988457113
15.56,0.103222989297048,-0.00373249054474405,0.0130407538103426,-0.000397146585574566
15.57,0.102090746444016,-0.00360956618404911,0.0120782031203935,-0.000424861304282205
15.58,0.100985264431714,-0.00349619261854468,0.0110787941715918,-0.000445555632163282
15.59,0.099904688871689,-0.00339291697213282,0.0100566099419329,-0.000459136997126153
15.6,0.0988490995168743,-0.00329964455328073,0.00902541712543303,-0.000465626065897991
15.61,0.0978168780425008,-0.0032166627305179,0.00799788268178575,-0.000465186593826767
15.62,0.096807679712045,-0.00314360355537384,0.00698754110541385,-0.000458052370918482
15.63,0.0958201033792037,-0.00308050260387682,0.00600669516185921,-0.000444567301734776
15.64,0.0948534645566177,-0.00302673735227491,0.00506630863786498,-0.00042516827179473
15.65,0.0939065712782572,-0.00298213162901565,0.00417628748139754,-0.000400352669018362
15.66,0.0929784756391285,-0.00294585932795936,0.00334534234840129,-0.000370662065368903
15.67,0.0920682084201321,-0.0029175766972516,0.00258099343771604,-0.000336673812938402
15.68,0.0911746513879574,-0.0028963031452183,0.00188949003808257,-0.000298994627147313
15.69,0.0902970747733569,-0.00288157466851955,0.001275892857183,-0.000258254198191157
15.7,0.0894342626747644,-0.00287230755265808,0.000743846070824346,-0.000215091607898598
15.71,0.0885857307038371,-0.00286796846180964,0.00029564561306381,-0.000170146515689268
15.72,0.0877502263701651,-0.00286742604047646,-6.76972410221714e-05,-0.000124052655274504
15.73,0.0869275111438732,-0.00287012895796439,-0.000346347725026316,-7.74279630864466e-05
15.74,0.0861163432310637,-0.0028749486742817,-0.000541664839564493,-3.0869239460595e-05
15.75,0.0853167228443468,-0.00288136223518951,-0.000656107343579323,1.5053614599974e-05
15.76,0.0845274519750649,-0.0028882901732519,-0.000693138880746952,5.98053197908775e-05
15.77,0.0837487543072921,-0.00289527895880284,-0.000657108662559129,0.000102891675503027
15.78,0.0829796395215521,-0.00290118225319212,-0.000505964691555885,0.000145417573439522
15.79,0.0822213692628537,-0.00290491084853714,-0.000235645194503202,0.000186950137054707
15.8,0.0814729986724316,-0.00290544650937187,8.91476715457499e-05,0.000224068603493758
15.81,0.0807345678215245,-0.00290243217021882,0.000461166129648823,0.000256568509649638
15.82,0.0800062693592825,-0.0028955988405626,0.000869817344649178,0.000284438257419163
15.83,0.0792871268027806,-0.00288435595808399,0.00130404573518918,0.000307707792594253
15.84,0.0785779451820048,-0.00286879481832972,0.00175371033796638,0.000326465610881676
15.85,0.0778778863313025,-0.00284852823915275,0.00220964530777729,0.000340846986967946
15.86,0.0771879070946699,-0.00282382768533883,0.00266353685497278,0.000351026188046194
15.87,0.0765072585223301,-0.00279447404526081,0.00310779513771933,0.000357209949429944
15.88,0.0758369806999681,-0.00276088716649613,0.00353552025744482,0.000359633960045469
15.89,0.0751763776710472,-0.00272298758037952,0.00394048197807862,0.000358559090600536
15.9,0.0745265219736879,-0.00268131589130173,0.00431714918846939,0.000354269082731829
15.91,0.0738867347967069,-0.00263590541638902,0.00466058819373355,0.000347062186350984
15.92,0.0732580699977134,-0.00258739082235599,0.00496672479063903,0.000337250806289751
15.93,0.0726398356107865,-0.00253588820915445,0.00523243387104359,0.000325167446856026
15.94,0.0720330352074345,-0.00248209239248899,0.00545512869954833,0.000311148668681535
15.95,0.0714369470782614,-0.00242617287201973,0.00563288185903217,0.000295537481125283
15.96,0.0708524997960538,-0.0023688588798149,0.0057645118750756,0.000278682636103028
15.97,0.0702789326559596,-0.00231034564699735,0.00584956838476477,0.000260933816021879
15.98,0.0697170867733501,-0.00225136762486935,0.00588830898810606,0.000242637074838739
15.99,0.0691661603088285,-0.00219211723854537,0.00588163498167117,0.000224129337054518
16,0.0686269005121343,-0.00213330728564725,0.00583105456164559,0.000205734578636516
16.01,0.06809846532982,-0.00207510249076415,0.00573861731074651,0.00018775943814663
16.02,0.0675815060061247,-0.00201817119566182,0.00560687605736771,0.000170490424537157
16.03,0.067075144353451,-0.00196262964625301,0.00543881704988204,0.000154190414764664
16.04,0.066579938282409,-0.0019090829328656,0.00523789495130924,0.000139100118741264
16.05,0.0660949832094122,-0.00185758124732009,0.00500781120787183,0.000125435036130335
16.06,0.0656207523893571,-0.00180865310212114,0.00475239125166018,0.000113374357725875
16.07,0.0651563233443451,-0.00176227336542055,0.00447590727766416,0.000103072212056911
16.08,0.0647017756598753,-0.00171875757226606,0.00418270161552502,9.4650882823089e-05
16.09,0.0642571377941845,-0.00167837444939376,0.0038770736189024,8.81979754021415e-05
16.1,0.0638214861418192,-0.00164097442293745,0.00356326148738718,8.37662023607621e-05
16.11,0.0633951231110625,-0.0016068661645437,0.00324542237245136,8.13732920932087e-05
16.12,0.0629771356068556,-0.00157581987182003,0.00292759224963142,8.10008514198659e-05
16.13,0.0625677783659242,-0.00154806004187046,0.00261384509429856,8.26064910086005e-05
16.14,0.0621661552436912,-0.00152327960441526,0.00230790569223869,8.611438522579e-05
16.15,0.061772478079904,-0.00150162615384273,0.00201319860259569,9.14223353749272e-05
16.16,0.0613858790586086,-0.00148272676064334,0.00173285545123897,9.84062071577227e-05
16.17,0.0610065399951214,-0.0014666643874208,0.00146969784567617,0.000106923493639292
16.18,0.0606336320244676,-0.00145301245460668,0.00122619245358393,0.000116815538789507
16.19,0.060267319053688,-0.00144180273828839,0.00100444013437368,0.000127910902542127
16.2,0.0599068234907651,-0.00143256927544525,0.000806145827229394,0.000140027769749832
16.21,0.0595523042557708,-0.0014253079483542,0.000632623718118255,0.000152977480841143
16.22,0.0592030442696796,-0.00141952898175301,0.000484781756369971,0.000166566991276475
16.23,0.0588592071449376,-0.00141520836860039,0.000363139765555862,0.000180602329161795
16.24,0.058520142642303,-0.00141184823564564,0.000267825680404489,0.000194890883662552
16.25,0.0581860263081548,-0.00140942034797402,0.000198604202885527,0.000209244605618954
16.26,0.0578562781948424,-0.00140743366787522,0.000154882779512438,0.000223481971348852
16.27,0.0575310904368127,-0.00140587020018736,0.000135748992038,0.000237430796481889
16.28,0.057209954045371,-0.0014042590968703,0.000139986067022294,0.000250929753705577
16.29,0.0568930798593339,-0.00140260516544157,0.000166110007402771,0.000263830721866838
16.3,0.0565800280963131,-0.00140046896655557,0.000212396146261938,0.000275999812461647
16.31,0.0562710281626106,-0.00139788827517885,0.000276927760869574,0.00028731927001374
16.32,0.0559657056039278,-0.00139446353879868,0.000357628640602385,0.00029768826293698
16.33,0.0556643071567002,-0.00139027224469841,0.000452361403853213,0.00030702797465204
16.34,0.0553665196825435,-0.0013849600911336,0.000558724662865506,0.000315272605528021
16.35,0.0550724753270213,-0.0013785375526251,0.000674349338272829,0.000322377004824185
16.36,0.0547822997604399,-0.00137103657033566,0.000796911560569518,0.000328314473912446
16.37,0.0544957590310293,-0.00136217612323394,0.000924061524785968,0.00033307546396975
16.38,0.054213123677858,-0.00135214699348432,0.0010534499970672,0.000336666618393927
16.39,0.053934203052135,-0.00134071607988563,0.00118277564517637,0.000339109500697143
16.4,0.053659271053494,-0.00132811868722361,0.00130985722973867,0.000340439577405325
16.41,0.0533881653332688,-0.00131416622925719,0.00143265112359194,0.000340704666704664
16.42,0.0531211484351548,-0.00129913364475879,0.00154928545015405,0.000339964450718593
16.43,0.0528580772628313,-0.00128287056821486,0.00165806485448217,0.000338288821630786
16.44,0.0525991961345742,-0.00126568471486718,0.00175749062527374,0.000335757146758736
16.45,0.0523443722096584,-0.00124745637711085,0.00184626355103608,0.000332456353223802
16.46,0.0520938262026718,-0.00122851814781171,0.0019233094281632,0.000328480211943691
16.47,0.0518474292214606,-0.00120877238869008,0.00198777352995311,0.000323927640351324
16.48,0.0516053747078544,-0.00118856783200669,0.00203901951645533,0.000318901045490167
16.49,0.0513675323809295,-0.00116782009445004,0.00207661923157381,0.000313504413455938
16.5,0.0511340656552957,-0.00114688555472575,0.00210035920149896,0.000307842484409235
16.51,0.0509048386265789,-0.00112568454298313,0.00211023601093555,0.000302018868516126
16.52,0.0506799833079246,-0.00110457257440401,0.00210646648758969,0.00029613502270082
16.53,0.0504593553373507,-0.00108346644760623,0.00208939875393498,0.000290288703673731
16.54,0.0502430552020403,-0.00106271373662886,0.0020595711677563,0.000284573431979348
16.55,0.0500309285099405,-0.00104222071430973,0.00201772029336293,0.000279076597420438
16.56,0.0498230453078428,-0.00102231992182168,0.00196470186619041,0.000273878978042112
16.57,0.0496192409374725,-0.00100290085043855,0.00190148965522751,0.0002690535183304
16.58,0.0494195572547849,-0.000984276018432207,0.00182916820213638,0.000264665123134447
16.59,0.0492238203210231,-0.000966313689604511,0.00174890010513259,0.000260769572398804
16.6,0.0490320469856211,-0.000949302664348554,0.00166191977355382,0.000257413617412825
16.61,0.0488440559959642,-0.000933086981037068,0.00156949993304908,0.000254634186417957
16.62,0.0486598013772976,-0.000917821812406692,0.00147298848879122,0.000252460475568363
16.63,0.048479224134887,-0.000903647882844829,0.0013736869970746,0.000250912017951919
16.64,0.0483021402667863,-0.000890371297644128,0.00127285189060898,0.000249998388449784
16.65,0.048128522558418,-0.000878215026186168,0.00117174725354006,0.000249721256933882
16.66,0.0479581907809639,-0.000866960343159603,0.00107159056842579,0.000250072169911773
16.67,0.0477911134397537,-0.000856805610796094,0.000973542512469534,0.000251033128380673
16.68,0.0476271120075182,-0.000847509372820346,0.000878678848545019,0.000252576935026949
16.69,0.0474661472313098,-0.000839248343640388,0.000787994058941731,0.000254668782727983
16.7,0.0473080458225343,-0.000831761604634944,0.000702379613458073,0.000257266792947081
16.71,0.0471527652931769,-0.000825207932614212,0.000622629786037582,0.000260323530390932
16.72,0.0470001405317166,-0.000819310922083899,0.000549421492184061,0.000263786456085159
16.73,0.0468501296969599,-0.000814215722443245,0.000483322264264298,0.000267599412291469
16.74,0.0467025789465474,-0.000809634932866277,0.000424773103258726,0.000271703085108634
16.75,0.0465574505196322,-0.000805704804213779,0.000374100241992738,0.000276036503582052
16.76,0.0464146039948332,-0.000802131722620535,0.00033150347156967,0.000280537492290654
16.77,0.0462740084333788,-0.000799047875060072,0.000297068500724932,0.000285144118847279
16.78,0.0461355384226536,-0.000796158214107956,0.00027075619322103,0.000289795130201261
16.79,0.0459991719270718,-0.000793595616850383,0.000252426093411037,0.000294431296653549
16.8,0.0458647993132431,-0.000791068079536066,0.000241826996606788,0.000298995681630598
16.81,0.0457324086860638,-0.000788713423129166,0.000238618171849862,0.000303434874688417
16.82,0.0456019061394937,-0.000786246648407014,0.000242364725643485,0.000307699112126051
16.83,0.0454732903366555,-0.000783814187552691,0.000252560820664953,0.000311743345276906
16.84,0.0453464823318406,-0.000781141313445837,0.000268626428426952,0.00031552718750592
16.85,0.0452214910382214,-0.000778385967178778,0.000289931858248902,0.000319015802435854
16.86,0.045098251177901,-0.00077528610087083,0.000315807805091466,0.000322180171108683
16.87,0.0449767814532009,-0.00077201295616388,0.000345554923503698,0.000324998094346176
16.88,0.0448570290517623,-0.000768318728105178,0.00037841219444182,0.000327451864100108
16.89,0.0447390032798616,-0.00076428309389704,0.000413645878078912,0.000329530725126113
16.9,0.0446227150376117,-0.000759992369264923,0.000450521477930698,0.000331229174107023
16.91,0.0445081276365844,-0.000755221567008379,0.000488310753333047,0.000332547110419691
16.92,0.0443952757603849,-0.000750178000355899,0.000526296856685969,0.000333490009452012
16.93,0.0442841316454956,-0.000744650975910598,0.000563778573445306,0.000334067993350797
16.94,0.0441747380854007,-0.000738861608281915,0.000600100634878118,0.00033429579067967
16.95,0.044067069088932,-0.000732612353415221,0.000634649441246434,0.000334191754483737
16.96,0.0439611663371409,-0.000726136500192059,0.000666875101118872,0.000333777965957428
16.97,0.0438570041509561,-0.000719247513096839,0.00069628261853575,0.000333079391982243
16.98,0.0437546218190512,-0.000712188484495531,0.000722447462264691,0.000332123959494187
16.99,0.0436539919690091,-0.000704781371441934,0.000745004088253639,0.00033094160980132
17,0.0435551499355888,-0.000697276473393863,0.0007636615332016,0.000329564330859325
17.01,0.0434374218220679,-0.000701325426032929,-0.00133897254792637,0.000198664665040839
17.02,0.0432753230338303,-0.000725420518040353,-0.00324684152283634,7.03251047885132e-05
17.03,0.0430682334195271,-0.000767427278547018,-0.00496277132078708,-4.15553137047845e-05
17.04,0.0428159545619611,-0.000825674055427511,-0.00649227766282308,-0.000137119654158751
17.05,0.0425187972493202,-0.000898089549244108,-0.00783613340955877,-0.000216249985112315
17.06,0.0421776885756664,-0.000983014446083942,-0.0089913287778327,-0.00027901179891124
17.07,0.0417939925839708,-0.00107833949680407,-0.00995619406925735,-0.00032571471411553
17.08,0.0413695725802175,-0.00118236519854399,-0.010729098405266,-0.000356825248175878
17.09,0.0409066385557217,-0.00129296500342427,-0.0113120478773634,-0.000372999978698602
17.1,0.0404077721855511,-0.00140847273675921,-0.0117084758544412,-0.000375176907169827
17.11,0.0398757541860384,-0.00152682445537209,-0.0119208938962821,-0.000364400243903362
17.12,0.0393136357877548,-0.00164640744112362,-0.0119521138771088,-0.000341871084776795
17.13,0.038724563501976,-0.00176522081306323,-0.0118068430812848,-0.000308957050125998
17.14,0.0381118364975102,-0.00188174648953195,-0.0114914664488139,-0.00026717069497016
17.15,0.0374787358788922,-0.00199411395521114,-0.0110140167782638,-0.000218108767995674
17.16,0.0368285976098832,-0.00210085369599382,-0.0103830255874847,-0.000163352870391714
17.17,0.036164725397331,-0.00220060650994929,-0.00961166086840888,-0.000104591796030868
17.18,0.0354903005914444,-0.00229182802248332,-0.00871286850183905,-4.3470568864367e-05
17.19,0.0348084576419314,-0.00237352987458286,-0.0077001737116871,1.84003975031652e-05
17.2,0.034122143777287,-0.0024444395417423,-0.00658812178819465,7.94617620591566e-05
17.21,0.0334342073700764,-0.00250386260759466,-0.00539271251515303,0.000138221397507204
17.22,0.0327472539928895,-0.00255084636476333,-0.00413101996317504,0.000193288497574642
17.23,0.0320637522262643,-0.00258503780471304,-0.00282086973651809,0.000243401951856298
17.24,0.0313859021704754,-0.00260584058258033,-0.00148059685117333,0.000287457510391094
17.25,0.030715751734208,-0.00261326697540343,-0.000128558105258184,0.000324521957958883
17.26,0.0300550726679827,-0.00260708704880762,0.00121709544242173,0.000353843456313774
17.27,0.0294054842019893,-0.00258767428047633,0.00253886431761515,0.000374864174338904
17.28,0.0287683410448505,-0.00255514745540741,0.00381993028104086,0.000387241404454367
17.29,0.0281448650138856,-0.00251021799965834,0.00504362718772467,0.000390818034858822
17.3,0.0275360236192643,-0.00245333488139752,0.00619445420911466,0.000385603853649909
17.31,0.026942663664709,-0.00238551295741996,0.0072591031481155,0.000371803221112886
17.32,0.0263653959623529,-0.00230747097647048,0.00822519277094628,0.000349756402722446
17.33,0.0258047242746038,-0.00222046650296624,0.00908221412564278,0.000319959826735359
17.34,0.0252609381899056,-0.00212542601360265,0.00982168555874285,0.000283053168963767
17.35,0.0247342484766317,-0.0020237746736031,0.0104371609065569,0.000239798041832876
17.36,0.0242246791539209,-0.00191656658892936,0.010924016778969,0.000191052892510073
17.37,0.023732199521973,-0.00180531799584256,0.0112793957766511,0.000137744966515878
17.38,0.0232566133104939,-0.00169113693911034,0.0115025084972567,8.08640406104439e-05
17.39,0.0227976940973758,-0.00157555431293522,0.0115944255843765,2.1437340461543e-05
17.4,0.0223550724780655,-0.00145965540343688,0.0115579320272352,-3.94963205053904e-05
17.41,0.0219283681271776,-0.00134491463763177,0.0113973152892121,-0.000100908229047739
17.42,0.0215170719613589,-0.00123232916748886,0.0111185138168756,-0.000161801363512721
17.43,0.0211206620420352,-0.00112314795842569,0.0107289215022867,-0.000221221631564472
17.44,0.0207385641991724,-0.00101853721323343,0.010237330642685,-0.000278261843444327
17.45,0.0203701176604039,-0.000919252739917374,0.00965335675488472,-0.000332080274414344
17.46,0.0200146877630267,-0.000826373299314198,0.00898750366494255,-0.000381910641731774
17.47,0.0196715541348809,-0.000740444449658081,0.0082509777202067,-0.000427075345098748
17.48,0.0193400379931656,-0.000662320383217844,0.00745560642393376,-0.000466993933040739
17.49,0.019019378384419,-0.000592310266354829,0.0066136459901882,-0.00050118917639704
17.5,0.0187088672947677,-0.000531023461123406,0.00573760933923104,-0.000529289775173813
17.51,0.0184077258964397,-0.000478519378922586,0.00484007091759172,-0.000551032219036463
17.52,0.0181152395469528,-0.000435156487442653,0.00393350647710088,-0.000566259857399577
17.53,0.0178306336539755,-0.000400745475302357,0.00303011343772619,-0.000574921434569499
17.54,0.0175532089554764,-0.000375401721413444,0.00214166788235761,-0.00057706709005583
17.55,0.0172822174922675,-0.000358701367477556,0.00127940372960526,-0.000572843374745543
17.56,0.0170170027280729,-0.000350533239515945,0.000454437183431383,-0.000562454137639785
17.57,0.0167568786194447,-0.00035026087828511,-0.000324222809569336,-0.000546218889758656
17.58,0.0165012555691586,-0.00035758699601509,-0.00104811367876298,-0.000524523976815719
17.59,0.01624952088134,-0.000371707047373816,-0.00170927131619954,-0.000497813226420559
17.6,0.0160011715525012,-0.00039216724181354,-0.00230082485762982,-0.000466597689686707
17.61,0.0157556854846774,-0.000418028169698719,-0.00281738279263973,-0.000431457708257409
17.62,0.0155126487160349,-0.000448727937675432,-0.0032546222191969,-0.000393012113495616
17.63,0.0152716315274137,-0.00048324302643997,-0.00360955980842333,-0.000351908674629623
17.64,0.0150323160816406,-0.000520953899857259,-0.00388076669059711,-0.000308821495777777
17.65,0.0147943670769521,-0.000560808592627016,-0.00406800413244925,-0.00026443083341828
17.66,0.0145575620103564,-0.000602183449622151,-0.00417208981445397,-0.000219409470728175
17.67,0.0143216625207661,-0.00064404397464685,-0.00419490348960995,-0.000174413828579554
17.68,0.0140865448243837,-0.000685804930914213,-0.00413932370535038,-0.000130075841191321
17.69,0.0138520687944368,-0.000726490373715811,-0.00400922677847622,-8.69959649934754e-05
17.7,0.0136181917022906,-0.000765487176070591,-0.00380940324268004,-4.5735185186046e-05
17.71,0.01338491593485,-0.000802234136247081,-0.00354547945089118,-6.80857028833003e-06
17.72,0.013152240867317,-0.000835912741275243,-0.00322380682255868,2.9321175964281e-05
17.73,0.0129202704825548,-0.000866195333087744,-0.00285138301422942,6.22486352152965e-05
17.74,0.0126890849596109,-0.000892403454122069,-0.00243569038942792,9.16238854080009e-05
17.75,0.0124588633119753,-0.000914358342062918,-0.00198441701078761,0.000117161065369121
17.76,0.0122297456303677,-0.000931535531855018,-0.00150546006724228,0.00013864004250947
17.77,0.0120019645337202,-0.000943914248466699,-0.0010068535930638,0.000155910273621745
17.78,0.0117757081512941,-0.000951130480057595,-0.000496674329062381,0.000168890795042831
17.79,0.011551250901956,-0.00095332449604413,1.7104336294225e-05,0.000177569229126218
17.8,0.0113288157210327,-0.000950291217378384,0.000526726187322332,0.000181998516159929
17.81,0.0111087044993781,-0.000942325007390951,0.00102490843083726,0.000182298656262219
17.82,0.0108911647172238,-0.000929365519692841,0.00150481045476587,0.000178657671206789
17.83,0.0106765153134987,-0.000911846124944046,0.00195957763462158,0.000171298577290979
17.84,0.0104650095190468,-0.000889838606559518,0.00238345204211085,0.000160505383402651
17.85,0.0102569658525482,-0.000863891923400372,0.00277143918438565,0.000146604892239753
17.86,0.0100526313732594,-0.000834177672756913,0.00311912729478357,0.000129952217040971
17.87,0.00985230795627245,-0.000801332057667572,0.00342279186837694,0.000110924818363491
17.88,0.00965621521835835,-0.000765600186810898,0.00367945658007592,8.99155950707298e-05
17.89,0.00946461699929912,-0.000727676843641551,0.00388694579941902,6.73276949262382e-05
17.9,0.00927768560168651,-0.000687849909329906,0.00404385467518767,4.35676692978298e-05
17.91,0.00909562820099907,-0.000646841839255317,0.00414951282890443,1.90352631572496e-05
17.92,0.00891855283580334,-0.000604951682355907,0.00420426178682105,-5.86935417863239e-06
17.93,0.00874659860933846,-0.000562896169243203,0.00420901417092791,-3.07620875805038e-05
17.94,0.00857980134551184,-0.000520955064050956,0.00416531708803159,-5.52761826347825e-05
17.95,0.00841822517221047,-0.000479813456175541,0.00407538403009909,-7.90636393909353e-05
17.96,0.00826183042129891,-0.00043970642391451,0.00394202624011642,-0.00010179964183781
17.97,0.00811060745770753,-0.000401262477736275,0.00376859329000189,-0.000123186007788439
17.98,0.00796444486617709,-0.000364649679344292,0.00355883294444959,-0.000142956114495602
17.99,0.00782324740731433,-0.000330315169307359,0.00331690963738308,-0.000160880042985012
18,0.00830189227633049,0.00322561299484474,0.00304735357492852,-0.000176763916683195
18.01,0.00875211980592816,0.00555483032273282,0.00271364002817376,-0.000191873098257565
18.02,0.00943370316551828,0.00788218099665486,0.0018939456836054,-0.000222190984726115
18.03,0.0103307862255235,0.0101519391466039,0.000209490008594027,-0.000278737715750213
18.04,0.0114395774759934,0.012422921875426,-0.00259712739456475,-0.00036368529198647
18.05,0.0128291159488683,0.014644074482556,-0.00671072540290294,-0.000474209478585183
18.06,0.0146016433468912,0.0169350729998011,-0.0122564580875984,-0.000604087733136133
18.07,0.0168759553157756,0.0192149080251753,-0.0193032263088499,-0.000744641620255989
18.08,0.0197760047793736,0.0216223788375847,-0.0278744076727283,-0.00088585094301762
18.09,0.0234311291193823,0.0240318826038248,-0.0379573056742335,-0.00101718402465524
18.1,0.0279422614072544,0.0265909781221898,-0.0495189193327855,-0.00112844114527012
18.11,0.0334146915377715,0.0291230229417726,-0.0624927986182172,-0.00120938231391689
18.12,0.0398876007663169,0.0317839016147483,-0.0768050728401258,-0.00125080458651047
18.13,0.0474439625676819,0.0343536392119225,-0.0923514640498917,-0.00124382105286037
18.14,0.0560532643226956,0.0370066730040916,-0.10901279783677,-0.00118029797962216
18.15,0.0658059727677696,0.0394917632182188,-0.126631694613637,-0.00105206200013374
18.16,0.0766010073607877,0.0420107908307977,-0.145023048039421,-0.000851348030676983
18.17,0.0885676728031903,0.0442896636263979,-0.163918102725891,-0.000568790295738987
18.18,0.101528330435196,0.0465633222849664,-0.18306719661919,-0.000197567552584581
18.19,0.115680130957935,0.0485398130331776,-0.202191348597186,0.000268391681927732
18.2,0.130755597531715,0.0504879003310639,-0.221016734591974,0.000833153026332187
18.21,0.147041777476414,0.0520985076097202,-0.239296635110017,0.00149797225801109
18.22,0.164161734745957,0.0536723782673688,-0.256797695266172,0.00226184207316846
18.23,0.182510297043374,0.0548828244444178,-0.273308815127351,0.00312193617591014
18.24,0.201580471628317,0.0560603244413976,-0.288660461199801,0.00407318347385525
18.25,0.22189282885204,0.0568596843740376,-0.302744611612453,0.00510834965454708
18.26,0.242790892864013,0.0576379611868696,-0.315493605322259,0.00621898329801324
18.27,0.264939491236055,0.0580305041385044,-0.326880858479312,0.00739721799683917
18.28,0.287516512980643,0.0584186043247089,-0.336912326648938,0.00863388560637572
18.29,0.310848075344792,0.0586205147754285,-0.345571217648087,0.0099194604857111
18.3,0.335438811259021,0.0584338885390931,-0.352805061437731,0.011246478552239
18.31,0.360192607741759,0.0582760912274491,-0.358565069200039,0.0126073312925961
18.32,0.386213946384714,0.0577351908869086,-0.36286498709882,0.0139919404593059
18.33,0.412206292088385,0.0572491458204141,-0.365754208231763,0.0153886118576379
18.34,0.439475140341958,0.05638779233652,-0.367309639031336,0.0167862203537879
18.35,0.466514991710056,0.0556075153577373,-0.3676293767925,0.0181744701279463
18.36,0.493980864975448,0.0546950663328427,-0.366833453828241,0.0195439129129039
18.37,0.522750824706014,0.0534184043944003,-0.365062474814279,0.0208862244775449
18.38,0.550991203589463,0.0522589111530831,-0.362444451276298,0.022194338364085
18.39,0.580566138117961,0.0507406426001134,-0.359104217722934,0.0234630155328976
18.4,0.609414329181123,0.0493589824039706,-0.355129901710778,0.0246878667125911
18.41,0.638478603761532,0.0478763684672906,-0.350604480035641,0.0258656561358001
18.42,0.668942480426385,0.0460395172863253,-0.345588304337981,0.0269938387688839
18.43,0.698392488491326,0.0443648611386804,-0.340136609553487,0.0280693729584269
18.44,0.727955764484922,0.0426024950941484,-0.334326892239372,0.0290898416485944
18.45,0.759006022841499,0.0404886890834097,-0.328217343714393,0.0300526882572587
18.46,0.788767684199512,0.0385578214115597,-0.32186052195912,0.0309555025075797
18.47,0.818555376287941,0.0365488451670901,-0.315315938742965,0.0317962539774269
18.48,0.849933789197221,0.0341889240238105,-0.308638778449521,0.0325736659950969
18.49,0.879758276638201,0.0320272007541281,-0.301871602796639,0.0332866040770475
18.5,0.909534067413842,0.0297931873892646,-0.29505206447429,0.0339341171702362
18.51,0.941018210014195,0.0272069727176305,-0.288214758024545,0.0345155280891925
18.52,0.970693263532071,0.024829487123111,-0.281388860453872,0.0350305096013732
18.53,1.0002558146273,0.0223827167136043,-0.27460170465421,0.0354789308972514
18.54,1.03165493790366,0.0195816548122496,-0.267877005924847,0.0358609018679014
18.55,1.06099941647782,0.0169956930112176,-0.261235801381794,0.0361767340186522
18.56,1.09017739276606,0.0143412215702227,-0.254698539052141,0.0364268796341315
18.57,1.12132745030463,0.0113300740035417,-0.2482831985316,0.0366120657246522
18.58,1.15017919953287,0.00853610497532237,-0.242009350447115,0.0367331128084498
18.59,1.17880025046356,0.00567138522038188,-0.235897569750552,0.0367909842178418
18.6,1.20715694570286,0.00273398542933012,-0.229964341910059,0.0367869033505224
18.61,1.2376098965841,-0.000567156489360787,-0.224217716465339,0.0367225655120558
18.62,1.26535246139765,-0.0036582571607793,-0.218672116726173,0.0365995377923381
18.63,1.2926502911351,-0.00683160683625947,-0.213357685312488,0.0364195387958356
18.64,1.32198413714767,-0.0103785712630629,-0.208301497897611,0.0361844420386807
18.65,1.34808819548539,-0.0137330784940511,-0.203527372669977,0.0358962590524648
18.66,1.3732824758926,-0.0171899927728568,-0.199061025075095,0.0355572472513125
18.67,1.39731539266563,-0.0207582894646337,-0.194929372483399,0.0351702257186719
18.68,1.42271213598035,-0.0247269000183112,-0.191159847909081,0.034738753422651
18.69,1.44359924615505,-0.0285417592013701,-0.187775655332133,0.034267645028174
18.7,1.46243038287922,-0.0324901718559427,-0.18479453952534,0.0337612890348459
18.71,1.48185755805525,-0.0368479334743665,-0.182236438989624,0.0332235891076746
18.72,1.49578181705442,-0.04106731087773,-0.180122211790379,0.0326581994277096
18.73,1.50687546526803,-0.0454207769233979,-0.178484059760724,0.0320693008620083
18.74,1.51796484166982,-0.0501671470459388,-0.177340257960047,0.0314615879447219
18.75,1.52290364972707,-0.054769158282429,-0.176673761372537,0.0308404752627209
18.76,1.52763439649455,-0.0597381640827986,-0.176394199268181,0.0302136646155866
18.77,1.52608411562235,-0.0645451281447566,-0.176263943002533,0.0295950196596965
18.78,1.51413947901422,-0.0685074864856055,-0.175957742238138,0.0289992001169652
18.79,1.49954019672772,-0.0725285192729494,-0.175141414692872,0.028436933324872
18.8,1.47948146371577,-0.076361321072387,-0.173377801181584,0.0279190621183151
18.81,1.46003499629681,-0.080454654539096,-0.170045971285433,0.0274597000728071
18.82,1.43841689015848,-0.0845404210411651,-0.164261176078165,0.0270778444592794
18.83,1.41204560136659,-0.0883663618847532,-0.155066276824036,0.0267869763494983
18.84,1.38683048239101,-0.0923164704698717,-0.141762356172978,0.0265807413934279
18.85,1.36016286065356,-0.0961180243876523,-0.123852053811583,0.0264355998794722
18.86,1.33227296510315,-0.0997146640742495,-0.101060064912411,0.0263175631263022
18.87,1.30077419156927,-0.102862396890953,-0.0733999246681767,0.0261892202317467
18.88,1.27108706560329,-0.105888633335627,-0.0411099609824794,0.0260112981739729
18.89,1.24071040817847,-0.108549826654471,-0.00458557237728728,0.0257418557644947
18.9,1.20734108655811,-0.110632743328345,0.0355842010593348,0.0253365643541118
18.91,1.175968094593,-0.112447139587791,0.0785740477511215,0.0247487433981981
18.92,1.14418042273422,-0.113791505281169,0.12339219028711,0.0239384037011564
18.93,1.11202653914218,-0.114651323197465,0.168953332820897,0.0228762917023014
18.94,1.07735267307873,-0.114876758757413,0.214190283503956,0.0215478019585875
18.95,1.04462882682382,-0.114774187069898,0.258135653939068,0.0199533533939121
18.96,1.01163902785818,-0.114207672022217,0.299963639410239,0.0181050895401714
18.97,0.976398770828998,-0.113070460244236,0.339034210987088,0.016024855263612
18.98,0.943041600121154,-0.111660010058999,0.374634915709533,0.0137309042436423
18.99,0.909530052156937,-0.109878245205343,0.406119439693591,0.0112380399268068
19,0.874053410166605,-0.107650913762109,0.433368054976642,0.00858089699502644
19.01,0.840409751646346,-0.105256376034424,0.45645836579428,0.00579591247643718
19.02,0.806736690375645,-0.102613800784473,0.475614174503518,0.00291659192635117
19.03,0.771394004573549,-0.0996584777342952,0.491188056706991,-2.95016904019572e-05
19.04,0.737844677511472,-0.0966326443407742,0.503508126264497,-0.00301697917624761
19.05,0.702815473423277,-0.093367108528072,0.512852511543305,-0.00602271007987769
19.06,0.669546900907676,-0.0900811533650842,0.519498615609873,-0.0090249138103249
19.07,0.6364461855334,-0.08670248574649,0.52368067074676,-0.0120056860035072
19.08,0.60213175569492,-0.0831733198549248,0.52564700502026,-0.0149501089053
19.09,0.569513815722341,-0.0796803970865955,0.525696095069118,-0.0178461944540889
19.1,0.537151104468053,-0.0761564502509444,0.524032752888126,-0.0206827115240542
19.11,0.503807623006701,-0.0725481407300208,0.5208132723848,-0.0234493507544489
19.12,0.472074561055212,-0.0690132109563809,0.516227372533263,-0.0261372264748966
19.13,0.439500659780584,-0.06542806159386,0.510463943402343,-0.0287395447174289
19.14,0.408470921530268,-0.0619324042364903,0.503755377944159,-0.0312521036838117
19.15,0.376727379078276,-0.0584119181617907,0.496310949661094,-0.0336742029361404
19.16,0.346454169248029,-0.054989095425764,0.48826637279989,-0.0360054214076648
19.17,0.316550726424859,-0.0516097395848049,0.479732981524627,-0.0382444102525272
19.18,0.286104594038427,-0.0482313893628804,0.470788069453712,-0.0403904356301099
19.19,0.257014457459667,-0.0449548587566048,0.461499646562765,-0.0424433741351571
19.2,0.227489325571524,-0.041691655690469,0.451953127086716,-0.0444032667152791
19.21,0.199246504887499,-0.0385295585091808,0.442239203228012,-0.0462714491441864
19.22,0.170672778149983,-0.0353891166233209,0.43246929043434,-0.0480517115909246
19.23,0.143310583826414,-0.032345417056964,0.422725376811719,-0.0497470447977688
19.24,0.116381894677131,-0.029358986262705,0.413057542645279,-0.0513602448455973
19.25,0.0892755499535545,-0.0263998273911797,0.403500392805936,-0.0528936761866871
19.26,0.0632873603536916,-0.0235268932548982,0.394079760084409,-0.0543488367219347
19.27,0.0372248166599336,-0.0206826055776837,0.384804603209433,-0.0557270824856659
19.28,0.0122314457431258,-0.0179168547936233,0.375677611068647,-0.0570292421332067
19.29,-0.0127286354528824,-0.0151804685363161,0.366688378874948,-0.0582556708251636
19.3,-0.0366595501787099,-0.0125155447172372,0.357819241621318,-0.059406295807179
19.31,-0.0604536948464531,-0.00988112277901345,0.349049814972349,-0.0604807016787833
19.32,-0.0832549864803003,-0.00731243703387626,0.340354134181527,-0.0614786928213125
19.33,-0.10582171139597,-0.00477617790573283,0.331703535361114,-0.062399720986258
19.34,-0.127428763799398,-0.00230154169349946,0.323064533248024,-0.0632428144092374
19.35,-0.148711424365891,0.000137547835746868,0.314393279187346,-0.0640068876134847
19.36,-0.169066221910132,0.00251696621984166,0.305643840184557,-0.0646905511446462
19.37,-0.188788999598099,0.00484765176734968,0.296767087791056,-0.0652922066277088
19.38,-0.208071352381253,0.00713462960475952,0.287717525642057,-0.0658099258947499
19.39,-0.226473536364747,0.00935995987542321,0.278421441274268,-0.0662426177863006
19.4,-0.244374225749941,0.0115330972079645,0.268791995916472,-0.0665888220547289
19.41,-0.261430327967004,0.0136388428794087,0.258763298626077,-0.0668453456204572
19.42,-0.277937726111598,0.0156808269520566,0.248282013743786,-0.0670081388620651
19.43,-0.293638376962009,0.0176465254496412,0.237299094210815,-0.0670731216578059
19.44,-0.308755647439892,0.0195347335374243,0.225775638311825,-0.0670360152037312
19.45,-0.323105619464641,0.0213354865859712,0.213697876285435,-0.0668933486687912
19.46,-0.336848598645462,0.0230438279198751,0.201043553445294,-0.066642078375708
19.47,-0.34986473820492,0.0246521582182826,0.187772946942585,-0.0662778071818746
19.48,-0.362260879772557,0.0261518720293094,0.173843784714989,-0.0657958941398914
19.49,-0.373972006799734,0.027536877387753,0.159218823590992,-0.0651908885773243
19.5,-0.385058237755984,0.0287955867328688,0.143883520238809,-0.0644567156790742
19.51,-0.395498269860754,0.0299235893552087,0.127834765866719,-0.0635876129420365
19.52,-0.405312123486212,0.0309074791176832,0.111093413398077,-0.0625773335854223
19.53,-0.414514142534647,0.0317448663099676,0.093689820322912,-0.0614202025048102
19.54,-0.423089750182791,0.0324217131155352,0.0756903550372415,-0.0601106093055685
19.55,-0.431081731204034,0.0329382308923181,0.0571728964765751,-0.0586442103283535
19.56,-0.438446468714344,0.0332810250582189,0.0382476588429829,-0.0570173601690277
19.57,-0.445249907104335,0.0334535320552654,0.0190385893026864,-0.0552281867827988
19.58,-0.451425551961717,0.0334442100004921,-0.000296747795641838,-0.0532766146724644
19.59,-0.457058843313142,0.0332605099203897,-0.0195585663921651,-0.0511646020865732
19.6,-0.462066023878946,0.0328944208877919,-0.0385128486145307,-0.0488970992836424
19.61,-0.466549270483036,0.0323586937050062,-0.0568838219863918,-0.0464828234406455
19.62,-0.470468965561079,0.0316554295389015,-0.0743303371695939,-0.0439349289675269
19.63,-0.473776832820652,0.0307904835282502,-0.0904354599597553,-0.0412726232793797
19.64,-0.476598017773645,0.029788012731332,-0.10481699250064,-0.0385182648468978
19.65,-0.478831045696144,0.0286568187094018,-0.117143380747555,-0.0356961708679887
19.66,-0.480612457600481,0.0274275833897339,-0.127159586231257,-0.0328314721679736
19.67,-0.48183829231418,0.0261143297237027,-0.134676233189784,-0.0299503868099064
19.68,-0.482651706057196,0.0247512563560462,-0.139603515035392,-0.0270783424353406
19.69,-0.482946719291345,0.0233544529053883,-0.141920367129561,-0.0242400210781057
19.7,-0.482869002141502,0.0219583888635366,-0.141658646350058,-0.0214595523422197
19.71,-0.482311288083562,0.0205787348746657,-0.138911887229137,-0.0187595863096757
19.72,-0.481418526960615,0.0192479149243851,-0.133813246379993,-0.0161613359093019
19.73,-0.48008255982213,0.0179792827721127,-0.126537605087784,-0.0136841301447892
19.74,-0.478445213861139,0.0168014699064446,-0.117301579890435,-0.0113452228995908
19.75,-0.476398308662159,0.0157239606121044,-0.106351929498255,-0.00916000122677512
19.76,-0.474079424383686,0.0147701451707452,-0.0939559987207372,-0.00714130677713276
19.77,-0.471381600143153,0.0139446936506728,-0.0803855565115482,-0.005299249639398
19.78,-0.468437324681387,0.0132652052010432,-0.0659216243531396,-0.00364155674155502
19.79,-0.465141908059433,0.0127311901859586,-0.0508585495844507,-0.00217378365798383
19.8,-0.461622692581328,0.0123540477815806,-0.0354924067926022,-0.000898933480860546
19.81,-0.457778626957575,0.012127845779932,-0.0201219876280648,0.000182011060409102
19.82,-0.453732310305164,0.0120577306162423,-0.00502658237555641,0.00107091288186312
19.83,-0.449387276873119,0.0121326864979895,0.00953321847451464,0.00177256968850496
19.84,-0.444861119085198,0.0123522416060761,0.0233044284016756,0.0022936230667651
19.85,-0.440062711124218,0.0127008616525612,0.0360554820328437,0.00264285429769457
19.86,-0.435105098883153,0.0131731004902845,0.0475830972575176,0.0028310393879391
19.87,-0.429903045897003,0.0137498560467958,0.0577161071662403,0.00287086055377406
19.88,-0.424564986812818,0.0144218716494522,0.0663089438003628,0.00277629711718132
19.89,-0.419056052178641,0.0151701755187922,0.0732493330184998,0.00256267138916268
19.9,-0.413347102212341,0.0159752730394711,0.0784596013379635,0.00224629792317136
19.91,-0.407539416958008,0.016824533566784,0.0818957606632397,0.00184416740337644
19.92,-0.40156271030504,0.0176952804083458,0.0835491980485271,0.00137362101259576
19.93,-0.395513201433443,0.0185743702502888,0.0834444698561349,0.000852082004424525
19.94,-0.389326084762676,0.0194400251811551,0.0816373700554311,0.000296859616082094
19.95,-0.383092190081594,0.0202798848946098,0.0782099741931469,-0.000275313451220099
19.96,-0.376751746495025,0.0210741901139826,0.073269069158169,-0.000848495464328874
19.97,-0.370390029673803,0.0218124214014169,0.0669474305461549,-0.00140766327007891
19.98,-0.363951837907472,0.0224778145866234,0.0593975857096848,-0.00193897695025046
19.99,-0.35751671667258,0.0230625847848606,0.0507861118631703,-0.00243006868630664
20,-0.351033588683751,0.0235536289429183,0.0412912605626851,-0.00287007115472351
20.01,-0.344576253706565,0.023946415828136,0.0310972694120872,-0.00324981798888269
20.02,-0.338097396296258,0.0242318325254926,0.0203929393045526,-0.00356188746218328
20.03,-0.331665157254973,0.0244088411838683,0.00937011198658053,-0.00380060723052963
20.04,-0.325235675568233,0.0244724173446397,-0.00178474248822126,-0.00396216266258763
20.05,-0.31887157210115,0.0244249801231746,-0.0128908756249185,-0.00404437317515709
20.06,-0.312532130631897,0.0242653691680905,-0.0237762166930441,-0.00404672544702688
20.07,-0.306274555609744,0.0239991695845124,-0.0342811051976003,-0.00397030349517486
20.08,-0.300061005417573,0.0236286407934996,-0.0442604789817622,-0.00381771415928772
20.09,-0.293943486427832,0.0231620320143034,-0.0535806800385563,-0.00359287034155598
20.1,-0.287886776808695,0.0226044738069351,-0.0621250158017947,-0.00330078665191602
20.11,-0.281937796068255,0.0219663018441225,-0.0697956266451189,-0.00294753684994529
20.12,-0.276063640698735,0.0212548159294115,-0.0765105197610914,-0.00254004876116504
20.13,-0.270306307966451,0.0204817555784921,-0.0822067896713643,-0.00208593210673375
20.14,-0.264634957674646,0.0196558574691103,-0.0868413626873005,-0.00159333124842424
20.15,-0.259086857609135,0.0187895236229767,-0.0903880107675128,-0.00107076098295093
20.16,-0.253647865858472,0.0178928763493667,-0.0928385285579614,-0.000526891499531565
20.17,-0.248306223209977,0.0169761990050072,-0.0942023715916275,2.96446407617361e-05
20.18,-0.243092485716811,0.0160516116561148,-0.0945015093709977,0.000590336842662027
20.19,-0.237980064953607,0.0151283095000804,-0.0937743457166351,0.00114681621192496
20.2,-0.232995400945414,0.0142174843438528,-0.0920733951497891,0.00169105424445368
20.21,-0.228113402631959,0.0133274233148309,-0.0894634810592375,0.00221559860978716
20.22,-0.223356693354427,0.0124678872459669,-0.0860174977083698,0.00271354613363582
20.23,-0.218701581082658,0.0116458326322068,-0.0818169239935761,0.00317863011518842
20.24,-0.21416724089021,0.0108692524619054,-0.0769518779808858,0.00360526715611422
20.25,-0.20973137979195,0.0101434316359314,-0.0715181968972993,0.00398874268225969
20.26,-0.205410078939209,0.00947431253372083,-0.0656192663542734,0.00432515504029655
20.27,-0.201182436702862,0.0088652456146633,-0.0593600433808621,0.00461145505726266
20.28,-0.197061857950128,0.00831996736456114,-0.0528463448303373,0.00484542475168509
20.29,-0.193028937083588,0.00783981314247236,-0.0461842017607555,0.00502561767078307
20.3,-0.189094847620272,0.00742633279769368,-0.0394733367675237,0.00515153525317491
20.31,-0.185241752078095,0.00707894759537968,-0.0328109287088796,0.00522338522641526
20.32,-0.181479009328776,0.00679718038499876,-0.0262913325584886,0.00524214801862629
20.33,-0.177790463158823,0.00657866516195663,-0.0200024879808919,0.00520956917570168
20.34,-0.17418401400387,0.00642109989423004,-0.0140242297636087,0.00512810512574305
20.35,-0.170645199501511,0.00632060457640726,-0.00842778539393254,0.00500084718253377
20.36,-0.167180739189563,0.00627339215880996,-0.00327546099458707,0.00483145051811179
20.37,-0.163777853279997,0.00627440613784399,0.00137853150585878,0.004624088376028
20.38,-0.160442310104269,0.00631872664515696,0.00548965333165177,0.00438334159126199
20.39,-0.157162959754529,0.00640047910970025,0.009024566850087,0.00411407605861339
20.4,-0.15394481872936,0.00651403121951482,0.0119608192732007,0.00382142650298575
20.41,-0.150778309671571,0.00665311246740176,0.0142850066854383,0.00351062977672375
20.42,-0.147667865445091,0.00681178304466729,0.0159927567337323,0.0031869581084339
20.43,-0.144608141589353,0.00698381382876548,0.0170897234181109,0.00285570203470464
20.44,-0.141594975857558,0.00716313015862394,0.0175916850911531,0.0025220141017828
20.45,-0.138632175261352,0.00734405886167243,0.0175232436221719,0.00219080611618682
20.46,-0.135713791232856,0.00752096462826292,0.0169163880953892,0.00186672936923413
20.47,-0.132843344352547,0.00768878420478264,0.0158101548014243,0.00155412000949579
20.48,-0.13001615997262,0.00784269775257804,0.0142496259535442,0.00125694283170302
20.49,-0.127235502038759,0.00797851435855753,0.0122850107016752,0.000978745200570235
20.5,-0.124497814563113,0.0080924476333309,0.00997069141722613,0.000722618366310624
20.51,-0.121806107624579,0.00818136545380362,0.00736392773371147,0.00049117476191434
20.52,-0.119157780170775,0.00824265221694268,0.00452449066872369,0.000286523860276179
20.53,-0.116555557246659,0.00827434772617671,0.00151381891648965,0.000110292600649442
20.54,-0.113997604558707,0.00827507179569623,-0.00160830947548244,-3.64327078807462e-05
20.55,-0.111486314965926,0.00824404521267971,-0.00478242130704439,-0.000153064108700233
20.56,-0.109020457659931,0.00818108407112576,-0.00795175718316093,-0.000239559857523855
20.57,-0.106602079908939,0.00808652940223882,-0.0110610735143274,-0.000296399659946058
20.58,-0.104230437439988,0.00796130928736536,-0.0140580118105968,-0.000324498264436842
20.59,-0.10190721017704,0.00780678364523907,-0.0168958423880569,-0.000325236420353046
20.6,-0.0996320120657712,0.00762482406679534,-0.0195329369352509,-0.00030036017959821
20.61,-0.0974061255128289,0.00741760404114868,-0.0219331460577228,-0.000251917433211596
20.62,-0.0952293685229018,0.00718773057462137,-0.0240635127286955,-0.000182141333955527
20.63,-0.0931025265313137,0.00693802108598087,-0.0258957502875811,-9.3487926466724e-05
20.64,-0.0910254714349943,0.00667162278343525,-0.027412505302032,1.12212651402033e-05
20.65,-0.0889985446348618,0.00639170628077212,-0.0286016000095754,0.000129101586925415
20.66,-0.087021640895613,0.00610166135242544,-0.0294563740900312,0.000257245061215375
20.67,-0.085094634621198,0.00580477913729493,-0.0299758624549334,0.000392737978690564
20.68,-0.0832173517427046,0.00550447040786678,-0.0301641938521579,0.000532717747946308
20.69,-0.0813891969603748,0.00520393296522636,-0.0300307213263726,0.00067439920076171
20.7,-0.0796096859646065,0.00490635290249797,-0.0295894619389412,0.000815118524219578
20.71,-0.0778783343779423,0.00461475543406846,-0.0288585295723535,0.000952369426015328
20.72,-0.0761938861336757,0.00433185090146046,-0.0278593282220678,0.00108384748608463
20.73,-0.0745558050313893,0.00406027079009116,-0.0266166833978968,0.00120746834523018
20.74,-0.0729624363330217,0.00380222319196006,-0.0251588192291171,0.00132138377108154
20.75,-0.0714130820560364,0.00355978055927657,-0.0235153886160536,0.00142401470097467
20.76,-0.0699057440736954,0.003334555103473,-0.0217175251859073,0.00151403342016548
20.77,-0.0684395902091737,0.0031279957484416,-0.0197975272098847,0.00159035116423068
20.78,-0.0670123777255389,0.00294107006885432,-0.0177883445212429,0.00165212234517263
20.79,-0.0656232212034311,0.00277457009809782,-0.0157224013326554,0.00169874661416893
20.8,-0.0642697444918259,0.00262882095849651,-0.0136305483141516,0.00172991528193097
20.81,-0.0629510628642231,0.00250399093550618,-0.0115436074067567,0.00174554444880824
20.82,-0.0616647524684701,0.00239979376552177,-0.00949140535662929,0.00174580230421938
20.83,-0.0604099905239321,0.00231580455577382,-0.00750167675107741,0.00173109903980535
20.84,-0.0591843813630488,0.00225118714687118,-0.00559970222752829,0.00170206781694897
20.85,-0.0579872051058183,0.00220501176316493,-0.00380812967234602,0.0016595435271964
20.86,-0.0568161525448927,0.00217599440495236,-0.00214683082544884,0.00160453758701108
20.87,-0.0556706384251582,0.00216280970824094,-0.000631698818093325,0.00153823485267262
20.88,-0.0545483936712134,0.00216392843212256,0.000737060008535017,0.0014623812405614
20.89,-0.0534489042272934,0.00217782618444689,0.00193445265181382,0.00137772358871938
20.9,-0.0523702047112735,0.00220265945518971,0.00295038807788531,0.00128562310063645
20.91,-0.0513120838092034,0.00223664807952188,0.00377952854970592,0.00118763857546897
20.92,-0.0502727692365772,0.00227784553101195,0.00441917224050437,0.00108534360044391
20.93,-0.0492522262748389,0.00232441846963722,0.0048695607120145,0.000980313477657978
20.94,-0.0482488910143459,0.00237443107212888,0.00513395321186871,0.000874105402736534
20.95,-0.0472629064537546,0.00242611434830801,0.00521843769869457,0.000768233878630949
20.96,-0.0462929186376888,0.00247765880797612,0.00513167341915327,0.000664146982681794
20.97,-0.0453388547747604,0.0025274404667192,0.00488462362620913,0.000563204550189811
20.98,-0.0444007059814036,0.00257395246167436,0.00449012976829987,0.000466662714974133
20.99,-0.0434774148542241,0.00261574734865561,0.00396274980744716,0.000375656716403985
21,-0.0425694940026853,0.00265164115700342,0.00332027513901247,0.000291235056665079
21.01,-0.0416488288251013,0.00269543229266457,0.00524592888162234,0.00037731816729571
21.02,-0.040682558713514,0.00275664925238674,0.0068458923859052,0.000467733689867213
21.03,-0.0396692795251923,0.00283220187797326,0.00814805631430811,0.000545575619468011
21.04,-0.038609571187167,0.00291919420447998,0.00915940713527237,0.000611046315016576
21.05,-0.0375035216357356,0.00301471272345679,0.00988705409528119,0.00066422350738477
21.06,-0.0363533563234109,0.00311602370379381,0.0103426714658371,0.000705357831444425
21.07,-0.035160728414799,0.00322044133786494,0.0105405882844828,0.00073493609509612
21.08,-0.03392915153802,0.00332552083485531,0.0104977289516129,0.000753651352174082
21.09,-0.0326613957611288,0.00342892913324235,0.0102350640497207,0.000762409202715561
21.1,-0.0313617991579367,0.00352861439384841,0.0097719454025318,0.000762181439435008
21.11,-0.030033831800079,0.00362264601127512,0.00912866238495235,0.000754054149254088
21.12,-0.028682284159772,0.00370937467250343,0.00832652802111891,0.000739228027699944
21.13,-0.027310947854378,0.00378729441247813,0.00738667306096192,0.000718978072227947
21.14,-0.0259246884264757,0.00385518601454698,0.00633234464098353,0.000694669039350944
21.15,-0.0245272608020937,0.00391200156802214,0.00518610866078868,0.000667638838780463
21.16,-0.0231233079458937,0.00395696167881968,0.00396752666201699,0.000639113252713768
21.17,-0.0217163610131221,0.00398940891536761,0.00269372018392508,0.000610221971118946
21.18,-0.0203107055692895,0.00400891659650436,0.0013825677048453,0.000582097074940064
21.19,-0.0189094905696594,0.00401518204643706,5.15585859854558e-05,0.000555805497174791
21.2,-0.0175164888585284,0.00400812465378263,-0.0012825812364813,0.000532304901063042
21.21,-0.016134357688772,0.00398777600088019,-0.00260424235308883,0.000512433247235249
21.22,-0.01476629355734,0.00395436511031869,-0.00389880201220713,0.000496904153427614
21.23,-0.0134144205080933,0.00390821696144955,-0.0051526429053183,0.000486301054231527
21.24,-0.0120811617418042,0.00384982010886649,-0.00635313582995575,0.00048107426671076
21.25,-0.0107686319931304,0.00377978301198754,-0.00748849457907909,0.000481532157442546
21.26,-0.00947815732800539,0.0036987981631107,-0.00854787561889167,0.000487847169043618
21.27,-0.00821147535916467,0.00360769842671239,-0.00952159101251637,0.000500059829855813
21.28,-0.00696941801664863,0.00350737225183343,-0.0104007223372557,0.000518080555715861
21.29,-0.00575319475257796,0.00339882203943194,-0.0111783216415712,0.000541728244329169
21.3,-0.00456317511332838,0.00328307904699716,-0.0118488481121713,0.000570713154317084
21.31,-0.0034000850557403,0.00316125278800795,-0.0124081505523853,0.000604630911028148
21.32,-0.00226390060330228,0.00303445698738871,-0.0128537548786005,0.000642944672659786
21.33,-0.00115496938579351,0.00290384920091233,-0.0131840179592355,0.000685000308765805
21.34,-7.29757689557076e-05,0.00277058469332553,-0.0133965665934667,0.00073013460242361
21.35,0.000982048940221247,0.00263585239501894,-0.013492008543815,0.000777583984476892
21.36,0.00201064826397968,0.00250079444494597,-0.0134736506940887,0.000826514503029743
21.37,0.00301301232826123,0.00236653795359517,-0.0133455767994906,0.000876099394314332
21.38,0.00398984015347814,0.00223414307152301,-0.0131127364004446,0.000925526622921522
21.39,0.00494149726330928,0.00210463490967159,-0.0127811855894142,0.000974003484719412
21.4,0.00586879959081621,0.00197895314351387,-0.0123579614976025,0.00102077255904356
21.41,0.00677224480439609,0.00185797849700546,-0.0118514046570906,0.00106511162815961
21.42,0.00765272244087978,0.00174248541699365,-0.0112707544227065,0.00110635309765528
21.43,0.00851081696413658,0.00163316961580361,-0.0106257244074309,0.00114389864385421
21.44,0.00934745580222263,0.00153061112835545,-0.00992659818136758,0.00117722354391406
21.45,0.0101632765149118,0.00143529935950404,-0.00918406269156632,0.0012058822550119
21.46,0.0109592130868661,0.0013476015736752,-0.00840905487178503,0.00122951407397149
21.47,0.0117359247237401,0.00126778819663272,-0.00761256326609681,0.00124784739379359
21.48,0.012494325872094,0.00119600778995431,-0.00680552070834313,0.0012607001528301
21.49,0.0132350715308052,0.00113231221845224,-0.0059986162818858,0.00126798163578838
21.5,0.0139590354258532,0.00107663771073821,-0.00520217666057459,0.00126969081181215
21.51,0.0146668964121499,0.00102882724227286,-0.00442606933751046,0.00126590622809355
21.52,0.0153593178141271,0.000988629016928834,-0.00367935067425702,0.00125678982565501
21.53,0.0160370769497105,0.000955698757472478,-0.00297024480613928,0.00124257939308602
21.54,0.0167007299258843,0.000929623121600471,-0.00230609547650521,0.0012235842456959
21.55,0.0173509778259131,0.00090991261689597,-0.00169327717872551,0.00120018315862311
21.56,0.0179883231609255,0.000896027521201768,-0.00113715136879436,0.00117282359824733
21.57,0.0186133947093294,0.000887370227524967,-0.000642496890316408,0.00114198770936665
21.58,0.0192266385968658,0.000883309338831943,-0.000212683699323192,0.00110820571761543
21.59,0.0198286098664795,0.000883180328757538,0.000150032384510712,0.00107203372504335
21.6,0.0204196978934714,0.000886306938712751,0.00044438978339432,0.00103403998613926
21.61,0.0210003820336944,0.000892000517145608,0.000670065888121095,0.000994796059544233
21.62,0.0215709893087244,0.000899579810503047,0.00082782231839071,0.000954868280403308
21.63,0.0221319204157089,0.000908371898682036,0.00091932255395643,0.000914809777303907
21.64,0.0226834374035096,0.000917729042906801,0.000947078545235369,0.000875152666468492
21.65,0.0232258626238595,0.000927029817809557,0.000914399321077411,0.000836399496552006
21.66,0.0237593914207128,0.000935691956857956,0.000825221447325807,0.000799011143854531
21.67,0.0242842689672651,0.00094317632154882,0.000684575372889582,0.00076342306971982
21.68,0.0248006304171646,0.000948998052587662,0.00049771281120963,0.00073001352778434
21.69,0.025308650642442,0.000952724337661074,0.000270247402036518,0.000699108702216836
21.7,0.0258084062204658,0.00095398272002549,8.16341538304787e-06,0.00067098456788997
21.71,0.0263000080623979,0.000952460292035473,-0.00028228233686048,0.000645865514119836
21.72,0.0267834841944232,0.000947909327575082,-0.000594681142024652,0.000623922877676366
21.73,0.0272588941623519,0.000940144998076649,-0.000922588317246632,0.000605274273534347
21.74,0.0277262297187324,0.000929047912700957,-0.00125962877992472,0.000589983884225441
21.75,0.0281855126748516,0.000914560484291201,-0.00159959284524426,0.000578063651238083
21.76,0.0286367113075965,0.000896686858834892,-0.00193652266311459,0.000569475285656266
21.77,0.0290798229870042,0.000875488048077579,-0.00226483412129163,0.000564131640324579
21.78,0.0295148034406738,0.00085107947763085,-0.00257929340812687,0.000561898033865882
21.79,0.0299416357911158,0.000823626259426648,-0.00287508783519923,0.000562600024856865
21.8,0.0303602791151505,0.000793339325352644,-0.00314789619882536,0.000566027215577841
21.81,0.0307706970541846,0.000760469615586295,-0.00339396783673835,0.000571939506713392
21.82,0.031172874275553,0.000725302199064463,-0.00361015390725078,0.00058007232074184
21.83,0.0315667824488655,0.000688150343012985,-0.00379392153340477,0.000590141583419759
21.84,0.0319524218460794,0.000649349238123091,-0.00394335466140898,0.000601848716254243
21.85,0.0323297887937031,0.000609249847959666,-0.0040571431198094,0.000614886097277501
21.86,0.0326989080235878,0.000568212902349405,-0.0041346060441057,0.000628941764290213
21.87,0.0330598078340119,0.000526602718399981,-0.00417559832182592,0.000643706848750255
21.88,0.0334125444795061,0.000484781829079055,-0.00418063863238407,0.000658875161117351
21.89,0.0337571822747993,0.000443104230588322,-0.0041507508660096,0.000674148954345427
21.9,0.0340938103775121,0.000401911737624698,-0.00408739023211726,0.000689243846100461
21.91,0.0344225291332361,0.000361528703779905,-0.00399246085789097,0.00070389044459797
21.92,0.0347434598494942,0.000322258587945112,-0.00386828228252578,0.000717837582652871
21.93,0.0350567357034199,0.000284379139970679,-0.00371752869285172,0.000730855758421769
21.94,0.03536250632202,0.000248140243070739,-0.00354317034086636,0.000742740104324535
21.95,0.0356609330688746,0.000213760189728156,-0.00334840521521495,0.000753312755491017
21.96,0.0359521889610281,0.000181424700938026,-0.00313666107903523,0.000762421843286287
21.97,0.0362364565329285,0.000151284018303137,-0.0029113911809385,0.000769945110022746
21.98,0.0365139258979488,0.000123455117998626,-0.00267600146377006,0.000775793971668452
21.99,0.036784796357022,9.80194295362862e-05,-0.00243402765796261,0.000779905819374994
22,0.0375174926158595,0.00356729527271063,-0.00218895436046566,0.000782249753686445
22.01,0.0383580094572462,0.00586564716454256,-0.00198844715578396,0.000781495045221947
22.02,0.0394196752078608,0.00812922964876328,-0.00224051590298121,0.000762676854517049
22.03,0.0406876665067024,0.0103947726925707,-0.00330267534525476,0.000715530227501036
22.04,0.0421593249985017,0.0125994166338148,-0.00542233009938185,0.000638070886983434
22.05,0.0439042932395708,0.0148447771153849,-0.00878306466066903,0.000532846103750152
22.06,0.0460263347582952,0.0170689850284745,-0.0135000934863417,0.000406124745605612
22.07,0.0486454221685806,0.0193396348072795,-0.0196362681937518,0.000266428978627946
22.08,0.0518878773732085,0.0217471760210433,-0.0272058665559034,0.000123738894823269
22.09,0.0558854590424458,0.0241671986923071,-0.036182784259819,-1.12856547095173e-05
22.1,0.0607428915267967,0.0267486410113523,-0.0465178077226317,-0.000128285152467508
22.11,0.0665685782516237,0.0293162286637322,-0.0581412597999813,-0.000217398235866091
22.12,0.073405154700688,0.0320269602517256,-0.0709774935471392,-0.000269863668181752
22.13,0.0813396952617405,0.0346624906352223,-0.0849011091244522,-0.000276275259384435
22.14,0.0903465588316816,0.0373987954195104,-0.099765548052473,-0.000228139960406979
22.15,0.100521572843085,0.0399868806159814,-0.115363722029562,-0.000115951682962497
22.16,0.111769746587234,0.0426307705360672,-0.131497473961822,6.72600858977584e-05
22.17,0.124226057471341,0.0450585849955271,-0.147941871352086,0.000327670213766422
22.18,0.137718629165019,0.0475068927125689,-0.164445775999337,0.000670939411931841
22.19,0.152450353679763,0.0496856718487162,-0.180756386450515,0.00110124003755634
22.2,0.168159620917901,0.0518648818375146,-0.196641860612002,0.00162016331968341
22.21,0.185138780378028,0.0537366158528042,-0.211901875983413,0.00222681277039398
22.22,0.203016145582011,0.0556018450419342,-0.22635934719377,0.00291873587477404
22.23,0.222191263265498,0.0571339592939093,-0.239870842761479,0.00369165918983479
22.24,0.242161633158239,0.0586622903545182,-0.252346814537865,0.00454033206113138
22.25,0.263451919279146,0.0598403953996249,-0.263711565534965,0.0054578469931507
22.26,0.285409503029402,0.0610235439193175,-0.27389351569811,0.00643647648927728
22.27,0.30829063461652,0.0620377536422599,-0.282835940417876,0.00746805856508757
22.28,0.332512610466651,0.0626876524362405,-0.290467217342237,0.00854555096165364
22.29,0.357169521852737,0.0633671558760097,-0.296700861490289,0.00966248255977139
22.3,0.383182723951772,0.0636824161114868,-0.301507996187305,0.0108095763823835
22.31,0.409459797639648,0.0640501815657812,-0.304907464242115,0.0119755263949111
22.32,0.437107753003221,0.0640579251937006,-0.306952558758599,0.0131484214838447
22.33,0.46483186782316,0.0641420638974924,-0.307725139552222,0.0143168404538189
22.34,0.493183325048465,0.0640976114746628,-0.307320628373858,0.0154699417122155
22.35,0.522925471978044,0.0636999670885708,-0.305850029695271,0.016598183100029
22.36,0.552446597363592,0.0634135475463412,-0.303398030889532,0.0176933605357172
22.37,0.583381716488437,0.0627790958869853,-0.300041792302648,0.0187498598835885
22.38,0.613899055702025,0.0622775047566769,-0.295818712427476,0.0197631383963584
22.39,0.644824720221147,0.0616805601716978,-0.290814086913934,0.020728252515589
22.4,0.677219860190824,0.0607430631895135,-0.285130348451936,0.0216396081343896
22.41,0.708909240033847,0.0599687973542194,-0.278872576194336,0.0224914051595478
22.42,0.740897568535673,0.0591154903795399,-0.27215156252007,0.0232787705900859
22.43,0.774431649290174,0.0579253353114564,-0.26507821129993,0.0239980043263413
22.44,0.806979194017877,0.0569209722930695,-0.257746243428344,0.0246464202173771
22.45,0.841133316778619,0.0555799946028557,-0.250232498147957,0.0252222722455951
22.46,0.874119149537257,0.054435218140561,-0.24259445830863,0.0257251239671446
22.47,0.907251311660796,0.0532246415644322,-0.234876321300799,0.0261551346679806
22.48,0.94209427602724,0.0516743615935185,-0.227169814620828,0.0265103121005299
22.49,0.975504154886146,0.0503316473640921,-0.219530253588253,0.0267908828312038
22.5,1.00898588858726,0.0489246352501284,-0.211994083534024,0.0269985198519087
22.51,1.04429637818054,0.0471720634183639,-0.204592133661855,0.0271352084317266
22.52,1.0779199829606,0.0456330160272746,-0.197350753416887,0.0272030754080592
22.53,1.11155371410503,0.0440281888263422,-0.190293585580187,0.0272044226009879
22.54,1.1451798707348,0.0423565119848003,-0.18345232906149,0.0271420886091458
22.55,1.18081221286721,0.0403297100127983,-0.176850711587837,0.0270190191519082
22.56,1.21443807515375,0.0385185702662533,-0.170503892519469,0.0268380026617088
22.57,1.24800938818278,0.0366360192991022,-0.164422253864784,0.0266019727244308
22.58,1.28372598759639,0.0343912956828636,-0.158606741089282,0.0263142300240273
22.59,1.31719157129282,0.0323584028413399,-0.153073693560834,0.0259781274526905
22.6,1.35053102221017,0.0302465224514095,-0.147844283410953,0.0255972103539313
22.61,1.3861079428457,0.0277635155569825,-0.142927948225807,0.0251746840231035
22.62,1.41912179266777,0.0254816358628499,-0.13833513213893,0.0247137974259621
22.63,1.45184103780077,0.0231075785944939,-0.134084788504746,0.0242181850437833
22.64,1.48416367880567,0.0206350105990661,-0.130197835354057,0.0236917560650858
22.65,1.51858840942714,0.0177708049198366,-0.126695307417841,0.0231385320896715
22.66,1.5496814349658,0.0150771326327484,-0.123596829552443,0.0225629375228861
22.67,1.57978155158523,0.0122581590200317,-0.120910896627789,0.0219691906923453
22.68,1.61141969111363,0.00902444122501098,-0.118646310684036,0.0213616482766897
22.69,1.63873216229382,0.00592939395007208,-0.116802134029523,0.0207444297502315
22.7,1.66417339575014,0.00268545872920592,-0.115372681473656,0.0201214148430944
22.71,1.69039643347087,-0.000983180056147601,-0.114360431763086,0.019496661413895
22.72,1.71130565446246,-0.00452898809868386,-0.113769533531202,0.0188744491961789
22.73,1.72957582704418,-0.00822393670550198,-0.11359262252921,0.0182586483834289
22.74,1.74803632683618,-0.0123260027675171,-0.113821477646103,0.0176529934964916
22.75,1.76054362654607,-0.0162973209108027,-0.114449027932718,0.0170612255342557
22.76,1.77304310297733,-0.0206486634735465,-0.11546838144734,0.0164870759727839
22.77,1.7794619111721,-0.0248523572001056,-0.116868174252611,0.0159339201440049
22.78,1.77567683205937,-0.0282297097248737,-0.118710152694375,0.0154018746225884
22.79,1.76942450020392,-0.0316927792888127,-0.121079188605701,0.01489001772475
22.8,1.75788414287886,-0.0350075069829099,-0.123994166291172,0.0144012586662745
22.81,1.74710662542149,-0.0386407925499343,-0.127479549715911,0.0139385007187423
22.82,1.73427403117907,-0.0423508461417138,-0.131573993260831,0.0135042463555486
22.83,1.71675656512996,-0.0459216607948875,-0.136308270181801,0.0131010751300211
22.84,1.70040591335025,-0.0497816484914487,-0.141669095145509,0.0127331489377754
22.85,1.68254497061695,-0.0537079209453865,-0.147569509461531,0.012407196382161
22.86,1.66068169122431,-0.0575029763864852,-0.153945942144143,0.0121280071865679
22.87,1.64030063428169,-0.0615581014269443,-0.160746496061442,0.0118988043070534
22.88,1.61879572187922,-0.0656700246526751,-0.167849760526873,0.0117244736970477
22.89,1.59623417915316,-0.0698344847678706,-0.174833617482425,0.011619195961552
22.9,1.57023869531958,-0.0738727024753222,-0.18104043668562,0.0116039274589239
22.91,1.54573860581795,-0.0781153668883649,-0.185854460940133,0.0116916840207856
22.92,1.52027151865675,-0.0823656290084336,-0.188444031927744,0.0118970771420883
22.93,1.49160504408837,-0.0864402939414893,-0.187613627042429,0.0122430492822344
22.94,1.46432119831466,-0.0906073962121231,-0.182166673989438,0.0127452919510487
22.95,1.43615327533787,-0.0946565853571636,-0.171349063804856,0.0133876011798162
22.96,1.4050723675825,-0.0983939937362893,-0.154691072324468,0.0141295583675357
22.97,1.37534564640338,-0.102037469261712,-0.132064206673607,0.0149186061391305
22.98,1.34490188064187,-0.105385321022076,-0.103609798690356,0.0156956905154814
22.99,1.31190231503791,-0.108259763281645,-0.069745478121144,0.0163992593855333
23,1.28028921555171,-0.11085746485314,-0.0312847504782247,0.0169684413675143
23.01,1.24817062741359,-0.113011623927062,0.0106935669966743,0.0173436975094759
23.02,1.21387467868828,-0.114586490631825,0.055005615184913,0.0174716535845054
23.03,1.18099833536259,-0.115783239654802,0.100459270370217,0.0173126147644252
23.04,1.14780384017108,-0.116484896855085,0.145937462413905,0.0168455446773374
23.05,1.11277031862686,-0.116603151051904,0.190472812854764,0.0160681559525809
23.06,1.07915635547589,-0.116342981994058,0.233290767718205,0.0149939089362399
23.07,1.04538690648032,-0.115626964258514,0.273795826705923,0.0136471813761223
23.08,1.01010190204105,-0.114399651598616,0.311552348140212,0.0120583948279863
23.09,0.97624029626041,-0.112856414479454,0.346283471229302,0.0102610176575166
23.1,0.941077837238888,-0.110870049056135,0.377722161835931,0.00828387299907463
23.11,0.907339799148672,-0.108627339008663,0.405350647090668,0.00613874561615642
23.12,0.873706471804044,-0.106090040080072,0.429049093010024,0.00384845207363838
23.13,0.839057472059231,-0.103233834031978,0.449005325910253,0.00144565961593516
23.14,0.805800711801513,-0.100223748732151,0.465527092921633,-0.00104155300177472
23.15,0.771697160073058,-0.0969698530155706,0.478910765461316,-0.00358815482518731
23.16,0.738953857320099,-0.0936178953977031,0.489443671448807,-0.00616980943784954
23.17,0.705521279257433,-0.0900853663435571,0.49735981999292,-0.00876562550104448
23.18,0.673412990833575,-0.0865005201699545,0.502906857425479,-0.0113563212796709
23.19,0.641641911003298,-0.0828324925344964,0.506320410477949,-0.0139257014730842
23.2,0.609402664569707,-0.0790599058978376,0.50784763293611,-0.0164615373954135
23.21,0.578430847405695,-0.0752859119264899,0.507739344291978,-0.0189538813497804
23.22,0.547127871260682,-0.0714453570441269,0.506160326588696,-0.0213922399514368
23.23,0.517053469209208,-0.0676272593525236,0.503249842249182,-0.0237679219895237
23.24,0.486780999770209,-0.0637737493351717,0.499158252434305,-0.0260736251754223
23.25,0.457701583869478,-0.059961028539051,0.494020967889874,-0.0283043966169539
23.26,0.429135732973883,-0.0561648646616863,0.487976994403013,-0.0304578241011529
23.27,0.400562706009262,-0.0523687520857035,0.481160415329864,-0.0325336853353114
23.28,0.37313446514397,-0.0486314108628365,0.473639375857787,-0.0345315043630959
23.29,0.345819795465343,-0.0449118994203824,0.465449585653748,-0.0364496231864211
23.3,0.319619260858182,-0.041260195156707,0.456604386625923,-0.0382865490695057
23.31,0.293641971667577,-0.0376429447333417,0.447110835504303,-0.0400403875490708
23.32,0.268744530233662,-0.0341026253333605,0.436985390275138,-0.0417091931068243
23.33,0.244167058534083,-0.0306128421350233,0.426220796073343,-0.0432911163442389
23.34,0.220631455587107,-0.0272094711642438,0.414814318271577,-0.0447844071596353
23.35,0.197497844713048,-0.0238727101262554,0.402771498220403,-0.0461868448805451
23.36,0.175362844865139,-0.0206323828368291,0.39010401102389,-0.0474970191345827
23.37,0.153695309307468,-0.0174745176490567,0.376798169123198,-0.0487129559587922
23.38,0.13297694293617,-0.0144238944553312,0.362828492407271,-0.0498313481654442
23.39,0.112774609667575,-0.0114724127356492,0.348162381338335,-0.0508477072814984
23.4,0.0934668839267803,-0.00864085678468343,0.332760546953017,-0.0517565814720899
23.41,0.0747086338827918,-0.00592662392622275,0.316595252243206,-0.0525511341842444
23.42,0.0567869950967166,-0.00334693112377303,0.299664265045466,-0.0532227979474233
23.43,0.0395362657671519,-0.000905539725077652,0.281974176814996,-0.0537624090269692
23.44,0.0228633758487149,0.00139019906623892,0.263539761756494,-0.0541605952209111
23.45,0.00694207277829073,0.00352854160804675,0.244383345064294,-0.054407784535912
23.46,-0.00839218759434335,0.00550307885943065,0.224534922607417,-0.0544946309530462
23.47,-0.0230272043055224,0.00730547838115807,0.204025835689485,-0.0544123370189655
23.48,-0.03707106676899,0.00892714877421203,0.182898160386701,-0.0541529911245514
23.49,-0.0504646807692373,0.0103630009464836,0.161224649247247,-0.0537080702545992
23.5,-0.0632673738825538,0.0116035560197117,0.139103769266555,-0.053070340110319
23.51,-0.0754619344924106,0.0126478139106235,0.116680220509537,-0.0522343243264491
23.52,-0.0870658743519686,0.0134874086284096,0.0941452182497112,-0.0511979722396515
23.53,-0.0980970584397585,0.0141265983353678,0.071671255400878,-0.0499604572959573
23.54,-0.10853749441252,0.0145591404561723,0.0494330120279157,-0.0485224540094865
23.55,-0.118432654927821,0.0147942259332306,0.0276258031311084,-0.046887146959855
23.56,-0.127734771221616,0.0148285664679162,0.00647993096520889,-0.045060769834105
23.57,-0.136512327830787,0.0146770790182556,-0.0137336483476048,-0.0430537691232806
23.58,-0.14469520172005,0.014341259767948,-0.032694742878166,-0.0408816070661429
23.59,-0.152372778593189,0.013843178955425,-0.0500565325919251,-0.0385642826569935
23.6,-0.159459646346152,0.0131907766284496,-0.0654633909986218,-0.0361258102486475
23.61,-0.166063453578594,0.0124135172533734,-0.0786149793409047,-0.033592444461581
23.62,-0.172087847638858,0.0115249540674377,-0.089290731685249,-0.0309915995718655
23.63,-0.177654567911269,0.0105592083983223,-0.0973517937472225,-0.0283510886026123
23.64,-0.182659165900907,0.00953253875061906,-0.102717185194085,-0.0256991182284498
23.65,-0.187233680308601,0.00848079002372711,-0.105361207052941,-0.0230630196234858
23.66,-0.191268106996945,0.00742065039839089,-0.105335900955382,-0.0204692611756866
23.67,-0.194901088980197,0.00638689552870282,-0.102757640003808,-0.017943437244467
23.68,-0.198019125736861,0.0053940895800764,-0.0977915227574999,-0.0155092056268079
23.69,-0.200764571112111,0.00447350098186136,-0.0906596120722129,-0.0131882021273259
23.7,-0.20308722091475,0.0036400675955848,-0.0816131501500024,-0.0109996873739808
23.71,-0.204936511778389,0.0029064314033063,-0.0709272887350303,-0.00896022151876453
23.72,-0.206455989786366,0.00229562676754391,-0.0588961902943549,-0.00708351606427446
23.73,-0.207531080161652,0.00181014285242553,-0.0458409424187025,-0.0053807725130213
23.74,-0.208303689256879,0.00146646639207738,-0.0320734999503445,-0.00385984746176983
23.75,-0.208660993478726,0.00126124684594499,-0.0179108985956125,-0.00252583842671479
23.76,-0.208742177532971,0.00120434922603652,-0.00366778954027531,-0.00138092961731543
23.77,-0.208437486434637,0.00128669920200335,0.0103618100770476,-0.000424151539610441
23.78,-0.207882586146375,0.00151190454908926,0.0238929472247049,0.000347853060098195
23.79,-0.206971810357572,0.00186575835862629,0.0366606960717093,0.000940878478407892
23.8,-0.205837066412908,0.00234621736874016,0.0484213231898219,0.00136297577502406
23.81,-0.20437771133233,0.00293479238793886,0.0589649778800072,0.00162469848969876
23.82,-0.202721547241793,0.00362487714440414,0.0681151102417563,0.00173860852899708
23.83,-0.200773236424216,0.00439502890272618,0.075735458418518,0.00171916634099516
23.84,-0.198655846410482,0.00523553965518378,0.0817249836488185,0.00158207238252433
23.85,-0.196279550441302,0.00612348420494106,0.0860225550221049,0.00134408442951101
23.86,-0.193762401340379,0.00704758399975555,0.0886071131944755,0.00102260566798849
23.87,-0.191020079508692,0.00798497694828141,0.0894949351774031,0.000635275279699795
23.88,-0.188165166145323,0.00892433491953196,0.0887343390930447,0.000199528967197512
23.89,-0.185118668666566,0.00984423559719277,0.0864060876473801,-0.000267645459881567
23.9,-0.181987313302185,0.0107345847951435,0.0826172242877598,-0.000749963979042552
23.91,-0.178697081676011,0.0115765335002082,0.0774977382489859,-0.00123206973325983
23.92,-0.175348408221739,0.0123622077141773,0.0711942720955767,-0.00169988669043049
23.93,-0.171871855105508,0.0130761020086744,0.0638688375515007,-0.00214071356960741
23.94,-0.168361301179029,0.01371320931199,0.0556921997945685,-0.0025434441125381
23.95,-0.164751543538905,0.0142618168292163,0.0468413663799859,-0.00289863060320831
23.96,-0.1611297950334,0.0147201092296034,0.0374968996979482,-0.00319852084495497
23.97,-0.157469145836135,0.0150820877750501,0.027836644521475,-0.00343723511555532
23.98,-0.153747178521563,0.0153438478758548,0.0180315879115871,-0.00361060823817294
23.99,-0.15004128671088,0.0155082860716704,0.00824691132977338,-0.00371610063352955
24,-0.135873732534404,0.0107541932482576,-0.00136517453970225,-0.00375287495969112
24.01,-0.133371864015869,0.00849074672891729,-0.010623991408719,-0.00372025260549396
24.02,-0.131074619155008,0.00613228432619081,-0.0189062240287614,-0.00360165530445546
24.03,-0.128977174414485,0.0037407548281665,-0.0257249070739843,-0.00338980829228908
24.04,-0.12707995771727,0.0012618039519669,-0.0307588560631579,-0.00308875794178873
24.05,-0.125480044412987,-0.00125214866071131,-0.0337653454216535,-0.00270773909539861
24.06,-0.124289280527499,-0.00391620812670784,-0.0345707389853652,-0.00225951119449972
24.07,-0.123646178836312,-0.00664130557735157,-0.0330645459892883,-0.0017593414945627
24.08,-0.123673591758607,-0.00955706799583334,-0.0291852673512257,-0.00122371315328624
24.09,-0.124515491944639,-0.0125269711082381,-0.0229190895279497,-0.000669709060391033
24.1,-0.126264045700613,-0.0156875883583881,-0.0142907251630851,-0.000114431890400227
24.11,-0.129036337799188,-0.0188506210975604,-0.00336002573493484,0.000425330014208269
24.12,-0.1328584684969,-0.0221613101947911,0.00978187290678299,0.000933416482305557
24.13,-0.13782636862002,-0.0253892075384863,0.0250032577747025,0.00139391437189094
24.14,-0.143894790308676,-0.0286995901596339,0.0421505649552205,0.00179196807821734
24.15,-0.151169144381601,-0.0318321819829393,0.0610297368957795,0.0021136256406583
24.16,-0.159531394731819,-0.0349810914529552,0.0814149631575733,0.00234631825486572
24.17,-0.169126816448249,-0.0378642583450306,0.103050855317326,0.00247892073978913
24.18,-0.179757083209324,-0.0407094628390278,0.125656497943041,0.00250191926496662
24.19,-0.191635099404304,-0.0432175959166334,0.148923158064643,0.00240727026369508
24.2,-0.204468564647879,-0.0456510611924005,0.172539943902252,0.00218891607577344
24.21,-0.218559797479014,-0.0476946960304419,0.196184724170516,0.00184223928270559
24.22,-0.233504016445849,-0.049644297462851,0.21954625442696,0.00136527337295931
24.23,-0.249711845383507,-0.0511688595560242,0.242298610352288,0.000757171776847177
24.24,-0.266646278185847,-0.052596110009491,0.264114969891651,1.90297152790381e-05
24.25,-0.284846117601157,-0.0535799407471019,0.284655112797539,-0.000847888359283408
24.26,-0.303624845947626,-0.0544784118753074,0.303720418552131,-0.00183517809223005
24.27,-0.323667292288451,-0.0549288520268513,0.321184482997862,-0.00293098217545478
24.28,-0.344119097610728,-0.0553154606566988,0.33696969777701,-0.00412241001184523
24.29,-0.365313244804546,-0.055459922435437,0.351054709267868,-0.00539616752283751
24.3,-0.387762009473315,-0.0551629599684118,0.36345959969586,-0.00673915170694023
24.31,-0.410333449722096,-0.0548436483713791,0.374261336392073,-0.00813972266585058
24.32,-0.434153429142437,-0.0540913203950315,0.38352355370131,-0.00958594201748906
24.33,-0.45788788088736,-0.0533445047062808,0.391285962693221,-0.0110664779834319
24.34,-0.482864875535861,-0.0521743757707109,0.397607565605908,-0.012570241190568
24.35,-0.507539921813488,-0.0510379954357309,0.402561999006921,-0.0140867113212169
24.36,-0.53257592745297,-0.0497238734341858,0.406211534084079,-0.0156065909598322
24.37,-0.55886090287221,-0.0480026315761613,0.408610013047277,-0.0171213334229246
24.38,-0.584522060626981,-0.046358094317949,0.409831117066356,-0.0186233711581119
24.39,-0.610394497213339,-0.0445650758731778,0.409987648763023,-0.0201059258355073
24.4,-0.637549907232657,-0.0423812586384308,0.4092193647035,-0.0215624589890711
24.41,-0.663771088288168,-0.040312198632709,0.407638748597627,-0.0229876928353191
24.42,-0.691312909342493,-0.0378607871005197,0.40535802196874,-0.0243774542447181
24.43,-0.71772126482518,-0.0355442809721374,0.402465081048958,-0.0257279367598928
24.44,-0.744137307197117,-0.0331148984271018,0.399050859207373,-0.0270360608179403
24.45,-0.771950535170612,-0.0303111343601058,0.39519390819378,-0.0282988384894157
24.46,-0.798344196626776,-0.0276673184120237,0.390967270302244,-0.0295142446081875
24.47,-0.824649467202959,-0.0249242653814583,0.386431722676606,-0.0306800435185764
24.48,-0.852449143105373,-0.0218111305728444,0.381655717254636,-0.0317948896871134
24.49,-0.878556558215813,-0.0188764280686083,0.376690688917254,-0.0328574901495846
24.5,-0.904495343925162,-0.0158513871946286,0.371586929052366,-0.0338668381096569
24.51,-0.932042504037053,-0.012457917673358,0.366392655220327,-0.0348224515765747
24.52,-0.957637650088327,-0.00925561155449106,0.361148551600349,-0.0357240664420137
24.53,-0.982997369322665,-0.00596798509399657,0.355888097529557,-0.0365714572150147
24.54,-1.01009203040417,-0.00231177387983239,0.350636149668295,-0.0373648401524583
24.55,-1.03498593532607,0.00114547177077631,0.345410987144477,-0.038104498555746
24.56,-1.05958756218696,0.00468568469828431,0.340224853900799,-0.0387911310417667
24.57,-1.0838765427092,0.00830864334701695,0.335074685721471,-0.0394257724346842
24.58,-1.11007013297908,0.0123016115082379,0.329935327285584,-0.0400098789701981
24.59,-1.13371683962539,0.0160906098247548,0.324760826455718,-0.0405454445772004
24.6,-1.15695716012757,0.0199618485217825,0.319489926066056,-0.0410342437804413
24.61,-1.18217061373869,0.0242018058791219,0.314062585279367,-0.0414770769774447
24.62,-1.20449704046062,0.0282365710703031,0.308414421373726,-0.0418743033272807
24.63,-1.22621370823061,0.0323525845778887,0.30247288538187,-0.0422261932352517
24.64,-1.24719686875301,0.0365500030748994,0.296153384145752,-0.0425328688953447
24.65,-1.2699422951873,0.0411126963244468,0.289337757557031,-0.0427944543159449
24.66,-1.28894772775394,0.0454728510243474,0.28186816028932,-0.0430111981270823
24.67,-1.30656773370951,0.0499125698940676,0.273542158009342,-0.043183727186668
24.68,-1.32535651579182,0.0547042805921104,0.264093852897398,-0.0433133779911053
24.69,-1.33942819282177,0.0592803342210464,0.253181798210652,-0.0434022025027304
24.7,-1.35128968500248,0.0639038481780505,0.240436389079767,-0.0434513961369737
24.71,-1.36364873901152,0.0688222631921039,0.225527965269894,-0.0434571694835658
24.72,-1.37043361483623,0.0734638603909703,0.208170858485603,-0.0434093510438821
24.73,-1.37438720764252,0.0780670032043353,0.18809755779675,-0.0432933652760997
24.74,-1.3784016064564,0.0828532084942495,0.165061975666809,-0.0430903852419416
24.75,-1.3763964976627,0.0872536119243357,0.138887210179851,-0.0427783283459965
24.76,-1.37438508523591,0.0917368157649207,0.109479149958109,-0.0423336318343983
24.77,-1.36938250025189,0.095992101924918,0.0769462678739693,-0.0417359173723681
24.78,-1.34838447958244,0.0985572939768786,0.0414842784276213,-0.0409663439438205
24.79,-1.32814808622091,0.101061189617197,0.00338600909278503,-0.0400047847231834
24.8,-1.30292091713966,0.102994795375108,-0.0368780503175965,-0.0388291541712505
24.81,-1.27877952863339,0.104795274869754,-0.0787242620753599,-0.0374209233911589
24.82,-1.25297230585102,0.106205565671536,-0.121475098367451,-0.0357680018143012
24.83,-1.22294391552038,0.107001356831981,-0.164382770998421,-0.0338672702088693
24.84,-1.19455335275412,0.107602088327574,-0.206670785343854,-0.0317246266969457
24.85,-1.16519231365749,0.107792687878506,-0.247575994739298,-0.0293543437316119
24.86,-1.13506559294776,0.107582893509902,-0.286383084400527,-0.0267778356003367
24.87,-1.1017819947873,0.106805589370552,-0.322461275516576,-0.0240215200646392
24.88,-1.07068401769433,0.105860769380133,-0.355297012099438,-0.0211151505828646
24.89,-1.03926386892557,0.104587086493436,-0.384477056214615,-0.0180885757658513
24.9,-1.0076086593225,0.103019459628999,-0.409576368269885,-0.0149646030203832
24.91,-0.973441161956738,0.101035888593133,-0.430431648664908,-0.0117689898837466
24.92,-0.941535877062455,0.0990033944160254,-0.447135704831749,-0.0085329629688345
24.93,-0.90952441932971,0.096793345696201,-0.459933653775408,-0.00528519043519084
24.94,-0.875259998850912,0.0942971504867255,-0.469198817851739,-0.00204947241327177
24.95,-0.843141979207502,0.0918408507984381,-0.475261378766007,0.00115280596247375
24.96,-0.810961799095351,0.0893038692541464,-0.478442197933622,0.00430191283233931
24.97,-0.776741386495607,0.0865841416558905,-0.479055653363923,0.00737958032028394
24.98,-0.744540544348451,0.0839670913634062,-0.477390026343941,0.0103700046704867
24.99,-0.712330669446905,0.0813396339887282,-0.473722996013374,0.0132587997022642
25,-0.678311962846561,0.0786064632114837,-0.468298888247237,0.0160352743537025
25.01,-0.646211486651233,0.0760154424104432,-0.461368288316061,0.0186902532095443
25.02,-0.61417517291886,0.0734614974743526,-0.453147719774413,0.0212158659093866
25.03,-0.580570875019312,0.0708565890064175,-0.443818506301312,0.0236074906470461
25.04,-0.54878995862243,0.0684147141585745,-0.433567962641762,0.0258619104244409
25.05,-0.517142348942697,0.0660396917121572,-0.42254183101323,0.0279778657932644
25.06,-0.48415379269307,0.063651551742606,-0.410875982438919,0.0299548035532092
25.07,-0.452883953036775,0.0614339964995587,-0.398713115033044,0.0317930750211576
25.08,-0.420411662191941,0.0592208769872874,-0.386179805631425,0.0334937084874116
25.09,-0.389578949908169,0.0571776041401127,-0.373390363221257,0.0350586083141626
25.1,-0.358955730812496,0.0552229536189538,-0.360457421531328,0.036489898803456
25.11,-0.327317007555347,0.0532898894520567,-0.347499882079585,0.0377899061213577
25.12,-0.297190403070511,0.051517712807344,-0.334612462945067,0.0389622278631577
25.13,-0.266162009566028,0.0497725858565714,-0.321879210434423,0.0400105228831387
25.14,-0.236556466365157,0.0481782579403433,-0.309381647125675,0.0409385766000209
25.15,-0.207193898248388,0.0466674454343236,-0.297186930543084,0.0417505660169811
25.16,-0.177087275046844,0.0451855626760403,-0.285348586127934,0.0424508943035492
25.17,-0.14827016874461,0.0438347589583598,-0.273917859541645,0.0430438489776455
25.18,-0.118809784863515,0.0425107019392852,-0.262930152290831,0.0435339000562801
25.19,-0.0905552772266507,0.0413028659679679,-0.252404800779671,0.0439253758808418
25.2,-0.06175913199848,0.0401180791571957,-0.242345210782073,0.0442226224475069
25.21,-0.0340926376144273,0.0390345047362112,-0.232744336327668,0.0444295486547398
25.22,-0.00671147427922936,0.0380048057386989,-0.223584912708173,0.0445497038403675
25.23,0.0210549603087058,0.036992296776731,-0.214846081132058,0.044586816552928
25.24,0.0477879663167649,0.036059999816267,-0.206506271582623,0.0445444869264981
25.25,0.0747983359178521,0.0351413633389742,-0.198532382760902,0.0444265723328348
25.26,0.100827242706295,0.0342906900789415,-0.190884911888843,0.0442361977297619
25.27,0.127021838687841,0.0334510613390778,-0.183535903202981,0.043975590679479
25.28,0.152273716059003,0.0326686997803926,-0.176464061540636,0.0436469903643065
25.29,0.177576369275494,0.0318954326555856,-0.169641970493355,0.0432523355258153
25.3,0.201968657765032,0.0311702405427909,-0.163041563415929,0.0427934730739445
25.31,0.226303317499927,0.0304531820230748,-0.156641398632434,0.0422721542681884
25.32,0.249757733280964,0.0297766155848468,-0.150404985808246,0.0416912115526506
25.33,0.273053824011617,0.0291082338763111,-0.144301707044564,0.0410525419758496
25.34,0.295498777566801,0.0284744975338958,-0.138321127530536,0.0403570793414076
25.35,0.31742929586298,0.0278598031547341,-0.132473110652009,0.0396059533101597
25.36,0.339069145622475,0.0272543548929145,-0.126767332593243,0.0388002213544864
25.37,0.359901218681042,0.0266759086566898,-0.121220596162736,0.0379412082165626
25.38,0.380369319374431,0.0261066970373313,-0.115881140550115,0.0370314776988842
25.39,0.400061262495109,0.0255588277331079,-0.110801887953624,0.0360747598509173
25.4,0.419329691827186,0.0250183984093883,-0.106031132366385,0.0350752875216874
25.41,0.437856874121232,0.0244924409735205,-0.101597687649018,0.0340371522244869
25.42,0.455915562347442,0.0239707120549965,-0.097539738710967,0.0329648652679581
25.43,0.473270801727711,0.0234558528854533,-0.0939006836748525,0.0318636690934805
25.44,0.490125386278616,0.0229405625280802,-0.0907189302223045,0.03073898247757
25.45,0.506315636351857,0.0224234608916068,-0.0880456979558779,0.0295973289481743
25.46,0.521983220035003,0.0218996193651978,-0.0859067456076498,0.0284448025373289
25.47,0.537025515269936,0.0213642755178255,-0.0843409320195088,0.0272882985173958
25.48,0.551532654125124,0.0208146402118492,-0.0833666287200602,0.0261342236890101
25.49,0.565453568571646,0.0202432362063728,-0.0830086610966682,0.0249894209532955
25.5,0.57883256235934,0.0196490603693012,-0.0832766142065918,0.0238604509245649
25.51,0.591659825205942,0.019022464319437,-0.0841794422399567,0.0227537316765339
25.52,0.603940553688668,0.0183640216049886,-0.0857206122494558,0.0216756515996966
25.53,0.615697796172201,0.0176624586867283,-0.0878897379233674,0.0206320610255798
25.54,0.626902900415653,0.0169197923551784,-0.0906784136349389,0.0196287179692902
25.55,0.637604707202864,0.0161236896552745,-0.0940653153810971,0.0186708763798626
25.56,0.647745928824294,0.015277536551928,-0.0980190938904644,0.0177631045986946
25.57,0.657395934262825,0.0143685682049994,-0.102514031045959,0.016909748774039
25.58,0.666474301332754,0.0134014059309982,-0.107513924653992,0.0161146745612815
25.59,0.67506679397176,0.0123632735732679,-0.112975098899903,0.0153810036414764
25.6,0.683127516062929,0.011255319927571,-0.1188511050362,0.0147113565464009
25.61,0.690596572149987,0.0100794367724817,-0.12509381668867,0.0141078348484043
25.62,0.697578000757917,0.00882363078226796,-0.131655211653948,0.0135721605844265
25.63,0.703954327304413,0.00749547845144341,-0.138480572257118,0.0131055093297309
25.64,0.709838586004048,0.00608388798557415,-0.145510713529669,0.0127085684845276
25.65,0.71510591901925,0.00459759945588812,-0.152681480197537,0.0123816719976745
25.66,0.719876105247529,0.00302679400468088,-0.159919264004701,0.0121249460711714
25.67,0.724020190036733,0.00138156461425294,-0.167132515482448,0.0119384103567409
25.68,0.727662806771002,-0.00034592434839893,-0.174197642119792,0.0118228589277025
25.69,0.730674752479987,-0.00214338728908111,-0.180971234461538,0.0117790548793022
25.7,0.733184836021573,-0.00401577032922836,-0.187333220440121,0.0118053905393319
25.71,0.735065479947846,-0.00594872385228895,-0.193179990249683,0.0118988108683923
25.72,0.736446712089288,-0.00794490134366937,-0.198419956336212,0.012055958305582
25.73,0.737203720279892,-0.00998846875079936,-0.202952650546325,0.0122733113919474
25.74,0.737466669703579,-0.0120797551815036,-0.206658692863864,0.0125466431862605
25.75,0.737115340477144,-0.0142009866149241,-0.209400345379055,0.0128712996574641
25.76,0.736279720419665,-0.0163494404323184,-0.211030271833326,0.0132421930849904
25.77,0.734846255013756,-0.0185048657593909,-0.211387705644843,0.0136542308075779
25.78,0.732945484052149,-0.020660944376525,-0.210293581540886,0.0141023567339719
25.79,0.730473083315731,-0.0227943355201264,-0.207552639509147,0.0145804239535841
25.8,0.727560998301129,-0.0248945717118363,-0.202990095704706,0.0150803363899401
25.81,0.724114996544466,-0.0269355752773194,-0.196509049488001,0.0155903207292249
25.82,0.720266691379838,-0.0289045554094695,-0.188071364874328,0.0160961871856375
25.83,0.715930044595662,-0.0307751617759101,-0.177681272687386,0.0165819321304986
25.84,0.711233903865591,-0.0325343715394786,-0.165392822361649,0.0170300167895779
25.85,0.706098852025122,-0.0341574501786251,-0.151311688514243,0.0174225113580822
25.86,0.700649115984455,-0.0356331262264106,-0.135590268295829,0.0177420443404742
25.87,0.694857634622497,-0.0369429009749287,-0.118420890442549,0.0179723826726871
25.88,0.688702638636029,-0.0380708444617994,-0.100036861518954,0.018099187282748
25.89,0.682299923140758,-0.0390116939214634,-0.0807397287222393,0.0181117130677669
25.9,0.675583509274317,-0.0397527588257776,-0.0608264770403746,0.0180011007756568
25.91,0.668663121743442,-0.0402945163070176,-0.040618909986042,0.0177614967983787
25.92,0.661477451869747,-0.0406309579893593,-0.0204302027283773,0.0173901763078886
25.93,0.654129774026587,-0.0407685955374246,-0.000591500237098338,0.0168870641369793
25.94,0.646562894424009,-0.0407082843939751,0.018580605862205,0.0162550672150315
25.95,0.638873144601772,-0.0404625089384159,0.0367895638494375,0.0154997608256607
25.96,0.631006821244128,-0.0400383533163067,0.053765724572479,0.0146294176153583
25.97,0.623053135313764,-0.0394532954552822,0.0692778089121103,0.0136549572823983
25.98,0.614961684255871,-0.0387194274076494,0.0831166017678194,0.0125895939584646
25.99,0.60681477284303,-0.0378579619293942,0.0951176167063322,0.011447971245951
26,0.598565020806841,-0.0368845826111237,0.105159117972382,0.0102464276856636
26.01,0.590287974361111,-0.0358226102521339,0.113158644712874,0.00900205318500086
26.02,0.581939052971743,-0.0346895881754659,0.119083842093555,0.00773236845674309
26.03,0.57358721198594,-0.0335091820394444,0.122946256822664,0.00645520791902595
26.04,0.565190520006031,-0.0322989660531182,0.124795927825266,0.00518795779418273
26.05,0.556811670814856,-0.0310812802543624,0.124725124607076,0.00394735329683452
26.06,0.548411262747029,-0.0298720991418172,0.122862231558503,0.00274924312782814
26.07,0.540046134034212,-0.0286909566794712,0.119360617090683,0.00160807367647063
26.08,0.531679392173198,-0.0275509676771767,0.114401133591815,0.000536815532756013
26.09,0.523362460347347,-0.0264677990305581,0.108188436969819,-0.000453204002921578
26.1,0.515061016731582,-0.0254507374509327,0.100937061140552,-0.00135275027410892
26.11,0.506821452624607,-0.0245109323652351,0.0928696187255279,-0.00215485171090442
26.12,0.498611863722931,-0.0236534304268829,0.0842150776099937,-0.0028542602188529
26.13,0.490474081780009,-0.0228846440061502,0.0751959267230982,-0.00344781251056275
26.14,0.482394787542302,-0.0222061422157779,0.066026042079229,-0.0039344490124233
26.15,0.474363519910524,-0.0216176125087377,0.0569069416516759,-0.00431509323458036
26.16,0.466415987898078,-0.0211190002330331,0.0480237063835608,-0.00459248916580749
26.17,0.458526420370331,-0.0207056525242645,0.0395402948951863,-0.0047710341630213
26.18,0.450726843661561,-0.0203740774657529,0.0316020373084386,-0.00485651651549588
26.19,0.442993762281632,-0.020116921587199,0.0243298396856507,-0.00485610938346009
26.2,0.435355763429348,-0.0199281164547752,0.0178276896656344,-0.00477801868315309
26.21,0.427791420364525,-0.0197984038336028,0.0121802382840897,-0.0046314068215355
26.22,0.420326106869735,-0.0197199572762145,0.00743978025025354,-0.00442620418887345
26.23,0.41294023451161,-0.0196826032937096,0.00363495475517119,-0.00417261782029956
26.24,0.405656197517016,-0.0196778308103539,0.000773253275051865,-0.00388080525512351
26.25,0.398456237182788,-0.0196954664028541,-0.00115952349392799,-0.00356071140915073
26.26,0.391360197369748,-0.019727165062702,-0.00219459956713765,-0.00322186503221493
26.27,0.384352163703771,-0.0197635217079306,-0.00238232843261807,-0.00287338981782387
26.28,0.377449728797663,-0.0197970768127986,-0.00178417158086352,-0.00252372657945607
26.29,0.370638731830451,-0.019819766087796,-0.000471974531639723,-0.00218057797574373
26.3,0.363934760743373,-0.0198254708454398,0.001474481427977,-0.00185085452672816
26.31,0.357325316358971,-0.0198078277191753,0.00396623944164951,-0.00154058109256204
26.32,0.350824203444472,-0.0197624054661719,0.00690898153323067,-0.00125485776252194
26.33,0.344420453091997,-0.019684799750573,0.0102061545773057,-0.000997860457402741
26.34,0.338126208719236,-0.0195724274057862,0.0137612312075634,-0.000772845020831997
26.35,0.33193182917518,-0.0194228789929207,0.0174794290636466,-0.000582159826088928
26.36,0.325847869115306,-0.0192353895208114,0.0212694854562581,-0.000427273702719164
26.37,0.319865818765671,-0.0190094283990492,0.0250450231811009,-0.000308817660527235
26.38,0.313994704898257,-0.0187458868628253,0.0287258648338157,-0.000226634412126426
26.39,0.308226945875401,-0.0184458824410688,0.0322391863394437,-0.000179828451680029
26.4,0.302570102048278,-0.0181117017384358,0.0355196113109617,-0.000166865531632491
26.41,0.297020391886133,-0.0177458911031813,0.038510294415905,-0.000185644175363119
26.42,0.291574861599382,-0.017351557715111,0.0411643409054089,-0.000233557909260583
26.43,0.286239011476261,-0.0169324569294191,0.0434440020074442,-0.00030758976592457
26.44,0.281006909148703,-0.016492375355197,0.0453203667324542,-0.00040441605894422
26.45,0.275882796007276,-0.0160355954648614,0.0467739700125414,-0.0005204692909394
26.46,0.270861211542259,-0.0155663188696517,0.0477948427698155,-0.000652027447832815
26.47,0.265945245314537,-0.0150889850824346,0.0483818322688485,-0.0007952875216913
26.48,0.261129844689783,-0.0146078470551936,0.0485411320103023,-0.000946452912283728
26.49,0.256417076034001,-0.0141271761048611,0.0482875476277101,-0.00110177747765705
26.5,0.25180226877111,-0.0136509551353033,0.0476427282786775,-0.00125764503158486
26.51,0.247286613147074,-0.0131829951166059,0.0466335663318,-0.00141065156256952
26.52,0.242865813470337,-0.0127267531960504,0.0452934706194664,-0.00155759129355353
26.53,0.238540347880964,-0.012285353213044,0.0436596736617703,-0.00169552583090972
26.54,0.234306331946647,-0.0118615295181201,0.0417718117174204,-0.0018218895214748
26.55,0.230163671861663,-0.0114575823781094,0.0396738761155522,-0.00193442373617847
26.56,0.22610891260567,-0.01107539146629,0.0374111837884095,-0.00203127381904082
26.57,0.222141530924235,-0.0107163387416401,0.0350287348122521,-0.00211100500142448
26.58,0.218258499742303,-0.010381420295811,0.0325705399772394,-0.0021726029150171
26.59,0.214458958128058,-0.0100711261715374,0.0300792547999988,-0.00221546784826254
26.6,0.210740278451507,-0.00978561433924125,0.0275956353226639,-0.00223939895741613
26.61,0.207101324490583,-0.0095245525305193,0.0251579162616243,-0.0022445715078127
26.62,0.203539839455226,-0.00928734816752688,0.0228012347158958,-0.00223150885691112
26.63,0.200054478604614,-0.00907296303593402,0.0205568871321064,-0.00220105995523248
26.64,0.196643329256605,-0.00888018986248189,0.0184522142605871,-0.00215436713490892
26.65,0.193304882130527,-0.00870744039698974,0.0165106608012607,-0.00209281283627008
26.66,0.19003753723693,-0.00855305006887436,0.0147512516792336,-0.00201797571064195
26.67,0.186839675438683,-0.00841505054754756,0.0131881236245374,-0.0019315987268956
26.68,0.183709839343647,-0.00829146317008971,0.0118310299914703,-0.00183552510122096
26.69,0.180646792448186,-0.00818023968310343,0.0106852579263251,-0.00173167448323413
26.7,0.177648822922674,-0.00807918471788924,0.0097521826500952,-0.00162200511440118
26.71,0.174715010286339,-0.00798626737872026,0.00902880389049677,-0.00150845338534097
26.72,0.171843617445395,-0.00789935168702832,0.00850830942731363,-0.00139290396524273
26.73,0.169033952039637,-0.00781654625269579,0.00818049868674217,-0.00127716022619654
26.74,0.166284271685416,-0.00773591956334049,0.00803219365753856,-0.001162915265569
26.75,0.163594078110394,-0.00765584514144248,0.00804767490155007,-0.00105172606205017
26.76,0.160961634097513,-0.00757470602380986,0.00820919641510236,-0.000944991900820306
26.77,0.158386601899726,-0.00749122991805233,0.00849750560263733,-0.00084393817776828
26.78,0.15586725410107,-0.007404185134242,0.00889225346192796,-0.000749604110428566
26.79,0.153403380206017,-0.00731270427937681,0.00937247668452114,-0.000662835052375625
26.8,0.150993263587584,-0.00721597453806065,0.00991707135167975,-0.000584279174939061
26.81,0.148636789328428,-0.0071135472280986,0.0105052226510303,-0.000514388487187596
26.82,0.146332250100562,-0.00700502537170823,0.0111168028428987,-0.000453423387151718
26.83,0.144079600308872,-0.00689035658179257,0.0117330783733924,-0.000401439870101217
26.84,0.141877147651123,-0.00676952383159616,0.0123357831722158,-0.0003583434377018
26.85,0.139724890688874,-0.00664282985395748,0.0129085741984459,-0.000323873227384644
26.86,0.137621142331956,-0.0065105846862452,0.0134371972861383,-0.000297621081252136
26.87,0.135565923739269,-0.00637337191314536,0.0139093051791959,-0.000279061068988902
26.88,0.133557553825725,-0.00623174830472002,0.0143145456620243,-0.000267566055916053
26.89,0.131596055704405,-0.00608650001093666,0.0146444555252304,-0.000262428125518844
26.9,0.129679747826259,-0.00593835301176256,0.0148926005021227,-0.000262875059992493
26.91,0.127808631991537,-0.00578821678031261,0.0150546146233177,-0.000268090157917981
26.92,0.125981019234749,-0.0056369052292548,0.0151282100108902,-0.000277231007507969
26.93,0.124196875432828,-0.00548536868867918,0.0151130757270009,-0.00028944670659518
26.94,0.122454504494283,-0.00533442874313404,0.0150107127951701,-0.000303893772077631
26.95,0.120753432764228,-0.00518497316373651,0.0148242859368909,-0.000319750852451269
26.96,0.119093154085073,-0.00503784647867158,0.0145584417938852,-0.000336232246256147
26.97,0.117471974970119,-0.00489375675176356,0.0142191167416194,-0.000352599847938601
26.98,0.115889757806805,-0.00475345573436955,0.0138133354643026,-0.000368173437904144
26.99,0.11434482574693,-0.00461751357320999,0.0133490020801956,-0.000382339380709737
27,0.112837009754737,-0.00448652066389295,0.0128347033478482,-0.000394557530197295
27.01,0.111364663368565,-0.00436087846033681,0.0122795117795662,-0.000404365888217289
27.02,0.109927596844909,-0.00424099238714487,0.0116929554175582,-0.000411380025108998
27.03,0.108524214602618,-0.0041270765637407,0.0110846970858122,-0.000415292382714713
27.04,0.10715432576189,-0.00401934414555251,0.0104637101534804,-0.000415892232534874
27.05,0.105816400611877,-0.00391783030720595,0.00983887782978958,-0.000413045786799626
27.06,0.104510254128188,-0.00382257061946362,0.0092183513346101,-0.000406696544910899
27.07,0.103234429542002,-0.00373343658721304,0.00861032858203912,-0.000396864381227829
27.08,0.101988750247314,-0.00365030262488773,0.00802200484615691,-0.000383648486494813
27.09,0.10077183481711,-0.00357289781323609,0.00745982790669394,-0.000367213175189638
27.1,0.0995835170431008,-0.00350096675635938,0.00692929949182742,-0.000347777532341613
27.11,0.098422493921384,-0.00343413265990721,0.00643487095777065,-0.000325607011288308
27.12,0.0972886119817709,-0.00337204793312898,0.00598018326857669,-0.000301004166110738
27.13,0.0961806472180635,-0.00331426457694717,0.00556835286532194,-0.000274303855591697
27.14,0.0950984606118341,-0.00326037542935895,0.00520120343377512,-0.000245866391490312
27.15,0.0940409088858356,-0.00320989336699016,0.00488079153416261,-0.000216073468353618
27.16,0.0930078713288784,-0.00316237883448194,0.00460643122018815,-0.000185325205216342
27.17,0.091998284391849,-0.00311735235531547,0.00437689104494215,-0.000154007862648577
27.18,0.0910120328194468,-0.00307440252473513,0.00419024165087893,-0.00012250893128392
27.19,0.0900481159643851,-0.00303308491634616,0.00404458014875503,-9.11796256415807e-05
27.2,0.0891064214469868,-0.00299302949221918,0.00393710513641109,-6.03583210147884e-05
27.21,0.0881860091630973,-0.00295384608352052,0.00386500988866258,-3.03625032130048e-05
27.22,0.0872865756862176,-0.00291520808402615,0.00382555770494048,-1.4742186068791e-06
27.23,0.0864078058679718,-0.00287682441096244,0.00381410450254868,2.60601857305575e-05
27.24,0.0855488478366357,-0.00283840918786106,0.00382776299462423,5.2025898878574e-05
27.25,0.084709589740191,-0.00279975557510876,0.00386219478109151,7.62469087910591e-05
27.26,0.0838892377871225,-0.00276065964635574,0.003913246773536,9.85884406674338e-05
27.27,0.083087683692149,-0.0027209962878844,0.00397671833133911,0.000118956947711614
27.28,0.0823041898633861,-0.00268064652168434,0.00404879264369225,0.000137298328362155
27.29,0.0815386543998251,-0.00263954398447437,0.00412812479974574,0.000153573485323716
27.3,0.0807903988007563,-0.0025976560745029,0.00420533051683541,0.000167785959013565
27.31,0.0800593178791855,-0.00255502483565671,0.00427909785890588,0.00017999130357742
27.32,0.0793447694025904,-0.002511691537116,0.00434588617635673,0.000190277172665786
27.33,0.0786466437638875,-0.00246775886650718,0.00440219542042397,0.000198765533785489
27.34,0.0779643391206823,-0.00242332831147225,0.0044462259144683,0.00020560426070752
27.35,0.0772977418275627,-0.00237854517180981,0.0044761445785212,0.000210958607200153
27.36,0.0766462887961117,-0.00233354698666019,0.0044905639529917,0.000215006663858962
27.37,0.0760098626555283,-0.00228850520201487,0.00448850128929042,0.000217935121162634
27.38,0.0753879349749971,-0.00224357778707293,0.004469376842188,0.000219935948454262
27.39,0.0747803830827642,-0.00219894627804978,0.00443300625369585,0.000221203103711486
27.4,0.0741867097167814,-0.00215477305188476,0.00437958539742478,0.00022192909069375
27.41,0.0736067868150903,-0.00211123440275646,0.00430966456461665,0.000222301553553112
27.42,0.0730401461243755,-0.00206848244780748,0.00422411656610632,0.000222500027593331
27.43,0.072486654029742,-0.00202667491357136,0.00412409778504895,0.000222693016876986
27.44,0.0719458687304702,-0.00198594157864872,0.00401100637031769,0.00022303547347445
27.45,0.0714176517277991,-0.00194641127166518,0.00388644052961969,0.000223666696101764
27.46,0.0709015863142017,-0.0019081823493465,0.003752211226978,0.000224707039640832
27.47,0.0703975292278605,-0.0018713470439998,0.00361020142474344,0.000226257692348861
27.48,0.069905086858439,-0.00183596680505292,0.00346232785241412,0.000228402380892632
27.49,0.0694240584987336,-0.00180209244112769,0.00331052530789946,0.000231205621630528
27.5,0.0689542360121331,-0.00176975488461074,0.00315669397339652,0.000234711582095804
27.51,0.0684952589528445,-0.00173895919945145,0.00300271799068654,0.000238944234545443
27.52,0.0680469769045375,-0.00170970118222925,0.00285038430321374,0.000243909476039797
27.53,0.0676090495071282,-0.00168195086534535,0.00270136751339912,0.000249596333610025
27.54,0.0671813247794795,-0.00165567026768087,0.00255719387251653,0.000255978736587866
27.55,0.0667634823118162,-0.0016307996537218,0.00241922313786693,0.000263017129501879
27.56,0.0663553704414115,-0.00160727357276936,0.00228864004679226,0.000270660229293728
27.57,0.065956689449874,-0.001585008894964,0.0021665253887229,0.0002788500786646
27.58,0.0655672911617744,-0.00156392029411719,0.00205330317940405,0.000287517270393812
27.59,0.0651868950533707,-0.00154391315386137,0.00194982243479079,0.000296583150031374
27.6,0.0648153523541941,-0.00152488771080142,0.00185669442790982,0.000305958051298401
27.61,0.0644523988138728,-0.00150673647901915,0.00177421283925862,0.000315554026353194
27.62,0.0640978881076313,-0.00148935492009384,0.00170233865331676,0.000325278811837914
27.63,0.063751572550208,-0.0014726363430942,0.0016407961684345,0.000335042332438515
27.64,0.0634133083761395,-0.00145648133654092,0.00158915470981162,0.000344759941084238
27.65,0.0630828646534782,-0.00144079214327286,0.00154687015153083,0.000354353344183166
27.66,0.0627601024516249,-0.00142548000559298,0.00151329755168598,0.000363750836271033
27.67,0.0624448081332485,-0.00141046050135615,0.0014876789574432,0.000372888183446444
27.68,0.0621368487515666,-0.0013956597546871,0.00146917598969739,0.00038170878153694
27.69,0.0618360271819407,-0.00138101033483219,0.00145689408477996,0.000390162618587406
27.7,0.0615422151441409,-0.00136645620943234,0.00144987436948366,0.000398205638146648
27.71,0.0612552291431863,-0.00135194870254129,0.00144723328693492,0.000405805767251896
27.72,0.0609749453299324,-0.00133744993848394,0.00144800619738203,0.000412937062371926
27.73,0.0607011926896615,-0.00132293046111019,0.00145121863960196,0.000419581755320368
27.74,0.060433850376576,-0.00130837154208454,0.00145593279491382,0.000425731197584348
27.75,0.0601727578221327,-0.00129376255040568,0.00146126555513419,0.000431385501935156
27.76,0.0599177887452367,-0.00127910203833882,0.00146639850787003,0.000436552810314628
27.77,0.05966881649399,-0.00126439620857655,0.00147058604829726,0.000441248456481281
27.78,0.0594256943223668,-0.0012496579328928,0.00147316534689966,0.000445494078379109
27.79,0.0591883076398902,-0.00123490668126722,0.00147355519348111,0.0004493167137607
27.8,0.0589565174246411,-0.00122016693845311,0.00147126687525024,0.000452747945948468
27.81,0.058730210772346,-0.0012054677244677,0.0014659101530495,0.000455822919897909
27.82,0.0585092551533153,-0.00119084139735167,0.00145718104963023,0.000458579501134261
27.83,0.0582935388128165,-0.00117632281562255,0.00144487044201773,0.00046105731557337
27.84,0.0580829341684277,-0.00116194960867934,0.00142864082804794,0.000463295410490174
27.85,0.0578773289125438,-0.00114775963128758,0.00140879824429527,0.000465334684382063
27.86,0.0576765990758918,-0.00113378844656304,0.00138542487537826,0.000467213652461784
27.87,0.0574806325483017,-0.00112007034507701,0.0013586750463861,0.000468968729973009
27.88,0.0572893086446404,-0.00110663825176253,0.00132873552185767,0.000470634788755678
27.89,0.0571025153253633,-0.00109352253146381,0.00129584749045545,0.000472245259542308
27.9,0.0569201354154361,-0.00108075128557924,0.00126030459501553,0.000473831666735962
27.91,0.0567420580010074,-0.0010683489403684,0.00122244689701585,0.000475423042572927
27.92,0.056568170083624,-0.00105633682973274,0.00118265083974047,0.000477045423700993
27.93,0.0563983628432974,-0.00104473182820711,0.00114131813488509,0.000478721491189224
27.94,0.056232527958656,-0.00103354728386202,0.00109886514871573,0.00048047035278468
27.95,0.0560705595396591,-0.00102279174290574,0.0010557133276646,0.000482307438438547
27.96,0.0559123544312525,-0.00101247018093052,0.00101227979966211,0.0004842444894315
27.97,0.0557578103702827,-0.00100258280381997,0.00096897327163151,0.000486289616621425
27.98,0.0556068298793591,-0.000993123512291411,0.000926690887139919,0.000488445994484928
27.99,0.0554593100885432,-0.000983995242905571,0.000900821150624529,0.000490575607940748
28,0.0553151464318011,-0.00097516846448359,0.000869828910490986,0.000492630849043321
28.01,0.0551469738895607,-0.000981570912345611,-0.00183115584567382,0.000325089436309875
28.02,0.0549210807080271,-0.00101363132168959,-0.00429565661608534,0.000160215219121259
28.03,0.0546367134645296,-0.0010690948253419,-0.00653420734273487,1.62825094591247e-05
28.04,0.0542936610505036,-0.00114569464365943,-0.00854344762287863,-0.000106083111296014
28.05,0.053892698715071,-0.00124104343786191,-0.0103058520902605,-0.000205898089544833
28.06,0.0534355562762485,-0.00135259186946582,-0.011807276694563,-0.000282610327226177
28.07,0.0529248190881093,-0.00147766202131096,-0.0130355676583173,-0.000336259283427965
28.08,0.0523637572708111,-0.00161348192411639,-0.0139851243415171,-0.000367466792777865
28.09,0.051756115867378,-0.00175709350916726,-0.0146185876981654,-0.000377735751040186
28.1,0.0511060070511089,-0.0019052319301614,-0.0149260447861437,-0.000369072968864204
28.11,0.0504179035880519,-0.00205473964905579,-0.0149259360412089,-0.00034356428425936
28.12,0.0496965230446262,-0.00220264578860464,-0.0146378880923297,-0.00030344827648204
28.13,0.0489467388582803,-0.00234618045959414,-0.014081590943158,-0.000251131488994436
28.14,0.0481734594013918,-0.00248276601479907,-0.0132764675307478,-0.000189139430075634
28.15,0.0473815738677104,-0.00261003297401524,-0.0122445101809705,-0.000119952856772246
28.16,0.0465758654068766,-0.00272587513343026,-0.0110166647159649,-4.6192911665499e-05
28.17,0.045760916033041,-0.0028285132851043,-0.0096255112728021,2.96050215110568e-05
28.18,0.0449410497339597,-0.00291649718802751,-0.0081040582774951,0.000105120690482247
28.19,0.0441203177977467,-0.00298869701958531,-0.00648387224836561,0.00017823683360944
28.2,0.0433024374154352,-0.00304431459204249,-0.00479945756588606,0.000246981435211875
28.21,0.0424907710751956,-0.00308288293150044,-0.0030827923221722,0.000309661146965137
28.22,0.0416882908761638,-0.00310425257208131,-0.00136520367136366,0.000364766771066066
28.23,0.0408975662014566,-0.00310858263029988,0.000323471247778043,0.000411074805552305
28.24,0.0401207451905492,-0.00309631485989295,0.00195551495013918,0.000447589428781089
28.25,0.0393595618427005,-0.00306815432839102,0.00350650915462496,0.000473606922561042
28.26,0.0386153321962741,-0.00302503400960925,0.00495424403367917,0.000488640783119812
28.27,0.0378889755704526,-0.00296808391623273,0.00628220018572691,0.00049253076405138
28.28,0.0371810512343949,-0.00289858285798955,0.00747539130454942,0.000485354565511858
28.29,0.0364917793321222,-0.00281795694238934,0.00852003252205378,0.000467384184551541
28.3,0.0358210662475233,-0.00272774865693368,0.00940646312605782,0.000439188055798649
28.31,0.0351685649593954,-0.00262957925939378,0.0101277844524988,0.000401562108266454
28.32,0.0345337095335516,-0.00252512687483235,0.0106796115421951,0.000355469825703371
28.33,0.0339157566775601,-0.00241608852934879,0.0110622881014946,0.0003021097846369
28.34,0.0333138542763711,-0.00230413678768114,0.0112797784581324,0.0002428180050297
28.35,0.0327270678319289,-0.00219088658323351,0.0113390983239714,0.000178985309020174
28.36,0.0321544211389559,-0.00207787286565296,0.0112490530398586,0.000112018898656855
28.37,0.0315949124214896,-0.00196653141331871,0.0110203695891201,4.3314943153381e-05
28.38,0.0310475469048939,-0.00185818440133108,0.010665002800913,-2.57735754892648e-05
28.39,0.030511348762416,-0.00175402364780779,0.0101967693998887,-9.39430231280045e-05
28.4,0.0299853906978198,-0.00165509697092167,0.0096305338735262,-0.00015997931703783
28.41,0.0294687970102636,-0.00156229894040732,0.00898188009280196,-0.000222779490719212
28.42,0.0289607638962366,-0.00147636623992129,0.00826679670209957,-0.000281366537350673
28.43,0.028460557394518,-0.00139787421061257,0.00750141669696927,-0.00033490111735759
28.44,0.0279675279494747,-0.00132723801478819,0.00670168582505967,-0.000382689161399046
28.45,0.0274811031034918,-0.00126471610145875,0.00588288232661776,-0.000424197775608038
28.46,0.0270007927956106,-0.0012104171398082,0.00506002978391298,-0.000459042741008683
28.47,0.0265261864765192,-0.00116430120859513,0.00424746551341549,-0.000486976400590116
28.48,0.0260569584252348,-0.0011261928422748,0.00345821204484534,-0.000507896019811774
28.49,0.0255928554775258,-0.00109579567277533,0.00270352313394271,-0.000521848376241438
28.5,0.0251336986277915,-0.0010727064701443,0.00199376767895627,-0.000528990349293019
28.51,0.0246793751529086,-0.0010564238862861,0.00133819145375579,-0.000529584877206997
28.52,0.0242298424072729,-0.00104636174071081,0.000744533458187402,-0.000523993676899303
28.53,0.0237851087164804,-0.00104186824838474,0.000218633325562363,-0.000512698581501512
28.54,0.0233452348288594,-0.00104223760937416,-0.000234666455066425,-0.000496236795736683
28.55,0.0229103199258658,-0.00104672620869543,-0.000612443217927468,-0.000475221793159937
28.56,0.022480499180233,-0.00105457002730125,-0.000913248414052593,-0.000450306678997079
28.57,0.0220559350373613,-0.00106499812955903,-0.00113721583768568,-0.000422165717988774
28.58,0.0216368132688372,-0.00107725124928339,-0.00128613367346623,-0.000391497321115631
28.59,0.0212233302779756,-0.00109059429257569,-0.00136296848808681,-0.00035900973038097
28.6,0.0208156856914004,-0.0011043242361804,-0.00137099044454534,-0.000325392802300022
28.61,0.0204140837765907,-0.00111777580798209,-0.0013146418569837,-0.000291311499786871
28.62,0.0200187203333106,-0.00113033740913754,-0.00119988599781111,-0.000257409833275734
28.63,0.0196297819806626,-0.00114146089461155,-0.00103334753007019,-0.000224279478415723
28.64,0.0192474386535944,-0.00115066734335171,-0.00082216375749677,-0.000192454497477548
28.65,0.0188718448344236,-0.00115755104922749,-0.000573766549016513,-0.000162405036191643
28.66,0.0185031336870178,-0.00116178097579657,-0.000295631278324442,-0.000134532158129364
28.67,0.0181414186693925,-0.0011631014280334,4.6551651471848e-06,-0.000109171636777454
28.68,0.0177867875730344,-0.00116133238959867,0.000319563150140549,-8.65897510664199e-05
28.69,0.0174393048253432,-0.00115636817136495,0.000641773379624866,-6.69819052679037e-05
28.7,0.017099007583373,-0.00114817445855904,0.000964300360380131,-5.04735463635187e-05
28.71,0.0167659088353069,-0.0011367845009617,0.00128060465384241,-3.71223319538403e-05
28.72,0.0164399947947551,-0.00112229392740024,0.00158470145685146,-2.69216331528189e-05
28.73,0.0161212284394221,-0.00110485470571367,0.00187125492405595,-1.98062393337974e-05
28.74,0.0158095479017817,-0.00108466863928009,0.00213557167386134,-1.56557219716039e-05
28.75,0.0155048708749135,-0.00106198054338331,0.00237368653277403,-1.43003704908706e-05
28.76,0.0152070946701608,-0.00103707024747121,0.00258244950470474,-1.55245415082301e-05
28.77,0.0149160990813026,-0.00101024664251269,0.00275922422204237,-1.90892485603246e-05
28.78,0.0146317462968355,-0.000981838710081723,0.00290245826452737,-2.47169400028328e-05
28.79,0.0143538861870871,-0.000952187483130883,0.00301123279398867,-3.21139590710843e-05
28.8,0.014082355674109,-0.000921639432058741,0.00308530331467678,-4.09747233678548e-05
28.81,0.0138169829538555,-0.000890539814210188,0.00312511385853031,-5.09850343250492e-05
28.82,0.0135575884745469,-0.000859225417659363,0.00313178946776042,-6.18310075873213e-05
28.83,0.0133039882978228,-0.000828019247620865,0.00310692948353627,-7.3207000470127e-05
28.84,0.0130559943790756,-0.000797225544912602,0.00305261916603213,-8.48188706601876e-05
28.85,0.0128134180632395,-0.000767125401198227,0.00297135434519672,-9.63887148244783e-05
28.86,0.0125760706732505,-0.000737973069846665,0.00286596058116805,-0.000107659030380744
28.87,0.0123437657766745,-0.000709993054839174,0.00273950862095079,-0.000118396454725807
28.88,0.0121163201578343,-0.000683378367574848,0.00259523925851953,-0.000128401116664089
28.89,0.0118935523721584,-0.000658288592561641,0.00243652866638526,-0.000137504206172308
28.9,0.0116752858600462,-0.000634848873386084,0.00226689256790504,-0.00014556137261301
28.91,0.0114613508701611,-0.00061314976172026,0.0020897319380539,-0.000152453534418105
28.92,0.0112515870867389,-0.000593247749846146,0.00190841974886565,-0.000158091132978948
28.93,0.0110458438193133,-0.000575166959649768,0.00172609199561362,-0.000162413358516888
28.94,0.0108439815616492,-0.000558901153028422,0.00154569896376327,-0.000165388057049337
28.95,0.0106458713904622,-0.000544415775882791,0.00136996782252564,-0.000167011077827528
28.96,0.0104513956586825,-0.000531650410024123,0.00120136838718561,-0.000167304455422508
28.97,0.0102604471156207,-0.000520521469506775,0.00104208507091792,-0.000166314179828971
28.98,0.010072929225081,-0.000510925218993314,0.000893993695928375,-0.000164107652250608
28.99,0.00988875513494225,-0.00050274091927261,0.000758648013434852,-0.000160770933360848
29,0.00970784768315269,-0.000495834106893133,0.000637272941724464,-0.000156405845495982
29.01,0.00953013902337485,-0.000490059280237994,0.000530912598040631,-0.000151119617368406
29.02,0.00935557269372111,-0.000485262879101888,0.000440044112783262,-0.000145031060102246
29.03,0.00918409884636695,-0.000481289890545331,0.000364657916928147,-0.000138275857914917
29.04,0.00901567286350602,-0.000477985436217114,0.000304828281337983,-0.000130988044553462
29.05,0.00885025740447887,-0.000475193469382549,0.000260548142725158,-0.000123297294903248
29.06,0.00868782019798253,-0.000472761272183719,0.000231247087811708,-0.000115345071842314
29.07,0.00852833078489201,-0.000470543814426717,0.000216023980966483,-0.000107271959144896
29.08,0.00837175977460092,-0.000468406151312617,0.000213797605433388,-9.92102767344745e-05
29.09,0.00821807837779343,-0.000466224826762041,0.000223368436656235,-9.12811812399071e-05
29.1,0.00806725853581547,-0.000463888913656327,0.00024344232745211,-8.35937751323658e-05
29.11,0.00791927250608992,-0.000461300896827129,0.00027264152595876,-7.62447785293759e-05
29.12,0.00777409269623508,-0.000458377414884495,0.000309523154044564,-6.93181596275328e-05
29.13,0.00763169111978534,-0.000455049778840041,0.000352604264654614,-6.28846954073249e-05
29.14,0.00749203906435625,-0.000451264204546962,0.00040039235359116,-5.70018047368214e-05
29.15,0.00735510665670702,-0.00044698182763569,0.000451403291937736,-5.17134183132945e-05
29.16,0.00722086291578172,-0.000442178356509391,0.000504188281037694,-4.70471765113622e-05
29.17,0.00708927573359652,-0.000436843728610547,0.000557384179737809,-4.30191052556935e-05
29.18,0.00696031118115137,-0.00043098080263229,0.000609729389927889,-3.96336097451783e-05
29.19,0.00683393329787396,-0.000424604529504029,0.000660073566810562,-3.68838995183818e-05
29.2,0.00671010398172367,-0.000417740656774095,0.000707392566602371,-3.4752153738226e-05
29.21,0.00658878316124234,-0.000410424472945954,0.000750790051898372,-3.32104177653898e-05
29.22,0.00646992894134879,-0.000402699499158323,0.000789504232100545,-3.22219055581013e-05
29.23,0.00635349778103755,-0.000394616099419681,0.000822914483054384,-3.17424200888894e-05
29.24,0.00623944464510018,-0.00038623005385177,0.000850544552945733,-3.1721780119447e-05
29.25,0.00612772316598598,-0.000377601108486095,0.000872062180305478,-3.21052232923953e-05
29.26,0.00601828581226371,-0.000368791574302284,0.000887271260370801,-3.28349773196155e-05
29.27,0.00591108398409101,-0.000359864969557629,0.000896115661591218,-3.3851407190205e-05
29.28,0.00580606831102326,-0.000350884621589983,0.000898670428116648,-3.50941573174431e-05
29.29,0.00570318876502096,-0.000341912494137414,0.000895120617016321,-3.65038150666121e-05
29.3,0.00560239485378133,-0.000333008166324282,0.000885748084879259,-3.80226619018067e-05
29.31,0.00550363576725399,-0.000324227850808245,0.000870930023200812,-3.95957970654604e-05
29.32,0.00540686050564787,-0.000315623666766869,0.000851102390025694,-4.11720056903575e-05
29.33,0.00531201813943927,-0.000307242912821187,0.000826783669799748,-4.27033487982121e-05
29.34,0.00521905819740454,-0.000299127385909222,0.000798547011776971,-4.41464305818821e-05
29.35,0.0051279308325789,-0.000291312940528881,0.000767001078398754,-4.54630110613824e-05
29.36,0.00503858708333116,-0.000283829211955807,0.00073277713290415,-4.66203324118313e-05
29.37,0.00495097899985453,-0.000276699459195659,0.000696515462637808,-4.75913265491839e-05
29.38,0.00486505987816699,-0.000269940551180356,0.000658852780238757,-4.83547013547077e-05
29.39,0.00478078434573792,-0.000263563061106553,0.000620410576230026,-4.88949127337242e-05
29.4,0.00469810855013275,-0.00025757148303699,0.000581784588871506,-4.92020315349378e-05
29.41,0.00461699024278506,-0.000251964539331714,0.000543535447698326,-4.9271515463153e-05
29.42,0.00453738881417465,-0.000246735610185391,0.000506172365993307,-4.91041826927332e-05
29.43,0.00445926519331508,-0.000241873186185356,0.000470173354716315,-4.87065121769053e-05
29.44,0.00438258171523831,-0.00023736128940457,0.000435953558134967,-4.80893244024614e-05
29.45,0.00430730224057285,-0.000233180081980082,0.000403876043760953,-4.72669644863646e-05
29.46,0.00423339221611929,-0.000229306446264841,0.000374238696243165,-4.6256500287422e-05
29.47,0.00416081887295139,-0.000225714649359721,0.00034727537969766,-4.5077147419121e-05
29.48,0.00408955132511135,-0.000222376965545485,0.000323151608089844,-4.3749291142635e-05
29.49,0.00401956079029109,-0.000219264399337173,0.000301975024694304,-4.22941011298183e-05
29.5,0.00395082090924337,-0.000216347031662671,0.000283807206029053,-4.07318408901953e-05
29.51,0.00388330751127874,-0.000213595079566018,0.000268586540781991,-3.90858707407782e-05
29.52,0.00381699819053605,-0.000210979412373358,0.000256250257034892,-3.73782609193339e-05
29.53,0.00375187235281604,-0.000208471731585106,0.000246687477078868,-3.56319285994103e-05
29.54,0.0036879105400347,-0.000206044963816805,0.000239785313376372,-3.38695542944032e-05
29.55,0.00362509459378479,-0.000203673261422924,0.000235390005894874,-3.21131067522091e-05
29.56,0.00356340696707758,-0.000201332787074765,0.000233270093872617,-3.03850982217764e-05
29.57,0.00350283039672838,-0.000199002221537807,0.000233162562731221,-2.87062555171665e-05
29.58,0.00344334777714117,-0.000196662924131167,0.000234797170527347,-2.70946014870683e-05
29.59,0.00338494225022146,-0.000194298968712034,0.000237902258100492,-2.55653232475648e-05
29.6,0.00332759716115216,-0.000191897142433913,0.000242206469506957,-2.4130895496375e-05
29.61,0.00327129609455845,-0.000189446942012967,0.000247439809663393,-2.28012249608382e-05
29.62,0.00321602276848676,-0.000186940542892965,0.000253336324223936,-2.15837462377839e-05
29.63,0.0031617610333905,-0.000184372741629282,0.000259638018030568,-2.04834876829417e-05
29.64,0.00310849478170638,-0.000181740830979615,0.000266102765557341,-1.95029779822784e-05
29.65,0.00305620805138762,-0.000179044475695631,0.000272497087106178,-1.86421605413662e-05
29.66,0.00300488497928963,-0.000176285557681132,0.000278609370702921,-1.78988480096673e-05
29.67,0.00295450976486933,-0.000173467993040784,0.000284245699464322,-1.72694085762713e-05
29.68,0.00290506648955446,-0.000170597443558495,0.000289244716562726,-1.67488986394793e-05
29.69,0.0028565390339681,-0.000167681058454294,0.000293470174179197,-1.63310576459875e-05
29.7,0.00280891111331893,-0.000164727191287546,0.000296813543719691,-1.60083207968298e-05
29.71,0.00276216627573422,-0.00016174514469598,0.000299190760369999,-1.57719839609622e-05
29.72,0.00271628799460277,-0.000158744930113939,0.000300541969782176,-1.56124621896463e-05
29.73,0.00267125966719384,-0.000155737023308024,0.000300831446149291,-1.5519562206522e-05
29.74,0.00262706469048712,-0.00015273212849266,0.000300046954727739,-1.54827372206905e-05
29.75,0.00258368642321116,-0.000149740973680456,0.000298190477013383,-1.54917083386487e-05
29.76,0.00254110806237939,-0.000146774162946511,0.000295294024108517,-1.55365385624534e-05
29.77,0.00249931292551864,-0.000143841678082444,0.000291432246979403,-1.56062450828963e-05
29.78,0.00245828448933594,-0.000140952910472335,0.000286650496915807,-1.56917528121368e-05
29.79,0.00241800616034471,-0.000138116716249305,0.000281016744734888,-1.57841590955265e-05
29.8,0.00237846153858179,-0.000135341117107187,0.000274624065880621,-1.58746179568457e-05
29.81,0.00233963449584973,-0.000132633139763357,0.000267575485510218,-1.59550472964746e-05
29.82,0.00230150924012129,-0.000129998749719181,0.000259979647337497,-1.6018343053869e-05
29.83,0.00226407030076992,-0.000127442810734011,0.000251947381003368,-1.60584478424841e-05
29.84,0.00222730257134618,-0.000124969073819532,0.00024359021285251,-1.60703619842122e-05
29.85,0.00219119129486955,-0.000122580178626799,0.000235018572704828,-1.60501392158256e-05
29.86,0.00215572210386306,-0.000120277675442294,0.000226340049444317,-1.59948685279681e-05
29.87,0.00212088100782548,-0.000118062061551179,0.000217657688078088,-1.59026426125386e-05
29.88,0.00208665442741296,-0.000115932836823261,0.000209068425083904,-1.57725127185377e-05
29.89,0.00205302917848815,-0.000113888572297744,0.000200661313861039,-1.56044288495904e-05
29.9,0.00201999249975593,-0.000111926992674583,0.000192518036859246,-1.53991716449378e-05
29.91,0.00198753203215407,-0.000110045059631841,0.000184709427572209,-1.51582772624751e-05
29.92,0.00195563583892433,-0.000108239082029418,0.00017729663353206,-1.48839403696419e-05
29.93,0.0019242923815721,-0.000106504815058035,0.000170330128710995,-1.4578925033169e-05
29.94,0.00189349053078303,-0.000104837567501392,0.000163850331532576,-1.42464456110646e-05
29.95,0.00186321961784941,-0.000103232266872756,0.000157892529892406,-1.38896393338615e-05
29.96,0.00183346943415774,-0.000101683625446034,0.000152466159412188,-1.35123779582474e-05
29.97,0.00180423016095244,-0.000100186294940039,0.000147577597639968,-1.31184710115991e-05
29.98,0.00177549241165131,-9.87348755636582e-05,0.000143229661845747,-1.27116640354365e-05
29.99,0.00174724722874409,-9.73239875870438e-05,0.000139415994638703,-1.22958594955906e-05
30,0.00125178808875326,-0.00358494614876365,0.000136114243024825,-1.18754127513402e-05
30.01,0.000602429173284236,-0.00591795532701412,-0.00295990686843254,-0.00030502262689202
30.02,-0.00036299119793437,-0.00824312136616423,-0.00524324989880057,-0.000589803778860935
30.03,-0.0016308468855657,-0.0105935837280406,-0.00635441245046874,-0.000819660676650274
30.04,-0.00319841967908019,-0.012902963482603,-0.00604474045941615,-0.000987517201243266
30.05,-0.00513368405658188,-0.0152690724350468,-0.00413572331598456,-0.00109185806732378
30.06,-0.00753745635566005,-0.0176267112565585,-0.000537772416601284,-0.00113654093628323
30.07,-0.0105246049640675,-0.0201041601636457,0.00475426000069138,-0.00112968970436197
30.08,-0.01422157108696,-0.0225978840532737,0.0116786660423252,-0.00108223880687971
30.09,-0.0187463079193915,-0.0252518509222168,0.0201401880132816,-0.00100570328301009
30.1,-0.0242183422071367,-0.0279150789913106,0.0300692620925068,-0.000913215090881811
30.11,-0.0307108488714789,-0.0307389611105071,0.0413032345588369,-0.000816231764722711
30.12,-0.0383167741273791,-0.033525462678843,0.0536706005786167,-0.000725043893516398
30.13,-0.047042679201402,-0.0364414374006169,0.0669570170179477,-0.00064872613495963
30.14,-0.056974656234706,-0.0392533144840191,0.0809896151947422,-0.000595573355570733
30.15,-0.0680517612169371,-0.0421522632632611,0.0956223468829961,-0.000572645117084299
30.16,-0.0803846848170053,-0.0448782212232371,0.11065790540931,-0.000587077663565624
30.17,-0.0938399112408224,-0.0476524495559013,0.125905818047669,-0.00064456611694905
30.18,-0.1085821988123,-0.0501939336606757,0.14118261981017,-0.000750965114089761
30.19,-0.124396037654273,-0.0527565269273558,0.15628165561517,-0.000912244305399498
30.2,-0.141526132212099,-0.0550405971331668,0.171001491039225,-0.0011329043167072
30.21,-0.159658451235321,-0.0573318277477849,0.185157454010816,-0.00141541945952952
30.22,-0.179137031111582,-0.0593114020546604,0.198668879923038,-0.00176066826126917
30.23,-0.199527712002677,-0.0612934358909616,0.211445023804186,-0.00216684082597124
30.24,-0.221290729799603,-0.0629387816949052,0.223416219152434,-0.00263118342372415
30.25,-0.243850820520589,-0.0645878493848691,0.234543433085238,-0.00314906224417522
30.26,-0.267802107031308,-0.0658809750052361,0.244799151714507,-0.00371538889390443
30.27,-0.292410191385117,-0.0671831504984167,0.254167077613795,-0.00432545795481602
30.28,-0.318422033557052,-0.0681148840572156,0.262629760835783,-0.00497535278016819
30.29,-0.344930093089505,-0.0690652195896022,0.27010297170527,-0.00566177739208249
30.3,-0.372304798913181,-0.0698446806265654,0.276503597308436,-0.00638214719276019
30.31,-0.401102172347196,-0.0702437597789572,0.281788174296157,-0.0071320342815671
30.32,-0.430130009690405,-0.0706873642414597,0.285959525153659,-0.00790492881185481
30.33,-0.460594044532209,-0.0707505699097463,0.289072988528633,-0.0086937733194068
30.34,-0.491096250792762,-0.0708776899349428,0.291185848926763,-0.00949056320086768
30.35,-0.523050744007968,-0.0706260415931809,0.292378472186008,-0.0102863806344539
30.36,-0.55484580262399,-0.07045766918674,0.292743471530157,-0.0110736322535312
30.37,-0.587192674456332,-0.0701516580001788,0.292364987293294,-0.0118455200145219
30.38,-0.621029323110232,-0.0694691188675141,0.29132550226674,-0.0125971932204321
30.39,-0.654409359807214,-0.0688974144925732,0.289669435657244,-0.0133255736988314
30.4,-0.688217023728337,-0.0682024314288287,0.287415972035137,-0.0140283891209535
30.41,-0.72357434948648,-0.0671343255662401,0.284582096166444,-0.0147032044439788
30.42,-0.758187478366486,-0.0662040152278586,0.281227263940305,-0.0153473555311905
30.43,-0.794403261021513,-0.0649042274609398,0.277418763723893,-0.0159571945648104
30.44,-0.829689391971597,-0.0637578092060404,0.273223325112131,-0.0165287676421706
30.45,-0.865235434655871,-0.0625112970014689,0.268708989008682,-0.0170583814388292
30.46,-0.902478506608016,-0.0608980135256742,0.263943099625606,-0.0175430136503252
30.47,-0.938520670305674,-0.0594574559802292,0.258985516715537,-0.0179802513796044
30.48,-0.974739484734732,-0.0579253350785153,0.25388651122289,-0.0183682835744182
30.49,-1.01276346919169,-0.0560264315304843,0.248690655562145,-0.0187060677808576
30.5,-1.04932451233469,-0.0543140980558122,0.243433612721545,-0.018993316452122
30.51,-1.08599132732248,-0.0525153310653775,0.238147729105517,-0.0192301928561146
30.52,-1.12458466457493,-0.0503483490012305,0.232891736284075,-0.0194154354615209
30.53,-1.16146321272293,-0.0483768509500745,0.227700441317884,-0.0195494779910722
30.54,-1.19838741242516,-0.0463206501098302,0.222584957117686,-0.0196339993021068
30.55,-1.23533990546866,-0.0441798542961125,0.217558614812706,-0.0196706432482102
30.56,-1.27439739405981,-0.0416666002687914,0.21263804252131,-0.0196610904975786
30.57,-1.31142003791938,-0.0393548686358862,0.207842150849126,-0.0196070767224094
30.58,-1.34841923096443,-0.0369575061749077,0.203190798823817,-0.0195105370100748
30.59,-1.38765148205873,-0.0341842995298401,0.19870516003502,-0.0193735175340842
30.6,-1.42458651368502,-0.0316105084351399,0.194395305764368,-0.0191981674745368
30.61,-1.46140039250018,-0.0289454922651937,0.190277767499977,-0.0189869971703969
30.62,-1.50050389862524,-0.025898158118263,0.186364974687466,-0.0187424930896189
30.63,-1.53695247446771,-0.023040440972148,0.182667070364982,-0.0184671444137085
30.64,-1.57304606607419,-0.020079463984403,0.179199565913175,-0.0181635815570236
30.65,-1.60863777731797,-0.0170087537104997,0.175983040038083,-0.0178349178682016
30.66,-1.64622895241519,-0.0135365493136981,0.173031763793991,-0.0174842749816911
30.67,-1.68022032677606,-0.0102231050047115,0.170356439615862,-0.017114790560879
30.68,-1.7129762566047,-0.00677555404529702,0.16796051826817,-0.01672933961112
30.69,-1.74705643580561,-0.00290926423694485,0.165847247401765,-0.0163307355026271
30.7,-1.77649339916413,0.000822899830703189,0.164011722651498,-0.0159217889860385
30.71,-1.80380789778389,0.00470229112368484,0.162454156788771,-0.0155052670680358
30.72,-1.83171309859405,0.00899737086621452,0.16118087730599,-0.0150841886889891
30.73,-1.85407584017555,0.0131618792324204,0.160209254870677,-0.0146607994295556
30.74,-1.87364673056437,0.0174618470210704,0.159600129123175,-0.0142344886040847
30.75,-1.89331538784542,0.0221487937532972,0.159378180056052,-0.0138071970747882
30.76,-1.90696621454918,0.0266886562305575,0.159562210070035,-0.0133816106532283
30.77,-1.92061133186958,0.0315836110226149,0.160185647099269,-0.0129597365168913
30.78,-1.92104420040613,0.0353883626594491,0.161300894627462,-0.0125431220217522
30.79,-1.91605899587832,0.0390336580107567,0.162965821099849,-0.0121329146825441
30.8,-1.91174779923079,0.0430002521620103,0.165224448616729,-0.0117309175578601
30.81,-1.90524623390499,0.0470405178895077,0.168073910147412,-0.0113411735802944
30.82,-1.89384996417828,0.0509318902253236,0.171435760403349,-0.0109711925817143
30.83,-1.88349545940992,0.0551139300395797,0.175251425818135,-0.0106267732130874
30.84,-1.87147198158033,0.0593555092066369,0.17949583555717,-0.010310779466772
30.85,-1.85525307215636,0.0634512319589619,0.184119736546503,-0.010026571046353
30.86,-1.8404613561192,0.0678023487099916,0.188946795692551,-0.00978243483442678
30.87,-1.82447494267125,0.0721941523264565,0.193503854161338,-0.00959971691222614
30.88,-1.80740271503818,0.076614338942997,0.19722505047505,-0.0094994525287297
30.89,-1.78684872889534,0.0808708729415085,0.199567436658127,-0.00949781306139359
30.9,-1.76789305455791,0.0852986068790779,0.199720020724998,-0.00961608503806074
30.91,-1.74804928030812,0.0896845552681334,0.196612752983954,-0.00988417737066602
30.92,-1.72505652172062,0.09382959394261,0.189282177299051,-0.0103201903678729
30.93,-1.703628881317,0.0980079607321659,0.177117544710833,-0.0109101261817714
30.94,-1.68144455198617,0.102003369251882,0.159795046771603,-0.0116165580627176
30.95,-1.65641085931297,0.105621011757356,0.137295757593724,-0.0123905756582039
30.96,-1.63289681045263,0.109097917680082,0.109839472835199,-0.0131771880399031
30.97,-1.6087578669676,0.112238607783346,0.0778726561812265,-0.0139202585403604
30.98,-1.58207990937971,0.114874901050837,0.0420801028276203,-0.0145641153773498
30.99,-1.55689856260093,0.117229981488212,0.00335864931677291,-0.0150569072556407
31,-1.5312462244226,0.119148176621757,-0.0372944566111394,-0.0153558411034191
31.01,-1.5033803937634,0.120503770821809,-0.0789141924084441,-0.0154299098119103
31.02,-1.47699910483864,0.121519394377656,-0.120601694194863,-0.015263017881016
31.03,-1.45030337600154,0.122082359947417,-0.161524575858404,-0.0148521330464065
31.04,-1.42171537887782,0.122106449489187,-0.200969474011916,-0.0142067594094464
31.05,-1.39460110868414,0.121809567814394,-0.238360839538399,-0.013346151610494
31.06,-1.36732937042579,0.121112405811906,-0.273236260498058,-0.01229443463998
31.07,-1.3384853647774,0.119956946499817,-0.305251969968078,-0.0110779958634622
31.08,-1.31111017709792,0.118547569456824,-0.334158176723953,-0.00972235758860286
31.09,-1.28236855905742,0.1167496535083,-0.359777732138517,-0.0082504382154506
31.1,-1.25508416913538,0.114755573412394,-0.38196956692063,-0.00668139903849129
31.11,-1.22788216670909,0.112519285756257,-0.400552835044876,-0.00502648197130657
31.12,-1.1995871525329,0.110010605458032,-0.415576005713893,-0.00330501316667692
31.13,-1.17270047674213,0.10740035307448,-0.427253734734142,-0.00154131803874126
31.14,-1.1448779922135,0.104590914370787,-0.435871549632644,0.000243746494880105
31.15,-1.11841602394273,0.101734310083331,-0.441642272775101,0.0020302266472984
31.16,-1.09217691774636,0.0987949092715993,-0.444771256378745,0.0037975728532304
31.17,-1.06521320546845,0.095748243742042,-0.445431281352287,0.00552720151456083
31.18,-1.03952863364502,0.0927212300706156,-0.443806305730918,0.00720148037303643
31.19,-1.01324982308934,0.0896384672457168,-0.440042305504856,0.00880338587485623
31.2,-0.988195381742913,0.0866121200525052,-0.434265926448495,0.0103178650717202
31.21,-0.96267232284731,0.0835754028422147,-0.426638593453618,0.0117335050492445
31.22,-0.938318713073612,0.0806263958718774,-0.417308990662827,0.013043639679819
31.23,-0.914317899272351,0.0777394568156671,-0.40647443250873,0.0142424683216651
31.24,-0.890022191904755,0.0748971839071655,-0.394330577086803,0.0153277204754002
31.25,-0.866811219110165,0.0721767400469565,-0.381041067234757,0.0162968072143292
31.26,-0.843411082258699,0.0695281324119641,-0.366736137126011,0.0171461759826843
31.27,-0.821040589735064,0.0670166672066313,-0.351534187625938,0.0178720063581652
31.28,-0.798584676714484,0.0645985862896902,-0.335577696327142,0.0184704987972791
31.29,-0.777110225883754,0.0623279053386628,-0.319031689949821,0.0189391482562167
31.3,-0.755649339639884,0.0601652811767151,-0.302173296489596,0.0192798019624266
31.31,-0.735120419134166,0.0581521882492837,-0.28523354288277,0.0194956968889901
31.32,-0.714691451111808,0.0562522004414013,-0.268389662513701,0.0195927484787196
31.33,-0.695142065714469,0.0544960671877549,-0.251824989963998,0.0195769408881711
31.34,-0.676075671445361,0.0528629553050191,-0.235715850968525,0.0194532823192915
31.35,-0.65721679573201,0.0513366955148774,-0.220239616689607,0.0192271118954352
31.36,-0.639157252471682,0.0499334919376845,-0.205559105165027,0.0189043600510859
31.37,-0.621363389346293,0.0486244351444932,-0.191809697195095,0.0184922065252713
31.38,-0.60431553369834,0.0474177397623243,-0.179108084092977,0.0179989649459989
31.39,-0.587581029255551,0.0462875394177253,-0.167543626873701,0.0174335050039707
31.4,-0.571539512547332,0.0452357819446522,-0.157158412282016,0.0168047927463199
31.41,-0.555848393243318,0.0442403743035638,-0.147982541309305,0.0161226970167041
31.42,-0.540797297919536,0.0432987507745819,-0.140015756719608,0.0153970607362484
31.43,-0.526123084731426,0.0423929686113838,-0.133241150106555,0.0146383676127654
31.44,-0.512036422951294,0.0415173591662092,-0.127612581744874,0.0138567803338388
31.45,-0.498343619122007,0.0406585423750593,-0.123060452103016,0.0130623077521515
31.46,-0.48518791619227,0.0398092008698714,-0.11949492946899,0.0122642165283593
31.47,-0.472435868559238,0.0389607923072505,-0.116821617470966,0.0114717098646263
31.48,-0.460172500431677,0.0381054040128182,-0.114923433041701,0.0106929012906427
31.49,-0.448314734892275,0.0372394038444502,-0.113682532464345,0.0099353960419674
31.5,-0.436898761068779,0.0363550825758147,-0.112979594971942,0.00920592796386518
31.51,-0.425885804006066,0.035453273336989,-0.112691071228032,0.00851001519271702
31.52,-0.415272265944957,0.0345268813758455,-0.112694669919176,0.00785225716111091
31.53,-0.405056681997189,0.0335808255478979,-0.112868818620446,0.00723652878208669
31.54,-0.395203295325642,0.0326088687068126,-0.113102343248553,0.00666534302059511
31.55,-0.385742314348775,0.0316193594317519,-0.113294010925326,0.0061399261384695
31.56,-0.376612422690934,0.0306068559762512,-0.113350461973957,0.00566081106134438
31.57,-0.367869853166571,0.0295824403376661,-0.113187310400637,0.00522799195002291
31.58,-0.359432134643503,0.0285413800907804,-0.112736978238054,0.00484026178611585
31.59,-0.351327812020957,0.0274921567994373,-0.11194050753612,0.00449574183027491
31.6,-0.343601917494535,0.0264442130412448,-0.110750657749998,0.00419219142335335
31.61,-0.336147549912102,0.0253934739176009,-0.109135489780503,0.00392661663240942
31.62,-0.32906302761509,0.0243545759457489,-0.107076692289045,0.00369571447567825
31.63,-0.322229023779144,0.0233234547979928,-0.104571911768804,0.00349567736503256
31.64,-0.315753058175101,0.0223148770537495,-0.101630563455118,0.00332262636690516
31.65,-0.309505992232983,0.0213244536853497,-0.0982695533934443,0.00317282691721904
31.66,-0.303600778555134,0.0203665059952214,-0.0945207716866702,0.00304230085723482
31.67,-0.297901333779102,0.0194360419803174,-0.0904211673949919,0.00292726547115093
31.68,-0.292523785847452,0.018546408166013,-0.0860194068633322,0.00282389522721085
31.69,-0.287328031502877,0.0176917615588743,-0.0813700502262207,0.00272872497348774
31.7,-0.282431380645988,0.0168840770558129,-0.0765303497478178,0.00263877562020026
31.71,-0.277692094019132,0.0161165584496134,-0.0715604657543721,0.00255134116346848
31.72,-0.273227447381691,0.0153996143604662,-0.066519493759373,0.00246397631550652
31.73,-0.268896750007947,0.0147255133478484,-0.0614662231264854,0.0023746211483085
31.74,-0.264816525022058,0.0141030473052892,-0.0564583959346209,0.00228160808936916
31.75,-0.260849002571376,0.0135236276029548,-0.0515505004956611,0.00218388812460621
31.76,-0.257108981939508,0.012994493209941,-0.0467908869364246,0.00208077122619424
31.77,-0.253462770341956,0.0125064145947251,-0.0422231198846443,0.0019718645885309
31.78,-0.250022713638929,0.0120652726071428,-0.0378839359209456,0.00185704746391033
31.79,-0.246659984706373,0.0116616133351795,-0.0337566241210311,0.00173835894605934
31.8,-0.243482942885802,0.0113009893915695,-0.0298481275840253,0.0016166307007557
31.81,-0.240368272695148,0.0109738709165365,-0.0262420812966551,0.00148876066567524
31.82,-0.23742169498297,0.0106841366637029,-0.0229537565758828,0.00135547806985651
31.83,-0.234526092543637,0.010422168403541,-0.0199919948850202,0.00121797980644126
31.84,-0.231783047658638,0.0101911754800712,-0.0173603642006325,0.00107755443507397
31.85,-0.229081352127237,0.00998186421336072,-0.0150570847259455,0.000935554287710142
31.86,-0.226468670191178,0.00979422590981929,-0.0130739459573943,0.000793324052473453
31.87,-0.223987537623518,0.00962790286540001,-0.0113983405224149,0.000652209563655949
31.88,-0.221535737170859,0.0094745128723529,-0.010014709210933,0.000513402683805591
31.89,-0.219202866189804,0.00933660138784858,-0.00890078271418742,0.000378080393045591
31.9,-0.216892811111929,0.00920659438499374,-0.00803374182938474,0.000247240274051984
31.91,-0.214690230128932,0.00908708216147722,-0.00739019524092315,0.000121745080598793
31.92,-0.212505167729091,0.00897133609998039,-0.00694553752568202,2.36046022836278e-06
31.93,-0.210417396942459,0.00886204153054251,-0.0066746192578415,-0.000110277470312075
31.94,-0.208343075890335,0.00875333373651764,-0.00655137665306041,-0.000215674419359394
31.95,-0.206357169264864,0.00864804681488648,-0.00654869560655205,-0.000313448035465522
31.96,-0.204381812964879,0.00854119096494055,-0.00664111390133094,-0.000403355772104217
31.97,-0.202487232518672,0.00843575224802672,-0.00680478070523867,-0.000485248567740167
31.98,-0.200601308334921,0.00832753874144434,-0.00701853569708573,-0.000559105399046717
31.99,-0.198789598576543,0.0082196241285049,-0.00726277244865349,-0.000624988816005752
32,-0.196985435188326,0.00810851785499222,-0.0075197626178042,-0.000683043895112574
32.01,-0.195249780711153,0.00799732534330095,-0.00777404422103955,-0.000733509044467027
32.02,-0.193521091617287,0.00788316034845593,-0.00801237066821707,-0.000776714868824604
32.03,-0.191855837433298,0.00776909036479616,-0.008223773972336,-0.000813069735839991
32.04,-0.190197280243497,0.00765272822388497,-0.0083994908433588,-0.000843045811070964
32.05,-0.188597522789587,0.00753703327783616,-0.00853286468219032,-0.00086716571259029
32.06,-0.187004323652287,0.0074200161138626,-0.00861922904478917,-0.000885989374132692
32.07,-0.185465571193149,0.00730446443603752,-0.00865576713334099,-0.000900101240192953
32.08,-0.183933246085541,0.00718869430150315,-0.00864137429357905,-0.000910098247568581
32.09,-0.182451199592336,0.00707526881055962,-0.00857643908984534,-0.000916578509365851
32.1,-0.180975373685403,0.006962729964657,-0.00846273068085838,-0.000920130419325703
32.11,-0.179545789438661,0.00685337423255458,-0.00830358870281993,-0.000921344813847732
32.12,-0.178122145722194,0.00674589840456361,-0.00810277873240805,-0.00092079040663216
32.13,-0.176723437865906,0.006641574753343,-0.00786453821472185,-0.000918985237140728
32.14,-0.175365229332451,0.0065414194393813,-0.00759443424520197,-0.00091642550718501
32.15,-0.174012475888773,0.00644428446408417,-0.00729873924129742,-0.000913553250041042
32.16,-0.172696677568688,0.00635170783237742,-0.00698374293332522,-0.000910749669437623
32.17,-0.171386051763086,0.00626259631761491,-0.00665538071097513,-0.000908333070425547
32.18,-0.170109085598364,0.0061781946605175,-0.00631924831676707,-0.000906562136855873
32.19,-0.168837067631307,0.00609746300002493,-0.00598052534693835,-0.000905614122971084
32.2,-0.167595703015241,0.00602137643017266,-0.00564501319055879,-0.000905632428445451
32.21,-0.16635914189291,0.00594893434271145,-0.00531801621791942,-0.000906697291090778
32.22,-0.165150516976819,0.00588085826293916,-0.00500425667269053,-0.000908837950354517
32.23,-0.163946633820752,0.00581619181664562,-0.004707744381495,-0.000912035387096404
32.24,-0.162768244646527,0.00575544222165666,-0.00443184754136268,-0.000916231620960188
32.25,-0.161594603269323,0.00569771132902753,-0.00417934947574834,-0.00092134310097941
32.26,-0.16044426644007,0.00564333001254047,-0.00395237346999965,-0.000927255611678012
32.27,-0.159298740462122,0.00559147116334467,-0.00375256056907382,-0.000933837700699755
32.28,-0.158174559325712,0.00554232390449497,-0.00358099229683275,-0.000940943427794453
32.29,-0.157055293778324,0.00549514333674475,-0.00343812291544254,-0.000948422007317608
32.3,-0.155955634151976,0.00545001126562491,-0.00332375424238429,-0.000956123908713689
32.31,-0.154861053321472,0.00540628038065084,-0.00323700678554322,-0.000963898745302575
32.32,-0.153784540804258,0.00536396127166154,-0.00317668995338475,-0.000971603400570294
32.33,-0.152713292417205,0.00532251484958011,-0.00314129191422473,-0.000979110587304368
32.34,-0.151658749659468,0.0052819048508141,-0.00312872920565725,-0.000986299766576701
32.35,-0.150609688529128,0.00524170868704064,-0.00313663646365564,-0.000993069143602766
32.36,-0.149576150766329,0.00520186770378926,-0.0031625003218061,-0.000999338614830416
32.37,-0.148548355670087,0.00516207723111211,-0.00320374464342224,-0.00100505004641064
32.38,-0.147535076659079,0.0051222688292815,-0.00325774465916485,-0.00101016451608376
32.39,-0.146527858323584,0.0050822504242275,-0.00332188684994801,-0.00101466125286309
32.4,-0.145530891790571,0.00504195299886539,-0.00339368420235596,-0.00101853982433313
32.41,-0.144547298751309,0.00500128113225993,-0.00347068991951103,-0.00102182281619452
32.42,-0.1435703869849,0.00496019642408991,-0.00355030863697102,-0.00102453491418444
32.43,-0.142606322857349,0.00491863076563872,-0.00363043127430109,-0.00102672196885676
32.44,-0.141649434452299,0.00487663300046401,-0.0037091972031217,-0.00102843668035632
32.45,-0.140705003558327,0.00483413272243466,-0.00378492605692401,-0.00102973218212336
32.46,-0.139768265417782,0.00479125202911652,-0.00385598649059742,-0.00103065398210316
32.47,-0.138843702608236,0.00474791601641518,-0.00392127215120107,-0.00103126051728742
32.48,-0.137927342154892,0.00470430536224602,-0.0039797465507344,-0.00103160519875378
32.49,-0.137022936088593,0.00466033525084559,-0.00403047480074903,-0.00103173295523579
32.5,-0.136127197420267,0.0046162345297251,-0.00407278724785905,-0.00103168665448472
32.51,-0.135243209860368,0.0045719054632834,-0.00410624932963037,-0.00103150639241538
32.52,-0.134368280388749,0.00452761151169654,-0.00413068939890516,-0.00103122567567345
32.53,-0.133504885800239,0.00448323564336344,-0.00414619120042807,-0.00103087567829008
32.54,-0.132650847778038,0.00443906203580643,-0.00415305448394852,-0.00103048319277699
32.55,-0.131808097839599,0.00439494883596483,-0.00415168379880369,-0.00103006947869959
32.56,-0.130974906227912,0.00435119078264202,-0.00414268940623213,-0.00102965807972012
32.57,-0.130152722611975,0.0043076183932215,-0.00412666255763753,-0.00102926741251862
32.58,-0.129340212137958,0.00426453073022248,-0.00410423945460418,-0.00102891417141553
32.59,-0.1285383987143,0.00422173210973069,-0.00407610173529304,-0.0010286137060424
32.6,-0.127746292808459,0.00417952169981753,-0.00404297835400122,-0.00102838043541803
32.61,-0.126964556501534,0.00413767807321338,-0.00400560765354199,-0.00102822655386482
32.62,-0.126192511365707,0.00409649683346011,-0.00396473262530637,-0.00102816230825296
32.63,-0.125430510391057,0.00405573265052388,-0.0039210689244108,-0.00102819503051568
32.64,-0.124678144934743,0.00401567594278924,-0.00387530780069763,-0.00102832974735119
32.65,-0.123935503461029,0.00397606044432739,-0.00382808939236477,-0.00102856850923044
32.66,-0.123202412848432,0.00393717094607581,-0.00378001052379414,-0.0010289112087029
32.67,-0.122478826207162,0.0038988668633454,-0.00373160344241097,-0.00102935508007225
32.68,-0.121764501741108,0.00386099895955027,-0.00368336079086435,-0.00102989621136815
32.69,-0.12105955055536,0.00382384343566004,-0.00363574194663365,-0.00103053258076028
32.7,-0.120363568082691,0.00378709883723933,-0.00358901267838572,-0.00103125626880363
32.71,-0.119676819561155,0.00375103878718887,-0.00354345672654798,-0.0010320608287044
32.72,-0.1189987541128,0.00371535450640397,-0.00349932326918428,-0.00103293870847638
32.73,-0.118329772707032,0.00368031702125565,-0.00345679750468525,-0.00103388035310823
32.74,-0.117669214179882,0.00364561301140762,-0.00341598274045426,-0.00103487383877838
32.75,-0.117017589787945,0.00361151258164419,-0.00337694526080866,-0.00103590710377871
32.76,-0.116374149586441,0.00357770133140235,-0.00333966442425234,-0.00103696810299799
32.77,-0.115739494266347,0.00354445010713243,-0.00330406783997391,-0.00103804603165242
32.78,-0.115112805742134,0.00351144667137546,-0.00327004082686418,-0.00103913046097898
32.79,-0.114494754718406,0.00347896390946647,-0.00323742679038545,-0.00104021013330921
32.8,-0.113884470855391,0.00344669381379211,-0.0032061029274447,-0.00104127471622501
32.81,-0.113282676760846,0.00341491087523074,-0.00317597349430763,-0.00104231654898992
32.82,-0.112688464431384,0.00338331128999113,-0.0031468648073697,-0.00104332656463628
32.83,-0.112102592820571,0.00335217154719556,-0.00311858487584187,-0.00104429725123422
32.84,-0.111524127762605,0.00332119398430118,-0.0030909365680373,-0.00104522314298979
32.85,-0.11095385152271,0.00329065724283695,-0.00306373666176804,-0.00104610146588741
32.86,-0.110390816066809,0.00326026996662152,-0.00303680434959001,-0.00104693039975798
32.87,-0.109835817758157,0.0032303122225555,-0.00300999023185235,-0.00104771037543684
32.88,-0.109287903344969,0.00320049854550794,-0.00298315838353334,-0.001048443038592
32.89,-0.108747871960333,0.00317110949162385,-0.00295618987793257,-0.00104913197410299
32.9,-0.108214771534863,0.0031418650909912,-0.00292896791185459,-0.00104978207529716
32.91,-0.107689398447908,0.00311304574535448,-0.00290138510758228,-0.00105039944121742
32.92,-0.10717081251042,0.0030843767123084,-0.00287334792293213,-0.0010509901985529
32.93,-0.106659802326218,0.00305613744129077,-0.00284481243164716,-0.00105156238692107
32.94,-0.106155864303142,0.00302819337483544,-0.00281572106331357,-0.00105212336975628
32.95,-0.105658515738273,0.00300041433928549,-0.00278603622015319,-0.00105268116698381
32.96,-0.105168521126041,0.00297307601465709,-0.00275574691290361,-0.00105324447337043
32.97,-0.104684993320921,0.00294591414423593,-0.00272485479021142,-0.00105382156198419
32.98,-0.104208673559191,0.00291920155261318,-0.00269338691609035,-0.00105442077264888
32.99,-0.103738695791268,0.0028926766734219,-0.0026613742273296,-0.00105504944097969
33,-0.103275778101976,0.00286660889212253,-0.0026288510923964,-0.00105571295163464
33.01,-0.102778962362978,0.00285875572670689,0.000619627166064509,-0.000752572727696483
33.02,-0.102198578963042,0.00288149802013558,0.00350548652464622,-0.000434674735678149
33.03,-0.101531359868853,0.00293096683796039,0.0060296231074087,-0.00013510957774001
33.04,-0.100776838432244,0.00300386605281655,0.00820207377424245,0.000142428527197947
33.05,-0.0999350166107327,0.00309645195241277,0.0100276414435486,0.000393914961775631
33.06,-0.099009058006164,0.00320552594927661,0.0115097242549192,0.000616218698282989
33.07,-0.0980022251277397,0.00332743826529963,0.0126555796626402,0.000807488703054674
33.08,-0.0969202964583449,0.00345909598508538,0.0134692277217373,0.000966722883549239
33.09,-0.0957687113489474,0.0035969947332514,0.0139636626997945,0.00109380648330159
33.1,-0.0945548734517239,0.00373827634032991,0.0141547093107486,0.00118953827633754
33.11,-0.0932854250822786,0.00387974933344485,0.0140591138408287,0.00125518319798417
33.12,-0.0919685684494489,0.00401890828398666,0.0136987838904762,0.00129239613537791
33.13,-0.0906115005852453,0.00415299965803695,0.0130989818764393,0.00130329002336164
33.14,-0.0892226050721749,0.00428000126872436,0.0122827551642007,0.0012901426485298
33.15,-0.0878091129753731,0.00439762392067311,0.0112717932046383,0.00125528677266146
33.16,-0.0863792050108305,0.00450430753448405,0.0100933158545975,0.00120130332235496
33.17,-0.084939743936113,0.00459830497998247,0.00877867580545632,0.00113104784045153
33.18,-0.0834982076435082,0.00467867046145066,0.00735937678481894,0.00104749232694406
33.19,-0.082060619485409,0.00474425926608578,0.0058598075275503,0.000953453930767689
33.2,-0.0806334715573946,0.00479463135258242,0.00430392427710978,0.000851656820243324
33.21,-0.0792219604170334,0.00482928005274828,0.00272395270634442,0.000745071552070156
33.22,-0.0778306585416679,0.00484800748544786,0.00114828526748988,0.000636384295825393
33.23,-0.0764641186086337,0.00485122846303947,-0.000398696527270709,0.000528017090098943
33.24,-0.0751254088342606,0.00483911784177611,-0.00189506847680157,0.000422187544933716
33.25,-0.0738177408672929,0.0048125261016756,-0.00332097003949524,0.000320894711891737
33.26,-0.0725429014332661,0.00477202381079618,-0.00465889275612294,0.000225896913098926
33.27,-0.0713028053404035,0.00471880543818273,-0.00589418831272363,0.000138650585052574
33.28,-0.0700980591246765,0.00465374486156008,-0.0070121437979738,6.03779281107811e-05
33.29,-0.0689293813973908,0.00457830988404189,-0.00800320045089045,-7.92207236348811e-06
33.3,-0.067796323800053,0.00449355658565121,-0.00886385436669519,-6.56801793950055e-05
33.31,-0.0666986228482624,0.00440104893939931,-0.00958845085696339,-0.000112408253778922
33.32,-0.0656349647931727,0.00430194046358505,-0.0101738786284722,-0.000147922303283732
33.33,-0.0646042895177885,0.00419785646028738,-0.0106189680199818,-0.000172353731304399
33.34,-0.063604679006227,0.00408996654709909,-0.0109259032516206,-0.000186141075721877
33.35,-0.0626345801730928,0.00397984687428013,-0.0111007163706108,-0.000190012807035017
33.36,-0.06169178312458,0.0038685507744285,-0.0111514331455706,-0.000184864253604336
33.37,-0.0607745199477918,0.00375749465799693,-0.0110871536077715,-0.000171677106516342
33.38,-0.0598805048708222,0.00364754822225339,-0.0109183043461316,-0.000151540672933465
33.39,-0.0590079489960136,0.00353991949628851,-0.0106560773288912,-0.000125598638736418
33.4,-0.0581546641037498,0.0034352561566794,-0.010312066219011,-9.50051004000781e-05
33.41,-0.0573189864021195,0.00333453120254999,-0.00989875326950418,-6.09285227814647e-05
33.42,-0.0564989542949466,0.00323814769712673,-0.00942807284644756,-2.45130373001871e-05
33.43,-0.0556931382300672,0.00314684123762469,-0.00891112087948852,1.3189670678452e-05
33.44,-0.0548998695217193,0.00306078738139006,-0.00835997283709154,5.11576970606747e-05
33.45,-0.0541180116509299,0.00298048345243388,-0.00778643015658939,8.84635734313426e-05
33.46,-0.0533462351496219,0.0029058714291838,-0.00720164286255461,0.000124290937354345
33.47,-0.0525837155107141,0.0028372250981809,-0.00661617502970599,0.000157936481698359
33.48,-0.0518295371120772,0.00277438867379242,-0.00603938613228624,0.00018880546190767
33.49,-0.0510829547800427,0.00271712017012412,-0.00547956772629856,0.000216421256363844
33.5,-0.0503435887944761,0.00266542781698356,-0.00494389563165041,0.000240423370298773
33.51,-0.0496109081455085,0.00261881731629822,-0.00443864771140366,0.000260572520392784
33.52,-0.0488847760574238,0.00257717160678929,-0.00396921109108744,0.000276744272497442
33.53,-0.0481648963101389,0.0025398907639114,-0.00353994842948083,0.000288923417995564
33.54,-0.0474513220310495,0.00250677050514217,-0.00315427943025908,0.000297188674646066
33.55,-0.0467439381423844,0.00247714549602656,-0.00281419961688529,0.00030172404817413
33.56,-0.0460429187951963,0.00245076878062041,-0.00252153836907797,0.00030278587296787
33.57,-0.0453482739455833,0.00242693719293091,-0.00227796390754801,0.000300626558288045
33.58,-0.0446602694168465,0.00240538264135953,-0.00208213968533844,0.000295620135668939
33.59,-0.0439789886079058,0.00238542088548435,-0.00193241074897658,0.000288140017982518
33.6,-0.0433047358299259,0.0023668169761503,-0.00182682257954403,0.000278556606777048
33.61,-0.0426376414789029,0.00234892722105504,-0.00176292857253934,0.000267242633823617
33.62,-0.0419780285271223,0.00233156598853242,-0.00173772213798316,0.000254571877220921
33.63,-0.0413260472332819,0.00231415052563586,-0.00174766204769946,0.000240914187821812
33.64,-0.0406820113548179,0.00229656579538504,-0.0017887840480942,0.00022662733215075
33.65,-0.040046062603162,0.00227830908042182,-0.00185673030063869,0.0002120543600327
33.66,-0.039418479834211,0.00225935093442948,-0.00194710495949396,0.000197516737956798
33.67,-0.0387993716060269,0.00223927716708813,-0.00205546641573336,0.000183306649257768
33.68,-0.038188964456138,0.00221814658597208,-0.00217741257523633,0.000169680628829495
33.69,-0.0375873215243772,0.00219563316744157,-0.00230859729420004,0.00015685582869823
33.7,-0.0369946113333572,0.00217188194767645,-0.00244485117829498,0.00014500790777795
33.71,-0.0364108492706237,0.00214664973028496,-0.00258228560996205,0.00013426504375556
33.72,-0.0358361492799713,0.00212015949758904,-0.00271718121891973,0.000124713302442113
33.73,-0.0352704834250588,0.00209224195177978,-0.00284610725947602,0.000116400449669017
33.74,-0.0347139151228131,0.00206318766618859,-0.00296604633202694,0.000109341524645829
33.75,-0.0341663997985329,0.00203299387553622,-0.00307445830699906,0.000103524130115336
33.76,-0.0336278751536376,0.00200168128299085,-0.0031693019302241,9.89108564655583e-05
33.77,-0.0330983306616712,0.00196960754829021,-0.00324901543884582,9.54422524993896e-05
33.78,-0.0325776380700464,0.00193671763875425,-0.00331248383475304,9.30407214149496e-05
33.79,-0.0320657422163713,0.00190339100823946,-0.00335903380074496,9.16130079070385e-05
33.8,-0.0315624768277178,0.00186958595608038,-0.00338839802980032,9.10542200506797e-05
33.81,-0.0310677536211355,0.00183568698797485,-0.00340060706806213,9.12543720206733e-05
33.82,-0.0305813773282804,0.00180165272452266,-0.0033958705161101,9.21200030593499e-05
33.83,-0.0301032275539566,0.0017678572524702,-0.00337573004309657,9.35137675881938e-05
33.84,-0.0296330929979494,0.00173423700406796,-0.003340939754399,9.53283248435604e-05
33.85,-0.0291708332784921,0.00170114696129067,-0.00329237751663836,9.74615956875546e-05
33.86,-0.0287162217236041,0.00166850469086223,-0.00323146706242603,9.97977479753914e-05
33.87,-0.0282691084120597,0.00163663729846574,-0.00315986388361207,0.00010222322325586
33.88,-0.0278292679065846,0.00160542965061469,-0.00307929640475231,0.000104633967404306
33.89,-0.027396551572755,0.00157517436452091,-0.00299151533429672,0.000106937316239498
33.9,-0.0269707416101301,0.00154572147797784,-0.00289824862683182,0.000109053448001459
33.91,-0.0265516959979539,0.00151732912291097,-0.00280117821627286,0.000110915231477096
33.92,-0.0261392082200036,0.00148981414798594,-0.0027018703840686,0.000112472077389394
33.93,-0.0257331451774014,0.00146340286466359,-0.00260188537039651,0.000113687827356447
33.94,-0.025333312200372,0.00143788142918009,-0.00250267857113837,0.000114539865641304
33.95,-0.024939586903729,0.00141344724576678,-0.00240557902824418,0.000115016055937136
33.96,-0.0245517888539464,0.00138986019335042,-0.00231174569853483,0.000115113514683766
33.97,-0.0241698102549321,0.00136729440234158,-0.00222221010368741,0.000114834063646667
33.98,-0.023793489373233,0.00134548995060825,-0.00213774294397435,0.000114185566960951
33.99,-0.0234227376336396,0.00132460540237483,-0.00205893023152629,0.000113181244638963
34,-0.0224425397326762,0.00483354768697012,-0.0019861771959981,0.000111841041680739
34.01,-0.0215529511308024,0.00709638037548274,-0.00572451027200162,-0.000288409512763407
34.02,-0.0205593266370698,0.00932592660853558,-0.0094833696635609,-0.000732259899026974
34.03,-0.0194798098281463,0.0114709878155506,-0.0136346715122843,-0.00119087456508635
34.04,-0.0183184312068967,0.013553520925441,-0.0184206056276727,-0.00166267292221695
34.05,-0.017003273222695,0.0156528034865636,-0.0239979432573412,-0.00213947824619721
34.06,-0.0154256885484756,0.0177120234580489,-0.0304640207711194,-0.00261039240462425
34.07,-0.0134597460952843,0.0198672575431009,-0.0378680458458423,-0.0030641168918163
34.08,-0.0109665286932117,0.0220221297789403,-0.0462156737245694,-0.00348941504964581
34.09,-0.00781449442156479,0.0243266364374314,-0.0554936040665532,-0.00387656887679625
34.1,-0.00387009315429054,0.0266353574651932,-0.065671064509385,-0.00421712042105371
34.11,0.00095387351396603,0.0291045742057647,-0.0767114100308132,-0.00450432009467057
34.12,0.00676441699929597,0.0315398694344469,-0.0885783996891858,-0.00473355789866015
34.13,0.0135810128165446,0.0341096125925059,-0.10122806812027,-0.00490199029674581
34.14,0.0215017022785329,0.0365812748643675,-0.114601613218189,-0.0050078448034739
34.15,0.0304758373670246,0.0391454227944619,-0.128651896389905,-0.00505105441545172
34.16,0.0406229002055536,0.0415407671106584,-0.143319222842885,-0.00503206309874747
34.17,0.0518156744202507,0.0439855481179106,-0.158538370636706,-0.00495199932735684
34.18,0.0642231308186414,0.0461953339287246,-0.174225808065276,-0.00481189285475015
34.19,0.0776306490476344,0.048418747341209,-0.190285491900125,-0.00461325306983839
34.2,0.0922811366024572,0.0503507337563651,-0.206583352697921,-0.00435602542117114
34.21,0.107856065720126,0.05227017057339,-0.222987499254853,-0.00404056894538771
34.22,0.124692879650643,0.0538524283427043,-0.239341027621005,-0.0036672863130198
34.23,0.14234910338488,0.0554055179475012,-0.25551963024392,-0.00323784908920543
34.24,0.16127526149581,0.0565854054792383,-0.271410715974705,-0.00275473864313332
34.25,0.180885339594287,0.0577272518508687,-0.28690642720923,-0.0022207375621818
34.26,0.201762073137363,0.0584679287321586,-0.301881346553255,-0.0016378234676101
34.27,0.223159752191956,0.0591689958391572,-0.316223938349034,-0.00100850459595836
34.28,0.245357448498012,0.059646527726348,-0.329840089422898,-0.000335647757913974
34.29,0.268803985668853,0.0596959941805227,-0.34265517997495,0.000376916283270109
34.3,0.29248849436445,0.0597175155282908,-0.354590797368683,0.0011259209562486
34.31,0.317409507681564,0.0593029968045714,-0.365553842675849,0.00190935452514822
34.32,0.342362728004895,0.0588760116423987,-0.375424246591357,0.00272679828808133
34.33,0.368541994938674,0.0580124027752473,-0.384183829479955,0.00357285787206837
34.34,0.394538599450625,0.057156684390967,-0.391852654777683,0.00443997596465488
34.35,0.420945458744502,0.0560984577538188,-0.39846678381925,0.0053218380630495
34.36,0.448573846281246,0.0546090160413811,-0.404062692308176,0.00621136564314136
34.37,0.475694114312029,0.0531615547225718,-0.408716485026973,0.00710340071096502
34.38,0.504046702402881,0.05128892133348,-0.412494647562935,0.00799275011325696
34.39,0.531677454745965,0.0494799767090544,-0.415447129520113,0.00887346037082466
34.4,0.559461961309952,0.0475027983939997,-0.417615015033274,0.0097409308029444
34.41,0.588513773204562,0.0451096752866441,-0.419026208251283,0.0105904444519276
34.42,0.61653093858778,0.0428127334343361,-0.419707885672896,0.0114174676498626
34.43,0.644571118819772,0.0403684500131031,-0.419691926664488,0.0122187464335688
34.44,0.673937787390432,0.0375191850648837,-0.419017347512139,0.0129923556121778
34.45,0.701971757922102,0.0347970978618242,-0.417713695571756,0.0137365617909792
34.46,0.729920180662975,0.0319479249972486,-0.415821606151551,0.0144503673370637
34.47,0.759280339426974,0.0287051632324327,-0.413368454198659,0.0151328993033968
34.48,0.787028754173626,0.0256175031394818,-0.410375417651583,0.0157835151190125
34.49,0.814605694384642,0.0224215445322167,-0.406837990446621,0.016402141898765
34.5,0.8437044268994,0.0188441212852876,-0.402761853750043,0.016988329113307
34.51,0.870933903885934,0.0154479584424221,-0.398147286205477,0.0175424205216771
34.52,0.897929832576088,0.0119625113974677,-0.392994094762479,0.0180654848125473
34.53,0.926582070377599,0.00810994492630956,-0.387265546080815,0.0185579043448131
34.54,0.953130759677458,0.00446406350027106,-0.380907024934848,0.0190198551535631
34.55,0.979408563814671,0.00075025046942892,-0.373836615302126,0.0194517821901854
34.56,1.00750202710853,-0.0033103486891535,-0.365962008785088,0.019853664007135
34.57,1.03328156482429,-0.00713481951288841,-0.357183176446697,0.020224961159292
34.58,1.05877191304702,-0.0109988941229898,-0.347386214213417,0.0205649513991353
34.59,1.08624505674929,-0.0151801718112388,-0.336494369724496,0.0208716718324055
34.6,1.11118670683883,-0.0190912707014726,-0.324458327763171,0.0211413936340175
34.61,1.13579164410488,-0.02300881909869,-0.311213971663515,0.0213691090908234
34.62,1.16002483943522,-0.026921577569186,-0.296700456899486,0.0215495907088448
34.63,1.18636013272016,-0.0311060678345699,-0.280927014531047,0.0216752962742749
34.64,1.20972124592674,-0.0349777710371206,-0.263932960109365,0.021737120928682
34.65,1.23244890422323,-0.0388162468684642,-0.245757157872316,0.0217270201140868
34.66,1.25436687541585,-0.0426154316344551,-0.226499157590957,0.021637168289853
34.67,1.27800990777445,-0.0466531528645615,-0.206265596032422,0.0214601914711918
34.68,1.29765937372306,-0.0503597814560569,-0.185200710649319,0.0211902695276524
34.69,1.31574601000127,-0.0540152541574483,-0.163446421724936,0.0208244571926783
34.7,1.33489941087378,-0.0578908565358999,-0.141163529523298,0.020360697782418
34.71,1.34910557463379,-0.0614280397762207,-0.118540573833336,0.019800240236113
34.72,1.36099324439412,-0.0648976251568497,-0.0957397226612187,0.0191467176458608
34.73,1.37336674934023,-0.0685586016834498,-0.0729250383632187,0.0184047431020296
34.74,1.3801082559487,-0.071865565112788,-0.0502349302331031,0.0175803285123946
34.75,1.38710938622569,-0.0753372025352053,-0.0277880034317279,0.0166820296671442
34.76,1.38829306150711,-0.0784393062222746,-0.00568833173745236,0.0157193878640249
34.77,1.38971307209452,-0.0816729398866428,0.0159755820397037,0.014703247649424
34.78,1.37520779670722,-0.0833485510695642,0.0371340954053816,0.0136444426107571
34.79,1.36160959384636,-0.085131475910441,0.0577234230905787,0.0125535675460267
34.8,1.34605704082255,-0.086768573552002,0.077623871533442,0.0114373011477868
34.81,1.32583361872162,-0.0880334347166395,0.0967099659202917,0.0103013395528151
34.82,1.30697672193346,-0.0893831108401647,0.114881754310576,0.00915212225278032
34.83,1.28677413211114,-0.0905852542513785,0.132038339916165,0.00799509807703106
34.84,1.26545631419727,-0.0916408282589351,0.148078903617232,0.00683438952934671
34.85,1.24054029119114,-0.0923521842039885,0.162956889143684,0.00567559860497082
34.86,1.21768946453814,-0.0931284634630021,0.17667945843334,0.00452600315881511
34.87,1.1943182520847,-0.0937670740823397,0.189273038737268,0.00339211737699155
34.88,1.16802763548153,-0.0940912247892274,0.200773480935389,0.00227869873113537
34.89,1.14405011980742,-0.0944755192117954,0.211254865130704,0.00118959799840759
34.9,1.11986717092362,-0.0947375567053438,0.220758394252628,0.000127167097392723
34.91,1.09552565909171,-0.0948833987062812,0.229323420277412,-0.00090643684162226
34.92,1.06874633954147,-0.0947615842687282,0.236986752623445,-0.00190935827390776
34.93,1.04420940606252,-0.0947005342542609,0.243750697963129,-0.00288146723134863
34.94,1.01955376853785,-0.0945436509752915,0.249618315630839,-0.00382290660479162
34.95,0.992643533366755,-0.0941572559987356,0.254592935908613,-0.00473393053685505
34.96,0.967799219677792,-0.0938374668988745,0.258683069631993,-0.005614628502176
34.97,0.942830600137431,-0.0934451188249113,0.261913352315988,-0.00646448894856285
34.98,0.915778495638999,-0.0928622170627564,0.264321491443333,-0.00728310558387968
34.99,0.890632492746918,-0.0923527720062456,0.265978514517981,-0.00807041467292238
35,0.865385013707303,-0.0917923613918477,0.266947764781339,-0.008826729651776
35.01,0.838256265870014,-0.0910759138185687,0.267303979416911,-0.00955298990233714
35.02,0.812905882111092,-0.0904360548657529,0.267110477204508,-0.0102497951340562
35.03,0.787500359412653,-0.0897614730334298,0.266441757645213,-0.0109178320595314
35.04,0.760427114920032,-0.0889587368306779,0.265382283871216,-0.0115582068698111
35.05,0.735013351813212,-0.088230775530758,0.264013030396786,-0.0121718860231672
35.06,0.708070060209318,-0.087388809244794,0.262400711137428,-0.0127600990593984
35.07,0.682705866532058,-0.0866176146055696,0.260603112834721,-0.0133237370610502
35.08,0.65735936443699,-0.0858250957155314,0.258672727665583,-0.0138637316077385
35.09,0.630679617548457,-0.0849351046300669,0.256658949947223,-0.0143811996085086
35.1,0.605452944520929,-0.084106686754609,0.254600454338613,-0.0148766996031722
35.11,0.580274367592975,-0.0832589668421552,0.252515774243672,-0.015350816982968
35.12,0.55394336762619,-0.0823260598109208,0.250417350040339,-0.0158039227704448
35.13,0.528936667852719,-0.0814440538015132,0.248317794955108,-0.0162362642696817
35.14,0.502891044060658,-0.080483716307739,0.246218800493484,-0.0166482946862467
35.15,0.478083071911828,-0.0795674529937026,0.244115953274764,-0.0170401576568119
35.16,0.452344627398702,-0.0785793472959985,0.242012537029403,-0.0174114555548943
35.17,0.427759170164736,-0.0776289070923968,0.239906792834317,-0.0177618694305664
35.18,0.403271506293896,-0.0766598192343108,0.237804423574847,-0.0180911074139338
35.19,0.378013234935636,-0.0756279871684329,0.235703574837381,-0.018398937867051
35.2,0.353791713983716,-0.074624653127319,0.23359708772955,-0.0186846755481235
35.21,0.328906840571913,-0.07356408651804,0.231475962536533,-0.0189476549929924
35.22,0.30498997951468,-0.0725266875141382,0.22933151453213,-0.0191872096855025
35.23,0.280518856973313,-0.0714374658752035,0.227156019908757,-0.0194027860598831
35.24,0.256956741233605,-0.0703666536200242,0.22494917237055,-0.0195936821700005
35.25,0.233574538905668,-0.0692782036631193,0.222712574060639,-0.0197593054064282
35.26,0.209807379987001,-0.0681455577603104,0.220449937458227,-0.0198990743809967
35.27,0.186879653549527,-0.067024619248759,0.218164808718554,-0.0200125926939812
35.28,0.163684353578984,-0.0658637381879459,0.215863945526674,-0.0200995416676221
35.29,0.141296448732995,-0.0647102684246728,0.213549343190184,-0.0201599735063722
35.3,0.118757897816399,-0.0635207280772023,0.211209542721913,-0.0201947516298822
35.31,0.0969976872264953,-0.062335024795764,0.208843590240032,-0.0202040691844572
35.32,0.0751958676953155,-0.061117175687803,0.206461620560672,-0.0201877219221941
35.33,0.0541453950240021,-0.0598999368159162,0.204077290370824,-0.0201455194090904
35.34,0.0331542037151298,-0.0586538740415061,0.20170688950517,-0.0200774916665083
35.35,0.0128882514493522,-0.057405156885736,0.199369855875565,-0.0199839832923655
35.36,-0.0072279833113047,-0.0561301544226102,0.197097248333094,-0.0198660884161177
35.37,-0.0266458382942227,-0.0548488889251777,0.19491235301748,-0.0197253330869184
35.38,-0.0458357438705761,-0.0535429212063304,0.19282552371798,-0.0195630460243584
35.39,-0.0643561598439275,-0.0522270995856405,0.190845145344879,-0.0193805140266097
35.4,-0.0824247800099842,-0.0508927073364573,0.188982581901369,-0.0191791828713537
35.41,-0.100172020591329,-0.0495354755220665,0.187248543000737,-0.0189605882114801
35.42,-0.11729627936931,-0.0481636072544749,0.18565186702619,-0.0187263045879488
35.43,-0.134053292093855,-0.0467697787223448,0.184201171707546,-0.0184780130433207
35.44,-0.150220840086639,-0.0453584997683064,0.182907239352767,-0.0182175515783943
35.45,-0.165986011228174,-0.0439258525609645,0.18178133598549,-0.0179469162107598
35.46,-0.1811944686927,-0.0424730860910986,0.180832431118963,-0.0176680769852621
35.47,-0.19597394231306,-0.0409991961356666,0.180066267336759,-0.0173831142089167
35.48,-0.210228517844967,-0.0395027422509117,0.179490238283989,-0.0170941276071882
35.49,-0.224035959214726,-0.0379852104593208,0.179112698879936,-0.0168034884052167
35.5,-0.237348543326213,-0.0364428305398114,0.178939175108768,-0.0165135105424108
35.51,-0.25019966541263,-0.0348790571093839,0.178968492430408,-0.0162263978242713
35.52,-0.262580943154895,-0.0332882995277999,0.179196441581766,-0.0159442912701806
35.53,-0.274487939295994,-0.0316757370031739,0.179613141196173,-0.0156693578041739
35.54,-0.285943618393674,-0.0300344466131235,0.180203327309855,-0.0154037738454544
35.55,-0.296911439287659,-0.0283711294825179,0.180945787191656,-0.0151497412720698
35.56,-0.307439511382887,-0.0266780698268738,0.181813576252063,-0.0149095601263772
35.57,-0.317465092845535,-0.0249634043596559,0.182769214739872,-0.0146858125462674
35.58,-0.327057467596156,-0.0232193003186833,0.183749801804448,-0.0144815385121874
35.59,-0.336133840090962,-0.0214556983262542,0.184685379371845,-0.0142988775965129
35.6,-0.344781096436325,-0.0196654323975388,0.185517004281495,-0.0141386864219106
35.61,-0.352901060397875,-0.0178599809686083,0.18619516700517,-0.0140009923751106
35.62,-0.360594716858603,-0.0160327102077216,0.186681004578008,-0.0138852106512871
35.63,-0.367752897805823,-0.0141960464379671,0.18694434237145,-0.0137906258298971
35.64,-0.37448803061137,-0.0123437489163376,0.186952508773888,-0.0137166976078039
35.65,-0.380684453080806,-0.0104890090643127,0.186649050513339,-0.0136628608122806
35.66,-0.38646409414357,-0.00862660828709738,0.185966420611439,-0.0136282506263306
35.67,-0.391770720798097,-0.00676626059268002,0.184837817426406,-0.0136117130504091
35.68,-0.396545800702171,-0.00491814983793794,0.183194992863674,-0.0136119890328927
35.69,-0.400921172473117,-0.00307920946878891,0.180971719754617,-0.0136276629329098
35.7,-0.404778815811353,-0.00126545585023266,0.178093333399315,-0.0136575145796543
35.71,-0.40825514886098,0.000524492493798171,0.174476715354648,-0.0137000681933829
35.72,-0.411235223228948,0.00227335119049553,0.170040089419826,-0.013752958749993
35.73,-0.413857955706082,0.00398069096249406,0.164717448524239,-0.0138128178075925
35.74,-0.416012363536653,0.00562842104270386,0.158475137853924,-0.0138746733707447
35.75,-0.417837466748622,0.00721519422297107,0.151312938339219,-0.0139317880413169
35.76,-0.419226055279123,0.00872339148128813,0.143257606524528,-0.0139764759676577
35.77,-0.420314906088908,0.0101519079156927,0.134362146914685,-0.0140006869412894
35.78,-0.421000510650294,0.0114847011006605,0.124705601655524,-0.0139966310388078
35.79,-0.421415998845259,0.0127218822905569,0.114383935906041,-0.0139569897008207
35.8,-0.421461806842721,0.013849844702304,0.103508803154225,-0.0138750760312588
35.81,-0.421266468690563,0.0148705878204984,0.0922065625999428,-0.0137448918671829
35.82,-0.420734588308917,0.0157735113328117,0.0806156269658583,-0.0135618382641742
35.83,-0.419989507360418,0.0165630720242848,0.0688935763189981,-0.0133228048455914
35.84,-0.41894029748174,0.0172321899892804,0.0571890786845207,-0.0130259173191454
35.85,-0.417704823242826,0.0177879908143167,0.0456590080569984,-0.0126704287838111
35.86,-0.41619685455534,0.0182269295424061,0.0344522968446182,-0.0122576806799244
35.87,-0.414528648462006,0.0185587036935842,0.02370693412269,-0.0117900699341818
35.88,-0.412618827457541,0.018783022925198,0.0135660815736124,-0.0112713702967285
35.89,-0.410573789827963,0.0189120299580352,0.00416658015223258,-0.0107069810756933
35.9,-0.408317010096685,0.0189484799069957,-0.004384046515277,-0.0101031879643732
35.91,-0.405948779920466,0.0189062693439297,-0.0120081931716919,-0.00946688248612544
35.92,-0.403397061639708,0.018790108464265,-0.0186486177013554,-0.00880551698400601
35.93,-0.400755776417694,0.0186146794014363,-0.024264621795801,-0.00812741299185093
35.94,-0.397994871792167,0.0183878854142496,-0.0288484021525902,-0.00744076395437879
35.95,-0.395089006682426,0.0181179786757457,-0.032409975286897,-0.00675381660494656
35.96,-0.392122493715185,0.0178190870821049,-0.0349820553802343,-0.0060745572729468
35.97,-0.389033749208655,0.0174968866915899,-0.0366156936695764,-0.00541076248537735
35.98,-0.385900879621341,0.01716416514261,-0.0373754617025706,-0.0047698365605366
35.99,-0.382666291781067,0.0168256193485092,-0.0373404604864943,-0.00415825525813869
36,-0.368064287836579,0.0187081928102932,-0.0366021420082268,-0.00358180951742987
36.01,-0.364780649562794,0.0207660559252853,-0.0352791030250876,-0.00304648402958821
36.02,-0.361196861751068,0.0228006939145826,-0.0337590804400311,-0.00256966979459587
36.03,-0.357328058602199,0.0248552535313759,-0.0324820516367508,-0.00216823969738124
36.04,-0.353190537851187,0.026870403654727,-0.0318190041179748,-0.00185110457584073
36.05,-0.348727668073489,0.028945433818937,-0.0320761135485292,-0.00162079205595441
36.06,-0.343858142345352,0.0310187321914915,-0.0334901112176831,-0.00147449764437004
36.07,-0.33846518238912,0.0332225987526652,-0.0362358451905339,-0.00140552342487129
36.08,-0.332434009144236,0.0354575131601445,-0.0404298600881737,-0.00140429183109992
36.09,-0.325637216702764,0.0378699786191804,-0.0461438270069405,-0.00145974506337843
36.1,-0.317964342846288,0.040311069357768,-0.0534007082932662,-0.0015596560459457
36.11,-0.309328264429205,0.0429330592726188,-0.0621937753195734,-0.0016918330235013
36.12,-0.299645491022106,0.0455372507051334,-0.0724841150149303,-0.00184421752275892
36.13,-0.288894398454812,0.048287220040039,-0.0842131506634751,-0.00200565470146472
36.14,-0.277002743043413,0.0509453547907856,-0.0972884360286801,-0.00216500761556746
36.15,-0.264017108988795,0.0536971880510172,-0.111604551794821,-0.00231227974601778
36.16,-0.249844971918092,0.0562767174476302,-0.127020078919544,-0.00243766043096856
36.17,-0.234605946486619,0.0588982254990505,-0.143386158667691,-0.00253240149956598
36.18,-0.218157940591944,0.0612737438292391,-0.160527383872905,-0.00258813074552344
36.19,-0.200704109846506,0.0636494502186451,-0.178256378978248,-0.00259758835319455
36.2,-0.182028339582513,0.0657180773198011,-0.196373261547834,-0.00255419503944219
36.21,-0.162434106371112,0.0677574080353689,-0.214677516776343,-0.00245282330158011
36.22,-0.141610280127026,0.0694417261893787,-0.232965945995192,-0.00228954736025498
36.23,-0.119981116063741,0.0710790124300494,-0.251073231326584,-0.00206294169309047
36.24,-0.0971224446590746,0.0723249550952098,-0.268824209303596,-0.00177185071940833
36.25,-0.0735989493369784,0.0735159079753144,-0.286059871300907,-0.0014163180133636
36.26,-0.048853675871344,0.0742894692920864,-0.302608214272743,-0.000995904133037289
36.27,-0.023608140926795,0.0750094592483544,-0.318310833889484,-0.000511042216393831
36.28,0.00284765717772473,0.0752964984753201,-0.332998850302883,3.75580596317115e-05
36.29,0.0296221884920067,0.0755411115250166,-0.346542937996174,0.000648190643750411
36.3,0.0575983891445917,0.0753474456645055,-0.358887431447367,0.00131437401330812
36.31,0.0856987826456228,0.0751294770671089,-0.370011229984141,0.00202843877388383
36.32,0.11435560486166,0.0746905657563286,-0.37992355102822,0.00278253207226658
36.33,0.144199014235581,0.0738139951970195,-0.388657559093781,0.00356931881866916
36.34,0.173848973258383,0.072945750670405,-0.396253093144482,0.00438146763911893
36.35,0.20468084023033,0.0716441404514868,-0.402769783093354,0.00521250127516468
36.36,0.235103804467975,0.0703734828128538,-0.408274275530197,0.00605668794368559
36.37,0.265806471897895,0.068914559963928,-0.412825225655251,0.00690798687099089
36.38,0.297703882814906,0.0670304734718878,-0.416457700626135,0.00776041840388169
36.39,0.328873444545038,0.0652118923269152,-0.419236677522111,0.00860777986328786
36.4,0.361260185721985,0.0629753055453098,-0.421214367495481,0.00944516178250589
36.41,0.39271251042989,0.0608259708962179,-0.422454586858056,0.0102690461382777
36.42,0.42421227374838,0.0585235788096915,-0.423021022039085,0.0110759499650216
36.43,0.456983506652698,0.0558126312346316,-0.422980811065443,0.0118635918204634
36.44,0.488521951085796,0.0532187584885978,-0.422393867757795,0.0126303428244612
36.45,0.519996264959273,0.0504897402136234,-0.421302040810603,0.0133746629816318
36.46,0.552822385132395,0.0473602072902272,-0.419751653668154,0.0140952248879135
36.47,0.584134850312622,0.0443733072285229,-0.417784777167132,0.0147910724436733
36.48,0.615292015101879,0.041266447836317,-0.415432442391414,0.0154611438793308
36.49,0.647902743750767,0.037766169619629,-0.412708373330162,0.0161042712474887
36.5,0.678735320927443,0.0344304651491561,-0.409629553456953,0.0167196308735781
36.51,0.709340373122999,0.0309885197273631,-0.406214260546175,0.0173074156235368
36.52,0.741520435070215,0.0271609181063924,-0.402463195223658,0.0178678620241174
36.53,0.771675204282346,0.0235174137030276,-0.398356696135732,0.018400804656109
36.54,0.801549056295853,0.0197813269422888,-0.393856755464281,0.0189060959958407
36.55,0.833138538822058,0.0156702621702977,-0.388913678710038,0.0193835901303506
36.56,0.862474921330038,0.0117635938600835,-0.383465474022017,0.019833129130945
36.57,0.891496670294832,0.00778187495390947,-0.377427141869049,0.0202549894894087
36.58,0.922392191854941,0.00344281258122861,-0.370695733727499,0.0206495103922669
36.59,0.950819419838234,-0.000667365050795343,-0.36314786464395,0.0210170481793973
36.6,0.978897804717288,-0.00482811807247593,-0.354637396215208,0.0213578147018385
36.61,1.00660514815037,-0.00902944427862254,-0.345015888556644,0.0216708764498478
36.62,1.0363531424521,-0.0135500594114297,-0.334157336845478,0.0219534523111726
36.63,1.06326955895537,-0.0177993335030679,-0.321965611381452,0.0222019207562764
36.64,1.08966999119287,-0.0220551662240996,-0.308362693120623,0.0224110938606894
36.65,1.11545459464738,-0.0263065030107507,-0.2933200938249,0.0225732550071515
36.66,1.14315421271587,-0.0308293521155149,-0.276827477491092,0.0226791999031011
36.67,1.16725629709092,-0.0350423257744133,-0.258924879350617,0.0227190164319604
36.68,1.19013923346871,-0.0392239283298713,-0.239660357071741,0.022683492494664
36.69,1.21437412930943,-0.0436456933767991,-0.219113881910042,0.0225633935715787
36.7,1.23404919386624,-0.0477367324055366,-0.197422738737186,0.0223508698330187
36.71,1.25167904329885,-0.0517684768943253,-0.174711136525056,0.0220394325246271
36.72,1.26997664750587,-0.0560012504461994,-0.151169821546992,0.0216259760785598
36.73,1.28284149297643,-0.0598751516039563,-0.126997095458919,0.0211087248019806
36.74,1.29603067102573,-0.0639163864207388,-0.102388235561328,0.0204889605453845
36.75,1.30341532890284,-0.067577044900918,-0.0775188593617982,0.0197692204626053
36.76,1.31094570002149,-0.0713674074109541,-0.0525679455174082,0.0189546881536216
36.77,1.31255658226847,-0.0747527633428302,-0.0277061425830614,0.0180521172298615
36.78,1.30406275993774,-0.0770570229328774,-0.00309771730425855,0.0170707032021016
36.79,1.2903159311007,-0.0789448437815254,0.0210917263344791,0.0160198241423992
36.8,1.27746070805984,-0.0809022200823947,0.044654269585794,0.0149068863506299
36.81,1.26266452586936,-0.0826806882856386,0.0673614282662288,0.0137389060065195
36.82,1.24325464671526,-0.0840591539533864,0.0890266660370665,0.0125249154735088
36.83,1.22525120385928,-0.0854888955198268,0.109495660521374,0.0112750621917269
36.84,1.20598320093957,-0.0867440813472644,0.128655484283174,0.0100000228654754
36.85,1.18296150775897,-0.0876258923213151,0.146406480386444,0.00870925763478223
36.86,1.1619057062305,-0.0885519514766874,0.162667769894409,0.00741077477692907
36.87,1.1402282910385,-0.0893197694063892,0.177420074717555,0.00611388224746252
36.88,1.11552477415578,-0.0897528956360899,0.190711017981083,0.00482904070648029
36.89,1.09308726524672,-0.0902350470647683,0.202604841049179,0.00356504007706618
36.9,1.0703869267652,-0.0905841150956842,0.213194610541771,0.00232861636825523
36.91,1.047479637374,-0.0908087833482678,0.22257956633912,0.00112479795724913
36.92,1.02206836471983,-0.0907570959770235,0.23083781172376,-4.22292358727282e-05
36.93,0.998884221171424,-0.0907646618233542,0.238057667041741,-0.00116848220530379
36.94,0.975544844197444,-0.0906730543588821,0.244292601035683,-0.00225194553142401
36.95,0.94989077069042,-0.090346631567856,0.249581381023184,-0.00329174147174005
36.96,0.926291435234154,-0.0900870660485189,0.253967936487527,-0.00428684319457297
36.97,0.902532786818613,-0.0897526102832454,0.257484195393638,-0.00523781766725146
36.98,0.876630952966042,-0.089222931149947,0.260158446156607,-0.00614551617701871
36.99,0.852625563464056,-0.0887673880957865,0.262030767614647,-0.00701048995231422
37,0.8284853581966,-0.0882594950021668,0.26317222954997,-0.00783348512140035
37.01,0.802406880535571,-0.0875922616510065,0.263656060573115,-0.00861565763207025
37.02,0.778102092417787,-0.0870033593162511,0.263558725219539,-0.0093587512418765
37.03,0.753714853192758,-0.0863793574915156,0.262951468459791,-0.0100646675833108
37.04,0.72761041124178,-0.0856250505901755,0.261902740070778,-0.0107349766279133
37.05,0.703168095287677,-0.0849482297044142,0.26049348808689,-0.0113714729346482
37.06,0.678696167356685,-0.0842475008769606,0.258807605854572,-0.0119760804273751
37.07,0.652718779648043,-0.0834382096606414,0.256914868782691,-0.0125507544185451
37.08,0.628287136632212,-0.0827001072929711,0.254876504693589,-0.0130972141969205
37.09,0.602482603722577,-0.0818639151959847,0.252746987444674,-0.0136169446063147
37.1,0.578141544771506,-0.0810925519266764,0.250574063831527,-0.0141113732960344
37.11,0.553835769202497,-0.0803029978101295,0.248401856954221,-0.014581787269516
37.12,0.528342294352394,-0.0794271972720272,0.246261107926932,-0.0150296027420256
37.13,0.504185742550067,-0.0786043465598305,0.244164687050947,-0.0154558602005565
37.14,0.47895723883485,-0.0777012032612661,0.242122281964103,-0.015861132990669
37.15,0.454979948327544,-0.0768429830045971,0.240137797022539,-0.0162459272139159
37.16,0.431078049359962,-0.0759645196506373,0.238210783872021,-0.016610631254046
37.17,0.406268541681128,-0.0750138789078811,0.236348791653951,-0.0169550991634275
37.18,0.382585396871235,-0.0740964919679815,0.234551155522315,-0.0172791822430825
37.19,0.358101842133071,-0.073111579162608,0.232809712427052,-0.0175829565825409
37.2,0.334668072103514,-0.0721528543722011,0.231101619203462,-0.017867091080026
37.21,0.31054175615549,-0.071131385430078,0.229415431034464,-0.0181314813828824
37.22,0.287395295816559,-0.0701299936491808,0.22773695512685,-0.0183761546961444
37.23,0.26438823496594,-0.0691057127391526,0.226061616473509,-0.0186006829051121
37.24,0.240853136682147,-0.0680260769231007,0.224383142773395,-0.0188048083344504
37.25,0.21821008219335,-0.0669584600429836,0.222695912026496,-0.0189882681021537
37.26,0.195151655201562,-0.0658400454991064,0.220995422327693,-0.0191505474457785
37.27,0.172938717144829,-0.0647289616831698,0.219277070177517,-0.0192913014952428
37.28,0.150426606245595,-0.0635713699817441,0.217539842468839,-0.0194101123333243
37.29,0.128725729849284,-0.0624167941368227,0.215782616184375,-0.0195067420369962
37.3,0.106844001812522,-0.061219678980539,0.214008760636626,-0.0195809409778715
37.31,0.0857448138249788,-0.060021750910184,0.212214483657638,-0.0196329237604583
37.32,0.0645760656414529,-0.0587852220317782,0.210388613222458,-0.0196633393298521
37.33,0.04416281256132,-0.0575448394135669,0.208530301131652,-0.0196721586643119
37.34,0.0241070415817413,-0.0562829375971273,0.206646309727087,-0.0196590486195033
37.35,0.00413405775466757,-0.054988297753281,0.204749622164204,-0.0196237297550332
37.36,-0.0151212692723193,-0.05368590034028,0.202856225513286,-0.0195661466404678
37.37,-0.0342056282157053,-0.052353928622104,0.200988756272536,-0.0194865932844005
37.38,-0.0525983463325168,-0.0510114648652213,0.199177531707924,-0.0193861968231185
37.39,-0.0707437886831281,-0.0496416371286031,0.197441543972974,-0.0192662665395239
37.4,-0.0882258197510781,-0.0482583838077358,0.195789750532019,-0.0191279533765774
37.41,-0.105397468011576,-0.0468495139839314,0.194229740662003,-0.0189724642104929
37.42,-0.12193621213982,-0.0454246416377873,0.192768182791883,-0.0188010002046652
37.43,-0.138114661912571,-0.043975763518842,0.191412751864779,-0.0186148209958888
37.44,-0.153692415608081,-0.0425086941864991,0.190171725025934,-0.0184153086437189
37.45,-0.168871556558505,-0.0410190376955248,0.189053250011356,-0.0182040262815251
37.46,-0.183482321171789,-0.0395092833029497,0.188064532621776,-0.0179828474531421
37.47,-0.197665023620609,-0.0379781081128365,0.187210504207159,-0.0177536258353642
37.48,-0.21131052060674,-0.0364252161451221,0.1864925671341,-0.0175183211893449
37.49,-0.224507094739529,-0.0348520072340935,0.185909156256887,-0.0172789750188111
37.5,-0.237197177257228,-0.0332559940348853,0.185455088945958,-0.01703775028542
37.51,-0.249423279468274,-0.031640847110957,0.185126553444546,-0.0167969871101589
37.52,-0.261169581593648,-0.030002285699186,0.18490903008741,-0.0165594843544055
37.53,-0.272440056764083,-0.0283460082076589,0.18477528268829,-0.0163277782277932
37.54,-0.28325298501863,-0.0266667153589488,0.184685167283004,-0.0161044060525277
37.55,-0.29357951854172,-0.0249721545139069,0.184601818292617,-0.0158912341662885
37.56,-0.303465138067616,-0.0232564621387465,0.184489828676902,-0.015689643585496
37.57,-0.312890188806515,-0.0215248767543974,0.18431637815777,-0.0155005895895437
37.58,-0.321812475736138,-0.0197836850442581,0.184052903774744,-0.0153246332000608
37.59,-0.330309091718841,-0.0180265688293852,0.183673598174253,-0.0151621810392208
37.6,-0.338293099033086,-0.0162646304560494,0.183151261861021,-0.0150137636669774
37.61,-0.345858145823142,-0.0144915442924965,0.182444075451314,-0.0148798812091429
37.62,-0.352903175989872,-0.0127195538791221,0.18149844920539,-0.0147605510620322
37.63,-0.35953569626335,-0.0109429794760532,0.180262445885458,-0.0146554443889713
37.64,-0.365645349233019,-0.00917523597394105,0.178684958083231,-0.0145639360037385
37.65,-0.371351104225543,-0.00741149803612209,0.176709530057541,-0.0144853672277519
37.66,-0.376537569794131,-0.00566628322199564,0.174276491461394,-0.0144189731023758
37.67,-0.38133311067482,-0.00393591270870453,0.171326062103306,-0.0143637423102284
37.68,-0.385620499404596,-0.00223594370867369,0.167798020305565,-0.0143182730415806
37.69,-0.389535040540377,-0.000563973894709285,0.163632349268317,-0.0142806365782849
37.7,-0.392960149308826,0.00106351156728994,0.158773083770019,-0.0142484504984405
37.71,-0.396035931335964,0.00264768256467927,0.153181935773524,-0.014218529639838
37.72,-0.398647923052599,0.00417168849931907,0.146846894338223,-0.0141861899708591
37.73,-0.400937847373898,0.00563624594214515,0.139780137579149,-0.0141456587314219
37.74,-0.402793286164601,0.00702520293245286,0.132018809228407,-0.0140907172462823
37.75,-0.404354849220645,0.0083397587963772,0.123622062645123,-0.0140151630172289
37.76,-0.405512616327954,0.00956540365467986,0.114665033842506,-0.0139130420700094
37.77,-0.406404437855573,0.0107045134297276,0.10523239314262,-0.013778859205968
37.78,-0.40692339365508,0.0117448056614654,0.0954229619485813,-0.0136074830258606
37.79,-0.407203343982016,0.0126902803058509,0.0853484512300371,-0.0133950176076291
37.8,-0.407140909554767,0.0135314218125512,0.0751343704992875,-0.013138560242267
37.81,-0.406865285461306,0.0142743038237428,0.0649010202110002,-0.0128363034452521
37.82,-0.406277105071721,0.0149123631874701,0.0547754919853209,-0.012487290244419
37.83,-0.40550034613879,0.0154538242118477,0.0448859949879992,-0.0120921677354399
37.84,-0.40449212471028,0.0158981482692646,0.0353458516549919,-0.0116524385709206
37.85,-0.403214460937012,0.0162463892224901,0.0262679650193547,-0.0111709347632687
37.86,-0.401783049776045,0.0165095799578667,0.017755191792283,-0.0106513476683825
37.87,-0.400110086531396,0.016688068669068,0.00990718052554594,-0.0100985100933476
37.88,-0.398305622675998,0.016794404043745,0.00280119035657402,-0.00951857806031384
37.89,-0.396286933028447,0.016830897510948,-0.0035092711388477,-0.00891734048571027
37.9,-0.394158001570442,0.0168107904622094,-0.00898521333417153,-0.00830091954305708
37.91,-0.391840770377848,0.0167375620025683,-0.0136060030995489,-0.00767612227085846
37.92,-0.389433038276677,0.016624461507371,-0.017372752736091,-0.00704992913247102
37.93,-0.386861474372306,0.0164753420402801,-0.020303373884317,-0.00642925104674488
37.94,-0.384217652715197,0.0163027088152525,-0.0224337441416724,-0.00582060791582899
37.95,-0.381432757118576,0.0161100698210032,-0.0238147042765863,-0.00523008515618898
37.96,-0.378592103572986,0.0159085773572313,-0.0245064723732918,-0.00466342327435003
37.97,-0.375631289535425,0.0157008801534836,-0.0245790549131137,-0.00412585024174035
37.98,-0.372629586614098,0.0154964049410657,-0.0241095628622282,-0.00362175992203839
37.99,-0.369526873385426,0.0152965746054958,-0.0231849076109208,-0.00315492519872625
38,-0.355820425299897,0.0102778376013212,-0.0218895476336765,-0.0027282021335303
38.01,-0.353797564894919,0.00787442774475885,-0.0162816689299754,-0.00194219777845079
38.02,-0.351809772149385,0.00555915448894307,-0.0104643933110355,-0.00115466114838267
38.03,-0.349839608824705,0.00329301159053622,-0.00414232750988012,-0.000394764926186375
38.04,-0.347897455994677,0.00113377016341179,0.00285671220877545,0.000335834995145697
38.05,-0.346068832190357,-0.00103078359037124,0.0106302291491951,0.00103009536806063
38.06,-0.344485687478812,-0.00314655502375371,0.0192215837744062,0.00167914249173626
38.07,-0.343275483418727,-0.00535119188792848,0.0286269546101428,0.00227349250283133
38.08,-0.342593469670688,-0.00754819384178434,0.0388212777363062,0.00280479065633928
38.09,-0.342565430843044,-0.00988799126358818,0.0497635802045749,0.00326587179434067
38.1,-0.343337373477083,-0.0122239776226091,0.0614030590966828,0.00365097661160199
38.11,-0.345007078128735,-0.0146201199924589,0.073687320022932,0.00395584025606823
38.12,-0.347628292122991,-0.0171593368398159,0.0865602808758631,0.00417740245080002
38.13,-0.351313913532501,-0.0196272130160442,0.0999634262414161,0.00431418190318613
38.14,-0.356036345863483,-0.0222037678526369,0.113842745093418,0.00436658192560862
38.15,-0.361918029738356,-0.024642637799327,0.1281414337346,0.00433624098748423
38.16,-0.368857022724342,-0.0271496862634773,0.142785890842029,0.00422548680329787
38.17,-0.37701544417237,-0.0294540635271879,0.157662336266046,0.00403525668665496
38.18,-0.38621059595271,-0.0317922635312423,0.172688884809983,0.00376955343778788
38.19,-0.396670700145681,-0.0338726669251582,0.187768281054521,0.00343212061173573
38.2,-0.408116717122827,-0.0359620638679019,0.202827665882366,0.00302729230164985
38.21,-0.420863648958211,-0.0377483807911189,0.217734342144781,0.00255756001521073
38.22,-0.434517472745794,-0.0395278490868821,0.232356545583591,0.00202564582020507
38.23,-0.449499050097981,-0.0409689439612888,0.246566954929758,0.00143479601124305
38.24,-0.465278842477159,-0.0423957969344641,0.260251529451327,0.000789734639573954
38.25,-0.482058702274417,-0.0436382573157014,0.273309233240566,9.49398968315482e-05
38.26,-0.50018355436908,-0.0445041343775206,0.285642005975196,-0.000644962343487414
38.27,-0.518887408083912,-0.045357784121863,0.297172969702403,-0.00142534162555974
38.28,-0.538937617622176,-0.0458189560796578,0.307835150512908,-0.00224177087309118
38.29,-0.559393337308024,-0.0462766530878496,0.317569423346028,-0.00309009837517785
38.3,-0.58119544435177,-0.0463329169487331,0.326336193542557,-0.00396561964078313
38.31,-0.603214195607928,-0.0463994719097639,0.334130358941098,-0.00486353669356091
38.32,-0.625913230494188,-0.0462774990513148,0.340933822837867,-0.00577918347697929
38.33,-0.649956348630077,-0.0457484536885528,0.34678236640369,-0.00670827877312142
38.34,-0.673907651495775,-0.0452557203803689,0.35171433918891,-0.00764618760929692
38.35,-0.699205636017497,-0.0443560290148167,0.355746227777393,-0.00858793050737652
38.36,-0.724200422443848,-0.0435115064633318,0.358901279516219,-0.00952777543962991
38.37,-0.749613112826361,-0.0425018221840499,0.361232499411973,-0.0104605678570018
38.38,-0.776393414305859,-0.0410891563927117,0.362789195545789,-0.0113815165344598
38.39,-0.802555857745845,-0.0397615900459468,0.363641612888489,-0.01228694117976
38.4,-0.830113455337669,-0.0380351180492516,0.363848303066954,-0.0131730415118014
38.41,-0.856849198589452,-0.0364119728558233,0.36348467539948,-0.0140373320433822
38.42,-0.883779875066915,-0.0346506859257426,0.362609401129515,-0.0148773860677654
38.43,-0.912166558364441,-0.0324949980894975,0.361288832862316,-0.0156909166100395
38.44,-0.939434955721788,-0.0304668842512849,0.359605994861412,-0.0164764750235129
38.45,-0.966789352243019,-0.0283129601444332,0.35761635053053,-0.0172329059791282
38.46,-0.995683503343457,-0.0257669981079797,0.355365114370472,-0.0179596344036929
38.47,-1.02317712366886,-0.0233677231290304,0.352902265135104,-0.0186560665213898
38.48,-1.05066500729691,-0.0208514189666621,0.350279312567164,-0.0193218080094795
38.49,-1.07979468909841,-0.0179437258192234,0.347530528400305,-0.0199566441592562
38.5,-1.10725479968053,-0.0151971078582817,0.344675751648283,-0.0205607620899925
38.51,-1.13463334768335,-0.012339717885021,0.341720377296522,-0.0211344553085857
38.52,-1.16377213927935,-0.00909161640922099,0.338664885766068,-0.0216780423085027
38.53,-1.19098575178065,-0.00601639426711892,0.335514007854106,-0.022191781632767
38.54,-1.21805602321067,-0.00283629988091247,0.33225991796124,-0.0226761655453266
38.55,-1.24701870380298,0.000731947363702107,0.328885026145211,-0.0231316885573052
38.56,-1.27381282237386,0.00411693165830668,0.325366335622582,-0.0235586067872108
38.57,-1.30040987061318,0.00760015095733677,0.321666384490604,-0.0239573364257992
38.58,-1.32678737104582,0.011179238897336,0.317738621625176,-0.0243281883767954
38.59,-1.35522143921115,0.0151392433456644,0.313526739360446,-0.0246714483211482
38.6,-1.3811285927378,0.018902869564462,0.308964146299802,-0.0249873554512704
38.61,-1.40670386276319,0.0227539966287708,0.303964834823871,-0.0252764716799114
38.62,-1.43437572183414,0.0269756106829231,0.298424453825983,-0.0255393854837037
38.63,-1.45914037317055,0.0309910975712419,0.292198848630684,-0.0257775812003945
38.64,-1.48330623548772,0.0350825879154433,0.285112215085,-0.0259926254971755
38.65,-1.50670760463325,0.039245297531218,0.276982406206434,-0.026184629073686
38.66,-1.53185526043805,0.0437554576390181,0.267635596635082,-0.0263522771789837
38.67,-1.55310506362928,0.0480406222263351,0.256928610086916,-0.0264936323745765
38.68,-1.57285738768767,0.0523739551300628,0.244724552606156,-0.0266043409137145
38.69,-1.59371308100711,0.0570182929500289,0.230909473762374,-0.0266765321939731
38.7,-1.60970436434954,0.0614040243200343,0.215395618457668,-0.0267002915966114
38.71,-1.62341418751252,0.0657886068585713,0.198112476645104,-0.0266657051225753
38.72,-1.63761011594009,0.070415918466739,0.179015915989887,-0.0265615360353849
38.73,-1.64618907952085,0.0747223828760294,0.158166206851868,-0.026377936793966
38.74,-1.65498215044626,0.0792105409982834,0.135654449686666,-0.0261073897940468
38.75,-1.65790156427363,0.0833269102737916,0.111582318807045,-0.0257418458431891
38.76,-1.66095594012684,0.087556657721858,0.0861520559172618,-0.0252773843084386
38.77,-1.65813780301659,0.0913613286778688,0.0595466456205003,-0.0247091040715576
38.78,-1.64546876701055,0.0940409938181789,0.0319641355107809,-0.024033771381843
38.79,-1.6306574700875,0.0965005648973466,0.00362420442914194,-0.0232491018761005
38.8,-1.61095307748078,0.0984975719101567,-0.0251467826367647,-0.0223520463025827
38.81,-1.59242223883428,0.10048452889809,-0.0539785917488785,-0.0213408037797752
38.82,-1.57230534793249,0.102218477082111,-0.0824806520514922,-0.0202165284586136
38.83,-1.54803545190324,0.103485825686525,-0.110284996871457,-0.0189841313785377
38.84,-1.52545884661637,0.104711430058211,-0.137051098031093,-0.0176522520703953
38.85,-1.50195443963487,0.105682338730972,-0.16246336280414,-0.0162321357796938
38.86,-1.47508810099502,0.106214760411603,-0.186246677160161,-0.0147372239414521
38.87,-1.45032733835326,0.106707305337361,-0.208188925282887,-0.013182926627486
38.88,-1.42512367627812,0.106976020580852,-0.228120944677715,-0.0115846219147349
38.89,-1.39957736051139,0.107036679022052,-0.245947230793338,-0.00995840101980255
38.9,-1.37136603822504,0.106740091783222,-0.261602418224522,-0.00831889539963523
38.91,-1.34538767444019,0.106444179914174,-0.275061627563986,-0.00667911384632117
38.92,-1.31922019839225,0.105995353624814,-0.286366721810736,-0.00505281543469238
38.93,-1.29066028899281,0.105262890486482,-0.295637287139227,-0.0034549984845477
38.94,-1.26421994554306,0.104569749019554,-0.303033824989712,-0.0018997846427327
38.95,-1.23763012291994,0.103776895747221,-0.308732748303429,-0.000399321813063289
38.96,-1.20885257786426,0.102765852165629,-0.312910625430771,0.00103713004222828
38.97,-1.18205629640365,0.101822464026614,-0.315769322671747,0.00240170339657701
38.98,-1.15515299909653,0.100819015776434,-0.317511078515384,0.00368947643125356
38.99,-1.12628521374345,0.0996469406940119,-0.318278790150673,0.00489638411003799
39,-1.09929179909214,0.0985566785521516,-0.31820866943362,0.00601954805804175
39.01,-1.07226451420872,0.0974319663192553,-0.317420857615379,0.0070579111778267
39.02,-1.04351962414326,0.0961748232461353,-0.31602463128622,0.00801218556388919
39.03,-1.01656214881778,0.0950038661526363,-0.314117098439797,0.00888463757687869
39.04,-0.989651203507009,0.0938143881268991,-0.311803309969004,0.00967927960750878
39.05,-0.961263690102725,0.0925187088707398,-0.309173983249537,0.0104006951735185
39.06,-0.934571050024234,0.0913061331449287,-0.306308219972389,0.0110541681951155
39.07,-0.907992207579847,0.0900829614166065,-0.303280871907157,0.0116458652793985
39.08,-0.880156671621632,0.0887714872273984,-0.300158734981222,0.0121814799373985
39.09,-0.853907943472587,0.0875343466128733,-0.297004917928295,0.0126666142042962
39.1,-0.82653353921233,0.0862169640330971,-0.29387611125202,0.0131069721134903
39.11,-0.800665711337596,0.084965779214791,-0.290828966795181,0.0135075053052182
39.12,-0.774978356872014,0.0837044055750621,-0.287898747391563,0.0138732150035823
39.13,-0.748345238082753,0.082370654483272,-0.285116828543891,0.0142083295817257
39.14,-0.723092285416594,0.0810883651980782,-0.282514004547013,0.0145163963791183
39.15,-0.697003701979717,0.0797366197415077,-0.280125875604733,0.0148013753307844
39.16,-0.672209595345603,0.0784255834193091,-0.27796486643913,0.0150668600934203
39.17,-0.64668564239969,0.0770467683224999,-0.276025231585193,0.0153156062874371
39.18,-0.622373558827711,0.0756980868989111,-0.274295094468743,0.0155495768113973
39.19,-0.598290546170604,0.0743259446883659,-0.272765856183025,0.0157699359805509
39.2,-0.573636520376084,0.0728885246384321,-0.271421660358264,0.0159778025307424
39.21,-0.550084550555487,0.0714667353011701,-0.270239002315161,0.0161742732879906
39.22,-0.526069245657816,0.0699815333190861,-0.269188041289875,0.0163604013975731
39.23,-0.503093380316686,0.0685039313532565,-0.268237568444973,0.0165370460828125
39.24,-0.479765200333441,0.0669655320637196,-0.26735524513623,0.0167046868770287
39.25,-0.457423865405859,0.0654282607605268,-0.266507913090731,0.0168635570345693
39.26,-0.434843588865063,0.063833689478576,-0.265662109227739,0.0170137048903689
39.27,-0.413208434917497,0.062235385762471,-0.264783915951845,0.0171551269247307
39.28,-0.391940215341211,0.0606057900930601,-0.263843425851162,0.0172875923092538
39.29,-0.370609732029277,0.0589259338695546,-0.262809445691862,0.0174108819286191
39.3,-0.3501785851486,0.0572381199312877,-0.261656228904298,0.0175248200810628
39.31,-0.329794897526043,0.0555059283506209,-0.260358094238178,0.0176296159221327
39.32,-0.310281185627421,0.0537650499213797,-0.25888675652349,0.0177247699214316
39.33,-0.290916353867002,0.0519865914330728,-0.257213680797314,0.0178095239696567
39.34,-0.272392620746908,0.0502004370519647,-0.255293811496693,0.0178837384050787
39.35,-0.254107273269488,0.0483849743592666,-0.253074220450881,0.0179474352341147
39.36,-0.236631111857444,0.0465652911671168,-0.250520807947355,0.0179993439681716
39.37,-0.219469013465955,0.0447262914024003,-0.247600436181038,0.0180381977283227
39.38,-0.20308098750278,0.0428885551953284,-0.244296559883853,0.0180619850055239
39.39,-0.18706763991355,0.041042562725085,-0.24059934283114,0.0180693816680198
39.4,-0.171788996440289,0.0392045889428825,-0.236505134291492,0.0180595353459487
39.41,-0.156929960557566,0.0373698640309004,-0.232003684417349,0.018030960645218
39.42,-0.142761248242926,0.0355509851738784,-0.227075262828715,0.0179822625613329
39.43,-0.129042083418097,0.0337475298410177,-0.221713834093067,0.017911130403837
39.44,-0.1159654812421,0.0319689031089624,-0.215910030813715,0.0178157862397905
39.45,-0.10341663515104,0.0302183101017911,-0.209676140045335,0.0176940260169707
39.46,-0.091340217333185,0.0285017539005616,-0.203043412597854,0.0175447915307624
39.47,-0.0798332444217715,0.0268237949606716,-0.196050934242821,0.0173668350153848
39.48,-0.0688000350349762,0.02519090117207,-0.188731649696082,0.0171588634220238
39.49,-0.0582855542595606,0.0236047036258428,-0.181124431627248,0.0169196161338217
39.5,-0.0482394881078889,0.0220730694938281,-0.173272177282961,0.0166483439744429
39.51,-0.0386647291188957,0.0205948175302877,-0.165228850516314,0.0163447988089689
39.52,-0.0295491259041469,0.0191784734772493,-0.157056933097293,0.0160087463237996
39.53,-0.0208618234935471,0.0178199670895909,-0.148832476799415,0.0156409693251912
39.54,-0.012623451008948,0.0165276882356038,-0.14062387864228,0.0152424960915335
39.55,-0.0047763190457415,0.0152949064648295,-0.132489884810835,0.0148148994072421
39.56,0.00263140142211604,0.0141297688931694,-0.124485001380122,0.0143597815129471
39.57,0.00967899757426149,0.0130234275192711,-0.116670467386514,0.0138792544038439
39.58,0.0162962753032208,0.0119834616179854,-0.109107911024292,0.0133763505743824
39.59,0.0225800695467671,0.0109991386966633,-0.101842492187699,0.0128539617698648
39.6,0.0284430107504932,0.010077510715231,-0.0949144914275315,0.0123151979802656
39.61,0.0339958449951974,0.00920655865517798,-0.0883585487912684,0.0117634620594214
39.62,0.0391386510992762,0.00839286125660154,-0.0822016557055321,0.0112025443794475
39.63,0.0439933067714104,0.00762357541337069,-0.0764655033009617,0.0106364535675766
39.64,0.0484515592803954,0.00690494344358319,-0.0711562257594549,0.0100689963257104
39.65,0.0526439390178854,0.00622386817979276,-0.0662742388661863,0.00950369918652207
39.66,0.0564570141327803,0.00558648341359839,-0.061816010561465,0.00894432967328322
39.67,0.0600270842517201,0.00497981651800772,-0.0577686802221232,0.00839460569250799
39.68,0.0632380288699528,0.00441004445722961,-0.0541107740260178,0.00785782589927818
39.69,0.066229466219192,0.00386473806702311,-0.0508173469677615,0.00733698689855726
39.7,0.0688845995280483,0.00335029411391473,-0.0478552358816904,0.00683477700154314
39.71,0.0713440255855931,0.00285515612876322,-0.0451844630693179,0.00635377345740827
39.72,0.0734914607975927,0.00238608399023804,-0.042769699246678,0.00589591846502194
39.73,0.0754662682918168,0.0019324848578615,-0.0405790275922,0.00546268052454482
39.74,0.0772157945405372,0.00149721890775333,-0.0385759872332101,0.00505498983230462
39.75,0.078689800069081,0.00108304872881367,-0.0367234301417325,0.00467346318018915
39.76,0.0800229876076983,0.000680959648158212,-0.0349852337477741,0.00431838747905496
39.77,0.0811043561592379,0.000298233231098913,-0.033330704991569,0.003989776062138
39.78,0.0820643740560127,-7.31916029974731e-05,-0.0317349326930425,0.00368712031273853
39.79,0.0827954809092502,-0.000426033547972207,-0.0301760533165262,0.00340963014696536
39.8,0.0834232386859837,-0.000767542366300849,-0.0286330419173482,0.0031563336693663
39.81,0.0838441513470123,-0.00109052829574871,-0.0270880606672483,0.00292602547911516
39.82,0.0841784817408255,-0.00140151894814999,-0.0255289301617229,0.00271719977241997
39.83,0.0843270784204933,-0.00169357800509084,-0.0239486244205163,0.00252823063930944
39.84,0.0844045840612875,-0.00197270510817395,-0.0223435192627235,0.00235745812019664
39.85,0.0843166485240987,-0.00223236500263365,-0.0207127484514738,0.00220310940284249
39.86,0.0841721863569012,-0.00247814772029475,-0.0190573990131252,0.00206345582365631
39.87,0.0838817962188996,-0.00270400720915971,-0.0173839641696269,0.00193674433635423
39.88,0.0835484702788492,-0.00291526403468689,-0.0157008475070872,0.00182129175542524
39.89,0.0830877506643155,-0.00310646350167637,-0.0140166625256672,0.00171551322075195
39.9,0.0825965378279907,-0.00328272166204077,-0.0123410063274351,0.00161792527553108
39.91,0.0819952268117721,-0.00343918178863756,-0.010684124040336,0.0015271636107797
39.92,0.0813745122871099,-0.00358079885509929,-0.00905711750657692,0.00144199008236463
39.93,0.0806594856841834,-0.00370332636807293,-0.00747192649530532,0.00136130348402168
39.94,0.0799345985919846,-0.00381159848247207,-0.00593959757160827,0.00128414858591917
39.95,0.0791294599477403,-0.00390195884714946,-0.00447054912848233,0.0012096990991451
39.96,0.0783223378395164,-0.00397911022433134,-0.00307403986917133,0.0011372633623737
39.97,0.0774471914080941,-0.00403992732853536,-0.00175758586950465,0.00106631451779347
39.98,0.0765762883325616,-0.00408894500446119,-0.000528167080952156,0.000996439746621753
39.99,0.0756787677901887,-0.00412516083232118,0.000608642920092431,0.000927356070823481
40,0.0635530133524469,-0.00638233944346704,0.00164894492705637,0.000858905291164451
40.01,0.0626597888028915,-0.00875350011299569,0.00401003908049092,0.000883821395864652
40.02,0.0615209937333159,-0.0111010050469963,0.00648686530838383,0.000923025876161002
40.03,0.0601571477823146,-0.0133737211314067,0.00943115014839002,0.000980498584881829
40.04,0.0585699296929558,-0.0156324650937351,0.0131084821749924,0.00106214807636243
40.05,0.0567114707838927,-0.0178242482029573,0.0177062874918855,0.00116784874645855
40.06,0.0544820402016608,-0.0200696227521645,0.0233452401364356,0.00129338126991393
40.07,0.0517743824233721,-0.0222916052751104,0.0300838433267897,0.00143165031812751
40.08,0.0484552975945061,-0.0246339597484218,0.0379390650145459,0.00157432616055608
40.09,0.0444010486675239,-0.0269775137266167,0.0468879561322976,0.00171241274021615
40.1,0.0394932142917757,-0.0294763452518714,0.0568868952426155,0.00183746074450526
40.11,0.0336284265631281,-0.031961018379912,0.0678742672138695,0.00194176321182847
40.12,0.0267449143920242,-0.0345937573757832,0.0797759451099189,0.00201859727687481
40.13,0.018762088475957,-0.0371609266646751,0.0925018310693708,0.00206190874941655
40.14,0.00968615173972243,-0.0398419046660122,0.105971721345084,0.0020670916846545
40.15,-0.000568086541787416,-0.0423900229803138,0.120085732530192,0.00202977027474988
40.16,-0.0119245170364524,-0.0450101914489337,0.134746595565235,0.00194674835488769
40.17,-0.0245030992235877,-0.0474302445551767,0.149847638327923,0.00181538657424659
40.18,-0.0381497348224604,-0.0498849165934034,0.165278239069821,0.0016337094952911
40.19,-0.0530463311076881,-0.0520807649475768,0.180915197779874,0.00139968757210433
40.2,-0.0689463484993222,-0.0542830693069537,0.196630353687124,0.0011116470036535
40.21,-0.0861161100525791,-0.0561782422440022,0.212285049931772,0.000768040534795111
40.22,-0.104198883941905,-0.0580615114309238,0.22771307173002,0.000365772285903318
40.23,-0.123565501894412,-0.0596001566258867,0.242750303067227,-9.6667346143642e-05
40.24,-0.143728966284833,-0.0611182130847445,0.257263767365636,-0.000618797683938154
40.25,-0.16518306626325,-0.0622638936456396,0.271123140078272,-0.00119899340584928
40.26,-0.187291593395806,-0.0633881467177246,0.284234942770353,-0.00183451835583442
40.27,-0.210690505601094,-0.0641203383594617,0.296516789138095,-0.00252153609585574
40.28,-0.23457822171485,-0.0648367848421947,0.307912933632364,-0.00325592993874568
40.29,-0.259263801141319,-0.0653510127911119,0.318378022779305,-0.00403340214219208
40.3,-0.28523333443525,-0.0654558090739266,0.327896584577875,-0.00484909594805505
40.31,-0.311411413999892,-0.0655634834935225,0.336493455183218,-0.00569835086204406
40.32,-0.338868691814778,-0.0652561126210486,0.344170140091935,-0.00657569289040445
40.33,-0.366329472830524,-0.0649667951343388,0.350934665470732,-0.0074755829662537
40.34,-0.395064607080818,-0.0642602259940816,0.356796223441081,-0.00839229162948928
40.35,-0.423590753629644,-0.0635893844665294,0.361771578654296,-0.00931990824458113
40.36,-0.45254242708117,-0.0627378150075444,0.365889208186745,-0.0102527729445413
40.37,-0.482776515132233,-0.0614710727968129,0.369186520397073,-0.0111857584839882
40.38,-0.512483686265978,-0.0602702389132541,0.371715022576931,-0.0121140149583805
40.39,-0.543492057069089,-0.0586582355973641,0.373525916099019,-0.013033445464643
40.4,-0.573766158102067,-0.0571315697462645,0.37468263173622,-0.0139402667591343
40.41,-0.604228277107812,-0.0554526125658715,0.375244982128643,-0.0148317804948997
40.42,-0.636040295938667,-0.053368115094242,0.375264593168242,-0.0157054497450323
40.43,-0.666816855822794,-0.0513961120404817,0.374810503216377,-0.0165602666260541
40.44,-0.697664616622685,-0.0492868268786948,0.373922194128918,-0.0173945390289739
40.45,-0.729935968474016,-0.0467766716736772,0.3726596735219,-0.0182069706300768
40.46,-0.760886759575891,-0.0444022276468965,0.371070101862133,-0.0189969789472623
40.47,-0.79181180786254,-0.0419028049274058,0.369183269142491,-0.0197632620660308
40.48,-0.824255053666905,-0.0390059600168867,0.367038174207037,-0.0205045131512742
40.49,-0.85510638770181,-0.036263851864537,0.364675261927088,-0.0212196286733656
40.5,-0.885851231142857,-0.0334065345377313,0.362125346550567,-0.0219075324208474
40.51,-0.918225777750827,-0.0301544966757731,0.359417373617373,-0.0225673088630855
40.52,-0.948750098930654,-0.0270721554370972,0.356573145808893,-0.0231981719528226
40.53,-0.979100856297035,-0.0238821311560037,0.353601918032981,-0.0237995921544661
40.54,-1.01120625775905,-0.0203000221709865,0.350508957578402,-0.0243715631341738
40.55,-1.04121586322078,-0.0168995139519449,0.347303322247295,-0.0249137524481865
40.56,-1.07099845468674,-0.0133980053024248,0.343979824351799,-0.0254262070092955
40.57,-1.10267336522779,-0.0095084153391293,0.340529530570724,-0.0259086748203085
40.58,-1.13201759113045,-0.00581024035845273,0.336934630330801,-0.0263609591946207
40.59,-1.16108401701248,-0.00201757805452266,0.33317026424728,-0.0267829372144745
40.6,-1.18984710130561,0.00186766233489935,0.329205892121996,-0.0271745140429786
40.61,-1.22065437789276,0.00613396018016729,0.325005958495514,-0.0275356031249437
40.62,-1.24875635334491,0.010199424449437,0.320524598427886,-0.0278662427044733
40.63,-1.27641269536036,0.0143522294222894,0.315693364345674,-0.0281667908182324
40.64,-1.30610527984706,0.0188786241131576,0.310422748081855,-0.0284376556370162
40.65,-1.33264711329121,0.0232003230087966,0.304607311454198,-0.0286791635472859
40.66,-1.35837291348594,0.0276044041618768,0.298171525237342,-0.0288904810564143
40.67,-1.38306158306888,0.0320895493867501,0.290922685294649,-0.0290751907144103
40.68,-1.40924423059588,0.0369338713113634,0.282570423411623,-0.0292385068555365
40.69,-1.43110654240046,0.041564017611502,0.272936592973115,-0.029379951027139
40.7,-1.45109426450991,0.0462527328212826,0.26179961674671,-0.0294987369463762
40.71,-1.47185437260499,0.0512594390211855,0.248951587472607,-0.0295904272072296
40.72,-1.48732162096148,0.0560107609182198,0.234219524934279,-0.0296465144239061
40.73,-1.503148697046,0.0610271835779927,0.217461731280159,-0.0296564012847207
40.74,-1.51320611462829,0.0657392633544591,0.198556121132033,-0.0296070086609332
40.75,-1.52032344378983,0.0703851900582902,0.177425546947832,-0.0294835974122919
40.76,-1.52745813492437,0.075187248402909,0.154060596515139,-0.0292705354710646
40.77,-1.52854258089945,0.0795872667920823,0.12855808988139,-0.0289534548061275
40.78,-1.51939185093519,0.08288933589819,0.101137696560473,-0.0285230426096116
40.79,-1.5078360077884,0.085975888842595,0.0720546938430905,-0.0279702694989563
40.8,-1.49107251604952,0.0885903820465912,0.0416740177345461,-0.0272849177608015
40.81,-1.47521619942601,0.0911891401925134,0.0103962381753358,-0.0264566189669204
40.82,-1.45748364961652,0.0935151594978282,-0.0213358189550568,-0.0254783701666704
40.83,-1.43527727369057,0.0953412155708866,-0.0530703928477165,-0.0243483538418669
40.84,-1.4145394110473,0.0970971002533973,-0.0843592510663747,-0.023069519613898
40.85,-1.39263497494182,0.0985579135242224,-0.11475269927627,-0.0216493906582658
40.86,-1.36711204736926,0.0995292721421928,-0.143827479669804,-0.0200999627943525
40.87,-1.34355860546106,0.100418266171816,-0.171207682310732,-0.0184368701927533
40.88,-1.31941018772185,0.101033428480839,-0.196573997111801,-0.0166784765551927
40.89,-1.29479149410079,0.101390614512284,-0.219671251546118,-0.014844647527014
40.9,-1.26735098000625,0.101336660654124,-0.24032145291418,-0.012956218333036
40.91,-1.24209913560782,0.101243519566457,-0.258411924418138,-0.0110334904037519
40.92,-1.21657565820953,0.100955582052582,-0.273895549499548,-0.00909572081383444
40.93,-1.18853175602172,0.100341771537075,-0.28674819857187,-0.00715896209211328
40.94,-1.16257958650554,0.0997421602086517,-0.297050612578941,-0.00524040694750117
40.95,-1.13639726523576,0.0990189597464127,-0.304977035216651,-0.00335876756727737
40.96,-1.10999140212865,0.0981936654706485,-0.310748100807522,-0.00153125779525109
40.97,-1.08132775563662,0.0971524527175546,-0.314627558103472,0.000227510804204359
40.98,-1.05456531123716,0.0961836494620444,-0.316888228171921,0.00190694217520781
40.99,-1.02762284925211,0.0951628693146668,-0.317769642525093,0.0034977874291439
41,-0.99864960295269,0.0939841560812648,-0.317485244752358,0.0049917268724353
41.01,-0.971479955069065,0.0928989561364817,-0.316198903642893,0.00638275821072522
41.02,-0.942450490491116,0.0916840587670061,-0.314065045919577,0.00766716017248199
41.03,-0.91517634290878,0.0905691650480088,-0.31124305406739,0.00884288411799356
41.04,-0.887870934491874,0.0894464977721555,-0.307850370320695,0.00991096850141843
41.05,-0.858965996110296,0.0882255507701378,-0.304008766303861,0.0108742956151649
41.06,-0.831742844382394,0.0871052746584847,-0.299830884302812,0.0117375031838903
41.07,-0.804575234105067,0.085988357270045,-0.295428056145639,0.012506397984141
41.08,-0.776049000053061,0.0847935640032824,-0.290887100981513,0.0131885824409054
41.09,-0.749115243910407,0.0836918228839647,-0.28627516703583,0.0137914617183616
41.1,-0.720966275697805,0.0825210391288564,-0.281658776778614,0.0143227046554426
41.11,-0.694337984983648,0.0814354131166486,-0.277111694366217,0.0147897236171388
41.12,-0.667857758362723,0.0803546225630554,-0.272700370518043,0.0151994705523218
41.13,-0.640354698833008,0.0792126395185265,-0.268479108837626,0.0155585325724312
41.14,-0.614253126733029,0.078139833194514,-0.264486836139491,0.0158731040038341
41.15,-0.587243701507933,0.0770078791967732,-0.260766615896586,0.0161483970593639
41.16,-0.561551096999764,0.0759328938514637,-0.257355095983223,0.0163891824101627
41.17,-0.536048578699285,0.0748505072255178,-0.254272617720817,0.0166001616570545
41.18,-0.50979934986502,0.0737090590419194,-0.251525591762388,0.0167856189624782
41.19,-0.484742869736964,0.0726051774977398,-0.249106558947546,0.0169497758296569
41.2,-0.459044355969811,0.0714413619609518,-0.247011875734434,0.0170956875715773
41.21,-0.434462499753653,0.0703028069679638,-0.245228859596162,0.0172260376885053
41.22,-0.409343995099634,0.0691034052486493,-0.243735567037176,0.0173434186055281
41.23,-0.3852736384283,0.0679179250244556,-0.242512852058006,0.0174496697489684
41.24,-0.361455954227585,0.0667035881666733,-0.241535286094373,0.0175465419033577
41.25,-0.33726495636372,0.065427991712711,-0.240770762069681,0.0176356572206922
41.26,-0.314038781343807,0.0641516531472414,-0.240190303754729,0.0177179837274282
41.27,-0.290551818381925,0.0628145685427415,-0.239765455471753,0.01779422418605
41.28,-0.267988013581425,0.0614688418625221,-0.239465633356396,0.0178649942418292
41.29,-0.245281216390469,0.0600636235809781,-0.239259225983213,0.0179308208806868
41.3,-0.223467161671733,0.0586434372143948,-0.239115742455618,0.0179921098632834
41.31,-0.201625198436551,0.0571660405840672,-0.23901106888429,0.0180489905375533
41.32,-0.180648101165948,0.055669032520913,-0.238921864931959,0.0181015540552985
41.33,-0.159751226200893,0.0541179389803459,-0.238823704067834,0.0181498832020715
41.34,-0.139693847979995,0.0525440434752761,-0.238693306567468,0.0181939696860771
41.35,-0.119816231328201,0.0509200058957128,-0.238509068412224,0.0182337247956283
41.36,-0.100752804640109,0.0492714669332888,-0.238250066185216,0.0182691617582465
41.37,-0.082197158270839,0.0475864771653901,-0.237898450934981,0.0182999664696993
41.38,-0.0639497827004938,0.0458589415687394,-0.237417941278226,0.0183264160200098
41.39,-0.0464765039926949,0.0441074034616424,-0.236769396575857,0.0183487349078087
41.4,-0.029379583537489,0.0423200575259011,-0.235925445998015,0.0183664353829634
41.41,-0.0130258481252774,0.0405115079801786,-0.234867342937674,0.0183785523742521
41.42,0.00289722226948363,0.0386749627279399,-0.233577989921282,0.0183842001676033
41.43,0.0181113433503253,0.0368214148411684,-0.232051699611747,0.0183829179864307
41.44,0.0328544844326775,0.0349483012368502,-0.230274576230432,0.0183746277578268
41.45,0.046926104474462,0.0330635359748452,-0.228219299714451,0.0183589248940667
41.46,0.0604988506850912,0.0311685627093528,-0.225851174408866,0.0183352269950325
41.47,0.0734386149534139,0.029269053741433,-0.22313276391533,0.0183028782248533
41.48,0.0858622424253888,0.0273701709361084,-0.220023206603839,0.0182613125877322
41.49,0.0976934985745057,0.0254759433333215,-0.216483867297499,0.0182098162878595
41.5,0.109002490754095,0.0235948121360902,-0.212477255006238,0.0181476134608934
41.51,0.119760376180473,0.0217294563591302,-0.207967754745036,0.0180736553593064
41.52,0.129996654663788,0.0198909684152796,-0.202922136644218,0.0179865761269182
41.53,0.139721781969056,0.0180808990131646,-0.19731843487727,0.0178846894746342
41.54,0.148930843291676,0.0163122999091841,-0.191145974044233,0.0177658330098783
41.55,0.157665709730455,0.0145854694492879,-0.184406031955735,0.0176272586414686
41.56,0.165892022534605,0.0129144873654895,-0.17711949227228,0.0174657376162589
41.57,0.173676587175686,0.0112981137544931,-0.169322862323376,0.0172779702112507
41.58,0.180960905091993,0.00975043422576804,-0.161074271403616,0.0170609666377678
41.59,0.187831956996289,0.00826823281557552,-0.152436772386435,0.016811531234665
41.6,0.194211967395438,0.00686488006617269,-0.14347593909868,0.0165268590970127
41.61,0.200203952512215,0.00553514073756071,-0.134280380293698,0.0162047252409458
41.62,0.205770457359394,0.00428626445354315,-0.124954706459797,0.0158442897475044
41.63,0.210862663878466,0.00312453775220468,-0.115616613193454,0.0154454587349841
41.64,0.215602066009202,0.00204106520522683,-0.106363856949405,0.0150085573104682
41.65,0.219882293301296,0.00104470154067234,-0.0972923792973287,0.0145347957707677
41.66,0.223833612853488,0.000124553416210874,-0.0884925842728645,0.014025804053894
41.67,0.22734435932823,-0.00071248190585504,-0.0800613282900585,0.0134847338686332
41.68,0.230550861184879,-0.00147907820783174,-0.0720710424714627,0.0129150297931585
41.69,0.233338585894082,-0.0021700305687097,-0.0645805630357556,0.0123203483283751
41.7,0.235847151841019,-0.00279911006924138,-0.0576493606322387,0.0117052815839287
41.71,0.237961205741245,-0.00336250523276085,-0.0513153204373348,0.0110749135878788
41.72,0.239821466086077,-0.00387455374565067,-0.0456017332786813,0.0104344403446269
41.73,0.241312896907974,-0.00433227117935563,-0.0405146587119729,0.00978933710677484
41.74,0.242575052646654,-0.00474986827258638,-0.0360484556998659,0.00914500735407029
41.75,0.243494267102554,-0.00512471820140478,-0.0321923682141258,0.0085070572618116
41.76,0.24420756480302,-0.00547042812523029,-0.0289118478447843,0.00788093172938114
41.77,0.244603805179,-0.00578420591600318,-0.0261631218602701,0.0072714029278569
41.78,0.244816400670084,-0.00607847771093608,-0.0239023945082953,0.00668278613238998
41.79,0.244737438490494,-0.0063500420105522,-0.0220790615055603,0.00611896627726902
41.8,0.244495970841832,-0.00660996315200199,-0.0206379170784475,0.00558321577315705
41.81,0.243987952969348,-0.00685443341937603,-0.0195196963386914,0.00507822898913499
41.82,0.243337632023341,-0.00709295382663453,-0.0186606512563528,0.00460634459857842
41.83,0.242445480441697,-0.00732095592441649,-0.0179981232735546,0.00416912416812837
41.84,0.241430589612346,-0.00754631911279058,-0.017473314904638,0.0037673163021011
41.85,0.240198208134125,-0.00776378396304703,-0.0170305344681613,0.00340111494126351
41.86,0.238862123748763,-0.00797974021012713,-0.0166198697734943,0.00307016579413403
41.87,0.23733272002711,-0.00818840301185257,-0.0161987551302534,0.00277366400595751
41.88,0.235718296545192,-0.00839491803159226,-0.015729597278596,0.00251029236943541
41.89,0.233979833636292,-0.00859571331560769,-0.0151802587846198,0.00227826329190524
41.9,0.232083584288008,-0.00878735840454235,-0.0145251688586854,0.00207547723797495
41.91,0.23012912433804,-0.00897356113776977,-0.013746003594984,0.00189956284686539
41.92,0.228039511760644,-0.00914821434990314,-0.0128312994025151,0.00174792489121988
41.93,0.225908243891832,-0.00931444320641411,-0.0117777261005286,0.0016177773123217
41.94,0.223663080839676,-0.00946646124779864,-0.0105887195934902,0.00150629025614993
41.95,0.22139128145419,-0.00960711688224505,-0.00927411509478466,0.00141062921161898
41.96,0.219025034700035,-0.00973118382166042,-0.00784760491591447,0.00132810576191101
41.97,0.216645364831891,-0.00984144484313032,-0.00632508748405416,0.00125620040322866
41.98,0.214188701105842,-0.00993334874980139,-0.004725768626773,0.00119254926592888
41.99,0.21172994279701,-0.0100097419132786,-0.00307182226452628,0.00113491570132357
42,0.209209527517769,-0.0100668458576738,-0.00138699772979966,0.00108128976288627
42.01,0.206696388379571,-0.0101076722881689,0.000304633759375921,0.00102993185214535
42.02,0.204134811703044,-0.0101292338937985,0.00197940466127985,0.000979386862693281
42.03,0.201588050664689,-0.0101347215713026,0.00361475333482112,0.000928485177048628
42.04,0.199004133600585,-0.0101218908894995,0.0051895150652763,0.000876337463795041
42.05,0.196440967092402,-0.0100940748861632,0.00668483689244117,0.000822320553984671
42.06,0.19385022895775,-0.0100496780807455,0.00808444731230652,0.000766056193115222
42.07,0.191284824626694,-0.00999209456375146,0.00937496317949093,0.000707398266173505
42.08,0.188699983845762,-0.00992025260523711,0.0105455425585652,0.000646392540234756
42.09,0.186143952801908,-0.00983751390267635,0.0115882906249681,0.000583251873415273
42.1,0.183575412793321,-0.00974320221417014,0.0124981322515941,0.000518331654329868
42.11,0.181038268290298,-0.00964055083742359,0.0132723917940241,0.000452067359109049
42.12,0.178494511140036,-0.0095291505546571,0.0139123499614639,0.000385012271484307
42.13,0.175983998001509,-0.0094120021882245,0.0144211395909761,0.000317762950652318
42.14,0.173471894360652,-0.0092888386619442,0.0148037934629924,0.000250916964884688
42.15,0.170994280446982,-0.00916235923816095,0.0150675980599645,0.000185082021819602
42.16,0.168534676878913,-0.00903296025112285,0.0152216868483638,0.000120858710580568
42.17,0.166079633914885,-0.00890112448971188,0.0152764338897802,5.88271021667126e-05
42.18,0.163660088335753,-0.00876898838239988,0.0152431199076664,-4.72766122910329e-07
42.19,0.161248452331348,-0.00863627280634136,0.0151336147398828,-5.65574255203861e-05
42.2,0.158872571925389,-0.0085047176380327,0.0149600274722147,-0.000109012083714891
42.21,0.156507504165832,-0.00837395917569332,0.0147343998704827,-0.000157498567665415
42.22,0.154178244018148,-0.00824535136506234,0.0144684688422373,-0.000201761240764647
42.23,0.151862313317075,-0.00811844048308578,0.0141734473116777,-0.000241628648910057
42.24,0.14958209800402,-0.00799422420670064,0.013859804961379,-0.000277013692170009
42.25,0.147317425889776,-0.00787217110121022,0.013537131370732,-0.000307909924869013
42.26,0.145088297138527,-0.00775296706058802,0.0132139771625318,-0.000334387285575409
42.27,0.142876680676842,-0.00763602901532667,0.0128977843475754,-0.000356584541770689
42.28,0.140700396337332,-0.00752178508596444,0.0125948061025503,-0.000374702025616055
42.29,0.138543394926218,-0.00740963471350792,0.0123101008855682,-0.00038899175044596
42.3,0.136421498814803,-0.00729980648077063,0.012047516090718,-0.000399748555199744
42.31,0.13432046579417,-0.00719171932594002,0.011809828413227,-0.000407295171995208
42.32,0.13225429758949,-0.00708545828985046,0.0115984368067241,-0.000411983695889128
42.33,0.130210419885143,-0.00698049857406357,0.0114138666587283,-0.000414178865848592
42.34,0.128201168280317,-0.00687683415884034,0.0112558890636381,-0.000414243688235032
42.35,0.126215478246769,-0.00677402184247703,0.0111233307235499,-0.00041254148625311
42.36,0.124264149401787,-0.00667200628493361,0.011014244208483,-0.000409424858746221
42.37,0.122337472695714,-0.00657045047950926,0.0109260410576221,-0.000405228114780687
42.38,0.120444839554983,-0.00646928459540559,0.0108557720735061,-0.000400263325065888
42.39,0.118577751679746,-0.00636828971211386,0.0108003152973901,-0.00039480922198424
42.4,0.116744293468894,-0.00626740065137568,0.010756315740713,-0.000389107759241991
42.41,0.114940363766348,-0.00616651021373424,0.0107202789247173,-0.000383361127484834
42.42,0.113162890946407,-0.00606559501504927,0.0106886783814005,-0.000377732136796283
42.43,0.111418224338609,-0.00596461894810226,0.0106581142870117,-0.000372345970961025
42.44,0.109700345695057,-0.00586365309082018,0.0106254373791078,-0.000367290917825815
42.45,0.108014592437504,-0.00576268090346688,0.0105877921025546,-0.000362621836543164
42.46,0.106355776501317,-0.00566186809232826,0.0105426896631852,-0.000358362064456503
42.47,0.104728323940355,-0.00556120959286517,0.0104880278970212,-0.000354507518356501
42.48,0.103127781649953,-0.00546094596401865,0.0104221481766557,-0.00035102915097299
42.49,0.101557769728304,-0.00536107163831446,0.0103438126812922,-0.000347878587148536
42.5,0.100014498795874,-0.00526188049850119,0.0102522215097403,-0.000344991763226492
42.51,0.0985008768073197,-0.0051633535634555,0.0101469867732932,-0.000342293591953623
42.52,0.097013710023635,-0.00506581726079142,0.0100281302870382,-0.000339701236341168
42.53,0.0955552800805908,-0.0049692267358706,0.00989603224566029,-0.000337128828712355
42.54,0.0941229272708419,-0.00487392217936539,0.00975141145005341,-0.000334490278715045
42.55,0.0927183841040033,-0.00477982253422003,0.0095952594374424,-0.000331703293348542
42.56,0.0913394667124603,-0.00468726712738521,0.00942865397521607,-0.00032869905881714
42.57,0.0899874233174209,-0.00459613303988263,0.00925312415897695,-0.000325414216352308
42.58,0.0886604889799862,-0.00450674560642069,0.00907034447371304,-0.00032179352756243
42.59,0.0873594918946115,-0.00441893350271312,0.0088818381702355,-0.000317802522433295
42.6,0.0860830385199698,-0.00433300351030312,0.00868923281006433,-0.000313417820850504
42.61,0.0848315852475547,-0.00424873894807722,0.00849417620295181,-0.000308625983579834
42.62,0.083604056774881,-0.0041664245859873,0.008298291722686,-0.000303421809795085
42.63,0.0824005880092749,-0.00408580092092319,0.00810310121031175,-0.000297808833072793
42.64,0.0812203865365184,-0.00400713119803816,0.00790998981931397,-0.000291798012523968
42.65,0.080063318394366,-0.00393011975908302,0.00772018710406973,-0.000285408801799873
42.66,0.078928839432395,-0.0038550122844136,0.00753477028005703,-0.000278667795789716
42.67,0.0778165892967557,-0.00378148507228903,0.00735462713015216,-0.000271608247635755
42.68,0.0767261414031886,-0.00370962795999928,0.00718046850239294,-0.000264268212034008
42.69,0.0756572594370972,-0.00363952802104073,0.00701281399296988,-0.000256690317408438
42.7,0.0746093217106427,-0.00357083678053245,0.00685203120496299,-0.000248921229259354
42.71,0.0735822758595646,-0.00350377839377133,0.00669830596024341,-0.000241007664757688
42.72,0.072575365275295,-0.00343799745738015,0.00655166043258104,-0.000232995662183427
42.73,0.0715886919373823,-0.00337371959961055,0.00641194824192678,-0.000224930897592772
42.74,0.0706213847194128,-0.00331059024596088,0.00627890225232684,-0.000216857564557938
42.75,0.0696736655095016,-0.00324884115166745,0.00615217544899758,-0.000208816574476248
42.76,0.0687445727920757,-0.00318812372355362,0.00603132504868511,-0.000200846229855332
42.77,0.0678344268602249,-0.00312867847297271,0.00591583862856216,-0.000192980686805593
42.78,0.0669421952875418,-0.00307016679990191,0.00580515154850096,-0.000185249980170266
42.79,0.0660682763896521,-0.00301283949288148,0.00569870503460892,-0.000177678307622527
42.8,0.0652115847778383,-0.00295636979296099,0.00559589228104255,-0.000170286074915366
42.81,0.0643725795368884,-0.00290101886849776,0.00549613712607639,-0.00016308778922671
42.82,0.0635501381314274,-0.00284647240149665,0.00539889350497139,-0.000156092964645714
42.83,0.0627447660102849,-0.00279300041636616,0.00530366200065231,-0.000149306226992094
42.84,0.0619553173778584,-0.00274029994078033,0.00520997984925749,-0.000142728458990788
42.85,0.0611823314285864,-0.0026886477734907,0.00511744333832397,-0.000136356593063218
42.86,0.0604246500582946,-0.00263775076256316,0.00502569941123566,-0.000130184658751992
42.87,0.0596828333755983,-0.00258789004170043,0.00493446513126518,-0.000124203638830142
42.88,0.0589557206201814,-0.00253878014998239,0.00484351484111646,-0.000118402605137291
42.89,0.0582438853412022,-0.00249070372719351,0.00475269457104126,-0.00011276865383788
42.9,0.0575461748577268,-0.0024433805875647,0.00466190507998667,-0.000107288059176244
42.91,0.0568631683225647,-0.00239709223083111,0.00457111256144803,-0.000101946194502039
42.92,0.0561937247592912,-0.0023515616295671,0.00448032904304885,-9.67286224805427e-05
42.93,0.0555384195097659,-0.0023070669193779,0.00438962072171391,-9.16209383150027e-05
42.94,0.0548961293384771,-0.00226333239803686,0.00429908689028304,-8.66097504148076e-05
42.95,0.0542670084023094,-0.00222049521773498,0.00420887354866719,-8.16824438632962e-05
42.96,0.0536511941481628,-0.00217868709604055,0.00411913758853481,-7.68280941154024e-05
42.97,0.0530476020857176,-0.00213763295466689,0.00403003362841277,-7.20372982938119e-05
42.98,0.0524567766776851,-0.00209759544370007,0.00394176411284966,-6.73016305428106e-05
42.99,0.0518776666539456,-0.0020582983620306,0.00385452419803863,-6.26147056037884e-05
43,0.0520661957491022,0.00149132612984009,0.00376851169280369,-5.79715877258188e-05
43.01,0.052087163053212,0.00382993383262768,0.00364614790065714,-5.48187182708727e-05
43.02,0.0523466938713568,0.00616900397027174,0.00307647950862822,-7.02261383569192e-05
43.03,0.0528292785025322,0.00845322602387205,0.00168599578517742,-0.000116966567547715
43.04,0.0535317358839187,0.0107418874940953,-0.000775328138265063,-0.000198146188678951
43.05,0.0545237636842248,0.0129844602165749,-0.00447719570941819,-0.000311281845425315
43.06,0.0559089111645488,0.0153014306652313,-0.00951844307344988,-0.000449953806256113
43.07,0.057807669272254,0.0176128820089212,-0.0159319186736923,-0.000605005894598644
43.08,0.0603465790618145,0.02005914157339,-0.0237033307317065,-0.000766063258711282
43.09,0.0636580432516514,0.0225164877477175,-0.0327754152927586,-0.000922199825398838
43.1,0.0678471835125158,0.0251349345158242,-0.0430614757392443,-0.00106280091805812
43.11,0.0730240347990563,0.0277406749683834,-0.0544572319079991,-0.00117826385146797
43.12,0.079233538685834,0.0304928605989446,-0.0668541861569136,-0.00126048085839411
43.13,0.0865648574423155,0.0331750134950749,-0.0801232979986544,-0.00130192357540407
43.14,0.094994555353523,0.0359652710180573,-0.0941427692863005,-0.00129694672414384
43.15,0.104620186708711,0.0386159593910051,-0.108764038810686,-0.00124005788823011
43.16,0.115348281048588,0.0413323670546532,-0.123851513189133,-0.00112727181943111
43.17,0.127314827316292,0.0438428813265182,-0.139226604976797,-0.000954123763302303
43.18,0.14034869422469,0.0463842693372409,-0.154722475261786,-0.000717378059037629
43.19,0.154652086383885,0.0486651663760556,-0.170182387022288,-0.000415716226876433
43.2,0.169961698689534,0.0509538192705393,-0.185459972420909,-4.85709816492049e-05
43.21,0.186567215833776,0.0529393902952335,-0.200393751170666,0.000384556961392474
43.22,0.204094047202917,0.0549201770179262,-0.214851443389792,0.000882718547221436
43.23,0.222937921451454,0.0565658427327258,-0.228705779523782,0.00144404491799131
43.24,0.242592535873042,0.0582028314857156,-0.241835251004239,0.00206614066948158
43.25,0.263578253007726,0.0594813647820241,-0.25414399559297,0.00274595874511304
43.26,0.285238763137333,0.0607542323130427,-0.265554493846814,0.00347942928852108
43.27,0.308238222924921,0.0616522771016247,-0.276036567688388,0.00426199789254344
43.28,0.331753965309829,0.062552717933259,-0.285566462306052,0.00508829657363712
43.29,0.356612884181967,0.063067455483586,-0.294115921850465,0.00595229780877688
43.3,0.381812256534975,0.0635970949793361,-0.301674099391394,0.00684766534974409
43.31,0.407759002210447,0.0639473023940821,-0.308251055186304,0.00776766971782481
43.32,0.435051658052087,0.0639034160635092,-0.31385885161703,0.0087056630855026
43.33,0.462390111181106,0.0638987804208597,-0.318516802854949,0.0096557327295233
43.34,0.491076133772493,0.063498793416108,-0.322250343639622,0.0106118397465307
43.35,0.519600929611784,0.0631561507977526,-0.325102665666444,0.0115683023373359
43.36,0.548615997219624,0.0626544713554109,-0.327102082390858,0.0125205569408474
43.37,0.578996604750499,0.0617596109357236,-0.328270808283821,0.0134658607381849
43.38,0.608907539046346,0.0609523416177597,-0.328618532124905,0.014400845783583
43.39,0.640211451691335,0.0597567367821117,-0.328197197290852,0.0153215725408009
43.4,0.67084619333448,0.0586689927891508,-0.327066831668601,0.0162232652898383
43.41,0.701753299904216,0.0574522893982552,-0.32530004423167,0.0171015656704625
43.42,0.734114807673055,0.0558540403228021,-0.322972050876411,0.0179528713980775
43.43,0.765516086709202,0.0543914853542365,-0.320148211458182,0.0187736066836363
43.44,0.797082665796584,0.0528153131464405,-0.316892554506105,0.019560392680452
43.45,0.830186651867812,0.0508624046085518,-0.313273634142123,0.0203107111343216
43.46,0.862051519130508,0.0490678899859776,-0.309353572542462,0.0210225190405473
43.47,0.893990720017703,0.0471712155298146,-0.305181048220808,0.021693640459948
43.48,0.927567799402908,0.0449001847403828,-0.300797147285221,0.0223221340359687
43.49,0.959637461313756,0.0428049375444633,-0.296243573106237,0.022906517090759
43.5,0.991704018548696,0.040615657375054,-0.291563661742393,0.0234457715034104
43.51,1.02552379099878,0.0380530482841635,-0.286795737981324,0.0239392607340812
43.52,1.05757927543446,0.0356789487069372,-0.281967976029474,0.0243863858417851
43.53,1.08956661091541,0.0332159675520168,-0.277106067813039,0.0247866611674168
43.54,1.12343450545951,0.0303797294546838,-0.272232745293146,0.0251398217758134
43.55,1.15529205278538,0.0277405734895091,-0.267369306458613,0.0254457723390493
43.56,1.18702725549791,0.0250155198873814,-0.262537200137798,0.0257045480035123
43.57,1.22077861977781,0.0219170135709111,-0.257755503943513,0.0259163782099893
43.58,1.25227646415443,0.0190198516555276,-0.253042410537307,0.0260816490767244
43.59,1.28358856337314,0.0160367381156315,-0.248417065850179,0.0262008484473795
43.6,1.31468175512768,0.0129664988660501,-0.243895949940945,0.0262746920170668
43.61,1.34791693402719,0.00951866896087095,-0.239495060436423,0.0263041019966535
43.62,1.37848857879334,0.00626789616083109,-0.235232966358909,0.0262900775790009
43.63,1.40866278654595,0.00292243739980325,-0.231132944114112,0.0262339812516165
43.64,1.44092102267661,-0.000808398829330703,-0.227206308880528,0.0261378123429797
43.65,1.46999949492289,-0.00435737613835083,-0.223464464330295,0.0260033584292404
43.66,1.49821951440629,-0.00801846106599258,-0.219928989620279,0.0258323551276873
43.67,1.52533095624337,-0.0117995832666395,-0.216620877238016,0.0256265074405001
43.68,1.55385998101697,-0.0159886859193544,-0.213560516030106,0.0253876196989678
43.69,1.57793448484241,-0.0200303243483774,-0.210772927911115,0.0251177290490254
43.7,1.60000814611998,-0.0242109362502359,-0.208299985835038,0.0248197607757701
43.71,1.62273297955352,-0.0288056706691166,-0.206177112472878,0.0244974216368459
43.72,1.64001076706731,-0.0332658132441718,-0.204410550567128,0.0241544014875879
43.73,1.65750764518468,-0.038129126244548,-0.202980140690883,0.0237950012087168
43.74,1.66907043866838,-0.0428538150614156,-0.201808583025122,0.0234257243123232
43.75,1.67753634465739,-0.0476980439138187,-0.200709245808607,0.0230570081396325
43.76,1.68585941228165,-0.0529022408579079,-0.199463420679317,0.0226979974309934
43.77,1.69099184150444,-0.0581828991986195,-0.197876089591,0.0223555256108846
43.78,1.67975816612613,-0.0621006243741014,-0.19570916815996,0.0220376963887842
43.79,1.66896737256479,-0.0663069477144166,-0.192554809972736,0.0217549676111484
43.8,1.65280094872766,-0.0702984274208226,-0.18785404320502,0.0215205790506129
43.81,1.63733844608958,-0.0745174433235871,-0.180886677351622,0.0213510808313991
43.82,1.61980232147607,-0.0786895421387562,-0.170968359238848,0.021255813406038
43.83,1.59761640062265,-0.0825599750217752,-0.157618616278644,0.0212270735950326
43.84,1.57668926706324,-0.086514719020227,-0.140492505047228,0.0212437337186603
43.85,1.55440597124111,-0.0902862307685344,-0.119460167030816,0.0212758888842877
43.86,1.5309870734295,-0.0938271245248247,-0.0945980033811584,0.0212895518037173
43.87,1.50403312541034,-0.0969051864045541,-0.0661433111899213,0.02124821645818
43.88,1.47894826838685,-0.0998618548808714,-0.0345479630201021,0.0211177841885379
43.89,1.45321229869346,-0.10246950530735,-0.000406041172657536,0.0208637976643684
43.9,1.42450072882755,-0.10453254041992,0.0355668095718639,0.020454488948493
43.91,1.39778105696402,-0.106378761141799,0.0726207819441975,0.0198641420304172
43.92,1.37062271366717,-0.107822902441436,0.109977167883717,0.0190761539992782
43.93,1.34305734759867,-0.108863993546273,0.146871707364035,0.018084111465604
43.94,1.31291710272741,-0.10936229474762,0.182579355988735,0.0168907720258107
43.95,1.28465968946722,-0.109631202585633,0.216447369509372,0.0155068000932542
43.96,1.25605773820909,-0.109538577723962,0.247934332066848,0.013949780150356
43.97,1.22511538762566,-0.108979132695583,0.276593648746121,0.0122409739904869
43.98,1.19595539168803,-0.108249456913195,0.302089178883266,0.0104036974249627
43.99,1.16653405818711,-0.10724562267161,0.324190214683565,0.00846192872292891
44,1.13503567376139,-0.105886354112257,0.342692727111786,0.00643641217423057
44.01,1.10525120994476,-0.104444489265039,0.357559347517551,0.00434989146493353
44.02,1.07531022384799,-0.102834230065082,0.368950949925309,0.002231290756954
44.03,1.04356537603197,-0.100986751118091,0.377127295508352,0.000108313000531951
44.04,1.01347405816981,-0.0991408345855718,0.382416001616726,-0.00199569539707004
44.05,0.981757769220208,-0.0971232487258249,0.385136370718325,-0.00405788872105641
44.06,0.951653443541534,-0.0951492857270121,0.385575985725472,-0.0060573497950248
44.07,0.921565842050892,-0.0931421158295303,0.384021813438131,-0.00797486048056896
44.08,0.890112746252821,-0.0910392317291331,0.380705911967439,-0.00979455356719032
44.09,0.86020621164949,-0.0890233255014876,0.375853148379501,-0.0115014256729647
44.1,0.830408303366943,-0.0870232659139634,0.369691309759617,-0.0130838282806621
44.11,0.79948709786878,-0.0849812433877686,0.362440777117724,-0.0145350814762745
44.12,0.770038393907071,-0.083050287591108,0.354314981746462,-0.0158524001486485
44.13,0.739614755209991,-0.0811016158863042,0.345528871475376,-0.0170350949813748
44.14,0.710605348729215,-0.0792699435712862,0.336296594624994,-0.0180855795959794
44.15,0.681818229668263,-0.0774922527566164,0.326814972202492,-0.0190089914763567
44.16,0.652253674367895,-0.0757172952138607,0.317239361480732,-0.0198103070955072
44.17,0.624002323270749,-0.0740545159142852,0.307702355664531,-0.0204950614464935
44.18,0.595092159094356,-0.0723996897876627,0.29831520326368,-0.0210692860144836
44.19,0.567425109026537,-0.0708478823360557,0.289176181344833,-0.0215396711179474
44.2,0.539212885532788,-0.0693045894545893,0.280378580492094,-0.0219133953679809
44.21,0.512175423515301,-0.067851576883365,0.272021503660984,-0.0221989108613945
44.22,0.48544754521023,-0.06643957441796,0.264203080680817,-0.0224048601336395
44.23,0.458338007675331,-0.065029181357257,0.256980336433541,-0.0225401305343417
44.24,0.43230840636823,-0.0636840285617486,0.25038646748377,-0.022613207954699
44.25,0.406004924422568,-0.0623322916670804,0.244468161918028,-0.0226317067037309
44.26,0.380726598635909,-0.0610273406389803,0.239237677405069,-0.0226036783171866
44.27,0.355283645697805,-0.0597061577738572,0.23468594113308,-0.0225365415468834
44.28,0.330822279661803,-0.0584134764800184,0.230788553206792,-0.0224362143316209
44.29,0.306309010065807,-0.057095211180877,0.227501232516694,-0.0223084424560543
44.3,0.28274208636464,-0.0557889414863783,0.224776702310511,-0.0221586878241419
44.31,0.25923102812212,-0.0544493801252053,0.222572341555776,-0.0219914101625772
44.32,0.236633934818563,-0.0531077061168242,0.220838443664724,-0.0218105558541327
44.33,0.214194232032517,-0.0517267669162298,0.219520263828798,-0.0216200371222534
44.34,0.192638718399992,-0.0503322102230105,0.21855912302135,-0.0214230016310106
44.35,0.171614333502702,-0.0489055086938621,0.217895524797277,-0.0212221143233475
44.36,0.150883397992883,-0.047434810538184,0.217471157090499,-0.0210198075181008
44.37,0.130993728971744,-0.0459387769404753,0.217233065470346,-0.0208180649423477
44.38,0.111473837559968,-0.0443983888774524,0.217125459313012,-0.0206186040597211
44.39,0.0927645990363768,-0.0428284931836465,0.217091367041733,-0.0204228761698363
44.4,0.0744887706760533,-0.0412162338938008,0.21707658146287,-0.020231937021244
44.41,0.0569907273374124,-0.0395732268454998,0.217025317484787,-0.0200466799966741
44.42,0.0399755957400245,-0.0378922089671411,0.216882065502814,-0.0198678215590753
44.43,0.0237021674973121,-0.0361821611734467,0.216582420600553,-0.0196960499026268
44.44,0.00794739740682893,-0.0344410455724323,0.216049511309635,-0.0195320331527405
44.45,-0.00710478285960203,-0.0326760644684336,0.215208442236038,-0.019375866246366
44.46,-0.0216146109399462,-0.0308899196724234,0.214006885587586,-0.0192262704936311
44.47,-0.035462247416822,-0.0290881149801692,0.212400002103763,-0.0190823284741926
44.48,-0.0487548320936204,-0.0272770459298282,0.210355244090493,-0.0189429020670996
44.49,-0.061428238015532,-0.0254607132054797,0.207817932533897,-0.0188068685612949
44.5,-0.0735439242382085,-0.0236488235776142,0.204737842458403,-0.0186722102224583
44.51,-0.0850826110573237,-0.0218443528993158,0.201071042411576,-0.0185362975837475
44.52,-0.0960667049814958,-0.0200597378385378,0.196782004141386,-0.0183959113606944
44.53,-0.106513511787407,-0.0182969090375053,0.191853542447171,-0.0182471625028512
44.54,-0.116411760045464,-0.0165700978561214,0.186278111553336,-0.018086069692977
44.55,-0.125808029738798,-0.0148799536931981,0.180066225018595,-0.0179085323912511
44.56,-0.134662792099273,-0.0132413939854321,0.173271643989994,-0.0177111647708108
44.57,-0.143046584218442,-0.0116530610144991,0.165952499334073,-0.0174907576808466
44.58,-0.150897273055741,-0.0101294271718759,0.158165575178434,-0.0172435712455946
44.59,-0.15830454580362,-0.00866721017968125,0.149968618771358,-0.0169663789073201
44.6,-0.165238130616078,-0.0072754648028966,0.141442490197175,-0.016656162883885
44.61,-0.171653324656454,-0.0059626071134654,0.132695787051311,-0.0163115676022296
44.62,-0.177661935048476,-0.00472187823954497,0.123832162229524,-0.0159315181896027
44.63,-0.183165336275976,-0.00356426422625454,0.114942596821369,-0.0155152232567562
44.64,-0.188286062127176,-0.00248083804604123,0.106133873211457,-0.0150628250316925
44.65,-0.192917960703125,-0.00148051645481779,0.0975127705432773,-0.0145757613137926
44.66,-0.19719197628959,-0.000552242376645966,0.0891668294297633,-0.014056241146932
44.67,-0.200997512714525,0.000296964898660612,0.0811749851896113,-0.0135071109210162
44.68,-0.204470944459702,0.00107967046385167,0.0736033825686937,-0.0129321396398491
44.69,-0.207499530539423,0.0017904380588024,0.0665130877079048,-0.01233543863066
44.7,-0.210222730413791,0.00244288247258525,0.0599568006300191,-0.0117215918541786
44.71,-0.212527391984826,0.00303289839101987,0.0539700999024935,-0.0110953335125248
44.72,-0.21455345302897,0.00357458081065425,0.0485711507908049,-0.010462019066538
44.73,-0.216188382326852,0.0040646297910205,0.0437717414203279,-0.00982703152361512
44.74,-0.217570638609211,0.00451705710254892,0.0395661083093137,-0.00919559243202825
44.75,-0.218589254087034,0.0049288984276923,0.0359341714433736,-0.00857284329081415
44.76,-0.21937985604499,0.00531346755996325,0.0328451565560114,-0.00796367862101359
44.77,-0.219834055466875,0.0056676294712543,0.0302523225616549,-0.00737261398239935
44.78,-0.220083709345777,0.0060034898161806,0.0281104607530404,-0.00680366342244523
44.79,-0.220023791921613,0.00631747053471841,0.0263686285675363,-0.0062603841505093
44.8,-0.219781730323234,0.00662027980148571,0.0249653363577352,-0.0057456836483817
44.81,-0.219256478899148,0.00690762958271706,0.0238364624726723,-0.00526189978508873
44.82,-0.218570651865971,0.00718858740987851,0.0229202269255037,-0.00481064203611165
44.83,-0.217627626634882,0.00745811675012116,0.0221558436737892,-0.00439297621775149
44.84,-0.216544833214718,0.00772371179855757,0.0214872121865025,-0.00400927518518356
44.85,-0.215230523591774,0.00797968243479348,0.0208621332273103,-0.00365937665946051
44.86,-0.213796853147243,0.00823209970750933,0.0202323198447109,-0.00334253071011476
44.87,-0.212204162948584,0.0084775247110355,0.0195571050670048,-0.00305744699072587
44.88,-0.210417995756377,0.00871259287581762,0.0188040152256487,-0.00280240615551163
44.89,-0.2085420910564,0.00894169601268931,0.0179476019087382,-0.00257534624190653
44.9,-0.206497282306525,0.00915842813206237,0.0169685793916079,-0.00237392171180534
44.91,-0.204381388840184,0.00936643818362168,0.0158561517141478,-0.00219552648210085
44.92,-0.202120010983541,0.00955950814068885,0.0146077981639059,-0.00203740598170548
44.93,-0.199804823772803,0.0097408774521148,0.0132272024478874,-0.00189681079920253
44.94,-0.197365954385105,0.00990478383000453,0.0117238017718038,-0.00177100792038541
44.95,-0.194888847614489,0.010054311613177,0.0101116175709373,-0.00165734889043912
44.96,-0.192307913786757,0.0101843396934186,0.00840810217081478,-0.00155334908057544
44.97,-0.189702396082797,0.0102979728479723,0.00663362335450234,-0.00145671549728714
44.98,-0.18701078985735,0.010390840611081,0.00481119458137909,-0.00136534684376852
44.99,-0.18430626493944,0.0104661928867504,0.00296542798118937,-0.00127739986070179
45,-0.181531226302829,0.0105204718650351,0.00112142873121248,-0.00119132017272847
45.01,-0.178766011017238,0.010549019785223,-0.00214848178261438,-0.00118990716701879
45.02,-0.175972744912349,0.010543391306796,-0.00523601426122308,-0.00118488405324666
45.03,-0.173213357432609,0.0105086042135639,-0.00810436110507652,-0.00116610335570137
45.04,-0.170437468304475,0.0104441809399067,-0.0107174470607718,-0.00113286570184193
45.05,-0.167700833378963,0.0103555768207876,-0.0130477739505405,-0.00108485488767474
45.06,-0.164955599894812,0.0102431217927819,-0.0150772063698391,-0.00102232443516825
45.07,-0.16225181029444,0.0101123660371755,-0.0167974545726065,-0.000946204923375492
45.08,-0.159544473273002,0.00996408065440688,-0.0182027017363256,-0.000857781385741182
45.09,-0.15687863880546,0.00980366357908793,-0.0192948054252755,-0.000758756824449798
45.1,-0.154212406522377,0.00963207401733435,-0.0200841086936051,-0.000651167927992506
45.11,-0.151586486326677,0.00945428295116744,-0.0205866257534491,-0.000537194522274184
45.12,-0.148980267125573,0.00927202478086245,-0.0208224605388713,-0.000419052365248034
45.13,-0.146376522932377,0.00908702647147656,-0.0208149956587309,-0.000298896576975871
45.14,-0.143810355157715,0.00890328958079664,-0.0205914095334518,-0.00017882376956409
45.15,-0.141248008988151,0.00872121647368487,-0.0201806577018661,-6.07818577524386e-05
45.16,-0.138721329553134,0.00854404535988797,-0.0196129618718309,5.34586910380748e-05
45.17,-0.136199746844474,0.00837175414474231,-0.0189193264361564,0.000162327315764453
45.18,-0.133712159957065,0.00820679401435151,-0.0181308577967106,0.000264480985487037
45.19,-0.131231056564575,0.00804868934297563,-0.0172779856126937,0.000358816286139132
45.2,-0.128782673911092,0.00789913167780748,-0.0163896877290049,0.000444483596384726
45.21,-0.126342409360976,0.00775722166782779,-0.0154929034312492,0.000520893190085837
45.22,-0.123934073904199,0.00762397459023222,-0.0146120373971532,0.000587711061337539
45.23,-0.121535786508975,0.00749814564227331,-0.0137686288437905,0.000644848189689493
45.24,-0.11916912465448,0.00738019480896253,-0.0129809387080159,0.000692438131373398
45.25,-0.116814719253016,0.00726864198379056,-0.0122638023326769,0.000730813628756092
45.26,-0.114492076504927,0.00716353680973399,-0.011628521988694,0.000760482122519585
45.27,-0.112184117492369,0.00706329029068419,-0.0110829133681877,0.000782094023716043
45.28,-0.109908412693813,0.00696769376402115,-0.0106311457730758,0.00079642900790664
45.29,-0.107649938035158,0.00687517494331138,-0.010275023487442,0.000804361528022243
45.3,-0.105424422913696,0.0067853944752939,-0.0100141717807407,0.000806773452482318
45.31,-0.103218679371643,0.00669689328493125,-0.00984375683355755,0.000804609498654921
45.32,-0.101046725659163,0.00660933193422281,-0.00975730440539111,0.000798772264541296
45.33,-0.0988970187348208,0.00652146492458071,-0.00974690918888962,0.000790110690316896
45.34,-0.0967819791077078,0.00643303423955688,-0.00980310692611855,0.000779428599089041
45.35,-0.0946915187170161,0.00634305670634029,-0.00991521351066459,0.000767472848515692
45.36,-0.0926365415044064,0.00625141695346413,-0.0100717824496637,0.000754918740267309
45.37,-0.0906082269264026,0.00615742441323476,-0.010260925116731,0.000742363078614594
45.38,-0.0886160454832048,0.00606113656240512,-0.0104709446211766,0.000730314817404271
45.39,-0.0866559581399438,0.00596226726814155,-0.010690807115265,0.000719176520943053
45.4,-0.0847249853402001,0.00586069260065821,-0.0109098603766869,0.000709262898232209
45.41,-0.0828306037432345,0.00575671076358599,-0.0111183816831317,0.000700790838225365
45.42,-0.0809664402342154,0.00565029593948131,-0.0113077856462257,0.000693881319832347
45.43,-0.0791387793316138,0.00554186966656408,-0.011470764656759,0.00068856852601598
45.44,-0.0773420352811645,0.0054315924379688,-0.0116013646130118,0.000684809842210985
45.45,-0.0755814143549811,0.00531996221228084,-0.0116950261420996,0.000682497853618622
45.46,-0.0738520320734954,0.00520726586918739,-0.0117485781445291,0.000681471745191883
45.47,-0.0721581360284942,0.00509402722583657,-0.0117601866817039,0.000681529183970809
45.48,-0.0704954782490805,0.00498060062146113,-0.0117292928913513,0.000682437597743318
45.49,-0.0688674623335768,0.00486748823785436,-0.0116565142338622,0.000683945607873997
45.5,-0.0672704209375921,0.00475505936748229,-0.0115434346614929,0.000685795015513717
45.51,-0.0657070185445701,0.00464375584091646,-0.0113926220690873,0.000687738691497652
45.52,-0.0641741136369056,0.00453391877855605,-0.0112075798372829,0.000689541432523545
45.53,-0.0626737258372367,0.00442589606189718,-0.0109924190019135,0.000690984721549911
45.54,-0.0612031960278232,0.00431996720632666,-0.0107517613555651,0.000691863756182882
45.55,-0.0597639986915066,0.0042163668822626,-0.0104904778524341,0.00069198444820216
45.56,-0.0583539277628198,0.00411529844087201,-0.0102128956541835,0.000691201726679657
45.57,-0.0569739937066398,0.00401688834617357,-0.00992380212041875,0.000689386890889933
45.58,-0.0556224043560611,0.00392126024306459,-0.00962803616883602,0.000686442170615149
45.59,-0.0542997862552337,0.00382843013285917,-0.00933014685870536,0.000682309970851666
45.6,-0.0530047237967901,0.0037384436625057,-0.00903425272551012,0.000676972799368872
45.61,-0.0517375075934599,0.00365122287315866,-0.00874398900822156,0.00067044958570549
45.62,-0.0504970471581645,0.00356675132389885,-0.00846249730705989,0.000662790491723188
45.63,-0.0492833452575434,0.00348487880707975,-0.00819240858473163,0.000654072241306009
45.64,-0.0480955985064595,0.00340554483120799,-0.00793583640775303,0.000644393325949703
45.65,-0.0469335664840163,0.00332854950051408,-0.00769436600221033,0.000633869735911686
45.66,-0.0457966675131809,0.00325377272136675,-0.00746906365314171,0.0006226303153139
45.67,-0.0446845367496396,0.00318109150680224,-0.00726048984478781,0.000610812495505084
45.68,-0.0435966438145305,0.00311027349230973,-0.00706873211808087,0.000598557846475614
45.69,-0.0425327462794023,0.003041230059368,-0.00689345153281248,0.000586007685258456
45.7,-0.0414921600427531,0.00297373189972713,-0.00673389777719964,0.000573300764952798
45.71,-0.0404748109067263,0.00290770791243124,-0.00658903081429981,0.000560569065326383
45.72,-0.0394798842974531,0.00284294671609392,-0.00645760272553737,0.000547931824478991
45.73,-0.0385074434296477,0.00277940408646204,-0.00633809196852662,0.000535497258434627
45.74,-0.0375565670608466,0.00271689712919042,-0.00622882344475504,0.000523358476372415
45.75,-0.0366274301330325,0.00265541536111554,-0.00612805748307796,0.000511591394833752
45.76,-0.0357190259456042,0.00259480978165415,-0.00603403224272789,0.000500255022416728
45.77,-0.0348316193169733,0.00253510448786595,-0.00594503667228504,0.000489390555685648
45.78,-0.033964137489761,0.00247618451546547,-0.00585944309947466,0.000479022415361364
45.79,-0.0331169164024043,0.00241810544381098,-0.00577569312323022,0.000469161830456092
45.8,-0.0322888334844,0.00236078335025048,-0.00569244610599499,0.000459805079288886
45.81,-0.0314802787193162,0.00230429903622238,-0.00560853527353933,0.00045093584150136
45.82,-0.030690095257178,0.0022485929058319,-0.00552293962396422,0.000442528553953935
45.83,-0.0299187128042675,0.0021937636955677,-0.00543483761979231,0.000434548309224569
45.84,-0.0291649531322467,0.00213976952413967,-0.00534362073626563,0.000426952469922844
45.85,-0.0284292742672232,0.00208671862500748,-0.00524889571241811,0.000419692564177246
45.86,-0.0277104877836694,0.00203457873189644,-0.0051504743358132,0.000412716494253562
45.87,-0.02700906990676,0.00198345900598811,-0.00504835442243544,0.000405970419592245
45.88,-0.0263238341517544,0.0019333292488749,-0.00494270243559277,0.000399400665136796
45.89,-0.0256552698583787,0.0018842922082193,-0.00483383408325099,0.000392955298373695
45.9,-0.0250022032295272,0.00183631362917849,-0.00472218945511366,0.000386585640427218
45.91,-0.0243651279456136,0.00178948437335899,-0.00460830995337805,0.000380247415875849
45.92,-0.0237428871193366,0.00174376192566276,-0.0044928096512028,0.000373901810948987
45.93,-0.023135568897402,0.00169919210538147,-0.00437636252233441,0.000367516196475898
45.94,-0.0225432511031647,0.00165581053832429,-0.00425968284751829,0.000361064566820173
45.95,-0.0219648154115788,0.00161355829294598,-0.00414348998167407,0.000354527683029505
45.96,-0.0214007432540733,0.00157248471899691,-0.00402847796044472,0.000347893132548586
45.97,-0.0208499489816161,0.00153251987631161,-0.00391529700227222,0.00034115534210425
45.98,-0.0203129031079321,0.00149369714930214,-0.00380452416897354,0.000334315105715503
45.99,-0.0197885558301856,0.00145593795492884,-0.00369665968823201,0.000327379417389421
46,-0.0192773632790448,0.00141926257647369,-0.00359215161240447,0.000320360566346183
46.01,-0.0187783143378208,0.00138358640589469,-0.00349137393812238,0.000313275092590799
46.02,-0.01829184846624,0.00134891936627004,-0.00339460940425171,0.000306143052055209
46.03,-0.0178169951970286,0.0013151741048095,-0.00330204333320703,0.000298987366120195
46.04,-0.0173541751041926,0.00128235383009702,-0.00321379748639507,0.000291834059515463
46.05,-0.0169024585415221,0.00125037163920151,-0.00312990996386354,0.000284710911069226
46.06,-0.0164622444402136,0.00121922747926469,-0.0030502724623007,0.000277644853190179
46.07,-0.0160326443293464,0.00118883899055352,-0.00297473183175034,0.000270662333994019
46.08,-0.0156140345810369,0.00115920644719195,-0.00290308432947893,0.000263788334752852
46.09,-0.0152055679533518,0.00113025429197432,-0.0028350699654314,0.000257045898573168
46.1,-0.0148075965804431,0.00110198564425476,-0.00277030842110125,0.000250459859202027
46.11,-0.0144193122063045,0.00107433411218886,-0.00270853677080114,0.000244048925653126
46.12,-0.014041041202093,0.00104730620011645,-0.00264943884433642,0.000237829437266275
46.13,-0.0136720143886322,0.00102084439095615,-0.00259261990957645,0.000231816105829247
46.14,-0.0133125315391167,0.000994960301679899,-0.00253768802326058,0.000226019104498393
46.15,-0.0129618614970095,0.000969606512068929,-0.00248428784474062,0.000220443420177154
46.16,-0.012620279441661,0.000944799228720985,-0.00243210610200523,0.000215089311415367
46.17,-0.012287093117374,0.000920499583667131,-0.00238086668648682,0.000209953094046568
46.18,-0.01196255337954,0.000896726971641709,-0.00233032900398603,0.000205027852860771
46.19,-0.0116460066638222,0.000873449511748145,-0.00228028781735171,0.000200304040572606
46.2,-0.011337477564977,0.000850676692947967,-0.00223057502288984,0.000195769951231928
46.21,-0.01103696544551,0.000828417280982542,-0.00218106086656383,0.000191412185079917
46.22,-0.0107438752745432,0.000806646952485116,-0.00213165465821811,0.000187216100685863
46.23,-0.0104584061781861,0.000785386996269438,-0.00208230429853133,0.000183166266124623
46.24,-0.0101800010607738,0.000764616002429287,-0.00203299402212247,0.000179246930745352
46.25,-0.00990884039719564,0.000744353622617384,-0.00198374155888229,0.000175442451535661
46.26,-0.00964440378937059,0.000724579871049103,-0.00193459489426914,0.000171737688466128
46.27,-0.00938685413704654,0.000705311554813456,-0.00188564295528124,0.000168117828425827
46.28,-0.00913570652018159,0.000686528686929445,-0.00183698738290712,0.000164569333081429
46.29,-0.008891107373449,0.000668244354359124,-0.00178873552080429,0.000161080756618191
46.3,-0.00865260538168044,0.00065043797851699,-0.00174100436949274,0.000157642248094036
46.31,-0.00842033102802109,0.000633118746910924,-0.00169391480599851,0.00015424560169978
46.32,-0.00819386466279948,0.000616265091394427,-0.00164760001581143,0.000150884705737021
46.33,-0.00797332136610773,0.000599882136713513,-0.00160218669323446,0.000147555279470749
46.34,-0.00775831115157377,0.000583947186684202,-0.00155778460953303,0.000144254337751343
46.35,-0.007548934568959,0.000568461812257154,-0.00151449230530004,0.000140980397771696
46.36,-0.00734482960779559,0.000553402632160985,-0.00147239510646332,0.000137733382967976
46.37,-0.00714608305765907,0.000538768282360413,-0.00143156317068628,0.000134514460323879
46.38,-0.0069523590612528,0.000524535170334987,-0.00139205010504077,0.000131325860333098
46.39,-0.00676373139505682,0.000510699731192565,-0.00135389225720543,0.000128170681620727
46.4,-0.00657988856181113,0.000497238737916448,-0.00131711093818679,0.000125052623035495
46.41,-0.00640089242564557,0.000484147086756272,-0.00128172530372132,0.000121975525746578
46.42,-0.00622645494136265,0.000471402319877696,-0.00124771769548392,0.000118943506054558
46.43,-0.00605662682905628,0.000458998697167809,-0.00121504559559688,0.00011596101506259
46.44,-0.00589114090712251,0.000446915505740163,-0.00118365760555712,0.000113032910013778
46.45,-0.00573003681814921,0.000435147146931817,-0.00115349960352191,0.000110164194300736
46.46,-0.00557306681450953,0.000423674843638333,-0.00112451231251697,0.00010735958201022
46.47,-0.00542019857602405,0.00041249054641536,-0.00109662838262669,0.000104623138880583
46.48,-0.00527138839903074,0.000401586160543425,-0.0010697720486586,0.000101958079631268
46.49,-0.00512641561748772,0.000390946208155515,-0.0010438604711758,9.93666962245316e-05
46.5,-0.00498529700694572,0.000380566772948339,-0.00101880801768673,9.68503632022902e-05
46.51,-0.00484782881522694,0.000370434743639465,-0.000994529737513861,9.44095996705458e-05
46.52,-0.00471402055747383,0.000360547267607917,-0.00097094220000698,9.20441238691923e-05
46.53,-0.00458368438786838,0.000350893496441866,-0.00094796672269393,8.9752918439334e-05
46.54,-0.00445682341760278,0.00034147157140544,-0.000925530871447235,8.75343035813989e-05
46.55,-0.00433326460181149,0.00033227263943056,-0.000903569659585628,8.53860133788803e-05
46.56,-0.00421300535234348,0.000323295617878936,-0.00088202632064147,8.33052811854631e-05
46.57,-0.00409588639661074,0.000314533284602345,-0.00086085283927967,8.12889291079923e-05
46.58,-0.00398190014344824,0.000305985042364261,-0.000840010146231218,7.93334650673042e-05
46.59,-0.00387090014274261,0.000297644897386739,-0.000819468135382626,7.74351798403e-05
46.6,-0.00376287450488011,0.000289512376880361,-0.000799219435834725,7.55898497640435e-05
46.61,-0.00365768916214915,0.000281582088003134,-0.000779260123980163,7.37927124353112e-05
46.62,-0.00355532907470479,0.000273853345790639,-0.000759566419474334,7.20393630115606e-05
46.63,-0.00345567148645465,0.000266321524460464,-0.000740120937875801,7.03262994984795e-05
46.64,-0.00335869779537745,0.000258985877829056,-0.00072092759514339,6.86511187729897e-05
46.65,-0.00326429466900091,0.000251842025947008,-0.000702008193400356,6.70121500153638e-05
46.66,-0.00317243968100378,0.00024488850731795,-0.000683391750637846,6.5407972342045e-05
46.67,-0.0030830280213392,0.000238120681162671,-0.000665106147375113,6.38371096748193e-05
46.68,-0.0029960342495805,0.000231536273234166,-0.000647174471336643,6.22979513651441e-05
46.69,-0.00291136194922803,0.000225130448001549,-0.000629614886624401,6.07888159785283e-05
46.7,-0.00282898357152117,0.000218900331388604,-0.000612441872157536,5.93080737990095e-05
46.71,-0.00274881068749355,0.000212841031012273,-0.000595667598898393,5.78542605900825e-05
46.72,-0.00267081423716053,0.000206949218400063,-0.000579302549697067,5.64261589850538e-05
46.73,-0.00259491339011131,0.000201219989656623,-0.000563356297142143,5.50228380708288e-05
46.74,-0.00252106764803983,0.000195649405958478,-0.000547836778184558,5.36436630287409e-05
46.75,-0.00244923404285124,0.000190233290270542,-0.000532750121395305,5.22882758231736e-05
46.76,-0.00237934165577158,0.000184966793619509,-0.000518100237768194,5.09565654880046e-05
46.77,-0.00231135881000011,0.000179845837051232,-0.000503888473556207,4.96486328423344e-05
46.78,-0.00224522035973518,0.000174865693869532,-0.000490113472169279,4.83647492859407e-05
46.79,-0.00218089383640585,0.000170022188318608,-0.000476771098070746,4.71053192398354e-05
46.8,-0.00211831935008533,0.000165310803391643,-0.000463854545453974,4.58708415411604e-05
46.81,-0.00205746386861261,0.00016072739136247,-0.000451354483319072,4.46618752497043e-05
46.82,-0.00199827226208793,0.000156267728846814,-0.000439259333339932,4.34790050694006e-05
46.83,-0.0019407111070846,0.000151927807429328,-0.000427555539180451,4.23228114283518e-05
46.84,-0.00188472958054664,0.000147703765423543,-0.00041622792523146,4.11938407183433e-05
46.85,-0.00183029403019841,0.000143591820798181,-0.000405260017177804,4.00925806701595e-05
46.86,-0.00177735751925923,0.000139588527472044,-0.000394632501230828,3.90194992566859e-05
46.87,-0.00172588628118842,0.000135690398225639,-0.000384328935348132,3.79750195489994e-05
46.88,-0.00167583684639183,0.000131894399981074,-0.000374332534820271,3.69594485243475e-05
46.89,-0.00162717548169944,0.000128197328486735,-0.00036462649730373,3.59729108240682e-05
46.9,-0.00157986193697557,0.000124596540645225,-0.000355193449545027,3.5015322526165e-05
46.91,-0.00153386275943124,0.000121089137784636,-0.000346015792517927,3.4086398047567e-05
46.92,-0.00148914074048356,0.00011767287728029,-0.000337073146556317,3.31857764977957e-05
46.93,-0.00144566274200564,0.000114345282139906,-0.000328338154121064,3.23136627657227e-05
46.94,-0.00140339411917267,0.000111104494436487,-0.000319815896944816,3.14691051501374e-05
46.95,-0.00136230227806511,0.000107948129103317,-0.000311492091970631,3.06516546969768e-05
46.96,-0.00132235511501655,0.000104874590336066,-0.000303345896690504,2.98608710781295e-05
46.97,-0.00128352054617675,0.000101881847860991,-0.000295362737391473,2.90960030214076e-05
46.98,-0.00124576869449289,9.8968618040934e-05,-0.000287534051092683,2.83559473417917e-05
46.99,-0.00120906828034251,9.61330285904727e-05,-0.000279855765465359,2.76393508653815e-05
47,-0.00117339182656462,9.33738985349842e-05,-0.000272326166330694,2.69446862208643e-05
47.01,-0.00113870923141146,9.06893832116972e-05,-0.000264944927101776,2.62703320547118e-05
47.02,-0.00110499542834308,8.80783195460075e-05,-0.000257712650503315,2.56146382864632e-05
47.03,-0.00107222304010524,8.5539020803618e-05,-0.000250630605987116,2.49759796228864e-05
47.04,-0.001040365173405,8.30697832039762e-05,-0.000243700570987621,2.4352797918244e-05
47.05,-0.00100940015272499,8.06694060291195e-05,-0.00023692466672039,2.37436374896288e-05
47.06,-0.000979301315231496,7.83359718185345e-05,-0.000230305187531922,2.31471738899193e-05
47.07,-0.000950048992620189,7.60682357415593e-05,-0.000223844462184164,2.25622345409333e-05
47.08,-0.000921617842952749,7.38642376213628e-05,-0.000217544689846115,2.19878143230727e-05
47.09,-0.000893989964335873,7.17226874549002e-05,-0.000211407808301357,2.14230841168398e-05
47.1,-0.000867141227921309,6.96415928490467e-05,-0.00020543535208736,2.08673945873781e-05
47.11,-0.000841055239981792,6.76196283028217e-05,-0.000199628719455592,2.03202631577675e-05
47.12,-0.000815708960254291,6.56547847500799e-05,-0.000193988189493668,1.97813451289242e-05
47.13,-0.00079108726476651,6.37457266871699e-05,-0.000188512906615974,1.9250476627349e-05
47.14,-0.000767168025087805,6.18905040137405e-05,-0.000183194443725923,1.87279919245409e-05
47.15,-0.00074393697612507,6.00878593576571e-05,-0.000178036096162137,1.821419985819e-05
47.16,-0.000721372662003006,5.83358382516971e-05,-0.000173040760157292,1.77094751503909e-05
47.17,-0.000699461539711344,5.66331406482733e-05,-0.00016820298964226,1.72144997469691e-05
47.18,-0.000678182700855956,5.49779175313444e-05,-0.000163515387523395,1.67299171858181e-05
47.19,-0.000657523126220028,5.33689968942384e-05,-0.000158971269896,1.62562157550218e-05
47.2,-0.000637462501417829,5.18046733643268e-05,-0.000154565074096645,1.57937436944484e-05
47.21,-0.0006179883848203,5.02838761411268e-05,-0.000150291807879641,1.53427511094224e-05
47.22,-0.000599081157790948,4.8805014712192e-05,-0.000146146557002049,1.49034237717258e-05
47.23,-0.000580728968550659,4.73671052498197e-05,-0.000142124170606902,1.44758960216383e-05
47.24,-0.000562912932243087,4.59686746200725e-05,-0.00013821919848673,1.40602518477813e-05
47.25,-0.000545621766504745,4.46088349542879e-05,-0.000134426000702073,1.365652128088e-05
47.26,-0.000528837340117327,4.32862399558876e-05,-0.000130738897710507,1.32646779098779e-05
47.27,-0.000512548920233336,4.20001020138784e-05,-0.000127152318573467,1.28846384036661e-05
47.28,-0.00049673913702275,4.07492006856495e-05,-0.000123660908240821,1.25162649027302e-05
47.29,-0.000481397786936455,3.95328417918362e-05,-0.000120259615595841,1.21593688137472e-05
47.3,-0.000466509903694678,3.83500272735617e-05,-0.000116943751446388,1.18137160736924e-05
47.31,-0.000452060988288316,3.71998182876817e-05,-0.000113709038759476,1.14790326972926e-05
47.32,-0.000438041624754248,3.60816329407932e-05,-0.000110551643283262,1.11550109365731e-05
47.33,-0.000424436417343799,3.49945077557362e-05,-0.000107468188962342,1.08413157382963e-05
47.34,-0.000411236437385831,3.39379148251057e-05,-0.000104455768875509,1.0537590800567e-05
47.35,-0.000398427062735962,3.2910962365964e-05,-0.000101511935629311,1.0243464880574e-05
47.36,-0.000385999835786244,3.19131583971249e-05,-9.8634672923494e-05,9.95855760031712e-06
47.37,-0.000373940895197933,3.09436686996745e-05,-9.58215883350442e-05,9.68251356787539e-06
47.38,-0.000362242217125441,3.00020258142264e-05,-9.30720908390177e-05,9.41500767483847e-06
47.39,-0.000350890656138247,2.90874279274023e-05,-9.03858827285869e-05,9.15571602452743e-06
47.4,-0.000339878597661603,2.81994004209103e-05,-8.77629460596192e-05,8.90430591182489e-06
47.41,-0.000329193612922829,2.73371559051794e-05,-8.52030635039377e-05,8.66042976145625e-06
47.42,-0.00031882850823628,2.65002146899093e-05,-8.27049534863954e-05,8.42376179806163e-06
47.43,-0.000308771528449547,2.56878407738167e-05,-8.02649894518981e-05,8.19418502563559e-06
47.44,-0.000299015821307869,2.48995611791088e-05,-7.78881706844334e-05,7.97131442764923e-06
47.45,-0.000289550302565722,2.41346116167661e-05,-7.5573903300717e-05,7.75495356777034e-06
47.46,-0.000280368478399851,2.33925059164063e-05,-7.33196994577889e-05,7.54494454141473e-06
47.47,-0.000271459870586632,2.26725329233052e-05,-7.11237213423437e-05,7.34106895548999e-06
47.48,-0.000262818323240488,2.19742304597622e-05,-6.89857347558568e-05,7.14302270060618e-06
47.49,-0.000254434042324725,2.12968924584914e-05,-6.69076970233484e-05,6.95030972419058e-06
47.5,-0.000246301322193609,2.06400496125919e-05,-6.48853628787769e-05,6.76262857956009e-06
47.51,-0.000238411061117993,2.00030476307656e-05,-6.2918429208617e-05,6.57956680496723e-06
47.52,-0.000230757974990503,1.93854195957483e-05,-6.10088139729259e-05,6.40073538085362e-06
47.53,-0.000223333643777579,1.87864920923938e-05,-5.91577094224262e-05,6.22583766190323e-06
47.54,-0.000216133168552624,1.82057666064705e-05,-5.73654834583358e-05,6.05466380112969e-06
47.55,-0.000209148719364727,1.76425714337821e-05,-5.56316700839303e-05,5.88706689585017e-06
47.56,-0.000202375704484226,1.70964094628797e-05,-5.39552400408236e-05,5.72294574850313e-06
47.57,-0.000195807479665966,1.65666730378862e-05,-5.23348128496882e-05,5.56223267576232e-06
47.58,-0.000189437692314165,1.60527770967394e-05,-5.07687829822351e-05,5.40488471977556e-06
47.59,-0.000183262116673077,1.55542580645045e-05,-4.92553883575805e-05,5.25087711052596e-06
47.6,-0.000177274105306324,1.50705333192113e-05,-4.77927487697609e-05,5.10019807948219e-06
47.61,-0.000171469632979537,1.46011704624514e-05,-4.63789128445342e-05,4.95284450608449e-06
47.62,-0.000165842447879427,1.41456303392281e-05,-4.50121827236983e-05,4.80880281140446e-06
47.63,-0.000160388710110482,1.37035133918836e-05,-4.3690161615938e-05,4.66805299005627e-06
47.64,-0.000155102541220309,1.3274330874082e-05,-4.24105066804551e-05,4.53057636598687e-06
47.65,-0.000149980270201411,1.28577247909701e-05,-4.11708894158128e-05,4.39636071354999e-06
47.66,-0.000145016354894167,1.24532577481271e-05,-3.99691877537168e-05,4.26540201739331e-06
47.67,-0.000140207265299175,1.20606087797295e-05,-3.88034715322013e-05,4.13770139061163e-06
47.68,-0.000135547761304977,1.16793819944874e-05,-3.76726106965099e-05,4.01323506726077e-06
47.69,-0.000131034455347567,1.13092756788168e-05,-3.65752764300722e-05,3.89194423520789e-06
47.7,-0.000126662406311873,1.09499334621493e-05,-3.55084181821138e-05,3.77383297189362e-06
47.71,-0.000122428347546055,1.06010963481871e-05,-3.44708395969704e-05,3.65885034165913e-06
47.72,-0.000118327611763114,1.02624397562142e-05,-3.34619595884891e-05,3.5469414935041e-06
47.73,-0.000114357059612935,9.93371439763051e-06,-3.248109833492e-05,3.43807254303718e-06
47.74,-0.000110512279976049,9.6146125176106e-06,-3.1527534032249e-05,3.33221648254449e-06
47.75,-0.000106790244182697,9.30489856864535e-06,-3.05999436109958e-05,3.22934736877324e-06
47.76,-0.000103186776289732,9.0042928137253e-06,-2.96969365292463e-05,3.12943785763354e-06
47.77,-9.96989489756572e-05,8.71258368784711e-06,-2.88171758150683e-05,3.03245946052387e-06
47.78,-9.63228019612572e-05,8.42952084555232e-06,-2.79595445852373e-05,2.93838350068926e-06
47.79,-9.30554995477451e-05,8.15491174366211e-06,-2.71231405302105e-05,2.84718001472746e-06
47.8,-8.98932813457876e-05,7.8885269716876e-06,-2.63072289252884e-05,2.75881647202756e-06
47.81,-8.68333994663573e-05,7.63018581090766e-06,-2.55111998259908e-05,2.67325676395704e-06
47.82,-8.38722833993444e-05,7.37967382873491e-06,-2.473454082477e-05,2.59046045026616e-06
47.83,-8.10072748649304e-05,7.13681789095913e-06,-2.3976820375118e-05,2.51038222018701e-06
47.84,-7.82351656720692e-05,6.90142198612482e-06,-2.32376768365217e-05,2.43297151913918e-06
47.85,-7.55528614950762e-05,6.67329574831008e-06,-2.25168086661141e-05,2.35817235872735e-06
47.86,-7.29578481264426e-05,6.45227243470518e-06,-2.1813964746955e-05,2.28592328621969e-06
47.87,-7.04470158394699e-05,6.23816032247766e-06,-2.1128934873032e-05,2.21615751952371e-06
47.88,-6.80179548906423e-05,6.03079488124736e-06,-2.04615399824595e-05,2.14880324186406e-06
47.89,-6.56677392676386e-05,5.82998984445314e-06,-1.98116235212578e-05,2.08378398450723e-06
47.9,-6.3394070795475e-05,5.63558197277853e-06,-1.91790429074433e-05,2.02101912077513e-06
47.91,-6.11942120380959e-05,5.44738564668028e-06,-1.85645312617216e-05,1.9603831632221e-06
47.92,-5.90660018380262e-05,5.26523205644372e-06,-1.79671867973097e-05,1.90177431119307e-06
47.93,-5.70068980128013e-05,5.08894737496328e-06,-1.73863568135795e-05,1.8450986175624e-06
47.94,-5.50148669642425e-05,4.91837219951163e-06,-1.68224066206594e-05,1.79023142066263e-06
47.95,-5.30875622679616e-05,4.75332928528873e-06,-1.62757115891705e-05,1.73705612486967e-06
47.96,-5.12230912077527e-05,4.59365167977561e-06,-1.57463617665169e-05,1.68546918113617e-06
47.97,-4.94192942523952e-05,4.43916170010405e-06,-1.52341906812307e-05,1.63537919444508e-06
47.98,-4.76744082815728e-05,4.28969449983012e-06,-1.47388689272004e-05,1.58670522830311e-06
47.99,-4.59864438777657e-05,4.14507980263573e-06,-1.42599807718865e-05,1.53937540073668e-06
48,-4.43537549665862e-05,4.00515999252846e-06,-1.37970685374809e-05,1.49332589418864e-06
48.01,-4.27745042372862e-05,3.86977488981722e-06,-1.33496547487623e-05,1.44850022406188e-06
48.02,-4.12471508353107e-05,3.73877558650668e-06,-1.29172214806914e-05,1.40484951309216e-06
48.03,-3.97699928669226e-05,3.61201307067093e-06,-1.24992107812974e-05,1.36233487344245e-06
48.04,-3.83415800504494e-05,3.48934801562909e-06,-1.20951954659883e-05,1.32092727963295e-06
48.05,-3.69603270584662e-05,3.3706413512948e-06,-1.17047523794603e-05,1.2806041071206e-06
48.06,-3.56248615771548e-05,3.25576140739039e-06,-1.13274744156368e-05,1.24134639925933e-06
48.07,-3.43337020467516e-05,3.14457793558951e-06,-1.0962931179278e-05,1.20313703132322e-06
48.08,-3.30855478116732e-05,3.03696727533568e-06,-1.06106702974377e-05,1.16595987373926e-06
48.09,-3.18790129352209e-05,2.93280870993745e-06,-1.02702252304179e-05,1.12979920857553e-06
48.1,-3.07128636238829e-05,2.83198738859176e-06,-9.94112329781139e-06,1.09463930091751e-06
48.11,-2.95858222845169e-05,2.73439244363247e-06,-9.62289211685881e-06,1.0604640237713e-06
48.12,-2.8496658200261e-05,2.63991811989473e-06,-9.31506360402592e-06,1.02725658814085e-06
48.13,-2.7444231271545e-05,2.54846296752685e-06,-9.01717899164305e-06,9.94999364980637e-07
48.14,-2.64273646992663e-05,2.45993055375243e-06,-8.72879251351299e-06,9.63673760139588e-07
48.15,-2.544497682333e-05,2.37422799805636e-06,-8.44947498867923e-06,9.33260183085536e-07
48.16,-2.44959648050269e-05,2.29126768440381e-06,-8.17881678398611e-06,9.03738062123029e-07
48.17,-2.35793027831832e-05,2.21096463700256e-06,-7.9164303534716e-06,8.75085924316343e-07
48.18,-2.26939573870766e-05,2.13323893967094e-06,-7.66198175470398e-06,8.47280252131094e-07
48.19,-2.18389567647748e-05,2.05801250491761e-06,-7.41512056271047e-06,8.20296679572792e-07
48.2,-2.10133332174678e-05,1.9852125889787e-06,-7.17550030079306e-06,7.94109850445543e-07
48.21,-2.02161671039036e-05,1.91476740561805e-06,-6.94281666460412e-06,7.68694910826967e-07
48.22,-1.94465517528997e-05,1.84661049961327e-06,-6.71680278991935e-06,7.4402823333738e-07
48.23,-1.87036160221865e-05,1.78067524817095e-06,-6.49723053175178e-06,7.20087535859897e-07
48.24,-1.79865094542819e-05,1.71689977316855e-06,-6.28390635096111e-06,6.96851862486142e-07
48.25,-1.72944053344892e-05,1.65522132439722e-06,-6.07666473556371e-06,6.7430137646573e-07
48.26,-1.66265048822112e-05,1.59558140506824e-06,-5.87536227669076e-06,6.52417275970757e-07
48.27,-1.59820243021969e-05,1.53791987554205e-06,-5.67987891497945e-06,6.31181293513938e-07
48.28,-1.5360212976212e-05,1.48218080136746e-06,-5.4901061880847e-06,6.1057546034407e-07
48.29,-1.47603282769637e-05,1.4283061780194e-06,-5.30594205569164e-06,5.90581525093291e-07
48.3,-1.41816659589011e-05,1.37624225118503e-06,-5.12727411711715e-06,5.71181497844445e-07
48.31,-1.36235239027727e-05,1.32593318963871e-06,-4.95398442199449e-06,5.52357866134352e-07
48.32,-1.30852419699679e-05,1.27732755566104e-06,-4.78595958344292e-06,5.340940671171e-07
48.33,-1.25661568128876e-05,1.23037173973461e-06,-4.62309482601155e-06,5.1637472575857e-07
48.34,-1.20656495177229e-05,1.18501640627463e-06,-4.46529135734187e-06,4.99185605080884e-07
48.35,-1.15830930376148e-05,1.14120994823487e-06,-4.31245307100262e-06,4.82513489865476e-07
48.36,-1.11179072987966e-05,1.09890486765354e-06,-4.16448299906497e-06,4.66346060778676e-07
48.37,-1.06694998818213e-05,1.0580515311079e-06,-4.02128212601166e-06,4.50671786965349e-07
48.38,-1.02373182668813e-05,1.01860366349905e-06,-3.88274802032871e-06,4.35479798591919e-07
48.39,-9.82082740108581e-06,9.8051604281073e-07,-3.74877408661795e-06,4.20759776096924e-07
48.4,-9.41948392174652e-06,9.43742161958837e-07,-3.61924954279168e-06,4.06501831774601e-07
48.41,-9.03279328845485e-06,9.08239758055032e-07,-3.4940590377316e-06,3.92696392828152e-07
48.42,-8.660242859726e-06,8.73964653564679e-07,-3.37308309459913e-06,3.79334103282021e-07
48.43,-8.30136881635468e-06,8.40876949532731e-07,-3.25619853957353e-06,3.66405715427434e-07
48.44,-7.95568775746602e-06,8.08935014196592e-07,-3.14327887515596e-06,3.53901999576945e-07
48.45,-7.62276511956372e-06,7.78101383434553e-07,-3.03419506519274e-06,3.41813662003711e-07
48.46,-7.30214566857512e-06,7.48337034916043e-07,-2.92881658810395e-06,3.30131269732766e-07
48.47,-6.99342227150623e-06,7.19607062353512e-07,-2.82701177595266e-06,3.18845189631083e-07
48.48,-6.6961666478349e-06,6.91875130049495e-07,-2.72864921877448e-06,3.07945552289979e-07
48.49,-6.4099977059584e-06,6.65108913571855e-07,-2.63359823493763e-06,2.97422222682671e-07
48.5,-6.13451300068846e-06,6.39274732044859e-07,-2.54173046136361e-06,2.87264795919766e-07
48.51,-5.86935616198048e-06,6.14342756638235e-07,-2.45292001517041e-06,2.77462596904229e-07
48.52,-5.61414970778884e-06,5.90281833766467e-07,-2.36704514186012e-06,2.68004706331554e-07
48.53,-5.36856055965984e-06,5.67064560391902e-07,-2.28398858635159e-06,2.58879972672244e-07
48.54,-5.13223466747093e-06,5.44662199419401e-07,-2.20363798539462e-06,2.50077052965975e-07
48.55,-4.90486179494098e-06,5.23049410358008e-07,-2.12588660472556e-06,2.41584466760575e-07
48.56,-4.6861104321394e-06,5.02199709938365e-07,-2.05063357933427e-06,2.33390650055444e-07
48.57,-4.47569112616009e-06,4.82089720126216e-07,-1.97778434617299e-06,2.25484022714346e-07
48.58,-4.27329424024236e-06,4.62694862735972e-07,-1.9072509313624e-06,2.17853049765011e-07
48.59,-4.07865000529029e-06,4.43993510412444e-07,-1.83895160090947e-06,2.10486298862378e-07
48.6,-3.8914694977521e-06,4.25962726182384e-07,-1.7728108423776e-06,2.03372509396503e-07
48.61,-3.71150191647018e-06,4.08582268982634e-07,-1.70875896124581e-06,1.96500658965238e-07
48.62,-3.53847740175439e-06,3.91830744745486e-07,-1.64673208486644e-06,1.89860028131613e-07
48.63,-3.37216279788777e-06,3.7568912052626e-07,-1.58667150332062e-06,1.83440252165355e-07
48.64,-3.21230680810913e-06,3.60137167071114e-07,-1.5285233636746e-06,1.77231375214872e-07
48.65,-3.05868647831886e-06,3.45156493531326e-07,-1.47223800013336e-06,1.7122388978273e-07
48.66,-2.91108637107129e-06,3.30729117823492e-07,-1.41776949922142e-06,1.65408771167393e-07
48.67,-2.76928052134195e-06,3.16836315637438e-07,-1.36507594852858e-06,1.59777445862654e-07
48.68,-2.63307490300235e-06,3.0346128915897e-07,-1.31412173850945e-06,1.54321577575598e-07
48.69,-2.50225925046976e-06,2.90586185309561e-07,-1.2648673594742e-06,1.49033204411499e-07
48.7,-2.37665365432349e-06,2.78194920576148e-07,-1.21726815268293e-06,1.43904845621337e-07
48.71,-2.2560625714263e-06,2.66270552218287e-07,-1.1712856438258e-06,1.38929578881963e-07
48.72,-2.14031891676569e-06,2.54797776501551e-07,-1.12687702324547e-06,1.34101095014349e-07
48.73,-2.0292409033118e-06,2.43760468986738e-07,-1.08400438912112e-06,1.29413840840058e-07
48.74,-1.92267324372608e-06,2.33144005903e-07,-1.04263190653662e-06,1.248629415501e-07
48.75,-1.82044638208367e-06,2.22933022965209e-07,-1.00272536674557e-06,1.20444086605816e-07
48.76,-1.7224153712192e-06,2.13113611116392e-07,-9.6425022391937e-07,1.16153563265732e-07
48.77,-1.62842208606406e-06,2.03671083475048e-07,-9.27171174691541e-07,1.11988181902946e-07
48.78,-1.53833091776079e-06,1.94592241444035e-07,-8.91452647056055e-07,1.07945212607408e-07
48.79,-1.45199409029573e-06,1.85863150255551e-07,-8.570583626992e-07,1.04022305138838e-07
48.8,-1.36928485261478e-06,1.77471213766878e-07,-8.23950971964036e-07,1.00217408119858e-07
48.81,-1.29006441174084e-06,1.69403396733319e-07,-7.92091850373958e-07,9.65286926720952e-08
48.82,-1.2142139809157e-06,1.61647834253085e-07,-7.61441050728359e-07,9.29544812587149e-08
48.83,-1.14160379816042e-06,1.5419224405578e-07,-7.319573597342e-07,8.94931880045891e-08
48.84,-1.07212220878949e-06,1.47025573909967e-07,-7.03598475508492e-07,8.61432597655013e-08
48.85,-1.00564757765653e-06,1.40136451874996e-07,-6.763212657655e-07,8.29031296261168e-08
48.86,-9.42075088161687e-07,1.3351465230574e-07,-6.50082043107037e-07,7.97711730040447e-08
48.87,-8.81290747045682e-07,1.27149684092944e-07,-6.24836897333353e-07,7.67456754325942e-08
48.88,-8.23196074861698e-07,1.2103218415108e-07,-6.00542031657129e-07,7.38248079117842e-08
48.89,-7.6768445733677e-07,1.15152567042706e-07,-5.77154143937468e-07,7.10066069743734e-08
48.9,-7.14663392464843e-07,1.09502295410091e-07,-5.54630791129066e-07,6.82889653727698e-08
48.91,-6.64032903330281e-07,1.04072703089843e-07,-5.32930717046116e-07,6.56696256172981e-08
48.92,-6.15706738038568e-07,9.88559691014226e-08,-5.12014180329951e-07,6.31461824355835e-08
48.93,-5.69591328769548e-07,9.3844253742246e-08,-4.91843218111101e-07,6.07160907041182e-08
48.94,-5.25603497614213e-07,8.90304220629648e-08,-4.72381890322566e-07,5.83766763812158e-08
48.95,-4.83662522476891e-07,8.44076817279921e-08,-4.53596474684623e-07,5.61251520822042e-08
48.96,-4.43684171180792e-07,7.99692398917813e-08,-4.35455590718939e-07,5.39586355835138e-08
48.97,-4.05595343977438e-07,7.57089767016754e-08,-4.17930280697792e-07,5.18741730168466e-08
48.98,-3.69317590731555e-07,7.16207029032345e-08,-4.00994051043529e-07,4.98687607925519e-08
48.99,-3.34782508382148e-07,6.76988623514878e-08,-3.84622862177062e-07,4.79393700241533e-08
49,-3.01917148171071e-07,6.39377508205694e-08,-3.6879505387716e-07,4.60829679179413e-08
49.01,-2.70657941392471e-07,6.03321849026471e-08,-3.53491229745598e-07,4.42965424182355e-08
49.02,-2.4093714490192e-07,5.68768864715824e-08,-3.38694092878164e-07,4.25771264286916e-08
49.03,-2.12695546508712e-07,5.35669960046553e-08,-3.24388296633608e-07,4.09218153824907e-08
49.04,-1.85870344004968e-07,5.0397542422185e-08,-3.10560245370295e-07,3.93277883669073e-08
49.05,-1.60406445459671e-07,4.73639458028269e-08,-2.97197847353504e-07,3.77923217872375e-08
49.06,-1.36245690285364e-07,4.44614841845517e-08,-2.84290297179299e-07,3.63128045721624e-08
49.07,-1.13336906082395e-07,4.16857866299367e-08,-2.71827822982788e-07,3.48867499698605e-08
49.08,-9.16263722672284e-08,3.9032314754618e-08,-2.59801470345197e-07,3.35118034517514e-08
49.09,-7.10665375436292e-08,3.6496871519683e-08,-2.48202887655556e-07,3.21857469660771e-08
49.1,-5.16074543099876e-08,3.40751606117552e-08,-2.37024097794637e-07,3.09065026978772e-08
49.11,-3.32055156704314e-08,3.17630444743694e-08,-2.26257299688621e-07,2.96721315299334e-08
49.12,-1.58144954909289e-08,2.95563938531885e-08,-2.15894708759273e-07,2.84808303441698e-08
49.13,6.06332761776684e-10,2.74512797324618e-08,-2.05928381650245e-07,2.73309309994902e-08
49.14,1.60994382270019e-08,2.54437152186246e-08,-1.96350107330484e-07,2.62208926076464e-08
49.15,3.07028003021514e-08,2.35299714766016e-08,-1.87151339547783e-07,2.51492926907235e-08
49.16,4.44554029144228e-08,2.17061609854947e-08,-1.78323105211587e-07,2.41148187685578e-08
49.17,5.7392254504407e-08,1.99687105043115e-08,-1.69855958332404e-07,2.31162576568424e-08
49.18,6.95497792690958e-08,1.83140499883212e-08,-1.61739994893782e-07,2.21524697839685e-08
49.19,8.09603362128541e-08,1.67387373067746e-08,-1.53964779352512e-07,2.12223956634851e-08
49.2,9.16573066334081e-08,1.52393920158191e-08,-1.46519311914586e-07,2.03250447722623e-08
49.21,1.01671216334864e-07,1.38127877665064e-08,-1.39392263957259e-07,1.94594885243361e-08
49.22,1.11031498661873e-07,1.24558189199583e-08,-1.32572041347575e-07,1.86248503389875e-08
49.23,1.19767808115512e-07,1.11654399312907e-08,-1.26046839819917e-07,1.78202957700404e-08
49.24,1.2790691972242e-07,9.93880303275923e-09,-1.19804712166379e-07,1.70450233535048e-08
49.25,1.35476342144614e-07,8.77312939357646e-09,-1.13833648615654e-07,1.62982563329432e-08
49.26,1.4250066548982e-07,7.66574839677511e-09,-1.0812166319042e-07,1.55792354362447e-08
49.27,1.49005480842845e-07,6.61415628529956e-09,-1.02656884093554e-07,1.48872126604154e-08
49.28,1.55013744063126e-07,5.61598151810091e-09,-9.74276341653891e-08,1.42214465801232e-08
49.29,1.60548726313436e-07,4.66885536418621e-09,-9.24225186657766e-08,1.35811982878851e-08
49.3,1.65631765192131e-07,3.77063477545159e-09,-8.7630501618334e-08,1.29657285178729e-08
49.31,1.70284526923581e-07,2.91924035031296e-09,-8.30409677078422e-08,1.23742962240166e-08
49.32,1.74526765484018e-07,2.11270725656335e-09,-7.86437773181389e-08,1.1806157850182e-08
49.33,1.78378376070043e-07,1.34914704985059e-09,-7.44293165184176e-08,1.12605672712829e-08
49.34,1.81857771508476e-07,6.2682461855341e-10,-7.03885296658563e-08,1.07367766864961e-08
49.35,1.84983258044724e-07,-5.6006489407875e-11,-6.65129426543231e-08,1.02340381096971e-08
49.36,1.87771733273223e-07,-7.00935682073819e-10,-6.27946774069531e-08,9.75160523628397e-09
49.37,1.90240372788253e-07,-1.30945876046806e-09,-5.92264485621038e-08,9.28873598445903e-09
49.38,1.92404746357511e-07,-1.88308677370355e-09,-5.58015529027975e-08,8.84469517907984e-09
49.39,1.94280452170403e-07,-2.42318640722289e-09,-5.25138573953629e-08,8.41875702964018e-09
49.4,1.95881993292346e-07,-2.93112400857488e-09,-4.93577664986774e-08,8.01020816830299e-09
49.41,1.9722371202846e-07,-3.40818642535072e-09,-4.63281901199142e-08,7.61835035877615e-09
49.42,1.98319035860095e-07,-3.85560662061697e-09,-4.3420500404811e-08,7.24250319580587e-09
49.43,1.99181116045111e-07,-4.27458476167429e-09,-4.06304878810051e-08,6.88200650396575e-09
49.44,1.99822406621308e-07,-4.6662551743994e-09,-3.79543139752112e-08,6.53622238789577e-09
49.45,2.00254813620404e-07,-5.03180066669698e-09,-3.53884628884398e-08,6.20453696529982e-09
49.46,2.00489924218061e-07,-5.37224368761293e-09,-3.29296934447895e-08,5.88636168678813e-09
49.47,2.00538906369729e-07,-5.68863783251123e-09,-3.05749852181328e-08,5.58113460314533e-09
49.48,2.00411957251845e-07,-5.98205228949176e-09,-2.83214973788528e-08,5.28832072991345e-09
49.49,2.00119339766047e-07,-6.25347734550678e-09,-2.61665287245602e-08,5.00741211388426e-09
49.5,1.99670726175327e-07,-6.50386277477836e-09,-2.41074711452238e-08,4.73792799582068e-09
49.51,1.99075362417034e-07,-6.73416666006384e-09,-2.21417741728579e-08,4.47941433160593e-09
49.52,1.98342193336032e-07,-6.94528606164898e-09,-2.02669176685487e-08,4.23144280446845e-09
49.53,1.97479530505973e-07,-7.13815660778945e-09,-1.84803868174161e-08,3.99360973661295e-09
49.54,1.96495458126833e-07,-7.31364136661414e-09,-1.67796539751415e-08,3.76553469429454e-09
49.55,1.95397910296435e-07,-7.47254697228605e-09,-1.51621591635465e-08,3.54685919087552e-09
49.56,1.94194191394104e-07,-7.61570171242379e-09,-1.36253003006974e-08,3.33724507260361e-09
49.57,1.92891338457457e-07,-7.74391422905787e-09,-1.21664334544346e-08,3.13637252774924e-09
49.58,1.91496067891705e-07,-7.85795027650003e-09,-1.07828730434159e-08,2.94393832760629e-09
49.59,1.90014849188458e-07,-7.95854767442007e-09,-9.47189178222132e-09,2.75965422762593e-09
49.6,1.88453768146246e-07,-8.04641705390796e-09,-8.23072632421446e-09,2.58324529466933e-09
49.61,1.86818746250594e-07,-8.12224147239169e-09,-7.05658786237218e-09,2.41444823551371e-09
49.62,1.8511534349841e-07,-8.18666651591925e-09,-5.94667332355416e-09,2.25300984299301e-09
49.63,1.83348888072032e-07,-8.24034614130221e-09,-4.89817989627856e-09,2.09868555068111e-09
49.64,1.81524455022952e-07,-8.28384307868554e-09,-3.90832068106476e-09,1.95123812432496e-09
49.65,1.79646951536938e-07,-8.31776472332215e-09,-2.97433749971444e-09,1.81043665784165e-09
49.66,1.77721095617756e-07,-8.34259199081667e-09,-2.09351923213123e-09,1.67605551313396e-09
49.67,1.75751006636915e-07,-8.35893133880014e-09,-1.26321499170056e-09,1.54787361968406e-09
49.68,1.7374098248979e-07,-8.36721969571952e-09,-4.80853089799082e-10,1.42567367501489e-09
49.69,1.716950803754e-07,-8.36795017295107e-09,2.56054653731758e-10,1.30924209949568e-09
49.7,1.69616966694264e-07,-8.36155429446759e-09,9.49899992558158e-10,1.19836867045801e-09
49.71,1.67510508575219e-07,-8.34840670412239e-09,1.60296859046468e-09,1.0928463513843e-09
49.72,1.6537884039991e-07,-8.32895532253814e-09,2.21743199961024e-09,9.92471274404641e-10
49.73,1.63225260862987e-07,-8.3035934466628e-09,2.79533749287048e-09,8.97042591044982e-10
49.74,1.61053051783711e-07,-8.27260422718796e-09,3.33860994118637e-09,8.06362938988043e-10
49.75,1.58865034016742e-07,-8.23635549485825e-09,3.84905475201652e-09,7.20238894763972e-10
49.76,1.56664010653174e-07,-8.19517969930912e-09,4.32835034328074e-09,6.38480899556778e-10
49.77,1.54452543199568e-07,-8.14936145333099e-09,4.77805174058046e-09,5.60903663438964e-10
49.78,1.52233181616168e-07,-8.09922442230915e-09,5.19959816450747e-09,4.87326706899566e-10
49.79,1.50008244048649e-07,-8.04500720097041e-09,5.59431857925653e-09,4.17574698524086e-10
49.8,1.47779998016517e-07,-7.98698892083598e-09,5.96344103651787e-09,3.51477907082424e-10
49.81,1.45550576036158e-07,-7.92540172236261e-09,6.30809832075135e-09,2.8887239031083e-10
49.82,1.43321843282251e-07,-7.86052833181331e-09,6.62933672426985e-09,2.29600248233416e-10
49.83,1.4109581147892e-07,-7.79254496380777e-09,6.9281239429262e-09,1.7350979672151e-10
49.84,1.38874395538835e-07,-7.72167045232569e-09,7.20536259810299e-09,1.20455899885625e-10
49.85,1.36658901084274e-07,-7.64816073873471e-09,7.46189428815128e-09,7.02998385920689e-11
49.86,1.34451109801148e-07,-7.57219970233382e-09,7.69850586518236e-09,2.29092187665087e-11
49.87,1.32252449880355e-07,-7.49399256496671e-09,7.91594494815477e-09,-2.18417396459348e-11
49.88,1.30064344183722e-07,-7.41369909804892e-09,8.11492708272879e-09,-6.40723290863906e-11
49.89,1.27888034384682e-07,-7.33151048008639e-09,8.2961421086685e-09,-1.03895559453627e-10
49.9,1.25724802124694e-07,-7.24761504879745e-09,8.45882579854154e-09,-1.41449645958961e-10
49.91,1.23575652821728e-07,-7.16219015333275e-09,8.60502380103403e-09,-1.76798232517582e-10
49.92,1.2144169669881e-07,-7.07541100469359e-09,8.73556916750994e-09,-2.10028543287257e-10
49.93,1.19324020886324e-07,-6.98737065320018e-09,8.85111939365149e-09,-2.41232132518324e-10
49.94,1.17223462936522e-07,-6.89825748158447e-09,8.95232351690057e-09,-2.70495902789867e-10
49.95,1.15140810663661e-07,-6.80820505570818e-09,9.03981655645686e-09,-2.97902813132155e-10
49.96,1.1307687941553e-07,-6.71736206775304e-09,9.11422266459452e-09,-3.23532038519817e-10
49.97,1.11032367300368e-07,-6.62583232493756e-09,9.17615855762036e-09,-3.47459125192111e-10
49.98,1.09007954662843e-07,-6.53376063082393e-09,9.22623399564315e-09,-3.69756215043176e-10
49.99,1.07004200167182e-07,-6.441247867936e-09,9.26505038612225e-09,-3.90492397348328e-10
50,1.05021805474337e-07,-6.34839985936229e-09,9.2932009522983e-09,-4.09733906376281e-10
50.01,1.03061166711882e-07,-6.25532627326785e-09,9.31126929311193e-09,-4.27544386487029e-10
50.02,1.01122743068061e-07,-6.16212478019728e-09,9.31982651178029e-09,-4.4398518782105e-10
50.03,9.92069431049458e-08,-6.06888741220046e-09,9.31943040680034e-09,-4.59115516024855e-10
50.04,9.73141460747229e-08,-5.97570069978273e-09,9.31062476338895e-09,-4.72992575805735e-10
50.05,9.54446726098013e-08,-5.88264581956466e-09,9.29393779438341e-09,-4.85671722785199e-10
50.06,9.3598810479989e-08,-5.78979875929966e-09,9.26988052288941e-09,-4.97206599474605e-10
50.07,9.17768163688493e-08,-5.69723049716566e-09,9.23894555297029e-09,-5.07649245394202e-10
50.08,8.9978907880095e-08,-5.60500719413258e-09,9.20160550900003e-09,-5.17050183641088e-10
50.09,8.82052786366216e-08,-5.51319039749721e-09,9.15831233175483e-09,-5.25458487679926e-10
50.1,8.64560671942627e-08,-5.42183725428113e-09,9.10949621698047e-09,-5.32921831924571e-10
50.11,8.47314112206732e-08,-5.33100073235369e-09,9.05556495627619e-09,-5.39486520929488e-10
50.12,8.30313906519109e-08,-5.24072984495754e-09,8.99690400504394e-09,-5.45197507620888e-10
50.13,8.1356103187602e-08,-5.15106987612107e-09,8.93387584225163e-09,-5.50098397920796e-10
50.14,7.97055488277465e-08,-5.06206260818293e-09,8.86682073724192e-09,-5.54231444981386e-10
50.15,7.80798021793316e-08,-4.9737465451045e-09,8.79605650556439e-09,-5.57637543668954e-10
50.16,7.64788055107601e-08,-4.88615712989124e-09,8.7218796109843e-09,-5.60356206703941e-10
50.17,7.4902592572812e-08,-4.79932695396388e-09,8.64456612714065e-09,-5.62425558650155e-10
50.18,7.33510781003588e-08,-4.71328595885715e-09,8.5643722369254e-09,-5.63882309530107e-10
50.19,7.18242114672307e-08,-4.62806162649281e-09,8.48153556178674e-09,-5.64761750247851e-10
50.2,7.03219162900837e-08,-4.54367915853426e-09,8.39627664589743e-09,-5.65097734477466e-10
50.21,6.8844093981113e-08,-4.4601616397667e-09,8.30880003555246e-09,-5.64922672799889e-10
50.22,6.73906459525142e-08,-4.3775301905284e-09,8.21929575667233e-09,-5.64267537933714e-10
50.23,6.5961419437599e-08,-4.29580410504823e-09,8.12794054098757e-09,-5.63161868845112e-10
50.24,6.45562723278204e-08,-4.21500097461647e-09,8.03489965948353e-09,-5.61633789065671e-10
50.25,6.31750820545562e-08,-4.13513679930369e-09,7.9403275161889e-09,-5.59710024244903e-10
50.26,6.18176692057659e-08,-4.05622608199691e-09,7.84436979617874e-09,-5.57415931462517e-10
50.27,6.04838836792965e-08,-3.97828191688764e-09,7.74716407198913e-09,-5.54775539911659e-10
50.28,5.91734536925514e-08,-3.90131606128361e-09,7.64884071224064e-09,-5.51811598382028e-10
50.29,5.78862691114068e-08,-3.82533900319479e-09,7.54952405861335e-09,-5.4854562326508e-10
50.3,5.66221238784692e-08,-3.75036001338036e-09,7.44933377976717e-09,-5.44997936054795e-10
50.31,5.53807462111422e-08,-3.67638719216204e-09,7.34838489479523e-09,-5.41187735131057e-10
50.32,5.41619442628871e-08,-3.60342751174374e-09,7.24678846047542e-09,-5.37133162934335e-10
50.33,5.29654613501407e-08,-3.53148685171606e-09,7.1446523895002e-09,-5.32851355940975e-10
50.34,5.179114737075e-08,-3.46057003023605e-09,7.04208137671247e-09,-5.28358506353941e-10
50.35,5.06386772514134e-08,-3.39068083171496e-09,6.93917782294739e-09,-5.23669925702593e-10
50.36,4.95078351647749e-08,-3.32182203217896e-09,6.83604102935749e-09,-5.1880012618803e-10
50.37,4.83983679799849e-08,-3.25399542925697e-09,6.73276796777283e-09,-5.13762864839519e-10
50.38,4.73100207898369e-08,-3.18720186570235e-09,6.62945278404161e-09,-5.0857120094674e-10
50.39,4.62425360225893e-08,-3.12144125619321e-09,6.52618708310951e-09,-5.03237555927998e-10
50.4,4.51956507774298e-08,-3.05671261676874e-09,6.42305948853785e-09,-4.97773759322249e-10
50.41,4.41690994890109e-08,-2.99301409256898e-09,6.32015558897886e-09,-4.92191097888309e-10
50.42,4.31626174801636e-08,-2.93034299102791e-09,6.21755774512876e-09,-4.86500356896397e-10
50.43,4.21759338564698e-08,-2.86869581474742e-09,6.1153447774319e-09,-4.80711857366487e-10
50.44,4.12088052570425e-08,-2.80806829796227e-09,6.01359202489245e-09,-4.74835488719053e-10
50.45,4.02609003913312e-08,-2.74845544228316e-09,5.9123708444655e-09,-4.68880737838146e-10
50.46,3.93319492530964e-08,-2.68985156110339e-09,5.81174812170968e-09,-4.62856716368391e-10
50.47,3.84217599957992e-08,-2.63225031843674e-09,5.71178704395472e-09,-4.56772167556626e-10
50.48,3.75299409327567e-08,-2.57564477094617e-09,5.61254651362396e-09,-4.50635479875915e-10
50.49,3.66563055465008e-08,-2.52002741081697e-09,5.51408081126692e-09,-4.44454718976924e-10
50.5,3.5800548303655e-08,-2.46539020940304e-09,5.4164401595048e-09,-4.38237617863052e-10
50.51,3.49623929807308e-08,-2.41172466212068e-09,5.31967020220235e-09,-4.31991592720119e-10
50.52,3.41415669069534e-08,-2.35902183171264e-09,5.22381212166591e-09,-4.25723749852631e-10
50.53,3.33377929706558e-08,-2.30727239212324e-09,5.12890296568301e-09,-4.19440883746652e-10
50.54,3.25507985010631e-08,-2.2564666693359e-09,5.03497568468389e-09,-4.13149477993731e-10
50.55,3.17803703353547e-08,-2.20659468191402e-09,4.942059340935e-09,-4.06855706866517e-10
50.56,3.1026122115918e-08,-2.15764617910772e-09,4.85017912201754e-09,-4.00565438252436e-10
50.57,3.02877820601566e-08,-2.10961067828166e-09,4.759356416855e-09,-3.94284242993403e-10
50.58,2.95651965132038e-08,-2.06247750089442e-09,4.66960976455338e-09,-3.88017372691965e-10
50.59,2.88580981333553e-08,-2.01623579633789e-09,4.58095517161803e-09,-3.81769755698154e-10
50.6,2.81661094447827e-08,-1.97087456909554e-09,4.49340570093533e-09,-3.75546034643496e-10
50.61,2.74890252782711e-08,-1.92638271286283e-09,4.40697102951191e-09,-3.69350570913751e-10
50.62,2.6826580068473e-08,-1.88274903167348e-09,4.32165960159352e-09,-3.63187424889309e-10
50.63,2.61785215727173e-08,-1.83996225738047e-09,4.23747764025923e-09,-3.5706036290119e-10
50.64,2.55445868901916e-08,-1.79801106855231e-09,4.15442980202869e-09,-3.50972874664764e-10
50.65,2.49245282191168e-08,-1.75688410508377e-09,4.07251938780319e-09,-3.44928181134135e-10
50.66,2.43180897641082e-08,-1.71656998057287e-09,3.99174831322228e-09,-3.38929246664752e-10
50.67,2.3725024611565e-08,-1.67705729634603e-09,3.91211745721912e-09,-3.32978784853005e-10
50.68,2.31450831833513e-08,-1.63833464929546e-09,3.83362693133847e-09,-3.27079275628718e-10
50.69,2.25780523166463e-08,-1.60035566925079e-09,3.77041039487649e-09,-3.20792706896728e-10
50.7,2.20241833659429e-08,-1.56266224975878e-09,3.76646139035786e-09,-3.12788321683871e-10
50.71,2.14835411682657e-08,-1.52495446353188e-09,3.76704074260108e-09,-3.05682191816526e-10
50.72,2.09557260433257e-08,-1.48728815691533e-09,3.75852745992885e-09,-3.0004825389129e-10
50.73,2.04403169945522e-08,-1.44976767879118e-09,3.73870428152451e-09,-2.95629074404449e-10
50.74,1.99369427633656e-08,-1.41251626387431e-09,3.70576518902892e-09,-2.92144737845379e-10
50.75,1.94452693946801e-08,-1.37567198427673e-09,3.65859980724203e-09,-2.89342379905478e-10
50.76,1.89649975723682e-08,-1.33937853385149e-09,3.59709111778132e-09,-2.86987383981823e-10
50.77,1.84958457438711e-08,-1.3037759880508e-09,3.5219557223562e-09,-2.84864721696522e-10
50.78,1.80375563374469e-08,-1.26899382294941e-09,3.43450028696163e-09,-2.82783068805761e-10
50.79,1.75898842158517e-08,-1.2351461558219e-09,3.33642264785446e-09,-2.80577841529733e-10
50.8,1.71526002290534e-08,-1.20232867056881e-09,3.22966687388732e-09,-2.78112662277289e-10
50.81,1.67254858851607e-08,-1.17061676938875e-09,3.11631594511327e-09,-2.75279570550858e-10
50.82,1.63083280213527e-08,-1.14006466058049e-09,2.99850762921592e-09,-2.71998381662423e-10
50.83,1.59009250211284e-08,-1.11070520625227e-09,2.87836418859954e-09,-2.68215433690724e-10
50.84,1.55030761561648e-08,-1.08255041817942e-09,2.75793176148483e-09,-2.63901917031789e-10
50.85,1.51145869153879e-08,-1.05559251378447e-09,2.63912791136642e-09,-2.59051835907037e-10
50.86,1.47352681167945e-08,-1.02980545154707e-09,2.52369764584797e-09,-2.53679702465611e-10
50.87,1.43649856454431e-08,-1.00514685649976e-09,2.41317817644169e-09,-2.47818003187045e-10
50.88,1.40033868945011e-08,-9.81560254611456e-10,2.30887211561645e-09,-2.41514515181233e-10
50.89,1.36504594294706e-08,-9.58977522540589e-10,2.21182972993775e-09,-2.34829510272052e-10
50.9,1.33059643303568e-08,-9.37321461272518e-10,2.1228410002804e-09,-2.27832902219349e-10
50.91,1.29697816930729e-08,-9.1650842195117e-10,2.04243278903453e-09,-2.20601461387018e-10
50.92,1.2641564239857e-08,-8.96450900426382e-10,1.97087630168115e-09,-2.13216092564718e-10
50.93,1.23213057534599e-08,-8.77060035180052e-10,1.90819890484089e-09,-2.05759242959462e-10
50.94,1.2008837479982e-08,-8.58247936301172e-10,1.85420483962767e-09,-1.98312466088679e-10
50.95,1.1703870761437e-08,-8.39929806547559e-10,1.80849527392411e-09,-1.90954299296793e-10
50.96,1.14062954637006e-08,-8.22025832465841e-10,1.77049496337943e-09,-1.83758388529249e-10
50.97,1.11158868776329e-08,-8.0446277067355e-10,1.73948483489143e-09,-1.76791700387344e-10
50.98,1.08325934888853e-08,-7.87175215477144e-10,1.71463301809813e-09,-1.7011319260527e-10
50.99,1.05562518726288e-08,-7.70106552947787e-10,1.69502579889272e-09,-1.63772854879485e-10
51,1.02865307383126e-08,-7.53209616173755e-10,1.67969807215459e-09,-1.57811033016282e-10
51.01,1.00234975874969e-08,-7.36447031157504e-10,1.66766324559641e-09,-1.52258044005588e-10
51.02,9.7667669507473e-09,-7.19791261241216e-10,1.65794427362308e-09,-1.4713395642566e-10
51.03,9.5164107705159e-09,-7.03224382145221e-10,1.64959603461882e-09,-1.4244888794544e-10
51.04,9.27204979461749e-09,-6.86737631375284e-10,1.64172939628624e-09,-1.38203376255142e-10
51.05,9.03376218275298e-09,-6.70330744881694e-10,1.63352931488391e-09,-1.34389034420544e-10
51.06,8.80117045909401e-09,-6.54011114827119e-10,1.62427272969293e-09,-1.30989281902215e-10
51.07,8.57435722423361e-09,-6.37792807773426e-10,1.61333898751197e-09,-1.27980368772777e-10
51.08,8.3529538841276e-09,-6.2169549225427e-10,1.60021867657118e-09,-1.25332433201403e-10
51.09,8.1371638316341e-09,-6.05743296126617e-10,1.58451789878393e-09,-1.23010653575253e-10
51.1,7.92628096490944e-09,-5.89963641377404e-10,1.56596010974245e-09,-1.20976414436028e-10
51.11,7.72074315591453e-09,-5.7438608560476e-10,1.54438265472654e-09,-1.19188561667225e-10
51.12,7.52019246874625e-09,-5.59041195440274e-10,1.5197344843206e-09,-1.17604458305886e-10
51.13,7.32450455842582e-09,-5.43959479812694e-10,1.49206616164197e-09,-1.16181216590614e-10
51.14,7.13344405767202e-09,-5.29170422860144e-10,1.46152117568043e-09,-1.14876723709773e-10
51.15,6.94700386105751e-09,-5.14701616905105e-10,1.42832446442628e-09,-1.13650570891442e-10
51.16,6.76518663311754e-09,-5.00578010141166e-10,1.39277078384887e-09,-1.12464864879714e-10
51.17,6.58776766471192e-09,-4.86821284414254e-10,1.3552106888082e-09,-1.11284957717685e-10
51.18,6.41452491123573e-09,-4.73449380430179e-10,1.31603522197221e-09,-1.10080085456045e-10
51.19,6.24558538220299e-09,-4.60476163536715e-10,1.27566373279746e-09,-1.08823749380452e-10
51.2,6.08061956341999e-09,-4.47911210421489e-10,1.23453068582008e-09,-1.07493983556006e-10
51.21,5.91975979347126e-09,-4.35759738048962e-10,1.19307175099054e-09,-1.06073566091697e-10
51.22,5.76268810448255e-09,-4.24022651065008e-10,1.15171260509461e-09,-1.04550029438956e-10
51.23,5.60954038775208e-09,-4.12696701024454e-10,1.1108581820815e-09,-1.02915574332499e-10
51.24,5.4600040044761e-09,-4.01774752591672e-10,1.07088359580381e-09,-1.01166883663567e-10
51.25,5.31422461591546e-09,-3.91246117835418e-10,1.03212536035538e-09,-9.93048330938784e-11
51.26,5.17189580051536e-09,-3.81096989562736e-10,9.94876513480329e-10,-9.73340922811455e-11
51.27,5.03316499589346e-09,-3.71310877569536e-10,9.59382424409022e-10,-9.52626648258345e-11
51.28,4.89772844503022e-09,-3.61869137934798e-10,9.25835004299633e-10,-9.31015191053663e-11
51.29,4.76574157914911e-09,-3.52751475105249e-10,8.94377236844643e-10,-9.08638339531483e-11
51.3,4.63690685847951e-09,-3.43936464078154e-10,8.65096911547201e-10,-8.856471351978e-11
51.31,4.51138060242329e-09,-3.35402094178796e-10,8.38029605692573e-10,-8.62205768306202e-11
51.32,4.38886882392353e-09,-3.27126247970901e-10,8.13166854467486e-10,-8.38484330560099e-11
51.33,4.26952961873894e-09,-3.19087136842889e-10,7.90454892349851e-10,-8.14655502786886e-11
51.34,4.15307166434786e-09,-3.11263748688506e-10,7.69798011839073e-10,-7.90890747774043e-11
51.35,4.03966193829319e-09,-3.03636221659825e-10,7.51066037825554e-10,-7.67354724706796e-11
51.36,3.92900556533959e-09,-2.96186156420346e-10,7.3410083536913e-10,-7.44201251087303e-11
51.37,3.82126863485155e-09,-2.88896862029509e-10,7.18722363639445e-10,-7.21570191716432e-11
51.38,3.71616160066424e-09,-2.81753519055568e-10,7.04738176119031e-10,-6.99583896008718e-11
51.39,3.61385055214214e-09,-2.74743310996914e-10,6.91941807864485e-10,-6.78348401728511e-11
51.4,3.5140486076557e-09,-2.6785552027104e-10,6.80122322974279e-10,-6.5795038959425e-11
51.41,3.41692274474781e-09,-2.61081535195113e-10,6.69069697725649e-10,-6.38456227110723e-11
51.42,3.32218696996733e-09,-2.54414811192905e-10,6.58581001212263e-10,-6.19911511567388e-11
51.43,3.23000737267876e-09,-2.47850778136592e-10,6.48463769206905e-10,-6.02341848199396e-11
51.44,3.14010240032303e-09,-2.41386709175778e-10,6.3854095252301e-10,-5.85753360462441e-11
51.45,3.05263903044306e-09,-2.35021552328601e-10,6.28653205892605e-10,-5.70134332295238e-11
51.46,2.96733393412296e-09,-2.2875573430581e-10,6.1866251547497e-10,-5.55456482653784e-11
51.47,2.88435852979774e-09,-2.22590943105116e-10,6.08452560989521e-10,-5.41677303415377e-11
51.48,2.8034294885515e-09,-2.16529896413635e-10,5.97931761367491e-10,-5.2874169986036e-11
51.49,2.72472266971135e-09,-2.10576081491417e-10,5.87035151439825e-10,-5.16583553201636e-11
51.5,2.64795474436141e-09,-2.04733510254247e-10,5.7571937480319e-10,-5.05130406478131e-11
51.51,2.57330068365036e-09,-1.9900651947423e-10,5.63961393649869e-10,-4.94305474220088e-11
51.52,2.50048071137599e-09,-1.93399553577419e-10,5.5176012715117e-10,-4.84028711142309e-11
51.53,2.42967423957907e-09,-1.87916964217039e-10,5.39133113993607e-10,-4.7421927579224e-11
51.54,2.36060238023583e-09,-1.82562828101493e-10,5.26115690320355e-10,-4.64797329254205e-11
51.55,2.29344276903021e-09,-1.77340786565957e-10,5.12757462305296e-10,-4.556861717393e-11
51.56,2.22792806425787e-09,-1.72253916460971e-10,4.99120492472608e-10,-4.46813538961921e-11
51.57,2.16423234888907e-09,-1.67304617950219e-10,4.85276280668437e-10,-4.38113267465231e-11
51.58,2.10208828121949e-09,-1.62494536819906e-10,4.71303222583479e-10,-4.29526173446022e-11
51.59,2.04167793782517e-09,-1.57824513369811e-10,4.57283274166177e-10,-4.21001071736471e-11
51.6,1.98273220064493e-09,-1.53294554153226e-10,4.43300460209227e-10,-4.12495105014127e-11
51.61,1.92543936350376e-09,-1.48903831239307e-10,4.29437539917861e-10,-4.03974356094593e-11
51.62,1.86952942016205e-09,-1.44650703611629e-10,4.15774183389233e-10,-3.95413586963676e-11
51.63,1.81519421715848e-09,-1.40532759947618e-10,4.02385122275604e-10,-3.86796357722862e-11
51.64,1.76216907732396e-09,-1.36546878240082e-10,3.89338170484161e-10,-3.78114357884481e-11
51.65,1.7106431826619e-09,-1.32689301561671e-10,3.76693105347808e-10,-3.6936711062585e-11
51.66,1.6603554087169e-09,-1.28955723613887e-10,3.64500717100716e-10,-3.60561007250028e-11
51.67,1.61149937838445e-09,-1.25341385017264e-10,3.52801813111496e-10,-3.51708707248166e-11
51.68,1.56381485538759e-09,-1.21841173239459e-10,3.41627224114002e-10,-3.4282795714676e-11
51.69,1.51749812715707e-09,-1.18449724411348e-10,3.30997192723319e-10,-3.33940914515975e-11
51.7,1.47228984559433e-09,-1.15161527900327e-10,3.20922165329779e-10,-3.25072814446691e-11
51.71,1.42838629813014e-09,-1.1197102447971e-10,3.11402313367454e-10,-3.16251272598923e-11
51.72,1.3855316893796e-09,-1.08872701232821e-10,3.02429322387472e-10,-3.07504964759242e-11
51.73,1.34392319495191e-09,-1.05861176387726e-10,2.93986322276381e-10,-2.98863010007242e-11
51.74,1.30330857217587e-09,-1.02931276814883e-10,2.86049114281505e-10,-2.90353832257821e-11
51.75,1.26388588483906e-09,-1.00078106132177e-10,2.78587532846198e-10,-2.82004625412403e-11
51.76,1.22539844937819e-09,-9.72970985659947e-11,2.71566285959021e-10,-2.7384042825881e-11
51.77,1.18805143500822e-09,-9.4584063945169e-11,2.64946118605363e-10,-2.65883799506308e-11
51.78,1.15159171087953e-09,-9.19352187706817e-11,2.58685375936513e-10,-2.58154099569848e-11
51.79,1.11622000531497e-09,-8.93472066561988e-11,2.52740787982564e-10,-2.50667391452628e-11
51.8,1.08168407564335e-09,-8.68171042714208e-11,2.47069020884643e-10,-2.4343602305187e-11
51.81,1.04818909107962e-09,-8.43424202408067e-11,2.4162710976332e-10,-2.36468715722552e-11
51.82,1.01548280895258e-09,-8.19210840582416e-11,2.36374053470227e-10,-2.29770305831472e-11
51.83,9.83768622120351e-10,-7.95514227598663e-11,2.31270993683847e-10,-2.23342102943694e-11
51.84,9.52911527463129e-10,-7.7232131050016e-11,2.2628302886326e-10,-2.17181847053379e-11
51.85,9.22774745504285e-10,-7.49622389967709e-11,2.21377849652015e-10,-2.11284203369208e-11
51.86,8.93450646799465e-10,-7.27410734292337e-11,2.16528008328243e-10,-2.05641006217599e-11
51.87,8.65144400563622e-10,-7.05682113175726e-11,2.11710705298152e-10,-2.00241276793743e-11
51.88,8.37379943163796e-10,-6.84434289759269e-11,2.06907863063022e-10,-1.95071893749421e-11
51.89,8.10478795187919e-10,-6.63666647988055e-11,2.02105067846946e-10,-1.90118577487666e-11
51.9,7.84081244376011e-10,-6.43379726271976e-11,1.97293274358267e-10,-1.85365424125985e-11
51.91,7.58735296813029e-10,-6.23574731832593e-11,1.92467594147824e-10,-1.80795745642601e-11
51.92,7.3385297838513e-10,-6.04253073926809e-11,1.87628133008612e-10,-1.76392138078344e-11
51.93,7.09756697858666e-10,-5.85416037828802e-11,1.8277698064974e-10,-1.72137864801294e-11
51.94,6.86199541632959e-10,-5.67064479382067e-11,1.77920343606047e-10,-1.68016347754437e-11
51.95,6.63392896171899e-10,-5.49198487573002e-11,1.73066941162752e-10,-1.64011774602615e-11
51.96,6.41203534712531e-10,-5.31817150961659e-11,1.68227909906219e-10,-1.60109176040652e-11
51.97,6.19390760903116e-10,-5.14918349557561e-11,1.63415660902598e-10,-1.56295039031485e-11
51.98,5.98388893990887e-10,-4.98498663463447e-11,1.58643890820211e-10,-1.52557354921818e-11
51.99,5.77729863948662e-10,-4.82553222372913e-11,1.53927823950922e-10,-1.4888516718478e-11
52,5.57852430915773e-10,-4.67075630069578e-11,1.4928234404329e-10,-1.45269591428661e-11
52.01,5.38512345826803e-10,-4.52057998414619e-11,1.44722324719734e-10,-1.41703248399629e-11
52.02,5.19698062362295e-10,-4.37491036420799e-11,1.40261168354862e-10,-1.3818083830616e-11
52.03,5.01394481489115e-10,-4.23364204070474e-11,1.35910536585613e-10,-1.34698941954573e-11
52.04,4.83587392352547e-10,-4.0966584929777e-11,1.31681073533769e-10,-1.31255572735798e-11
52.05,4.66035210422433e-10,-3.96383366795741e-11,1.27581544892779e-10,-1.27850102414726e-11
52.06,4.49180248551784e-10,-3.83503324821201e-11,1.23619593241324e-10,-1.24483056405484e-11
52.07,4.32556213070256e-10,-3.71011596068076e-11,1.19801713296854e-10,-1.2115558329808e-11
52.08,4.16602752295603e-10,-3.58893542413339e-11,1.16131891892534e-10,-1.17870136427419e-11
52.09,4.01083610768183e-10,-3.47134189057215e-11,1.12612812979828e-10,-1.14629725879093e-11
52.1,3.859854658117e-10,-3.35718453653927e-11,1.09244276496876e-10,-1.11438322436252e-11
52.11,3.71296771106699e-10,-3.24631399273133e-11,1.06023873646266e-10,-1.08300449157208e-11
52.12,3.56778606658281e-10,-3.13858410905529e-11,1.02947772230419e-10,-1.05220752050937e-11
52.13,3.42876838033135e-10,-3.03385354535473e-11,1.00010467894427e-10,-1.02203721908576e-11
52.14,3.293543215932e-10,-2.93198620399741e-11,9.72068657001245e-11,-9.92531899212963e-12
52.15,3.16198622840602e-10,-2.83285246115946e-11,9.45293596638413e-11,-9.63730940139527e-12
52.16,3.03401748169563e-10,-2.73633079421712e-11,9.19694863125279e-11,-9.35671979797292e-12
52.17,2.90724777585183e-10,-2.64230860992597e-11,8.95180026654438e-11,-9.08386741834614e-12
52.18,2.78614464832572e-10,-2.55068257547134e-11,8.71657866094815e-11,-8.81899979147878e-12
52.19,2.6683277809525e-10,-2.4613581542317e-11,8.49043279544063e-11,-8.56224767302754e-12
52.2,2.55145238270416e-10,-2.37424952846593e-11,8.27244987006353e-11,-8.31371476074909e-12
52.21,2.4399682274634e-10,-2.28928017449111e-11,8.06171179106906e-11,-8.07345953947571e-12
52.22,2.33153052420221e-10,-2.20638195341491e-11,7.85745039576526e-11,-7.84141950470575e-12
52.23,2.22603269151023e-10,-2.12549454492162e-11,7.65885173404803e-11,-7.61750613889083e-12
52.24,2.12340367511388e-10,-2.0465656037858e-11,7.46513882349992e-11,-7.40159634045556e-12
52.25,2.02128980220095e-10,-1.96955022280662e-11,7.27561780871295e-11,-7.19349775129102e-12
52.26,1.92415861022255e-10,-1.89440983820903e-11,7.08969542761045e-11,-6.99295873968146e-12
52.27,1.82966530815065e-10,-1.82111075280501e-11,6.9069782983069e-11,-6.79963550202191e-12
52.28,1.73773884171169e-10,-1.74962296649427e-11,6.72708804171616e-11,-6.61318881917978e-12
52.29,1.64829927484789e-10,-1.6799201846261e-11,6.54968353170103e-11,-6.43327884271307e-12
52.3,1.55901958009963e-10,-1.61197905164959e-11,6.37450509352337e-11,-6.25954205554833e-12
52.31,1.47434953134962e-10,-1.54577824338833e-11,6.20139980411931e-11,-6.0915920836403e-12
52.32,1.39197098292243e-10,-1.48129674786531e-11,6.03043624866144e-11,-5.92899279482965e-12
52.33,1.31183064411289e-10,-1.4185131866899e-11,5.86160247104264e-11,-5.77135537097932e-12
52.34,1.23381305172643e-10,-1.35740592605411e-11,5.69496479357459e-11,-5.61832554691144e-12
52.35,1.15564446900862e-10,-1.29795266426635e-11,5.53059223509167e-11,-5.46956695646619e-12
52.36,1.08177466984216e-10,-1.24013000465178e-11,5.36864656695162e-11,-5.32474981448666e-12
52.37,1.0076206535814e-10,-1.18391220008396e-11,5.20940320153577e-11,-5.18352290850488e-12
52.38,9.37658839461619e-11,-1.1292708005809e-11,5.0531024757671e-11,-5.04560809436672e-12
52.39,8.69571081807408e-11,-1.07617477510032e-11,4.90004857050631e-11,-4.91073717705172e-12
52.4,8.0327744456099e-11,-1.02459041520496e-11,4.75045211305318e-11,-4.77871936255568e-12
52.41,7.3876904593817e-11,-9.74482354585412e-12,4.60446266104366e-11,-4.64941788559934e-12
52.42,6.7594818631278e-11,-9.25813648236251e-12,4.46222863172245e-11,-4.52272169440675e-12
52.43,6.14805983900624e-11,-8.78546029800977e-12,4.32386827324763e-11,-4.39854071809316e-12
52.44,5.53006529457889e-11,-8.32640141565178e-12,4.18950311752279e-11,-4.27680736951024e-12
52.45,4.92770269033826e-11,-7.88055518095535e-12,4.05922858644789e-11,-4.15747188366964e-12
52.46,4.36335412246081e-11,-7.44750211901058e-12,3.93325063455509e-11,-4.04045234949065e-12
52.47,3.81383813419234e-11,-7.0268027033992e-12,3.81172546673497e-11,-3.9256908603846e-12
52.48,3.27906590769089e-11,-6.61800925238625e-12,3.69466809859569e-11,-3.81321655310459e-12
52.49,2.75779399316889e-11,-6.22068120854408e-12,3.58196847954649e-11,-3.70309642400039e-12
52.5,2.25028884415224e-11,-5.83438717760282e-12,3.4735303732817e-11,-3.59539667556769e-12
52.51,1.75592873574715e-11,-5.45870965105006e-12,3.36921702944384e-11,-3.49018001759751e-12
52.52,1.25162102904142e-11,-5.09324527280019e-12,3.26884325769057e-11,-3.38750384147878e-12
52.53,7.8257400559778e-12,-4.73760811113978e-12,3.17226596790164e-11,-3.28741234025397e-12
52.54,3.02957658959713e-12,-4.39142329753105e-12,3.07941054145944e-11,-3.18989597713668e-12
52.55,-1.4219736499399e-12,-4.05432762994571e-12,2.99010804203569e-11,-3.09497966948242e-12
52.56,-5.75894887333561e-12,-3.72597117593237e-12,2.90424838280205e-11,-3.00266081642288e-12
52.57,-9.98401361584911e-12,-3.40602063692291e-12,2.82162692978219e-11,-2.91296916690234e-12
52.58,-1.41033851264183e-11,-3.09416847698191e-12,2.74194495617487e-11,-2.82594509517749e-12
52.59,-1.81170634050432e-11,-2.79013285357664e-12,2.66497428140592e-11,-2.74160699080898e-12
52.6,-2.22568630192654e-11,-2.49365788669782e-12,2.59045116696297e-11,-2.6599534423896e-12
52.61,-2.60707011534578e-11,-2.20451092115456e-12,2.51816890919778e-11,-2.58095808195402e-12
52.62,-2.97886160183225e-11,-1.92247420244515e-12,2.44801710641818e-11,-2.50453255221037e-12
52.63,-3.34132721491187e-11,-1.64734291557967e-12,2.37983136227879e-11,-2.43061755039517e-12
52.64,-3.7173819578129e-11,-1.37893168970383e-12,2.31340275064713e-11,-2.35917113378694e-12
52.65,-4.06199518465655e-11,-1.11707400236692e-12,2.24858506821409e-11,-2.29012860157476e-12
52.66,-4.39808189867108e-11,-8.61611404178343e-13,2.18533869630747e-11,-2.22336904921992e-12
52.67,-4.7259085533824e-11,-6.1239297893976e-13,2.12353374735071e-11,-2.15880492203748e-12
52.68,-5.06839015201876e-11,-3.69280346892165e-13,2.06306235434583e-11,-2.09636677877032e-12
52.69,-5.38031841301745e-11,-1.32147564753486e-13,2.00381587776057e-11,-2.03597254584153e-12
52.7,-5.68487479313262e-11,9.91290584882444e-14,1.9458190625587e-11,-1.97748543904331e-12
52.71,-5.98214811020625e-11,3.24673567563671e-13,1.88903676734856e-11,-1.9208098514701e-12
52.72,-6.29496454962464e-11,5.44603996916793e-13,1.8334084807944e-11,-1.86587710299009e-12
52.73,-6.57784937629913e-11,7.59031202538251e-13,1.77887030537834e-11,-1.81260571986168e-12
52.74,-6.85425050050981e-11,9.68069536523563e-13,1.72552128424317e-11,-1.76086849512405e-12
52.75,-7.12416792225667e-11,1.17183878469012e-12,1.67336266222893e-11,-1.71058218076495e-12
52.76,-7.41051664476799e-11,1.37045506745048e-12,1.62235061161252e-11,-1.66169487974764e-12
52.77,-7.66791075079709e-11,1.56403207357777e-12,1.57246254853918e-11,-1.6141463916411e-12
52.78,-7.91944287925617e-11,1.75268835617767e-12,1.52383188681749e-11,-1.56782962906567e-12
52.79,-8.16520184798719e-11,1.93655111495569e-12,1.47645348652026e-11,-1.52268950753825e-12
52.8,-8.42810266021843e-11,2.11574369589022e-12,1.43030257386715e-11,-1.47869771954162e-12
52.81,-8.66293703438714e-11,2.29038757084392e-12,1.38536754927905e-11,-1.43581997807984e-12
52.82,-8.89235352019568e-11,2.46061027335326e-12,1.34176075998311e-11,-1.39397753570673e-12
52.83,-9.11661857116997e-11,2.62654458729616e-12,1.29946690564304e-11,-1.3531395903484e-12
52.84,-9.35891364406416e-11,2.78832076942924e-12,1.25845668802044e-11,-1.3133035507776e-12
52.85,-9.57331991457977e-11,2.94606448139709e-12,1.21869873115299e-11,-1.27445912863422e-12
52.86,-9.78337411083885e-11,3.09990468385694e-12,1.18026636511637e-11,-1.23654893717448e-12
52.87,-9.98872096147352e-11,3.24997519953959e-12,1.14315801304791e-11,-1.19956189154604e-12
52.88,-1.0212453105396e-10,3.39640353257407e-12,1.10729336628048e-11,-1.16351007831397e-12
52.89,-1.04092734432015e-10,3.53931169580307e-12,1.07262625483574e-11,-1.12839982656801e-12
52.9,-1.06019193424345e-10,3.67882138561522e-12,1.03920944390639e-11,-1.09418311492325e-12
52.91,-1.07904796209368e-10,3.81505700566869e-12,1.00700483344102e-11,-1.06085574965301e-12
52.92,-1.09980469176207e-10,3.94813476719054e-12,9.7593478827198e-12,-1.02843524286047e-12
52.93,-1.11789688617137e-10,4.07816377779003e-12,9.4591353422778e-12,-9.96931955828576e-13
52.94,-1.13563380921278e-10,4.20525109197544e-12,9.16992690124203e-12,-9.66301052313116e-13
52.95,-1.15300657910211e-10,4.32950406470586e-12,8.89113492782986e-12,-9.36535116121488e-13
52.96,-1.1723066961622e-10,4.45102125112241e-12,8.62171239665813e-12,-9.0765372166748e-13
52.97,-1.18899556866836e-10,4.56989275809306e-12,8.36098918022559e-12,-8.7965968902494e-13
52.98,-1.20536469694343e-10,4.6862066409567e-12,8.10935872780484e-12,-8.52502085547342e-13
52.99,-1.22143184455581e-10,4.80005088454186e-12,7.86607214604118e-12,-8.26170327150206e-13
53,-1.23946186647572e-10,4.91150481352614e-12,7.63029325738436e-12,-8.00673665168649e-13
53.01,-1.2549250527627e-10,5.0206383643112e-12,7.40137919964438e-12,-7.76006998975548e-13
53.02,-1.27010402195538e-10,5.12752158615232e-12,7.1795746550486e-12,-7.52113138815725e-13
53.03,-1.28499877405375e-10,5.23222526421579e-12,6.96464206028437e-12,-7.28972533704492e-13
53.04,-1.30190080938064e-10,5.3348119815969e-12,6.75545531468165e-12,-7.06589422456591e-13
53.05,-1.31627153621139e-10,5.4353359087959e-12,6.5515758586003e-12,-6.8495084934456e-13
53.06,-1.33037580951623e-10,5.53385244962468e-12,6.35346805523957e-12,-6.63993499201417e-13
53.07,-1.34424915643194e-10,5.63041905134111e-12,6.16088090797449e-12,-6.43696214308811e-13
53.08,-1.36014755014457e-10,5.72508645682049e-12,5.97299753266721e-12,-6.24057479989094e-13
53.09,-1.37355016249785e-10,5.81789822822264e-12,5.78937398067237e-12,-6.05063545012289e-13
53.1,-1.3867307302462e-10,5.90890073993625e-12,5.61079739083823e-12,-5.86650032682137e-13
53.11,-1.39969813517382e-10,5.99814385604255e-12,5.43690403600109e-12,-5.68793849204765e-13
53.12,-1.41473499581934e-10,6.08567141037127e-12,5.26714501761987e-12,-5.51493734592218e-13
53.13,-1.4272938386739e-10,6.17152262461037e-12,5.10128279979521e-12,-5.3473814826805e-13
53.14,-1.43964840049193e-10,6.25573977496682e-12,4.94000690768238e-12,-5.18465540582612e-13
53.15,-1.45181644484182e-10,6.3383690855566e-12,4.78320762128752e-12,-5.0265389209732e-13
53.16,-1.46607170847801e-10,6.4194531626997e-12,4.63040033876183e-12,-4.87309688008806e-13
53.17,-1.47786671789163e-10,6.49902832628204e-12,4.48114093717277e-12,-4.72425768570561e-13
53.18,-1.4894929734055e-10,6.57713546129787e-12,4.33650962971958e-12,-4.57943552603419e-13
53.19,-1.50095935680383e-10,6.65382097285951e-12,4.19624958726811e-12,-4.43851727429341e-13
53.2,-1.51453072305685e-10,6.72912580818381e-12,4.05986350368258e-12,-4.30160868139519e-13
53.21,-1.52567736222409e-10,6.80308529107895e-12,3.92694845573362e-12,-4.16867134337368e-13
53.22,-1.53667301105997e-10,6.87573969057892e-12,3.79849603069911e-12,-4.03919720671537e-13
53.23,-1.54751766956451e-10,6.94713415454304e-12,3.67445197072122e-12,-3.91308710319993e-13
53.24,-1.56048507449214e-10,7.01730855420201e-12,3.5539847703127e-12,-3.79053422534718e-13
53.25,-1.57104551590237e-10,7.08629807662613e-12,3.43713535623954e-12,-3.6715465791992e-13
53.26,-1.58147273054965e-10,7.15414070832682e-12,3.32437541684071e-12,-3.5556538207581e-13
53.27,-1.59176671843397e-10,7.22087934976305e-12,3.21576559311345e-12,-3.44281210941885e-13
53.28,-1.60421009809397e-10,7.28655091295664e-12,3.11059668961077e-12,-3.3331934803541e-13
53.29,-1.61425539602078e-10,7.35118907962453e-12,3.00874760070467e-12,-3.22686346081661e-13
53.3,-1.62418523075303e-10,7.41482944078202e-12,2.91067394038168e-12,-3.12342920859974e-13
53.31,-1.63399960229071e-10,7.47750979389043e-12,2.81633459082141e-12,-3.02282632566264e-13
53.32,-1.64369851063384e-10,7.53926351837222e-12,2.72498241632863e-12,-2.92523194350943e-13
53.33,-1.65558233788943e-10,7.60011888727662e-12,2.63628655000633e-12,-2.83079343175629e-13
53.34,-1.66507696519602e-10,7.66009884185367e-12,2.54969643426557e-12,-2.73952026844033e-13
53.35,-1.67447389287645e-10,7.71922936948811e-12,2.46625884949322e-12,-2.65087925644666e-13
53.36,-1.68604685768514e-10,7.77754148472025e-12,2.38562279639186e-12,-2.56479505134263e-13
53.37,-1.69524838611324e-10,7.8350608720356e-12,2.30749109654552e-12,-2.48135827092458e-13
53.38,-1.70436109669936e-10,7.89181650126935e-12,2.23260050813962e-12,-2.40018887473918e-13
53.39,-1.71340275301191e-10,7.94784076047625e-12,2.16084640916488e-12,-2.32129525912775e-13
53.4,-1.72232894612989e-10,8.00316077666563e-12,2.09139159995928e-12,-2.24488667809062e-13
53.41,-1.73345782172873e-10,8.05779665301441e-12,2.02375955497189e-12,-2.17111500292808e-13
53.42,-1.74223302451537e-10,8.11176524161074e-12,1.95778624613039e-12,-2.09999587903817e-13
53.43,-1.75092829124424e-10,8.16508484478072e-12,1.89389981091634e-12,-2.03105394893714e-13
53.44,-1.76183512223815e-10,8.21777872256969e-12,1.83229482533357e-12,-1.96417411594521e-13
53.45,-1.77037939863567e-10,8.26986545903312e-12,1.77238448165222e-12,-1.89951770237735e-13
53.46,-1.7788615025438e-10,8.32136668564085e-12,1.71500917881466e-12,-1.83666714680006e-13
53.47,-1.78727255217837e-10,8.37230716851149e-12,1.65988152056488e-12,-1.77561897588375e-13
53.48,-1.79789516607798e-10,8.42270740417743e-12,1.60663724192996e-12,-1.71659475111995e-13
53.49,-1.80619075251798e-10,8.47258161994727e-12,1.55459679468455e-12,-1.65970804712154e-13
53.5,-1.8144152846844e-10,8.52194581371923e-12,1.50454613471886e-12,-1.60450653245954e-13
53.51,-1.82258652614564e-10,8.57082063950377e-12,1.4564185987224e-12,-1.55097502017574e-13
53.52,-1.83296045008774e-10,8.61922150487554e-12,1.40961554251526e-12,-1.49930779968202e-13
53.53,-1.84100734657022e-10,8.66715936412847e-12,1.36375182908383e-12,-1.44959669348755e-13
53.54,-1.84900095234752e-10,8.71464742190366e-12,1.31953557019213e-12,-1.40139736544218e-13
53.55,-1.85695014920384e-10,8.76170279647925e-12,1.27691076845045e-12,-1.35464791448266e-13
53.56,-1.86710202854101e-10,8.80833748467254e-12,1.23530086569885e-12,-1.30955718443348e-13
53.57,-1.87494464398696e-10,8.85455929218416e-12,1.19432607424421e-12,-1.26619111189524e-13
53.58,-1.88276061408033e-10,8.9003786038997e-12,1.15471401502985e-12,-1.22409840814521e-13
53.59,-1.89049664811591e-10,8.94581030341522e-12,1.11657919065822e-12,-1.18321927114674e-13
53.6,-1.89819715501471e-10,8.99086526236864e-12,1.07916673166484e-12,-1.14376164222264e-13
53.61,-1.90814475331536e-10,9.03554839550984e-12,1.04209854087135e-12,-1.10582330512766e-13
53.62,-1.91575644237219e-10,9.07986126828224e-12,1.00520174099085e-12,-1.06940658719253e-13
53.63,-1.92335924964482e-10,9.12381058228632e-12,9.69370350713509e-13,-1.03398801753275e-13
53.64,-1.93315585761411e-10,9.16740818380308e-12,9.34724372739364e-13,-9.99481814392034e-14
53.65,-1.94068761061317e-10,9.21066265871577e-12,9.0071819704556e-13,-9.66004048442073e-14
53.66,-1.94813942755445e-10,9.25358554353244e-12,8.68316755019319e-13,-9.3316728391677e-14
53.67,-1.95560012627993e-10,9.29619354751606e-12,8.3748726888211e-13,-9.00984053509663e-14
53.68,-1.96298977073184e-10,9.33849927500659e-12,8.07701383468941e-13,-8.69715759579573e-14
53.69,-1.97265315193818e-10,9.38051078647081e-12,7.78489695999088e-13,-8.39502486768796e-14
53.7,-1.97769800536207e-10,9.42223114728664e-12,7.49611659566918e-13,-8.10426853580773e-14
53.71,-1.98729033229483e-10,9.46366831688537e-12,7.21663100886919e-13,-7.82068162259755e-14
53.72,-1.99683825030661e-10,9.50482658933768e-12,6.9375242631405e-13,-7.54816057842939e-14
53.73,-2.00408578621136e-10,9.54570806610564e-12,6.66451241639234e-13,-7.2838961164208e-14
53.74,-2.01133332211612e-10,9.58632663716603e-12,6.41129933748478e-13,-7.02126476802289e-14
53.75,-2.01850980374729e-10,9.62670262132327e-12,6.17634891802046e-13,-6.76148286381913e-14
53.76,-2.02569516716267e-10,9.66685154891543e-12,5.95472083656953e-13,-6.50775929784467e-14
53.77,-2.03285388522545e-10,9.70678266846254e-12,5.73949866826269e-13,-6.26258371762676e-14
53.78,-2.03995931258305e-10,9.74650141343053e-12,5.52828651167522e-13,-6.02757876566988e-14
53.79,-2.04707362172485e-10,9.78600829642369e-12,5.31574438471623e-13,-5.80353541854767e-14
53.8,-2.05644390405268e-10,9.82530056119418e-12,5.09885413204626e-13,-5.59058866846114e-14
53.81,-2.06576089567534e-10,9.8643727364148e-12,4.87705410433481e-13,-5.38789140486915e-14
53.82,-2.07280415054356e-10,9.90322678930767e-12,4.66367955225472e-13,-5.18946043995197e-14
53.83,-2.07985628719598e-10,9.94187623567585e-12,4.46828352846539e-13,-4.98928464848513e-14
53.84,-2.08682848779063e-10,9.98034248044824e-12,4.29350215186304e-13,-4.78851841209758e-14
53.85,-2.09380068838527e-10,1.00186418990271e-11,4.13256285923859e-13,-4.59116649889226e-14
53.86,-2.10078177076412e-10,1.00567858940211e-11,3.98061834844845e-13,-4.4000623453971e-14
53.87,-2.11003658989739e-10,1.00947792677116e-11,3.83055904982962e-13,-4.21722184823903e-14
53.88,-2.11692885443426e-10,1.01326228106712e-11,3.68200571327789e-13,-4.04317655702446e-14
53.89,-2.12611261929396e-10,1.01703225520219e-11,3.54308939879079e-13,-3.87354394601122e-14
53.9,-2.13301376561503e-10,1.02078888180655e-11,3.41419202349514e-13,-3.7079344127509e-14
53.91,-2.1399237937203e-10,1.02453361520676e-11,3.30334931579392e-13,-3.54381676787333e-14
53.92,-2.14681605825717e-10,1.02826808629252e-11,3.20734644988876e-13,-3.38238926000071e-14
53.93,-2.15364615030467e-10,1.03199348921381e-11,3.12021421500484e-13,-3.22711309304361e-14
53.94,-2.16502371586103e-10,1.03571040422682e-11,3.03611017319046e-13,-3.08058862286643e-14
53.95,-2.17186268969272e-10,1.03941885884808e-11,2.95226809054136e-13,-2.94361455779775e-14
53.96,-2.17414530823135e-10,1.04311992751678e-11,2.88914359787007e-13,-2.80735110100517e-14
53.97,-2.1855406373561e-10,1.04681585403259e-11,2.84373586126278e-13,-2.67238405851493e-14
53.98,-2.19231743869841e-10,1.05050662380888e-11,2.78501716048176e-13,-2.5523923477552e-14
53.99,-2.19907647647233e-10,1.05419148792579e-11,2.72802388974606e-13,-2.44142327609233e-14
54,-2.20582663246205e-10,1.0578708064808e-11,2.6732852343416e-13,-2.33646967313541e-14
54.01,-2.21259455202016e-10,1.06154459733307e-11,2.61682646567977e-13,-2.23958037780714e-14
54.02,-2.21935358979408e-10,1.06521220709061e-11,2.55031247412955e-13,-2.15231281113104e-14
54.03,-2.226112627568e-10,1.06887256497893e-11,2.47139675709285e-13,-2.07495114600276e-14
54.04,-2.23742802063498e-10,1.07252416455221e-11,2.37695781205191e-13,-2.00677302748878e-14
54.05,-2.23960405776324e-10,1.07616541916028e-11,2.26745180059869e-13,-1.94605231271215e-14
54.06,-2.25083951477245e-10,1.07979598980788e-11,2.16413249149044e-13,-1.88249828286225e-14
54.07,-2.2575186164886e-10,1.08341567681353e-11,2.0488921259543e-13,-1.82334190627946e-14
54.08,-2.26420659998894e-10,1.08702380431294e-11,1.93580793730754e-13,-1.76269520319469e-14
54.09,-2.27090346527348e-10,1.09062108956349e-11,1.83062218494608e-13,-1.69790467712086e-14
54.1,-2.27759144877382e-10,1.0942079560018e-11,1.72663232920749e-13,-1.63176700754606e-14
54.11,-2.28883578756722e-10,1.09778448140854e-11,1.6233791754764e-13,-1.5661138120096e-14
54.12,-2.29099406112709e-10,1.10135058913199e-11,1.52031647204485e-13,-1.50124295744513e-14
54.13,-2.3022383999205e-10,1.10490731786207e-11,1.43487426668543e-13,-1.42913592934235e-14
54.14,-2.30889085628405e-10,1.10845561534429e-11,1.34929587682963e-13,-1.35847031177315e-14
54.15,-2.31550778551082e-10,1.11199592942752e-11,1.27721983782912e-13,-1.28497530273944e-14
54.16,-2.32213359652178e-10,1.11552993525583e-11,1.22014132574277e-13,-1.20748491007826e-14
54.17,-2.32875052574855e-10,1.11905888695914e-11,1.17424904465351e-13,-1.13006374352196e-14
54.18,-2.33537633675951e-10,1.12258343317772e-11,1.13094368026213e-13,-1.05556993282071e-14
54.19,-2.34200214777047e-10,1.12610374668378e-11,1.08800422619285e-13,-9.86135110311928e-15
54.2,-2.3531754322903e-10,1.12961938852725e-11,1.03858184845033e-13,-9.23032762331159e-15
54.21,-2.3552537697924e-10,1.13312972501977e-11,9.83795798572588e-14,-8.65964387601342e-15
54.22,-2.36643593609642e-10,1.13663520233124e-11,9.40577588859909e-14,-8.05994219096127e-15
54.23,-2.37306174710739e-10,1.14013620756896e-11,8.93035117444236e-14,-7.51083615008137e-15
54.24,-2.37969643990255e-10,1.14363266300687e-11,8.51280061692596e-14,-6.9618204879756e-15
54.25,-2.38633113269771e-10,1.14712562629523e-11,8.21511227082967e-14,-6.39311037756931e-15
54.26,-2.39296582549287e-10,1.15061585559089e-11,7.96487853921891e-14,-5.8354331817657e-15
54.27,-2.40414799179689e-10,1.15410366451414e-11,7.71010817359164e-14,-5.31407946249241e-15
54.28,-2.4061908021622e-10,1.15758887318685e-11,7.4614777913373e-14,-4.83344086914971e-15
54.29,-2.41728415062425e-10,1.16107242697081e-11,7.37321142563534e-14,-4.31714505772652e-15
54.3,-2.42383002557744e-10,1.16455502106237e-11,7.24292268496398e-14,-3.85219586736612e-15
54.31,-2.43038478231483e-10,1.1680366380421e-11,7.19895118171971e-14,-3.39763284937733e-15
54.32,-2.43693065726802e-10,1.17151835020033e-11,7.2461418879703e-14,-2.93835550199067e-15
54.33,-2.44348541400541e-10,1.17500077562469e-11,7.32344316894104e-14,-2.510260336493e-15
54.34,-2.45457876246746e-10,1.17848387943781e-11,7.37526465058318e-14,-2.13887507864001e-15
54.35,-2.45658604569599e-10,1.18196710955197e-11,7.36801970099064e-14,-1.83155497827824e-15
54.36,-2.46768827594224e-10,1.18545085713436e-11,7.47739509776186e-14,-1.50652930698723e-15
54.37,-2.47423415089543e-10,1.18893533312304e-11,7.49506264952382e-14,-1.24973332443456e-15
54.38,-2.47624143412395e-10,1.19241996062757e-11,7.54041236802329e-14,-1.01098583405577e-15
54.39,-2.487334782586e-10,1.19590536416201e-11,7.60794267824716e-14,-7.82545484813858e-16
54.4,-2.49388953932339e-10,1.19939014261946e-11,7.42176500877813e-14,-6.80046298539641e-16
54.41,-2.50044429606078e-10,1.20287224190674e-11,7.12047013398435e-14,-6.30243458933923e-16
54.42,-2.50699905279816e-10,1.20635110382012e-11,6.76497470888716e-14,-5.88229348680774e-16
54.43,-2.51809240126022e-10,1.20982593653117e-11,6.32079538252406e-14,-5.64515379807975e-16
54.44,-2.52009968448874e-10,1.21329575800701e-11,5.79158906906576e-14,-5.56662213134886e-16
54.45,-2.52665444122613e-10,1.21676083090976e-11,5.36802844587503e-14,-4.72108867085559e-16
54.46,-2.53776555325658e-10,1.22022123650545e-11,4.83038193694401e-14,-4.05954300657115e-16
54.47,-2.54432030999396e-10,1.22367513768071e-11,4.10335753612771e-14,-3.9469402072086e-16
54.48,-2.54633647500668e-10,1.22712192106463e-11,3.43649797440409e-14,-3.23869082632788e-16
54.49,-2.55743870525293e-10,1.23056264292656e-11,2.84933059182301e-14,-1.78800646770544e-16
54.5,-2.56400234377452e-10,1.23399659522064e-11,2.08420653971061e-14,-8.01567897416588e-17
54.51,-2.5705659822961e-10,1.23742265353327e-11,1.30622299215374e-14,4.05875964743546e-17
54.52,-2.57712962081769e-10,1.24084118477628e-11,5.76152732585417e-15,2.19995205529568e-16
54.53,-2.58824961463233e-10,1.24425258081527e-11,-1.27396117789969e-15,4.37515654973668e-16
54.54,-2.59026577964505e-10,1.2476570381671e-11,-8.01897597974357e-15,6.86701554930004e-16
54.55,-2.59683829995083e-10,1.25105593625209e-11,-1.25013269402822e-14,1.04492623535957e-15
54.56,-2.60795829376548e-10,1.25445058665867e-11,-1.69240486016048e-14,1.41017676692769e-15
54.57,-2.60998334056239e-10,1.25784036150251e-11,-2.20399300565213e-14,1.73078243876509e-15
54.58,-2.62110333437704e-10,1.26122563615861e-11,-2.59331131089011e-14,2.10199555729954e-15
54.59,-2.62760480040924e-10,1.2646068633721e-11,-3.02460034909786e-14,2.44929808730007e-15
54.6,-2.63863597638192e-10,1.26798415662277e-11,-3.36190551310785e-14,2.82479055711898e-15
54.61,-2.64058108712106e-10,1.27135902834375e-11,-3.51297695471474e-14,3.25652206496324e-15
54.62,-2.64706478958487e-10,1.2747341423398e-11,-3.34398666266186e-14,3.79479222166021e-15
54.63,-2.65810484734175e-10,1.27811165612013e-11,-3.08932593817928e-14,4.31821289785167e-15
54.64,-2.66004995808089e-10,1.28155660828306e-11,2.96244798003567e-13,8.92413916620706e-15
54.65,-2.67103672513258e-10,1.28612001446495e-11,1.8258000644965e-12,4.41671388259773e-14
54.66,-2.67734279191245e-10,1.29210753620934e-11,3.17017266291214e-12,6.21142990356187e-14
54.67,-2.68808086900663e-10,1.29935554982249e-11,4.36144261512486e-12,6.64895899956541e-14
54.68,-2.68959965410431e-10,1.30770478477265e-11,5.38676335674076e-12,5.83848475505309e-14
54.69,-2.70007127767258e-10,1.31698216314612e-11,6.23382320498142e-12,3.86897804828111e-14
54.7,-2.70590660989001e-10,1.3270033542856e-11,6.8920823224708e-12,8.43481762362071e-15
54.71,-2.7071056507566e-10,1.33757774172131e-11,7.35950065539776e-12,-3.09466756922238e-14
54.72,-2.71729305723056e-10,1.34851521597721e-11,7.63756314224074e-12,-7.78673354788613e-14
54.73,-2.72288858127467e-10,1.35928877775561e-11,6.76844943152956e-12,-1.51319311497878e-13
54.74,-2.72398104073091e-10,1.3686226818888e-11,5.23910373720846e-12,-2.35718841272339e-13
54.75,-2.73425726504684e-10,1.37643441911168e-11,3.71649471200145e-12,-3.0701194378688e-13
54.76,-2.74461342542054e-10,1.382726610068e-11,2.20449985152654e-12,-3.66133946566517e-13
54.77,-2.74595457483429e-10,1.38752922359641e-11,7.39109856030269e-13,-4.12224847972932e-13
54.78,-2.75194977916726e-10,1.39090909395771e-11,-6.44101186259743e-13,-4.44631643920306e-13
54.79,-2.76259015663527e-10,1.39296315420322e-11,-1.91956091087494e-12,-4.63426088138186e-13
54.8,-2.76878076022058e-10,1.39381147335015e-11,-3.06500052484447e-12,-4.69053587711268e-13
54.81,-2.7705038263548e-10,1.39359580901122e-11,-4.05966593211353e-12,-4.62164760633721e-13
54.82,-2.78141065734872e-10,1.39247521207043e-11,-4.88986150725464e-12,-4.43806430678e-13
54.83,-2.78784106910734e-10,1.39061764984226e-11,-5.54979680442637e-12,-4.15400700359801e-13
54.84,-2.79433365335535e-10,1.38819624452054e-11,-6.03445650119263e-12,-3.78358191442228e-13
54.85,-2.80088841009274e-10,1.38538673059958e-11,-6.34415193012568e-12,-3.34245513304964e-13
54.86,-2.8075142211037e-10,1.38236117296635e-11,-6.4846916891727e-12,-2.84749534550481e-13
54.87,-2.81871415097612e-10,1.37928385402579e-11,-6.46551621638626e-12,-2.31567459529716e-13
54.88,-2.82082801561501e-10,1.37630775746053e-11,-6.29911520257534e-12,-1.76344966819683e-13
54.89,-2.83205459084002e-10,1.37357311799087e-11,-5.99863545529237e-12,-1.20573537081672e-13
54.9,-2.83421286439989e-10,1.37120366228452e-11,-5.58346406570293e-12,-6.57998302335438e-14
54.91,-2.84545720319329e-10,1.36930415263151e-11,-5.07149254828146e-12,-1.33065564061396e-14
54.92,-2.85217183204622e-10,1.3679598035211e-11,-4.48423207045038e-12,3.56778690216313e-14
54.93,-2.85885981554657e-10,1.3673977341512e-11,-3.19326190518883e-12,9.3056153341711e-14
54.94,-2.86542345406815e-10,1.36882066588449e-11,-1.02664795029052e-12,1.63474946508428e-13
54.95,-2.87185386582678e-10,1.37231843365585e-11,9.79571045603623e-13,2.11692884877552e-13
54.96,-2.88268076076292e-10,1.37773916936663e-11,2.82932961735773e-12,2.4053355531215e-13
54.97,-2.88427060013419e-10,1.3849085224683e-11,4.49051928160774e-12,2.50685349539232e-13
54.98,-2.89481327797603e-10,1.39362280516535e-11,5.9368975035474e-12,2.43088595884296e-13
54.99,-2.90069301911444e-10,1.40365452331599e-11,7.14621515228721e-12,2.18998330872486e-13
55,-2.9064395334899e-10,1.41475956606707e-11,8.10705965313947e-12,1.80202325812303e-13
