Time,e_y,e_yaw,e_yawrate,e_beta
0,-7.57870211032241e-09,4.06005699178523e-10,0,0
0.01,-7.64067209502173e-09,4.10908778490831e-10,5.78698841470873e-10,-6.22660637139619e-11
0.02,-7.81373543645714e-09,4.15008525134265e-10,1.00186860342248e-09,-2.036703702157e-10
0.03,-8.08239786209697e-09,4.17330597148125e-10,1.45938723570625e-09,-3.98989345546689e-10
0.04,-8.40952907310566e-09,4.19280349400296e-10,1.96573597819953e-09,-6.23020495184037e-10
0.05,-8.75767636188129e-09,4.21517669384629e-10,2.47365577380873e-09,-8.57209083420975e-10
0.06,-9.07651376280683e-09,4.25529103292271e-10,2.93863210589865e-09,-1.08783356868915e-09
0.07,-9.33449229023608e-09,4.31681246363565e-10,3.33051261121385e-09,-1.30460239861914e-09
0.08,-9.50417078371402e-09,4.39723734564452e-10,3.63164562957509e-09,-1.49995044441616e-09
0.09,-9.56841450516777e-09,4.50577125115952e-10,3.83430818898923e-09,-1.66861350019677e-09
0.1,-9.517244770052e-09,4.63086403755993e-10,3.93742853020548e-09,-1.8072766811716e-09
0.11,-9.3573691017923e-09,4.77879887499921e-10,3.94418175369086e-09,-1.91425133665914e-09
0.12,-9.0930720730853e-09,4.93335817631017e-10,3.86046605249399e-09,-1.98916518691515e-09
0.13,-8.74654659810403e-09,5.10058498323236e-10,3.69395016667154e-09,-2.03268667074283e-09
0.14,-8.33151059254078e-09,5.26033577779667e-10,3.45349840576288e-09,-2.04628023860639e-09
0.15,-7.87610687780216e-09,5.4199701401954e-10,3.14878750824329e-09,-2.03200350895988e-09
0.16,-7.39683514439093e-09,5.558278069486e-10,2.79010845504926e-09,-1.99233216805506e-09
0.17,-6.92015866832207e-09,5.68378365733884e-10,2.38810958086899e-09,-1.93002200574944e-09
0.18,-6.46041620200322e-09,5.7750074669888e-10,1.95365986294446e-09,-1.84798936948114e-09
0.19,-6.03634919826845e-09,5.84347472169468e-10,1.49760031234148e-09,-1.74922084504748e-09
0.2,-5.65660318585515e-09,5.86977310052858e-10,1.03061343343417e-09,-1.63669282996809e-09
0.21,-5.32861132995777e-09,5.8702036588325e-10,5.62948459764975e-10,-1.5133163069496e-09
0.22,-5.05324049271394e-09,5.82810082877698e-10,1.0428649834664e-10,-1.38188528149648e-09
0.23,-4.82879780605572e-09,5.76284770212939e-10,-3.36554603179878e-10,-1.2450476259695e-09
0.24,-4.65040628228053e-09,5.66048311038384e-10,-7.51725020848692e-10,-1.10527335199007e-09
0.25,-4.51065940154649e-09,5.54187429172465e-10,-1.13458573096667e-09,-9.64841121063359e-10
0.26,-4.40163727688514e-09,5.39471850709963e-10,-1.47973494707264e-09,-8.25818602054694e-10
0.27,-4.3139181116203e-09,5.24040257626314e-10,-1.78315690488197e-09,-6.90058528040664e-10
0.28,-4.23920720749038e-09,5.06719675132284e-10,-2.04215079024374e-09,-5.59187083171344e-10
0.29,-4.16874090802821e-09,4.89594962278804e-10,-2.25538190329845e-09,-4.34606792116127e-10
0.3,-4.09625666719649e-09,4.71515215508962e-10,-2.42272167623273e-09,-3.17491215691388e-10
0.31,-4.01527699978033e-09,4.54362017108213e-10,-2.54521937240112e-09,-2.08793512965913e-10
0.32,-3.92278742822327e-09,4.37039527751741e-10,-2.62488021622151e-09,-1.09246769771216e-10
0.33,-3.81491904732911e-09,4.21140377893864e-10,-2.66458206788368e-09,-1.93772523620355e-11
0.34,-3.69253871923547e-09,4.05567955339639e-10,-2.66740476008802e-09,6.05042829702223e-11
0.35,-3.55318796607662e-09,3.9167018964804e-10,-2.63758993431965e-09,1.30249771177341e-10
0.36,-3.40193295755853e-09,3.78373856377685e-10,-2.57974133031715e-09,1.89876552157831e-10
0.37,-3.23607274310689e-09,3.66928426772543e-10,-2.47904918299014e-09,2.40989965466371e-10
0.38,-3.05807912326372e-09,3.5677481229492e-10,-2.38284429358439e-09,2.82994482331941e-10
0.39,-2.87576984447924e-09,3.47156814598389e-10,-2.27423579171827e-09,3.17468068828182e-10
0.4,-2.6849056311562e-09,3.38934976997479e-10,-2.15334615339897e-09,3.45374684944404e-10
0.41,-2.4976500867524e-09,3.31100300604346e-10,-2.02301669345974e-09,3.66593900048704e-10
0.42,-2.30676366896887e-09,3.24331137866607e-10,-1.88768290575953e-09,3.80816132114854e-10
0.43,-2.12479989158965e-09,3.1779484496698e-10,-1.75134053918603e-09,3.87965904702487e-10
0.44,-1.94143634502097e-09,3.11998714807841e-10,-1.61687764090812e-09,3.88268379476444e-10
0.45,-1.76960490705369e-09,3.06305112540496e-10,-1.4861684218394e-09,3.82182453054844e-10
0.46,-1.59658686271769e-09,3.0109295184488e-10,-1.36055936743979e-09,3.70305227589653e-10
0.47,-1.43559120147074e-09,2.95924894769629e-10,-1.24113029994233e-09,3.53310335514261e-10
0.48,-1.27233601432408e-09,2.90996239572116e-10,-1.12890331583145e-09,3.31905492542565e-10
0.49,-1.12040332567176e-09,2.86086043055135e-10,-1.02479376214339e-09,3.06815398450161e-10
0.5,-9.64633706246332e-10,2.81245493870736e-10,-9.29624901866007e-10,2.78764467491819e-10
0.51,-8.19230905335644e-10,2.76421279916602e-10,-8.44036541362662e-10,2.48468696914452e-10
0.52,-6.68705091300126e-10,2.71533828783529e-10,-7.68515534924235e-10,2.16621344763633e-10
0.53,-5.28147303668902e-10,2.66609029914279e-10,-7.0334799666375e-10,1.83885601452126e-10
0.54,-3.81985110209371e-10,2.61484090170065e-10,-6.48671880575589e-10,1.50882566829374e-10
0.55,-2.46104470136288e-10,2.56302778339755e-10,-6.04440045882721e-10,1.18186799236975e-10
0.56,-1.05004005490628e-10,2.50810108840929e-10,-5.70473335090691e-10,8.63177158580584e-11
0.57,2.47348808102288e-11,2.45176285203113e-10,-5.46428754888972e-10,5.57380008964458e-11
0.58,1.58669521965749e-10,2.39120741694157e-10,-5.31847295076062e-10,2.68483692247951e-11
0.59,2.79735345998233e-10,2.32854103572792e-10,-5.26747517865762e-10,-3.31993815740316e-14
0.6,4.03699296214199e-10,2.26068070884874e-10,-5.29775341207946e-10,-2.46055736781758e-11
0.61,5.13174391869597e-10,2.19004770669436e-10,-5.40038980282435e-10,-4.66483822299479e-11
0.62,6.24376994551312e-10,2.11377432466773e-10,-5.56655175799195e-10,-6.60081840505923e-11
0.63,7.20180359792266e-10,2.03436872744793e-10,-5.74549472615321e-10,-8.21798456146721e-11
0.64,8.17029111033207e-10,1.94886747223914e-10,-6.03980687287062e-10,-9.56172055578482e-11
0.65,8.97651730724647e-10,1.8597540607034e-10,-6.35860732722836e-10,-1.05932161664083e-10
0.66,9.78882752633581e-10,1.76440426969993e-10,-6.67579933474838e-10,-1.13179239472695e-10
0.67,1.05238129322061e-09,1.66450056664751e-10,-6.9885089927354e-10,-1.17595317542784e-10
0.68,1.10970432842805e-09,1.5611617377781e-10,-7.28900135823774e-10,-1.19443161103007e-10
0.69,1.16845910724805e-09,1.45294283550404e-10,-7.58107601193911e-10,-1.18903731908843e-10
0.7,1.21223564519823e-09,1.34203920535632e-10,-7.85828187548278e-10,-1.16241170713292e-10
0.71,1.25852306354091e-09,1.22687131157223e-10,-8.12381331919301e-10,-1.11699264847706e-10
0.72,1.29137500692877e-09,1.10988320988507e-10,-8.3654514510391e-10,-1.05584720289309e-10
0.73,1.32792088436418e-09,9.89266775002653e-11,-8.57067535459208e-10,-9.82149758815371e-11
0.74,1.35271527312852e-09,8.68123737956063e-11,-8.72992411294175e-10,-8.98902799535987e-11
0.75,1.38226141643827e-09,7.44500141394468e-11,-8.83701919302007e-10,-8.08866652416287e-11
0.76,1.40153755268102e-09,6.21600885327333e-11,-8.88816448480475e-10,-7.14510906668397e-11
0.77,1.4262475644955e-09,4.9747775080191e-11,-8.88173494702602e-10,-6.18041677158095e-11
0.78,1.44180578587338e-09,3.75528830069433e-11,-8.81748569980426e-10,-5.21387705669425e-11
0.79,1.4631540423693e-09,2.53291605012042e-11,-8.69662484361754e-10,-4.26234737764163e-11
0.8,1.47607437384067e-09,1.34308319622241e-11,-8.52124477258988e-10,-3.34014647964213e-11
0.81,1.49481316213951e-09,1.60790693171481e-12,-8.29444229387153e-10,-2.459361041999e-11
0.82,1.50554946287684e-09,-9.78290618601371e-12,-8.01983393054799e-10,-1.62976340438872e-11
0.83,1.52194523650451e-09,-2.1016693813457e-11,-7.7017023927037e-10,-8.59137414672756e-12
0.84,1.530506388292e-09,-3.17360345803092e-11,-7.34456663867407e-10,-1.53235850618945e-12
0.85,1.54440282784662e-09,-4.22522348429546e-11,-6.95332325775704e-10,4.83891669686659e-12
0.86,1.55060231321613e-09,-5.21814831565528e-11,-6.53285781761368e-10,1.04991661661372e-11
0.87,1.56175605781073e-09,-6.18601370649423e-11,-6.0819225931695e-10,1.54611649268991e-11
0.88,1.56523505268069e-09,-7.09014653667138e-11,-5.61183440604219e-10,1.97047994782651e-11
0.89,1.57337254336198e-09,-7.96562676288305e-11,-5.12800803429828e-10,2.32411633725461e-11
0.9,1.57396584654634e-09,-8.77508066963253e-11,-4.6347695953095e-10,2.60975069432858e-11
0.91,1.57888901952674e-09,-9.55450021091348e-11,-4.13637684391895e-10,2.83073218542577e-11
0.92,1.57640123177316e-09,-1.02673254441143e-10,-3.63672194514441e-10,2.99109014689299e-11
0.93,1.57807988898639e-09,-1.09464690673758e-10,-3.13513809711064e-10,3.09955346096643e-11
0.94,1.57251722754381e-09,-1.15618165562101e-10,-2.64728890887739e-10,3.15548259845947e-11
0.95,1.57096025077408e-09,-1.21440210132374e-10,-2.16763409547701e-10,3.16759691798538e-11
0.96,1.56242574433918e-09,-1.26655918818349e-10,-1.69606376527556e-10,3.14110771715462e-11
0.97,1.55785251365614e-09,-1.31535404692939e-10,-1.23588349584189e-10,3.07925332058153e-11
0.98,1.55183066397058e-09,-1.35951698975362e-10,-7.90667961396871e-11,2.9853442208661e-11
0.99,1.53933754631908e-09,-1.39791033932127e-10,-3.63264381766281e-11,2.86319710641367e-11
1,1.53067247765648e-09,-1.43327011358167e-10,4.44755323981166e-12,2.71710563839589e-11
1.01,1.51591894592684e-09,-1.46312203701597e-10,4.31010878096333e-11,2.55135866885347e-11
1.02,1.50486467731525e-09,-1.49031702757882e-10,7.96027078244943e-11,2.37005077430342e-11
1.03,1.48810919142761e-09,-1.51256243838987e-10,1.1397416176177e-10,2.17706070206914e-11
1.04,1.47500056613126e-09,-1.53227325245685e-10,1.46216218056099e-10,1.97609939209722e-11
1.05,1.45655665306776e-09,-1.54723241957116e-10,1.76324245153235e-10,1.77089176769427e-11
1.06,1.44158018855478e-09,-1.5603143338677e-10,2.04284341276736e-10,1.56493732997884e-11
1.07,1.42160594407414e-09,-1.56884058022386e-10,2.30104468059251e-10,1.3615265472392e-11
1.08,1.40493572331479e-09,-1.57579843095181e-10,2.53803998722209e-10,1.16359994569368e-11
1.09,1.38353772882738e-09,-1.57882751387879e-10,2.7542524156263e-10,9.73791372228063e-12
1.1,1.3653469466135e-09,-1.58041340953008e-10,2.95018661481714e-10,7.9433460506341e-12
1.11,1.34268596241327e-09,-1.57858402429387e-10,3.12654503227675e-10,6.27142957934334e-12
1.12,1.32306166023e-09,-1.57568439261965e-10,3.28406581942663e-10,4.73713854781466e-12
1.13,1.29926647218781e-09,-1.56967048606996e-10,3.42364711170699e-10,3.35227778740307e-12
1.14,1.2784457936732e-09,-1.56284462537033e-10,3.54620429261113e-10,2.12475292538769e-12
1.15,1.25376686810341e-09,-1.55325055743421e-10,3.65276328682737e-10,1.05946301018211e-12
1.16,1.23194698886664e-09,-1.54316001440133e-10,3.74433177238822e-10,1.5772330208058e-13
1.17,1.20656284963161e-09,-1.53068775933311e-10,3.82199108776751e-10,-5.81748841310233e-13
1.18,1.18401732862594e-09,-1.51782308387615e-10,3.88678310906009e-10,-1.16320529784786e-12
1.19,1.15822729185311e-09,-1.50291321574835e-10,3.9397992694366e-10,-1.59289764379414e-12
1.2,1.1352065953929e-09,-1.48802476313782e-10,3.98404625611357e-10,-1.86393140628261e-12
1.21,1.10927977914344e-09,-1.47110726962089e-10,4.01533400727825e-10,-2.0052441134285e-12
1.22,1.08610187510294e-09,-1.4542723253837e-10,4.03765200965949e-10,-2.01537117672411e-12
1.23,1.06026920576596e-09,-1.43592721693739e-10,4.05340128342631e-10,-1.90318774867849e-12
1.24,1.03724406841366e-09,-1.41756133446004e-10,4.06308985708035e-10,-1.68978718961146e-12
1.25,1.01182351386342e-09,-1.39795344825582e-10,4.06696581116794e-10,-1.39676423019374e-12
1.26,9.89125226169563e-10,-1.37847424765564e-10,4.06535364304647e-10,-1.04406549139562e-12
1.27,9.66629443155398e-10,-1.35852944211437e-10,4.05877062287765e-10,-6.49055984241109e-13
1.28,9.42106836987477e-10,-1.33735372322038e-10,4.04773604528382e-10,-2.27441470044864e-13
1.29,9.20187481767698e-10,-1.31659830937198e-10,4.03274697992077e-10,2.06772239725623e-13
1.3,8.96445584430694e-10,-1.29473219182182e-10,4.01411243953945e-10,6.40164298128534e-13
1.31,8.75197692096208e-10,-1.27340818419182e-10,3.99242934017455e-10,1.06145802914024e-12
1.32,8.52309334220536e-10,-1.250979075345e-10,3.96824297080361e-10,1.4604488345753e-12
1.33,8.31819946256473e-10,-1.22920056529399e-10,3.94186391624227e-10,1.82916353463273e-12
1.34,8.09801115053688e-10,-1.20647688250709e-10,3.91350845304019e-10,2.16183575937237e-12
1.35,7.90078225065827e-10,-1.18424158925773e-10,3.88330441516558e-10,2.45431389492087e-12
1.36,7.68940466855383e-10,-1.16129654656126e-10,3.85135660343021e-10,2.70407268904794e-12
1.37,7.49971640345848e-10,-1.13885600636944e-10,3.81771144893271e-10,2.90963557789437e-12
1.38,7.29721172376685e-10,-1.11575539803255e-10,3.78242528624849e-10,3.07080560880891e-12
1.39,7.11499303918117e-10,-1.09317888630565e-10,3.74551020988205e-10,3.18815356250237e-12
1.4,6.92075730057695e-10,-1.06998509956771e-10,3.70699393977213e-10,3.26318091295651e-12
1.41,6.74545752588074e-10,-1.04742817652322e-10,3.66687328917064e-10,3.29787971232308e-12
1.42,6.55942855587455e-10,-1.02429104998914e-10,3.62516452889477e-10,3.2948992869953e-12
1.43,6.3910388092836e-10,-1.001819731146e-10,3.58187348415628e-10,3.25721013731939e-12
1.44,6.21241724729771e-10,-9.78888507263721e-11,3.53702423982127e-10,3.18817762818093e-12
1.45,6.05088423810685e-10,-9.56390648696029e-11,3.49063635931182e-10,3.09128452910267e-12
1.46,5.88022963654566e-10,-9.33635635115448e-11,3.44275371468804e-10,2.9702279813719e-12
1.47,5.72502045770307e-10,-9.11528162200534e-11,3.39350658451779e-10,2.82849653872287e-12
1.48,5.56122259354197e-10,-8.89089920410383e-11,3.34320431300771e-10,2.67611792352983e-12
1.49,5.41233724504764e-10,-8.67340694382091e-11,3.29057230356233e-10,2.50885295096606e-12
1.5,5.25553822683378e-10,-8.45372356257092e-11,3.2367456945706e-10,2.33569244911042e-12
1.51,5.11328757113461e-10,-8.23868910244358e-11,3.18211795850008e-10,2.15985232919938e-12
1.52,4.96366503455192e-10,-8.02322320776458e-11,3.12667514883953e-10,1.98209968636079e-12
1.53,4.82760498243806e-10,-7.81366358828497e-11,3.07029680644865e-10,1.8027605979473e-12
1.54,4.69459138230377e-10,-7.60594077958837e-11,3.01295859487075e-10,1.62283332232515e-12
1.55,4.55493420759012e-10,-7.3981662721893e-11,2.95470545021316e-10,1.44371319605493e-12
1.56,4.42781811216264e-10,-7.19739391713573e-11,2.89563261122403e-10,1.266951982255e-12
1.57,4.29500879306488e-10,-6.9955606128917e-11,2.83588371633667e-10,1.09431791865651e-12
1.58,4.1741010647911e-10,-6.80028166767622e-11,2.77559822444193e-10,9.27390735339765e-13
1.59,4.04786426599912e-10,-6.60637823808206e-11,2.71490895729295e-10,7.67543986245323e-13
1.6,3.93279186994278e-10,-6.41678842053302e-11,2.65405969988587e-10,6.16493479433627e-13
1.61,3.81300324647782e-10,-6.22914213463264e-11,2.59304551202163e-10,4.76063384884294e-13
1.62,3.70393493653864e-10,-6.04710077885404e-11,2.53185828566052e-10,3.47402666707906e-13
1.63,3.59105634117896e-10,-5.86486668569286e-11,2.47056233681068e-10,2.31110776514976e-13
1.64,3.48779671810462e-10,-5.69044130824992e-11,2.40930773630894e-10,1.26881700148723e-13
1.65,3.37976757691649e-10,-5.51803664656441e-11,2.34825205827858e-10,3.40970159101149e-14
1.66,3.28204130539689e-10,-5.35030254047726e-11,2.28752928262857e-10,-4.78222105063961e-14
1.67,3.18141069044486e-10,-5.18406115454729e-11,2.22726907836157e-10,-1.19247287255624e-13
1.68,3.08798320247661e-10,-5.02552919963891e-11,2.16755333592161e-10,-1.80738575351545e-13
1.69,2.99335667364176e-10,-4.8661194145186e-11,2.10845639309512e-10,-2.3288193084903e-13
1.7,2.90519608370232e-10,-4.7156827537303e-11,2.0500573893896e-10,-2.76198644009241e-13
1.71,2.81636935994811e-10,-4.5637099173902e-11,1.99241965408938e-10,-3.11353164865884e-13
1.72,2.73357336766367e-10,-4.42020277775679e-11,1.93561170755424e-10,-3.38945749882699e-13
1.73,2.64985366982273e-10,-4.27710451566983e-11,1.87967767287196e-10,-3.59729930183957e-13
1.74,2.57262655622981e-10,-4.13931099667589e-11,1.82467163697143e-10,-3.74387150343555e-13
1.75,2.49305465160887e-10,-4.00648441671232e-11,1.77063433609491e-10,-3.83620148064047e-13
1.76,2.42200037803286e-10,-3.87403400775319e-11,1.71759697621706e-10,-3.88180815991879e-13
1.77,2.34774866214593e-10,-3.74664102492724e-11,1.6656135855803e-10,-3.88604601918513e-13
1.78,2.28012275726996e-10,-3.62356420219456e-11,1.61468094199392e-10,-3.85746029421741e-13
1.79,2.21088036767014e-10,-3.50384133381725e-11,1.564548864e-10,-3.82120141077007e-13
1.8,2.14867235115435e-10,-3.38620696293271e-11,1.5158257616014e-10,-3.7701216023965e-13
1.81,2.08464356887816e-10,-3.27192704958604e-11,1.46839475045601e-10,-3.71581714500197e-13
1.82,2.02608596566733e-10,-3.16189922069576e-11,1.42190420989515e-10,-3.6805893958829e-13
1.83,1.96926031037492e-10,-3.05724433870294e-11,1.37634498505868e-10,-3.66308032495606e-13
1.84,1.91110238745296e-10,-2.95334008256251e-11,1.33178516246109e-10,-3.65709197629662e-13
1.85,1.85853110679091e-10,-2.85306344983065e-11,1.28829257265948e-10,-3.65625868902728e-13
1.86,1.80442327746277e-10,-2.75618430034799e-11,1.24590297987351e-10,-3.65609721788363e-13
1.87,1.75549352832149e-10,-2.66163051594772e-11,1.20461168702948e-10,-3.6549068578499e-13
1.88,1.70566671897632e-10,-2.56956242673261e-11,1.16431104509006e-10,-3.65538020805125e-13
1.89,1.66068048201851e-10,-2.48031668093908e-11,1.12509683944935e-10,-3.66418644061102e-13
1.9,1.61442414992052e-10,-2.39351596506066e-11,1.08698385272784e-10,-3.68596865603368e-13
1.91,1.5724310742371e-10,-2.3091552848144e-11,1.04999414998874e-10,-3.72256731046741e-13
1.92,1.5294787658604e-10,-2.22893928601631e-11,1.01406430197128e-10,-3.76995821919e-13
1.93,1.48916434739021e-10,-2.1525719923378e-11,9.79116955250458e-11,-3.82325250847729e-13
1.94,1.44933842705086e-10,-2.07676078587593e-11,9.45117706261737e-11,-3.87634647162128e-13
1.95,1.41344713711078e-10,-2.00269560202553e-11,9.12058200117168e-11,-3.92359455296956e-13
1.96,1.37642786057768e-10,-1.93178474200361e-11,8.79918298753232e-11,-3.96207452964363e-13
1.97,1.34324551481768e-10,-1.86231396987609e-11,8.48656658981867e-11,-3.99166962585099e-13
1.98,1.30900623673824e-10,-1.79593572592447e-11,8.18365058707986e-11,-4.00528380511742e-13
1.99,1.27838184482698e-10,-1.73158185173739e-11,7.88874202060151e-11,-3.99606530556771e-13
2,1.24674492951726e-10,-1.66850255656045e-11,7.59935273782682e-11,-3.97584649495744e-13
2.01,1.21867849145474e-10,-1.60721875068192e-11,7.31861717410646e-11,-3.92907784728372e-13
2.02,1.1882761441484e-10,-1.5515644278253e-11,7.04710342101413e-11,-3.85833869408646e-13
2.03,1.16198606292528e-10,-1.49654431299825e-11,6.78412666500568e-11,-3.77308655494011e-13
2.04,1.13531406498169e-10,-1.44176411000355e-11,6.52927921756416e-11,-3.67923050019993e-13
2.05,1.11190168183839e-10,-1.38825513321071e-11,6.28222089610039e-11,-3.58166316816824e-13
2.06,1.08745901172824e-10,-1.33667620360378e-11,6.04256269495362e-11,-3.48510066961514e-13
2.07,1.06584074899274e-10,-1.28792315781538e-11,5.80993681877114e-11,-3.39392325938566e-13
2.08,1.04347641638469e-10,-1.24013985336838e-11,5.58414088141576e-11,-3.31050900631477e-13
2.09,1.0239009640145e-10,-1.19409623589257e-11,5.36505579002917e-11,-3.23595725133125e-13
2.1,1.00342845144041e-10,-1.15071971055962e-11,5.152571756896e-11,-3.17077208696356e-13
2.11,9.84066161890951e-11,-1.11066334914279e-11,4.94648066570789e-11,-3.11565921124362e-13
2.12,9.67075308722087e-11,-1.06906451642551e-11,4.74679735818352e-11,-3.06974363944982e-13
2.13,9.49347267464873e-11,-1.0291395526792e-11,4.55364323552445e-11,-3.03109525471309e-13
2.14,9.34159416488001e-11,-9.90494272750533e-12,4.36673350096109e-11,-3.00041318987244e-13
2.15,9.18269904559565e-11,-9.54324261469097e-12,4.18576707981377e-11,-2.97846910714638e-13
2.16,9.04369912291259e-11,-9.18390470423433e-12,4.01044474808521e-11,-2.96572936051083e-13
2.17,8.89990303676313e-11,-8.84853880308336e-12,3.84120733737595e-11,-2.95826863229602e-13
2.18,8.77804495758028e-11,-8.51403057119798e-12,3.67724751754145e-11,-2.95176445231079e-13
2.19,8.64863736182997e-11,-8.20273863888071e-12,3.51797362030084e-11,-2.9426572168957e-13
2.2,8.52669046480514e-11,-7.91759762792323e-12,3.36295243226375e-11,-2.93031690509627e-13
2.21,8.40696401382957e-11,-7.63744465362542e-12,3.21241223224361e-11,-2.91612897463674e-13
2.22,8.31184010507968e-11,-7.34681420574563e-12,3.06678889465311e-11,-2.90101043196603e-13
2.23,8.20747914076492e-11,-7.095855794416e-12,2.92626420977918e-11,-2.88624141518895e-13
2.24,8.12390155147114e-11,-6.83317994816885e-12,2.79060310881027e-11,-2.87471274068777e-13
2.25,8.03268562776793e-11,-6.58285333761062e-12,2.65973764896259e-11,-2.86699859265921e-13
2.26,7.95994381519449e-11,-6.34624557197128e-12,2.53341414455608e-11,-2.86412304221841e-13
2.27,7.87725440432041e-11,-6.12122513685287e-12,2.41139075753824e-11,-2.86670039418978e-13
2.28,7.81232856184033e-11,-5.90892010059392e-12,2.29345919780661e-11,-2.87475155107207e-13
2.29,7.7416295596322e-11,-5.69866306995017e-12,2.17955153956391e-11,-2.88736410910574e-13
2.3,7.68523022998124e-11,-5.50020314399522e-12,2.06955844178018e-11,-2.90364070129423e-13
2.31,7.62021556965919e-11,-5.32081974739215e-12,1.96335613788976e-11,-2.92288702290552e-13
2.32,7.57056639599796e-11,-5.14351265925885e-12,1.86082172842136e-11,-2.94449473918842e-13
2.33,7.51763096218383e-11,-4.96693262087258e-12,1.76197857115398e-11,-2.96684497898117e-13
2.34,7.47961692582066e-11,-4.79163511137414e-12,1.66674603304633e-11,-2.98904823357524e-13
2.35,7.43130001978898e-11,-4.64293720078619e-12,1.57494126326487e-11,-3.01102418592784e-13
2.36,7.39737160415643e-11,-4.49481403700886e-12,1.48630799381714e-11,-3.03322332998492e-13
2.37,7.36672944867678e-11,-4.33874806681011e-12,1.35822415861568e-11,-3.19913362387764e-13
2.38,7.34106109234745e-11,-4.21554379476726e-12,1.21235836052632e-11,-3.44070298961531e-13
2.39,7.31370519702068e-11,-4.09739049806252e-12,1.0784937839311e-11,-3.6078840620837e-13
2.4,7.27684579260313e-11,-4.01817560318555e-12,9.54575684675542e-12,-3.72479954983495e-13
2.41,7.25570714621426e-11,-3.91587394761108e-12,8.39738337782304e-12,-3.80011987293553e-13
2.42,7.2247985372087e-11,-3.85070930062274e-12,7.33668357195266e-12,-3.83601273791822e-13
2.43,7.20952186838986e-11,-3.77839686392903e-12,6.35777768159436e-12,-3.83586447983031e-13
2.44,7.18296533364082e-11,-3.71504880178253e-12,5.45687613494641e-12,-3.80208473999243e-13
2.45,7.17133019634275e-11,-3.66071081628471e-12,4.62883171721966e-12,-3.73778455637763e-13
2.46,7.14939218937616e-11,-3.62270776201716e-12,3.8691739152133e-12,-3.64701250412892e-13
2.47,7.15303372089693e-11,-3.55698477304193e-12,3.17424307763662e-12,-3.53288622859499e-13
2.48,7.13473724545111e-11,-3.52392000735024e-12,2.54149794355178e-12,-3.39834934940236e-13
2.49,7.12772063593548e-11,-3.49740044043864e-12,1.96396735518047e-12,-3.24819574968921e-13
2.5,7.10844716422798e-11,-3.47582719635218e-12,1.43800738009462e-12,-3.08501296080993e-13
2.51,7.10169700823826e-11,-3.4509543995385e-12,9.61315301625077e-13,-2.91033423793694e-13
2.52,7.08384462200229e-11,-3.45656015336609e-12,5.3186513354958e-13,-2.72572218550418e-13
2.53,7.07860436932606e-11,-3.44908466324456e-12,1.46985680893023e-13,-2.53366150857585e-13
2.54,7.06226188640358e-11,-3.44463953476196e-12,-1.93721444881409e-13,-2.33521742605691e-13
2.55,7.07478520212135e-11,-3.40857292460257e-12,-4.92375129545151e-13,-2.132622271604e-13
2.56,7.06075198309009e-11,-3.40999274191205e-12,-7.52179201391139e-13,-1.92885864940196e-13
2.57,7.05773217646311e-11,-3.41456697870003e-12,-9.80093859346183e-13,-1.72921842597034e-13
2.58,7.04298841469608e-11,-3.42936727294762e-12,-1.1785676756595e-12,-1.53571441796797e-13
2.59,7.0417449649085e-11,-3.43788563357349e-12,-1.34845336317113e-12,-1.34874930520781e-13
2.6,7.02824465292906e-11,-3.44718993473812e-12,-1.4895973496722e-12,-1.1682504747986e-13
2.61,7.02673474961557e-11,-3.46737340769733e-12,-1.6037766935102e-12,-9.95231985947482e-14
2.62,7.02380376083056e-11,-3.45234552895327e-12,-1.69248020174281e-12,-8.30779905190655e-14
2.63,7.03126445955604e-11,-3.45662681774593e-12,-1.75758588383747e-12,-6.75888175977389e-14
2.64,7.01874114383827e-11,-3.47827894880333e-12,-1.80407338401054e-12,-5.33335053410907e-14
2.65,7.01927405089009e-11,-3.48349924331796e-12,-1.83558074131568e-12,-4.04854490805712e-14
2.66,7.00515201401686e-11,-3.50575042518846e-12,-1.8522230479876e-12,-2.89345085150505e-14
2.67,7.00657309948838e-11,-3.52016026263627e-12,-1.85533874114236e-12,-1.86445415329134e-14
2.68,7.01216862353249e-11,-3.51686430697525e-12,-1.84505832344358e-12,-9.5060275246512e-15
2.69,7.00826063848581e-11,-3.51239045728126e-12,-1.82306078643661e-12,-1.49603217835274e-15
2.7,7.00666191733035e-11,-3.53524317329263e-12,-1.79306581131469e-12,5.24910815976701e-15
2.71,6.99218460908924e-11,-3.55670168655926e-12,-1.75779220409714e-12,1.06957635304456e-14
2.72,6.99182933772136e-11,-3.57883267924235e-12,-1.71734434581226e-12,1.50493672226781e-14
2.73,6.97921720416161e-11,-3.59063055584814e-12,-1.67031472203769e-12,1.86032142473515e-14
2.74,6.98827662404256e-11,-3.585289883403e-12,-1.61657952474301e-12,2.15015635564268e-14
2.75,6.9798389290554e-11,-3.58710680297431e-12,-1.55714849285194e-12,2.37623159862642e-14
2.76,6.97761848300615e-11,-3.60716838237507e-12,-1.49557855029434e-12,2.52176765905943e-14
2.77,6.96456226023656e-11,-3.62545522084349e-12,-1.43353328898715e-12,2.58365990067201e-14
2.78,6.96109836439973e-11,-3.63541568514897e-12,-1.3702789432299e-12,2.57918798511713e-14
2.79,6.9407590785886e-11,-3.66128934853707e-12,-1.30460861314905e-12,2.52925428150417e-14
2.8,6.94280188895391e-11,-3.64338681273613e-12,-1.23639268705817e-12,2.4435416959183e-14
2.81,6.91029455879288e-11,-3.66786019219376e-12,-1.16496224523777e-12,2.33746604710387e-14
2.82,6.88853418751023e-11,-3.67510161101202e-12,-1.09329158499466e-12,2.19867991618281e-14
2.83,6.84821088725585e-11,-3.69814883718113e-12,-1.01990300308536e-12,2.04360817709837e-14
2.84,6.81597001062073e-11,-3.7215954753729e-12,-9.43454740837117e-13,1.88900571848761e-14
2.85,6.78186395930425e-11,-3.71656243440148e-12,-8.61429830890588e-13,1.75569221557221e-14
2.86,6.74900135777534e-11,-3.72951172297983e-12,-7.72424082228663e-13,1.65693470979801e-14
2.87,6.70130617663744e-11,-3.74926853630451e-12,-6.77904663338834e-13,1.58219666955547e-14
2.88,6.66435795437792e-11,-3.76842447347291e-12,-2.91105523678458e-13,2.41805571533284e-14
2.89,6.61852794792139e-11,-3.77966519147898e-12,4.70129320791034e-13,4.7992699375791e-14
2.9,6.60431709320619e-11,-3.74940591086186e-12,1.14263663182811e-12,6.42101384559708e-14
2.91,6.57758292277322e-11,-3.73831677329981e-12,1.74723990443969e-12,7.55867989611391e-14
2.92,6.56399379295181e-11,-3.73144513968207e-12,2.28881061785032e-12,8.29493029039436e-14
2.93,6.5497829382366e-11,-3.70960551209201e-12,2.77057165604631e-12,8.66541685776672e-14
2.94,6.55182574860191e-11,-3.68426453483609e-12,3.19672046866218e-12,8.70778100801609e-14
2.95,6.57562893024988e-11,-3.61958674448721e-12,3.57048112072524e-12,8.4509867333366e-14
2.96,6.57687238003746e-11,-3.5857682707335e-12,3.89274217645562e-12,7.91176663058032e-14
2.97,6.59339249864388e-11,-3.54126403352904e-12,4.1608551584773e-12,7.08426391415525e-14
2.98,6.59801102642632e-11,-3.5021287839302e-12,4.37654261293609e-12,5.99557092247762e-14
2.99,6.61515286992653e-11,-3.46219484574185e-12,4.54221216634809e-12,4.68329040658078e-14
3,6.63851196236465e-11,-3.38437634589428e-12,4.66175677536941e-12,3.19100075957665e-14
3.01,6.65343335981561e-11,-3.3509695062834e-12,4.73799842586903e-12,1.5551548888429e-14
3.02,6.65538735233895e-11,-3.30705951835199e-12,4.77106796995733e-12,-2.11663627309929e-15
3.03,6.66462440790383e-11,-3.27299163325468e-12,4.76528196332892e-12,-2.06831531832974e-14
3.04,6.66604549337535e-11,-3.220386528673e-12,4.72655313574177e-12,-3.96292002607841e-14
3.05,6.68398669745329e-11,-3.15172257059662e-12,4.66000104585791e-12,-5.85078130757088e-14
3.06,6.67794708419933e-11,-3.12699293679176e-12,4.56827246455397e-12,-7.70631691168746e-14
3.07,6.67830235556721e-11,-3.08779450126319e-12,4.09504087781914e-12,-1.06973730312576e-13
3.08,6.6682659394246e-11,-3.06378068936189e-12,3.31502151042647e-12,-1.47528640484211e-13
3.09,6.67785826635736e-11,-3.01276293977154e-12,2.61470448212829e-12,-1.79377539898557e-13
3.1,6.65210109218606e-11,-3.01158824497977e-12,1.97765469898141e-12,-2.0488543299906e-13
3.11,6.63415988810812e-11,-3.0086664675774e-12,1.39493270868106e-12,-2.25170857683589e-13
3.12,6.5992544762139e-11,-3.01915865900866e-12,8.65173384410918e-13,-2.40490356065831e-13
3.13,6.57358611988457e-11,-3.01787601927971e-12,3.88560507138365e-13,-2.50981482781036e-13
3.14,6.54347687145673e-11,-3.02016554313281e-12,-3.40872965832381e-14,-2.56870323083262e-13
3.15,6.51079190561177e-11,-3.03612578293639e-12,-4.0430671754339e-13,-2.58565759699433e-13
3.16,6.46398490289357e-11,-3.07239223937484e-12,-7.23575455979115e-13,-2.5655046362027e-13
3.17,6.430145305103e-11,-3.09462704692902e-12,-9.93842222719122e-13,-2.5117455426041e-13
3.18,6.39523989320878e-11,-3.10086837964641e-12,-1.21454512500543e-12,-2.42632755077286e-13
3.19,6.36779518004005e-11,-3.12746636796151e-12,-1.38831823107187e-12,-2.31315259592784e-13
3.2,6.33413321793341e-11,-3.16376309026525e-12,-1.51968107892556e-12,-2.17807011292272e-13
3.21,6.31503738190986e-11,-3.19290896766766e-12,-1.61292855787273e-12,-2.02577932197496e-13
3.22,6.29416518904691e-11,-3.22223414953133e-12,-1.66965191526908e-12,-1.85932554743242e-13
3.23,6.30491214792528e-11,-3.22589343834894e-12,-1.69310508499143e-12,-1.68253850065266e-13
3.24,6.30491214792528e-11,-3.23850644529193e-12,-1.68820290055491e-12,-1.49972549912715e-13
3.25,6.29967189524905e-11,-3.26809221147811e-12,-1.66310222169022e-12,-1.31719503002164e-13
3.26,6.30704377613256e-11,-3.3067042495933e-12,-1.62277666974191e-12,-1.13949812615092e-13
3.27,6.31681373874926e-11,-3.30897608667678e-12,-1.5695828844865e-12,-9.68051783865992e-14
3.28,6.33066932209658e-11,-3.31998394115626e-12,-1.50477858653489e-12,-8.03646472922092e-14
3.29,6.32898178309915e-11,-3.34749682004149e-12,-1.43236488777953e-12,-6.49109287327301e-14
3.3,6.33457730714326e-11,-3.37473824423975e-12,-1.35716766562234e-12,-5.06654698070464e-14
3.31,6.32649488352399e-11,-3.40078411148483e-12,-1.27805239298207e-12,-3.7574541485615e-14
3.32,6.34461372328587e-11,-3.39102896612223e-12,-1.19482396606353e-12,-2.55431061143922e-14
3.33,6.33129104699037e-11,-3.41539115841168e-12,-1.10759928145948e-12,-1.45133693758945e-14
3.34,6.32356389473898e-11,-3.43929074670126e-12,-1.02034828825724e-12,-4.69985533200802e-15
3.35,6.30313579108588e-11,-3.4708104062308e-12,-9.32699377204099e-13,3.97235652098752e-15
3.36,6.30286933755997e-11,-3.4663657125695e-12,-8.43298563814928e-13,1.17003864139996e-14
3.37,6.28155305548717e-11,-3.48570824783063e-12,-3.15705495946211e-13,3.32527415637575e-14
3.38,6.25615115268374e-11,-3.50679528081101e-12,4.26586365630487e-13,6.17453143295443e-14
3.39,6.21804829847861e-11,-3.52075493926433e-12,1.07908411447172e-12,8.20545984652387e-14
3.4,6.18269879737454e-11,-3.52873432864435e-12,1.66272381640661e-12,9.6782613632672e-14
3.41,6.14592821079896e-11,-3.51339601120032e-12,2.1898766723463e-12,1.0707062356754e-13
3.42,6.10533845701866e-11,-3.50197180126785e-12,2.66795638807765e-12,1.1344168677436e-13
3.43,6.05080430204907e-11,-3.49486430040198e-12,3.100512863748e-12,1.16150350753366e-13
3.44,6.00524074911846e-11,-3.49246236768382e-12,3.49145945663046e-12,1.15482200857787e-13
3.45,5.9497295978872e-11,-3.48651794096253e-12,3.84537089355288e-12,1.11861113035433e-13
3.46,5.91855453535572e-11,-3.43270899771665e-12,4.16784655669703e-12,1.05722517555848e-13
3.47,5.86437565175402e-11,-3.41150191740275e-12,4.46190983142611e-12,9.74334280250923e-14
3.48,5.82822679007222e-11,-3.39608826843964e-12,4.72558190268234e-12,8.70104738984307e-14
3.49,5.78923575744739e-11,-3.3697269353585e-12,4.95986906109741e-12,7.47211043860171e-14
3.5,5.76863001811034e-11,-3.34071457034741e-12,5.16741871528659e-12,6.09660190706672e-14
3.51,5.77031755710777e-11,-3.26550411042208e-12,5.35031699806648e-12,4.60499023156634e-14
3.52,5.75210989950392e-11,-3.22447236692877e-12,5.50702804553214e-12,3.0129109029176e-14
3.53,5.74917891071891e-11,-3.1903819395907e-12,5.6323407642074e-12,1.30753002389328e-14
3.54,5.74038594436388e-11,-3.1469401024022e-12,5.72530671022348e-12,-4.91065663840507e-15
3.55,5.74651437545981e-11,-3.10212018404507e-12,5.78809273569606e-12,-2.34403797319732e-14
3.56,5.75619552023454e-11,-3.02207814538855e-12,5.82150350366196e-12,-4.21854357050465e-14
3.57,5.76214631564653e-11,-2.98547120848625e-12,5.82639583259845e-12,-6.09412164593297e-14
3.58,5.7560178845506e-11,-2.94079122504331e-12,5.80039119477231e-12,-7.96986819646122e-14
3.59,5.75779424139e-11,-2.89583072949098e-12,5.74572578295885e-12,-9.81770886548823e-14
3.6,5.74882363935103e-11,-2.85387707017073e-12,5.22090017925762e-12,-1.30755682061851e-13
3.61,5.76143577291077e-11,-2.79214426273658e-12,4.45575614170564e-12,-1.7027834467611e-13
3.62,5.74411629372662e-11,-2.76494218084476e-12,3.76651496776103e-12,-2.01214098785232e-13
3.63,5.73354697053219e-11,-2.75237450371624e-12,3.13287382144291e-12,-2.26031559445147e-13
3.64,5.71178659924954e-11,-2.74673385417152e-12,2.54890144675274e-12,-2.45510089078457e-13
3.65,5.69553293416902e-11,-2.74572869306401e-12,2.01421632734383e-12,-2.59833597258562e-13
3.66,5.67652591598744e-11,-2.72422967678167e-12,1.52885039085916e-12,-2.69156043893286e-13
3.67,5.65085755965811e-11,-2.72401542288913e-12,1.09182513970795e-12,-2.73762290921552e-13
3.68,5.60538282456946e-11,-2.73782152539949e-12,6.99621979443193e-13,-2.74156184591119e-13
3.69,5.56559243136689e-11,-2.75420138953938e-12,3.51334969064586e-13,-2.70741477414643e-13
3.7,5.51070300502943e-11,-2.79272626238046e-12,4.82317415031111e-14,-2.63766346681393e-13
3.71,5.46593881267654e-11,-2.80617727060726e-12,-2.08912099790409e-13,-2.53522904331652e-13
3.72,5.4207305311138e-11,-2.80556848396817e-12,-4.18206741930695e-13,-2.40269654845915e-13
3.73,5.36557465125043e-11,-2.84969910563501e-12,-5.81341716407467e-13,-2.24515006654081e-13
3.74,5.3064219684984e-11,-2.87898035245786e-12,-7.03019677158937e-13,-2.06919485725103e-13
3.75,5.25632870562731e-11,-2.90770978343106e-12,-7.83684862171929e-13,-1.87825386624645e-13
3.76,5.20081755439605e-11,-2.9386420204735e-12,-8.23578383004317e-13,-1.67550435338902e-13
3.77,5.17506038022475e-11,-2.94151588241826e-12,-8.25226231092538e-13,-1.4651997728225e-13
3.78,5.13820097580719e-11,-2.97248864284249e-12,-7.92236878985196e-13,-1.25168444308727e-13
3.79,5.11244380163589e-11,-2.99237106794994e-12,-7.31206311200497e-13,-1.04095598613628e-13
3.8,5.09183806229885e-11,-3.02031017336513e-12,-6.46625417674736e-13,-8.36713580386489e-14
3.81,5.07105468727787e-11,-3.04915781009084e-12,-5.42666950660469e-13,-6.41764952480973e-14
3.82,5.0614623603451e-11,-3.06610302058392e-12,-4.22511022041778e-13,-4.5814762255474e-14
3.83,5.06430453128814e-11,-3.03947596849426e-12,-2.88859662635778e-13,-2.87198832761031e-14
3.84,5.0570214682466e-11,-3.07146595110015e-12,-1.46909248092438e-13,-1.31145358616429e-14
3.85,5.04511987742262e-11,-3.07736549428605e-12,7.38766077330446e-14,5.19073880949922e-16
3.86,5.03819208574896e-11,-3.08384236825471e-12,9.54739560360617e-13,4.0094546662434e-14
3.87,5.02167196714254e-11,-3.09299072523111e-12,1.72893391803643e-12,6.8820637528066e-14
3.88,5.01101382610614e-11,-3.08394401668184e-12,2.41622432669087e-12,8.97794856957315e-14
3.89,5.0046189414843e-11,-3.03515682166107e-12,3.03055250651925e-12,1.04694345303536e-13
3.9,4.99129626518879e-11,-3.01388763729148e-12,3.57841718836769e-12,1.14263758615835e-13
3.91,4.96633845159522e-11,-2.98962636075295e-12,4.0605947946503e-12,1.1874055548103e-13
3.92,4.94519980520636e-11,-2.97640977564159e-12,4.48160585691469e-12,1.1858440455001e-13
3.93,4.91269247504533e-11,-2.95270361808926e-12,4.84737278699844e-12,1.14417160023484e-13
3.94,4.89022156102692e-11,-2.91442878578227e-12,5.16454507061192e-12,1.06891232904054e-13
3.95,4.85256279603163e-11,-2.87560826703309e-12,5.43873877766304e-12,9.65721043156272e-14
3.96,4.82938133927746e-11,-2.81414724186766e-12,5.67302107492295e-12,8.38354591678855e-14
3.97,4.78088679756183e-11,-2.78841005681193e-12,5.87009447203365e-12,6.90442125938671e-14
3.98,4.7347903375794e-11,-2.74954458023532e-12,6.03075070550067e-12,5.24522132075562e-14
3.99,4.68025618260981e-11,-2.71184183446365e-12,6.15990253319133e-12,3.45790569642187e-14
4,4.62856419858326e-11,-2.67918687738527e-12,6.26255893766394e-12,1.59244129578391e-14
4.01,4.56816806604365e-11,-2.63953424209906e-12,6.34299083341223e-12,-3.10559533596653e-15
4.02,4.52757831226336e-11,-2.56979683840536e-12,6.40502763122066e-12,-2.2161008046808e-14
4.03,4.47366588218756e-11,-2.52894425130428e-12,6.45118318795544e-12,-4.09974105459358e-14
4.04,4.42250680521283e-11,-2.48483122449478e-12,6.48011967524574e-12,-5.96332878139393e-14
4.05,4.3755221668107e-11,-2.44349006328901e-12,6.49315296333499e-12,-7.79140792933737e-14
4.06,4.34079439060042e-11,-2.39905751956997e-12,6.49225014344344e-12,-9.56194467885404e-14
4.07,4.31246149901199e-11,-2.35463567117981e-12,6.47922233861645e-12,-1.12588019405154e-13
4.08,4.28865831736402e-11,-2.30759008330246e-12,5.82856449639537e-12,-1.49366906047001e-13
4.09,4.28919122441584e-11,-2.23839789299634e-12,5.10422543179275e-12,-1.85930293433454e-13
4.1,4.2765790908561e-11,-2.19686993485504e-12,4.45928438041427e-12,-2.14514410190427e-13
4.11,4.27178292738972e-11,-2.16711608911437e-12,3.87097966812925e-12,-2.37446831512886e-13
4.12,4.26227941829893e-11,-2.1462192326726e-12,3.32968906568299e-12,-2.55546768717058e-13
4.13,4.26068069714347e-11,-2.12722220505378e-12,2.83064367178606e-12,-2.69110517566281e-13
4.14,4.25321999841799e-11,-2.1163208231084e-12,2.37115071288853e-12,-2.78326859277063e-13
4.15,4.25011137394904e-11,-2.10644405556871e-12,1.94860893202774e-12,-2.83447491474546e-13
4.16,4.23820978312506e-11,-2.10400852390287e-12,1.56156892472502e-12,-2.84730065055236e-13
4.17,4.24709156732206e-11,-2.06643043936173e-12,1.20837290140784e-12,-2.82481839503592e-13
4.18,4.23225898771307e-11,-2.07101501241285e-12,8.87677845503084e-13,-2.77027618747467e-13
4.19,4.21698231889422e-11,-2.07522899999289e-12,5.94456513107751e-13,-2.68940952366752e-13
4.2,4.19460022271778e-11,-2.08569674347786e-12,3.28473261608051e-13,-2.58515843086198e-13
4.21,4.17319512280301e-11,-2.10400298401052e-12,9.09503240732836e-14,-2.45939156547446e-13
4.22,4.14592804531821e-11,-2.11924994579577e-12,-1.16733451195792e-13,-2.31419378357441e-13
4.23,4.12283540640601e-11,-2.13277514337878e-12,-2.93408488243707e-13,-2.15194471762682e-13
4.24,4.08730826961801e-11,-2.15156860754643e-12,-4.38551245888444e-13,-1.97566519608555e-13
4.25,4.06563671617732e-11,-2.15023504662558e-12,-5.5325064543993e-13,-1.78905612313895e-13
4.26,4.01794153503943e-11,-2.18017378529958e-12,-6.38334991208184e-13,-1.59544228429025e-13
4.27,3.97104571447926e-11,-2.19819018934499e-12,-6.96183751813838e-13,-1.3991143966389e-13
4.28,3.91535692756406e-11,-2.23818536768066e-12,-7.2679518017751e-13,-1.2019992774633e-13
4.29,3.86179976885614e-11,-2.26556575287301e-12,-7.29533948276351e-13,-1.0055849992215e-13
4.3,3.80184772552639e-11,-2.29681050278829e-12,-7.02749080024588e-13,-8.10709812970501e-14
4.31,3.74633657429513e-11,-2.32355692892141e-12,-6.46341939308747e-13,-6.19055463727544e-14
4.32,3.68620689528143e-11,-2.34486113417621e-12,-5.61457953537913e-13,-4.32596144262787e-14
4.33,3.63282737225745e-11,-2.36983443494098e-12,-4.49884512323124e-13,-2.53556155595166e-14
4.34,3.60254048814568e-11,-2.35814507327246e-12,-3.1451109348149e-13,-8.42964872206928e-15
4.35,3.55857565637052e-11,-2.37490747987449e-12,1.74007617496989e-13,1.68191285372107e-14
4.36,3.5251801477898e-11,-2.38786496503898e-12,1.1026440996623e-12,5.63246611084261e-14
4.37,3.49480444583605e-11,-2.38755512258757e-12,1.93458613015802e-12,8.52414889089312e-14
4.38,3.4792613234913e-11,-2.36614264324174e-12,2.69226053406791e-12,1.06523261662229e-13
4.39,3.46114248372942e-11,-2.35075543053498e-12,3.38328351283509e-12,1.21337677018308e-13
4.4,3.4517277924806e-11,-2.33323784866284e-12,4.00927508304015e-12,1.30125232207984e-13
4.41,3.44408945807118e-11,-2.2877393690329e-12,4.57198248263992e-12,1.33318865029415e-13
4.42,3.43973738381464e-11,-2.25015392058908e-12,5.07376266792272e-12,1.31405339390197e-13
4.43,3.44071438007632e-11,-2.18583741925186e-12,5.51498170223358e-12,1.24776333950798e-13
4.44,3.44559936138467e-11,-2.12180070901183e-12,5.89629909490619e-12,1.13881064664052e-13
4.45,3.43645112366175e-11,-2.06760649645345e-12,6.21694389305449e-12,9.91216663514454e-14
4.46,3.42907924277824e-11,-2.01490366406697e-12,6.47728286451357e-12,8.09514042200763e-14
4.47,3.41513484158895e-11,-1.95558061737362e-12,6.68066598148678e-12,6.00161780166482e-14
4.48,3.40367733997482e-11,-1.89882033408728e-12,6.83205173864154e-12,3.70048098844995e-14
4.49,3.38395977905748e-11,-1.85425655027109e-12,6.93564953410669e-12,1.25244478855422e-14
4.5,3.36859429239666e-11,-1.79539945957025e-12,6.99614285954172e-12,-1.28665420827573e-14
4.51,3.34754446384977e-11,-1.7319874921364e-12,7.01923071704096e-12,-3.85947748818795e-14
4.52,3.33013616682365e-11,-1.67266373762824e-12,7.00900910037007e-12,-6.42468721761014e-14
4.53,3.30713234575342e-11,-1.61837358960614e-12,6.96809033334076e-12,-8.9528366798289e-14
4.54,3.29922755781809e-11,-1.53329846920602e-12,6.90009580201283e-12,-1.14155513056559e-13
4.55,3.26547677786948e-11,-1.48342946652146e-12,6.1402659813688e-12,-1.59059508683625e-13
4.56,3.23092663734315e-11,-1.43757860824681e-12,5.29004285601494e-12,-2.03382270274756e-13
4.57,3.18784998398769e-11,-1.4135027164139e-12,4.51576607354331e-12,-2.38881112573506e-13
4.58,3.14379633437056e-11,-1.39190320668309e-12,3.80411411549254e-12,-2.67402644774426e-13
4.59,3.09627878891661e-11,-1.37322296753898e-12,3.15198753191884e-12,-2.89493873246622e-13
4.6,3.04822833641083e-11,-1.37340353579757e-12,2.55927625191488e-12,-3.05447945368979e-13
4.61,2.99786862001383e-11,-1.36660249908711e-12,2.0243980677798e-12,-3.1562443580919e-13
4.62,2.95150570650549e-11,-1.36850369929124e-12,1.54696959577953e-12,-3.20378215703903e-13
4.63,2.90727442120442e-11,-1.36596986528231e-12,1.12550545099336e-12,-3.20163118964317e-13
4.64,2.86668466742412e-11,-1.37263956109631e-12,7.57575904140921e-13,-3.15503178631852e-13
4.65,2.85158563428922e-11,-1.35086254211528e-12,4.4034844677802e-13,-3.06972627329051e-13
4.66,2.82502909954019e-11,-1.35498696955389e-12,1.70053602167024e-13,-2.95164076533211e-13
4.67,2.80788725603998e-11,-1.37397224189207e-12,-6.04295912431193e-14,-2.80845219086668e-13
4.68,2.79385403700871e-11,-1.37387222506513e-12,-2.55357537431149e-13,-2.64569933654466e-13
4.69,2.78879142001642e-11,-1.38785992289403e-12,-4.16830431435632e-13,-2.46700027599152e-13
4.7,2.78328471381428e-11,-1.39984310946188e-12,-5.4861876662421e-13,-2.27686682811234e-13
4.71,2.78177481050079e-11,-1.40757999288426e-12,-6.53897680342796e-13,-2.07932415956803e-13
4.72,2.77928791092563e-11,-1.42167065093703e-12,-7.35867105059287e-13,-1.87790078594922e-13
4.73,2.78008727150336e-11,-1.43101889117585e-12,-7.97149899320868e-13,-1.67592958246207e-13
4.74,2.77706746487638e-11,-1.45519864410174e-12,-8.40291119668305e-13,-1.47613075167905e-13
4.75,2.77564637940486e-11,-1.4653733427877e-12,-8.67405795887035e-13,-1.28079934806288e-13
4.76,2.76711986657574e-11,-1.48125491065123e-12,-8.79354419196526e-13,-1.09122582498186e-13
4.77,2.76179079605754e-11,-1.4916446103841e-12,-8.77484563853853e-13,-9.09021098082201e-14
4.78,2.75965916785026e-11,-1.48977355854259e-12,-8.63082729345689e-13,-7.35446303424144e-14
4.79,2.75086620149523e-11,-1.49988238608314e-12,-8.37629743836872e-13,-5.71878642465622e-14
4.8,2.73203681899759e-11,-1.51520963008024e-12,-8.03821372826552e-13,-4.20196352954737e-14
4.81,2.71418443276161e-11,-1.53347252626191e-12,-7.62861410757194e-13,-2.80902192812979e-14
4.82,2.69224642579502e-11,-1.54800033850267e-12,-7.13785981924965e-13,-1.53257022622638e-14
4.83,2.66497934831023e-11,-1.56524458424858e-12,-6.55868962010385e-13,-3.64186897325249e-15
4.84,2.6298074828901e-11,-1.58749837742741e-12,-5.88603478052068e-13,7.00413173910257e-15
4.85,2.59241517142073e-11,-1.60825195252191e-12,2.65004107124034e-13,4.08599067484841e-14
4.86,2.5483615218036e-11,-1.60814440317499e-12,1.1063110965647e-12,7.04274266243301e-14
4.87,2.50430787218647e-11,-1.61203934176332e-12,1.86435099794655e-12,9.16154406474079e-14
4.88,2.45563569478691e-11,-1.59684128965211e-12,2.55609275960403e-12,1.06391079494563e-13
4.89,2.40882869206871e-11,-1.58689856627414e-12,3.18919840815746e-12,1.15547918402885e-13
4.9,2.36157760014066e-11,-1.57086767705913e-12,3.76766448706735e-12,1.19539172200319e-13
4.91,2.31192842647943e-11,-1.5464645842041e-12,4.29624868737695e-12,1.18814873875837e-13
4.92,2.26947349801776e-11,-1.51100819113866e-12,4.77789672332114e-12,1.13811466864721e-13
4.93,2.24504859147601e-11,-1.44164002314972e-12,5.21508183016847e-12,1.04949252323078e-13
4.94,2.21636042851969e-11,-1.39749976638068e-12,5.60773843824457e-12,9.25476583445016e-14
4.95,2.19433360371113e-11,-1.34688142881869e-12,5.95331105822117e-12,7.67659651177419e-14
4.96,2.17772466726274e-11,-1.3046952864186e-12,6.25089719514335e-12,5.79753891776068e-14
4.97,2.16981987932741e-11,-1.23935653188785e-12,6.50204906054934e-12,3.66631032017843e-14
4.98,2.16875406522377e-11,-1.18331973219511e-12,6.70814009308085e-12,1.33338275885718e-14
4.99,2.17017515069529e-11,-1.12277666963009e-12,6.86926361467167e-12,-1.16370469097759e-14
5,0.000467698463388899,0.00348992195452096,6.98583024021972e-12,-3.78598350813605e-14
5.01,0.00103711215228497,0.0058001785575336,-0.00130429074983286,-0.000111953567229481
5.02,0.00180531113109517,0.00806172112287732,-0.00285350846671434,-0.000247791677422262
5.03,0.0027581704728572,0.0103138154638499,-0.00490784963197899,-0.000407900304519177
5.04,0.00389564210620197,0.0124973740606094,-0.00759363819380036,-0.000591861485896954
5.05,0.00529241614604192,0.0147188491394053,-0.0109676160203424,-0.000794118217527912
5.06,0.00705965204970038,0.0169225945620555,-0.0150401566036511,-0.00100715788625636
5.07,0.00932529452359621,0.0192470092160702,-0.019798032204128,-0.00122353945208543
5.08,0.0122306427004606,0.021598434284779,-0.025212530461589,-0.00143644713882708
5.09,0.0159095586791755,0.0241303237760027,-0.0312597625794573,-0.00164070786229102
5.1,0.0204977195598035,0.0267002276211711,-0.0379202175177406,-0.00183260217857373
5.11,0.0260841759064734,0.0294676973332409,-0.0451824061921114,-0.00200984303708413
5.12,0.0327773696435978,0.03224063865538,-0.0530400845261989,-0.0021710948688713
5.13,0.0405983967954073,0.0351899915271988,-0.0614932744731789,-0.00231603734908991
5.14,0.0496467877667914,0.038084613584461,-0.0705268474672723,-0.0024439918671554
5.15,0.0598736873104126,0.0411167030720354,-0.0801289221711401,-0.0025549611980661
5.16,0.0714003082874548,0.0440253672098592,-0.0902793733289556,-0.00264850184098219
5.17,0.0841017583206787,0.0470295873338037,-0.100956653308126,-0.00272440417725359
5.18,0.0981495109832338,0.049844327667711,-0.112118852968159,-0.00278142912163388
5.19,0.113332259929583,0.0527180776800776,-0.123727592680556,-0.0028190914474993
5.2,0.129896314820787,0.0553440163728772,-0.135724254255091,-0.0028362223310723
5.21,0.147526615428252,0.0579995357994948,-0.148050393084843,-0.00283182343517398
5.22,0.166563900049056,0.0603566305518277,-0.16064070146705,-0.00280449439245201
5.23,0.186568754180678,0.0627203765096371,-0.173418148582147,-0.00275301550809276
5.24,0.207994811573375,0.0647422782384854,-0.186301813661254,-0.00267609978310212
5.25,0.230258966593532,0.0667539796348655,-0.199214573821498,-0.00257252580326668
5.26,0.25394706557923,0.0683872997915101,-0.212057816947409,-0.00244031091044378
5.27,0.278315719008478,0.0699997998039211,-0.224729832487433,-0.00227800036682009
5.28,0.304102919222974,0.0712052748476243,-0.237113212274106,-0.00208252134513184
5.29,0.33039150859354,0.0723868377267393,-0.249120125464746,-0.00185401051684989
5.3,0.3580911752108,0.0731411585493104,-0.260686651504756,-0.00159351341869745
5.31,0.386096684186429,0.073874952696037,-0.271750841746029,-0.00130195944603015
5.32,0.414853103404848,0.0743849016473659,-0.28225142457586,-0.000980131491769736
5.33,0.445004198689229,0.0744484069797999,-0.292153798447643,-0.000629223038498286
5.34,0.475139849567587,0.0745059608596563,-0.301415507962443,-0.000250979023333168
5.35,0.506663260324036,0.0741116549429938,-0.310013001460126,0.000153125964702996
5.36,0.537952224187302,0.0737257266254269,-0.317941999721079,0.000581233433124958
5.37,0.569708326014843,0.0731261425851328,-0.32518098330168,0.00103079154618857
5.38,0.602860380499713,0.0720738032163016,-0.331732858322508,0.00149865105945521
5.39,0.635452738864709,0.0710568507972671,-0.3375966636767,0.00198152160292574
5.4,0.669460143528787,0.0695909176055482,-0.342785199249636,0.00247630321555
5.41,0.702696733425655,0.0681795287945702,-0.347312825053964,0.00297996988934757
5.42,0.736157958333757,0.0665821364449275,-0.351201146905959,0.00348952231932929
5.43,0.771082297388502,0.0645434962902964,-0.354481404129097,0.00400247126001871
5.44,0.804928959558239,0.0625884910534477,-0.357179101000853,0.0045161722007591
5.45,0.838880223531595,0.060465672454543,-0.359334169705845,0.0050284925163315
5.46,0.874366613985304,0.0579106151163059,-0.360988578992877,0.00553758634605176
5.47,0.908483902861551,0.0554656694150954,-0.362182338180034,0.00604158980802274
5.48,0.942604377942309,0.0528692091384001,-0.362947064779873,0.00653887037613324
5.49,0.978352022724037,0.0498487623958939,-0.363328831585622,0.00702861291495618
5.5,1.01245448128425,0.0469607947149775,-0.363361925061224,0.00751006629401594
5.51,1.04647703981815,0.0439350990461026,-0.363066892748425,0.00798233895375538
5.52,1.08223767018216,0.0404929261373509,-0.362471175741948,0.00844447896234355
5.53,1.11609263123315,0.037201602679734,-0.361604411003665,0.00889570911816839
5.54,1.14980065286644,0.0337840942346867,-0.360490806376746,0.00933551397173602
5.55,1.18537327671415,0.0299572401327372,-0.359145250490183,0.00976317022419655
5.56,1.21879441847286,0.0262957070318373,-0.357583306206083,0.0101778670218883
5.57,1.2520142335183,0.0225175406562409,-0.355818880229896,0.0105791018192206
5.58,1.28501273864476,0.0186252693933777,-0.353861453699713,0.0109660103445137
5.59,1.32004552481555,0.0143319927638417,-0.351716283569095,0.0113376820228537
5.6,1.35258098655764,0.0102168309359488,-0.349380891113245,0.011693533076976
5.61,1.38479487904951,0.00599278255637212,-0.346852291215056,0.0120328869150973
5.62,1.41909780312781,0.00137257463043913,-0.344125685375417,0.0123549275551651
5.63,1.45054469985341,-0.00306745134015488,-0.341190325667851,0.0126590704471987
5.64,1.48143578536567,-0.00761591741206308,-0.338032767415122,0.0129447040655698
5.65,1.51162449332553,-0.0122745709636909,-0.33463761868146,0.0132113249831411
5.66,1.54361296169797,-0.017330231169251,-0.330985452034943,0.0134583349720821
5.67,1.57180245381528,-0.0222169516982181,-0.327046957044127,0.0136853548407674
5.68,1.59855896340535,-0.0272218928837333,-0.322785349839549,0.0138921958149716
5.69,1.62644456043902,-0.0326235150303433,-0.318153051947155,0.0140790722837683
5.7,1.64949442794716,-0.037861911085907,-0.313094415686525,0.0142464429726828
5.71,1.67023383624361,-0.043211142911468,-0.307534466598483,0.0143952742324706
5.72,1.6913820212072,-0.0489314403803601,-0.301378898060211,0.0145273813922087
5.73,1.70681300530116,-0.0544669471958113,-0.294537229330585,0.0146448216992738
5.74,1.72230010350753,-0.0603359999402112,-0.286903122204476,0.014748893498241
5.75,1.73170944213854,-0.0659889986393933,-0.278368557335471,0.0148392972711917
5.76,1.74100295042353,-0.0719222891795422,-0.268825737944953,0.0149147232819508
5.77,1.74412004164686,-0.0775945703328983,-0.258178415652746,0.0149733669070451
5.78,1.73695242004342,-0.0823100450766596,-0.246329185711175,0.0150126444435061
5.79,1.72428761961969,-0.0867264549224647,-0.233209419984612,0.0150292218632632
5.8,1.71224471518484,-0.0913061839565515,-0.218805688725851,0.0150173429887027
5.81,1.69798623794139,-0.0957826696583631,-0.203113402226391,0.0149699223540946
5.82,1.67883967105231,-0.0999148987818121,-0.186160946199507,0.0148821173462191
5.83,1.66077497968567,-0.104125681062804,-0.168029836394309,0.0147515222290579
5.84,1.64111615832346,-0.108167911825732,-0.148776803173699,0.0145751490498325
5.85,1.61737380099022,-0.111821199591165,-0.128484652885177,0.0143520203841818
5.86,1.59520908426982,-0.115474192779392,-0.107264952075616,0.0140810528139173
5.87,1.57203678507945,-0.11890372092813,-0.0852294427823367,0.0137599660583215
5.88,1.54799737850097,-0.122095923246642,-0.0625074993130684,0.0133870783418392
5.89,1.52072120403949,-0.124863867204913,-0.0392534682612733,0.0129616435196343
5.9,1.49530709130585,-0.127556151312202,-0.0156339352998051,0.0124837470439933
5.91,1.469276460344,-0.12998469704893,0.00816625633778316,0.0119545820607817
5.92,1.44036211063405,-0.131987780747626,0.0319585921336,0.0113759507153244
5.93,1.41326129592999,-0.133886683372427,0.0555581456399226,0.0107507304770537
5.94,1.38563114829503,-0.135518435666128,0.0787731984039145,0.0100824780011671
5.95,1.35749051111486,-0.136886587748428,0.101423475534188,0.00937578378828798
5.96,1.32678305889185,-0.137860691481215,0.123335032673206,0.00863562305397193
5.97,1.29774545613037,-0.138725704731259,0.144359356457932,0.00786755084622398
5.98,1.26827376080029,-0.139348893894725,0.164372730181791,0.00707732799433954
5.99,1.23649638340575,-0.139619628869656,0.18326233422244,0.00627000753806833
6,1.20632330177287,-0.139796177511037,0.200876222042796,0.00544734212278122
6.01,1.175832570186,-0.139765551977507,0.21710486089908,0.00461106105169479
6.02,1.14332716477226,-0.139434972586311,0.231919307751399,0.00376725071626046
6.03,1.1123847322316,-0.139035972745383,0.245348542039086,0.00292347650417823
6.04,1.0796230570778,-0.13837289189547,0.257423152802798,0.00208475777821603
6.05,1.04839701603637,-0.137658822780383,0.268217848996163,0.00125543181300047
6.06,1.01706184110408,-0.136803780433993,0.277772744291157,0.000439156577511544
6.07,0.984187209633715,-0.135734784360077,0.286124685971757,-0.000360398783204079
6.08,0.952797548005774,-0.134638023510232,0.293318599242971,-0.00113975138693973
6.09,0.921403597088402,-0.133435498284948,0.299382841374808,-0.00189691248274374
6.1,0.888723323066522,-0.132064898231329,0.304358182594571,-0.0026291816698991
6.11,0.85745802737296,-0.130687675444626,0.308290289892479,-0.00333404597742055
6.12,0.825059106149704,-0.129170328226688,0.311231097399359,-0.00401040392076514
6.13,0.794018863518122,-0.127658780431198,0.313250806506554,-0.00465759832840901
6.14,0.7630960426068,-0.12609172485187,0.314452030440196,-0.00527550717213803
6.15,0.731244381352001,-0.124420742014782,0.314928861442868,-0.00586419972824251
6.16,0.700652907465792,-0.122768355902456,0.314771295661695,-0.00642514336962273
6.17,0.669254524819994,-0.121030908201276,0.314066033803292,-0.00695943667910265
6.18,0.639045144648537,-0.119316640163729,0.31290513207102,-0.00746870845906004
6.19,0.608143537929422,-0.117532146677638,0.311386649217425,-0.00795387026941788
6.2,0.578360635156559,-0.115771984438125,0.309597161070251,-0.00841655882794423
6.21,0.548785306161302,-0.11399123067102,0.307612136632599,-0.00885865865613496
6.22,0.518683137076349,-0.112155331314559,0.305496365418551,-0.00928173442073028
6.23,0.489601011588641,-0.110340221531924,0.303302664008005,-0.0096870793816113
6.24,0.46010099938572,-0.10847622835066,0.301072579577469,-0.0100757018491011
6.25,0.431563993382955,-0.106628573240577,0.29883413470724,-0.0104487867119266
6.26,0.402719133560023,-0.104736441049846,0.296618431266701,-0.0108068901853325
6.27,0.37478968014293,-0.102855281450669,0.294448826761804,-0.0111502289557599
6.28,0.346666180759832,-0.100932557692564,0.292342642051739,-0.0114790414621099
6.29,0.319422413099059,-0.0990149160287239,0.290310560151048,-0.0117935103926377
6.3,0.292098662429022,-0.0970577972094675,0.288353901172288,-0.0120936038157499
6.31,0.26562337225888,-0.0951002050725312,0.286468891697796,-0.0123792711319915
6.32,0.239546154280277,-0.0931206450006623,0.28465229671566,-0.0126503694996131
6.33,0.213548619316967,-0.0911047347376498,0.282896004725519,-0.0129065571688475
6.34,0.18835890199714,-0.0890813385794422,0.281188971436836,-0.0131474052151805
6.35,0.163345158297484,-0.0870238749940883,0.279519328373204,-0.0133724419528815
6.36,0.13911348414391,-0.084955522379807,0.277876164635392,-0.0135812376741463
6.37,0.115144119408173,-0.0828558374782422,0.276248688916566,-0.0137734317637452
6.38,0.0919309924893343,-0.080742956481908,0.274623641863479,-0.0139487454021194
6.39,0.0690544062061587,-0.0786020239237757,0.272993539383928,-0.0141067528144072
6.4,0.0469067270412749,-0.076446705415944,0.271351196868076,-0.0142471561458865
6.41,0.025157306713689,-0.0742670613767306,0.269688302209479,-0.0143697655760474
6.42,0.00410740219465211,-0.0720728719394944,0.267996941546003,-0.0144744661816686
6.43,-0.0164952316531073,-0.0698585459578779,0.266271239519534,-0.0145611350860625
6.44,-0.0364292416807654,-0.0676305033638411,0.264495600062137,-0.0146302209777525
6.45,-0.0558785186654112,-0.0653871131325241,0.262645329717384,-0.0146825703710553
6.46,-0.0746902799854747,-0.0631321529623933,0.260708016352101,-0.0147181758809208
6.47,-0.0929889806057964,-0.0608673403670836,0.258679897813913,-0.0147366986812268
6.48,-0.110680478710236,-0.0585939554167518,0.25656195538396,-0.0147377446071965
6.49,-0.127839134869348,-0.0563163397826595,0.254360406415006,-0.0147212328667407
6.5,-0.144419823124442,-0.0540334515961885,0.252091862948105,-0.0146878344472805
6.51,-0.160452813334494,-0.051751447725123,0.249761773657217,-0.0146382080790268
6.52,-0.175932969143163,-0.0494673686733479,0.24736002933036,-0.014572901608788
6.53,-0.19085324185846,-0.0471891529081946,0.244877729757421,-0.0144922772539146
6.54,-0.20524046297726,-0.0449124608995935,0.242313610534882,-0.0143964919212946
6.55,-0.219085269024746,-0.0426426138788184,0.23965658423239,-0.0142863683356974
6.56,-0.232351668597017,-0.0403859616052669,0.23690742113138,-0.0141625104175957
6.57,-0.245103235780874,-0.0381366023286408,0.234058076833268,-0.0140257064252826
6.58,-0.257264404104663,-0.0359051572223581,0.231097761025397,-0.0138769672336538
6.59,-0.268917929211544,-0.0336851073838686,0.228020940433236,-0.0137169660451362
6.6,-0.279970537467497,-0.0314877164415984,0.224814844435296,-0.0135472522151469
6.61,-0.290520998030718,-0.0293060861745988,0.221476825441933,-0.0133684817660249
6.62,-0.300463330299421,-0.0271519156641378,0.217986497024376,-0.0131819535786219
6.63,-0.30990949030632,-0.0250182250905936,0.214342648541474,-0.0129882848205526
6.64,-0.318745231698238,-0.022916943228647,0.210535604601343,-0.012788664349276
6.65,-0.327093269654836,-0.0208410700061335,0.206560068032556,-0.0125838161024426
6.66,-0.334834878576369,-0.0188026321117158,0.202404313748726,-0.0123742522279681
6.67,-0.342100772771212,-0.0167948221328251,0.198060569843334,-0.0121604670735355
6.68,-0.348770231776073,-0.0148296040950016,0.193530422656455,-0.0119425389268716
6.69,-0.354979283749631,-0.0129002671378415,0.188817143166734,-0.0117209351306176
6.7,-0.3606073977151,-0.0110184101942096,0.183927072833793,-0.0114954049408996
6.71,-0.365793507640293,-0.00917743265524355,0.178860868376746,-0.0112656843856998
6.72,-0.370418397831631,-0.00738848065209107,0.173628298623958,-0.0110313124158485
6.73,-0.374621350977736,-0.00564504480072708,0.168237995466886,-0.0107919952373548
6.74,-0.37828539631897,-0.00395761524000959,0.162705858641444,-0.0105475193564037
6.75,-0.381548457443907,-0.00231968785326695,0.157046831347286,-0.0102976764997111
6.76,-0.384296813459372,-0.000740980824716516,0.151272222479388,-0.010042437108138
6.77,-0.386665863006548,0.00078492909850465,0.145395365097116,-0.00978148827108293
6.78,-0.3885458569103,0.00224909351335044,0.139433710909503,-0.00951478283647437
6.79,-0.390068827121593,0.00365799363160511,0.133421526557202,-0.00924301553949652
6.8,-0.391129839040926,0.00500376623068459,0.127380452971832,-0.00896664270441951
6.81,-0.391856978990306,0.00629296360331729,0.121323000929319,-0.00868587671680713
6.82,-0.392150399473529,0.00751849196527666,0.115262119116527,-0.00840091039021978
6.83,-0.392133629570651,0.00868679838915693,0.109214666606639,-0.0081122101494043
6.84,-0.39176418645292,0.00979464558824026,0.103202700649593,-0.00782054662590761
6.85,-0.391005082629706,0.0108394528264236,0.0972408199354078,-0.00752634535657183
6.86,-0.389972669987044,0.0118275723502859,0.0913419093118155,-0.00723008682184917
6.87,-0.388581151822481,0.0127539270965332,0.0855182685815447,-0.00693276404521932
6.88,-0.386941945548202,0.013624674417161,0.0797735909367227,-0.00663557263697569
6.89,-0.384975218702867,0.0144353131813031,0.0741178862375712,-0.00633927696673934
6.9,-0.382787114486467,0.0151917880543385,0.0685609885497177,-0.00604432107588295
6.91,-0.380303355295392,0.0158902227294166,0.0631156164087035,-0.00575137305945738
6.92,-0.377624488156328,0.0165364253032088,0.0577916647068364,-0.0054611288476771
6.93,-0.3746816164388,0.0171270977735507,0.0525952080909588,-0.00517441951906503
6.94,-0.371569574736246,0.0176678427798157,0.0475358043073853,-0.00489180079249434
6.95,-0.368224501434854,0.018155917693869,0.0426227907727444,-0.00461382217588198
6.96,-0.364735346889483,0.0185967590708045,0.0378639251260308,-0.0043410870097619
6.97,-0.361042992947281,0.018988126073266,0.0332631156992235,-0.00407422329679432
6.98,-0.357230553145901,0.0193352306146221,0.0288266650575126,-0.00381374034846514
6.99,-0.353243363692728,0.0196362837406592,0.0245607656849676,-0.00356013246208031
7,-0.349158771641968,0.0198963104000798,0.0204707830668771,-0.0033138327241308
7.01,-0.344913143845827,0.0201216210939574,0.017932634686515,-0.00297823111185906
7.02,-0.340562136820664,0.0203221922636723,0.0154197051655155,-0.00265175134361126
7.03,-0.336059060619797,0.020495497291588,0.0129479785594872,-0.00234426574125538
7.04,-0.33147020418531,0.0206448187603134,0.0105451840607984,-0.00205542904840243
7.05,-0.326752884766681,0.0207683606074934,0.00822537062684497,-0.00178541432796211
7.06,-0.32196866514799,0.0208693883058769,0.00598514292405386,-0.00153448671074526
7.07,-0.317078887132585,0.0209463904730599,0.00382310005870689,-0.00130275831161394
7.08,-0.312140645802214,0.0210023579017129,0.0017427161678456,-0.00109018117482465
7.09,-0.307118955106356,0.0210360491900254,-0.000255792931904202,-0.000896419378156202
7.1,-0.302066480840577,0.0210502374493595,-0.00217296487670156,-0.000721130631283966
7.11,-0.296970717931901,0.0210447357147985,-0.00401090450109297,-0.000563857447875135
7.12,-0.291822522594352,0.02101954623732,-0.00577336736671351,-0.000423937066117447
7.13,-0.286668143566197,0.0209770276915528,-0.00746513253315815,-0.000300694912916365
7.14,-0.281480265617921,0.0209163685050445,-0.00908705568931107,-0.000193216898037057
7.15,-0.276300978214601,0.0208396991621363,-0.0106399812621453,-0.000100452536496924
7.16,-0.271105452942756,0.0207463766597039,-0.0121268183483766,-2.13849136044198e-05
7.17,-0.265931750440378,0.0206382949756224,-0.0135513593933377,4.5107825344423e-05
7.18,-0.260757252058731,0.0205149149740484,-0.0149169400538301,0.000100258096142092
7.19,-0.25561611995026,0.0203779062324174,-0.0162251958246252,0.000145387998554329
7.2,-0.250487656874539,0.0202268520496715,-0.0174777525304589,0.000181814480921308
7.21,-0.24540231787185,0.0200632349133219,-0.0186769907945567,0.00021075719372395
7.22,-0.240341163351809,0.0198867550275334,-0.0198224931982579,0.000233482758471546
7.23,-0.235331188601867,0.0196987497517394,-0.0209149407803555,0.000251170321936319
7.24,-0.230355053443012,0.0194990418719462,-0.0219558379358625,0.000264929837648849
7.25,-0.225436561603694,0.0192888169284678,-0.0229463403088494,0.000275834485349021
7.26,-0.220559851621259,0.0190679979442338,-0.0238869386297531,0.000284908769298845
7.27,-0.215745785012663,0.0188376470886261,-0.0247775575370791,0.000293106786066434
7.28,-0.210979856325362,0.0185978064740292,-0.02561605861244,0.000301394257313479
7.29,-0.206280210730891,0.0183494537315966,-0.0264037987523523,0.000310577109587753
7.3,-0.201633585574806,0.01809272167109,-0.0271414338091773,0.000321382485724355
7.31,-0.197055676041976,0.0178284827705904,-0.0278279924595342,0.000334452790560516
7.32,-0.192534407911869,0.0175569760671987,-0.028461937118577,0.000350241891916241
7.33,-0.188083319220119,0.0172790166938773,-0.0290422256176408,0.000369030157679424
7.34,-0.183691539598598,0.0169949420722023,-0.0295682948781918,0.000390946737367313
7.35,-0.17937075293078,0.0167055043843968,-0.0300397401147005,0.000415994828617215
7.36,-0.1751112727054,0.0164111189319576,-0.0304561862826546,0.000444074173175206
7.37,-0.170923170061262,0.0161124775814988,-0.0308173050274648,0.000475001981249751
7.38,-0.166801910390922,0.0158100855036405,-0.0311231524192392,0.000508503988919702
7.39,-0.162744110158849,0.0155045031491088,-0.0313740405595234,0.000544242061136477
7.4,-0.158757784814998,0.0151963278739379,-0.0315705979695476,0.000581813745760823
7.41,-0.154835955505115,0.0148861108949724,-0.0317129384047228,0.000620810067784561
7.42,-0.150985469547467,0.0145743917746587,-0.0318018573175989,0.000660787591274305
7.43,-0.147200304861741,0.014261752004405,-0.0318384780740894,0.000701296067258005
7.44,-0.143486265010931,0.0139486649003478,-0.0318240179176317,0.000741897993290657
7.45,-0.139838179082701,0.0136357271925827,-0.031759804917002,0.000782174775438303
7.46,-0.136260912909924,0.0133233458781991,-0.0316473114068963,0.000821729928745762
7.47,-0.132750047759937,0.013012124826105,-0.0314878450682129,0.000860188846682208
7.48,-0.129309599455875,0.0127024078739205,-0.0312830482022346,0.000897209481829563
7.49,-0.125935812415305,0.0123947957767766,-0.0310348621005846,0.000932483843439673
7.5,-0.122631934343911,0.0120895637445712,-0.0307453974206627,0.000965740400407936
7.51,-0.119394779022822,0.0117872987224667,-0.0304164396761078,0.000996775812011014
7.52,-0.116226881002791,0.0114882073498847,-0.0300508815766146,0.00102540236486719
7.53,-0.113125535441522,0.01119284496569,-0.0296518757518687,0.0010514518193764
7.54,-0.110092639395347,0.0109013366467665,-0.0292215248847702,0.00107480330777605
7.55,-0.107125899279027,0.0106142132159373,-0.0287615682243747,0.00109537675528886
7.56,-0.104226946993992,0.0103312303393778,-0.0283525799785735,0.00110999467824019
7.57,-0.101394843343747,0.0100520408507379,-0.027965309016919,0.00112054899238868
7.58,-0.0986303715004355,0.00977657848204104,-0.0275525354114692,0.00113016423294077
7.59,-0.0959317005506894,0.00950534054815852,-0.0271166925740976,0.00113862479158547
7.6,-0.0932990310947579,0.00923830171487633,-0.0266591067044183,0.00114562913799983
7.61,-0.0907308994034886,0.0089759480423999,-0.0261794833834589,0.00115098828378855
7.62,-0.088227165760804,0.00871824210874465,-0.0256781013842883,0.00115454524793277
7.63,-0.0857866299774914,0.00846567095650058,-0.0251563595368783,0.00115615251811911
7.64,-0.0834088367909487,0.00821816049378353,-0.0246164129858654,0.00115567974690778
7.65,-0.0810928171030456,0.00797602209774638,-0.0240608595799913,0.0011530361752328
7.66,-0.0788378053212986,0.00773954324436779,-0.0234927163588152,0.00114818227108268
7.67,-0.0766429333596537,0.00750855873523682,-0.0229147811588848,0.00114111167561296
7.68,-0.0745074564695398,0.00728344436140821,-0.0223292656542541,0.00113186874845295
7.69,-0.0724302570020705,0.00706398324908338,-0.021738409397517,0.00112052666643679
7.7,-0.0704106957432584,0.00685051002213817,-0.0211444449647751,0.00110718800512215
7.71,-0.0684474200294465,0.0066427594122787,-0.0205496218956982,0.00109198818497406
7.72,-0.0665398505580466,0.00644102384629878,-0.01995606001142,0.00107508733429263
7.73,-0.0646864229177455,0.00624499361760515,-0.019365707777873,0.00105666256300821
7.74,-0.0628865940792098,0.00605492333678079,-0.0187803146580105,0.00103690046301465
7.75,-0.0611386156133713,0.00587046868239668,-0.0182011797920265,0.00101601322948202
7.76,-0.0594419623487532,0.00569185368693093,-0.0176301577560862,0.000994190477591266
7.77,-0.0577947361902573,0.00551870150506499,-0.0170685547546641,0.000971630287329945
7.78,-0.0561964286484102,0.00535120850767186,-0.0165173260808732,0.000948529298526649
7.79,-0.0546450260165996,0.00518897854314332,-0.015977311037793,0.000925068331444212
7.8,-0.0531400375601079,0.00503218968773496,-0.0154492980878868,0.000901408394755524
7.81,-0.0516793763043806,0.00488043114069663,-0.0149339774648138,0.000877691831348982
7.82,-0.050262581408774,0.00473386530532771,-0.0144319466383995,0.000854042663997006
7.83,-0.0488875327313154,0.00459207104088523,-0.013943661629968,0.000830568148593838
7.84,-0.0475538103162558,0.00445519903482087,-0.0134695466676591,0.000807354658477112
7.85,-0.0462592979445262,0.0043228225656379,-0.0130097652235651,0.000784474181444506
7.86,-0.0450036275427714,0.00419508410457392,-0.0125646276938063,0.000761995111343802
7.87,-0.0437847114605872,0.00407155519429772,-0.0121341862508224,0.000739958153716474
7.88,-0.0426022376401651,0.00395237429996897,-0.0117183399038199,0.000718387900869194
7.89,-0.0414541743329657,0.00383711687044728,-0.011316876957306,0.000697301019336352
7.9,-0.0403402715712584,0.00372592228633694,-0.0109295837326611,0.000676708212995604
7.91,-0.0392585655593858,0.00361837240999222,-0.0105563021632374,0.000656618252475051
7.92,-0.0382084337571555,0.00351446996947593,-0.0101967695413636,0.000637030941861296
7.93,-0.0371892729949308,0.00341421694189693,-0.00985064026250076,0.000617941928375205
7.94,-0.0361992394775332,0.00331720910007323,-0.00951750621925814,0.000599345440181525
7.95,-0.0352382142054541,0.00322359207310815,-0.00919697531331201,0.000581231331779945
7.96,-0.0343044415906748,0.00313297228712739,-0.00888865236399955,0.000563587140365557
7.97,-0.0333978534021266,0.00304550006635766,-0.00859214217807782,0.000546399197299832
7.98,-0.0325167803359268,0.00296079263752501,-0.00830704072322198,0.000529653930652911
7.99,-0.0316611918127929,0.00287900524828967,-0.00803295812524973,0.000513337694551633
8,-0.0308295063934487,0.00279976582956362,-0.00776949960565841,0.00049743781276122
8.01,-0.0300217259065738,0.00272323438279492,-0.00751629152643161,0.000481941903977158
8.02,-0.0292363556539161,0.00264904915081475,-0.00727297066159729,0.000466838500081086
8.03,-0.0284734239140942,0.00257737444300573,-0.00703917387072083,0.000452118029966985
8.04,-0.0277315203998234,0.00250785855566062,-0.00681453673174464,0.000437772850889249
8.05,-0.0270106936645194,0.00244067007459651,-0.00659870996772184,0.000423796317977641
8.06,-0.0263096144868726,0.00237546705362177,-0.0063913472830146,0.000410183369850959
8.07,-0.0256283462172808,0.00231242206569983,-0.00619211806680955,0.000396929780515676
8.08,-0.0249656369387705,0.00225120248658484,-0.00600069513387878,0.000384032691418303
8.09,-0.0243215598167279,0.00219198457766281,-0.00581676618607499,0.000371489804589462
8.1,-0.0236949361661023,0.00213444459907227,-0.00564002204107641,0.000359299861057424
8.11,-0.0230858445815434,0.00207876223135942,-0.00547016871050046,0.000347461809848982
8.12,-0.02249317553491,0.00202462218207826,-0.00530691456396891,0.000335975273378318
8.13,-0.0219170093791443,0.00197220730057673,-0.0051499825420771,0.000324839709444594
8.14,-0.0213563018073457,0.00192121031978262,-0.0049990974143558,0.000314054881699608
8.15,-0.0208111320065563,0.00187181702868193,-0.00485399802988258,0.00030362003872354
8.16,-0.0202805181166106,0.00182372775213379,-0.0047144254941492,0.000293534410110809
8.17,-0.0197645362858747,0.00177713102653382,-0.00458013310482245,0.000283796418571289
8.18,-0.0192622625961896,0.00173173442111882,-0.00445087583624999,0.0002744041951326
8.19,-0.0187735381158987,0.00168761003519103,-0.0043264224970588,0.000265354841188531
8.2,-0.0182981847952481,0.00164482935133675,-0.00420654114244608,0.000256645064417967
8.21,-0.0178353639485445,0.00160311083407372,-0.00409100730756419,0.000248270755684304
8.22,-0.0173851368505014,0.00156264842679424,-0.00397961432143302,0.000240226332118668
8.23,-0.0169467200090747,0.00152316669365383,-0.00387215658826688,0.000232505689756955
8.24,-0.0165201738682839,0.00148486157970107,-0.00376844179085695,0.000225101581776921
8.25,-0.0161047634814038,0.00144746342940336,-0.00366827874793056,0.000218006274782372
8.26,-0.0157005417712783,0.0014111701341777,-0.00357148995227442,0.000211210935522252
8.27,-0.0153068214375733,0.00137571739007775,-0.00347789938977487,0.000204706324609617
8.28,-0.0149236491445974,0.00134130483549958,-0.0033873451533863,0.000198482217582739
8.29,-0.0145503833025626,0.00130767304332763,-0.0032996788101122,0.000192528537781133
8.3,-0.0141870646629823,0.00127502297726745,-0.00321476816538285,0.000186834760549801
8.31,-0.0138330955533992,0.00124309948098224,-0.00313246780595134,0.000181389693759296
8.32,-0.013488511757519,0.00121210482232686,-0.00305264422417056,0.000176181367218512
8.33,-0.0131527579227813,0.00118178794978278,-0.00297516583339161,0.000171197899634684
8.34,-0.0128258655660103,0.00115235230018105,-0.00289991545356954,0.000166426974552816
8.35,-0.012507319472097,0.00112355049751408,-0.00282677782273889,0.000161856590041929
8.36,-0.0121971472708511,0.00109558692636684,-0.00275565175887756,0.000157474512723796
8.37,-0.0118948714030287,0.0010682174674831,-0.00268643756778851,0.000153269016439339
8.38,-0.0116005157753611,0.00104164724662343,-0.00261904913231237,0.000149228324030718
8.39,-0.011313637811325,0.00101563500985678,-0.00255340124523226,0.00014534133248267
8.4,-0.0110342576240654,0.000990386436600674,-0.00248942164579724,0.000141597038641631
8.41,-0.010761964937088,0.000965662771381604,-0.00242703829584482,0.000137985247466701
8.42,-0.0104967762775996,0.00094167007428464,-0.00236619138027274,0.000134495979079102
8.43,-0.0102383109916906,0.000918171768449316,-0.00230682054081096,0.000131120158487832
8.44,-0.00998658129807062,0.00089537417450079,-0.00224887685655061,0.000127849003105638
8.45,-0.00974123324328358,0.000873042612903314,-0.00219231005418524,0.00012467469357066
8.46,-0.00950219331482449,0.000851273928125137,-0.00213708032501383,0.000121589741303911
8.47,-0.00926937756434421,0.000830163918914369,-0.00208314396738841,0.000118587706354647
8.48,-0.00904246991106095,0.00080948104371124,-0.00203046112768565,0.000115662833170489
8.49,-0.00882147080627571,0.000789431154580132,-0.00197900533116334,0.000112809414436602
8.5,-0.00860608800813578,0.000769783937174214,-0.00192874650365038,0.000110022738700879
8.51,-0.00839632273271196,0.000750745081937788,-0.00187966271508456,0.000107298436178831
8.52,-0.00819190034239581,0.00073208542887086,-0.00183172756918241,0.000104633080157317
8.53,-0.00799281625901926,0.000714010605144402,-0.0017849223323128,0.000102023494282823
8.54,-0.00779881298557727,0.000696292463709863,-0.00173922332121462,9.94673511259601e-05
8.55,-0.00760988140153063,0.000679136557037053,-0.00169461406230866,9.6962477202373e-05
8.56,-0.00742577994532367,0.0006623156472861,-0.00165107270089762,9.45074508145186e-05
8.57,-0.00724649540904343,0.000646035220089993,-0.00160858420232173,9.2100906184438e-05
8.58,-0.00707180139497732,0.00063006885264466,-0.00156712778931801,8.97421321535637e-05
8.59,-0.00690168139092906,0.000614621976497799,-0.00152668918662202,8.74303771582055e-05
8.6,-0.00673592338304374,0.000599468909535228,-0.00148724808349148,8.51654507951736e-05
8.61,-0.00657450825365902,0.000584815054552358,-0.00144879042222208,8.29470314984694e-05
8.62,-0.00641723748485812,0.00057043541516728,-0.00141129588528864,8.07752725769804e-05
8.63,-0.0062640899347961,0.000556535401595748,-0.00137475022684665,7.86501140651836e-05
8.64,-0.00611487956623158,0.000542890665070592,-0.00133913278587331,7.65718944826539e-05
8.65,-0.00596958365645173,0.000529706667655883,-0.00130442886207921,7.45406678908286e-05
8.66,-0.00582802756092859,0.000516759682797122,-0.00127061725426662,7.25568221741302e-05
8.67,-0.00569018731399717,0.00050425527327137,-0.00123768267721108,7.06204020657553e-05
8.68,-0.00555589859578043,0.000491970317228185,-0.00120560332520053,6.87317344353434e-05
8.69,-0.00542513650714427,0.000480110527991782,-0.0011743633094332,6.68907575504388e-05
8.7,-0.00529774602535449,0.000468453377326465,-0.00114394029181443,6.5097653503652e-05
8.71,-0.00517370150600827,0.000457204776012086,-0.00111431792828484,6.33521841705843e-05
8.72,-0.00505285646298814,0.000446142770425691,-0.00108547347629926,6.16543304222616e-05
8.73,-0.00493515769744368,0.00043536677385621,-0.00105739031022629,6.00036338947863e-05
8.74,-0.0048205486217785,0.000424975569867533,-0.00103004358188313,5.83999097605093e-05
8.75,-0.00470889579159928,0.000414748785311012,-0.00100340853777637,5.6842876791534e-05
8.76,-0.00460017145985736,0.000404892339700761,-0.00097747088914329,5.53315309711986e-05
8.77,-0.00449425124366054,0.000395186301268638,-0.000952210003628329,5.38651193397013e-05
8.78,-0.0043911123567979,0.000385836771240018,-0.000927611148965097,5.24425113512755e-05
8.79,-0.00429063471407987,0.000376624326065846,-0.000903653240649436,5.10628399993476e-05
8.8,-0.00419279416210716,0.000367755383027855,-0.000880321426051342,4.97248483990633e-05
8.81,-0.00409747590879816,0.000359010982573173,-0.000857594782879038,4.84275396358626e-05
8.82,-0.00400465587003951,0.000350597852840393,-0.0008354588736098,4.71695308126846e-05
8.83,-0.00391422458626733,0.000342297465239372,-0.000813893406295205,4.59497094854711e-05
8.84,-0.00382615852942148,0.000334316854598582,-0.000792884763240215,4.4766592240277e-05
8.85,-0.0037403538449412,0.000326437878682167,-0.000772413624596365,4.36189850249693e-05
8.86,-0.00365678824331517,0.000318867862767044,-0.000752467471371013,4.25053439100496e-05
8.87,-0.0035753635809348,0.000311389005403465,-0.00073302817059218,4.14244373612124e-05
8.88,-0.0034960593173432,0.000304208902822706,-0.000714084452085702,4.03747074874022e-05
8.89,-0.00341878288777564,0.000297110051269277,-0.000695619458063907,3.9354932721529e-05
8.9,-0.00334351581372494,0.000290300298684301,-0.000677623199704289,3.83635881471473e-05
8.91,-0.00327017072444602,0.00028356240167271,-0.000660080078501987,3.73995072945391e-05
8.92,-0.00319873130539139,0.000277104443870077,-0.000642981328890163,3.64612405297995e-05
8.93,-0.0031291148099919,0.00027070941159572,-0.00062631251943723,3.55477150662158e-05
8.94,-0.00306130701762131,0.000264585611814352,-0.000610065988407735,3.46575907720131e-05
8.95,-0.00299522916915596,0.000258516234899384,-0.000594228332631068,3.37899179004612e-05
8.96,-0.00293086902511686,0.000252709801103542,-0.000578792842755773,3.29434900161908e-05
8.97,-0.0028681511837414,0.000246949685519881,-0.000563746986089304,3.21174992961645e-05
8.98,-0.0028070651515657,0.000241444617192624,-0.000549084845859661,3.13108866505833e-05
8.99,-0.00274753830186336,0.000235978140823168,-0.00053479460376804,3.05229946456201e-05
9,-0.00268954664787757,0.000230653022535354,-0.000520870986037908,2.97529150557172e-05
9.01,-0.00263306535739449,0.00022557146051667,-0.000507300798130986,2.90002066866819e-05
9.02,-0.00257802675757479,0.00022051797704465,-0.000494071156889426,2.82645242264911e-05
9.03,-0.00252442252603768,0.000215701172953948,-0.000481179788422086,2.75449861956961e-05
9.04,-0.00247218937871074,0.000210905618286477,-0.000468618092371035,2.68411440259933e-05
9.05,-0.00242132470975442,0.000206339997030938,-0.000456383309777012,2.61523426879582e-05
9.06,-0.00237176445149556,0.000201789022841275,-0.00044446616347891,2.54783509927631e-05
9.07,-0.00232350540995863,0.000197461578040138,-0.000432863379712569,2.48186929723005e-05
9.08,-0.00227648438693162,0.000193142493332021,-0.00042156529909868,2.41732830149288e-05
9.09,-0.00223069865056758,0.000189040842210925,-0.000410568380425413,2.35417621463477e-05
9.1,-0.00218608609957904,0.000184941569084859,-0.000399862791763961,2.29241377151547e-05
9.11,-0.00214264471741821,0.000181053936151978,-0.000389444903429982,2.23201230831271e-05
9.12,-0.00210031402130118,0.00017716298740267,-0.00037930486364397,2.17297804140118e-05
9.13,-0.00205909318139241,0.000173478163707011,-0.000369439081374509,2.11528626944908e-05
9.14,-0.00201892369098111,0.000169784594643114,-0.000359837784139036,2.05894589661014e-05
9.15,-0.001979806252701,0.00016629189057255,-0.00035049749104207,2.00393380990175e-05
9.16,-0.00194168445309129,0.000162785256422658,-0.000341408555228294,1.95025958905356e-05
9.17,-0.00190456071022349,0.00015947446617286,-0.00033256763090814,1.89790000692436e-05
9.18,-0.00186838057485184,0.0001561447951288,-0.00032396520515181,1.84686387672067e-05
9.19,-0.00183314819398905,0.000153006179109461,-0.000315598063667578,1.79712663329974e-05
9.2,-0.0017988107792799,0.000149843963392619,-0.000307456817017898,1.74869528132734e-05
9.21,-0.00176537409660193,0.000146868247086314,-0.000299538369217278,1.70154303127952e-05
9.22,-0.00173278664358612,0.000143864447818425,-0.000291833443227459,1.65567432305358e-05
9.23,-0.0017010556375503,0.000141042830808721,-0.000284339055025732,1.61105950527246e-05
9.24,-0.00167013051555909,0.000138188889074741,-0.00027704604146291,1.56769992338044e-05
9.25,-0.0016400197768105,0.000135513056813333,-0.000269951541139739,1.52556263988713e-05
9.26,-0.00161067352256761,0.000132800904562319,-0.000263046525603218,1.48464558694663e-05
9.27,-0.001582086850485,0.000130156940335367,-0.000256328286789257,1.44491233009532e-05
9.28,-0.00155425412375765,0.000127685100543228,-0.000249786023715902,1.40636397697564e-05
9.29,-0.00152712759693174,0.000125171822022353,-0.00024340910902933,1.36900233697269e-05
9.3,-0.00150071663583007,0.00012282733711636,-0.000237197427929179,1.33276706831911e-05
9.31,-0.00147497603912217,0.000120438071715939,-0.00023114448929785,1.29763303553118e-05
9.32,-0.00144992078497608,0.000118214305208834,-0.000225249624025161,1.26354693239846e-05
9.33,-0.0014255038326092,0.000115942543921287,-0.000219505667374343,1.23049089577156e-05
9.34,-0.00140173906247587,0.000113833234726754,-0.00021391149958889,1.19841635057155e-05
9.35,-0.00137857896523541,0.000111672947150733,-0.000208459689506428,1.16730821774563e-05
9.36,-0.00135603745775015,0.000109672282086553,-0.00020314901014555,1.13711931822667e-05
9.37,-0.00133406697608196,0.000107617868329431,-0.00019797205776672,1.10783505689286e-05
9.38,-0.00131268170617638,0.000105720452824167,-0.000192927748756043,1.07940818647749e-05
9.39,-0.00129183467442173,0.000103766708035576,-0.000188008915815985,1.05182379538916e-05
9.4,-0.00127154081695902,0.00010196750993752,-0.000183214787566518,1.02503428136479e-05
9.41,-0.00125175423520441,0.000100109557673126,-0.000178538560489132,9.99024532826676e-06
9.42,-0.00123249097112033,9.84038392812111e-05,-0.000173979860836221,9.73747021533185e-06
9.43,-0.00121370643131313,9.66370662976351e-05,-0.000169532295092238,9.49187092460848e-06
9.44,-0.00119541795320233,9.50203249779311e-05,-0.000165195898912177,9.25298090021961e-06
9.45,-0.0011775822101725,9.33403300230169e-05,-0.000160964671660573,9.02066682152036e-06
9.46,-0.00116021784276432,9.18082567829349e-05,-0.000156839017358018,8.79447963708632e-06
9.47,-0.00114328255697349,9.02108188419728e-05,-0.000152813269907263,8.5743075836528e-06
9.48,-0.00112679617842648,8.87592756854875e-05,-0.000148888268407395,8.35972172984599e-06
9.49,-0.00111071711591748,8.72403346322355e-05,-0.000145059097694021,8.15059167456503e-06
9.5,-0.00109506618661004,8.58653381983924e-05,-0.000141325711682904,7.9465317668063e-06
9.51,-0.00107980217175174,8.44210036088687e-05,-0.000137682962803398,7.74746025351341e-06
9.52,-0.00106494668662971,8.31187580487701e-05,-0.000134132323665359,7.55298274082258e-06
9.53,-0.00105045865490605,8.17453153682087e-05,-0.000130668972012111,7.3630635537062e-06
9.54,-0.00103634475709802,8.04061393447755e-05,-0.000127294192740434,7.17737428209526e-06
9.55,-0.00102261066027087,7.92060766955738e-05,-0.000124001035947465,6.99600648840808e-06
9.56,-0.00100921663729792,7.79325989606253e-05,-0.00012078260615171,6.81909802542899e-06
9.57,-0.00099618380907418,7.67967176166781e-05,-0.000117642402509653,6.64620053041482e-06
9.58,-0.000983474481124125,7.558582842849e-05,-0.00011457747476842,6.47724687362682e-06
9.59,-0.000971114806700424,7.45109121521267e-05,-0.000111590581839213,6.31191453972935e-06
9.6,-0.000959064796049125,7.33593838956689e-05,-0.00010867787557974,6.15025719267903e-06
9.61,-0.000947348941563231,7.23423184341766e-05,-0.000105841404844717,5.99204021852192e-06
9.62,-0.000935926339969306,7.12471387460258e-05,-0.000103076774075194,5.83737805026954e-06
9.63,-0.000924820962953321,7.02850052826378e-05,-0.000100385629472096,5.68607551643411e-06
9.64,-0.000913991453176166,6.92433502511673e-05,-9.77632959482454e-05,5.53827039027242e-06
9.65,-0.000903461518460436,6.83334171919137e-05,-9.52112460684804e-05,5.39377883670338e-06
9.66,-0.000893190020306189,6.73426378452115e-05,-9.27247175308663e-05,5.25274141442187e-06
9.67,-0.000883200893885938,6.64823282348281e-05,-9.03051677743573e-05,5.11497105498434e-06
9.68,-0.000873453722574302,6.55399090661807e-05,-8.79478714786361e-05,4.98060139895097e-06
9.69,-0.000863973034202381,6.47267586809856e-05,-8.56543618924928e-05,4.84943636699168e-06
9.7,-0.000854719382236802,6.38302788634384e-05,-8.34200103202744e-05,4.72159999192696e-06
9.71,-0.000845718091568415,6.3061903075386e-05,-8.1246456954873e-05,4.59688682970406e-06
9.72,-0.000836930670422786,6.22090109202652e-05,-7.91291771698623e-05,4.47541261282356e-06
9.73,-0.000828383271714639,6.14830882035711e-05,-7.70699071596439e-05,4.3569649044911e-06
9.74,-0.000820038148608981,6.06714936687976e-05,-7.50642020624683e-05,4.24165402389876e-06
9.75,-0.000811922182808011,5.99857667028367e-05,-7.31138604406557e-05,4.12926355598318e-06
9.76,-0.00080399807108078,5.92132496138367e-05,-7.12144799265864e-05,4.01990123353345e-06
9.77,-0.000796293262629089,5.85655388425311e-05,-6.93678853870238e-05,3.91334910117222e-06
9.78,-0.000788770605174793,5.78299657787479e-05,-6.75696857878913e-05,3.80971417942603e-06
9.79,-0.000781457952844899,5.72181878671959e-05,-6.58217071358339e-05,3.70877824447394e-06
9.8,-0.000774318093955229,5.65175302370092e-05,-6.41195524563712e-05,3.61064831047096e-06
9.81,-0.000767379176159766,5.59397140763329e-05,-6.24650411556851e-05,3.51510611259653e-06
9.82,-0.000760603825662232,5.52720610702725e-05,-6.08537720409524e-05,3.4222584759667e-06
9.83,-0.000754004254980289,5.46203986868126e-05,-5.92875669697514e-05,3.33188662359196e-06
9.84,-0.00074759144477321,5.40899259690332e-05,-5.77600967375342e-05,3.24416335828375e-06
9.85,-0.000741329148969072,5.34687127650862e-05,-5.62651052625202e-05,3.15928518946603e-06
9.86,-0.00073524416260895,5.29680226590486e-05,-5.48067154786497e-05,3.07684457494165e-06
9.87,-0.000729302214526717,5.23758407649564e-05,-5.33825979278236e-05,2.99679982915259e-06
9.88,-0.000723534894973898,5.19033805556034e-05,-5.19961161252158e-05,2.91884206437663e-06
9.89,-0.000717905631074434,5.13386366494095e-05,-5.06440316486064e-05,2.84302852383913e-06
9.9,-0.000712444223304853,5.08928956103052e-05,-4.93289991758946e-05,2.76912100141924e-06
9.91,-0.000707113140490101,5.03541508089378e-05,-4.80472443918968e-05,2.6972244425602e-06
9.92,-0.000701941368289383,4.99337576371962e-05,-4.68010383437734e-05,2.62713078041078e-06
9.93,-0.000696890813240314,4.94197104305999e-05,-4.55863516944132e-05,2.55896231041066e-06
9.94,-0.000691989949389127,4.90234302106768e-05,-4.4405309962532e-05,2.49251913593138e-06
9.95,-0.000687200782808262,4.85329022183504e-05,-4.32538271463123e-05,2.4279255528369e-06
9.96,-0.000682551748459215,4.81596028833178e-05,-4.2134044708494e-05,2.36497962346826e-06
9.97,-0.000678005438845997,4.76914974162898e-05,-4.10419440535166e-05,2.30380155538354e-06
9.98,-0.000673590615446473,4.73401073331267e-05,-3.99797722684597e-05,2.24418453566081e-06
9.99,-0.000669270717242876,4.68933688737654e-05,-3.89436354757743e-05,2.18624428725365e-06
10,-0.00127977875686525,-0.00348112495501171,-3.79359135526712e-05,2.12977047843624e-06
10.01,-0.00183734420517712,-0.00577316409454056,0.00195877159073108,0.000155059510644431
10.02,-0.0025765930721926,-0.00804794697482998,0.00420560344152061,0.000330440801306326
10.03,-0.00348235419974019,-0.0102526446738956,0.00696337737524516,0.000521647524928804
10.04,-0.00455379385431143,-0.0124504238418755,0.0103615872181962,0.000727317337889445
10.05,-0.00586566966790047,-0.0145956551130593,0.0144563841029872,0.000941396038162439
10.06,-0.00752855204818892,-0.0168149838618209,0.0192575180896052,0.00115616640406747
10.07,-0.00967183904974611,-0.019034984495139,0.0247496774997876,0.00136375764462255
10.08,-0.0124318589342791,-0.0214030966927089,0.0309082023986779,0.00155737939548277
10.09,-0.0159517451025351,-0.0238021956358729,0.0376992055432829,0.00173106297864596
10.1,-0.0203570702410796,-0.026303409337827,0.0451022241439253,0.00188076814661211
10.11,-0.0257393028010053,-0.0289945910450135,0.0530990205268215,0.00200358930841995
10.12,-0.0322058645188537,-0.0316839463124903,0.0616776117467682,0.00209774191501551
10.13,-0.039777208630239,-0.0345419790799081,0.0708403974623079,0.00216292390537024
10.14,-0.0485512729538182,-0.0373377937234117,0.080580282134482,0.00219871209031202
10.15,-0.0584774662113428,-0.0402628134778446,0.0908990095521776,0.00220560920568312
10.16,-0.0696759263967557,-0.0430566134508158,0.101778498534299,0.00218347715219242
10.17,-0.0820204648570722,-0.0459375616424386,0.113191580329215,0.00213195801145795
10.18,-0.0956817832635484,-0.048621357654366,0.125099930675884,0.00205016269031144
10.19,-0.110447358146589,-0.051355898161817,0.137454635676104,0.00193724911558326
10.2,-0.126562740816349,-0.0538353143610427,0.150183937808375,0.00179176693844268
10.21,-0.143711691226626,-0.0563365484816699,0.163222743064306,0.00161307863347669
10.22,-0.162233987362208,-0.0585327406614639,0.176497248672096,0.00140025983825037
10.23,-0.181689008072428,-0.0607285539173288,0.189929438844248,0.00115265242828032
10.24,-0.202529217822431,-0.0625767792972641,0.203423344224265,0.000869198803017251
10.25,-0.224170450925976,-0.0644087809471919,0.216885464896954,0.000548672310840422
10.26,-0.24682745762931,-0.0660443953003003,0.230194646380975,0.000189459543701501
10.27,-0.270866534514093,-0.0672821767144541,0.243239253141891,-0.000210184342141338
10.28,-0.295458582525112,-0.0684936803309747,0.255934138520911,-0.000649365120289758
10.29,-0.321424018170321,-0.0692845098174558,0.26818771538316,-0.0011271369857199
10.3,-0.347753305388541,-0.0700509150479426,0.279923119697262,-0.00164231146823259
10.31,-0.375445930126486,-0.070381482968485,0.291063539505111,-0.00219326222407239
10.32,-0.403297018769424,-0.0706952257542432,0.30156593646973,-0.00277761409653956
10.33,-0.431796721268437,-0.0707856945496383,0.311380668596733,-0.00339258807887955
10.34,-0.461641353548105,-0.0704277417172287,0.320480349593474,-0.0040355346765092
10.35,-0.49131564950792,-0.0700730323231462,0.328846839868814,-0.00470356394215393
10.36,-0.5223316481911,-0.0692683047309122,0.336463128523829,-0.00539328973844015
10.37,-0.55295795728056,-0.0684840363255392,0.34334584408728,-0.00610064033849695
10.38,-0.583951860900228,-0.0674947176238943,0.34951214083768,-0.0068231860058842
10.39,-0.616302043921094,-0.066058177239979,0.354962113247898,-0.00755744724977608
10.4,-0.647938915780105,-0.0646711095972661,0.359709553754423,-0.00829957144783989
10.41,-0.680956436670443,-0.062842200560594,0.363761529583256,-0.00904616137358415
10.42,-0.713051693438083,-0.0610825559600327,0.367149251919261,-0.00979359909275418
10.43,-0.745281197388373,-0.0591482296660021,0.369894228357406,-0.0105385402139773
10.44,-0.778947205167231,-0.0567812345361124,0.372037811649327,-0.0112785327695866
10.45,-0.811388943664126,-0.0545127374600361,0.373609848323966,-0.0120103530807757
10.46,-0.843851662790527,-0.0520881272417339,0.374650654601376,-0.0127324536388639
10.47,-0.877830412475449,-0.0492404985598712,0.375195785570859,-0.013442874167406
10.48,-0.910298845748235,-0.0465174012852411,0.375283228275563,-0.0141393267272715
10.49,-0.942693865253993,-0.0436544933257391,0.37497015419844,-0.0148206214961909
10.5,-0.976704835342733,-0.0403771956769887,0.374293512618778,-0.0154855442025259
10.51,-1.00893589772146,-0.0372458834001316,0.373278522297608,-0.0161326696755197
10.52,-1.04101710264621,-0.033988104945409,0.371955028056228,-0.0167609376022151
10.53,-1.07483168054536,-0.0303235663121488,0.370358509891747,-0.0173695442355871
10.54,-1.10661189396293,-0.0268221751535335,0.36850984474964,-0.0179575031909914
10.55,-1.13818143947934,-0.0232052734925741,0.366418529672617,-0.0185237854770469
10.56,-1.1716164310211,-0.0191889623215445,0.364099747999526,-0.0190674517826021
10.57,-1.20277494077963,-0.0153492994466978,0.361567919523294,-0.0195875096193271
10.58,-1.23366780472541,-0.0114031886482649,0.358830992886154,-0.0200829632960093
10.59,-1.26427027143517,-0.00735283365419268,0.355898722868842,-0.020553075249769
10.6,-1.29689313687357,-0.00291117142317296,0.352773886878616,-0.0209971693417058
10.61,-1.32686932696388,0.00134336939923382,0.34945666478881,-0.0214142910403551
10.62,-1.35642412539752,0.00569829038271435,0.345938863668841,-0.0218037551031826
10.63,-1.38801049183559,0.0104404768048369,0.34221050572449,-0.0221648521506539
10.64,-1.41653089798514,0.0149960392039403,0.338259327889362,-0.0224967476423581
10.65,-1.44430268656166,0.0196540217674614,0.334064040289931,-0.0227989177883787
10.66,-1.47112536630656,0.0244171581076359,0.329601986727233,-0.0230706800300893
10.67,-1.49950958929296,0.0295704564248505,0.324842743346216,-0.0233114963145014
10.68,-1.52371234480081,0.0345506194070309,0.319748930733243,-0.0235208584655144
10.69,-1.5461405341361,0.039641201638677,0.31426865366651,-0.0236986621541533
10.7,-1.56940003651399,0.0451151071537079,0.308338079115198,-0.0238449686895521
10.71,-1.58745284067941,0.0504135571341573,0.301879231563782,-0.023959904307619
10.72,-1.602904342469,0.0558037341567893,0.294782623017851,-0.0240444708824118
10.73,-1.61853592642594,0.061538296747531,0.286941315644983,-0.0240995313772768
10.74,-1.62820744108436,0.0670635445387348,0.278239254155633,-0.0241255934617457
10.75,-1.6377891914921,0.0728864800365101,0.268550888100591,-0.0241224179948695
10.76,-1.64118332220506,0.078459810994879,0.257761727223062,-0.0240884022711036
10.77,-1.64442316660337,0.0842684928893973,0.245748315929216,-0.0240207138932459
10.78,-1.63132676132011,0.0886055940963618,0.232391285499649,-0.023915132929364
10.79,-1.61870786676652,0.0931168465786741,0.217606412168704,-0.0237670649371012
10.8,-1.60368760513747,0.0975289145661091,0.201430199066707,-0.0235717897556989
10.81,-1.58353428155228,0.101594063460109,0.183855145705311,-0.0233227968057015
10.82,-1.56427160000703,0.105746244852474,0.164889011480461,-0.023013967429601
10.83,-1.54317723962622,0.109730084042837,0.144604693218746,-0.0226412980762866
10.84,-1.51771885151195,0.113316774892224,0.12307558537342,-0.0222016952122806
10.85,-1.49367939293341,0.116904224634238,0.100397756712664,-0.0216930485687839
10.86,-1.46845397404093,0.12025998683393,0.0766899958184456,-0.0211137846032795
10.87,-1.44221709086999,0.123366843152499,0.0520706139150287,-0.0204619194876132
10.88,-1.41257763250261,0.126028775597656,0.0267001198398162,-0.0197361625884925
10.89,-1.38477911424409,0.128602985934472,0.000760947155259443,-0.0189362034396593
10.9,-1.35631591670948,0.130892774244992,-0.0255358324044477,-0.0180629403112129
10.91,-1.32488796135392,0.132728554143192,-0.051964263870583,-0.0171183810384381
10.92,-1.29532318497661,0.134441098236376,-0.0782885536706572,-0.0161057661252911
10.93,-1.26523481574205,0.135860691398935,-0.104263577020679,-0.0150294794882526
10.94,-1.23245887501251,0.136843520222982,-0.129652381631945,-0.0138955645319261
10.95,-1.20145731099341,0.137695022071622,-0.154226981496266,-0.0127108356224824
10.96,-1.17000941882323,0.13827064841507,-0.177782452081065,-0.0114828719239103
10.97,-1.1381454729245,0.138580855826535,-0.200124604865369,-0.0102187880709287
10.98,-1.1039374842732,0.138512497129255,-0.221060939728848,-0.00892436943994395
10.99,-1.07140559686261,0.138336781090269,-0.240386710084268,-0.00760253472210572
11,-1.03857191152183,0.137938931499327,-0.258006718500009,-0.00626082812770366
11.01,-1.00368617942606,0.137224737974054,-0.273898633247655,-0.00490892379382413
11.02,-0.970437299756673,0.136438046242433,-0.288083822325106,-0.00355629873125277
11.03,-0.935337561750031,0.135377271535006,-0.300608643187763,-0.0022105115680457
11.04,-0.901852673746086,0.134267340748065,-0.311537444257169,-0.000876264390028429
11.05,-0.868285423270288,0.133016780991299,-0.32094832686051,0.000441736399601371
11.06,-0.833154874695921,0.131551139933071,-0.328908264212627,0.00173741743897573
11.07,-0.799592885564233,0.130067270953195,-0.335450165517084,0.00300620528144771
11.08,-0.76605969828128,0.12848551659788,-0.340623055198331,0.00424346576612227
11.09,-0.731224365241765,0.126742038124687,-0.344497925859883,0.00544420842863936
11.1,-0.697891667193919,0.125007800758683,-0.34713237528589,0.00660351343946613
11.11,-0.663413656474308,0.123143938573529,-0.34858231075183,0.00771727921232455
11.12,-0.630383944548673,0.12130534167011,-0.348930877367591,0.0087827817142333
11.13,-0.597512988200624,0.119428805530657,-0.348296608503009,0.00979793614493148
11.14,-0.56370822731305,0.117464235251708,-0.346790919203267,0.0107618558593714
11.15,-0.531255315144927,0.115542029489448,-0.344527544358404,0.0116746787674204
11.16,-0.497993082330242,0.113553240784257,-0.341627977393457,0.0125364996321401
11.17,-0.466010538561187,0.111612965558466,-0.338215692647912,0.0133480622410071
11.18,-0.434256206237071,0.10966939190675,-0.334410949705689,0.0141113969716571
11.19,-0.401863869732278,0.107681841133333,-0.330315547739964,0.0148283542162632
11.2,-0.370641988139048,0.10574386292259,-0.32601916215304,0.0155009185413961
11.21,-0.338890160500693,0.103771278204729,-0.321595784496869,0.016131181805125
11.22,-0.30823884677343,0.101845126608309,-0.317113257833261,0.0167208540700851
11.23,-0.277163954390702,0.0998904431724897,-0.312632285420519,0.017271786345614
11.24,-0.247126719224833,0.0979767696746521,-0.308207337564714,0.0177854770914192
11.25,-0.216773315421764,0.0960379493663775,-0.303876018036144,0.0182634126457316
11.26,-0.187402763561919,0.0941331955835625,-0.299670454880656,0.0187066757461388
11.27,-0.158370412267256,0.0922295696218882,-0.295618528241366,0.0191160839829385
11.28,-0.129188834280236,0.0903026728037107,-0.291737215044891,0.0194926828244779
11.29,-0.100930734111472,0.088397936978783,-0.288036071610101,0.0198374365249948
11.3,-0.072635745960123,0.0864698854510174,-0.284518523362667,0.020151110971069
11.31,-0.0452316808493833,0.0845563032100599,-0.281181823443515,0.0204343720560379
11.32,-0.0178973359424255,0.0826192512996094,-0.278017618754471,0.0206878612989055
11.33,0.00857497627606474,0.0806897102393022,-0.275015674354888,0.0209120963234557
11.34,0.034878138418267,0.0787367677250977,-0.272164169352531,0.0211075306481582
11.35,0.0603463373732227,0.076785388143273,-0.26944917860287,0.0212746289011957
11.36,0.085555406986062,0.0748111733975818,-0.266855333232164,0.0214139711395342
11.37,0.10995620312285,0.072833768599457,-0.264372717694821,0.0215259599789408
11.38,0.134018855347136,0.0708346255558737,-0.261990747141674,0.0216111343278736
11.39,0.157300885078662,0.0688286737708479,-0.259697316992597,0.0216701201943965
11.4,0.180177988988915,0.0668026488126651,-0.257481166439595,0.0217035416726729
11.41,0.202303580692316,0.0647673528950045,-0.255333313490972,0.0217118995511904
11.42,0.223970360351273,0.0627142906018728,-0.253225688287034,0.0216965790775902
11.43,0.244916763403792,0.0606509614778079,-0.251130722668556,0.0216587325064335
11.44,0.265362905877528,0.0585732992553559,-0.249033509004348,0.0215987454352376
11.45,0.285120752164008,0.0564858072080369,-0.246930572770634,0.02151672586247
11.46,0.304290383619535,0.0543877162356496,-0.244822332690631,0.0214127349947972
11.47,0.322913911089229,0.0522811307596482,-0.242710922246838,0.0212869940350925
11.48,0.340894369733893,0.0501664769589572,-0.240604944253235,0.0211401259420303
11.49,0.35830925495439,0.0480470459772453,-0.238518237089239,0.0209737626944629
11.5,0.375110156656895,0.0459208732157444,-0.236454049594671,0.0207892879005541
11.51,0.391330456288909,0.0437932234494421,-0.23440964924875,0.0205877096060046
11.52,0.40696152771208,0.0416603779888401,-0.232374478667135,0.0203701186509384
11.53,0.421999346958883,0.0395293976695192,-0.230340258224558,0.0201374937883921
11.54,0.436467050414426,0.0373951957562361,-0.228301699693583,0.0198907522185179
11.55,0.450328853363037,0.0352661759678003,-0.226249812354424,0.0196311766008994
11.56,0.46363343271679,0.0331361645149787,-0.224182430247555,0.0193599457572546
11.57,0.476319071337925,0.0310144946935794,-0.222100109344711,0.0190787063383856
11.58,0.488455713880304,0.0288940668551834,-0.220000504187502,0.0187891017942417
11.59,0.499961333822007,0.0267848637496278,-0.217877160616772,0.0184925256297509
11.6,0.510923240541567,0.0246792548211147,-0.215718441776084,0.0181905079980289
11.61,0.521244061418256,0.0225877858077528,-0.213515132678753,0.0178843398935193
11.62,0.531025434312867,0.0205025994530702,-0.211254577031209,0.0175754194317749
11.63,0.540159302212617,0.0184346085806778,-0.208933562821558,0.0172651234914185
11.64,0.548759080248609,0.0163758422497587,-0.20654330039358,0.0169551798921109
11.65,0.556710356697439,0.0143373934418564,-0.20407041364957,0.0166466337569622
11.66,0.564135888889612,0.0123115182230419,-0.201493090953918,0.0163405856599259
11.67,0.570917774977768,0.010309568364069,-0.198793146329885,0.0160376458311171
11.68,0.577185251343423,0.00832424696832643,-0.195949245009342,0.0157385331260515
11.69,0.582819350434795,0.00636702648932092,-0.192950517000858,0.0154438260203548
11.7,0.587953608520852,0.00443104480069222,-0.189780336511807,0.015153766009325
11.71,0.592469875372323,0.00252777969422166,-0.186417893472553,0.0148682951243346
11.72,0.596503411168372,0.000650960212849228,-0.182846995553682,0.0145869714586059
11.73,0.59993779443876,-0.00118798594672308,-0.179050464179693,0.0143093528532338
11.74,0.602907987512525,-0.00299480026641525,-0.175024773852068,0.0140348265167961
11.75,0.605361313715134,-0.00476240489170572,-0.170766754648399,0.0137626506133547
11.76,0.607248193896918,-0.00648413728837069,-0.166275165673492,0.0134914878316929
11.77,0.608700517626938,-0.00816520557041394,-0.161547708474143,0.013219956251338
11.78,0.609610221593167,-0.00979521499293572,-0.156589357181408,0.0129466271587326
11.79,0.610105948558155,-0.0113791229282692,-0.151410965942664,0.0126703106599516
11.8,0.610084209021413,-0.0129072426918189,-0.146025436669375,0.0123900238548735
11.81,0.609669965352279,-0.0143844348189945,-0.140450607432814,0.0121048077477378
11.82,0.60876502806711,-0.0158018822767843,-0.134711952361007,0.0118146164123659
11.83,0.607490426808409,-0.0171645420506939,-0.128831062730795,0.0115187770781687
11.84,0.605753537929529,-0.0184644975040797,-0.122823824261896,0.0112170245731229
11.85,0.60367108983855,-0.0197066677607419,-0.11670759567497,0.0109087087039554
11.86,0.601156272776676,-0.0208839235208391,-0.110497765358978,0.0105935649574034
11.87,0.598321318471596,-0.0220011693818558,-0.104220412732985,0.0102719186478379
11.88,0.595085505995902,-0.0230521863420809,-0.0979000310041351,0.0099439268422121
11.89,0.591556378288259,-0.0240419599839529,-0.0915533034978989,0.00960989024696724
11.9,0.587659088985514,-0.0249650532299872,-0.0851975306956459,0.00926982614133168
11.91,0.583496118098241,-0.02582642709806,-0.078851828699872,0.00892436915532681
11.92,0.578998378783922,-0.0266214454356203,-0.0725410174659637,0.00857430907466088
11.93,0.574263208639241,-0.0273551655666668,-0.0662860332291309,0.00822006036605658
11.94,0.569226884548113,-0.0280237468616938,-0.0601030906957694,0.007862430874246
11.95,0.563981399986665,-0.0286322371699221,-0.0540083219440568,0.00750243202146629
11.96,0.558468252514399,-0.0291775072353657,-0.0480231021044319,0.00714120498846875
11.97,0.552774128587104,-0.0296646371052233,-0.0421596977753282,0.00677977276698546
11.98,0.546845415155182,-0.0300911144803806,-0.0364282777204315,0.0064193573380606
11.99,0.540763544589821,-0.0304619178140586,-0.030840721364226,0.00606115222969871
12,0.534509690605594,-0.0307767150907301,-0.0254119492982422,0.0057061366276366
12.01,0.528069583452726,-0.0310356249362699,-0.0201543099733672,0.00535526822831589
12.02,0.521516802362329,-0.0312435588415706,-0.0150773460972447,0.0050094883305134
12.03,0.51480864595406,-0.0313993728863805,-0.0101913459817186,0.0046697927238232
12.04,0.508013638635546,-0.0315078893634951,-0.00550357192231157,0.0043370654440125
12.05,0.501092919903199,-0.0315683922524846,-0.00102066198995199,0.00401212408819096
12.06,0.494110070103609,-0.0315855794138612,0.00325066723006698,0.00369573719965057
12.07,0.487029759727669,-0.0315591181227161,0.0073060197857439,0.00338867260157836
12.08,0.47991078653051,-0.0314935475768514,0.0111427620331589,0.00309159271936977
12.09,0.47272108113142,-0.0313888269400201,0.0147601928028975,0.00280506577054367
12.1,0.46551478521414,-0.0312492791386715,0.0181589340113732,0.00252956014701753
12.11,0.458262778511449,-0.0310750820302665,0.0213391657333891,0.00226550490887223
12.12,0.451014690817162,-0.0308703348010371,0.0243021347232322,0.00201326353407505
12.13,0.443744075085814,-0.030635390014664,0.0270522641657294,0.00177308585717831
12.14,0.436496186894455,-0.0303740717038614,0.0295935197410145,0.00154511010183437
12.15,0.429246963782606,-0.0300868387596791,0.0319310030758279,0.00132939664042827
12.16,0.422037433796876,-0.0297772326133056,0.0340704921491597,0.00112593714762086
12.17,0.414845666850469,-0.0294457745403881,0.0360183404899925,0.00093465156948381
12.18,0.407708642413109,-0.0290957072567372,0.0377819390009176,0.000755357777894493
12.19,0.400606320106847,-0.0287275735832328,0.039368701138085,0.0005877909411005
12.2,0.393571811928858,-0.0283443151500937,0.0407855484884425,0.00043163383777964
12.21,0.38658676009664,-0.0279464836875438,0.0420400239889917,0.000286513836529057
12.22,0.379680627107173,-0.0275367300564734,0.0431398555563009,0.000152028155533524
12.23,0.372836571974831,-0.0271155905591764,0.0440928797959038,2.77487694579127e-05
12.24,0.366080654113907,-0.0266854292284991,0.0449071168779923,-8.67810098182323e-05
12.25,0.359397415939323,-0.0262467479349008,0.0455908154443588,-0.000192018140270213
12.26,0.352809771352723,-0.0258016323802422,0.0461514532225374,-0.000288451555917316
12.27,0.346311683304097,-0.0253508793587871,0.0465965552289197,-0.00037657896303299
12.28,0.339898715793104,-0.0248953142837743,0.0469341739448093,-0.000456909664541366
12.29,0.333589528400994,-0.0244366345085423,0.0471714967465515,-0.000529965888577964
12.3,0.327371622369729,-0.023975236709445,0.0473146214357195,-0.000596331531938565
12.31,0.321261097169906,-0.023512590904077,0.047371367770492,-0.000656505703784415
12.32,0.315246484295086,-0.0230490394948964,0.0473478264521675,-0.0007110639467291
12.33,0.309341550704354,-0.0225858425639291,0.0472498743454772,-0.000760568365310062
12.34,0.303535750820733,-0.0221233014495027,0.0470833277656057,-0.000805516989276372
12.35,0.297840748317916,-0.021662487198972,0.0468537139966172,-0.000846329016117939
12.36,0.292246897703609,-0.0212036586508555,0.0465663275485137,-0.000883339358463662
12.37,0.286764023873443,-0.0207477174785122,0.0462256343273195,-0.000916836787501547
12.38,0.281383363829075,-0.0202948915459815,0.045835855635933,-0.000947055059373657
12.39,0.276113110845481,-0.0198459392297901,0.0454009878190012,-0.00097418578696475
12.4,0.270945329297216,-0.0194010623709316,0.0449248357279115,-0.000998380857550577
12.41,0.265886774199572,-0.0189608912057816,0.0444108979421972,-0.00101976763362044
12.42,0.260930291274145,-0.0185256053107447,0.0438623973171507,-0.00103845456319864
12.43,0.256081367342787,-0.018095723733718,0.0432823541680237,-0.0010545334918317
12.44,0.251333575417927,-0.0176714074569399,0.0426736444771987,-0.00106808170090778
12.45,0.246691286846274,-0.0172530769078328,0.0420389728174109,-0.00107916809464815
12.46,0.242148748311727,-0.0168408755782198,0.0413809438217738,-0.00108785765365227
12.47,0.237709351166311,-0.0164351347607051,0.0407021736409675,-0.00109420605960436
12.48,0.23336796291647,-0.0160359786863651,0.0400050398248381,-0.00109827161707639
12.49,0.22912711583155,-0.0156436585659615,0.0392918827058923,-0.00110010999667881
12.5,0.224982248792827,-0.015258277707646,0.0385653104983512,-0.00109974580353159
12.51,0.220935150769647,-0.0148800140259382,0.0378268360228241,-0.00109723672350807
12.52,0.216981782775251,-0.0145089573397536,0.0370785774657211,-0.00109261717404867
12.53,0.213123284410915,-0.0141452209799163,0.0363228452295563,-0.0010859144756721
12.54,0.209357012581963,-0.0137888680454375,0.0355615392791422,-0.00107716845642708
12.55,0.205680787888085,-0.0134399623221207,0.0347964114031607,-0.00106642738119075
12.56,0.202094927616841,-0.0130985317532116,0.0340290305705452,-0.00105376550350038
12.57,0.198596479895701,-0.0127646187160416,0.033260824874561,-0.00103927505696563
12.58,0.195185286829739,-0.0124382065854398,0.0324930639719312,-0.00102305712525713
12.59,0.191858737431273,-0.0121193248264575,0.0317270470960237,-0.00100521560812908
12.6,0.188616253197084,-0.0118079181492459,0.0309639863999077,-0.000985866787009548
12.61,0.1854555142054,-0.0115040015846617,0.0302052958359275,-0.000965137205382594
12.62,0.182375574939853,-0.011207481205102,0.0294524089854356,-0.000943157510406713
12.63,0.179374370848327,-0.0109183526432391,0.0287067118011105,-0.000920061693683906
12.64,0.176450646358618,-0.0106364859177296,0.0279694043796044,-0.000895983470260086
12.65,0.173602560511464,-0.0103618601693707,0.0272414053656146,-0.000871049033905322
12.66,0.170828592785074,-0.0100943186354332,0.026523679793825,-0.000845377415417749
12.67,0.168127105869358,-0.00983382838734417,0.0258170413117105,-0.000819092274525709
12.68,0.165496378069846,-0.00958020867734437,0.0251225677854468,-0.000792320801653381
12.69,0.162934960498042,-0.00933340921572138,0.0244414325224382,-0.000765192859993708
12.7,0.160440970076003,-0.00909322348502069,0.0237744840522081,-0.000737829437593821
12.71,0.158013126982574,-0.00885958651408466,0.023122346801058,-0.000710341217630134
12.72,0.155649428828912,-0.00863227635121363,0.0224855259020388,-0.00068283066731774
12.73,0.153348751202475,-0.00841121939616812,0.0218644158242665,-0.000655391405575495
12.74,0.151109009023346,-0.00819618405676396,0.0212593242445665,-0.000628108351281429
12.75,0.148929220434943,-0.00798709113015721,0.0206704644797624,-0.000601057835342125
12.76,0.146807250211085,-0.00778370411639123,0.0200979338513707,-0.000574307762428251
12.77,0.144742246898034,-0.00758594173138105,0.0195416930111125,-0.000547920566515757
12.78,0.14273205183069,-0.00739356770693609,0.0190016958480225,-0.000521950190429285
12.79,0.140775931386399,-0.00720650225386115,0.0184776085814741,-0.000496436193005642
12.8,0.138871725739219,-0.00702451303566899,0.0179693689948727,-0.000471407911204356
12.81,0.137018415571124,-0.00684748472038249,0.0174769082707805,-0.000446880922509375
12.82,0.135215055517993,-0.00667530034716181,0.0169999498331724,-0.00042287195617011
12.83,0.13345953349957,-0.00650773632437144,0.0165381048608639,-0.000399399366501144
12.84,0.131751378295276,-0.00634471815868148,0.0160912003357051,-0.000376469371027359
12.85,0.130088528030083,-0.00618602854649696,0.0156589799885965,-0.000354088050298528
12.86,0.128470598817014,-0.00603159570228534,0.0152410804662897,-0.000332262500882691
12.87,0.126895584823416,-0.00588121160241475,0.0148370556498465,-0.000311000258042624
12.88,0.125363175476142,-0.00573481042567431,0.014446432981057,-0.000290308780116188
12.89,0.123871427908143,-0.00559219584617982,0.0140687091322658,-0.000270194888349933
12.9,0.122420093956782,-0.00545330909004523,0.0137033599697015,-0.000250663974530454
12.91,0.121007294990464,-0.00531796657951882,0.0133498800929971,-0.000231719824995595
12.92,0.119632831346577,-0.00518611675960436,0.0130077389539006,-0.000213363490435589
12.93,0.118294891199165,-0.00505758910923247,0.0126764265956341,-0.000195593436780106
12.94,0.116993315381467,-0.00493233930129385,0.0123554372973358,-0.000178407357392704
12.95,0.115726361241645,-0.0048102094319445,0.0120442972023404,-0.000161801085549975
12.96,0.114493902368641,-0.00469116164882615,0.0117425424544788,-0.000145768517312857
12.97,0.11329426738833,-0.00457505006623419,0.0114497218021763,-0.000130301656501591
12.98,0.112127356632974,-0.00446184273411839,0.0111653988434595,-0.000115390683007443
12.99,0.110991571509976,-0.00435140532878939,0.0108891426408907,-0.000101024015338681
13,0.109555846917185,-0.00775489986461992,0.0106205630804547,-8.71885845788575e-05
13.01,0.10789313110976,-0.00995249622866007,0.0104147115093752,-7.17072404486608e-05
13.02,0.106032560162499,-0.0121538664205239,0.0106340459941893,-3.77852110745211e-05
13.03,0.103987211527196,-0.0143045785563136,0.0115178542494712,2.29320300243949e-05
13.04,0.101756235012363,-0.0164663780190894,0.013175781531703,0.000109463327492061
13.05,0.0992642534599257,-0.0185920742240977,0.0156527967029129,0.000217057766873772
13.06,0.0964008219179657,-0.0208069868160349,0.0189555524035026,0.000339491694319739
13.07,0.0930368430213884,-0.0230364615410087,0.0230629146184001,0.000469927477088549
13.08,0.0890368269338886,-0.0254269021457511,0.0279487791883792,0.000602144244709298
13.09,0.0842584247046165,-0.027860127199374,0.0335830518422712,0.000730680794936559
13.1,0.0785770116645761,-0.0304063694282166,0.0399416333162971,0.000851273080078391
13.11,0.0719022022093148,-0.0331526130097127,0.0470030628808268,0.000960597587015845
13.12,0.0641277372734788,-0.0359060785319795,0.0547551461804044,0.00105624309554844
13.13,0.055234647266845,-0.0388363015976953,0.0632154058331634,0.00113756325493915
13.14,0.0451264195988026,-0.0417112391135667,0.0723695675663128,0.00120256737957524
13.15,0.0338552826165204,-0.0447213282867689,0.082208704086267,0.00124963904709728
13.16,0.0213027016171941,-0.0476050057943137,0.092707919642105,0.00127660306267198
13.17,0.00759668648089296,-0.0505796095898831,0.103842044318928,0.00128181684699227
13.18,-0.00743164655466799,-0.0533596434184558,0.115563238444222,0.00126294980060675
13.19,-0.0235679506124518,-0.0561921118485153,0.127818213461244,0.00121777423745638
13.2,-0.0410561620326497,-0.0587700323274307,0.140541372640376,0.00114390048063191
13.21,-0.0595783457702606,-0.0613694971589273,0.153655591735253,0.00103891074818672
13.22,-0.0794730382063875,-0.0636627243242927,0.167076790014341,0.000900543538488183
13.23,-0.100298131115246,-0.065953781699427,0.180710532843762,0.000726862031583035
13.24,-0.122505250266819,-0.0678948316424219,0.194455699728542,0.000515897458052191
13.25,-0.14550889123261,-0.0698168745812202,0.208206657466608,0.000265560142643678
13.26,-0.169522927161593,-0.0715392734497497,0.221850087519376,-2.56104333096087e-05
13.27,-0.194912705169276,-0.0728601017869561,0.235250457710472,-0.000360482737339559
13.28,-0.220848150240817,-0.0741510574277456,0.248282446767835,-0.000740742691048798
13.29,-0.248149899383606,-0.0750179165331198,0.260825938734463,-0.00116627159917843
13.3,-0.275808155486283,-0.0758575931256877,0.272794541097441,-0.00163612276643512
13.31,-0.304823181796305,-0.0762591320654018,0.284110611484746,-0.00214789335022014
13.32,-0.333989774224161,-0.0766422964934914,0.294723730956512,-0.00269940060960141
13.33,-0.363798796010638,-0.07680122720484,0.304580573076542,-0.00328801468575249
13.34,-0.394947470139927,-0.0765114319758135,0.313649413074709,-0.00391067366618969
13.35,-0.425920657558476,-0.0762253957372124,0.321927389922645,-0.00456434350959125
13.36,-0.458231794881613,-0.0754902762642275,0.329396435554046,-0.0052452910939442
13.37,-0.49014978628062,-0.0747774347014345,0.336051541987106,-0.00594880667497275
13.38,-0.522432878577275,-0.0738621996109922,0.341896247806433,-0.00667043543180214
13.39,-0.556070572305234,-0.0725032214901493,0.346939911723395,-0.00740541956974258
13.4,-0.588993252305991,-0.0711981889564815,0.351210603625286,-0.00814919004463903
13.41,-0.623295863877941,-0.0694562052279546,0.354733796708614,-0.00889724743722521
13.42,-0.656675390271288,-0.0677890322696968,0.357557448559911,-0.00964548589193437
13.43,-0.690189067554884,-0.0659529148997686,0.359714916053712,-0.0103904121506125
13.44,-0.725139600137647,-0.0636899574366975,0.361263248654085,-0.011128680653732
13.45,-0.758866292883718,-0.0615314834780806,0.362255015713021,-0.0118575327779107
13.46,-0.792614777563741,-0.0592226040676886,0.362736465792078,-0.012574171562215
13.47,-0.827880144705673,-0.0564960444697326,0.362757285984745,-0.0132767779971559
13.48,-0.861636081955434,-0.0538991533513138,0.362366754985382,-0.013963971226314
13.49,-0.895319668972185,-0.0511670997762416,0.361605574555131,-0.0146342415148032
13.5,-0.930620101026472,-0.0480249346735252,0.36051160581923,-0.0152859721787096
13.51,-0.964141578324356,-0.045032783078464,0.359140584286727,-0.0159187336094631
13.52,-0.997514122698303,-0.0419174621986114,0.357520985184098,-0.0165318442568441
13.53,-1.03262061242657,-0.0383980408671436,0.355673813552435,-0.0171240717284822
13.54,-1.06569333796998,-0.0350442052048855,0.353626108463682,-0.0176944732068528
13.55,-1.09855547542182,-0.0315765854520451,0.351401546709372,-0.0182424240831282
13.56,-1.13328244312518,-0.0277104411517851,0.349023834044365,-0.0187673939256485
13.57,-1.16573249490012,-0.0240213648653836,0.346503401009757,-0.0192686890557276
13.58,-1.19791579400564,-0.0202254469827031,0.343848816123707,-0.0197457302008503
13.59,-1.229807121939,-0.016324185155306,0.341070248969002,-0.0201978649889753
13.6,-1.26371619971132,-0.0120296695449731,0.338172421915739,-0.0206242444931589
13.61,-1.29497611643872,-0.00791988334825677,0.335153113021049,-0.0210242499115504
13.62,-1.3258109832009,-0.00370648539509236,0.332007371350122,-0.0213973871356367
13.63,-1.35867243143193,0.00089832277129831,0.32873247991013,-0.0217429475949606
13.64,-1.38846327764866,0.00532118548635646,0.325319791336769,-0.0220604658667753
13.65,-1.41749987359944,0.00985215436910072,0.321757468782054,-0.0223495315341748
13.66,-1.44558099690601,0.0144949408291431,0.318031163734355,-0.02260979015309
13.67,-1.47521538636306,0.0195357986678923,0.314121725065203,-0.022840871879247
13.68,-1.50065901631127,0.0244123544325015,0.310000777900558,-0.0230424548312778
13.69,-1.52431562124475,0.0294096818970598,0.305633871729325,-0.0232143155564503
13.7,-1.54878744171669,0.034802410858402,0.300979829912947,-0.0233563746676203
13.71,-1.56803312258055,0.040033315801681,0.295991896689738,-0.0234685908384044
13.72,-1.58465307591406,0.0453719411413906,0.290596832144867,-0.0235516507152321
13.73,-1.60142358879024,0.0510735615363492,0.284707320955026,-0.0236066750588421
13.74,-1.61219908463081,0.0565868634387652,0.278235125364332,-0.0236353849779489
13.75,-1.62284411618895,0.0624220423335728,0.271057856623043,-0.0236395499082016
13.76,-1.6272546948181,0.068034159409121,0.263022507997983,-0.0236202085027588
13.77,-1.63145936611039,0.0739106644838306,0.253960054082058,-0.0235779208714772
13.78,-1.6192666314253,0.0783461051708558,0.243718116800949,-0.0235120397170285
13.79,-1.60749097635127,0.0829878126334663,0.232158243544737,-0.0234196681440026
13.8,-1.59324912023326,0.0875628301700997,0.219217668134915,-0.0232948940803826
13.81,-1.57380475677607,0.0918231055074,0.204839715829047,-0.0231306887574842
13.82,-1.5551793995058,0.0962021661931281,0.188968025447172,-0.0229195254118062
13.83,-1.53464630675554,0.100443026988947,0.171595064015489,-0.0226549892624193
13.84,-1.50966847007623,0.104314480321091,0.152722893497997,-0.0223305902568067
13.85,-1.4860268466742,0.108212070992268,0.132441399767666,-0.0219419394997011
13.86,-1.46111210869133,0.111900562760922,0.110852926982851,-0.0214865886451096
13.87,-1.43509614613509,0.115359822679771,0.0880616741516745,-0.0209615246519972
13.88,-1.40558484003097,0.118390746836695,0.0642138964176179,-0.0203638444650738
13.89,-1.37782172969804,0.121347587149064,0.0394673289798036,-0.0196903827891873
13.9,-1.34929834212111,0.12403003880224,0.0140018621189901,-0.0189389203270152
13.91,-1.31771205598883,0.126264676393703,-0.0119700746153916,-0.0181090185101164
13.92,-1.28789158945596,0.128378742650974,-0.0382190084250687,-0.0172015042517102
13.93,-1.25744851345398,0.130198493713759,-0.0645145176917074,-0.0162186716912845
13.94,-1.22640882617135,0.131723132685703,-0.0906110664379619,-0.0151641461374224
13.95,-1.19266341558426,0.132813372169244,-0.116260625628655,-0.0140430250022782
13.96,-1.16056485086677,0.133762249320875,-0.141220385892992,-0.0128616047316221
13.97,-1.12795403491926,0.134430014352046,-0.16526803904653,-0.011627406268286
13.98,-1.0929047439141,0.134700487635658,-0.188208587543222,-0.0103485533806551
13.99,-1.05944305054731,0.134841852231037,-0.209871178196344,-0.00903319744672967
14,-1.02559631610905,0.134736215470938,-0.230084963760783,-0.0076880069654648
14.01,-0.989618968795675,0.134287757415336,-0.248623609745424,-0.00631505422973126
14.02,-0.95520503037174,0.13374077305614,-0.265384149185913,-0.00491999998852347
14.03,-0.918868491775902,0.132894555430647,-0.280354471977413,-0.00351235842617574
14.04,-0.884079796583984,0.131975667546454,-0.293571885313708,-0.0021007621599542
14.05,-0.849145078048829,0.130894234865412,-0.305097430859224,-0.000690880138818204
14.06,-0.812586545562544,0.129577513957115,-0.314985159647145,0.000710460741044809
14.07,-0.777540521690198,0.128224386132866,-0.32326910522736,0.00209709417895619
14.08,-0.742469809056232,0.126756934864126,-0.330002695595594,0.00346208879317287
14.09,-0.706046086087368,0.125113157534207,-0.335242883747684,0.00479896884819556
14.1,-0.671078097470408,0.123466077569575,-0.339058538879962,0.00610148625162973
14.11,-0.634919735818471,0.121678374094075,-0.341530350819346,0.00736345902430618
14.12,-0.600168458479059,0.119906700442386,-0.342728258509947,0.0085787336848096
14.13,-0.565537449119347,0.11808973215187,-0.342728849556519,0.00974212151500117
14.14,-0.529937035608537,0.116179588550354,-0.34163373272265,0.0108503006343407
14.15,-0.495656859111451,0.114308860224904,-0.339584030898325,0.0119007621424909
14.16,-0.460538275873173,0.112370378956105,-0.336715928556218,0.0128923143307443
14.17,-0.426673706830444,0.110481132584792,-0.3331562913242,0.0138252599576501
14.18,-0.393013770216525,0.108591095863689,-0.329021027414498,0.0147003063429644
14.19,-0.358693975398523,0.10666121746053,-0.324443371521015,0.0155193963961504
14.2,-0.325524866099776,0.104786548146528,-0.319532440397698,0.0162841690649633
14.21,-0.291806952240682,0.102883991983777,-0.314391139707001,0.0169966148431163
14.22,-0.259171983844787,0.101035629262788,-0.309096983413068,0.0176588625129306
14.23,-0.226096005757341,0.0991672947192429,-0.30372951692101,0.0182729094164309
14.24,-0.194040634992012,0.0973491769894337,-0.298371010097063,0.0188409780676652
14.25,-0.161651759054736,0.0955154211347631,-0.293080839173181,0.0193653251353648
14.26,-0.130228181180513,0.0937254805137908,-0.287899098458178,0.0198480006938664
14.27,-0.0991244256208699,0.0919465339964962,-0.282862016223521,0.0202908074414251
14.28,-0.0678522884453017,0.0901541696453584,-0.278004856341142,0.0206954606473022
14.29,-0.0374834062439149,0.0883936384509395,-0.273355175359546,0.0210632091545922
14.3,-0.00705711673619547,0.0866191078663008,-0.268925513465135,0.0213954096644082
14.31,0.0225000771343282,0.0848679630572311,-0.264721196399227,0.0216933565214558
14.32,0.0520095523341375,0.0831017605431639,-0.260742012133465,0.0219583917506896
14.33,0.0806806207941921,0.0813509396827466,-0.256977964540218,0.0221916794201359
14.34,0.10920591342556,0.0795840608726878,-0.253416908632586,0.0223940394991222
14.35,0.136921392784222,0.0778255398009567,-0.250044796676772,0.0225661631702909
14.36,0.164402034044739,0.076050444480065,-0.246848819196961,0.0227087547593129
14.37,0.191100664952787,0.0742778698830602,-0.243811951037811,0.0228223594999085
14.38,0.217485863039864,0.0724888504731013,-0.240914890612228,0.0229074722680904
14.39,0.243117257900879,0.0706979092119573,-0.238141624538142,0.0229645502499497
14.4,0.268368375967416,0.0688914519325598,-0.235480799824698,0.0229939198793306
14.41,0.292894747380595,0.0670798963391346,-0.232920216192838,0.0229959958997067
14.42,0.316986241524733,0.0652543848845403,-0.23044940602849,0.0229711692550889
14.43,0.340383212842189,0.0634217581487289,-0.228055093081913,0.0229199827141799
14.44,0.363302213736503,0.0615774073136866,-0.225711170116856,0.0228438627828888
14.45,0.385557704456433,0.0597253256155202,-0.223401034393698,0.0227436400211125
14.46,0.407247709645659,0.0578644192943684,-0.221116468474954,0.0226194271755022
14.47,0.428411960093927,0.0559965234741618,-0.218857881162946,0.022471166346884
14.48,0.448955881625842,0.0541216974076561,-0.216632655525175,0.0222991212583039
14.49,0.468952437163965,0.0522430556929062,-0.21444741006219,0.0221038204773991
14.5,0.488355724970706,0.0503582715901898,-0.212328114521151,0.0218866968833611
14.51,0.507194313343046,0.0484720963629939,-0.21029433386967,0.021649520825946
14.52,0.525462175470782,0.0465800113452308,-0.208352314602886,0.0213936724917844
14.53,0.543150433533588,0.0446882154812863,-0.206509940617151,0.0211209854876961
14.54,0.560284924107151,0.0427905752183985,-0.204764196708135,0.0208331519118158
14.55,0.576824838346239,0.0408944801571991,-0.203120000698436,0.0205316902077611
14.56,0.592821264025082,0.038992511665692,-0.201581139784723,0.0202182523908764
14.57,0.608207017315619,0.0370928919325112,-0.200142372145545,0.0198946084637254
14.58,0.623053904461973,0.0351872996657448,-0.198808380449917,0.0195626308936313
14.59,0.637273974339605,0.0332845057652581,-0.197579647263006,0.0192243033071996
14.6,0.650956012584366,0.0313755192380938,-0.196453036754577,0.0188816932999706
14.61,0.663996386393899,0.0294694646484882,-0.195435699400917,0.0185368829895768
14.62,0.676497695792987,0.027556863201369,-0.194522830095406,0.0181921725185972
14.63,0.688345327131493,0.0256470577996062,-0.193707885999078,0.0178493741543022
14.64,0.699652993505577,0.023730498151326,-0.192977957331049,0.0175103977529987
14.65,0.710299152105026,0.0218167465828638,-0.192324142187823,0.0171771469607826
14.66,0.720406320577435,0.0198964004978832,-0.191733412942125,0.0168513554351576
14.67,0.729849228740473,0.0179791419241677,-0.191191468023191,0.0165346553620777
14.68,0.738756424146478,0.016055893665471,-0.190685402591113,0.0162285321476733
14.69,0.747001300288218,0.0141363858776633,-0.190196509487628,0.0159342989216747
14.7,0.754716111774391,0.0122120321579249,-0.189708615487996,0.0156529263165571
14.71,0.761774835234791,0.0102926029099247,-0.189199383403666,0.0153852435769629
14.72,0.768310998220086,0.00837014612589528,-0.188647533383939,0.0151316638219834
14.73,0.774263929621249,0.00645026615481426,-0.188029909486885,0.0148925195345033
14.74,0.779574994851215,0.00453833418062211,-0.187322159390984,0.0146679016520208
14.75,0.784376064198158,0.00262756234030968,-0.18650332859885,0.014457718814487
14.76,0.788547048251914,0.000727677888817463,-0.185549418954484,0.0142620298923514
14.77,0.792217326906306,-0.00116734427251923,-0.184439758156097,0.0140802532195974
14.78,0.795270944075334,-0.00304777178577883,-0.183141608666482,0.0139120325130053
14.79,0.797834011673688,-0.00491873576257551,-0.181632559826985,0.0137562805653278
14.8,0.799795477109363,-0.00677045324152104,-0.17987976538658,0.0136122304146667
14.81,0.801277712616589,-0.00860713002853806,-0.177860987805349,0.0134783102696753
14.82,0.802175196547324,-0.010418965283071,-0.175549373421176,0.0133532245511861
14.83,0.802606214320861,-0.0122093232515434,-0.172929197946161,0.0132349824879223
14.84,0.802471123749658,-0.0139685250119554,-0.169982808657125,0.01312194033776
14.85,0.801883996529808,-0.0156992608544793,-0.166705062675563,0.0130118139324627
14.86,0.800751486058099,-0.0173921722743782,-0.163091164690831,0.0129025217976634
14.87,0.799183234950576,-0.0190494947221457,-0.159142886987157,0.012791609245656
14.88,0.797092229232391,-0.0206623180271617,-0.154860310189296,0.0126767712399453
14.89,0.794583440089648,-0.0222325271389564,-0.150249800680326,0.012555589846379
14.9,0.791576160572257,-0.0237517499428148,-0.14531983114318,0.0124259421067873
14.91,0.788170600641468,-0.0252216670099198,-0.140082042096737,0.0122858600620368
14.92,0.784292324154276,-0.0266345498611496,-0.134551129011783,0.0121333567806394
14.93,0.78003667405083,-0.0279920061538685,-0.128745331810185,0.0119668454747805
14.94,0.77533533126306,-0.0292870751333908,-0.122688216011527,0.0117848139123787
14.95,0.770278795149375,-0.0305214524915498,-0.116401780874403,0.0115862447646737
14.96,0.764804773459005,-0.0316890640743529,-0.109924662849,0.0113706796718003
14.97,0.758999187197411,-0.0327919436316542,-0.103285209402403,0.0111379404869005
14.98,0.752805615808267,-0.0338249558437346,-0.0965085748166837,0.0108875838559568
14.99,0.746305307085072,-0.0347903389718134,-0.0896234765072774,0.010619488342458
15,0.739477977427029,-0.0356853711307074,-0.0826555135745095,0.0103338471678905
15.01,0.732308461767305,-0.0365079427789428,-0.0756378999459954,0.0100310999302121
15.02,0.724871425109088,-0.0372607125856871,-0.0686007005270017,0.00971210812054341
15.03,0.717123873389733,-0.037940806102705,-0.0615739814653827,0.00937773891585611
15.04,0.709136325766877,-0.0385511571964319,-0.05457791980975,0.00902906960644555
15.05,0.700870745010471,-0.0390895752854451,-0.0476250865222686,0.00866756032278026
15.06,0.692393709242685,-0.0395590819676872,-0.0407467607838917,0.0082944116318943
15.07,0.683671836204711,-0.0399583255157447,-0.0339769061218052,0.00791089214181193
15.08,0.674767757106631,-0.0402906938508393,-0.0273354931497627,0.0075184044250975
15.09,0.665652328224551,-0.0405555035487679,-0.0208376390463946,0.00711849158351388
15.1,0.656384380537071,-0.0407562636058652,-0.0145071200051549,0.00671281055067233
15.11,0.646938752795487,-0.0408929537025381,-0.00836612601642096,0.00630319222954486
15.12,0.637370565830528,-0.0409693026491162,-0.00243225618153039,0.00589108818130394
15.13,0.627658098112182,-0.0409858493060456,0.00328056967944633,0.00547802317066861
15.14,0.617852689043769,-0.0409464203010567,0.00875659627830803,0.00506569698177549
15.15,0.607935742979823,-0.0408520503407479,0.0139822927114741,0.00465585689439288
15.16,0.59795494116195,-0.0407066345410462,0.0189488009814072,0.00425002523636577
15.17,0.587894360624075,-0.0405115886341487,0.0236470405895476,0.00384960265288778
15.18,0.577797970844165,-0.0402707977535789,0.0280713526255367,0.00345607992129597
15.19,0.567652165934582,-0.0399859580968032,0.0322190899228427,0.00307087138122697
15.2,0.557497318637488,-0.0396608570088302,0.0360891722957569,0.002695265409877
15.21,0.547321787980245,-0.0392973612585254,0.0396818911964864,0.00233038032047821
15.22,0.537162379034031,-0.0388991109404247,0.0429984057569043,0.00197716208276815
15.23,0.527009044049773,-0.0384680834736675,0.0460423292309959,0.00163653117784659
15.24,0.516895126929423,-0.0380077187991695,0.0488183325529522,0.00130930446790138
15.25,0.50681192918919,-0.037520022398925,0.0513332450224941,0.000996168797313897
15.26,0.496789463623582,-0.0370081814573985,0.0535949561370373,0.000697687642682439
15.27,0.486828354099277,-0.0364743916182241,0.055611664190361,0.000414219205894241
15.28,0.476930685225293,-0.0359208726195609,0.0573926167035503,0.000146020670955072
15.29,0.467121698633738,-0.0353503827720817,0.0589481256542896,-0.000106705459440981
15.3,0.457394993569769,-0.0347647521038414,0.0602887453427471,-0.000343878721288602
15.31,0.44777283508852,-0.0341664342290883,0.0614254451538689,-0.000565548200297316
15.32,0.438249439384583,-0.0335571326474514,0.0623684460414106,-0.00077189829338257
15.33,0.42884422802511,-0.0329390102439749,0.063127811553323,-0.00096324241001687
15.34,0.419551843217311,-0.0323136405874225,0.0637152384266957,-0.00113991248071947
15.35,0.410389030705435,-0.0316828821327442,0.064142746456077,-0.00130233406168629
15.36,0.40135075711426,-0.0310481396149115,0.0644217941565999,-0.00145101329056719
15.37,0.392451267998693,-0.0304109736814616,0.0645637056281061,-0.00158651044081181
15.38,0.383685774300821,-0.0297726257884325,0.0645792526807907,-0.00170939613515572
15.39,0.375066216512243,-0.0291343820518007,0.064478477921402,-0.0018202729901589
15.4,0.366587991145714,-0.0284973359573413,0.0642712893199539,-0.00191975206579509
15.41,0.358260926373944,-0.0278625295046252,0.06396582119943,-0.00200853327674919
15.42,0.350080541572748,-0.0272309275142043,0.0635717255215368,-0.00208730428034587
15.43,0.342054722470104,-0.0266033422201815,0.0630981476849169,-0.00215679248217546
15.44,0.334179080731907,-0.0259805979394917,0.0625532799319408,-0.00221775600442991
15.45,0.326459742879399,-0.0253633001521281,0.0619448800626968,-0.0022708924314491
15.46,0.318892426358254,-0.0247521549783366,0.0612804154943564,-0.00231681744868832
15.47,0.311481751986124,-0.0241475848733257,0.0605663778219869,-0.00235610581585988
15.48,0.304223603862587,-0.0235501975270813,0.0598086825221609,-0.00238925150356974
15.49,0.297121333331896,-0.0229602648310809,0.0590128327936082,-0.00241667734736574
15.5,0.290171052399955,-0.0223783132324994,0.0581838149474096,-0.00243876229790563
15.51,0.28337504875231,-0.0218044873052261,0.0573260785028653,-0.00245585090978447
15.52,0.276729686632809,-0.0212392490000935,0.0564436187660865,-0.00246825646608533
15.53,0.270236350687311,-0.0206826390050166,0.0555399962419756,-0.00247626546829812
15.54,0.263892568951457,-0.0201349580035882,0.0546184433088165,-0.00248013977108577
15.55,0.257696243807516,-0.0195964942162452,0.0536818714283984,-0.00248012101724922
15.56,0.251647654334562,-0.0190671670807958,0.0527329054288103,-0.00247643272482805
15.57,0.245743798658667,-0.0185473300121143,0.0517739230350051,-0.00246928205033136
15.58,0.239984355200244,-0.0180368385634904,0.0508071013543182,-0.00245886339487711
15.59,0.234366567967628,-0.017536016009949,0.0498344479589742,-0.00244536006522121
15.6,0.228889599483946,-0.0170446643417221,0.0488577764395164,-0.0024289467816758
15.61,0.223550905533553,-0.0165630798582593,0.047879318589224,-0.0024097699455376
15.62,0.218349217746317,-0.0160910116853847,0.0469007788372176,-0.00238796458578962
15.63,0.213282196065398,-0.0156287336970525,0.0459229013110815,-0.00236368385118714
15.64,0.208348208103445,-0.0151759663299212,0.0449469158284537,-0.00233704158486231
15.65,0.203545104074969,-0.0147329670040788,0.0439741920144234,-0.00230814699234881
15.66,0.198870957019617,-0.014299422449194,0.0430059933513933,-0.00227712225817937
15.67,0.194323783903219,-0.0138755705240689,0.0420434380688371,-0.00224410363177316
15.68,0.189901405744653,-0.0134610701396162,0.0410874872112248,-0.00220923865519466
15.69,0.185601974943276,-0.013056144160543,0.0401389246306453,-0.00217268551247595
15.7,0.181423091332668,-0.0126604312033628,0.03919850495968,-0.00213460462551537
15.71,0.177363014197875,-0.0122741404468619,0.0382671898405478,-0.00209515218438121
15.72,0.173419158549079,-0.011896890263645,0.037345749921556,-0.00205448489502398
15.73,0.169589873038881,-0.0115288741680698,0.0364351282472354,-0.00201276497614968
15.74,0.165872418794271,-0.0111696908039495,0.0355362102835891,-0.00197015737576537
15.75,0.162265215751571,-0.0108195167721589,0.0346496975691143,-0.00192682015507901
15.76,0.158765404101622,-0.0104779362371735,0.0337760968393075,-0.00188290573798634
15.77,0.155371466369498,-0.0101451150455594,0.0329158133432727,-0.00183856194992044
15.78,0.15208045231453,-0.00982062905024719,0.0320691969352428,-0.00179393097430697
15.79,0.148890898856104,-0.00950463597929205,0.0312366029680123,-0.00174914383442399
15.8,0.145799795000961,-0.00919670497136568,0.0304184494576609,-0.00170432843409401
15.81,0.14280530911109,-0.0088968391375268,0.0296151191972382,-0.00165960567826609
15.82,0.13990565145053,-0.00860503649328308,0.0288267399357658,-0.0016150833342239
15.83,0.137097773220351,-0.00832086156912582,0.0280533883927476,-0.00157085849331965
15.84,0.134380334482113,-0.00804445384856418,0.0272951604679008,-0.00152701829999013
15.85,0.131750295863924,-0.00777537814144173,0.0265520468892229,-0.0014836405046755
15.86,0.129206373088108,-0.00751377130222277,0.0258240048550052,-0.00144079277836686
15.87,0.126745551962742,-0.00725920121253565,0.0251109458983481,-0.00139853343933594
15.88,0.124366598233038,-0.00701180366061326,0.0244127525140157,-0.00135691107857853
15.89,0.122066546387815,-0.00677115128720161,0.0237292559794521,-0.0013159655153384
15.9,0.119844216864372,-0.00653737990889449,0.0230603031640704,-0.00127572770782536
15.91,0.11769670825924,-0.00631006766458291,0.0224057661276709,-0.001236218951459
15.92,0.115622894389341,-0.00608935029216067,0.0217654628071964,-0.00119745205271534
15.93,0.113619952048026,-0.0058748119209571,0.0211391985270103,-0.00115943509955292
15.94,0.111686809308821,-0.00566658929497695,0.0205267293163009,-0.001122171980351
15.95,0.109820730946952,-0.00546427408742811,0.0199277894371372,-0.00108566162865572
15.96,0.108020698260043,-0.00526800515842694,0.0193421093430964,-0.00104989760723361
15.97,0.106284072362605,-0.00507738259218212,0.0187693797779621,-0.0010148691884056
15.98,0.104609887275892,-0.00489254759155373,0.0182093887772079,-0.000980561823906534
15.99,0.102995606410841,-0.00471310798226142,0.0176618655006621,-0.000946958476831939
16,0.101440315201387,-0.0045392069581118,0.0171265546348449,-0.000914039546941573
16.01,0.0999415824268635,-0.00437046041582243,0.0166031778809596,-0.00088178504192756
16.02,0.0984985418136723,-0.00420701385830484,0.0160914842131108,-0.000850173053924332
16.03,0.0971088681967309,-0.00404849101054235,0.0155912467773225,-0.000819180253008426
16.04,0.0957717408813359,-0.00389503888483109,0.0151022624500101,-0.000788782975829806
16.05,0.0944849405401254,-0.00374628808140875,0.0146243361354492,-0.00075895844970227
16.06,0.0932476882917648,-0.00360238669014591,0.0141572546580793,-0.000729684994041929
16.07,0.0920578677118442,-0.00346297233351653,0.0137008002745065,-0.000700945035525994
16.08,0.0909144182957817,-0.00332806783127691,0.0132549420581012,-0.000672716324811287
16.09,0.0898162805256799,-0.00319769289913244,0.0128195353394279,-0.000644978530046881
16.1,0.0887614899694018,-0.00307149438642672,0.0123942747302821,-0.000617717965137778
16.11,0.0877493527711,-0.00294962169160443,0.0119789942732589,-0.00059091746037492
16.12,0.0867780027413296,-0.00283172756499477,0.0115735915461735,-0.000564560153061913
16.13,0.0858467806597982,-0.00271796106301778,0.0111779600796769,-0.000538630990263246
16.14,0.0849539113627884,-0.00260797948259521,0.0107920094573426,-0.000513119124817179
16.15,0.0840987594224298,-0.00250193125723997,0.0104156479013133,-0.000488016850308873
16.16,0.0832796374386344,-0.00239947791734738,0.010048774647727,-0.00046331967759965
16.17,0.0824959312003877,-0.00230076748861781,0.00969129555880681,-0.000439025358081647
16.18,0.0817460353997284,-0.00220546573128711,0.00934310919381062,-0.000415134189056641
16.19,0.0810293534302318,-0.00211372040249185,0.00900412122329705,-0.000391648043971422
16.2,0.0803443597766815,-0.00202520134480935,0.00867423086229946,-0.000368570619560476
16.21,0.0796904750433729,-0.00194005621873232,0.00835332382319844,-0.000345906571081409
16.22,0.0790662506348152,-0.00185795880040102,0.00804134929579724,-0.000323662997871223
16.23,0.0784711229958983,-0.0017790561325307,0.00773822480637104,-0.000301847558601423
16.24,0.0779037174382697,-0.00170302542791739,0.00744384607034362,-0.00028046772813223
16.25,0.077363486358621,-0.00163001403385535,0.00715807182383568,-0.000259530678735451
16.26,0.0768491267744782,-0.00155970354606893,0.00688076996121026,-0.000239043562847957
16.27,0.0763601070996245,-0.00149224220707205,0.00661180723937576,-0.000219012942821832
16.28,0.0758951932794947,-0.00142731591052514,0.00635106501243526,-0.000199446426431572
16.29,0.0754538693784816,-0.00136507350781785,0.00609844052057007,-0.000180350730366312
16.3,0.0750349676541688,-0.00130520485428035,0.00585376791311379,-0.000161730830373457
16.31,0.0746379889732633,-0.00124786033368496,0.00561688122104975,-0.000143590209473545
16.32,0.0742618303823566,-0.00119273463129049,0.00538760432332541,-0.000125931435676286
16.33,0.0739060103447944,-0.0011399801443195,0.00516576471817839,-0.000108755532527599
16.34,0.0735694886859459,-0.00108929643058715,0.00495117919157384,-9.20625910019275e-05
16.35,0.073251673758767,-0.00104072563381455,0.0047436689534052,-7.58511064171378e-05
16.36,0.0729519715446347,-0.000994309757013508,0.00454304599407481,-6.01185912247981e-05
16.37,0.0726694338839362,-0.000949756471744781,0.00434912052125506,-4.4861306406517e-05
16.38,0.0724036245387474,-0.000907223503768124,0.0041617122934574,-3.00737854963232e-05
16.39,0.0721538722507979,-0.000866192987190441,0.00404286635093225,-1.37541923390011e-05
16.4,0.0719206499015979,-0.000826047555423556,0.00397930532247015,3.13452857089639e-06
16.41,0.071703150696047,-0.000786412609581614,0.00391947719853841,1.78672781519741e-05
16.42,0.0715008218227844,-0.000747471148641827,0.00386314421172565,3.06281873894911e-05
16.43,0.0713127916400751,-0.000708977660282132,0.00380801549112556,4.16894308319984e-05
16.44,0.0711386480934593,-0.000671158896546864,0.00375084968835734,5.12750137704019e-05
16.45,0.0709776607747159,-0.000633829329009825,0.00368914215004084,5.96036770538325e-05
16.46,0.0708295073834577,-0.000597262820906508,0.00362150317958987,6.68995674450422e-05
16.47,0.0706935676202249,-0.000561303039310915,0.0035472638828482,7.33769186425488e-05
16.48,0.0705695902666186,-0.00052623631291497,0.00346628865024904,7.92331118910151e-05
16.49,0.070457042062106,-0.000491910359487314,0.00337870131254901,8.46416479847402e-05
16.5,0.0703557191098447,-0.000458608583066375,0.00328474762106567,8.97503994565312e-05
16.51,0.0702651480364427,-0.000426174478734139,0.00318474991019752,9.46828667676367e-05
16.52,0.0701851481688323,-0.000394884132024259,0.00307913735802356,9.95413032596718e-05
16.53,0.0701152829137328,-0.00036457338255993,0.0029683562787711,0.000104408681521351
16.54,0.0700553773592905,-0.00033550846217741,0.00285293086366466,0.000109351629028729
16.55,0.0700050154673981,-0.00030751513733317,0.00273347490302853,0.000114421537921575
16.56,0.0699640170467397,-0.000280846944280032,0.00261066273292018,0.000119658255607597
16.57,0.0699319768955728,-0.000255316949422555,0.00248513342613079,0.000125089264340562
16.58,0.0699087038818433,-0.000231165254517801,0.00235753766208895,0.00013073185529783
16.59,0.0698937973579703,-0.000208192328792292,0.0022285497284461,0.000136594863215492
16.6,0.0698870525959823,-0.000186624455185658,0.00209884127366097,0.000142679319708778
16.61,0.069888070759955,-0.00016624920675186,0.00196904760158521,0.000148978740564211
16.62,0.0698965911434914,-0.000147172186921472,0.00183977349427926,0.000155480942668032
16.63,0.0699123414705429,-0.000129492191558868,0.00171157620651283,0.000162168639055131
16.64,0.0699349257109354,-0.000112980621236354,0.00158498552511108,0.00016902136365025
16.65,0.0699641055145488,-9.78331654311938e-05,0.00146051088985448,0.000176016739372805
16.66,0.0699994900325862,-8.38115483305384e-05,0.00133858510685405,0.000183129083585767
16.67,0.0700408377018231,-7.11023665332147e-05,0.00121960207404995,0.000190331660532494
16.68,0.0700877607054178,-5.94598882718025e-05,0.00110390465717148,0.000197596842635504
16.69,0.0701400115224722,-4.90636481523306e-05,0.000991796837074337,0.000204897238777286
16.7,0.0701972097876649,-3.96621849489845e-05,0.00088353103596892,0.000212205565690048
16.71,0.0702591073045973,-3.14297913647661e-05,0.000779322759422758,0.000219495618791904
16.72,0.0703253347626305,-2.4111000376637e-05,0.000679339188130029,0.000226742006405435
16.73,0.0703956478067944,-1.78765745009852e-05,0.000583714584642004,0.000233920989386288
16.74,0.0704696919170544,-1.24686160375856e-05,0.000492539369183977,0.000241010093320432
16.75,0.0705472306776311,-8.0559021883148e-06,0.000405876014881951,0.000247988837554644
16.76,0.0706279271936534,-4.37950527275456e-06,0.000323748318263837,0.000254838248531938
16.77,0.0707115564264988,-1.60756036177985e-06,0.000246157584663871,0.000261541501405048
16.78,0.0707978014023904,5.1870075084957e-07,0.000173071895062081,0.000268083356842822
16.79,0.0708864512645562,1.83066127164196e-06,0.000104442322114459,0.0002744507372331
16.8,0.0709772104752684,2.58596831951836e-06,4.01959088657895e-05,0.000280632093412708
16.81,0.0710698843685194,2.61464874266896e-06,-1.97587078121172e-05,0.000286617930051565
16.82,0.0711641995950298,2.17242418529717e-06,-7.55338812592502e-05,0.000292400203325327
16.83,0.0712599789384711,1.08719174033635e-06,-0.000127247428844943,0.000297972777724378
16.84,0.0713569713534561,-3.87803655904142e-07,-0.00017503511831501,0.000303330745367576
16.85,0.0714550176921147,-2.42726760189156e-06,-0.000219035135382094,0.000308470907098764
16.86,0.0715538888512448,-4.78082953443047e-06,-0.000259399616995997,0.000313391079020358
16.87,0.0716534438576009,-7.62614077153761e-06,-0.000296279379016244,0.000318090567515605
16.88,0.0717534748546598,-1.07159471432279e-05,-0.000329835665091111,0.000322569473073854
16.89,0.0718538409929259,-1.41246081160044e-05,-0.000360225294690275,0.000326829166791229
16.9,0.0719544080880574,-1.79273993371717e-05,-0.000387614416157621,0.000330871538704327
16.91,0.0720549997535134,-2.18826667518986e-05,-0.000412168665593247,0.000334699261758021
16.92,0.0721555167019581,-2.61753978025502e-05,-0.000434041981734347,0.000338316181641077
16.93,0.0722558032667582,-3.05670545924178e-05,-0.000453393019414001,0.000341726388286712
16.94,0.0723557807973343,-3.52456644143931e-05,-0.000470371253795767,0.00034493471093278
16.95,0.0724553086994977,-3.99757887039e-05,-0.000485129459770304,0.000347946068054942
16.96,0.0725543213473934,-4.49484410110942e-05,-0.000497798049478065,0.000350766523511941
16.97,0.0726526935044856,-4.99309832294871e-05,-0.000508527080350242,0.000353401974232623
16.98,0.0727503727225454,-5.51173332334944e-05,-0.000517456289687951,0.000355858622822661
16.99,0.0728472479567301,-6.02776712776652e-05,-0.000524713568983089,0.000358142816728254
17,0.0729432790630291,-6.56084794378596e-05,-0.000530415892613446,0.0003602610514251
17.01,0.0730177418325493,-8.27034057139121e-05,-0.00265140004455529,0.000232872408367929
17.02,0.0730451100162277,-0.000120001189475446,-0.00457364631336907,0.00010797079507219
17.03,0.0730246054509642,-0.000175399273292961,-0.00631480479903218,-1.13023826797719e-06
17.04,0.0729556416623325,-0.000247437122291275,-0.00789875461421248,-9.51696477102402e-05
17.05,0.0728379307685465,-0.000334409916943556,-0.00934039718808996,-0.000174292062795342
17.06,0.0726716375628591,-0.000435150263811495,-0.0106446573374235,-0.000238593123928889
17.07,0.0724572265139329,-0.000548115707025043,-0.0118204738557881,-0.000288241744278545
17.08,0.0721955473476203,-0.000672258450387539,-0.0128716739292545,-0.000323415601684866
17.09,0.0718877020389623,-0.000806142862834234,-0.0138032825568451,-0.000344360342326385
17.1,0.0715350873645182,-0.000948818667638765,-0.0146205706992942,-0.000351551472466697
17.11,0.0711392276516332,-0.00109894225148291,-0.0153254944356604,-0.000345536380176468
17.12,0.0707018575201896,-0.00125560669095507,-0.0159186783328877,-0.000326993148793197
17.13,0.0702247575435333,-0.00141748378291765,-0.0164004832436155,-0.000296762208398279
17.14,0.0697098237480844,-0.00158367599699251,-0.016771578244978,-0.000255841557182801
17.15,0.0691589050712693,-0.00175286733705137,-0.0170327497072595,-0.000205358820072239
17.16,0.0685738772355382,-0.00192406739762729,-0.0171841418303551,-0.000146494952336328
17.17,0.0679565828949489,-0.00209629087525929,-0.0172276310558833,-8.05186307842958e-05
17.18,0.0673087485500066,-0.00226826362916059,-0.0171660336032162,-8.77822457383084e-06
17.19,0.0666320741834205,-0.00243915638275879,-0.0170010043693809,6.73879316334694e-05
17.2,0.0659281134155716,-0.00260773232073658,-0.0167344166549334,0.000146620297640989
17.21,0.0651983756935728,-0.00277320248935049,-0.0163690875018357,0.000227543388242369
17.22,0.0644441947076331,-0.0029343876113762,-0.0159088260680911,0.000308789203000535
17.23,0.0636668470267825,-0.00309057510200227,-0.0153582289314848,0.000389033235173624
17.24,0.0628674327357537,-0.00324067851761021,-0.0147226637934677,0.000467011606741626
17.25,0.0620470043814052,-0.003384089871548,-0.0140074298871871,0.000541559809237552
17.26,0.0612064658781524,-0.00351983370507887,-0.0132189372667427,0.000611647347945329
17.27,0.0603467117814063,-0.00364742995433493,-0.012364536004081,0.0006763637199688
17.28,0.0594685143046814,-0.00376605400882579,-0.0114531675512184,0.000734864633350219
17.29,0.0585726332069889,-0.00387539451684948,-0.0104922830344817,0.000786414217396126
17.3,0.0576597301987203,-0.00397477635698278,-0.00948832614965491,0.000830443415402411
17.31,0.0567304929652757,-0.00406402769064461,-0.00844967489683779,0.000866457441385766
17.32,0.0557855378619792,-0.00414263131796501,-0.00738430054784456,0.000894165819618165
17.33,0.0548255457312425,-0.00421058852591542,-0.00630228954901847,0.000913363529022092
17.34,0.0538511563033381,-0.00426756655181277,-0.00521177096775518,0.000924043967318306
17.35,0.0528631164138762,-0.00431373230652609,-0.00411986257248029,0.000926340277454331
17.36,0.0518621711271035,-0.00434889760117191,-0.00303350963356891,0.000920482520922684
17.37,0.0508491912544056,-0.00437336788908909,-0.00195944018077387,0.000906787250109765
17.38,0.0498250566852825,-0.0043870895435477,-0.000904245393665649,0.000885651923632256
17.39,0.0487907801576313,-0.00439049938930485,0.000125690703361367,0.000857536713358102
17.4,0.0477473832769135,-0.00438367055837481,0.00112439927040108,0.000822959593810214
17.41,0.0466960196760748,-0.00436715678648253,0.00208676687261474,0.000782497681023247
17.42,0.0456378529403292,-0.00434113673028408,0.00300772402930539,0.000736779310023384
17.43,0.0445741622826645,-0.00430615638761347,0.00388273023439898,0.000686462060860615
17.44,0.0435062873789249,-0.00426280334572133,0.00470785819320588,0.000632216528613889
17.45,0.0424355743457525,-0.004211382441683,0.00547991790627026,0.000574711794504895
17.46,0.0413634697939873,-0.00415265060380805,0.00619644842078994,0.000514606538837213
17.47,0.040291390589557,-0.00408696137524156,0.00685564557120101,0.000452540577938534
17.48,0.0392208338659543,-0.00401510724894912,0.00745630967773213,0.000389129432987496
17.49,0.0381532363627102,-0.00393746552507814,0.00799776768990803,0.000324958758425381
17.5,0.0370900928050322,-0.00385484149080768,0.00847990333741364,0.000260579691283606
17.51,0.0360328154477596,-0.00376761494707794,0.0089029415669816,0.000196502649466291
17.52,0.0349828464434268,-0.00367658874585112,0.00926710789970386,0.000133166549475611
17.53,0.0339415192562367,-0.00358212920694495,0.00957438384250742,7.10070661011344e-05
17.54,0.0329101852333373,-0.00348500796193455,0.00982641456239853,1.04001872725507e-05
17.55,0.0318900715683927,-0.00338555708720309,0.0100247198098671,-4.83255034117599e-05
17.56,0.0308824046737577,-0.00328451619869992,0.010171172184077,-0.000104871325050132
17.57,0.0298882783087482,-0.00318217931780586,0.0102680555247548,-0.000158966753185617
17.58,0.0289087807756854,-0.00307924030795731,0.0103179774113189,-0.000210370997480728
17.59,0.0279448644992684,-0.00297594144912436,0.0103236995946633,-0.000258876788537539
17.6,0.0269974720948234,-0.00287292084811563,0.0102881975390085,-0.000304314166285944
17.61,0.0260674055816477,-0.00277036168267287,0.0102145134944197,-0.000346549410782744
17.62,0.0251554534318839,-0.00266884122246241,0.0101057320662769,-0.000385482736845856
17.63,0.0242622619272037,-0.00256848028633925,0.00996517189772374,-0.000421037920221978
17.64,0.023388469233053,-0.00246979063662014,0.00979598115675943,-0.00045316131036878
17.65,0.0225345711395075,-0.00237283247226874,0.00960072711666556,-0.000481848009720614
17.66,0.0217010516400276,-0.00227806199604644,0.00938252424900897,-0.00050710380954087
17.67,0.020888256610414,-0.00218547855679687,0.00914456685721302,-0.000528961142357907
17.68,0.0200965242165907,-0.00209547529356894,0.00888989519512864,-0.000547483750622144
17.69,0.0193260541454858,-0.00200799112625788,0.00862133160567462,-0.000562764531019259
17.7,0.0185770229579667,-0.00192325668880944,0.00834152535134726,-0.000574919615947317
17.71,0.017849534995964,-0.00184147633061468,0.00805297196620407,-0.000584084044953123
17.72,0.0171435788483265,-0.0017625124103282,0.00775808609436409,-0.000590406890055978
17.73,0.0164591421615352,-0.00168662703577731,0.00745919459545869,-0.000594041499523019
17.74,0.0157960924399774,-0.00161363694221759,0.00715833738090611,-0.00059514933360368
17.75,0.0151543079890413,-0.00154376336271661,0.006857363948432,-0.00059389784423461
17.76,0.0145335470699237,-0.00147678593505937,0.00655799967789581,-0.000590462094687038
17.77,0.0139335857174334,-0.00141289148107263,0.00626187045363473,-0.000585023025008804
17.78,0.0133540871324449,-0.0013518273930643,0.0059704553587788,-0.000577765662849187
17.79,0.0127947393053294,-0.00129375142602123,0.00568500325478885,-0.000568878189395538
17.8,0.012255121056123,-0.0012383871017702,0.0054064088284374,-0.000558566633947925
17.81,0.0117348396448058,-0.0011858702074077,0.00513608883453436,-0.000547015427347498
17.82,0.011233404627248,-0.00113590045334872,0.0048749659655848,-0.000534412618849127
17.83,0.0107503633810548,-0.00108859452095973,0.0046236400632812,-0.000520941236231248
17.84,0.0102851732100842,-0.00104363967243342,0.00438259557105687,-0.000506770973990607
17.85,0.00983733981844459,-0.0010011428384712,0.00415225183514423,-0.000492056387478212
17.86,0.00940629069431864,-0.00096078305097776,0.00393293445741592,-0.00047693827520847
17.87,0.00899151205446636,-0.000922660827238488,0.00372487375308204,-0.000461543997245908
17.88,0.00859242165358687,-0.000886450739642615,0.00352818491983282,-0.000445988782754716
17.89,0.00820850423110286,-0.000852251048386636,0.00334288500090745,-0.000430375672934907
17.9,0.00783918381557136,-0.000819735872994588,0.00316894851078013,-0.000414794086369168
17.91,0.00748395944757441,-0.000789004392790317,0.00300619427376204,-0.000399321738684399
17.92,0.00714227468257,-0.000759734621850098,0.00285426844028332,-0.000384030213504535
17.93,0.00681365195123718,-0.00073203196647329,0.00271290013584703,-0.00036897732349584
17.94,0.00649756279115188,-0.000705580321761783,0.00258176438943787,-0.000354213418526856
17.95,0.00619356095714352,-0.000680491730393665,0.0024604629490958,-0.000339782883371238
17.96,0.00590115039956096,-0.000656458048885382,0.00234853873367912,-0.000325724332470061
17.97,0.00561991862516464,-0.000633600413021685,0.00224550867646378,-0.000312069998355088
17.98,0.00534940376619808,-0.000611620381319663,0.00215085871097117,-0.000298846850393889
17.99,0.0050892118126562,-0.00059054332106516,0.0020640682068758,-0.000286076302438195
18,0.0054539711109225,0.00295387527443336,0.0019846016087506,-0.000273775226832697
18.01,0.00579514795991187,0.00527355925686919,0.0018452777618929,-0.000264023144911941
18.02,0.00637212078270721,0.00759338677399852,0.00124934489162398,-0.000271777701549986
18.03,0.00716991463603023,0.00985862801544561,-5.08840584783323e-05,-0.000302978666378123
18.04,0.00818762167569531,0.0121304815129334,-0.00217115495682856,-0.000355428870582885
18.05,0.00949917610829232,0.0143616597163723,-0.00516297646385915,-0.00042364401793135
18.06,0.0112135531081297,0.0166768362364453,-0.00903857564926512,-0.000500721523297919
18.07,0.0134578369112877,0.0190009694156799,-0.0137841216565783,-0.000579346988165547
18.08,0.0163654702417393,0.0214794566260168,-0.0193748163948592,-0.000652649123322249
18.09,0.0200761998467929,0.0239936167324889,-0.025779689118487,-0.000714425954302165
18.1,0.0247020100093884,0.0266979472186705,-0.032976297368891,-0.000759659111040249
18.11,0.0303596250212976,0.0294224523102122,-0.0409453004684728,-0.000784087318956148
18.12,0.037099717839661,0.0323290547528211,-0.0496780277026503,-0.000784478392953068
18.13,0.0450167627258367,0.0352030843672034,-0.059157669232573,-0.000757602343227962
18.14,0.0540914365098608,0.0382232453972321,-0.0693740046065612,-0.000700875230134461
18.15,0.064424879962159,0.0411413605784274,-0.0803079093098441,-0.000611711008021857
18.16,0.0759257269596052,0.0441608973813278,-0.0919279999818198,-0.000487286089472841
18.17,0.0887314443706106,0.0470073924412432,-0.104193402314143,-0.000324737950611678
18.18,0.102670450885796,0.0499132676204775,-0.117050446582412,-0.000121009505051861
18.19,0.117944031581382,0.0525821417169775,-0.13041271011447,0.000127545033746137
18.2,0.134286682115441,0.0552765458711376,-0.144166165134356,0.000424745546165067
18.21,0.151985784850034,0.0576798030960399,-0.158188711904553,0.000774535591928623
18.22,0.17066310963342,0.0600838209188365,-0.172372804695083,0.00117888506862606
18.23,0.190710433479413,0.0621519812705667,-0.186594522432705,0.0016396791661856
18.24,0.211616326077975,0.0642041740263022,-0.200738795786191,0.00215821172790467
18.25,0.233895782803266,0.0658844039597263,-0.214676219818848,0.00273519453904855
18.26,0.256886261699506,0.0675395070338869,-0.228272096915466,0.00337152502819328
18.27,0.281246157472298,0.0687954422715552,-0.241385934937139,0.00406707889612747
18.28,0.306146562133167,0.0700254058745571,-0.253902701394643,0.00482053415895944
18.29,0.331906887055254,0.0710405731078183,-0.265720838739784,0.00562949015310899
18.3,0.359024578695053,0.0716320303358542,-0.276766738861273,0.00649025009978788
18.31,0.386395471693325,0.0722106232364496,-0.286981393225069,0.00739922207181519
18.32,0.415115562046145,0.0723583388731527,-0.296309198385085,0.00835205027293547
18.33,0.44388009591756,0.0725078020016602,-0.304732759136142,0.00934421732970419
18.34,0.473986983183908,0.0722241993246548,-0.312247990487466,0.0103708044359821
18.35,0.503923350239987,0.0719601821737948,-0.318854848484714,0.011425675979357
18.36,0.534337023894967,0.0714998845260522,-0.324553846528615,0.0125027607996566
18.37,0.566099166272164,0.0706098486818726,-0.329361699889512,0.0135962335874347
18.38,0.597369494311591,0.0697712619994734,-0.333298517615025,0.014700075099633
18.39,0.630005747215243,0.0685088784011837,-0.336402906158731,0.0158088006030873
18.4,0.661940317504611,0.067319533169349,-0.338712671464748,0.0169171484467718
18.41,0.694109953244682,0.0659674221186525,-0.3402777643255,0.0180204881333961
18.42,0.727692013947908,0.0642012578278584,-0.341157945741977,0.0191141346816869
18.43,0.760267105293734,0.062539350967996,-0.341412649734738,0.0201941726920101
18.44,0.792956658459141,0.0607338164043142,-0.341102425646862,0.0212570472129968
18.45,0.827129203434387,0.0585229207861466,-0.340295190774408,0.0223003182340442
18.46,0.860004674905121,0.0564430978870915,-0.339029631810489,0.0233219025032929
18.47,0.892893922517034,0.0542354264258657,-0.33736091392966,0.0243199387094931
18.48,0.927358507083055,0.0516293140281922,-0.335329426626859,0.0252926871644405
18.49,0.960251077077208,0.049176218111815,-0.332976255237192,0.0262378831186217
18.5,0.993074550310711,0.0466079384023029,-0.330344798868165,0.0271537457187519
18.51,1.02758409950339,0.0436467941340793,-0.327475336524012,0.0280385919854486
18.52,1.06026068834875,0.0408558924569711,-0.324400563636594,0.0288905781217914
18.53,1.09279949305755,0.037959366343899,-0.321153623222715,0.029708079510207
18.54,1.12714842566013,0.0346742491445912,-0.317769755283764,0.0304900018938973
18.55,1.15941534079931,0.0315718982526818,-0.314274027120303,0.0312353127070544
18.56,1.1914875937281,0.0283706625409553,-0.310685919272726,0.0319428342880801
18.57,1.22550306378304,0.0247843387881546,-0.307023397355006,0.0326115449796866
18.58,1.25719077022363,0.0213887322829031,-0.303309002400877,0.0332408054727062
18.59,1.28861790068729,0.01789784169204,-0.299563033288271,0.0338301766910531
18.6,1.31975051565589,0.0143116979395548,-0.295798452468634,0.0343792300859402
18.61,1.3529489698099,0.0103412073589191,-0.292023292069743,0.0348876588303408
18.62,1.38340640458053,0.0065621602004324,-0.288243853719219,0.03535528900753
18.63,1.41338835019109,0.00268443621762779,-0.284467238371123,0.0357819582693101
18.64,1.4453755535038,-0.00158092336586971,-0.280699669229528,0.036167632231087
18.65,1.47410241072289,-0.00566524112117689,-0.276942538130406,0.0365125577404038
18.66,1.50188942937064,-0.00986052793609121,-0.273197873533033,0.0368170875937719
18.67,1.52848576444223,-0.0141726735809641,-0.269465691460923,0.0370816849686176
18.68,1.55641762260872,-0.0188871587039653,-0.265731798627562,0.0373072987137777
18.69,1.57981257665839,-0.0234460948260155,-0.261985767603728,0.0374944993404913
18.7,1.60112539668797,-0.0281325730181324,-0.258201403033764,0.0376443540987604
18.71,1.62300958283213,-0.0332177158603844,-0.254349990192697,0.0377576947617286
18.72,1.63936830994695,-0.038148609927512,-0.250399999491655,0.0378352490698912
18.73,1.65287665975337,-0.0431919418239853,-0.246318034001157,0.0378774564134251
18.74,1.66636436961663,-0.0486001396658166,-0.24206990227776,0.0378846263252935
18.75,1.67368915030244,-0.0538292024490133,-0.237621769412306,0.0378571629014534
18.76,1.68079783176131,-0.0593839209533993,-0.232936053392754,0.0377958945318245
18.77,1.68162065245429,-0.0647298730291082,-0.227951610633127,0.0377015849245015
18.78,1.67204441970625,-0.0691813381757739,-0.222580286552068,0.0375748769061197
18.79,1.65980607292557,-0.0736407060837077,-0.216714393702654,0.0374163329434115
18.8,1.6420947188215,-0.0778628427286547,-0.210231308806254,0.0372259227303808
18.81,1.62497103729434,-0.0823022728004594,-0.202986071222902,0.0370034026251037
18.82,1.60563224719283,-0.0867026487493925,-0.19480124380176,0.036748758638987
18.83,1.58146782044775,-0.0908311896486687,-0.185480609769748,0.0364618870508521
18.84,1.55834992904906,-0.0950974980662276,-0.174807559832676,0.0361413519149811
18.85,1.5336282905798,-0.0992582098844339,-0.162588426603681,0.0357827680022205
18.86,1.50748936006832,-0.103288436498753,-0.148677747201649,0.0353788749564478
18.87,1.4775016335251,-0.106975680434911,-0.132968890756208,0.0349205454169478
18.88,1.44903967105573,-0.110676325659833,-0.115372278166896,0.0343962209504528
18.89,1.41955685788446,-0.1141719910098,-0.0958536076446403,0.0337941799222035
18.9,1.38670712716369,-0.117269589708843,-0.0744495861526285,0.0331032928656506
18.91,1.35544257258968,-0.120293014715801,-0.051322389347919,0.0323158602807077
18.92,1.32332310589618,-0.123047102242011,-0.0266111582028626,0.0314242721385637
18.93,1.29037614929663,-0.125514894479735,-0.000505199543943432,0.0304229462544608
18.94,1.25443394236882,-0.127535051323211,0.0268193058289963,0.0293061933627808
18.95,1.21995789818368,-0.129394240574976,0.0551536316996875,0.0280704441791812
18.96,1.18472772119762,-0.130930049022922,0.0842681958733908,0.0267140474689156
18.97,1.146757909748,-0.132004578782726,0.113890396155221,0.0252370882917386
18.98,1.11018476133938,-0.132880552103359,0.143731087596042,0.0236413984850889
18.99,1.07298181194691,-0.133420668356949,0.173477413802149,0.0219309071102042
19,1.03335497731667,-0.133511319668171,0.202809834271133,0.0201119865924038
19.01,0.995121619355799,-0.133394706468639,0.231406694407675,0.0181928588602847
19.02,0.956440936079431,-0.132958579363262,0.258962508111122,0.0161834678258156
19.03,0.915696764533015,-0.132112794306389,0.285187844745035,0.0140945122792619
19.04,0.876378313578032,-0.131080334909929,0.309835580659574,0.0119374713936337
19.05,0.835239529665685,-0.129678051275783,0.33266882156577,0.0097227919521518
19.06,0.795546975823337,-0.128116856756158,0.353381040728865,0.00745578151917763
19.07,0.755731765584087,-0.126320997443246,0.37181746274394,0.00514629190296139
19.08,0.714435697637479,-0.124232347295488,0.387952320028637,0.00280812039715461
19.09,0.674592177379293,-0.122040079118637,0.401799039327082,0.000453905575757199
19.1,0.634782300865878,-0.119681576918301,0.413424376781948,-0.00190481709196315
19.11,0.593790839117548,-0.117108698522781,0.422975883840409,-0.00425870606478136
19.12,0.554227932772152,-0.114484358896836,0.43062879641948,-0.00659964374160937
19.13,0.513659852084903,-0.11169077901596,0.436473157705072,-0.00891900494717551
19.14,0.474488274478121,-0.108874645028734,0.4406228714499,-0.0112070617757973
19.15,0.434471878126598,-0.105929698413391,0.443187797307815,-0.0134546000211362
19.16,0.395811125516791,-0.102987206830235,0.444265319617519,-0.0156542776980632
19.17,0.357421019786586,-0.100001746082454,0.44398952067657,-0.0177987550489854
19.18,0.318403737051582,-0.0969393513596973,0.44246307442673,-0.0198816238458789
19.19,0.280671589079691,-0.0939090049949268,0.439797990086135,-0.0218984123411892
19.2,0.24244599972597,-0.0908298999766329,0.436128205591944,-0.0238454915202839
19.21,0.205455483092289,-0.0877970504862169,0.431578256178625,-0.0257203735251551
19.22,0.168097309985642,-0.0847381532224847,0.426260711501726,-0.0275215438145977
19.23,0.131923606818507,-0.0817352651047403,0.420287730530629,-0.0292481983224299
19.24,0.0961651326130104,-0.0787553394099539,0.413783171586575,-0.0308994378098263
19.25,0.0602186856248297,-0.0757740694340051,0.406852260566928,-0.0324749220026413
19.26,0.0253869753322071,-0.0728553824629713,0.399591970392649,-0.0339751286448801
19.27,-0.00951678807257661,-0.0699459252114316,0.392092218675693,-0.0354007652914267
19.28,-0.0433443491048662,-0.0670989430976772,0.384447074843636,-0.0367525074383867
19.29,-0.0771279161816549,-0.0642677397093329,0.376726443802931,-0.0380320549741574
19.3,-0.109869045777798,-0.061496127644845,0.368989479715511,-0.0392408040713159
19.31,-0.142458404629748,-0.0587440710235008,0.361297317280947,-0.0403799576179723
19.32,-0.174038847530711,-0.0560468771216774,0.353708555473489,-0.0414511700181436
19.33,-0.205368129418559,-0.0533705496545292,0.346264105716884,-0.0424561965019045
19.34,-0.235720991424414,-0.0507429290833075,0.338996003911578,-0.0433963792755852
19.35,-0.265732757395961,-0.0481359408791386,0.331924660598455,-0.0442729625549827
19.36,-0.294800003753854,-0.0455710802574551,0.325065123589487,-0.0450870601599156
19.37,-0.323218507433021,-0.0430341828006377,0.318425406448082,-0.0458397324556593
19.38,-0.351179643719687,-0.0405165039797072,0.312006323728678,-0.0465321607344849
19.39,-0.378243021166944,-0.0380316905260764,0.305803489389223,-0.0471652964926885
19.4,-0.404785827109873,-0.0355652208666974,0.299806065822058,-0.0477398839070903
19.41,-0.430462820780231,-0.0331266332698418,0.293996697758382,-0.0482566840116268
19.42,-0.455567253670553,-0.0307061953182811,0.288361716430489,-0.0487162080142582
19.43,-0.479837935086286,-0.0283099470466479,0.282889162504479,-0.0491188285090894
19.44,-0.503494464319281,-0.0259323252355702,0.277563860432923,-0.0494649727830749
19.45,-0.526348373486729,-0.0235763999006675,0.27236766952775,-0.0497550631010743
19.46,-0.548554430463503,-0.0212403107635023,0.267280341184604,-0.0499895208948573
19.47,-0.569986408366721,-0.0189247069284648,0.262282796080588,-0.0501686496893231
19.48,-0.590744176223205,-0.016631072084205,0.257335237961735,-0.0502935047448282
19.49,-0.610755497136933,-0.0143584381887395,0.252401861406492,-0.0503647792176345
19.5,-0.630072883000012,-0.0121112978220044,0.247462419287422,-0.0503822523968106
19.51,-0.648666982405592,-0.00988706376684107,0.242505826713289,-0.0503453792345095
19.52,-0.666549373751581,-0.00769235538602791,0.237516965402338,-0.0502539273345188
19.53,-0.683725676201027,-0.00552315414656063,0.23248878984975,-0.0501074930626065
19.54,-0.700172333015129,-0.00338763407610811,0.227419728218382,-0.0499057081181769
19.55,-0.71592296159818,-0.0012803815812681,0.222322747751438,-0.0496489681145818
19.56,-0.730924851624704,0.000789623586332367,0.217214809372851,-0.0493386250114011
19.57,-0.745234865108602,0.00282915191641307,0.212099780615465,-0.0489755243975345
19.58,-0.758777097836477,0.00482853824132822,0.206964684172706,-0.0485602601651548
19.59,-0.771627193118021,0.00679516265332075,0.201798887240087,-0.0480932619104423
19.6,-0.783691036610067,0.00871865556623057,0.196591480390002,-0.0475749686154121
19.61,-0.795059681738802,0.0106067682746478,0.19133859124315,-0.0470062494165431
19.62,-0.805681329636304,0.0124535128328096,0.186039092161761,-0.0463880380254209
19.63,-0.815493878857716,0.0142527180739557,0.180686830244543,-0.0457212288468869
19.64,-0.824606832186277,0.0160124731782903,0.175286350100945,-0.045006968918639
19.65,-0.832901840380989,0.0177220176730618,0.169843346412831,-0.0442468284915468
19.66,-0.840497904297252,0.0193895938832764,0.164356786245179,-0.0434421435867159
19.67,-0.847273384337077,0.0210046547232072,0.158843457561315,-0.0425948951501013
19.68,-0.853354191939719,0.0225755884364909,0.153304547587834,-0.0417069912154071
19.69,-0.858618063632185,0.0240922424374814,0.147755756228255,-0.0407807238935822
19.7,-0.863195690058229,0.0255630665137806,0.142204397022401,-0.0398185802773668
19.71,-0.866966254268064,0.026978450362123,0.136665056410385,-0.0388232183286517
19.72,-0.870062901632474,0.0283468729758936,0.131147996392496,-0.0377975463507158
19.73,-0.872367398574894,0.0296593615982988,0.125666259599283,-0.0367446813303145
19.74,-0.87401344211505,0.0309243658400639,0.120227690600255,-0.03566792090611
19.75,-0.874886521757758,0.0321335710273041,0.114844313059481,-0.0345707281137815
19.76,-0.87511972391536,0.0332952655307609,0.109514306748898,-0.0334568226304787
19.77,-0.874603393511731,0.0344017066193468,0.104245673756992,-0.0323300772278182
19.78,-0.873469224081865,0.0354608712147411,0.0990296946765677,-0.0311943523714742
19.79,-0.871613302519527,0.0364654769915308,0.0938722841569589,-0.0300534275662757
19.8,-0.869165183714186,0.0374231351034178,0.0887662268499246,-0.0289107771168363
19.81,-0.866027098569933,0.0383270177153686,0.0837081498449078,-0.0277694845932911
19.82,-0.862325799261227,0.039184164043774,0.0786793193759094,-0.0266323394653568
19.83,-0.857969744073491,0.0399880146644737,0.0736762926148587,-0.0255015301371225
19.84,-0.85308219091003,0.040745209058367,0.0687207455090548,-0.0243797396928524
19.85,-0.84757831931857,0.0414499475364162,0.0638234211242539,-0.0232698266065781
19.86,-0.84157780268845,0.0421086958437151,0.0589778123784808,-0.0221734155131604
19.87,-0.835002192530848,0.0427160371002983,0.0541849521303801,-0.0210921397327889
19.88,-0.827966921129424,0.043278096869837,0.0494543844617822,-0.020028130774499
19.89,-0.820444255107286,0.0437925237500227,0.0447788178167033,-0.0189828137054757
19.9,-0.812412219371611,0.0442573329953161,0.0401548812654215,-0.0179576313006348
19.91,-0.803979337969068,0.0446780092662556,0.0355870654778451,-0.0169538952775524
19.92,-0.795082650169789,0.0450502203863408,0.0310682879976513,-0.0159729291615258
19.93,-0.785825741907034,0.0453789967551833,0.0265932629303363,-0.015015613122468
19.94,-0.776151344642849,0.0456603397647103,0.0221712889673782,-0.0140831782019441
19.95,-0.766157995578213,0.0458990219507048,0.0178016599324762,-0.0131764629972643
19.96,-0.755793767471971,0.0460914433748652,0.0134881031444193,-0.0122961230359115
19.97,-0.745151955131444,0.0462421467488086,0.00924117414117339,-0.0114429314690471
19.98,-0.734185585746774,0.0463479818724364,0.00505416301046156,-0.0106172236640073
19.99,-0.722982623253254,0.0464131177625459,0.000923649807010847,-0.00981945195013244
20,-0.711500838979184,0.0464346381629954,-0.00315363204242032,-0.00905046028005424
20.01,-0.699823185789512,0.0464163748118093,-0.00717655298483737,-0.00831002097869732
20.02,-0.687911703113377,0.0463557390884834,-0.011139501179673,-0.00759807015103062
20.03,-0.675844212376753,0.046256372692971,-0.0150374842880762,-0.00691470260365645
20.04,-0.663586788900716,0.046116070802533,-0.0188671466510098,-0.00625952800155151
20.05,-0.651212183325228,0.0459383058164906,-0.0226190338117839,-0.0056321140937836
20.06,-0.638690069446096,0.0457212872668061,-0.0262877781944214,-0.00503223923599746
20.07,-0.626088298599546,0.0454683620216818,-0.0298672396934344,-0.00445940056101044
20.08,-0.613379832367273,0.0451781246849221,-0.03334755810997,-0.00391298151072465
20.09,-0.600627623117969,0.0448538464981078,-0.0367242264926908,-0.0033924071765468
20.1,-0.587807590226676,0.0444944612164566,-0.039992708967428,-0.00289715134091408
20.11,-0.574977940732196,0.0441031301175804,-0.0431433785967065,-0.00242645038249585
20.12,-0.562117149109352,0.0436791772655671,-0.0461679830468731,-0.00197946282068046
20.13,-0.549278641313911,0.0432257055499194,-0.0490623422615697,-0.00155527143397
20.14,-0.53644302921606,0.0427423279346691,-0.0518250714888214,-0.00115293413878672
20.15,-0.523659013151581,0.0422320104391913,-0.0544512215492778,-0.000771335220130978
20.16,-0.510923806961917,0.0416953197860791,-0.0569379000041337,-0.000409340067659472
20.17,-0.498236919285485,0.0411330325506841,-0.0592812108900801,-6.57535980665145e-05
20.18,-0.485640072611225,0.0405479644070226,-0.0614781055770449,0.000260558332734293
20.19,-0.473117739558922,0.0399403300414611,-0.0635277114955899,0.000570611006158416
20.2,-0.460707277518699,0.0393128122386131,-0.0654297864425123,0.000865406404781558
20.21,-0.448394347567164,0.0386657810879845,-0.0671846458754025,0.00114598719533513
20.22,-0.436212141929341,0.0380017744601342,-0.0687925338390384,0.0014132970625021
20.23,-0.42414734487746,0.0373212940060741,-0.0702540932821117,0.00166820536837502
20.24,-0.412229276646773,0.0366267344685832,-0.0715706423677309,0.00191152728987561
20.25,-0.400445553103088,0.0359186947584279,-0.0727443715323693,0.00214399609074353
20.26,-0.388821897408096,0.035199420170056,-0.0737762495197382,0.00236641410162601
20.27,-0.377346734596891,0.0344695735383852,-0.0746721147516248,0.00257943968981438
20.28,-0.366042460223888,0.0337312096065265,-0.075434862854871,0.00278373259921634
20.29,-0.354898259128968,0.0329850290819063,-0.0760660739955842,0.00297984630797172
20.3,-0.343933488616075,0.0322329557935073,-0.0765675494442751,0.00316823731490138
20.31,-0.333138062696957,0.0314757324988547,-0.076944262207116,0.00334926054483386
20.32,-0.322528642302816,0.03071510444553,-0.077201998650326,0.00352314504078204
20.33,-0.312095918217546,0.0299517896139904,-0.077344822034135,0.00369007107162552
20.34,-0.301854176209184,0.0291873673726679,-0.0773766580949846,0.00385014193362716
20.35,-0.291794879424247,0.0284225496100364,-0.0773016946150067,0.00400334651713867
20.36,-0.281930215813307,0.0276587654706752,-0.0771234761509414,0.00414959584224291
20.37,-0.272252424710898,0.0268967192624504,-0.0768450958105422,0.00428873547952524
20.38,-0.26277185194748,0.0261377145014241,-0.0764695171041343,0.00442056804142247
20.39,-0.253481470219297,0.0253824516900844,-0.0759999720152424,0.00454487475590016
20.4,-0.244389965391169,0.0246321153221293,-0.0754395956198852,0.00466141887574751
20.41,-0.235490982926885,0.0238873925281956,-0.0747917355948083,0.00476995732502113
20.42,-0.226791717023202,0.023149350652694,-0.0740599975276653,0.0048702599100598
20.43,-0.21828913111294,0.0224187226772309,-0.0732477701742798,0.00496209689437802
20.44,-0.209980929906371,0.0216962488464912,-0.0723585300905166,0.00504525491796146
20.45,-0.201872336329347,0.020982827540313,-0.0713959104244009,0.0051195454955794
20.46,-0.193958370458516,0.0202790705274946,-0.0703637107147184,0.00518481019228216
20.47,-0.186243086259185,0.0195857646594579,-0.0692656538151424,0.00524093557277544
20.48,-0.178721921057113,0.0189034764860794,-0.0681059640786055,0.00528783765775758
20.49,-0.171397850880953,0.0182328788977499,-0.0668887057248779,0.00532548257254239
20.5,-0.164266643104296,0.0175744839303044,-0.0656181322159581,0.00535389534592394
20.51,-0.157330272481762,0.0169288488978208,-0.0642992950707273,0.00537311738738972
20.52,-0.150584778955364,0.0162964094693011,-0.06293726762641,0.0053832003353445
20.53,-0.144031231360775,0.0156776132705812,-0.0615341239119621,0.00538432028902219
20.54,-0.137665862350616,0.0150728554733758,-0.0600936836550645,0.00537662115056946
20.55,-0.131488904537134,0.0144824867926967,-0.058621478620339,0.00536022881138032
20.56,-0.125496775824235,0.0139068118687128,-0.0571236542023064,0.00533530577102922
20.57,-0.119688985440695,0.0133460406901761,-0.0556068501087292,0.00530207952935504
20.58,-0.114062094199307,0.0128003604994776,-0.0540777083088879,0.00526085818737282
20.59,-0.108614942509,0.0122698422218956,-0.0525409753598853,0.00521199734636185
20.6,-0.103344183764831,0.0117545858959018,-0.0510008585352356,0.00515587148085062
20.61,-0.0982480476777221,0.0112545651107805,-0.0494614741962524,0.00509288829387687
20.62,-0.0933232448566486,0.0107698083147118,-0.047926731016552,0.00502347893304732
20.63,-0.0885674570987742,0.0103002006809387,-0.0464004390573556,0.00494809803924285
20.64,-0.083977430622344,0.00984570261759372,-0.044886293444688,0.00486721999544496
20.65,-0.0795503619494058,0.0094061185588241,-0.0433875842699655,0.00478134275033851
20.66,-0.0752830088979861,0.00898134876376493,-0.0419075854216457,0.00469098560490443
20.67,-0.0711721405537329,0.00857112398782352,-0.0404498734742623,0.00459666377729871
20.68,-0.0672145248231715,0.00817528454026439,-0.0390163517265329,0.00449892501870113
20.69,-0.0634065463482951,0.00779352616726724,-0.0376063884367156,0.00439837578566789
20.7,-0.0597447564027975,0.00742564636808368,-0.0362219385177186,0.00429548446616459
20.71,-0.0562258044997712,0.00707141602824482,-0.0348660346104216,0.00419065382601209
20.72,-0.0528456726102124,0.00673046767034369,-0.0335406634692809,0.00408431083531346
20.73,-0.0496011738141267,0.00640256815205445,-0.0322475440419714,0.00397687077392038
20.74,-0.0464881144293772,0.00608731370298995,-0.0309881934394043,0.00386872548201097
20.75,-0.0435033749489149,0.00578444148922906,-0.0297639143796782,0.00376024264343778
20.76,-0.0406426521126049,0.00549352002579847,-0.0285761111763451,0.00365177588898928
20.77,-0.0379029085393325,0.00521425770729245,-0.0274262409576179,0.00354367581858706
20.78,-0.0352797832831317,0.00494619660746439,-0.0263152052744247,0.003436261077711
20.79,-0.0327703416620322,0.00468902641177962,-0.0252433828993603,0.00332981852853286
20.8,-0.0303702292259871,0.0044422826992118,-0.0242106170599252,0.003224598177257
20.81,-0.0280766437243631,0.00420565578306276,-0.0232165756149152,0.00312082182254683
20.82,-0.0258852907862455,0.00397868925724439,-0.0222607178856988,0.00301868662790231
20.83,-0.0237935120724888,0.00376108430976672,-0.0213418981843335,0.00291838944528761
20.84,-0.0217970997717352,0.00355240452529166,-0.0204594290993557,0.00282008428639859
20.85,-0.0198935454144706,0.00335236509288392,-0.0196124912989021,0.00272389361050164
20.86,-0.0180787661179025,0.00316054928479287,-0.018799730271812,0.00262992859605855
20.87,-0.0163504086036337,0.00297669586455291,-0.0180196205040067,0.0025382815043351
20.88,-0.0147045333340632,0.00280041911112792,-0.0172709030344274,0.00244900688866064
20.89,-0.0131389521276271,0.00263148052775726,-0.0165523976606723,0.00236213487985605
20.9,-0.0116498976804058,0.00246952050953126,-0.0158629246388005,0.00227767838203553
20.91,-0.0102353489869502,0.00231432115091872,-0.0152012952181774,0.00219563624046646
20.92,-0.00889171934106781,0.00216554918710053,-0.0145663072083781,0.00211599547072254
20.93,-0.0076171488756227,0.00202300737620848,-0.0139568472597458,0.00203873559499319
20.94,-0.00640823424789705,0.00188638650932484,-0.0133720162007615,0.00196383660527679
20.95,-0.00526326528376142,0.00175550627559183,-0.0128106517324747,0.00189126423723476
20.96,-0.00417902374233758,0.00163008259640527,-0.0122715596755242,0.00182097506269088
20.97,-0.00315356295415281,0.00150992907387356,-0.0117535851614584,0.00175292029120633
20.98,-0.0021849926664359,0.00139486748168933,-0.0112556105433095,0.00168704709546589
20.99,-0.0012703698118175,0.00128465203641826,-0.0107765775828845,0.00162329976698159
21,-0.000408324676962835,0.00117915070472111,-0.0103154811339499,0.00156162067518568
21.01,0.000431098122305684,0.00109306423902032,-0.00720069828327637,0.00166482972825625
21.02,0.00128252990375444,0.00103665410694373,-0.00434839774830101,0.00176570941868496
21.03,0.00214921391481404,0.00100750312373789,-0.00171708287310004,0.00184769590557035
21.04,0.00303285430379496,0.00100357890543216,0.000714698515407608,0.00191151610672278
21.05,0.0039359780834074,0.00102289243735924,0.00295447037878056,0.0019572467320118
21.06,0.00485922050390464,0.00106359780565141,0.00500771225671636,0.00198496673310994
21.07,0.00580398830288331,0.00112381572375767,0.00688000004350482,0.00199497123982919
21.08,0.0067699812344415,0.00120181369002028,0.00857771246269779,0.00198764363560704
21.09,0.00775773944164371,0.00129583909682982,0.0101062833210831,0.00196354951847725
21.1,0.00876628946582159,0.00140426260000135,0.011470272736928,0.00192341329379636
21.11,0.00979557313750146,0.00152542693283063,0.0126738125681668,0.00186816407400896
21.12,0.0108442365249894,0.00165779185714217,0.0137257229701042,0.00179905935140272
21.13,0.0119120901628165,0.00179995192025582,0.0146457361976264,0.0017178101038858
21.14,0.012997699202792,0.00195050001810401,0.0154142861337859,0.00162477235058807
21.15,0.0141005127927452,0.00210790124564214,0.016033413143712,0.00152143346046039
21.16,0.0152190051093912,0.00227069163398231,0.0165033789817627,0.00140940563018616
21.17,0.0163526730923724,0.00243736222250094,0.0168263170592479,0.00129038664143515
21.18,0.0175001540613833,0.00260648545130846,0.0170051339764162,0.00116611260048664
21.19,0.0186610869043031,0.00277661363394949,0.0170434863489881,0.00103833110028338
21.2,0.0198343378895531,0.00294638974549636,0.0169454842187303,0.00090877352313259
21.21,0.0210197257827645,0.00311445035464159,0.0167155707297619,0.000779117544100874
21.22,0.0222163523028129,0.00327952693423355,0.0163588753437501,0.000650976363653632
21.23,0.0234242028085365,0.00344036216610797,0.0158813915780705,0.000525883384315321
21.24,0.0246427614951807,0.00359579487798691,0.0152896499704519,0.000405257675126242
21.25,0.0258716073861756,0.00374473314588544,0.0145914473776839,0.000290403440400915
21.26,0.0271108927026997,0.00388613831593377,0.0137948171448633,0.000182514744824735
21.27,0.0283601346859017,0.0040190884771881,0.0129078357250505,8.26470421727194e-05
21.28,0.0296195243880755,0.00414270523166935,0.0119380074369038,-8.32431198586935e-06
21.29,0.030888607384731,0.00425622237898989,0.0108945145798448,-8.97000954462829e-05
21.3,0.0321675128239658,0.00435895296032326,0.00978899198990139,-0.000160880343829925
21.31,0.0334557487058511,0.00445034653199172,0.00863124205855275,-0.000221497361332286
21.32,0.0347533037485919,0.00452991800143889,0.00743071527211529,-0.000271343365749559
21.33,0.0360595575411464,0.00459731289621762,0.00619850575370177,-0.000310290215150506
21.34,0.0373743167235512,0.00465225801732103,0.00494464746072522,-0.000338392012217391
21.35,0.0386967968295799,0.00469460510081884,0.00367959097722581,-0.000355818617081314
21.36,0.040026588223955,0.00472428863652667,0.00241351092859982,-0.000362810622181007
21.37,0.0413627382546391,0.0047413577102732,0.00115530240825702,-0.000359732028957166
21.38,0.0427046256487627,0.00474593167005946,-8.57339606263682e-05,-0.00034701051863512
21.39,0.0440511329105613,0.00473824106675414,-0.00130081210452295,-0.00032515997286708
21.4,0.0454014410473,0.00471858018510211,-0.00248202575461247,-0.000294777227939271
21.41,0.0467542723246428,0.00468733565926895,-0.00362235890866479,-0.000256526924333965
21.42,0.0481086167888822,0.00464494313102046,-0.00471547395021643,-0.000211123379335665
21.43,0.0494630518172174,0.00459191539883876,-0.0057554616042835,-0.000159305132995176
21.44,0.0508164083022846,0.00452880513907832,-0.00673719652734345,-0.000101843431834665
21.45,0.0521671520684768,0.00445622603658823,-0.00765633063846354,-3.95297027475367e-05
21.46,0.0535139900980832,0.00437481930123948,-0.0085090493413752,2.68538454080076e-05
21.47,0.0548553211065004,0.00428527041106117,-0.00929272032436674,9.65383771117256e-05
21.48,0.0561897851670103,0.00418827394086285,-0.0100056267500893,0.000168777025404842
21.49,0.0575157615909747,0.00408454720665365,-0.0106471245623024,0.000242811292953595
21.5,0.0588318575799898,0.00397480577852642,-0.0112158341158691,0.000317932180013405
21.51,0.0601365184328522,0.00385978451610225,-0.0117111943944953,0.000393447898517799
21.52,0.0614282147268694,0.00374021634445526,-0.0121337652707313,0.000468681033354605
21.53,0.0627055828692722,0.00361681893073333,-0.0124846811493626,0.000542996957351481
21.54,0.0639671036496221,0.00349030438391376,-0.0127655138057322,0.000615812985195215
21.55,0.0652114808385074,0.00336135918262664,-0.0129782345347021,0.000686601153193842
21.56,0.0664373052363514,0.00323065502636093,-0.0131252359771889,0.000754889086525572
21.57,0.0676433914288204,0.00309883078137521,-0.0132092944607752,0.000820260641389117
21.58,0.0688284779610955,0.00296650194949811,-0.013233513790962,0.000882355747204349
21.59,0.0699915256516546,0.00283424564991733,-0.0132012685873218,0.000940871751593378
21.6,0.0711314507419383,0.0027026092856436,-0.0131161893136582,0.000995558059023964
21.61,0.0722473863121689,0.00257209846172407,-0.0129820023060366,0.0010462144221695
21.62,0.0733384445323049,0.00244318427979817,-0.0128027223666082,0.00109269107811059
21.63,0.0744039459928061,0.0023162931292134,-0.0125824472901813,0.00113488665560538
21.64,0.0754432115157098,0.00219181545253078,-0.0123249879658491,0.0011727623627688
21.65,0.0764557652785802,0.00207009764903369,-0.012034786069372,0.00120631213915722
21.66,0.0774411439962499,0.00195144455843946,-0.0117161035893989,0.00123557004694555
21.67,0.0783990718022194,0.00183611802162285,-0.0113728353368037,0.00126061091694635
21.68,0.0793292957837508,0.0017243438473195,-0.0110088375713313,0.00128153397241871
21.69,0.0802317313961485,0.00161630705321674,-0.010627934732498,0.00129845905419026
21.7,0.0811063170480413,0.00151215700182185,-0.0102338565309316,0.00131152537975059
21.71,0.0819531382778109,0.00141200468159461,-0.00983017696858397,0.00132089015713201
21.72,0.0827723019042912,0.00131592847764505,-0.00942016433088768,0.00132672819197555
21.73,0.083564043173646,0.00122397381706673,-0.00900696062753667,0.00132923402676169
21.74,0.0843286185586596,0.00113615630882005,-0.00859358510375826,0.00132861563282271
21.75,0.0850663945769137,0.00105246159371892,-0.00818280935529963,0.00132508962567619
21.76,0.0857777542720326,0.00097285025063686,-0.00777709681457163,0.00131887594566564
21.77,0.0864631698906084,0.000897259057126412,-0.00737861629861492,0.00131019525631878
21.78,0.087123123548559,0.00082560530055736,-0.00698926059509561,0.00129926727753878
21.79,0.0877581671459433,0.000757788143912476,-0.00661068601789883,0.00128630865998654
21.8,0.0883688618320111,0.000693691952384791,-0.00624429062098085,0.00127153199763796
21.81,0.0889557980165927,0.00063318828954093,-0.00589124091611912,0.00125514513050808
21.82,0.0895196035843941,0.000576138202617509,-0.00555248359201908,0.00123735009341764
21.83,0.0900609021000882,0.000522394149217323,-0.00522887533303156,0.00121833883746666
21.84,0.0905803445917686,0.000471800254193974,-0.00492107093706901,0.00119829022518946
21.85,0.0910785741154907,0.000424198239262757,-0.00462910346637768,0.00117739023242535
21.86,0.0915562528694487,0.000379428600196304,-0.00435320642296533,0.00115580478748373
21.87,0.0920140300754726,0.000337329089283656,-0.00409361489830472,0.00113368873395083
21.88,0.0924525619662138,0.000297736097823234,-0.00385042399255176,0.00111119144486915
21.89,0.0928724905895129,0.000260485674664307,-0.00362355835595633,0.00108845758341911
21.9,0.0932744587941237,0.000225415856345022,-0.00341279346033535,0.00106562593607397
21.91,0.0936590955476433,0.000192367163423499,-0.00321778808359395,0.00104282797387498
21.92,0.0940270251898641,0.000161184516249042,-0.00303811066308043,0.00102018677503902
21.93,0.094378858036996,0.0001317170591484,-0.00287325644531829,0.000997816390516589
21.94,0.094715194826402,0.000103819875492306,-0.00272265820014318,0.000975821518320381
21.95,0.0950366220615946,7.73534629530691e-05,-0.00258569374233114,0.000954297347729229
21.96,0.0953437124815251,5.21854038254694e-05,-0.00246169291649279,0.00093332948192584
21.97,0.0956370246012401,2.81896015415699e-05,-0.00234994471325783,0.00091299390841923
21.98,0.0959170999009169,5.24789396188795e-06,-0.002249704797248,0.000893357010894088
21.99,0.0961844657993671,-1.67509372387749e-05,-0.00216020351573287,0.000874475672821165
22,0.0969078532863845,0.00345436178887784,-0.00208064001499569,0.000856397909053899
22.01,0.0977334744006066,0.00575276576899017,-0.00207529867623313,0.000837223459903022
22.02,0.0987747061090358,0.00801438954910486,-0.00251646401051288,0.00080304935550876
22.03,0.100017934293318,0.0102767202201711,-0.00363064759984849,0.000748423276057275
22.04,0.101463564375573,0.0124790484114923,-0.00552380408804656,0.000675407467037865
22.05,0.103186155306624,0.0147265171102371,-0.00824742112018739,0.000588905100340548
22.06,0.105296033420239,0.0169619705115617,-0.0118103404588212,0.000495418302456417
22.07,0.107921079259951,0.0192586283183586,-0.0161973832158971,0.000401784099703091
22.08,0.111196543071542,0.0217131687444672,-0.0213773054151008,0.000314628803947241
22.09,0.115263805902833,0.0242076672738357,-0.027315999005808,0.000239858190911585
22.1,0.120237524097091,0.0268974181915465,-0.0339909235222499,0.000182042512899592
22.11,0.126236116967203,0.0296131041059628,-0.0413853629534132,0.000145064253212475
22.12,0.13331209414438,0.0325170090277437,-0.0494974276888861,0.000131726526397491
22.13,0.141562079581425,0.0353952179121873,-0.0583037882745628,0.000145384870972391
22.14,0.150969332394003,0.038426978748675,-0.0677802037318783,0.00018890903318468
22.15,0.161637553273087,0.0413651287326333,-0.077883141528422,0.000265609502842817
22.16,0.173478239578949,0.0444138850114244,-0.0885725702817659,0.000378040445064068
22.17,0.186631594125993,0.0473000053461468,-0.0997777686886662,0.000529506487112286
22.18,0.200929502590616,0.0502570952268135,-0.111416134500292,0.000723206751207496
22.19,0.216576797578334,0.0529904926634405,-0.123399477482752,0.000961677421858267
22.2,0.23331187802001,0.0557639179742575,-0.135644616022899,0.00124687717004141
22.21,0.251425624589512,0.0582620321838679,-0.148044774728535,0.00158109921882774
22.22,0.270543617222487,0.0607776394862944,-0.160486480404332,0.00196603714060732
22.23,0.291061680913568,0.0629755148505407,-0.172846479249699,0.00240345742842382
22.24,0.312472932364726,0.065176548950798,-0.184994191363351,0.00289469989933815
22.25,0.335297290312103,0.0670263729791672,-0.196800517187507,0.00344024258398718
22.26,0.358877344440584,0.0688727671389997,-0.208153954590724,0.00403974477907564
22.27,0.383464480307316,0.0705347713534145,-0.218940175405995,0.0046917857446358
22.28,0.409470888510282,0.0718103664491283,-0.229087685237069,0.00539424803570611
22.29,0.435984655430221,0.0730865557760882,-0.23853363066741,0.0061440429341002
22.3,0.463920315474464,0.0739627189759618,-0.247212776097258,0.00693705633396195
22.31,0.492178494968596,0.0748493065702667,-0.255082379404461,0.00776832236583404
22.32,0.521859389496808,0.0753282792832023,-0.262111118767561,0.00863236365626843
22.33,0.551661790402139,0.0758313801384769,-0.268295836925308,0.00952325748378029
22.34,0.582130606665757,0.0761498260149261,-0.273642564428131,0.0104348644749279
22.35,0.614023246577292,0.0760561842130441,-0.278160337659371,0.0113613836571591
22.36,0.645722250191541,0.0760129118753934,-0.281863639253306,0.012297109298702
22.37,0.678856851668956,0.0755594536903621,-0.284766101991602,0.0132367417115295
22.38,0.711589017141883,0.0751758088413107,-0.286882572075105,0.0141752289501472
22.39,0.744738373367283,0.0746332147862663,-0.288240930608723,0.0151078712349962
22.4,0.779359761660075,0.0736867088356748,-0.288859506436036,0.0160304656958012
22.41,0.813272437644796,0.0728410743816303,-0.28877172065313,0.0169391541615116
22.42,0.847476417102878,0.0718557875710591,-0.288011557146273,0.0178297528538937
22.43,0.88321445010569,0.0704755126146896,-0.286624936531944,0.0186978963274235
22.44,0.917950745842373,0.0692258290225637,-0.284672854158276,0.0195398403559263
22.45,0.954275377395937,0.067587546695363,-0.282205204382854,0.0203516659049777
22.46,0.989410588552984,0.0660968837139062,-0.279275220721458,0.0211296794042838
22.47,1.02466816269412,0.064495060109437,-0.275950964450711,0.0218711988735813
22.48,1.06161021430271,0.0625115241840838,-0.272281342049931,0.0225734674888159
22.49,1.09709110523756,0.0606972198089494,-0.268309796458398,0.0232339501757813
22.5,1.13261406495656,0.0587839124076879,-0.264084498648538,0.023850589313382
22.51,1.16993426839117,0.056493828358617,-0.259653064847558,0.0244218307143188
22.52,1.20553436256494,0.0543893307131634,-0.255063072686219,0.0249466080730675
22.53,1.24110964208545,0.0521942358441925,-0.25035013246928,0.0254239333014772
22.54,1.2766405779809,0.0499105304891131,-0.245547238389739,0.0258530124059163
22.55,1.31413894323863,0.0472529712550026,-0.240684978523088,0.0262333786625194
22.56,1.34959004445398,0.0447952582085756,-0.235792791651172,0.0265648961625743
22.57,1.38494378852597,0.0422530791580516,-0.230898101776174,0.0268476103798802
22.58,1.42239787413581,0.0393382170472889,-0.226025304163592,0.0270817593230974
22.59,1.45755372973869,0.0366270647973292,-0.221196550452852,0.0272678098271312
22.6,1.49253379958792,0.0338311993997173,-0.216433158814392,0.0274063983051994
22.61,1.52969918347721,0.0306608116150466,-0.211754574246715,0.0274983597538204
22.62,1.56424684795174,0.027690391133611,-0.20717859179052,0.0275447221228443
22.63,1.59844273518587,0.0246288350349728,-0.202724343971003,0.0275467084897365
22.64,1.63218223832359,0.021472043770091,-0.198408701233924,0.0275057220177328
22.65,1.66796138645357,0.0179291576977434,-0.194247448287392,0.0274233103564884
22.66,1.70034359526118,0.0145646775963465,-0.190258326139486,0.0273011376013174
22.67,1.73166486304673,0.0110850238762619,-0.186459806067202,0.0271415075409333
22.68,1.7644534557424,0.0072029761024907,-0.18286087602444,0.0269468498020295
22.69,1.7928430715583,0.00347411022322708,-0.179472850164082,0.0267192703943255
22.7,1.81928560838723,-0.000387158630718004,-0.176312892874934,0.0264609556146771
22.71,1.84643161212339,-0.00465487561936066,-0.17339792663163,0.026174063999529
22.72,1.86818289387202,-0.00877984791707799,-0.170747626139857,0.0258610398339399
22.73,1.88721170894299,-0.0130326432489602,-0.168384086052048,0.0255247290609352
22.74,1.90634509082827,-0.0176701269632053,-0.166327442952384,0.0251683731237705
22.75,1.91943734486243,-0.0221535365157327,-0.164584771634959,0.0247952967847382
22.76,1.93243179600572,-0.0269928068834984,-0.163149359125487,0.0244087587286007
22.77,1.93925374774026,-0.0316593884129681,-0.162001634432569,0.0240122708981258
22.78,1.93577896479265,-0.0354732331610193,-0.161102129920576,0.0236098823862185
22.79,1.92974546794799,-0.0393436030060661,-0.160390212752966,0.0232066317960979
22.8,1.9183360344761,-0.0430324919482628,-0.15978704479885,0.0228076595557603
22.81,1.90760676608655,-0.0470018946031831,-0.159217287743792,0.0224163760033011
22.82,1.8947466615401,-0.0510040526729853,-0.158611690387066,0.022035192832214
22.83,1.87713470749963,-0.0548159816980285,-0.157908482034929,0.0216660026239384
22.84,1.86063323450354,-0.0588583715107355,-0.157040075153391,0.0213107180223513
22.85,1.842577030007,-0.062900362234739,-0.155908684890054,0.0209710393322477
22.86,1.82048707016208,-0.0667361463648979,-0.154391472302751,0.0206483817895194
22.87,1.79986284454756,-0.0707479417734867,-0.152356040268707,0.0203439707402489
22.88,1.77811524286643,-0.0747227913716483,-0.149650558746218,0.0200587611707029
22.89,1.75532893254588,-0.0786477181510442,-0.146099230414091,0.0197936274795679
22.9,1.72914044463173,-0.082339252856861,-0.141504463965272,0.0195484486507247
22.91,1.70448845567418,-0.0861276421735684,-0.135668213854228,0.0193215223447155
22.92,1.67891408537298,-0.0898210027732291,-0.128446628145594,0.0191078376046174
22.93,1.65017763363961,-0.0932502835699355,-0.119747870643568,0.0188992702691208
22.94,1.62283810848058,-0.0967095651730916,-0.109523996588798,0.0186864005642053
22.95,1.59459355962983,-0.100023673613134,-0.0977483516212326,0.0184588145334654
22.96,1.56337421351675,-0.103039714150524,-0.0844099342119823,0.01820553075477
22.97,1.53340468972477,-0.106019357976215,-0.0695350262465204,0.0179154916920484
22.98,1.50257153899847,-0.108805107750114,-0.0532099716600546,0.0175788604361913
22.99,1.46899631622666,-0.111261588419931,-0.0355586892010185,0.0171883155725354
23,1.4365856981632,-0.113622764928229,-0.0166892626959957,0.016736610898022
23.01,1.40341843897649,-0.115750529688518,0.00326261344824059,0.0162179517665478
23.02,1.36780185769377,-0.117527813163306,0.0241534364430445,0.015626731445763
23.03,1.33332089417201,-0.119164083845576,0.0458071244334343,0.0149587930139226
23.04,1.29823297962968,-0.120540913322743,0.0680408700205494,0.0142111440452059
23.05,1.26101694838806,-0.121560058026906,0.090657989534358,0.0133823663201159
23.06,1.22493309779321,-0.122409899058497,0.113457435999149,0.0124725962561694
23.07,1.18840822098264,-0.122991739736428,0.136233741061557,0.0114835228250191
23.08,1.15008341027702,-0.123225827035828,0.158782092222009,0.0104184133186385
23.09,1.11289772545031,-0.123281808987628,0.180900269106019,0.00928160744110241
23.1,1.07412665863879,-0.123006258973491,0.202398546593519,0.0080784161146873
23.11,1.0364992683115,-0.122557432516899,0.223100075974791,0.00681483252534738
23.12,0.998706151237216,-0.121866683758985,0.242855509765161,0.00549765377443932
23.13,0.95963916411325,-0.120881448615495,0.261540865896158,0.00413401111932084
23.14,0.921719212379144,-0.119742271560225,0.279048816736536,0.00273082696084342
23.15,0.882721032578474,-0.118338912817684,0.295268107305729,0.00129392504542171
23.16,0.844864650402219,-0.116801080660501,0.310035078825719,-0.00017394067377191
23.17,0.806111754381688,-0.115034195817662,0.323267491865699,-0.00166786673564779
23.18,0.768486764288071,-0.113156965798901,0.334981436177465,-0.00317869671484594
23.19,0.731013308233765,-0.111131122350817,0.345218152488482,-0.00469827940559849
23.2,0.692896582520693,-0.108929799055364,0.354032752291954,-0.00622057839936273
23.21,0.655882679033154,-0.106652383588615,0.361519130250838,-0.00773978293523321
23.22,0.61838331388964,-0.104231266004776,0.367738456369794,-0.00924876188901311
23.23,0.581968336554811,-0.101753992109611,0.372722848219184,-0.0107410809418251
23.24,0.545220956711651,-0.0991623710741111,0.376508379231054,-0.012210597059423
23.25,0.509541943316696,-0.0965332604408293,0.379148282635227,-0.0136514846995503
23.26,0.474261847623771,-0.0938439250292354,0.380685059847565,-0.0150573778558403
23.27,0.438870772033391,-0.0910803412135736,0.381168210861154,-0.0164229566870544
23.28,0.404531983595746,-0.0883041163122512,0.380661310044175,-0.0177444798710241
23.29,0.370225335394439,-0.0854769379309541,0.379253235883901,-0.0190187617501457
23.3,0.33696224502789,-0.0826505337386721,0.377061955603759,-0.020243365662817
23.31,0.303862388955823,-0.0797923254806624,0.374183836525792,-0.0214166422633852
23.32,0.271792618759328,-0.0769447285840509,0.370717614481362,-0.0225380842789128
23.33,0.240002987515913,-0.0740804171139445,0.366743261333381,-0.0236074256792109
23.34,0.209225330190088,-0.0712335162799339,0.362341336130054,-0.0246244210143643
23.35,0.178829794444065,-0.0683816043077594,0.35759752856993,-0.0255890642578306
23.36,0.14942341405906,-0.065551290497992,0.352573223804737,-0.0265010688600514
23.37,0.120486149763643,-0.0627247737763241,0.34732991502363,-0.0273602892087386
23.38,0.0925111650576551,-0.0599221686951988,0.341925521877899,-0.0281676001440776
23.39,0.0650769100336839,-0.0571299377225356,0.336402235549651,-0.0289234542002099
23.4,0.0385737094549901,-0.0543626673756117,0.330798040014637,-0.0296281115114949
23.41,0.0126682586567644,-0.0516108321877928,0.325149116207614,-0.0302818168345511
23.42,-0.012340742635405,-0.0488842629479332,0.319484748492618,-0.030884889498717
23.43,-0.0366080258136239,-0.0461791207908136,0.313826856761442,-0.0314378962754997
23.44,-0.0602163566386591,-0.0434950806940512,0.308193483914322,-0.0319413149126862
23.45,-0.0829823678186445,-0.0408362549267288,0.302594510964327,-0.0323955850956845
23.46,-0.105061672945806,-0.0382015961867815,0.29703647912635,-0.0328009724337374
23.47,-0.126333793454974,-0.0355922778881833,0.291522697788635,-0.0331576622434958
23.48,-0.14689892334734,-0.0330100354684298,0.286053223204222,-0.0334658063225447
23.49,-0.166690674899431,-0.0304537381715853,0.280622698903445,-0.0337255827358999
23.5,-0.185761784835897,-0.0279275751696398,0.27522363876368,-0.0339371221190788
23.51,-0.204089063631968,-0.0254285568436372,0.269844028708419,-0.034100621618967
23.52,-0.22168424031236,-0.0229629426666475,0.264472121994694,-0.0342161427741551
23.53,-0.238559500800304,-0.0205263208228709,0.259095573754902,-0.0342837538630569
23.54,-0.25469148233608,-0.0181265937149819,0.253703028365702,-0.0343036084565324
23.55,-0.270120599628223,-0.0157582282954095,0.248278192230968,-0.0342760171774907
23.56,-0.284794117027019,-0.0134304520254695,0.242809062354384,-0.0342010829697033
23.57,-0.298775236580338,-0.0111369143664629,0.237282566701371,-0.034078854091139
23.58,-0.311987773472744,-0.00888789542775216,0.231668983317146,-0.0339100113905506
23.59,-0.32451400344421,-0.00667679712398762,0.225936130008738,-0.0336952140060577
23.6,-0.336260156803337,-0.00451501312860068,0.220052742755435,-0.0334351843744725
23.61,-0.347324432765381,-0.00239591165675811,0.214011276528757,-0.0331298475798437
23.62,-0.357600112494197,-0.000331362561208962,0.207808522726326,-0.0327791150145352
23.63,-0.367198373448147,0.00168557513067275,0.201452461231025,-0.0323836419311886
23.64,-0.376004221559061,0.00364304877372514,0.194943611500118,-0.0319438349458111
23.65,-0.384139555763106,0.00554810244893668,0.188267408035128,-0.0314602462929099
23.66,-0.391484911459947,0.00738876198920143,0.181419834910359,-0.030933182384852
23.67,-0.398170429041473,0.00917190373741741,0.174386431996712,-0.0303636447494505
23.68,-0.404075022130011,0.0108855230341302,0.167158807768723,-0.0297520170284202
23.69,-0.409334804417803,0.0125362767679375,0.159746977820565,-0.0291001545367125
23.7,-0.413894581538692,0.0141170301824111,0.152155281044223,-0.0284088770311939
23.71,-0.417699952077393,0.0156209528213952,0.144390379638385,-0.0276792501786997
23.72,-0.420891930618448,0.0170547812632053,0.136487082523644,-0.0269131851610505
23.73,-0.423354618858405,0.0184079535949008,0.128454484706112,-0.0261122406001166
23.74,-0.425229769362462,0.0196874166348777,0.120347156130327,-0.0252794361229747
23.75,-0.426405840910855,0.0208839786928141,0.112213104664356,-0.0244178898080141
23.76,-0.42702420227841,0.0220051938438212,0.104082416162426,-0.0235304233845627
23.77,-0.426978242196371,0.0230430091213902,0.0959829586285508,-0.0226200113773853
23.78,-0.426407544772177,0.0240052004020213,0.0879455236718177,-0.0216899986216433
23.79,-0.425211150229596,0.0248849300728461,0.080019724036732,-0.0207443194592917
23.8,-0.423526209763759,0.0256904316292765,0.0722360412651727,-0.0197866801985297
23.81,-0.421257777338418,0.0264160700653963,0.0646249046788284,-0.0188207688690415
23.82,-0.418539687187458,0.0270702665017305,0.0572091956253554,-0.0178502443575391
23.83,-0.415283160879039,0.0276483298628593,0.0500038373588959,-0.0168791849808705
23.84,-0.411618196712106,0.0281586185036813,0.0430228178461511,-0.0159109705589051
23.85,-0.407462264886129,0.028597232717903,0.0362850283491226,-0.0149491872551004
23.86,-0.402941110042767,0.0289724599717399,0.0298025439845254,-0.0139972051698202
23.87,-0.397978407776038,0.0292811679952878,0.0235948898127106,-0.0130579691127234
23.88,-0.392694987319688,0.0295315731445402,0.0176738507611302,-0.0121344664054425
23.89,-0.387020382400002,0.0297212457151513,0.0120508149114849,-0.011229586329405
23.9,-0.381070058986432,0.0298582384274203,0.00673542007276181,-0.010345737651093
23.91,-0.374778950477637,0.029940722574944,0.0017349313547676,-0.00948546059050442
23.92,-0.368256683312266,0.0299765185462995,-0.00294641529011218,-0.00865098160763526
23.93,-0.361443181312348,0.02996424334239,-0.00731382669037768,-0.00784430745249677
23.94,-0.354441868961141,0.029911327778203,-0.0113642449333003,-0.00706728527354133
23.95,-0.347197185966102,0.0298167613043757,-0.0151016706640453,-0.00632135019336211
23.96,-0.33980605167728,0.0296875366528542,-0.0185391002247637,-0.00560781014274188
23.97,-0.332251334426519,0.0295245753566267,-0.0216811732839516,-0.00492779715375838
23.98,-0.324520333810428,0.0293291008707051,-0.0245362744388341,-0.00428188012304376
23.99,-0.316700046533573,0.029107333503552,-0.0271195780104495,-0.0036705239408665
24,-0.298322245510712,0.0240396437833527,-0.0294446532107142,-0.00309405541833083
24.01,-0.291523467014094,0.0215353808043691,-0.0314460851759184,-0.00255011410593006
24.02,-0.284851414654053,0.019007720542789,-0.0326850578283403,-0.00202141007445417
24.03,-0.278311186776875,0.0165149670335727,-0.0329476941491306,-0.00150254103217998
24.04,-0.271914844748393,0.0139964699926626,-0.0321681689020681,-0.000996611559277596
24.05,-0.265772647001479,0.0114959283981987,-0.0303345648780132,-0.000509011202641752
24.06,-0.260011011375341,0.00888740969003184,-0.0274656889894979,-4.58732405795845e-05
24.07,-0.254784146663912,0.00624747539387733,-0.0235981651883213,0.000386812675939258
24.08,-0.250231443931214,0.00343277710392123,-0.0187722322305826,0.000783863414552039
24.09,-0.246514047620821,0.000565339609060491,-0.0130296233150962,0.00114099060228124
24.1,-0.243741629392451,-0.00250617563887393,-0.00640070312237175,0.00145521108921529
24.11,-0.242048868168127,-0.00560807123651974,0.00109179447623975,0.00172440648215815
24.12,-0.241479214331996,-0.008899541781998,0.00943912994584923,0.00194772582248531
24.13,-0.242145411332847,-0.0121631260358205,0.0186190852242617,0.00212431652026698
24.14,-0.244018256648906,-0.0155758208740073,0.0286191482399079,0.00225387403265488
24.15,-0.247218287471956,-0.0188874750450463,0.0394217433732555,0.00233573729533867
24.16,-0.251641520167383,-0.0223003455743853,0.0510109286926649,0.00236918590338636
24.17,-0.257446143546666,-0.0255383774056882,0.0633501705585935,0.0023529346497579
24.18,-0.26444545968662,-0.0288330759602292,0.0763920436949734,0.00228556691738864
24.19,-0.272862619570624,-0.0318866642414279,0.0900742161917231,0.00216524146734543
24.2,-0.282413860704494,-0.0349603797778164,0.10433366938127,0.00199071480540745
24.21,-0.293408155456416,-0.0377355023568845,0.11907702096179,0.00176003870430251
24.22,-0.30544547800838,-0.0405020817197439,0.134211321899416,0.00147184992878957
24.23,-0.318939124214058,-0.0429211751597534,0.149626111039571,0.0011245891135538
24.24,-0.333352448417867,-0.0453104639595796,0.165208655005941,0.000717304636280509
24.25,-0.349221637883052,-0.0473114748438344,0.180848395076705,0.000249613330476069
24.26,-0.365855055783129,-0.0492683315165565,0.196436582027415,-0.000278473081250466
24.27,-0.383931259465975,-0.050804047363648,0.211852217615518,-0.000866620565139324
24.28,-0.402588931205095,-0.0522887015093302,0.226981790523466,-0.00151414796291833
24.29,-0.422153756842228,-0.0535305990041713,0.241696587659832,-0.00222051205836207
24.3,-0.443130533218802,-0.0543182693486153,0.255883272958729,-0.00298461437587625
24.31,-0.464380205728605,-0.0550606315724561,0.269367749322111,-0.0038070618971737
24.32,-0.487022119332809,-0.0553390156789879,0.282040088081389,-0.00468563155031044
24.33,-0.509715974070985,-0.0555854278846189,0.293813826994825,-0.00561561767320807
24.34,-0.53378357038892,-0.0553655925247229,0.304641423872773,-0.00659164288552947
24.35,-0.557674259349875,-0.0551322826319454,0.314479877681563,-0.00760767433802887
24.36,-0.582044918498249,-0.0546706782604522,0.323318465593171,-0.00865822528351885
24.37,-0.607777590819619,-0.0537486223061835,0.331158718729946,-0.00973720707465504
24.38,-0.632993283663689,-0.0528476719450262,0.338029374053714,-0.0108387751196335
24.39,-0.658520908225211,-0.0517409405447251,0.343966287621621,-0.0119578359189825
24.4,-0.685425956310246,-0.0501854364142358,0.348992097064929,-0.0130886417086109
24.41,-0.711484891439223,-0.0486870981634629,0.353129066737813,-0.0142248062849938
24.42,-0.738946103099587,-0.0467501006943312,0.35639740421855,-0.0153603632153979
24.43,-0.765348844526461,-0.0448937027007433,0.358829527132138,-0.016489360102824
24.44,-0.791827643464217,-0.0428726354374675,0.360472921523343,-0.0176061675190454
24.45,-0.819765529509816,-0.0404281445947002,0.361389687604471,-0.0187061019656787
24.46,-0.846339582886383,-0.0380975477922637,0.361631340868915,-0.0197849655132871
24.47,-0.872875239129453,-0.0356246289662122,0.361274429032881,-0.0208394882219175
24.48,-0.900950130565272,-0.0327415012226907,0.360372956251633,-0.0218670683614673
24.49,-0.927373009483587,-0.0299997215946659,0.358982761722346,-0.0228655683844667
24.5,-0.953663652826338,-0.0271334896622657,0.357156273429942,-0.023833363551448
24.51,-0.981595851421125,-0.0238677167020785,0.354935903385088,-0.0247687896608723
24.52,-1.00760652855183,-0.0207650348555304,0.352363442280997,-0.0256704041185089
24.53,-1.03341024077923,-0.0175519605319524,0.349476218208969,-0.0265371918247463
24.54,-1.06097589926368,-0.0139482049442155,0.346300050710602,-0.0273679237983256
24.55,-1.08636677108458,-0.0105242726455954,0.342859095071814,-0.0281613445995238
24.56,-1.1114907518215,-0.00700106240291556,0.339181233070315,-0.0289167114816407
24.57,-1.13632723001493,-0.00338142731627672,0.33528865097138,-0.0296331748089274
24.58,-1.1630933031035,0.00061958829569686,0.331195316218461,-0.0303096639504415
24.59,-1.18733710562599,0.00442618521554053,0.326910972430187,-0.0309451974973232
24.6,-1.21119840480698,0.00832336533714292,0.322438556654447,-0.031539180423634
24.61,-1.23705571876974,0.0125970729593373,0.317788372810097,-0.0320909263452622
24.62,-1.26004756445244,0.0166735614252658,0.312963113945275,-0.0325997318320448
24.63,-1.28244947805111,0.020840066633913,0.30795300336092,-0.0330650590331803
24.64,-1.30413532229037,0.0250982363141663,0.302749092607364,-0.0334860313915569
24.65,-1.32759761167223,0.0297342986034607,0.297333028541429,-0.033861898743185
24.66,-1.34732962656018,0.0341840075417581,0.291683501553902,-0.0341918056098267
24.67,-1.36567983378297,0.0387345717109238,0.285768540710521,-0.0344751355879692
24.68,-1.38519399532478,0.0436655263158369,0.279550915069812,-0.0347111388273126
24.69,-1.39997441875373,0.0484189957412221,0.272981928421034,-0.0348991334983899
24.7,-1.4125120877783,0.0532709021022198,0.265995272995187,-0.0350386413249487
24.71,-1.42549467939738,0.0584842781227771,0.258510925345248,-0.0351291423488227
24.72,-1.43282743075441,0.0635051442926504,0.250430060024922,-0.035170290103393
24.73,-1.43722839616301,0.068591114935089,0.241614835053568,-0.0351623057357569
24.74,-1.44156392869761,0.0739841571101097,0.231926129303574,-0.0351050611824079
24.75,-1.43972780681209,0.0791365304380536,0.221215808669154,-0.0349978196327241
24.76,-1.4377074282622,0.0845377303040873,0.209322557622612,-0.0348382211116337
24.77,-1.43249171316364,0.0898963158764532,0.196095086031107,-0.0346220457299113
24.78,-1.41104893708263,0.0937660957168568,0.181382569306315,-0.0343433528662413
24.79,-1.39010854613259,0.0977881214448237,0.165065513587921,-0.0339955448996647
24.8,-1.36389157392456,0.10146089738862,0.147074404880559,-0.0335692351679476
24.81,-1.33844990768239,0.105223134535915,0.127392684934585,-0.0330551061205234
24.82,-1.31101013937265,0.108813405983858,0.106077876846256,-0.0324466325728816
24.83,-1.27899763230101,0.111996161297805,0.0831590500070924,-0.0317364012237681
24.84,-1.24825430313856,0.115172537867021,0.058723133345177,-0.0309196896207955
24.85,-1.2161571359928,0.118102648993867,0.0329156308716291,-0.0299934409356805
24.86,-1.1828981450341,0.120765541091471,0.00589376079364191,-0.028954192956218
24.87,-1.14607514458559,0.122958373316741,-0.0221650452595375,-0.0277987699816023
24.88,-1.11102170410401,0.125041720623568,-0.0510434470506998,-0.0265255942618196
24.89,-1.07522395413376,0.126812674536985,-0.08048719655277,-0.0251343561759329
24.9,-1.03876799298797,0.128263083080248,-0.110220088593243,-0.0236267394653229
24.91,-0.999382530800819,0.129227684478661,-0.139936268684838,-0.022006415186671
24.92,-0.961853000624891,0.130033417015312,-0.169304859251556,-0.0202789041967274
24.93,-0.923826055257399,0.13051669127208,-0.197989134543497,-0.0184517811460769
24.94,-0.8831741701629,0.13054047929023,-0.225664628984828,-0.016534530719477
24.95,-0.844319572812585,0.130409189084239,-0.252028916757481,-0.0145378734193738
24.96,-0.805079414668991,0.129986538738627,-0.276814533915658,-0.0124732840768053
24.97,-0.763502468705834,0.12916070403588,-0.299739064824299,-0.0103501576710011
24.98,-0.723674205765851,0.128213560920167,-0.320454941361395,-0.00817271442372835
24.99,-0.683589262934842,0.127033964748643,-0.338796869948668,-0.00595112722960825
25,-0.64147008661271,0.125532043118345,-0.354710075839625,-0.00369857616208508
25.01,-0.601064995324511,0.12396366591772,-0.368226117044982,-0.00142735507917801
25.02,-0.560539355983017,0.122233300641174,-0.379460690321879,0.000851944994994784
25.03,-0.518278954458507,0.120263314772774,-0.388493851804346,0.00312861658427513
25.04,-0.477691944845706,0.11827921887314,-0.395421902915756,0.00539087124546631
25.05,-0.437104572250545,0.116196864169447,-0.400357271915873,0.0076264726602335
25.06,-0.39505853818549,0.113948543808996,-0.403418446057387,0.00982383262660015
25.07,-0.354629202837096,0.111730358285406,-0.404743153119687,0.0119713475224162
25.08,-0.312910727927947,0.109388557052218,-0.404457567095107,0.0140592359721505
25.09,-0.272759913564408,0.107100867753531,-0.402692490425268,0.0160787832055289
25.1,-0.232760947110246,0.104798348862267,-0.399543722138714,0.0180213245913234
25.11,-0.191702260624606,0.10242640446856,-0.395136986404777,0.0198804015795934
25.12,-0.152123631100063,0.100136329006014,-0.389631832399993,0.0216522150914279
25.13,-0.111621723803223,0.0978055722979345,-0.383178460834739,0.0233349098421101
25.14,-0.0725300255127905,0.0955686309662478,-0.375913786923112,0.0249273864128384
25.15,-0.0336757806574894,0.0933683968616714,-0.367956994727359,0.0264293090036512
25.16,0.00592257700800491,0.0911599188701218,-0.359416808217015,0.0278411284010798
25.17,0.0442275679208253,0.0890544777470011,-0.350394167830673,0.0291627459650765
25.18,0.0831693148941701,0.086956260055291,-0.341000668453418,0.0303938692535857
25.19,0.120897047368301,0.0849623548345535,-0.33134911199863,0.0315346773872012
25.2,0.159157596407272,0.0829863407405019,-0.321523234316579,0.0325856379086772
25.21,0.196279822830395,0.0811123254752338,-0.31160419243498,0.0335473271765436
25.22,0.233108867498954,0.0792979302826184,-0.301674149130207,0.0344204474456572
25.23,0.270316730757736,0.0775105045408347,-0.291799992322784,0.0352063989704186
25.24,0.306486496375091,0.0758162683970636,-0.28204382398958,0.0359065027744274
25.25,0.342930820874105,0.0741509722616018,-0.272462487349684,0.036522237232168
25.26,0.378392720989527,0.0725703658693695,-0.263101505105497,0.0370552424768213
25.27,0.414021253042549,0.0710182461627239,-0.253988395730809,0.0375074532973431
25.28,0.44871001331136,0.0695411373778554,-0.245139822924492,0.0378808183612935
25.29,0.483454484157681,0.0680907836460433,-0.236566006705062,0.0381771629493777
25.3,0.517295372143094,0.0667057261984397,-0.228270994641553,0.03839814758055
25.31,0.551087095718348,0.0653453530914897,-0.220251315003496,0.0385454290538843
25.32,0.584008244397908,0.0640411214374394,-0.212499167735409,0.0386205618313087
25.33,0.616781349342226,0.0627595545273773,-0.205004605796345,0.0386249756716994
25.34,0.648713906928441,0.0615258757147034,-0.19775187313439,0.0385603076070073
25.35,0.680142763656479,0.0603233977805233,-0.190731823374217,0.0384279955736801
25.36,0.711291627755693,0.0591413804073043,-0.183944725210049,0.0382296191565428
25.37,0.741643230570859,0.0579967653035323,-0.177386032174917,0.0379667405486133
25.38,0.771640912083126,0.0568713948691746,-0.171041462803025,0.0376411942617085
25.39,0.800871786056366,0.0557777895550216,-0.164878305782464,0.0372555488971397
25.4,0.82968747584911,0.0547032089605836,-0.158880995649012,0.0368115500948764
25.41,0.857768853966069,0.0536562565050937,-0.153058345266467,0.0363107497435486
25.42,0.885386964471611,0.0526284450697144,-0.147417661671054,0.0357544750889716
25.43,0.912304589028824,0.0516245845058076,-0.14196528941921,0.0351440740486207
25.44,0.938721894673921,0.0506397404532017,-0.136727694612923,0.0344817702414322
25.45,0.964472230783096,0.0496750918333211,-0.131737065269028,0.0337702294005411
25.46,0.989694068086021,0.0487281889483908,-0.127043570121835,0.0330130430753983
25.47,1.0142815820202,0.04779657145903,-0.122703099764982,0.0322149103813345
25.48,1.03832184729288,0.0468795241782615,-0.11874964735372,0.0313806515027741
25.49,1.06176071226721,0.0459716837744414,-0.115197488495542,0.0305145970646573
25.5,1.08463941023411,0.0450741078979882,-0.112076925055871,0.0296217534982387
25.51,1.1069453136423,0.0441789850378807,-0.109411300488522,0.0287074120145277
25.52,1.12868092975799,0.0432886776910721,-0.10721044705849,0.0277765401283985
25.53,1.14986693803848,0.0423934360430577,-0.105502693675288,0.0268350189686635
25.54,1.17047272076973,0.0414965282852637,-0.104295481505289,0.025888295485037
25.55,1.19054547037929,0.0405866438344134,-0.103603158123024,0.0249419869460834
25.56,1.21002678445647,0.0396677435169318,-0.103438337296825,0.0240019206619419
25.57,1.22898540441951,0.0387273092543536,-0.103800996117179,0.0230736238978646
25.58,1.24734072759968,0.0377699271762818,-0.104689283763776,0.0221626223291003
25.59,1.26517890492439,0.036782371157794,-0.106102956587989,0.0212744082945322
25.6,1.282454965358,0.0357649470074329,-0.108030896415262,0.0204140872895234
25.61,1.29911041568758,0.0347183940400066,-0.110453904143496,0.0195864330396031
25.62,1.3152511552659,0.0336292532579172,-0.113357011045394,0.0187961257988201
25.63,1.33076198807045,0.0325033232229316,-0.11671429331362,0.0180473302823999
25.64,1.34575854265075,0.0313274774013147,-0.120490816725211,0.0173436666989104
25.65,1.36011876463754,0.0301081604698627,-0.12465101080054,0.016688260426376
25.66,1.37396532591375,0.0288329103560964,-0.129161807144479,0.0160839941391301
25.67,1.38717207981515,0.0275087126443057,-0.133983169587975,0.0155332884633859
25.68,1.39986594265776,0.0261239691943622,-0.139072331954019,0.0150378988236498
25.69,1.41191883906603,0.0246862655131364,-0.144382676081921,0.0145991527830659
25.7,1.42345959402241,0.0231851017088942,-0.149867237869471,0.0142178436230772
25.71,1.43435977909138,0.0216286479027367,-0.155479552253478,0.0138942865458283
25.72,1.44474763702719,0.0200075696893292,-0.16117284511144,0.0136283985878981
25.73,1.45449539625343,0.0183305486650222,-0.166897552122472,0.0134197343717659
25.74,1.46372904918632,0.0165895502786214,-0.172596090404749,0.0132677713017189
25.75,1.47232280324795,0.0147938636639832,-0.178221317903891,0.0131711431282315
25.76,1.48039930545286,0.0129367337215365,-0.183730393162429,0.0131279977133919
25.77,1.48783553767887,0.011027801569172,-0.18908600868801,0.0131361332870839
25.78,1.49474991263928,0.00906138325135297,-0.194259329559232,0.0131931418099268
25.79,1.50102306352281,0.00704723138818984,-0.199220129177847,0.0132967339308006
25.8,1.50676883832099,0.0049806076370588,-0.203940423545187,0.0134441275976585
25.81,1.51187233206424,0.0028713901592841,-0.208381662787232,0.0136326858220969
25.82,1.51644261303871,0.000715881355953261,-0.212518812161504,0.0138591391002219
25.83,1.52036976550587,-0.00147594379986695,-0.216320465331491,0.0141205890313781
25.84,1.5237579967163,-0.00370685317420713,-0.219765863112871,0.0144133188094902
25.85,1.52650290179332,-0.00596687830858416,-0.222834425247391,0.0147337156196664
25.86,1.52870371035546,-0.00825804609733267,-0.225516630200697,0.0150779158157648
25.87,1.53030856838309,-0.0105732924141387,-0.227798275964716,0.0154422438609258
25.88,1.53127132518978,-0.0129059124155791,-0.229678715135847,0.0158229609555801
25.89,1.53168371490617,-0.0152571258713195,-0.231152790785799,0.0162166305543302
25.9,1.53145604933883,-0.017617675061284,-0.232220520417074,0.0166195297238275
25.91,1.53067500176843,-0.0199883665033511,-0.232880235424088,0.0170282664532828
25.92,1.52925677955303,-0.0223603415077185,-0.233134106254031,0.0174392754362609
25.93,1.52728297983154,-0.0247340519010954,-0.232982132990317,0.0178493247892172
25.94,1.52467564203511,-0.0271010774257153,-0.232432920553101,0.0182553317938491
25.95,1.52151146277835,-0.0294616237858311,-0.231487522555151,0.0186543559880876
25.96,1.51771824101189,-0.0318076816782472,-0.23014697320135,0.0190434599416403
25.97,1.51336790550591,-0.0341391555444392,-0.228413385829212,0.0194198352008866
25.98,1.50839391113182,-0.0364483904212809,-0.226285326613681,0.0197807979014537
25.99,1.50286368107617,-0.0387349875386569,-0.223764904210626,0.0201236518131177
26,1.49671624900506,-0.040991621996057,-0.220851699509897,0.0204459521513653
26.01,1.49001490051417,-0.0432176072906042,-0.217546164447996,0.0207453016670283
26.02,1.48270424676802,-0.0454059194488659,-0.213847949155371,0.0210195295992484
26.03,1.47484389307819,-0.047555591217155,-0.209757150627887,0.0212666021907042
26.04,1.46638405231846,-0.0496598665965255,-0.205270924005982,0.0214845278976558
26.05,1.45738108162796,-0.0517174410064204,-0.200381014050154,0.021671513068589
26.06,1.447790840636,-0.0537216836228099,-0.195079007920861,0.0218260863258882
26.07,1.43766709262892,-0.0556708493791685,-0.189355747409842,0.021946878875084
26.08,1.42697142649464,-0.0575583877615465,-0.183202543471272,0.0220321591689301
26.09,1.41575520808306,-0.0593821696707004,-0.176614676732631,0.0220799752539052
26.1,1.40398547350007,-0.0611357027300983,-0.169579842939268,0.022088645789642
26.11,1.39171142502591,-0.0628164784836102,-0.162093364994054,0.0220562502618124
26.12,1.37890540801881,-0.0644181371311652,-0.154160172464123,0.0219809680684445
26.13,1.36561473288425,-0.0659379982814896,-0.145782932783586,0.0218609182722542
26.14,1.351832731122,-0.0673708012413557,-0.136973767692407,0.021693960895681
26.15,1.33755675484586,-0.068711580839649,-0.127747233726243,0.0214783794743733
26.16,1.32283147336111,-0.0699578310058208,-0.118134881585917,0.021212889753821
26.17,1.30764125838895,-0.0711044825754471,-0.108166787293626,0.0208962526438087
26.18,1.29202932392093,-0.0721494279811641,-0.0978671476021309,0.0205275451535703
26.19,1.27598442176573,-0.0730883701991622,-0.0872803393901757,0.0201062880714376
26.2,1.25954862632322,-0.0739198461093583,-0.0764489456336969,0.0196329019071007
26.21,1.24271506322642,-0.0746405487197257,-0.0654091247451168,0.0191075730634026
26.22,1.22552478314103,-0.0752497101560867,-0.0542191124095651,0.0185312951876703
26.23,1.20797516567592,-0.0757453320430435,-0.0429559581881822,0.0179065708918044
26.24,1.19010682238718,-0.0761279204652975,-0.0316782716596068,0.0172357786476526
26.25,1.17192119161199,-0.0763968175746782,-0.0204383802549726,0.0165215520789917
26.26,1.15345812494281,-0.0765534809639881,-0.00929135954797449,0.0157667354531734
26.27,1.13472265957917,-0.0765984952062544,0.0017008732140637,0.0149754666589095
26.28,1.11575409828617,-0.076534369348947,0.012488448466315,0.0141511569226914
26.29,1.09656057022577,-0.0763628555094027,0.0230166164643022,0.0132980036776119
26.3,1.07718060607427,-0.0760873899615026,0.0332419513808906,0.0124206404545124
26.31,1.05762511181731,-0.0757107166259613,0.0431242000254144,0.0115232781840263
26.32,1.03793157029873,-0.0752369815968182,0.0526254924965411,0.0106102535455645
26.33,1.01811299256857,-0.0746697884216402,0.0617064040820683,0.00968631189577253
26.34,0.998205647548866,-0.074013954253183,0.070334098395606,0.00875575025685699
26.35,0.978224087040615,-0.0732738398611344,0.0784764487448571,0.00782336657535345
26.36,0.958203133931254,-0.0724547801212987,0.0861121694959276,0.00689371030150052
26.37,0.938158427081932,-0.0715616750612496,0.0932185190947987,0.0059710931498976
26.38,0.918123010460445,-0.0706002005188813,0.0997825484205922,0.00505993183800149
26.39,0.898113082327606,-0.0695755909643982,0.105795061759105,0.00416422289065001
26.4,0.878159639209797,-0.0684936523501552,0.111248855289389,0.00328780485883537
26.41,0.858281926246208,-0.0673598748008192,0.11614448597403,0.00243423287319462
26.42,0.838499538297709,-0.0661797470008691,0.120487992573705,0.00160680659350685
26.43,0.818839958086358,-0.0649589419466125,0.124284573498288,0.000808478014833727
26.44,0.799318612382431,-0.0637027272299615,0.127550014042446,4.19095699858156e-05
26.45,0.779960425165545,-0.0624164482023938,0.130301216624606,-0.000690563762146008
26.46,0.760779888216988,-0.0611050859236007,0.132552431686218,-0.00138697134340915
26.47,0.741799195760568,-0.059773623252865,0.134325764926977,-0.00204594020586995
26.48,0.723031537499372,-0.0584266343247995,0.135647752080847,-0.00266599468064437
26.49,0.704496388413962,-0.0570685864200506,0.136539323149352,-0.00324615995405016
26.5,0.686205513489058,-0.0557036049444735,0.13702731645469,-0.0037860417190815
26.51,0.66817543232801,-0.0543356331222467,0.137136882290393,-0.00428589915283114
26.52,0.650416027547934,-0.0529682834976525,0.136897819663236,-0.00474609471119211
26.53,0.632940841264641,-0.0516048963000558,0.136339841568196,-0.00516704433418079
26.54,0.615757953313664,-0.0502485225688833,0.135490136976277,-0.00554958274351599
26.55,0.598878073084465,-0.0489019363520796,0.134373919809983,-0.00589478987908887
26.56,0.582307411211345,-0.047567690238646,0.13301745235517,-0.00620377492450107
26.57,0.566054027597554,-0.0462480200841092,0.131447411409005,-0.00647773642226337
26.58,0.550122427261768,-0.0449449644519571,0.129688885600111,-0.00671803178912227
26.59,0.534518241006918,-0.0436602499669411,0.127764043230237,-0.00692625062734036
26.6,0.519244264071522,-0.0423954883293745,0.125692543382292,-0.00710424793685311
26.61,0.504303737273565,-0.0411519761678863,0.123497768089122,-0.00725398164857786
26.62,0.489697718476078,-0.0399308696635245,0.121204894597512,-0.00737770478597631
26.63,0.475427165440575,-0.0387329747586716,0.118835417395485,-0.00747756222311888
26.64,0.461491585733164,-0.037559029632969,0.116406754158163,-0.0075554501430051
26.65,0.447890123048833,-0.0364094820221319,0.113933617669398,-0.00761310616319833
26.66,0.434621126120859,-0.035284790257917,0.111427214321947,-0.00765220788937168
26.67,0.421682305318838,-0.034185155681959,0.10889956917861,-0.00767418615805721
26.68,0.409071016286394,-0.0331107656357601,0.106362911012462,-0.00768027690750225
26.69,0.396784404772972,-0.032061689563984,0.103828668682428,-0.00767160672803914
26.7,0.384818742393787,-0.0310377786162415,0.101306405205089,-0.00764938193803832
26.71,0.373170724555402,-0.0300389500502295,0.0988043014609401,-0.00761467130815298
26.72,0.361835948366746,-0.0290648897139853,0.0963292596506378,-0.00756835640545076
26.73,0.350810827040339,-0.0281153786374918,0.0938869839110447,-0.00751126291251225
26.74,0.340090527557878,-0.0271899887456946,0.0914819038217284,-0.00744417748870387
26.75,0.329671292742751,-0.0262884127247095,0.0891174198890515,-0.00736784742175448
26.76,0.319547983444742,-0.0254101550253092,0.0867960642830784,-0.00728298167356725
26.77,0.309716738607224,-0.0245548562884767,0.0845196684641488,-0.00719026231520634
26.78,0.300172198000905,-0.0237219881488367,0.0822889163100132,-0.0070903661239492
26.79,0.290910424754228,-0.0229111705984611,0.08010494898755,-0.00698392588940379
26.8,0.281925909295551,-0.0221218468569292,0.0779705445323702,-0.00687147899216121
26.81,0.273214703936457,-0.0213535972969657,0.0758859309282072,-0.00675360749859616
26.82,0.264771213363912,-0.0206058581346808,0.0738498287542639,-0.00663089216398484
26.83,0.256591472528743,-0.019878224252937,0.0718621879235559,-0.00650381377472465
26.84,0.248669858508333,-0.0191701348367229,0.069923718404922,-0.00637281289261485
26.85,0.241002448383712,-0.0184811754875639,0.0680339994981198,-0.00623831262824313
26.86,0.233583639234418,-0.0178107929829722,0.0661923494540731,-0.00610075556794415
26.87,0.22640953754615,-0.0171585857480622,0.0643974394387515,-0.00596059844035689
26.88,0.219474545435431,-0.0165240258236751,0.0626482462094514,-0.00581831123030839
26.89,0.212774763424157,-0.0159067318016946,0.0609434837773559,-0.00567436782482489
26.9,0.206304584046526,-0.0153062022087153,0.0592819069326786,-0.00552923029674843
26.91,0.200060079775068,-0.0147220767515674,0.0576624502755027,-0.00538336264250346
26.92,0.194035629660601,-0.0141538812440909,0.0560835331596322,-0.00523720794342651
26.93,0.188227272622735,-0.0136012811213567,0.0545437035042382,-0.00509117196824927
26.94,0.182629392578247,-0.0130638355063587,0.053041325645889,-0.0049456575612004
26.95,0.17723759969948,-0.0125412085263091,0.0515752892440792,-0.00480104794923909
26.96,0.172047477065129,-0.0120330669963268,0.0501452155898684,-0.00465771662046937
26.97,0.167053426262924,-0.0115390048884418,0.0487494814283087,-0.00451602103107281
26.98,0.1622514145255,-0.0110587384573549,0.0473874371569294,-0.00437625705839766
26.99,0.15763589143045,-0.0105918809913401,0.0460586797900488,-0.00423870439714633
27,0.153202827255025,-0.010138157298724,0.0447620200468164,-0.00410365453690577
27.01,0.148946725869256,-0.00969720465804537,0.0434961379047773,-0.00397136584829835
27.02,0.144863564246162,-0.00926877323157905,0.0422593447850166,-0.00384204782805427
27.03,0.140947936011231,-0.00885253334460247,0.0410505099006775,-0.00371586180251015
27.04,0.137195868811165,-0.00844825249889378,0.0398694018645499,-0.00359295018251468
27.05,0.133602082420727,-0.00805561340002793,0.0387153652802534,-0.00347344071765036
27.06,0.130162673967182,-0.00767439216582234,0.0375876675673049,-0.00335742090787646
27.07,0.126872511380856,-0.00730429061054904,0.0364851956014638,-0.00324492112599909
27.08,0.123727793030714,-0.00694510386872084,0.0354066157314247,-0.00313592983869573
27.09,0.12072356828635,-0.00659655985006743,0.0343512132897213,-0.00303043245654972
27.1,0.117856157040876,-0.0062584679676254,0.0333181169304717,-0.00292838795434797
27.11,0.115120804553287,-0.00593057678492331,0.0323061255716582,-0.00282972262286027
27.12,0.11251397175987,-0.00561271603529251,0.0313140566592487,-0.00273434234062568
27.13,0.110031115757649,-0.00530466248567555,0.0303402133530257,-0.00264213254334657
27.14,0.107668840356836,-0.00500627511618798,0.0293830353987946,-0.00255296588541169
27.15,0.105422814331171,-0.00471736179333653,0.0284417343984978,-0.00246668721673165
27.16,0.103289795316683,-0.00443779412448443,0.0275163293262008,-0.00238317715357434
27.17,0.101265659251725,-0.00416738502139031,0.0266067546142547,-0.00230236706235665
27.18,0.0993472880723534,-0.00390600453425097,0.0257126368426636,-0.00222414322159455
27.19,0.0975307476240035,-0.00365347849241178,0.0248328546174964,-0.00214834406629938
27.2,0.0958130663589118,-0.00340969546546193,0.0239660804955843,-0.00207478803060436
27.21,0.0941905248299193,-0.0031745093843862,0.0231109987768396,-0.00200327620739735
27.22,0.0926601187650169,-0.00294782118823333,0.0222665631971805,-0.00193360233881255
27.23,0.0912189047316421,-0.00272953803032794,0.0214321328238783,-0.00186558017021171
27.24,0.0898634729888919,-0.00251954528136654,0.0206068704164366,-0.00179902877350298
27.25,0.0885912184259396,-0.00231776914436614,0.0197909806826005,-0.00173378008982642
27.26,0.0873989144431011,-0.00212409620883316,0.0189847013557389,-0.001669690381989
27.27,0.0862840769018325,-0.00193844680154144,0.0181883170503168,-0.00160662528564177
27.28,0.0852436472161324,-0.00176070279717283,0.017402208669713,-0.00154446362882356
27.29,0.0842752520890349,-0.00159077295704235,0.0166277851580096,-0.00148310462737168
27.3,0.083375987775046,-0.00142850901287902,0.0158668723553136,-0.00142252225572332
27.31,0.082543571384595,-0.0012737991794418,0.0151187817825201,-0.00136267656039132
27.32,0.0817752276761645,-0.00112648580928096,0.0143857786873723,-0.00130351202594847
27.33,0.0810687610409255,-0.000986434903118911,0.0136675518750947,-0.00124499449443998
27.34,0.0804215292779213,-0.000853486537073159,0.0129637823349913,-0.00118709358341299
27.35,0.0798314223229495,-0.000727505147072064,0.0122749678660763,-0.00112977658362182
27.36,0.0792959252886343,-0.000608329235519024,0.0116011992011624,-0.00107301901831106
27.37,0.0788130128377151,-0.000495817886514762,0.0109426932310156,-0.00101680473455355
27.38,0.0783802911987506,-0.000389806459322559,0.0102997595200342,-0.000961128579566827
27.39,0.0779958132925644,-0.000290147049086904,0.00967271423359093,-0.000905995522820554
27.4,0.0776572971385301,-0.000196669855333389,0.00906184774507805,-0.000851418598166882
27.41,0.0773628695611182,-0.000109219466122993,0.00846759214668454,-0.000797410920651992
27.42,0.0771103585551183,-2.76188667665048e-05,0.0078903781222213,-0.000743990888590492
27.43,0.0768979660277402,4.82964196757322e-05,0.00733049206950678,-0.000691188315904093
27.44,0.0767236234479682,0.000118707828064042,0.006788054093422,-0.000639041399822807
27.45,0.0765856025448439,0.000183783904291548,0.00626321520544546,-0.000587588844703505
27.46,0.0764819346779566,0.000243708127574582,0.00575613622622277,-0.00053686997398889
27.47,0.0764109630789971,0.000298652851930017,0.00526693647839451,-0.000486925828056003
27.48,0.0763708186387024,0.000348803195973144,0.00479570145122632,-0.000437798592616054
27.49,0.0763598630126792,0.000394336257316593,0.00434247002538653,-0.000389530807650259
27.5,0.0763764886155238,0.000435429971666755,0.00390724205433762,-0.000342164410838819
27.51,0.0764189744779573,0.000472269079712438,0.00349000381298582,-0.000295740767314896
27.52,0.076485848254686,0.000505029521857889,0.0030908040103828,-0.000250303569100897
27.53,0.0765754866590349,0.000533895437490473,0.00270953671976556,-0.000205891271770023
27.54,0.076686495002015,0.000559041474962727,0.00234601964393951,-0.000162537529399899
27.55,0.0768173501745961,0.000580647331341754,0.00199997662778425,-0.000120275895923131
27.56,0.0769667378473855,0.000598883587069657,0.00167124972066259,-7.91320941555396e-05
27.57,0.0771332361797228,0.000613925405561098,0.00135960143192054,-3.91290154966038e-05
27.58,0.0773156148262126,0.000625938824924482,0.00106459563070667,-2.8687798238744e-07
27.59,0.0775125535441941,0.000635087967987065,0.000785492425029384,3.7382455427792e-05
27.6,0.0777229084187558,0.000641533128584828,0.000522851305603727,7.38742854024065e-05
27.61,0.0779454651583915,0.000645439596811986,0.000276376364996575,0.000109185699317953
27.62,0.0781791706470107,0.000646965238041457,4.56820852207084e-05,0.000143308279493341
27.63,0.0784229109504748,0.000646266498503375,-0.000169795756498625,0.000176228339755557
27.64,0.0786757169051837,0.000643492813429179,-0.000370265421230367,0.000207947884333172
27.65,0.0789365727349098,0.000638793035616395,-0.000556303604490832,0.00023846099721922
27.66,0.0792045918043653,0.000632306644534838,-0.000728515063292539,0.000267766031608527
27.67,0.0794788509898945,0.000624170262442989,-0.000887460373315432,0.000295870149564926
27.68,0.0797585459541867,0.000614512020848837,-0.00103377150516985,0.000322786715644445
27.69,0.0800428469114065,0.000603456133885752,-0.00116802033947471,0.000348535004926697
27.7,0.0803310319910899,0.000591119561029075,-0.00129071426650885,0.000373137305665832
27.71,0.0806223624155482,0.000577615995567537,-0.00140235200229622,0.000396618834256067
27.72,0.0809161966212031,0.000563052595402292,-0.0015034344616055,0.000419007032592631
27.73,0.0812118832591775,0.000547532870660995,-0.00159446086664071,0.000440330980245754
27.74,0.0815088576270862,0.000531154081437934,-0.0016759447960902,0.000460621047276565
27.75,0.0818065506171903,0.000514009421232686,-0.00174838604135529,0.000479908500878047
27.76,0.0821044614750406,0.000496186416169373,-0.00181227792424942,0.000498225064442296
27.77,0.0824021218411657,0.000477767851812079,-0.00186810390460589,0.000515602546317372
27.78,0.0826990746897831,0.000458832081714127,-0.00191633611398456,0.000532072493251979
27.79,0.0829949252060924,0.000439452379800247,-0.00195743416520434,0.000547665891251235
27.8,0.0832892827978462,0.000419697798732463,-0.0019918452091796,0.000562412934809426
27.81,0.0835818103496626,0.000399632916309857,-0.00201997171683698,0.00057634402967737
27.82,0.0838721774869589,0.000379318351910325,-0.00204225162234676,0.000589488005318163
27.83,0.0841600988252988,0.00035881018095967,-0.00205911530538653,0.000601871370654191
27.84,0.0844452966179325,0.000338160216279146,-0.00207103720530158,0.000613520731518157
27.85,0.084727530726183,0.000317415665687466,-0.00207830550943268,0.000624460214805784
27.86,0.085006569152541,0.000296622712247004,-0.00208106953374332,0.00063471061837112
27.87,0.0852822106718341,0.000275824608506325,-0.00207967710943403,0.000644292134187151
27.88,0.0855542632558208,0.000255060991124698,-0.00207444777338723,0.000653224684582797
27.89,0.0858225602902678,0.000234368710821584,-0.00206571340899313,0.000661528107500854
27.9,0.0860869450172128,0.000213780696231518,-0.00205381626820209,0.000669220455834274
27.91,0.0863472806243761,0.000193327242429768,-0.00203904490977222,0.000676320165378541
27.92,0.0866034407997445,0.000173035408771453,-0.00202166079434608,0.00068284523110869
27.93,0.0868553148424613,0.000152930259006776,-0.00200191354048929,0.00068881299967238
27.94,0.0871028028939342,0.000133033823967841,-0.00198004509928633,0.000694240369482139
27.95,0.087345816894385,0.000113366362025272,-0.00195628912992578,0.000699144098559663
27.96,0.087584280028377,9.3945216281591e-05,-0.00193087055130988,0.000703541079647485
27.97,0.0878181241273417,7.47861918593026e-05,-0.00190400006350185,0.000707448538896331
27.98,0.0880472927279792,5.59023818897301e-05,-0.00187588006202982,0.000710884127955581
27.99,0.0882717352343301,3.7308295004038e-05,-0.00184626876885262,0.000713861616235021
28,0.08849140977415,1.90455893487967e-05,-0.00180647137162619,0.000716349517302835
28.01,0.0886790425062527,-1.36901077830117e-05,-0.00443433285661963,0.000548787604006843
28.02,0.088801026853921,-7.13591436599072e-05,-0.00682548920277121,0.000383380383701466
28.03,0.0888564846251381,-0.00015185434371326,-0.00902469613195719,0.000237359870819797
28.04,0.0888446359335928,-0.000253418872946548,-0.0110589825309616,0.000110276583798284
28.05,0.0887652641841594,-0.000374483995475243,-0.0129413584565605,2.61313747199547e-06
28.06,0.0886187439646431,-0.00051356636353739,-0.0146778736490775,-8.52181474088854e-05
28.07,0.0884060026834348,-0.000669232639203237,-0.0162724084006977,-0.000152872969234696
28.08,0.0881284596179093,-0.000840075592784491,-0.017727866882251,-0.000200242307240925
28.09,0.0877879354978361,-0.0010247437100298,-0.0190523411245358,-0.000227483129377136
28.1,0.0873865300783283,-0.00122186216589938,-0.0202261405741617,-0.000235167421808395
28.11,0.0869265016888194,-0.00142976966606741,-0.0212261837136118,-0.000224460191077663
28.12,0.0864102324706684,-0.00164669002152193,-0.0220451752755963,-0.000196634395091312
28.13,0.0858402490424668,-0.00187081210967374,-0.022686727374996,-0.000153037906717697
28.14,0.0852192037459147,-0.00210042836528915,-0.0231616240976385,-9.49677066304689e-05
28.15,0.0845498607552448,-0.00233389563293032,-0.0234730487812223,-2.37984351840128e-05
28.16,0.0838350140888107,-0.00256957337185766,-0.0236205507896962,5.88990047058527e-05
28.17,0.0830774160087486,-0.00280584937190105,-0.0236092795158197,0.000151203776865625
28.18,0.0822797094569427,-0.00304115313560678,-0.0234420628292169,0.00025124687751367
28.19,0.0814444467937694,-0.00327394024925072,-0.0231219497318196,0.000357128406781746
28.2,0.0805740449806542,-0.0035027078601591,-0.0226538085113748,0.000466878523999176
28.21,0.0796707713457083,-0.00372601556035417,-0.0220454897799098,0.00057848930416769
28.22,0.0787367017537797,-0.00394250856478402,-0.0213056333621211,0.000689972295729583
28.23,0.0777737327626795,-0.00415092616218858,-0.020444395203257,0.000799430923138411
28.24,0.0767835629944589,-0.00435011382237521,-0.0194723871574818,0.000905084750170707
28.25,0.0757677147655205,-0.00453901917349627,-0.0183996785744851,0.00100527501371985
28.26,0.0747275117206554,-0.00471670461826557,-0.0172393327131136,0.00109834493434471
28.27,0.0736640923598975,-0.00488233881648486,-0.015998454499504,0.00118296638296105
28.28,0.0725784716570432,-0.00503516315632498,-0.0146861930737862,0.00125799220722088
28.29,0.07147156556616,-0.0051745287400958,-0.0133152888172708,0.00132244782730839
28.3,0.0703441813641721,-0.0052999379494418,-0.0119014090262135,0.00137549144789997
28.31,0.0691970631053778,-0.00541102645160654,-0.0104560243697257,0.00141665969589506
28.32,0.0680309561324037,-0.00550753418408768,-0.00898899232223694,0.00144574622390883
28.33,0.0668466302365811,-0.00558929682640182,-0.00750982985679147,0.00146274622515109
28.34,0.0656449198507225,-0.00565624614348541,-0.0060281847423576,0.00146782973940553
28.35,0.0644267275559409,-0.00570841053507541,-0.00455372270455232,0.00146130837476914
28.36,0.0631930478116098,-0.0057459133314457,-0.00309569483750877,0.00144362560916767
28.37,0.0619449635924925,-0.00576896675321309,-0.00166275657171819,0.00141533783820896
28.38,0.0606836624334468,-0.00577786659669672,-0.000262928043071673,0.00137709748994096
28.39,0.0594104272344991,-0.00577298443881785,0.00109650834802623,0.00132963540251801
28.4,0.0581266458589358,-0.00575476126029268,0.00240895502143773,0.00127374661162246
28.41,0.0568337989298557,-0.00572369790009195,0.00366891536652269,0.00121027694176129
28.42,0.0555334625823134,-0.00568034784797944,0.00487121624295045,0.00114009037947066
28.43,0.0542272902648806,-0.00562531323515341,0.00601145336648612,0.00106408192442854
28.44,0.0529170181290732,-0.0055592340277049,0.00708600046377398,0.000983154852626906
28.45,0.0516044356328758,-0.00548278777377931,0.00809131984311185,0.000898172506432214
28.46,0.0502913825586608,-0.00539667941556209,0.00902527091231409,0.000810002484674997
28.47,0.0489797296478649,-0.00530163113602842,0.00988632659866913,0.000719479275705957
28.48,0.047671368952015,-0.00519837901920436,0.0106733327876688,0.000627381885148322
28.49,0.046368186824143,-0.00508766708960272,0.0113854921970708,0.000534429039561279
28.5,0.0450720375827185,-0.00497025390592412,0.0120212730600254,0.000441197694623233
28.51,0.0437847205781408,-0.00484689241888549,0.0125829324198691,0.000348314129776595
28.52,0.0425079922949729,-0.00471831643995412,0.0130714992455737,0.000256317059331413
28.53,0.0412435331203067,-0.00458525656037644,0.0134870261353032,0.000165670734743685
28.54,0.0399929450830712,-0.00444844075053078,0.0138300999725398,7.68284788949888e-05
28.55,0.038757746734861,-0.00430858608198788,0.0141021907262302,-9.75878915720127e-06
28.56,0.0375393839302776,-0.00416638851074779,0.0143060375561019,-9.36342132497042e-05
28.57,0.0363392337338926,-0.0040225131647122,0.0144447541770643,-0.000174344541599886
28.58,0.0351586077764532,-0.00387759936473869,0.0145202647972333,-0.000251509849275843
28.59,0.033998735068268,-0.00373226655284442,0.0145352166406552,-0.000324772180303228
28.6,0.0328607738634306,-0.00358709874735573,0.0144935935956991,-0.000393782074724521
28.61,0.0317458121403291,-0.00344263913428764,0.0143994845578186,-0.000458254461885253
28.62,0.0306548545576852,-0.0032993912180815,0.0142567177453952,-0.000517979609928721
28.63,0.0295888176015735,-0.00315782161547829,0.0140689152995636,-0.000572816203423423
28.64,0.0285485179652252,-0.00301836111400895,0.0138396208063723,-0.000622681141558249
28.65,0.0275346712885938,-0.0028814057273937,0.0135722282829016,-0.000667548501221443
28.66,0.0265478817215508,-0.00274731728456657,0.0132703577932004,-0.000707440489083871
28.67,0.0255886492323061,-0.00261641790517712,0.0129380529286573,-0.000742398809215272
28.68,0.0246573675493824,-0.0024889928938318,0.0125787657968249,-0.000772509097638985
28.69,0.0237543265726776,-0.00236529309215923,0.0121959096983288,-0.000797890418451741
28.7,0.0228797108033545,-0.0022455361537504,0.0117927578015893,-0.000818688746469679
28.71,0.0220336047348511,-0.00212990702070224,0.0113725946019051,-0.0008350751283864
28.72,0.0212159926938833,-0.00201855776714068,0.0109386806795328,-0.000847243079082337
28.73,0.0204267653316217,-0.00191160846783162,0.0104941811372749,-0.000855405121452625
28.74,0.0196657212263665,-0.00180914802086127,0.0100421485568275,-0.000859789294213862
28.75,0.0189325743939825,-0.00171123592092481,0.00958538513330608,-0.000860637628492162
28.76,0.0182269505267172,-0.00161790800854082,0.00912602919905964,-0.000858238346485911
28.77,0.0175483958426561,-0.00152917173075062,0.00866747465570915,-0.00085283823363736
28.78,0.0168963867890088,-0.00144500530042719,0.00821205616589743,-0.00084471397888349
28.79,0.0162703328034315,-0.00136536673959942,0.00776175309498792,-0.000834138331508884
28.8,0.0156695866825185,-0.00129019505188383,0.00731817134157939,-0.000821363938410691
28.81,0.0150934519858028,-0.00121941616942464,0.00688265704403438,-0.00080663403923151
28.82,0.0145411935632582,-0.00115294014398228,0.00645692932037771,-0.000790161241013074
28.83,0.0140120487021047,-0.00109065922263395,0.00604273238546416,-0.000772149135433233
28.84,0.0135052323474785,-0.00103245010994825,0.00564148737310186,-0.000752794464665803
28.85,0.0130199448333927,-0.000978176608915788,0.00525436839729423,-0.000732284628292718
28.86,0.012555376681231,-0.000927692264036214,0.00488228418667097,-0.000710796299886145
28.87,0.0121107147671973,-0.000880842664816215,0.00452594860715912,-0.000688494893560983
28.88,0.0116851477746538,-0.000837467178499545,0.00418590729434754,-0.000665534779495109
28.89,0.0112778696870937,-0.000797400644889918,0.0038625404390091,-0.000642059450920603
28.9,0.0108880848610617,-0.000760474877596455,0.00355609238924862,-0.000618201932478646
28.91,0.0105150104219511,-0.000726519919043717,0.0032666837586207,-0.00059408533786692
28.92,0.0101578801600821,-0.000695365247463378,0.0029943232784862,-0.000569823445522594
28.93,0.00981594606855829,-0.000666840801661774,0.00273891880627253,-0.000545521270385567
28.94,0.00948848120157209,-0.000640777953365137,0.00250029224056198,-0.000521275623493952
28.95,0.0091747804691904,-0.000617010149637737,0.00227820556479224,-0.000497176056360379
28.96,0.00887416238952454,-0.000595373742723525,0.00207233614852821,-0.0004733061139496
28.97,0.00858596944297574,-0.000575708476620744,0.00188232105224348,-0.000449740610753309
28.98,0.00830957015495937,-0.000557858438538857,0.0017076740110142,-0.000426545824197054
28.99,0.00804436004451237,-0.000541671820705863,0.00154808175353698,-0.000403772641018265
29,0.0077897643807443,-0.000527001478727367,0.00140283013572331,-0.000381472205231518
29.01,0.00754523389371364,-0.000513708176143048,0.00127122510266174,-0.000359694571430698
29.02,0.00731024627148891,-0.000501658121309885,0.00115278649342181,-0.000338478930038746
29.03,0.00708430591790776,-0.000490722259589141,0.00104703182683074,-0.000317861932648082
29.04,0.00686694290458689,-0.000480776757204198,0.000953402782198787,-0.00029788154689172
29.05,0.0066577106648138,-0.000471703766864395,0.00087127063315976,-0.000278576399675483
29.06,0.00645618462410624,-0.000463391984854973,0.000799965268588291,-0.000259983909387023
29.07,0.00626196018040659,-0.000455737231200665,0.000738712620073388,-0.000242142997428472
29.08,0.0060746503666369,-0.000448642816050753,0.000686887232642653,-0.000225088062800502
29.09,0.00589388751221076,-0.000442017331690304,0.000643927152939607,-0.000208842190651831
29.1,0.00571932218225335,-0.000435776088627812,0.000609096129771961,-0.000193429615882988
29.11,0.00555062179216037,-0.00042984205485097,0.000581625680018583,-0.000178868403527804
29.12,0.00538747076793111,-0.000424145577375046,0.000560807680414607,-0.000165168304606843
29.13,0.00522957064575902,-0.000418623716706294,0.000545998642754815,-0.000152331399799986
29.14,0.00507664023745313,-0.000413219709184829,0.00053659882187931,-0.000140353449821182
29.15,0.00492841552386736,-0.000407882638760378,0.000532033458442286,-0.000129225024981949
29.16,0.00478464925706046,-0.000402567245708053,0.000531744035959739,-0.000118932217190757
29.17,0.0046451106364751,-0.00039723377010648,0.000535187555270736,-0.000109457058846388
29.18,0.00450958477499164,-0.000391847786656653,0.000541839182962245,-0.000100777824350724
29.19,0.00437787227114139,-0.000386379990940283,0.000551197587926664,-9.28693404024024e-05
29.2,0.00424978864581149,-0.000380805965571079,0.000562785020384812,-8.57033354714737e-05
29.21,0.00412516381961492,-0.000375105947746388,0.000576139223832198,-7.92490441470444e-05
29.22,0.00400384110250407,-0.000369264690413163,0.000590840140911605,-7.34758008898263e-05
29.23,0.00388567612028545,-0.000363270762602388,0.000606512691383254,-6.83517877180334e-05
29.24,0.00377053622263102,-0.000357116406619984,0.000622808164814261,-6.38432810402291e-05
29.25,0.00365829971955467,-0.000350797474768053,0.000639339598906459,-5.99175257245224e-05
29.26,0.00354885499161295,-0.000344313112905236,0.000655864343115141,-5.65372399214174e-05
29.27,0.00344210110695276,-0.000337664677346323,0.00067213391192254,-5.36640294894441e-05
29.28,0.00333794738712889,-0.000330855860342924,0.000687943655788216,-5.12550864911939e-05
29.29,0.00323631304062921,-0.000323893331919044,0.000702900010066557,-4.9272626560629e-05
29.3,0.00313712569569446,-0.000316787121696135,0.000716764254619735,-4.76740767845319e-05
29.31,0.00304032223000394,-0.00030954885020533,0.000729416408604501,-4.64140097416256e-05
29.32,0.00294584827378142,-0.000302191214940802,0.000740748083261931,-4.54496688101388e-05
29.33,0.00285365699727436,-0.000294728071629617,0.000750645113054381,-4.47411549916077e-05
29.34,0.00276370817594795,-0.000287174275420593,0.000759016796783527,-4.42511072844234e-05
29.35,0.00267596713406704,-0.000279545518227707,0.000765785788220026,-4.39449800161172e-05
29.36,0.00259040385000464,-0.000271858160886075,0.0007708947449042,-4.37909197953632e-05
29.37,0.00250699202414584,-0.000264129036438044,0.000774304135904996,-4.37596735055138e-05
29.38,0.00242570834684575,-0.000256375257013436,0.000775995956183342,-4.38245283850314e-05
29.39,0.00234653170555443,-0.000248614009141861,0.000775970666564261,-4.39612757328882e-05
29.4,0.00226944258180772,-0.00024086238234055,0.000774245676968594,-4.41481476272949e-05
29.41,0.00219442243185952,-0.000233137207145105,0.000770853555581895,-4.4365736357498e-05
29.42,0.00212145313182077,-0.000225454911065722,0.000765840244731728,-4.45968961858818e-05
29.43,0.00205051657597455,-0.000217831399990749,0.000759263305791744,-4.48266286354948e-05
29.44,0.0019815942399779,-0.000210281912137951,0.000751194705469502,-4.50416580192871e-05
29.45,0.00191466697047549,-0.000202821049809164,0.000741697640440116,-4.52308561678025e-05
29.46,0.00184971445899063,-0.000195462569143772,0.000730863716879948,-4.5385280983341e-05
29.47,0.00178671504623296,-0.000188219379590861,0.000718780274556053,-4.54978307293364e-05
29.48,0.00172564545855192,-0.000181103444975873,0.00070554398135943,-4.55628310647936e-05
29.49,0.00166648079821652,-0.000174125755058223,0.000691253167139225,-4.55757947752239e-05
29.5,0.00160919444816798,-0.000167296311453506,0.000676006452845647,-4.55332761606751e-05
29.51,0.00155375817968118,-0.000160624101041021,0.000659914977735577,-4.54322230298387e-05
29.52,0.00150014263812803,-0.000154116840131545,0.00064309696412793,-4.52685454025555e-05
29.53,0.00144831706073223,-0.000147781650720753,0.000625577302803973,-4.50426184728088e-05
29.54,0.00139824886028261,-0.000141625037614224,0.000607468621441452,-4.47533797379333e-05
29.55,0.00134990453092954,-0.000135652057965963,0.000588914317723214,-4.43994133725418e-05
29.56,0.00130324939779936,-0.000129866605146467,0.000570011679064238,-4.39820172465833e-05
29.57,0.00125824744545255,-0.000124271741550999,0.000550835847904385,-4.35036751887898e-05
29.58,0.00121486128962367,-0.000118869798098664,0.000531459610682563,-4.29671961269563e-05
29.59,0.00117305239539434,-0.000113662378273403,0.00051195626981192,-4.23754479218798e-05
29.6,0.00113278120463622,-0.000108650344008418,0.00049239995626985,-4.17313426130924e-05
29.61,0.00109400737948118,-0.000103833812459521,0.000472866815736002,-4.1037792830153e-05
29.62,0.00105669001115505,-9.92121670286367e-05,0.00045342321018528,-4.02973092020622e-05
29.63,0.00102078790213422,-9.47841716519213e-05,0.000434131483618773,-3.95124083166445e-05
29.64,0.000986259652718147,-9.05480011234479e-05,0.000415046279680736,-3.8685740772603e-05
29.65,0.000953063798183607,-8.65013079407654e-05,0.000396218537774523,-3.78202397583545e-05
29.66,0.000921158815535783,-8.26412461622091e-05,0.000377697446127164,-3.69191143968465e-05
29.67,0.000890503230842832,-7.89644939777302e-05,0.000359528717762145,-3.59857937120885e-05
29.68,0.00086105567184358,-7.54672921734101e-05,0.000341754747344474,-3.50238602479982e-05
29.69,0.00083277492673961,-7.21454776513916e-05,0.000324413998632894,-3.40370063975415e-05
29.7,0.000805620059585621,-6.89945289656051e-05,0.000307539535721407,-3.30290162741008e-05
29.71,0.000779550387393968,-6.60096295377989e-05,0.000291160615326699,-3.20040666317748e-05
29.72,0.000754525515315407,-6.31856527369711e-05,0.000275306596349761,-3.09664972976698e-05
29.73,0.000730505297295458,-6.05172614730728e-05,0.000259990476958605,-2.9921235221884e-05
29.74,0.000707449813823757,-5.7998944422547e-05,0.000245242829872217,-2.88727298215266e-05
29.75,0.000685319681928753,-5.56248453416814e-05,0.000231088908252358,-2.78249568377695e-05
29.76,0.000664076051826612,-5.33890052434373e-05,0.000217531384506542,-2.67822447402402e-05
29.77,0.000643680630100896,-5.12854665037926e-05,0.000204568971258435,-2.57484123252273e-05
29.78,0.000624095871823549,-4.93082838269146e-05,0.000192200777450812,-2.47266292851661e-05
29.79,0.000605285101989317,-4.74515189553914e-05,0.000180425907948799,-2.37194845299876e-05
29.8,0.000587212680919436,-4.57092482806843e-05,0.000169242527245635,-2.27290793553508e-05
29.81,0.000569844128229136,-4.40755398126057e-05,0.000158654615753253,-2.17566550139243e-05
29.82,0.000553146313194475,-4.25444985040778e-05,0.000148647248201068,-2.08034678024068e-05
29.83,0.000537087337007414,-4.111040260964e-05,0.000139207974527401,-1.98704692625688e-05
29.84,0.000521636709068574,-3.97675951081818e-05,0.000130332476316232,-1.89580580490275e-05
29.85,0.00050676534387506,-3.85104740026049e-05,0.000122013477529455,-1.80666705646873e-05
29.86,0.000492445535313024,-3.73335362514238e-05,0.000114239167634687,-1.71968710842193e-05
29.87,0.000478650868356745,-3.62314160470053e-05,0.000106994331509662,-1.63493127378131e-05
29.88,0.000465356183759091,-3.51989130535356e-05,0.000100261613389373,-1.55246893206158e-05
29.89,0.000452537500681416,-3.42310087742764e-05,9.40218769474464e-05,-1.47236989024625e-05
29.9,0.000440171989716021,-3.33228775967342e-05,8.82567451154259e-05,-1.39470240705883e-05
29.91,0.000428237903435935,-3.24698834327103e-05,8.29456794026698e-05,-1.31953231045007e-05
29.92,0.000416714552680553,-3.16675974121511e-05,7.80684074999164e-05,-1.24692066460386e-05
29.93,0.000405582243704572,-3.09117946148394e-05,7.36043229827754e-05,-1.1769233047965e-05
29.94,0.000394822254139449,-3.01984573269496e-05,6.953266208642e-05,-1.10958988343479e-05
29.95,0.000384416806405774,-2.95237597943786e-05,6.58369912504179e-05,-1.04494011186733e-05
29.96,0.000374349112870043,-2.88840471212627e-05,6.24948717695785e-05,-9.82980097552566e-06
29.97,0.000364603267319907,-2.82759434606134e-05,5.94791230350502e-05,-9.23729276175427e-06
29.98,0.000355164238793115,-2.76962891913064e-05,5.67714987124382e-05,-8.67165912913704e-06
29.99,0.000346017888826822,-2.71420926762929e-05,5.435567482167e-05,-8.13263427756437e-06
30,-0.000130546986489399,-0.0035156082840255,5.22140512052955e-05,-7.6200403851353e-06
30.01,-0.000761156981786471,-0.00584945563372589,-0.00304486652957226,-0.000299903880192501
30.02,-0.00170775933970546,-0.00817552412700129,-0.00535032481840626,-0.000584048629738935
30.03,-0.00295793461296068,-0.0105279795609857,-0.00666872209296126,-0.000821287257078387
30.04,-0.00451269897774687,-0.0128432658716032,-0.00692885858807827,-0.00101173327701364
30.05,-0.00644612648370924,-0.015223718401835,-0.00610819255250388,-0.00115801208309414
30.06,-0.00886705922135533,-0.0176099876715036,-0.00423041091953409,-0.00126476795432952
30.07,-0.0118997112870494,-0.0201370392583795,-0.00134904447494081,-0.0013375611422323
30.08,-0.0156806047446896,-0.0227083509279401,0.00245990928061717,-0.00138241697686228
30.09,-0.0203380516676939,-0.0254747937229955,0.0071359578814146,-0.00140415894802825
30.1,-0.0260016610575331,-0.0282918972488243,0.0126183281643645,-0.00140743394598106
30.11,-0.0327541908637023,-0.0313171834178687,0.018880012691943,-0.00139612939570119
30.12,-0.0406977500984533,-0.0343578909234524,0.02575479542764,-0.00137318135280749
30.13,-0.0498472240163057,-0.0375842674162729,0.0333390223694691,-0.0013406297247349
30.14,-0.0602961993880351,-0.0407632825682907,0.0417426275943001,-0.00130295509069014
30.15,-0.0719904161505118,-0.0440861346668104,0.0506830532843762,-0.00126395610527905
30.16,-0.0850461737692321,-0.0472918590763223,0.0602336227475015,-0.00122664622439522
30.17,-0.0993343437863548,-0.0505990300973562,0.0703172978831672,-0.00119488557141943
30.18,-0.115022727301828,-0.0537226133801957,0.0809153103990755,-0.00117247538539942
30.19,-0.131897141411559,-0.0569109902477292,0.0919009544898912,-0.00116386289676577
30.2,-0.150202084569325,-0.0598581865415584,0.103231567148312,-0.00117425605391343
30.21,-0.169621826829609,-0.0628414971586784,0.114896335537163,-0.00120838350657322
30.22,-0.190497190317566,-0.0655337604717944,0.126706202371227,-0.00127055221966995
30.23,-0.212389934121314,-0.0682408370136028,0.138621270961633,-0.00136490164654338
30.24,-0.23575592919781,-0.0706153625274126,0.150536220712915,-0.00149657872037301
30.25,-0.260015656588355,-0.0729900436416756,0.16234675676135,-0.00166959844639056
30.26,-0.285759309370906,-0.0749982299543345,0.17394948789529,-0.00188731385799016
30.27,-0.312248873213107,-0.0769987506927684,0.185240617499798,-0.00215210810287071
30.28,-0.340227807365014,-0.0786067475990615,0.196146064429987,-0.00246528272954347
30.29,-0.368784778048136,-0.0802059049590539,0.206615638480488,-0.002825968829037
30.3,-0.398285382356634,-0.0816009703291259,0.216606558616651,-0.00323262798822048
30.31,-0.42927975262908,-0.0825766059287787,0.226050536698368,-0.0036829377891401
30.32,-0.460569029176919,-0.0835522313376277,0.234899771067473,-0.00417366692484326
30.33,-0.493351921043963,-0.0840982768624348,0.243114740694824,-0.00470165940396275
30.34,-0.526223325430379,-0.0846553171568695,0.250660536206688,-0.00526314878278807
30.35,-0.560590720772188,-0.0847778646398282,0.257529888506861,-0.00585414956617505
30.36,-0.594836242712711,-0.084925917558677,0.263740507958191,-0.00647063522324931
30.37,-0.629665383498901,-0.0848773399282187,0.269294485036562,-0.00710858333565998
30.38,-0.66601065223387,-0.0843927596517427,0.274204716682068,-0.00776421826429486
30.39,-0.701920138814047,-0.0839596232565907,0.278477078645348,-0.00843346522823085
30.4,-0.738272285603321,-0.0833439420155212,0.282155676241285,-0.00911292337662074
30.41,-0.776183126207893,-0.0822959332812284,0.285223399583619,-0.00979944626925912
30.42,-0.813352639472464,-0.081327239551572,0.287661206137111,-0.0104895813541979
30.43,-0.852121773820395,-0.0799320465848146,0.289469933082225,-0.011180136167106
30.44,-0.889952774949132,-0.0786353489176869,0.290647823940093,-0.0118668247623633
30.45,-0.928030231041837,-0.0771863210035418,0.291231722271497,-0.0125452729296567
30.46,-0.96778693518582,-0.075321092110656,0.291279172568757,-0.0132121227642956
30.47,-1.00632117902703,-0.0735821222860977,0.290829402251936,-0.0138637947170823
30.48,-1.04500716810078,-0.0717082484363872,0.289921471540225,-0.0144967557820457
30.49,-1.0854704225234,-0.0694274173716758,0.288602008980363,-0.0151081704885938
30.5,-1.12444010905912,-0.0672961008219287,0.286911412017836,-0.0156953173729742
30.51,-1.1634822972427,-0.0650443749196613,0.28488332454483,-0.0162554906524842
30.52,-1.20441538067069,-0.0623936654255054,0.282553596587787,-0.016786284463226
30.53,-1.24359612918227,-0.059910998533075,0.279959756537406,-0.0172856838778697
30.54,-1.28278309853866,-0.0573193628192036,0.277135061255236,-0.0177520282959859
30.55,-1.32195705615635,-0.0546218021985348,0.274115128760925,-0.0181840576497753
30.56,-1.36319282468831,-0.0515332205632062,0.270929573000641,-0.0185806024122743
30.57,-1.40234868350859,-0.0486302543243478,0.267607768662365,-0.0189407298487522
30.58,-1.44143413952857,-0.0456283082837507,0.264178964172622,-0.0192637551408075
30.59,-1.48270382265079,-0.0422396450720736,0.260670956383833,-0.0195492851311635
30.6,-1.52162564260924,-0.0390418855207249,0.25711114900324,-0.0197971940280543
30.61,-1.5603738508117,-0.0357466059352235,0.253525969164558,-0.0200075333605495
30.62,-1.60135737347641,-0.0320648207575918,0.249941271748435,-0.0201805784434284
30.63,-1.63962977317819,-0.0285704434437386,0.246377575127563,-0.0203167990753714
30.64,-1.67748909449422,-0.0249725154279441,0.242852689400591,-0.0204168303135894
30.65,-1.71478647242779,-0.0212664953408417,0.23938514227481,-0.0204814909523617
30.66,-1.75402120618903,-0.0171625292147139,0.235994987312806,-0.0205117587968076
30.67,-1.7895919160959,-0.0132227052443878,0.232705316920413,-0.0205087446612081
30.68,-1.82386104700622,-0.00915586280981442,0.229514650921799,-0.0204759999555914
30.69,-1.85938720942203,-0.00467936628560499,0.226403335844446,-0.0204168600170013
30.7,-1.89020186265298,-0.00034790510219751,0.223407445270964,-0.0203308777006199
30.71,-1.91882439723867,0.00411846013778336,0.220562446162526,-0.0202184978522012
30.72,-1.94796648076602,0.00898700948786552,0.217887978933829,-0.0200810504920482
30.73,-1.9714934316487,0.0137103211540765,0.215389672369482,-0.0199203282295955
30.74,-1.99215500818967,0.018552843948325,0.213067733561768,-0.0197383898849345
30.75,-2.0128408540903,0.0237640480088682,0.210917051085253,-0.0195377238903426
30.76,-2.02743599013,0.028807559182675,0.208925429491017,-0.0193214880149535
30.77,-2.04195404272156,0.0341827463470299,0.207057234297643,-0.0190933118011713
30.78,-2.0431913076596,0.038440542148665,0.205247886494057,-0.0188574458007193
30.79,-2.03894654707463,0.042506643630717,0.20342620021209,-0.0186176340994152
30.8,-2.03531823427552,0.0468556121499912,0.201538717929735,-0.0183764840353003
30.81,-2.02944978969859,0.0512329418425653,0.199542793572805,-0.0181355964525389
30.82,-2.0186452958168,0.0554092498729613,0.197398281645964,-0.0178964628401439
30.83,-2.00884997694163,0.0598175668934798,0.19504681416049,-0.017660785157773
30.84,-1.99736296488753,0.0642198297072415,0.192400788541878,-0.0174302047449095
30.85,-1.9816690994761,0.068403095216899,0.189360858359959,-0.0172063273344618
30.86,-1.96740322648535,0.0727610814288644,0.185819721351244,-0.016990731250599
30.87,-1.95195402692778,0.0770737655623671,0.181660643191798,-0.0167849822467285
30.88,-1.93543667630621,0.0813278657975309,0.176755597540754,-0.016590930924654
30.89,-1.91545729164971,0.0853343148991389,0.170957716347837,-0.0164098682055148
30.9,-1.89709228701797,0.0894361657110831,0.164110756973616,-0.016242386189073
30.91,-1.87784184025833,0.0934368880787291,0.156097111376337,-0.0160865379458792
30.92,-1.85541874028334,0.0971634492880415,0.146838151088175,-0.0159371297626218
30.93,-1.83450154401016,0.100923178137149,0.136293355154836,-0.0157871007928005
30.94,-1.812729203566,0.104537321978215,0.12446473179157,-0.0156283565695186
30.95,-1.78796923618264,0.107850173560509,0.111361111240504,-0.0154527901292365
30.96,-1.76455207144554,0.111136897434668,0.0970122914917111,-0.015252163580546
30.97,-1.74029723948487,0.114237202500366,0.0814859850785535,-0.0150189980251959
30.98,-1.71325853303858,0.117013177253191,0.0648758274332048,-0.0147469455444506
30.99,-1.68744484621774,0.119711138040055,0.0472740416559787,-0.0144307085417894
31,-1.6608677747107,0.122189999212707,0.0288115411310993,-0.0140663375469298
31.01,-1.63176994946546,0.12433024428034,0.00964083411668013,-0.0136516639489159
31.02,-1.60383939663259,0.126352846713815,-0.0100969729168764,-0.0131853393176064
31.03,-1.57527063322767,0.128136358414073,-0.0302439459887382,-0.0126670649522254
31.04,-1.54448145641267,0.129579616523449,-0.0506434361980263,-0.0120972490946965
31.05,-1.51483428440767,0.130880865859682,-0.0711339984109539,-0.0114773153196093
31.06,-1.48469471641977,0.131937586266556,-0.091554239330893,-0.0108095864584923
31.07,-1.45264514197428,0.132666199935141,-0.111746939858987,-0.0100970878173459
31.08,-1.42172475947291,0.133244124743095,-0.131568517840137,-0.00934412501901867
31.09,-1.38909835099655,0.133509083775745,-0.150880750922933,-0.00855549532397269
31.1,-1.35759248240915,0.133625625627259,-0.169562279778847,-0.00773690807591011
31.11,-1.32583999664091,0.133519235000754,-0.18751287840937,-0.00689447047185504
31.12,-1.29267806826105,0.133131554398091,-0.204634666193809,-0.00603359718576156
31.13,-1.260622828043,0.132607636009393,-0.220847333667398,-0.00515974277471042
31.14,-1.22734651580891,0.131827439076902,-0.236087874714984,-0.00427799589781291
31.15,-1.19516322542514,0.130923582519101,-0.250313779030871,-0.00339360276389148
31.16,-1.16295371721651,0.129843426780615,-0.263491026013692,-0.00251094813595251
31.17,-1.12978899828865,0.12854769548566,-0.275595459573492,-0.00163409047832856
31.18,-1.09769119322137,0.127150482429676,-0.286594800408947,-0.00076567946648567
31.19,-1.0648042347668,0.125565803786253,-0.296427120490509,9.38624785742603e-05
31.2,-1.03296284310375,0.123896815654097,-0.305095657200454,0.000941550301988332
31.21,-1.000490086117,0.122068913912569,-0.312639996262441,0.00177207482701793
31.22,-0.969041076666507,0.120173374093233,-0.319131173204657,0.00258046171450343
31.23,-0.937817410773043,0.118178718366237,-0.324633474903433,0.00336255290104673
31.24,-0.906190690237255,0.116063162179274,-0.329212344686103,0.00411626206637874
31.25,-0.875560774380517,0.113900553156622,-0.332929113697457,0.00483910533306359
31.26,-0.844674637005796,0.111638595930552,-0.335824530155221,0.00552779526087056
31.27,-0.814772052129164,0.109341075977966,-0.337935306275372,0.00618129006525756
31.28,-0.784758434112963,0.106963688685251,-0.339300392440928,0.00679859747668912
31.29,-0.755720510820183,0.104560893949356,-0.339976934985491,0.00737972781530574
31.3,-0.726709676437217,0.102095601525194,-0.339998646411799,0.00792537477478061
31.31,-0.698663400526121,0.0996137887891858,-0.339420979128199,0.00843628097373595
31.32,-0.670768131209122,0.0970848760768679,-0.338297186039094,0.00891425644025023
31.33,-0.643821566945517,0.0945468108940781,-0.336670073787655,0.00936071769918804
31.34,-0.617444226531994,0.0919873049175697,-0.334587761533707,0.00977713424860361
31.35,-0.59137633936305,0.0893999615324666,-0.332102517088842,0.0101651371143287
31.36,-0.566223866083861,0.0868120336126624,-0.329263004640585,0.0105265235898623
31.37,-0.541465472215462,0.0842064360797598,-0.326145083807407,0.0108639567510556
31.38,-0.517592212322976,0.0816038585506922,-0.322796854274592,0.0111792966482511
31.39,-0.494180751401815,0.0789915963217456,-0.319241835615506,0.01147367427298
31.4,-0.471618690258957,0.0763851961493973,-0.315495883290481,0.0117479657244894
31.41,-0.449570233469384,0.0737763721870966,-0.311576843589849,0.0120025406268211
31.42,-0.428330677098755,0.0711762552645254,-0.307506852398672,0.0122380668666404
31.43,-0.407641666355962,0.0685803783734814,-0.303295879474378,0.0124545392535249
31.44,-0.387717836212211,0.0659962491059995,-0.298922209850125,0.0126526880580407
31.45,-0.368368576094371,0.063423341623661,-0.294369062890462,0.0128327530284992
31.46,-0.349739661109504,0.0608663961792234,-0.289638945094903,0.0129933872738486
31.47,-0.331700018785945,0.0583279597084723,-0.284739491893552,0.0131330127693362
31.48,-0.314336914294948,0.0558101012500292,-0.279670100852547,0.013250402601532
31.49,-0.297569428671645,0.0533179953104375,-0.274429521279298,0.013344379568578
31.5,-0.281435939509731,0.0508515587620302,-0.269019034885915,0.0134139595291108
31.51,-0.265899830885781,0.0484180351088659,-0.263437055431193,0.0134584322029338
31.52,-0.250959647720252,0.046015519969608,-0.2576815560756,0.0134771378015234
31.53,-0.236616112959098,0.0436529536152327,-0.251745482729348,0.0134696065267678
31.54,-0.222835746059298,0.0413270021287959,-0.245628803566147,0.0134350684936288
31.55,-0.209651079053595,0.039047859213378,-0.239324709388117,0.0133730682668073
31.56,-0.197002920774377,0.0368111253812482,-0.232819387597976,0.0132840835044704
31.57,-0.184949488217429,0.0346279645212573,-0.226133692999767,0.0131682071557637
31.58,-0.173410278297933,0.0324927394636401,-0.219289435515133,0.0130252009767861
31.59,-0.162415753007938,0.0304122582871506,-0.212296649671195,0.0128550807763951
31.6,-0.152012881070739,0.0283936460217874,-0.205168231750009,0.0126575984278835
31.61,-0.142096730248445,0.0264299801831218,-0.197919672224632,0.0124328079260532
31.62,-0.132767412098497,0.0245326342659804,-0.190569367779396,0.0121816444817159
31.63,-0.1239071389562,0.0226939784141525,-0.183140017870636,0.0119048834603819
31.64,-0.115624713613229,0.0209250459061084,-0.175649479754681,0.0116034368968015
31.65,-0.107791940530468,0.019217699324901,-0.168113844696348,0.0112790122562606
31.66,-0.100522233362483,0.017582538436196,-0.160559281840796,0.010933396721474
31.67,-0.0936794806322201,0.0160109582829328,-0.153005973547499,0.01056831434507
31.68,-0.0873792594661875,0.014512964444641,-0.145470140701441,0.0101856026768267
31.69,-0.0814803152921275,0.0130796472533984,-0.137984366110934,0.00978734077803101
31.7,-0.0760981566935133,0.0117201424228804,-0.130577163667363,0.00937603551724274
31.71,-0.0710886057959961,0.0104252096793052,-0.123263838794709,0.00895396520787951
31.72,-0.066565838765694,0.00920324954999561,-0.116062792221656,0.00852340625398031
31.73,-0.0623854013354723,0.00804485636934876,-0.109004607113477,0.00808666430218751
31.74,-0.058659351344108,0.00695743540661213,-0.102116440261759,0.00764629490685282
31.75,-0.0552448033168638,0.00593134672926673,-0.0954169514298507,0.0072046742329678
31.76,-0.0522508789511384,0.00497312799680231,-0.0889208006907882,0.0067641516384031
31.77,-0.0495375895375592,0.00407318819744176,-0.0826381419667069,0.0063271021875247
31.78,-0.0472104516549052,0.00323732319569375,-0.0765829214410852,0.00589549733909842
31.79,-0.0451334704056041,0.00245604513887596,-0.0707672712174341,0.00547130606968985
31.8,-0.0434081246971925,0.00173441376769152,-0.0651968550501093,0.00505658929903378
31.81,-0.0419030561107796,0.00106320243882925,-0.0598734476888987,0.00465311426695126
31.82,-0.0407152926811118,0.000446894898872269,-0.0548045351625029,0.0042622491325633
31.83,-0.0397187666907275,-0.00012348699165104,-0.0499970646384938,0.00388552687945109
31.84,-0.0390059175500674,-0.000644054197796375,-0.0454496365775567,0.00352409851542047
31.85,-0.0384562945587472,-0.00112336928601343,-0.0411551200908667,0.00317893452972948
31.86,-0.0381082588640744,-0.00156070845116316,-0.0371117642276863,0.00285069750650736
31.87,-0.03799508621114,-0.00195581068702017,-0.0333194889242298,0.00253980586351077
31.88,-0.03800539153203,-0.00231654549987497,-0.0297719166850148,0.00224650707706911
31.89,-0.0382197461282772,-0.00263995704632138,-0.0264585961740906,0.0019708492403885
31.9,-0.0385332114384855,-0.00293333165041,-0.0233689651186254,0.00171267269376062
31.91,-0.0390218499966579,-0.00319392835858161,-0.0204947347589443,0.00147170116964834
31.92,-0.0395873777206859,-0.00342847123831417,-0.0178250723777697,0.00124754027877708
31.93,-0.0403015596056253,-0.00363442502633663,-0.0153520627820834,0.00103956533750185
31.94,-0.0410728931519628,-0.00381796650169433,-0.0130646048099455,0.000847213308705614
31.95,-0.041969036528938,-0.00397672535118919,-0.0109508201668939,0.000669824150587968
31.96,-0.0429052106681613,-0.00411629833958398,-0.00899899339220585,0.00050661712972461
31.97,-0.0439451455399773,-0.00423444407231202,-0.00719883830992535,0.000356745959607295
31.98,-0.0450106685735747,-0.00433622015334585,-0.00554013377535043,0.000219283109542101
31.99,-0.0461617456093535,-0.00441952249243499,-0.0040132781521148,9.32503262314526e-05
32,-0.0473265863185208,-0.00448890405651639,-0.00260925451482188,-2.23303357321121e-05
32.01,-0.0485615121811644,-0.00454240549936363,-0.0013202795148082,-0.00012851641462261
32.02,-0.0498008025536691,-0.00458410574376037,-0.000135527042105192,-0.000226215224876137
32.03,-0.0510971852683255,-0.00461215461076546,0.000953079110002042,-0.000316375178766972
32.04,-0.0523906094128783,-0.00463018554031372,0.00195154800422085,-0.000399908882717509
32.05,-0.0537302692172563,-0.00463650528419906,0.00286559148333389,-0.00047764021550235
32.06,-0.055061382231381,-0.00463436031404099,0.00370218992988821,-0.000550286767468586
32.07,-0.0564296326513194,-0.00462218756511106,0.00446796796572043,-0.000618514743626781
32.08,-0.0577851045716038,-0.00460284992387649,0.00516918569690727,-0.000682917659201793
32.09,-0.0591700237196768,-0.00457490727520797,0.00581135532176754,-0.000743989751252065
32.1,-0.0605389399109999,-0.00454087778781988,0.00639928194313732,-0.000802134864229916
32.11,-0.0619306794112493,-0.00449945582058073,0.00693695424034718,-0.000857670105669049
32.12,-0.0633039029598645,-0.00445286077244426,0.00742779800286539,-0.000910828196657947
32.13,-0.0646767020157206,-0.00440066696360169,0.00787471498924846,-0.000961776851066448
32.14,-0.0660638448582969,-0.00434262830652417,0.00828014699763012,-0.00101063433462953
32.15,-0.0674295774358349,-0.00428057965069883,0.00864636474624672,-0.00105746184772991
32.16,-0.0688047566538721,-0.0042135844428739,0.00897544617302567,-0.0011022804019536
32.17,-0.0701570107377005,-0.00414325699243245,0.00926925428098052,-0.00114508487520414
32.18,-0.0715142799132078,-0.00406879749207461,0.00952965725779632,-0.00118583711539585
32.19,-0.0728473434142263,-0.00399162166372337,0.00975794153069158,-0.00122450015128349
32.2,-0.0741814331176034,-0.0039110628616918,0.00995540477385158,-0.00126103093759502
32.21,-0.0754902531889865,-0.00382835898821954,0.0101237529891352,-0.00129537626628637
32.22,-0.0767965155349621,-0.00374295861239834,0.0102646388695438,-0.00132749656672362
32.23,-0.0780766313833858,-0.00365593065819002,0.0103792958655347,-0.00135737151806209
32.24,-0.0793509906159393,-0.00356683491874972,0.0104683536228886,-0.00138502435928145
32.25,-0.0805985206262925,-0.0034765956129833,0.0105334356845506,-0.00141046915893912
32.26,-0.0818374811377396,-0.00338486713259428,0.010575934725999,-0.00143373417835125
32.27,-0.0830491155183317,-0.00329243288873172,0.010596694122948,-0.00145486902043377
32.28,-0.0842497277001311,-0.00319903890895488,0.0105964625677967,-0.00147391968454719
32.29,-0.0854226886437655,-0.0031053494673175,0.010576247791401,-0.00149093175440514
32.3,-0.0865825153643733,-0.00301118837774127,0.0105375474975809,-0.00150594702152614
32.31,-0.0877145288883892,-0.00291709754641985,0.0104820559362684,-0.00151900232299179
32.32,-0.0888315831912347,-0.00282295436978619,0.0104115853198079,-0.00153010945505299
32.33,-0.0899207522128833,-0.00272918856103874,0.0103264866165879,-0.00153933044853305
32.34,-0.0909933753767174,-0.00263574027324332,0.0102276925512559,-0.00154670630455597
32.35,-0.0920381395211987,-0.00254294555121454,0.0101166910733056,-0.00155226662369388
32.36,-0.0930650081715783,-0.0024507853067007,0.00999511286946717,-0.00155605203666617
32.37,-0.0940641327152552,-0.0023594962092899,0.00986439952608293,-0.00155811584993977
32.38,-0.0950442324568748,-0.00226909213097562,0.00972569505649453,-0.00155853744630665
32.39,-0.0959968154320929,-0.00217972718717079,0.00957983641994832,-0.00155741034298029
32.4,-0.0969260573079289,-0.00209145009705237,0.00942760519335277,-0.00155484401059365
32.41,-0.0978350884190302,-0.00200435288123142,0.00926965638416008,-0.00155097200610535
32.42,-0.0987172556546199,-0.00191848915680192,0.00910685583125605,-0.00154592978919602
32.43,-0.0995787947313449,-0.00183395594974062,0.00894017485236083,-0.00153985417799901
32.44,-0.100414134261012,-0.00175074342198999,0.00877053950277776,-0.00153288910799167
32.45,-0.101228690880557,-0.00166896974594482,0.00859879850297184,-0.00152518346287781
32.46,-0.102017872809453,-0.00158856907046725,0.00842571332066367,-0.00151688720622649
32.47,-0.102786539337563,-0.00150987787386503,0.00817142513585299,-0.00151104918527883
32.48,-0.103533287677152,-0.00143482411126505,0.00769663423887507,-0.00151352676092998
32.49,-0.104263103864717,-0.00136436943245668,0.00721990747409846,-0.00151183849242831
32.5,-0.104972601436573,-0.00129833217999685,0.0067461106559364,-0.00150547407075819
32.51,-0.105664967244003,-0.00123687954230231,0.00627465773407038,-0.00149551759043156
32.52,-0.106337823508593,-0.00117976118777119,0.00581570866074823,-0.0014826121889112
32.53,-0.106994089490051,-0.00112700825862705,0.00537795673285087,-0.00146734187203548
32.54,-0.107632140191376,-0.00107818090283484,0.00496669541678767,-0.00145031640011285
32.55,-0.108254560539338,-0.0010332228910741,0.00458481352328559,-0.00143213233122016
32.56,-0.108860358698882,-0.000991616371081847,0.00423365873669635,-0.0014133415690947
32.57,-0.109451788100625,-0.000953293462992176,0.00391368585563916,-0.00139442972550952
32.58,-0.110028364203558,-0.000917710422477041,0.00362477724876532,-0.00137580899824083
32.59,-0.110591988378211,-0.000884815097205549,0.00336641454802717,-0.00135781774364255
32.6,-0.111142558234706,-0.000854060209833232,0.00313781016113801,-0.0013407291887673
32.61,-0.1116816177905,-0.000825421023441483,0.00293787407811296,-0.00132475433541108
32.62,-0.1122093514412,-0.000798361474592865,0.00276514072364817,-0.00131004467708162
32.63,-0.112726944783331,-0.000772895141062525,0.00261790049586548,-0.00129670162377352
32.64,-0.113234783463792,-0.000748511091396787,0.00249425667130346,-0.00128478368224898
32.65,-0.113733704887066,-0.000725267728560354,0.00239225588100227,-0.00127430745171683
32.66,-0.114224234211143,-0.000702686128229673,0.00230988389936287,-0.0012652563077955
32.67,-0.11470696874385,-0.000680727341853888,0.00224511723439168,-0.0012575854664816
32.68,-0.115182254851206,-0.000659376228107434,0.00219594128446014,-0.00125122795886288
32.69,-0.115650734355638,-0.000638207235245662,0.0021603916357394,-0.00124609891532026
32.7,-0.116112476451795,-0.000617388186744998,0.00213659381792747,-0.00124209922988704
32.71,-0.116568164257568,-0.000596526973449496,0.00212284660599061,-0.0012391152320281
32.72,-0.117017608933685,-0.000575827960567573,0.00211750475950698,-0.00123702316139324
32.73,-0.117461519268259,-0.00055492902700002,0.0021190063754715,-0.0012356915699368
32.74,-0.117899493127174,-0.000534068272623419,0.00212559353542928,-0.00123500133452482
32.75,-0.118332257014083,-0.00051291490892918,0.00213592118550133,-0.00123483007722704
32.76,-0.118759235918533,-0.000491734304253762,0.00214891046894646,-0.00123506181471576
32.77,-0.11918117033,-0.000470217015354227,0.00216363024172121,-0.00123559326401623
32.78,-0.119597352640692,-0.000448646455796504,0.00217923159205887,-0.00123633707213021
32.79,-0.120008540897432,-0.000426729794587836,0.0021950729970215,-0.00123721786120394
32.8,-0.120413933556142,-0.000404762224035105,0.00221062050752782,-0.00123817143331559
32.81,-0.12081430760173,-0.000382462588370813,0.0022253689168607,-0.00123914648897351
32.82,-0.121208799093287,-0.000360133944547855,0.00223891855314641,-0.00124009984396565
32.83,-0.121598203974678,-0.000337504349726926,0.00225097356388776,-0.00124099581355408
32.84,-0.121981620442687,-0.000314880359761331,0.00226133760717885,-0.00124180540577615
32.85,-0.122359860612164,-0.000291995717845735,0.00226987755360022,-0.00124250693747286
32.86,-0.122732005801247,-0.000269157005866038,0.00227651800692132,-0.00124308499749726
32.87,-0.123098883043768,-0.000246101576052602,0.00228121619384726,-0.00124353045527296
32.88,-0.123459572458477,-0.000223133944774124,0.00228396710700044,-0.00124383900087201
32.89,-0.123814910395202,-0.000199993810213961,0.00228478504940169,-0.00124401097532233
32.9,-0.124163986645693,-0.000176982272630671,0.00228371147868108,-0.00124404994767441
32.91,-0.124507644744179,-0.000153840693637386,0.00228079774706606,-0.00124396265390942
32.92,-0.124844997633405,-0.000130866021870992,0.00227611350375658,-0.00124375771625592
32.93,-0.125176893184682,-0.000107800907924115,0.00226973029655174,-0.00124344570437821
32.94,-0.125502893398727,-8.48017461382897e-05,0.00226173075600827,-0.00124303798502993
32.95,-0.125822587658195,-6.20202363844976e-05,0.00225219178211935,-0.00124254695440199
32.96,-0.12613681889416,-3.92016874336476e-05,0.00224119026758485,-0.00124198527646108
32.97,-0.126444784386809,-1.66304765842704e-05,0.00222883516344149,-0.00124136381806317
32.98,-0.126747315010197,5.94733482391323e-06,0.00221520489972454,-0.00124069220298872
32.99,-0.127043639651598,2.82518931877578e-05,0.00220031636486919,-0.00123998122712686
33,-0.127334576540393,5.05350672654522e-05,0.00218423888381159,-0.00123923846477415
33.01,-0.127579358413094,9.05164725796188e-05,0.00537805571390691,-0.000934645844905565
33.02,-0.127728581544172,0.000160504427917538,0.00820348441289063,-0.000615472278583164
33.03,-0.127778906517115,0.00025678613396968,0.0107071763452047,-0.000312735894216387
33.04,-0.127729091165991,0.000376735735786495,0.0129449812320091,-2.81367845162881e-05
33.05,-0.127577836670183,0.000517659185331358,0.0149555104156187,0.000235016610272057
33.06,-0.127326615880442,0.000677691385495852,0.0167656753713575,0.00047366403638012
33.07,-0.126976707979013,0.000854707967659721,0.0183985306865924,0.000685427624028112
33.08,-0.126531716615924,0.00104723409583239,0.0198618084551572,0.000868273466403022
33.09,-0.125994779434674,0.00125339796607506,0.0211694003266371,0.00102091315002317
33.1,-0.125370917437362,0.00147195111808305,0.0223312274381792,0.00114275707294147
33.11,-0.124664354181988,0.00170121839174473,0.0233522895738022,0.00123368129002873
33.12,-0.123880874334592,0.00194004981264322,0.0242347792836758,0.00129381374070601
33.13,-0.123025316943661,0.00218683667271894,0.0249825765914395,0.00132390576279624
33.14,-0.122103767873915,0.00244047377805311,0.0255941421562416,0.00132501439958234
33.15,-0.121121260999477,0.00269931956337836,0.0260628314371528,0.00129835871324442
33.16,-0.120083915181958,0.00296216663428319,0.0263861239462501,0.00124557203405006
33.17,-0.118996671992965,0.00322733855168351,0.0265678629815384,0.00116890193753476
33.18,-0.117865237487155,0.00349366377988792,0.0266068858628248,0.00107083061944559
33.19,-0.116694071937554,0.00375943935450634,0.026497348358286,0.000953946925402468
33.2,-0.115488251424685,0.00402341241342818,0.0262388663463594,0.000821265424531883
33.21,-0.114251741326981,0.00428398151254007,0.0258330991768734,0.000675918031303929
33.22,-0.112988105692903,0.00453959127539025,0.0252871237986272,0.000521184313726377
33.23,-0.111701072520363,0.00478911159618925,0.0246071281746424,0.000360246639613787
33.24,-0.110393101481904,0.00503099552477737,0.0237982696146718,0.000196149270131049
33.25,-0.109067021379195,0.00526421954649937,0.0228661987347831,3.18493800245675e-05
33.26,-0.107724476021296,0.00548734541663969,0.0218160896385376,-0.000129876756336332
33.27,-0.106367485931329,0.00569947549138281,0.020657873031044,-0.000286431894919474
33.28,-0.104996968037657,0.00589937414089515,0.0194052164918278,-0.000435256093618016
33.29,-0.103614201588172,0.0060863677712924,0.0180652636954753,-0.000574316105108801
33.3,-0.10221952334094,0.00625941401701323,0.016649577326381,-0.000701712426169828
33.31,-0.100813660803743,0.0064180587182745,0.0151717925279302,-0.000815807767233049
33.32,-0.0993965121852138,0.00656152685652988,0.0136451201345919,-0.000915356394094709
33.33,-0.0979684514096508,0.00668961948393267,0.0120810143890229,-0.000999602143974258
33.34,-0.0965292152884114,0.00680181479669952,0.0104940142833323,-0.00106806081542044
33.35,-0.0950790850132801,0.00689817934848661,0.00889634011577508,-0.00112066619554303
33.36,-0.0936178622078003,0.0069784393419163,0.00729838777793309,-0.00115767578616928
33.37,-0.0921459598450003,0.00704287019613969,0.00570975076749311,-0.00117959661331682
33.38,-0.0906634318676165,0.00709139420619567,0.00414046572346139,-0.00118713881640911
33.39,-0.0891709461378749,0.00712449150988153,0.00260174276564409,-0.00118111359865373
33.4,-0.0876688641128585,0.00714229632263192,0.00110268118887022,-0.00116251061294961
33.41,-0.0861581468825605,0.00714547199296858,-0.000348792090962987,-0.00113242719949532
33.42,-0.084639495129041,0.00713431423418498,-0.00174518679290923,-0.00109200035431118
33.43,-0.0831141650868386,0.00710963082321762,-0.0030803131085553,-0.00104243969918655
33.44,-0.0815831831470355,0.00707184335857124,-0.00434875396886934,-0.000984993869830432
33.45,-0.0800480865271496,0.00702187008181957,-0.00554498427137167,-0.000920876108664027
33.46,-0.0785101725867854,0.00696023870495275,-0.00666456413878496,-0.000851262882089089
33.47,-0.0769711777675521,0.0068879537971285,-0.0077044031294443,-0.000777291441861631
33.48,-0.0754326636258114,0.00680571356423738,-0.00866267998517612,-0.000700051607744753
33.49,-0.0738962672145078,0.00671423166324213,-0.00953829820515229,-0.000620577632519344
33.5,-0.0723638858656983,0.00661455488699864,-0.010330998917057,-0.000539832612052675
33.51,-0.0708371519205748,0.00650729418281324,-0.0110408211656055,-0.000458685978256657
33.52,-0.0693179593491013,0.00639349747853644,-0.011667880383988,-0.000377864010812546
33.53,-0.0678079134513112,0.00627375819819222,-0.0122154193672943,-0.000298104456591282
33.54,-0.0663088465386679,0.00614907541462937,-0.0126856566501323,-0.000220015203895531
33.55,-0.0648222910622032,0.00601999577670123,-0.0130804207488389,-0.000144113850529367
33.56,-0.0633499498176242,0.00588747814697699,-0.0134020629858762,-7.08711802430558e-05
33.57,-0.0618932299936379,0.00575202129020346,-0.0136536834416624,-7.15411330297227e-07
33.58,-0.0604536813000056,0.00561452124083369,-0.0138390011309832,6.59778989242701e-05
33.59,-0.0590325676819621,0.00547540398561726,-0.0139619276238525,0.00012888618147134
33.6,-0.0576312694986054,0.00533548693182252,-0.0140264933591979,0.000187745587995031
33.61,-0.0562508887696218,0.00519511591247044,-0.014036793921826,0.000242353087077759
33.62,-0.0548926194395722,0.00505502482465977,-0.0139973306062334,0.000292544573404783
33.63,-0.0535573936493883,0.00491547240716432,-0.0139121329746092,0.000338202028023809
33.64,-0.0522462135509372,0.00477711323320957,-0.0137845867408095,0.000379286090166987
33.65,-0.0509598226440424,0.00464013304596203,-0.0136189609671312,0.000415776075413831
33.66,-0.0496990235329502,0.00450510288446159,-0.0134196758699369,0.000447698506077003
33.67,-0.0484643715173476,0.00437212219928433,-0.0131908033778159,0.00047514245398424
33.68,-0.0472564614749302,0.0042416801688065,-0.012936168974241,0.000498245957834797
33.69,-0.0460756476386024,0.00411379994270847,-0.0126594374885749,0.000517182503914579
33.7,-0.044922313908506,0.003988897477458,-0.0123640794399799,0.000532155867702286
33.71,-0.0437966164033625,0.00386692672956728,-0.0120534269297471,0.000543394440515351
33.72,-0.0426987376344172,0.00374823607071502,-0.0117308261557558,0.000551134592634547
33.73,-0.0416286519742854,0.00363271482420896,-0.0113992222596979,0.000555623067033885
33.74,-0.0405863633455095,0.00352065202945452,-0.0110612564300923,0.000557112945650319
33.75,-0.0395717109576168,0.00341199109803696,-0.0107193049796964,0.000555864601511695
33.76,-0.0385844637857637,0.00330665284998687,-0.0103757090207372,0.00055214056256907
33.77,-0.0376243947173585,0.00320485500437667,-0.0100325124610867,0.000546209428282023
33.78,-0.0366911122755429,0.00310637087721059,-0.00969151857449696,0.000538345417357128
33.79,-0.0357842551970826,0.00301138202367434,-0.00935431054593446,0.000528823365324025
33.8,-0.0349033059709445,0.00291963089685261,-0.00902235053940277,0.000517930817128522
33.81,-0.0340477884182313,0.00283126663719041,-0.00869752415009509,0.000505922159276381
33.82,-0.0332170885480085,0.00274599935965028,-0.00838081599855647,0.000493071523295377
33.83,-0.0324106338532388,0.00266395663567066,-0.00807295660766303,0.000479632597546425
33.84,-0.0316277311222031,0.00258483384397453,-0.00777452793831152,0.000465825868976531
33.85,-0.0308677422632755,0.00250874719744406,-0.00748591193052803,0.000451842827062606
33.86,-0.0301299303485116,0.00243538400994844,-0.00720746894788691,0.000437840884623861
33.87,-0.0294136278185704,0.0023648531271846,-0.0069395831977887,0.000423942086251796
33.88,-0.0287180919438015,0.00229683409576787,-0.0066825940979127,0.000410233166484789
33.89,-0.0280426604098629,0.00223143167046879,-0.00643628896497766,0.000396795531249191
33.9,-0.0273866082351848,0.00216832669277144,-0.00620064353707946,0.000383681100894984
33.91,-0.0267492977581671,0.00210762517398906,-0.00597564325799823,0.000370923760046208
33.92,-0.026130040798261,0.00204900875722707,-0.00576115137221169,0.000358548347011989
33.93,-0.0255282383159496,0.00199258623963665,-0.00555692177412459,0.000346572137702995
33.94,-0.0249432460367949,0.00193804424132577,-0.00536261909344338,0.000335006020972938
33.95,-0.0243745085032891,0.00188549818624444,-0.00517786175874818,0.000323854294274886
33.96,-0.0238214283861264,0.00183464235562749,-0.00500223076964871,0.000313115976553246
33.97,-0.0232834963278403,0.00178560048471816,-0.00483529642869822,0.000302784975632723
33.98,-0.0227601630173542,0.00173807547329063,-0.00467661614881924,0.000292851620057774
33.99,-0.0222509656886469,0.00169219984617322,-0.00452575224116265,0.000283302869832014
34,-0.0211405278267662,0.00517686368904367,-0.00438226511534401,0.00027412374719147
34.01,-0.0201286364473479,0.0074160744013797,-0.00806361876333233,-0.000134061103228309
34.02,-0.0190205418570759,0.00962256468411858,-0.0117549395703156,-0.000585091704286025
34.03,-0.0178334563233449,0.0117456773368443,-0.0157473797124218,-0.00104631349242808
34.04,-0.0165693583445279,0.013808738203174,-0.0201997026034547,-0.00151294084987331
34.05,-0.0151531014507391,0.0158932639544123,-0.0251809930617736,-0.0019743053887506
34.06,-0.01347169978723,0.0179454718335871,-0.0307182096397747,-0.00241846104994086
34.07,-0.0113940156657613,0.0201050504824297,-0.0368119832509928,-0.00283471356704969
34.08,-0.00877532124402691,0.022279592935301,-0.0434416012992796,-0.00321373764925356
34.09,-0.0054778435015983,0.0246232262560088,-0.0505888199447042,-0.00354867399328085
34.1,-0.00136159771833988,0.026994584354046,-0.0582392882207783,-0.00383456333389173
34.11,0.00366710065084597,0.0295537363399749,-0.0663881916559786,-0.00406840460093746
34.12,0.00972181728755395,0.0321097471462119,-0.075030615453529,-0.00424858480570645
34.13,0.0168286556063055,0.034834046130085,-0.0841754079484399,-0.00437527844379653
34.14,0.025092216696855,0.037496559727433,-0.0938255095138392,-0.00444958784320045
34.15,0.0344683570844708,0.0402897919259176,-0.103976807871694,-0.00447326541748534
34.16,0.0450830678978527,0.0429539141441394,-0.114627005675845,-0.00444860905571153
34.17,0.0568154826737359,0.0457080238830395,-0.125769599888457,-0.00437814911199731
34.18,0.0698407115880588,0.0482679293683836,-0.137383736914453,-0.0042642379345346
34.19,0.0839500414157168,0.050881889854045,-0.149439252671594,-0.00410903574716044
34.2,0.0993917019408457,0.0532436254682077,-0.161898469545204,-0.00391467540011908
34.21,0.115851646903987,0.055629987934337,-0.174692717528775,-0.0036822297286943
34.22,0.133671132174017,0.0577136419490126,-0.187741713439596,-0.00341244545654739
34.23,0.152410832804854,0.0597993133799371,-0.200959576125469,-0.00310575920085988
34.24,0.172523896236566,0.0615393953637353,-0.214252638578208,-0.00276313475541958
34.25,0.193426408879647,0.063265343064755,-0.227532895453743,-0.00238611649946257
34.26,0.215702427330735,0.0646099606081488,-0.240720877743545,-0.00197614121906649
34.27,0.238606575011554,0.0659302900473167,-0.253743611373339,-0.00153531808229037
34.28,0.26241729288447,0.0670376061413676,-0.266528271844132,-0.0010651681718125
34.29,0.287582083292811,0.0677224690081674,-0.279003679767551,-0.000567198293014796
34.3,0.313087942297839,0.0683799727280283,-0.291113829866487,-4.36078246768923e-05
34.31,0.339930292384393,0.0685967902049351,-0.302790786760373,0.000504640846702401
34.32,0.366900079443459,0.0687906663996406,-0.313981098377713,0.00107526702810403
34.33,0.395185233053322,0.0685315535113992,-0.324626076505929,0.00166714800926385
34.34,0.423371353118,0.0682588122606132,-0.334646987629453,0.00227993694646775
34.35,0.452046173949119,0.067758075478108,-0.343949480865417,0.00291410980621025
34.36,0.482016882049807,0.0667979864426726,-0.352447139820078,0.00356946446043281
34.37,0.511550115289641,0.0658500671090108,-0.360135178108467,0.00424207261770818
34.38,0.542382299559833,0.0644462469858043,-0.367012480602305,0.00492668766050546
34.39,0.572555436434654,0.0630748495993997,-0.373109065261362,0.00561939494851296
34.4,0.602941509950369,0.0615037063433199,-0.37843258689717,0.00631646998045574
34.41,0.634650690934624,0.0594850120400259,-0.383006624696035,0.00701391326609513
34.42,0.665377607567348,0.0575308366616439,-0.386859794737048,0.00770700803981003
34.43,0.696176672081962,0.0553975358290736,-0.390024991971247,0.00839348120978999
34.44,0.728347969405887,0.0528274850515331,-0.392523522376254,0.00906975469195539
34.45,0.759228548358958,0.0503529139552322,-0.394383838304726,0.00973275423631821
34.46,0.790061481087496,0.04771983073453,-0.395613304043684,0.0103797504737177
34.47,0.822339657562477,0.0446621487862298,-0.396247382424963,0.0110085066839578
34.48,0.853035012841222,0.0417288352536284,-0.39631842880538,0.0116170627023829
34.49,0.883582872807052,0.0386565701413797,-0.395853287625034,0.0122035781715137
34.5,0.915671239644336,0.0351718928051993,-0.394898480013119,0.0127669284182476
34.51,0.945903535834599,0.0318367792044473,-0.393493881734204,0.0133066159406766
34.52,0.975909398449356,0.0283797111025417,-0.391664342670326,0.013822122003344
34.53,1.00757208861488,0.0245212823593976,-0.38945574561227,0.0143135873388022
34.54,1.03712461481411,0.0208328562501553,-0.386899394554054,0.014780809031739
34.55,1.0663916467,0.0170364941141697,-0.384006188049346,0.015223603276628
34.56,1.09745072742416,0.0128490206673846,-0.38078943595598,0.0156419813282657
34.57,1.12616206411834,0.00884793369988207,-0.377261286387394,0.0160351855204278
34.58,1.1545387007531,0.00475094530501458,-0.373418603689148,0.0164027782287731
34.59,1.18483947352016,0.000272993918608466,-0.369255716304806,0.0167443875179304
34.6,1.21253557150288,-0.00400655107188141,-0.364769181450435,0.0170591592347966
34.61,1.23980626620499,-0.00837274438554966,-0.35993933053587,0.0173469298174517
34.62,1.26659999270977,-0.0128232995400025,-0.354750908198386,0.0176069750154325
34.63,1.29537328893834,-0.0176437090969161,-0.349178434358575,0.0178388429042833
34.64,1.3210324163525,-0.0222578177965159,-0.34318808064165,0.01804200719132
34.65,1.34590071272385,-0.0269527759575735,-0.336735340476494,0.0182162849240616
34.66,1.36978472179641,-0.0317290069123347,-0.329781436290427,0.018361302783896
34.67,1.39520230162681,-0.0368692835373143,-0.322278720340431,0.0184765192794056
34.68,1.41641848024835,-0.0418072634325228,-0.314181328505813,0.0185616156633519
34.69,1.4358480791147,-0.0468241786719304,-0.305444684151815,0.018616593073998
34.7,1.45610535451441,-0.0521906773740848,-0.296008244788592,0.0186413144167636
34.71,1.4711613695642,-0.0573450597030248,-0.285801443618887,0.018634905416468
34.72,1.48363017176707,-0.0625524673912572,-0.274736762780501,0.0185966424525538
34.73,1.49630154529933,-0.0680641827768037,-0.26286571370618,0.0185208587333673
34.74,1.5030419402435,-0.0733264702561765,-0.250162638376225,0.0184054602430943
34.75,1.50972950784798,-0.07884642388579,-0.236427275582728,0.0182576587690571
34.76,1.51027475462203,-0.0840762126084853,-0.221608316532972,0.0180749405902588
34.77,1.51071957498116,-0.089501870563781,-0.205668950166329,0.0178559652191381
34.78,1.49489120355585,-0.0934176732202179,-0.188567695921173,0.0175986819971143
34.79,1.47961175181382,-0.0974717840582762,-0.170285925326009,0.0173010082791823
34.8,1.46201096232885,-0.10139323194393,-0.15088196883604,0.0169584334373672
34.81,1.43936527749548,-0.104937229469538,-0.130440269728201,0.0165667286693767
34.82,1.41770737249521,-0.10854235229851,-0.109072464374528,0.0161236005557471
34.83,1.3943226778604,-0.111957922951391,-0.0868940382351086,0.0156265316259028
34.84,1.36944217799619,-0.115166746936242,-0.0640262984539577,0.0150741325829139
34.85,1.34058638147745,-0.117953533311949,-0.0406058344167264,0.0144656975864405
34.86,1.31342465773387,-0.120711120506436,-0.0167884848296204,0.0138014155982443
34.87,1.28537948450162,-0.123222500967401,0.00725051961962878,0.0130821101519583
34.88,1.25406208720483,-0.12529853420305,0.0313271273143136,0.0123091160187859
34.89,1.22471732004448,-0.127304019651878,0.0552400118928195,0.0114846901647687
34.9,1.19484094454765,-0.129049407399994,0.0787802784175975,0.0106118546724685
34.91,1.16449588850338,-0.130535999292661,0.10175451401996,0.00969458015720066
34.92,1.13142036543262,-0.131609880554433,0.1239646966771,0.00873663726400511
34.93,1.10031257274594,-0.1325994983355,0.145158699294843,0.00773841485559906
34.94,1.06882938317868,-0.133350591941058,0.165140081512598,0.00670231792000567
34.95,1.03485326333667,-0.133733387969482,0.183786753061805,0.00563433859067896
34.96,1.00272383488093,-0.134048844420727,0.201032555767826,0.00454181565630999
34.97,0.970270261649472,-0.134163374248501,0.216832619581719,0.0034305709456355
34.98,0.935552595464462,-0.133965019803602,0.231189545298071,0.00230579881847103
34.99,0.90257918690429,-0.13372442609944,0.244094675393777,0.00117186308333647
35,0.869360614181315,-0.13332455420625,0.255544043370461,3.32491425336705e-05
35.01,0.834134688924109,-0.13266838735135,0.265543006181335,-0.00110510742644895
35.02,0.800577917209572,-0.131997274173548,0.274095308658819,-0.00223855983442857
35.03,0.766872802990492,-0.131209121842227,0.281233403647901,-0.00336152624135129
35.04,0.731422109052459,-0.130220048037726,0.287012486248345,-0.00446815620035327
35.05,0.697567677859999,-0.129242778002649,0.291495648905682,-0.00555233257220943
35.06,0.662134469494487,-0.128098445633645,0.294742503023856,-0.00660840741908046
35.07,0.628244053664488,-0.126981696125576,0.296827602135073,-0.00763230025250292
35.08,0.594346734328737,-0.12580990243986,0.297858935133913,-0.00862082856560675
35.09,0.559101935576476,-0.124515818776002,0.297945568069371,-0.00957194490806444
35.1,0.525304829010699,-0.123266682820329,0.297203070867724,-0.010484661214489
35.11,0.491557773434026,-0.121989010240792,0.295734676384834,-0.0113582028935979
35.12,0.45666614324416,-0.120623359407529,0.293655155517271,-0.0121924839295689
35.13,0.423111100430002,-0.119311237754251,0.291077054934553,-0.012988072751526
35.14,0.388532664191829,-0.117927842855421,0.288100516489253,-0.0137452086698309
35.15,0.355209664550748,-0.116599043907437,0.284816893710887,-0.0144646160796372
35.16,0.320975168768517,-0.115211498849279,0.281309187779979,-0.0151476168770966
35.17,0.28791294054987,-0.113876552899646,0.277646510260746,-0.0157949588562297
35.18,0.25496745890106,-0.112539112947714,0.27388959378644,-0.0164073791605227
35.19,0.221269559327284,-0.111155740523294,0.270092734074956,-0.0169856165079897
35.2,0.188625376492783,-0.109817857775893,0.26629064032636,-0.0175306970511285
35.21,0.155333254398301,-0.108439538693787,0.262505852773209,-0.0180433354891943
35.22,0.123022708088495,-0.107100751597684,0.258751682699836,-0.0185243367756161
35.23,0.0901695899756341,-0.105725781912411,0.255054102376133,-0.0189732760293715
35.24,0.0582354393076132,-0.104383865369261,0.251432409029559,-0.0193901355244983
35.25,0.0264895407511769,-0.103037804380984,0.247901239844633,-0.0197748209940347
35.26,-0.00563443117134632,-0.101659824770184,0.244464656811693,-0.0201274237745459
35.27,-0.0369134347319022,-0.100304658875285,0.2411196917959,-0.0204481660359252
35.28,-0.0684556404920071,-0.0989195688424964,0.237861961975861,-0.0207369309697639
35.29,-0.099187036047609,-0.0975509457014779,0.234683955111855,-0.0209936315042993
35.3,-0.130066238548062,-0.0961543554165955,0.23157753353907,-0.0212182571291833
35.31,-0.16016447437089,-0.0947687622484532,0.228534525839309,-0.0214108734977473
35.32,-0.190301748602901,-0.0933573842881826,0.225547405398119,-0.021571595782566
35.33,-0.219685050340516,-0.0919523514816235,0.222612872128687,-0.0217004525447318
35.34,-0.249006301756912,-0.090523779087793,0.219729216957867,-0.0217975370628838
35.35,-0.277599297728473,-0.089097568836501,0.216896675201759,-0.0218629810059762
35.36,-0.306039136120506,-0.0876500642093145,0.214115889451439,-0.0218970035042188
35.37,-0.333776627173832,-0.0862016452158668,0.211369272779062,-0.0219009131931068
35.38,-0.361281749720361,-0.0847345479286567,0.208645050398054,-0.0218756302041469
35.39,-0.388112511894525,-0.0832644151987011,0.205946364852554,-0.0218214358397966
35.4,-0.414486031229822,-0.0817833473098943,0.203282731584664,-0.0217383109290239
35.41,-0.440532000741023,-0.0802878984114276,0.200667186761084,-0.0216265355573748
35.42,-0.4659480180764,-0.0787870445764034,0.198114092329461,-0.0214866746521908
35.43,-0.49098896448639,-0.0772741631772709,0.195642924457714,-0.0213195713295469
35.44,-0.515431806957991,-0.0757542785947656,0.193287311610199,-0.0211270706601424
35.45,-0.539462962707379,-0.074223820338813,0.191067345910308,-0.0209113128842509
35.46,-0.562927502494984,-0.0726843817927366,0.188987433730376,-0.0206740549446574
35.47,-0.585952571970341,-0.0711353570002066,0.187048237240369,-0.0204168864275173
35.48,-0.608441663245403,-0.0695757534823837,0.185252125282703,-0.0201414243768391
35.49,-0.630471942990052,-0.0680075411220476,0.183605824090545,-0.0198495126561642
35.5,-0.651995097949389,-0.0664274299845181,0.182116993866423,-0.0195431466411091
35.51,-0.673044032667534,-0.0648392821752059,0.180795740432671,-0.0192246231572777
35.52,-0.693609974330435,-0.0632378057069269,0.179647490113331,-0.0188961332821495
35.53,-0.713688175306344,-0.0616283515954412,0.178679120832212,-0.0185599700706271
35.54,-0.733301350946991,-0.060003975160333,0.177895781322303,-0.0182184915921518
35.55,-0.752412704678441,-0.0583711380205977,0.177299237145694,-0.0178739989103832
35.56,-0.771070023420933,-0.0567216389680547,0.176888111137937,-0.0175288580632031
35.57,-0.789210070051374,-0.0550628290974098,0.176662318055664,-0.0171854335197995
35.58,-0.806901270770361,-0.0533855466658344,0.176627506947043,-0.0168462447543119
35.59,-0.824059467580083,-0.0516976874605648,0.176780223450421,-0.0165136154367569
35.6,-0.840769808672478,-0.0499894774514757,0.17711142480919,-0.0161897237820537
35.61,-0.856932078960486,-0.0482693418085628,0.177611394567034,-0.0158764936621471
35.62,-0.872644954111785,-0.0465272610967683,0.178268828261085,-0.0155756646148039
35.63,-0.887796705657984,-0.0447720748429604,0.179068640240512,-0.01528900580668
35.64,-0.902496850773957,-0.0429938015279048,0.17999783206362,-0.0150179391227017
35.65,-0.916626309708481,-0.0412015760248248,0.181040277578561,-0.0147638010435932
35.66,-0.930303068415026,-0.039385687099168,0.182172420679433,-0.01452813835913
35.67,-0.943466347229042,-0.0375509233430773,0.183370623846629,-0.014311926889008
35.68,-0.956052291104117,-0.0357021391177177,0.1846033243714,-0.0141160029908528
35.69,-0.968186523082195,-0.0338305567533732,0.185847557954951,-0.0139405527251293
35.7,-0.979743593370348,-0.0319459594037865,0.187086993470066,-0.0137851698530472
35.71,-0.990851098826023,-0.0300401243973847,0.188300847641695,-0.0136496220278859
35.72,-1.00138383592664,-0.0281228285689891,0.189476380454506,-0.0135331458436047
35.73,-1.01146903195808,-0.0261863833994958,0.190597559952126,-0.0134350599165191
35.74,-1.02098280866383,-0.0242404289983629,0.191651098364617,-0.01335454679861
35.75,-1.03005041431867,-0.0222778206746719,0.19262635332969,-0.0132905528333359
35.76,-1.03855036955741,-0.0203079634322335,0.193510628063012,-0.0132421559429673
35.77,-1.04660489500231,-0.0183242470656442,0.194297188510869,-0.0132081315240048
35.78,-1.05409581334188,-0.0163357567033373,0.194977125793839,-0.0131875942378959
35.79,-1.06114161342459,-0.0143363716881935,0.195546101664528,-0.0131794279898173
35.8,-1.06762821911826,-0.0123348154460555,0.195993580768111,-0.0131826652554256
35.81,-1.07366992365849,-0.0103255037410503,0.196311604101335,-0.013196129043636
35.82,-1.07915740142339,-0.00831686117649391,0.196487639530944,-0.0132187149273206
35.83,-1.08420041689363,-0.00630390315987224,0.196510097183862,-0.0132492107394639
35.84,-1.08869481804463,-0.00429481247219446,0.196366860257163,-0.0132863464345997
35.85,-1.09274578761742,-0.0022852192393789,0.196047256030349,-0.0133288590068554
35.86,-1.09625486770416,-0.000283057157886207,0.195542529505536,-0.0133753736075884
35.87,-1.09932258260582,0.00171547805264366,0.194843705814562,-0.0134246365286971
35.88,-1.10185641568368,0.00370270039560475,0.193939414129626,-0.0134754807504964
35.89,-1.10395223294802,0.00568181159312555,0.192818202299677,-0.0135267742916917
35.9,-1.10552358925303,0.00764534620925813,0.191475950582022,-0.0135771261374741
35.91,-1.10666156088814,0.00959601983656538,0.189907733358341,-0.0136253664783623
35.92,-1.10728568686815,0.0115266841693321,0.188110900547699,-0.0136701146190869
35.93,-1.1074821852839,0.013439604866425,0.186077536835952,-0.0137102388725771
35.94,-1.10721407463915,0.0153299936545936,0.18380450605595,-0.013744366914294
35.95,-1.10644990488683,0.0171933749014102,0.181282420720114,-0.0137715022782082
35.96,-1.10526872650805,0.0190313109129384,0.178509287926811,-0.0137902965419662
35.97,-1.10360453749232,0.0208372876340888,0.175474813199812,-0.0137998804254365
35.98,-1.10153182335937,0.0226124337046219,0.172178780855195,-0.0137988950130907
35.99,-1.09899019753588,0.0243504590101338,0.168610845660641,-0.0137865850776389
36,-1.08471203175211,0.028268151611092,0.164774065585308,-0.0137616544767531
36.01,-1.08138202881422,0.0323104173097001,0.160638513131456,-0.0137244312868044
36.02,-1.07738068896675,0.0362710328910068,0.156043335952499,-0.0136812773352088
36.03,-1.07272075846792,0.0401881175131742,0.150828176340335,-0.0136378886952879
36.04,-1.06741475746881,0.0440000191718186,0.144880847632908,-0.0135959747539054
36.05,-1.06140124334832,0.0478061017927285,0.138117384797134,-0.0135545539041001
36.06,-1.0545933714529,0.0515468269459589,0.130482149100385,-0.0135105994070711
36.07,-1.04686844073742,0.0553581317607358,0.121936885631556,-0.0134600395696625
36.08,-1.03810562614848,0.0591452593843483,0.112457320533393,-0.0133980274232183
36.09,-1.02817158444117,0.0630601658291881,0.102023003921814,-0.0133197687896494
36.1,-1.01695027216757,0.0669596796132446,0.0906259502669831,-0.0132207977100471
36.11,-1.0043495892711,0.0710018866940461,0.0782705102922124,-0.0130974001844301
36.12,-0.990281836436851,0.0749936504126325,0.0649494980947024,-0.0129465657201232
36.13,-0.974722131833002,0.0791034697276236,0.0506473309538644,-0.0127661264631188
36.14,-0.957596136292972,0.083097836324043,0.0353684534155672,-0.012554297441959
36.15,-0.938949751141981,0.0871654040145141,0.0191109413204031,-0.0123099738596981
36.16,-0.91869130417937,0.0910421295137868,0.00189732464232671,-0.0120320450336585
36.17,-0.896943186588841,0.0949432132659834,-0.0162170699606203,-0.0117208852537969
36.18,-0.873568092562411,0.0985804986996981,-0.0351860322434504,-0.0113757023560347
36.19,-0.848775927145542,0.10219869632497,-0.0549408727024854,-0.0109957515462542
36.2,-0.822359298521815,0.105487933430414,-0.075394915819057,-0.0105795968291999
36.21,-0.794632379497883,0.108722333888642,-0.0964428654739347,-0.0101262367600285
36.22,-0.765296564903362,0.111571682396715,-0.117955606124912,-0.00963427205117871
36.23,-0.734790257336901,0.114338995935521,-0.139791135715726,-0.00910293431679611
36.24,-0.702704733317878,0.11667483477322,-0.161789908802286,-0.00853124083238675
36.25,-0.669621536618102,0.118910328170571,-0.183798296857928,-0.00791969642344553
36.26,-0.635002088075421,0.12067780749228,-0.205644657370681,-0.0072688471790061
36.27,-0.599587861588031,0.122335840184856,-0.227166885992273,-0.00658004917056459
36.28,-0.562690225936175,0.123499877037929,-0.248197964711899,-0.00585472099985486
36.29,-0.52522375490001,0.124555227298137,-0.268588735283355,-0.00509499556833054
36.3,-0.486329118679258,0.125101439309492,-0.288199759484139,-0.00430308795138193
36.31,-0.447107343327873,0.125548791097346,-0.306921899207292,-0.00348206349271135
36.32,-0.407149195743846,0.125697919312475,-0.324649234922581,-0.0026341328599869
36.33,-0.365846597280351,0.125330749024684,-0.341256185971095,-0.00175982093265819
36.34,-0.32459944027727,0.124893962232085,-0.356542368018726,-0.000855338945042535
36.35,-0.282048920932176,0.123948948139322,-0.370358160019288,8.15178662439302e-05
36.36,-0.239800805967874,0.122964418770456,-0.382697148650904,0.00104416176201625
36.37,-0.197180391744318,0.121726017296483,-0.39358287333018,0.00202658043027584
36.38,-0.153285346449471,0.120001634217099,-0.403097776752988,0.00302291639927675
36.39,-0.110049716414334,0.118286403153704,-0.411307123443462,0.0040271481559697
36.4,-0.0655390107871519,0.116101457973106,-0.418242016309471,0.00503245129808043
36.41,-0.0219149717500491,0.113956843859994,-0.423954236713011,0.00603157207272254
36.42,0.0217945707479714,0.111617210650808,-0.428488524495005,0.00701860654914714
36.43,0.0668044618556021,0.108832138430952,-0.431909244059906,0.00798719455295512
36.44,0.110601329565712,0.106132281264421,-0.434287151099362,0.00893097772364244
36.45,0.154345107875664,0.103270176399858,-0.435701530666609,0.00984643425242189
36.46,0.199443912769712,0.0999848961931578,-0.436228062848908,0.0107316058946388
36.47,0.243025376745971,0.0968235484508329,-0.435971665777255,0.0115851600574975
36.48,0.286441853407203,0.093526898051132,-0.435017861124416,0.0124063946566149
36.49,0.331297174751157,0.0898241982125897,-0.433460076261254,0.0131952546880891
36.5,0.37435542372149,0.0862753230838953,-0.431388768865689,0.0139517137332687
36.51,0.417163400533012,0.08261078045664,-0.428871950166131,0.0146751085979687
36.52,0.461519896034541,0.0785518757402731,-0.425981044320617,0.0153655893081135
36.53,0.503821081082567,0.0746682599121697,-0.422785405087483,0.0160235758259242
36.54,0.54580774892364,0.0706822609289776,-0.419336610895376,0.0166490473332274
36.55,0.589472538719278,0.0663095556841504,-0.415680267633917,0.0172420811115244
36.56,0.630842348902436,0.0621265522256713,-0.411874127392766,0.0178034014330734
36.57,0.671850714352964,0.0578493785874719,-0.407989457658137,0.0183347998066809
36.58,0.714680042288606,0.0531899016937724,-0.404053296731773,0.018836923027698
36.59,0.754980654373367,0.0487272001804323,-0.400078413251923,0.0193099083030204
36.6,0.794862379983613,0.044173201104517,-0.396072662965862,0.0197536791274614
36.61,0.834291142232822,0.0395277455187775,-0.392038092619891,0.0201681135537988
36.62,0.875664522516263,0.0345005933580741,-0.387970772885023,0.020553120061984
36.63,0.914093964221271,0.0296698210646835,-0.383862582997187,0.0209082933730659
36.64,0.951876540759449,0.0247442415964734,-0.379697305413445,0.0212336170692885
36.65,0.988892153485212,0.0197212575032787,-0.375459856531955,0.0215286555021366
36.66,1.02765002338248,0.0143112338360864,-0.371126543198399,0.0217930327702535
36.67,1.06261499152349,0.00908233869152707,-0.366670084048186,0.0220262961138809
36.68,1.09614194975198,0.00374367101886,-0.36205459149175,0.0222282655660358
36.69,1.13077782604831,-0.00198775293029751,-0.357241912964504,0.022398741368319
36.7,1.16058615301538,-0.00755088985268995,-0.35218444040245,0.0225376856970335
36.71,1.18805653420684,-0.0132251669458497,-0.346818783697928,0.0226454906332605
36.72,1.21587653011732,-0.0192766257747457,-0.34107095605267,0.0227227517840361
36.73,1.23791993537733,-0.0251482893011257,-0.334852243830487,0.0227702579736339
36.74,1.25991816022165,-0.0313662214928558,-0.328038862910205,0.0227897263722075
36.75,1.27571720516244,-0.0373791264125105,-0.320478118717029,0.0227835322146857
36.76,1.29124293412271,-0.0436905961828595,-0.312018188968595,0.0227531494111181
36.77,1.30040659609086,-0.0497560122814247,-0.302519012608217,0.0226995259959835
36.78,1.29900048203783,-0.0548863542611549,-0.291847550590576,0.0226230895561735
36.79,1.29185485615662,-0.0597304615656373,-0.279886048192875,0.0225219357612717
36.8,1.28509416943423,-0.0647557035586147,-0.266563057837914,0.0223908282192111
36.81,1.27586742955045,-0.0696922013125957,-0.251835171037578,0.022223116953515
36.82,1.26148549103097,-0.0742949689928614,-0.235659223325274,0.0220125880125305
36.83,1.24795453770659,-0.0789893949456034,-0.218020664758859,0.0217546395185008
36.84,1.23259221303899,-0.0835223793954543,-0.198914815684308,0.0214427431184259
36.85,1.21290089062685,-0.0876669798898015,-0.178388504749497,0.0210723245071995
36.86,1.19459557987294,-0.0918125398737709,-0.156534604114219,0.0206396528003127
36.87,1.17508790313631,-0.0957288660919883,-0.133473027157307,0.0201406106085982
36.88,1.15197563927302,-0.0992132829146077,-0.10933577212844,0.0195711164101504
36.89,1.13055606188352,-0.1026253455295,-0.0842827911508767,0.0189285075386572
36.9,1.10830870569343,-0.105761285406042,-0.0585026393227641,0.0182109615631285
36.91,1.08530109279011,-0.108611260049128,-0.0322165352313893,0.0174184381509592
36.92,1.05925103329609,-0.111007947688492,-0.0056670221895053,0.016552343978261
36.93,1.03490728747613,-0.113274925884074,0.0208931687700545,0.0156150072173631
36.94,1.00990773543004,-0.115245033767327,0.0472043701739116,0.0146107062823072
36.95,0.98211585729858,-0.116776940696329,0.0729982597793548,0.0135449374539651
36.96,0.955926333104033,-0.118169663436729,0.0980280656202627,0.0124248288048928
36.97,0.929152440342884,-0.119281596944759,0.122053194857254,0.0112576036042584
36.98,0.899839212123569,-0.119995185107378,0.144834376693835,0.0100495950011106
36.99,0.872055500293472,-0.120585409661013,0.166127897148603,0.00880482847217879
37,0.843799135738457,-0.12093385237159,0.18579225212684,0.00753118435147266
37.01,0.813296018122051,-0.120943362303054,0.203760185219912,0.00623836523823546
37.02,0.784287655003668,-0.120862540301112,0.220011263976269,0.0049355356067627
37.03,0.754947241729761,-0.120589541675238,0.234587318828157,0.00363068205447005
37.04,0.723668590146416,-0.120040949028319,0.247524191805624,0.00232958370216367
37.05,0.693858421488197,-0.119436747801233,0.25886640762042,0.0010380160982564
37.06,0.663851215753502,-0.118688092617157,0.268657351865936,-0.000238589355434803
37.07,0.632195777042539,-0.117723356307746,0.276918151877163,-0.00149601545673861
37.08,0.601966208342722,-0.116735658629715,0.283691000943753,-0.0027297834967477
37.09,0.570265066592023,-0.115569068327984,0.28904584784718,-0.00393469685162807
37.1,0.53994818813556,-0.114399682022432,0.293049009111023,-0.0051059569095193
37.11,0.509605238842313,-0.113157398591168,0.29577482707798,-0.00623813105513349
37.12,0.478029425549502,-0.111786742163558,0.297295644990534,-0.00732751689802285
37.13,0.4477596845875,-0.1104387732015,0.297722922501899,-0.00837104344637456
37.14,0.416399461076818,-0.108991030615404,0.297173903813709,-0.00936705017381324
37.15,0.386282081941895,-0.107578396708042,0.295768971398122,-0.010315134833829
37.16,0.356239802630566,-0.106144250614588,0.293615570443951,-0.0112152100016366
37.17,0.325295807456978,-0.104644088454274,0.290836079382755,-0.0120675503278687
37.18,0.29548832202598,-0.10318955152876,0.287559318410629,-0.0128733748710789
37.19,0.264893181576891,-0.101684817620898,0.283895359219356,-0.0136339951770531
37.2,0.235361950939811,-0.10022734759097,0.279944980918948,-0.0143504577466066
37.21,0.205152630883923,-0.0987308471958478,0.275796554222315,-0.0150246034345186
37.22,0.175936944017351,-0.0972798001158532,0.271531525645058,-0.0156580698912054
37.23,0.146873072764498,-0.0958320696751649,0.267217500567225,-0.016252189945595
37.24,0.117291678760683,-0.0943553487517804,0.262913380099242,-0.0168080953044442
37.25,0.0886106495677623,-0.0929165947814953,0.258662655085881,-0.0173271209789782
37.26,0.0595200800983056,-0.0914521639996631,0.254497469701703,-0.0178105632968892
37.27,0.0312782451397609,-0.090019020703942,0.250443434663302,-0.0182592768478308
37.28,0.00273792449496879,-0.0885619342341844,0.24651673746473,-0.0186740072569531
37.29,-0.0249928678132429,-0.0871288659263648,0.242735192470915,-0.0190549239941889
37.3,-0.0529082732317951,-0.0856725383613262,0.239112405974926,-0.0194021598456272
37.31,-0.0800466295100195,-0.0842328854731687,0.235654025978711,-0.0197161354595487
37.32,-0.1072612960938,-0.0827702026904193,0.232358287272629,-0.0199974841933503
37.33,-0.133728119743311,-0.0813173413276295,0.229214022700681,-0.0202469743036786
37.34,-0.15984578741293,-0.0798548883765209,0.226210297125115,-0.0204651216753756
37.35,-0.185889452284145,-0.07837009256754,0.223335678024178,-0.0206522848565542
37.36,-0.211224493147121,-0.0768866714037092,0.220577341826776,-0.0208088562555518
37.37,-0.236397687921019,-0.0753818622363987,0.217923529226065,-0.0209354120725381
37.38,-0.260888209086712,-0.0738741647088664,0.215368165712502,-0.0210324038661302
37.39,-0.285140003434035,-0.0723464481950635,0.212902503157739,-0.0211005773645595
37.4,-0.308736348030663,-0.0708125963613555,0.210520368022117,-0.0211405471212311
37.41,-0.332029522791569,-0.0692604800897819,0.208219995492704,-0.0211527741609384
37.42,-0.354696161845001,-0.0676999110543968,0.205986475951898,-0.021138454778456
37.43,-0.377008198004808,-0.066123373528546,0.20379770893766,-0.0210991009819538
37.44,-0.398724634328046,-0.064537402086846,0.201644505380751,-0.0210353514092325
37.45,-0.420046884151677,-0.0629384417139176,0.199526591842969,-0.0209473984193618
37.46,-0.440804336957725,-0.0613298568365551,0.197452102581503,-0.0208354276237601
37.47,-0.461136285213416,-0.0597111634117628,0.195429790717692,-0.0206999219371934
37.48,-0.48093248329723,-0.0580828754163584,0.193465787002169,-0.0205417990367949
37.49,-0.500280074785853,-0.056447051784577,0.191581997932159,-0.0203625316492472
37.5,-0.519120409771224,-0.0548016187508971,0.189795268147071,-0.0201639877347779
37.51,-0.537494862428228,-0.0531505186796352,0.188109269591645,-0.0199477746802928
37.52,-0.55538627810056,-0.0514896574758402,0.186522487178379,-0.0197153122169521
37.53,-0.572797003921039,-0.0498247246414284,0.185034625759407,-0.0194680527146995
37.54,-0.589743396434488,-0.0481500623495167,0.183640986991525,-0.0192077682995979
37.55,-0.606194461314132,-0.0464727343862267,0.182337948905411,-0.018936123207698
37.56,-0.622193309634022,-0.0447858353380114,0.181128118803854,-0.0186547069570837
37.57,-0.637717726153994,-0.0430931842366248,0.180013482806716,-0.0183652156496982
37.58,-0.652722843047154,-0.0413993669009357,0.178988999304616,-0.0180696223882385
37.59,-0.667282992481327,-0.039696130869266,0.178053242916577,-0.0177697023803781
37.6,-0.681308270773258,-0.0379923858857514,0.177206618496767,-0.01746708140294
37.61,-0.694889077493063,-0.0362792806381929,0.176447575883348,-0.0171637433726013
37.62,-0.707920878062198,-0.0345660262260652,0.175779097352035,-0.0168617724030778
37.63,-0.720507365229781,-0.032843363988926,0.175200112931249,-0.0165628355435222
37.64,-0.732533960524687,-0.0311206737694362,0.17470259788687,-0.0162687236281402
37.65,-0.744114919214362,-0.0293886261882255,0.174281394892536,-0.0159809032651107
37.66,-0.755129464794601,-0.0276567091206854,0.173927953821821,-0.0157008124527032
37.67,-0.765699850730016,-0.025915715880741,0.173633450183595,-0.0154298857995362
37.68,-0.775701894756381,-0.0241751508387768,0.173389232143356,-0.0151692071724487
37.69,-0.785263065417153,-0.0224260810785673,0.173181338138778,-0.0149198955579275
37.7,-0.794258035478299,-0.020677985451359,0.173000433418456,-0.0146827723208172
37.71,-0.802817229578913,-0.0189223389263379,0.172830605188039,-0.0144584842148615
37.72,-0.810815778881038,-0.0171685645133304,0.172656313319416,-0.0142473854323666
37.73,-0.818384543389101,-0.0154086804098262,0.172462190703007,-0.0140496065725302
37.74,-0.825400030475859,-0.0136519963081968,0.172232236395412,-0.013865215248276
37.75,-0.83199166678521,-0.0118911146546795,0.171952183749394,-0.0136939741143256
37.76,-0.838038372736918,-0.0101351761781257,0.17160615872803,-0.0135356932897046
37.77,-0.843666982197293,-0.00837740496889317,0.171179291628045,-0.0133898734113671
37.78,-0.848759779877765,-0.00662675427575552,0.170655722890946,-0.0132559730764812
37.79,-0.853440145903185,-0.00487710713276684,0.170020154471194,-0.0131333357532881
37.8,-0.857594507690882,-0.00313721273214494,0.169258870150485,-0.0130211293271754
37.81,-0.861342253529389,-0.00140161018095719,0.168356833655058,-0.0129186663797985
37.82,-0.864574664407945,0.000321184980929806,0.167304185093751,-0.0128248809998691
37.83,-0.867406838524017,0.0020359975421766,0.166083244589669,-0.0127389941649212
37.84,-0.869787495650457,0.00373756078501508,0.164684880591272,-0.0126596411506206
37.85,-0.871670763097208,0.00542094769018291,0.163091069001488,-0.0125859005735085
37.86,-0.873164985475479,0.00708998440262514,0.161294354082516,-0.0125162947913232
37.87,-0.874175545978904,0.0087367230943587,0.159279879617514,-0.0124496992691778
37.88,-0.87480621463793,0.0103643737695703,0.157040725883281,-0.0123847086597838
37.89,-0.874968510021537,0.0119652434935641,0.15456734510418,-0.0123200110332821
37.9,-0.87476154838418,0.0135419745085606,0.151849886791163,-0.0122545320883286
37.91,-0.874103058350415,0.0150871408766306,0.148887979646153,-0.0121865485589244
37.92,-0.873087358940999,0.0166029091494393,0.145670050662206,-0.0121151977179947
37.93,-0.871638308946179,0.018082149198582,0.14220246743224,-0.0120386204096797
37.94,-0.869845302368196,0.0195266817598982,0.138482721821896,-0.0119556356105445
37.95,-0.867638081337505,0.0209298039480688,0.134521339175883,-0.0118647575896427
37.96,-0.865101121271747,0.0222931408376794,0.130326434551589,-0.0117646624350434
37.97,-0.86216984293776,0.0236105167344219,0.125905342518095,-0.0116543674833158
37.98,-0.858923913406091,0.0248834196159024,0.121274725507245,-0.011532494898031
37.99,-0.855304199306759,0.026106274388276,0.116443384231609,-0.0113983128581696
38,-0.840809540523124,0.0224495445503043,0.111431478090465,-0.0112507851090376
38.01,-0.837729124258203,0.0213435644701413,0.110475593530573,-0.0106885000914938
38.02,-0.834417738637187,0.0202577179336285,0.109292324846545,-0.0100754390581475
38.03,-0.830863096253045,0.0191486397960193,0.108182645697936,-0.00943982350395752
38.04,-0.827081588830023,0.0180697989719033,0.107328629992842,-0.00878334298327931
38.05,-0.823166238065694,0.0169048469713933,0.106843704667188,-0.00811593548180621
38.06,-0.819258212107366,0.0157042098189098,0.106844122639543,-0.00744886054740886
38.07,-0.815495418431013,0.0143272653326487,0.107388600189433,-0.00679261100623042
38.08,-0.812044348405453,0.0128681244588543,0.108507878692528,-0.0061559003069325
38.09,-0.809042648617661,0.0111745184121628,0.110218283788276,-0.00554618560457643
38.1,-0.806648684209989,0.00939186481363005,0.112537516926793,-0.00497006014749939
38.11,-0.804973093573796,0.00745567559706285,0.115479707698778,-0.00443296470433489
38.12,-0.804082878922634,0.00528320723648158,0.119061345291527,-0.00393959548896379
38.13,-0.804104468257499,0.00308979554084057,0.123299935362671,-0.00349317797472249
38.14,-0.805023968348393,0.000697139397523486,0.128222874436992,-0.00309579416356062
38.15,-0.806977823926011,-0.00164591968838575,0.133841807593773,-0.0027497790063905
38.16,-0.809878432382062,-0.00414213231339221,0.140151902367101,-0.00245646623714485
38.17,-0.813901954393202,-0.00651669425946493,0.147126989744843,-0.00221676298702623
38.18,-0.818879394819786,-0.00900144986205681,0.154739315683624,-0.00203068292462806
38.19,-0.825052537939605,-0.0112996383838719,0.162941475897141,-0.00189858942133283
38.2,-0.832155512803737,-0.0136725051986953,0.171688001050385,-0.00182008205406718
38.21,-0.840515971647512,-0.0158020295689113,0.180912425377996,-0.00179532462740554
38.22,-0.849751440938898,-0.0179777648686366,0.190541159795947,-0.00182375997456716
38.23,-0.860293402490943,-0.019861139786964,0.200474803087122,-0.00190630900988615
38.24,-0.871622394674123,-0.0217689644108721,0.210627770447546,-0.00204322598527228
38.25,-0.883949512473214,-0.0235235666505948,0.220908780826423,-0.00223373252152255
38.26,-0.897627784386185,-0.0249251589693738,0.23122441662582,-0.00247537351300807
38.27,-0.911897969862814,-0.0263307068844147,0.241453635948979,-0.00276621436541485
38.28,-0.927533255348245,-0.0273532137207766,0.251452468563678,-0.00310558842106916
38.29,-0.943597849437037,-0.0283757343268093,0.261085713130956,-0.00349187737041849
38.3,-0.961036646144365,-0.0289949930188326,0.270256941891266,-0.00392117076070833
38.31,-0.97872299277527,-0.0296180990838605,0.27888315059645,-0.00439040769814819
38.32,-0.997122808055383,-0.0300422462218091,0.286892360849578,-0.00489529723035301
38.33,-1.01690133721582,-0.0300456096470615,0.294233249099321,-0.00543177848590823
38.34,-1.03662343896741,-0.0300690958037198,0.300881491160434,-0.00599549517668833
38.35,-1.05772791334021,-0.0296674119369297,0.30681622435866,-0.00658170210459544
38.36,-1.07856490132757,-0.0293009706518988,0.312032418291471,-0.00718636698587348
38.37,-1.09985580249559,-0.0287480203209295,0.316555260632809,-0.00780677812187691
38.38,-1.1225506179755,-0.0277695939956001,0.320400401911463,-0.00843885882274789
38.39,-1.14466407508877,-0.0268531259268357,0.323581024445667,-0.00907934375501831
38.4,-1.16820943209705,-0.0255144361517816,0.326116315043292,-0.00972496388956958
38.41,-1.19096976265189,-0.0242559778422391,0.328041817600067,-0.0103715409861987
38.42,-1.21396173171589,-0.0228367685620132,0.329403647369165,-0.0110162453735646
38.43,-1.23844633944079,-0.0210011826975817,0.330241055811452,-0.0116560228257314
38.44,-1.26184906880135,-0.0192722312974908,0.330597153269682,-0.0122875998219576
38.45,-1.28537390285954,-0.0173977239418837,0.330530420278238,-0.0129087201454596
38.46,-1.31047425326155,-0.0151125841338351,0.330087081131687,-0.0135170942084578
38.47,-1.33420935862676,-0.0129567372553736,0.329302845719591,-0.0141106513019058
38.48,-1.35797356020795,-0.0106678500831903,0.328219652422082,-0.0146877720784207
38.49,-1.38341398116562,-0.00797286072804712,0.326888772195008,-0.0152471352449514
38.5,-1.40721887209825,-0.00542534450281906,0.325351243499292,-0.0157876850435927
38.51,-1.43097572480363,-0.00275429205092034,0.323643238861859,-0.0163080152105936
38.52,-1.45652563651523,0.000319679159558967,0.321789855657253,-0.0168072635958964
38.53,-1.4801823831165,0.00323261246007084,0.31980921791405,-0.0172850022876225
38.54,-1.50372692840524,0.00626199040433115,0.317704779267576,-0.0177410958797347
38.55,-1.5291940190787,0.00969101490890784,0.315482966644496,-0.0181753373575257
38.56,-1.55252155778289,0.0129484656954832,0.313151058985872,-0.0185876172699456
38.57,-1.5756796859125,0.0163163487163522,0.310702379074562,-0.0189777183698689
38.58,-1.5986442650212,0.0197931277509804,0.308124801030813,-0.0193453617061021
38.59,-1.62368936242634,0.0236650560631423,0.305403133128382,-0.019690233168915
38.6,-1.6462289263325,0.027356509063538,0.302520674269007,-0.0200118522782973
38.61,-1.66845477269412,0.0311535870015126,0.299452044238998,-0.0203100856897862
38.62,-1.69279133438727,0.0353421878829961,0.296171294441082,-0.0205846136365366
38.63,-1.71422953922906,0.0393496061934461,0.292652069302631,-0.0208348507750206
38.64,-1.73507086603358,0.0434631900143008,0.288856370973687,-0.0210605806154385
38.65,-1.75514088438265,0.0476847972733757,0.284746204398554,-0.0212612485624629
38.66,-1.7769399666189,0.0522985855413661,0.280256935985874,-0.0214372026666001
38.67,-1.7948118982727,0.0567409320614307,0.275321439507996,-0.0215883032105581
38.68,-1.81114338597072,0.0612944936851475,0.269868599898524,-0.0217141501869166
38.69,-1.82852050226824,0.066232192143772,0.263831356493648,-0.0218137455819578
38.7,-1.84096012328302,0.0709948062507693,0.257139366860545,-0.0218859881965159
38.71,-1.85102960553709,0.0758502230210343,0.249717314579521,-0.0219309724135993
38.72,-1.86148099741947,0.0810525262754822,0.24147917127775,-0.0219485258105574
38.73,-1.86619573396368,0.086047372415295,0.232327282483857,-0.0219371967662356
38.74,-1.87098891777556,0.0913445449066196,0.222154816226855,-0.0218949828858461
38.75,-1.8697567181459,0.0963960289959531,0.210874541563779,-0.0218198208633719
38.76,-1.86849153739525,0.101689905095927,0.198393276382365,-0.0217095017468381
38.77,-1.86116980411232,0.106687900735615,0.184648429056198,-0.0215616972263147
38.78,-1.84379768436451,0.110687843095671,0.169586423806992,-0.0213735047621724
38.79,-1.82406911699243,0.114589825892203,0.15316691582018,-0.02114181478761
38.8,-1.79921951282731,0.118143898094502,0.135478211874745,-0.0208581769053713
38.81,-1.77530189293163,0.121793244208834,0.11664493432463,-0.0205155996757069
38.82,-1.74954630319534,0.125281384455619,0.0966079875403429,-0.0201182953469069
38.83,-1.71937846242927,0.12837781874415,0.075459794996859,-0.0196632747675531
38.84,-1.69063937671324,0.131488008185446,0.0533004835669688,-0.0191476036777758
38.85,-1.66070461804103,0.134377257951664,0.0302294740630862,-0.0185689756491626
38.86,-1.62713895624928,0.136838196716709,0.00636055146822476,-0.017926614095212
38.87,-1.59541107378483,0.139244678794217,-0.0181639605162546,-0.0172201759411396
38.88,-1.5629759367157,0.141387780721509,-0.043167646240664,-0.0164495127365118
38.89,-1.5299395353522,0.143258885906797,-0.0684483570543325,-0.01561533287735
38.9,-1.49398754300083,0.144685758935212,-0.093794888740928,-0.0147190642264919
38.91,-1.46002855552478,0.146004962517804,-0.118992128052369,-0.0137631778026972
38.92,-1.42565361206612,0.147043822482242,-0.143813675149872,-0.0127509025993375
38.93,-1.38867409006435,0.147655679119618,-0.168039680698147,-0.0116864067375687
38.94,-1.35361776945337,0.148151082208505,-0.191464021695672,-0.0105748312857573
38.95,-1.31823195540342,0.14838233491595,-0.213898537233839,-0.00942161489567317
38.96,-1.28049524093493,0.148225786669872,-0.23516172434053,-0.00823175447740849
38.97,-1.24459292016992,0.147966079057393,-0.255036526214259,-0.00700708196918829
38.98,-1.20845192126548,0.147478191474168,-0.273383947042629,-0.00575219760384812
38.99,-1.17022963151068,0.14665881289376,-0.290152860409097,-0.00447538127792579
39,-1.13377951231011,0.145765297136063,-0.305325451159904,-0.00318487994778377
39.01,-1.0972075783047,0.144689594973709,-0.3189150978296,-0.00188840224748326
39.02,-1.0588439612499,0.143342882914612,-0.330939811265287,-0.000591944131339911
39.03,-1.0222068180337,0.141953624810755,-0.341455474668556,0.000699637755398504
39.04,-0.985567903513083,0.140427101504485,-0.350562655074322,0.00198202219093695
39.05,-0.947416465509562,0.138685910474374,-0.358302263872231,0.00325092440389941
39.06,-0.910935969297703,0.136930146636039,-0.364708093468267,0.00450204998102103
39.07,-0.874557312459345,0.135077135239364,-0.369850384815976,0.0057300825499847
39.08,-0.836921974588747,0.133060265867089,-0.373775979178009,0.00693031312621002
39.09,-0.800885127267281,0.131053528239987,-0.376527664508779,0.00809854207919367
39.1,-0.763745487875684,0.1289137179291,-0.378176830636372,0.00923144577220925
39.11,-0.728145749400491,0.126798366998017,-0.378821419274589,0.010326318929114
39.12,-0.692769380133704,0.124641488392175,-0.378577154798938,0.0113815677302894
39.13,-0.656498634692658,0.122390626612724,-0.377538356458419,0.0123964053872645
39.14,-0.621666625991492,0.120178605303861,-0.37581377321763,0.0133707601032203
39.15,-0.586063559494868,0.117892796984267,-0.373507089478101,0.0143044689169918
39.16,-0.551824496498534,0.115650787382396,-0.370733372460912,0.0151983907881502
39.17,-0.5169288521288,0.113350465311557,-0.367589924248041,0.0160536980582583
39.18,-0.483320977070985,0.111095098701237,-0.36416313597369,0.0168711863244218
39.19,-0.450019738044438,0.108835550595425,-0.360529985525752,0.0176513499228248
39.2,-0.416225797679802,0.106533565002565,-0.356768490495421,0.0183952572895036
39.21,-0.3836122064747,0.104272683196292,-0.352944684994072,0.0191040540724789
39.22,-0.350613031645675,0.101975651253546,-0.349109407430264,0.0197786062113155
39.23,-0.318730199397802,0.0997145060218226,-0.345304695575077,0.0204197218440211
39.24,-0.286570939162271,0.0974211807759792,-0.34156284417155,0.0210280470458965
39.25,-0.255473284313866,0.0951573626842701,-0.33790275325155,0.0216043596884003
39.26,-0.224210317743952,0.0928638880772643,-0.334339293564561,0.0221492017938297
39.27,-0.193965098782663,0.0905931172042299,-0.330884211785994,0.0226630895421394
39.28,-0.164158624074455,0.0883158726427306,-0.327545185818253,0.0231465582412578
39.29,-0.134361145375932,0.086011218529359,-0.324322899874395,0.0236001152695154
39.3,-0.105534086579705,0.0837192350525286,-0.321211587973803,0.0240240060611743
39.31,-0.0768259652208609,0.0814011113795649,-0.318202636612213,0.0244183098830302
39.32,-0.0490602758221117,0.0790899654552961,-0.315285194532236,0.0247830244429365
39.33,-0.0215173978013974,0.0767541737238342,-0.312445906085495,0.0251181510159579
39.34,0.0051084001811379,0.0744206752482673,-0.309671823935719,0.0254237001263733
39.35,0.0314169039768242,0.0720644779053201,-0.30695365463835,0.0256995328323185
39.36,0.0568336584692082,0.0697069847914898,-0.304279708002997,0.025945638028733
39.37,0.0818494881197216,0.0673292001878357,-0.30163728349069,0.0261620224996938
39.38,0.105999494883391,0.064947688291427,-0.299012858641542,0.0263487480025415
39.39,0.129677642589309,0.0625489235601835,-0.296395847374356,0.0265057783602876
39.4,0.15251765009654,0.060145210116465,-0.293771261043368,0.026633252708252
39.41,0.174827869679245,0.0577280082196142,-0.291110350120138,0.0267319957975487
39.42,0.196330350400907,0.0553062088625979,-0.288391955121107,0.0268021920568882
39.43,0.217258168458613,0.0528757243883259,-0.285606269521136,0.0268435064863407
39.44,0.237410082538936,0.0504422766657108,-0.282747627077832,0.0268555554631664
39.45,0.256892144262578,0.0480054368936808,-0.279814977490737,0.0268379341824821
39.46,0.275750366560394,0.0455677947163629,-0.276810512383263,0.0267904440239462
39.47,0.293877886713208,0.0431307890814436,-0.273748356215953,0.0267137929932007
39.48,0.311360382881142,0.0406979932447481,-0.270636812834274,0.0266089721997011
39.49,0.328142673620728,0.0382684835311347,-0.267471716002444,0.0264764791135616
39.5,0.34426465669097,0.0358480805774806,-0.264241639890861,0.026316784304458
39.51,0.359712810052132,0.0334341268053532,-0.260939388370418,0.0261303672558216
39.52,0.374488541627557,0.0310343489646092,-0.257554988668449,0.02591770478774
39.53,0.388611949108635,0.0286446629054923,-0.2540839162137,0.025679514599266
39.54,0.402051696105356,0.0262741811451221,-0.250524488814886,0.0254166911933135
39.55,0.414854954750557,0.0239175997030845,-0.246868697205116,0.0251302077413579
39.56,0.426963322363592,0.0215850834267212,-0.243113961049249,0.0248211559967762
39.57,0.438446295019848,0.019270438911615,-0.239250833090076,0.0244907292493132
39.58,0.449224255970249,0.0169846422219308,-0.23526996097721,0.0241399782557943
39.59,0.459385147782442,0.0147209158168537,-0.231173066971719,0.0237705767629485
39.6,0.468833484595517,0.0124906608002324,-0.226958414868075,0.0233843826180975
39.61,0.477672658380817,0.0102866744179796,-0.222613216289774,0.0229828905988424
39.62,0.485796115748276,0.00812082128977995,-0.218117867053696,0.0225674116598244
39.63,0.493319864211588,0.00598590689541468,-0.213470996564866,0.0221396184785034
39.64,0.500130740085135,0.00389394545474619,-0.208668012992179,0.0217013866268086
39.65,0.50635524843628,0.00183776882649363,-0.203690684097934,0.0212535130045267
39.66,0.511876731776251,-0.000170368014760696,-0.198520039113612,0.0207967843483679
39.67,0.516829114194687,-0.00213734886217863,-0.193159857086918,0.0203322894437606
39.68,0.521094795927662,-0.00405104470084495,-0.187597326242356,0.0198607674895683
39.69,0.524812676500104,-0.00591802493838811,-0.181819640539996,0.0193820432532133
39.7,0.527866001026781,-0.00772627724716535,-0.175831786001497,0.0188963876735186
39.71,0.530396139399143,-0.00948221782573882,-0.169641657534734,0.0184036724706739
39.72,0.532288218384058,-0.0111744211301843,-0.163267049699538,0.017903931878908
39.73,0.533683798188887,-0.0128094270717033,-0.156738603070906,0.0173977505702491
39.74,0.534533207689553,-0.0143808945305785,-0.150072286352179,0.0168853374061277
39.75,0.53478978832349,-0.0158830313569972,-0.14327121491739,0.0163664275763779
39.76,0.534592421180473,-0.0173222703774374,-0.136352586553771,0.0158411744377878
39.77,0.533834982047723,-0.0186893803049498,-0.12935029355632,0.0153105186182902
39.78,0.532653488156718,-0.019990993348181,-0.122282420783552,0.0147747086518757
39.79,0.530946443370635,-0.0212187995577422,-0.115165649262407,0.0142339963943948
39.8,0.528846079878422,-0.0223793996532009,-0.108017654819184,0.0136891663000801
39.81,0.526256181098943,-0.0234653704253683,-0.100862697724615,0.0131411631506711
39.82,0.523304914388617,-0.0244833647842295,-0.0937197801534624,0.0125909301454932
39.83,0.519901615663553,-0.0254268464784096,-0.0866043040369991,0.0120394194774673
39.84,0.516169963352694,-0.0263024045582539,-0.0795343248986029,0.0114876227267548
39.85,0.512025189640175,-0.0271043870111895,-0.0725409284744727,0.0109367402937935
39.86,0.507586314864436,-0.0278394962918997,-0.0656382039748225,0.0103880517883632
39.87,0.502774500620895,-0.0285028642009722,-0.0588378282474307,0.00984259337221013
39.88,0.497703724067075,-0.0291010931894989,-0.0521636656729328,0.00930165035882747
39.89,0.492300983795756,-0.0296301265951619,-0.0456282947505866,0.00876680880906559
39.9,0.486675035749767,-0.0300964762657653,-0.0392419895715234,0.00823917833318467
39.91,0.480758378146484,-0.0304967296036644,-0.0330231176645341,0.0077197054441093
39.92,0.474654062993276,-0.0308373781269499,-0.0269902361677917,0.00720960944220257
39.93,0.468299751394421,-0.0311157175960644,-0.0211513317850483,0.00670999313667305
39.94,0.461792597928018,-0.031338106771619,-0.0155187996015026,0.00622177665205268
39.95,0.455074999152172,-0.0315024382074056,-0.0101058772732043,0.00574592251930988
39.96,0.448238060332582,-0.0316149910478197,-0.00492313029736762,0.00528334379399553
39.97,0.441228567723115,-0.0316741916938431,2.65525927508542e-05,0.0048349958324754
39.98,0.434131584286186,-0.0316860999963795,0.00473642359825415,0.00440162885985678
39.99,0.426928906981486,-0.0316512462323865,0.00919995542053788,0.00398383815314688
40,0.408431403317806,-0.0338049331915724,0.0134132716842633,0.00358221684978636
40.01,0.401112522389288,-0.0360415887152373,0.0188269033860824,0.00329085469756774
40.02,0.393507043109465,-0.0382246565323466,0.0242395141816618,0.00303139006952763
40.03,0.385646965992855,-0.0403046159360577,0.0299153170420165,0.00280356341612328
40.04,0.377543670267279,-0.0423449205393686,0.0360100545139011,0.00260878501879969
40.05,0.369157071095979,-0.0442963535946984,0.0425977762337981,0.00244335274676614
40.06,0.360393391786997,-0.0462842918626286,0.0497018808378862,0.00230100458657207
40.07,0.351149686852995,-0.0482374231790888,0.0573094820605015,0.00217429399935617
40.08,0.341295701264799,-0.0503057038873571,0.0653991584136321,0.00205620744399415
40.09,0.330709526120502,-0.0523764005458987,0.0739357697108445,0.0019402373193123
40.1,0.319273721564653,-0.0546099696131932,0.0828954397902177,0.00182149653465801
40.11,0.306885226244411,-0.0568430686414501,0.0922520112659095,0.00169581175092776
40.12,0.29348202593321,-0.0592435087352422,0.101993145131016,0.00156025449605565
40.13,0.278982863139525,-0.0616025396651484,0.112106518472984,0.00141226490422958
40.14,0.263392985654198,-0.0641036646793761,0.12258239494872,0.00125013865973187
40.15,0.246626005243853,-0.066503558875189,0.13340787114938,0.00107231021016871
40.16,0.228756649004079,-0.0690096439276583,0.144563580898434,0.000876917235035683
40.17,0.209663220127642,-0.0713514769436446,0.156023689007909,0.000661771568625342
40.18,0.189497830601951,-0.0737647235553429,0.167755384403158,0.000425070282763504
40.19,0.168076423010362,-0.0759561592190884,0.179694489157521,0.000164100794504387
40.2,0.145642967037443,-0.0781908104578674,0.191759971784486,-0.00012491963880134
40.21,0.121928305285068,-0.0801542713925482,0.203878063331517,-0.000444371644034882
40.22,0.0972868636057305,-0.0821400978688162,0.215983600278809,-0.000795376129876463
40.23,0.071346369210187,-0.0838129230525219,0.228004983051868,-0.00117976107398674
40.24,0.0445928727944649,-0.0854933589938258,0.239861410513209,-0.00159891564518659
40.25,0.0165318491162827,-0.0868258934753592,0.251448082674271,-0.00205469402027758
40.26,-0.012201238798089,-0.0881575460054708,0.262680571418097,-0.00254824092337102
40.27,-0.0422430897441997,-0.0891137975036483,0.273470626064557,-0.00307972763415807
40.28,-0.072792869660077,-0.0900671709098095,0.283745101731411,-0.00364868690862529
40.29,-0.104160313049436,-0.0908276032491776,0.293439761964669,-0.00425430320434951
40.3,-0.136832189799907,-0.0911845104955558,0.302505732889244,-0.00489499435178755
40.31,-0.169733549978564,-0.0915473923417185,0.310903106058351,-0.00556759899288443
40.32,-0.203935424622959,-0.0914958335690003,0.318633493800175,-0.00626988349937528
40.33,-0.23816265391556,-0.0914604783835478,0.32568644161027,-0.00699876867500331
40.34,-0.273686632655499,-0.0910037894463308,0.332050439545389,-0.00775096315553583
40.35,-0.309024500709251,-0.0905767375094834,0.337721264451535,-0.00852206418635259
40.36,-0.34481115888752,-0.0899610350685564,0.342705245812138,-0.00930783837058017
40.37,-0.381903669169252,-0.0889206997798744,0.347008973708199,-0.010103760802984
40.38,-0.418492714214338,-0.0879355548612687,0.350659447605347,-0.0109056693586845
40.39,-0.456406200885452,-0.0865274771974555,0.353689260199592,-0.0117094721021661
40.4,-0.493608181103888,-0.0851921427199203,0.356132193998291,-0.0125113360347158
40.41,-0.531020296026631,-0.083691395899886,0.35802651501653,-0.013308445363695
40.42,-0.569803582359131,-0.0817716399160061,0.359399703539221,-0.0140977037537347
40.43,-0.607571524422811,-0.0799508311737329,0.360300760802053,-0.014877004008265
40.44,-0.645429457346697,-0.0779792199448004,0.360759388392731,-0.0156442490330263
40.45,-0.684728312040683,-0.0755934438544992,0.360809128870228,-0.0163973547900961
40.46,-0.722722420198616,-0.0733304405884456,0.360499608108573,-0.0171353538590062
40.47,-0.760705042515995,-0.0709298435135658,0.359856085736563,-0.017856404246874
40.48,-0.800218619781656,-0.0681196840950582,0.358899800328695,-0.0185593265346028
40.49,-0.838151715014864,-0.0654526895145935,0.357668351388842,-0.0192429809184621
40.5,-0.875988505026063,-0.0626594907606813,0.35619129654577,-0.0199058474735713
40.51,-0.915463972061994,-0.0594611894476113,0.354492267332263,-0.0205465936969811
40.52,-0.95309703983184,-0.0564228551681546,0.352592082344635,-0.0211639043373917
40.53,-0.990563201587142,-0.053267696063852,0.35051495799152,-0.0217564213368114
40.54,-1.02978942738371,-0.0497116879520366,0.348284818280522,-0.0223234621354197
40.55,-1.06692399279667,-0.0463287764667311,0.345922175776099,-0.022864310348437
40.56,-1.10383430198865,-0.0428364390443355,0.343444624948073,-0.0233781691867629
40.57,-1.1426380835726,-0.038947431697882,0.340868265768085,-0.0238640835388823
40.58,-1.17911047727381,-0.0352407880564924,0.338209153571145,-0.0243211202660962
40.59,-1.2153021729323,-0.0314297778869088,0.335481785948898,-0.0247484850461447
40.6,-1.25118501544752,-0.0275150567162462,0.332700068456905,-0.025145628127815
40.61,-1.28910352179042,-0.0232064441363674,0.329872691210806,-0.0255126978889162
40.62,-1.32430473183749,-0.0190836567074887,0.327006221777646,-0.0258498036937594
40.63,-1.35904414397926,-0.0148557179985062,0.324104469402679,-0.0261569330494105
40.64,-1.395798559169,-0.0102327735626431,0.321161452817678,-0.0264344107278041
40.65,-1.42937492142167,-0.00578862661797383,0.318167823955221,-0.026682725267295
40.66,-1.46210060992005,-0.00123075661366756,0.315120623486799,-0.0269018898693443
40.67,-1.49374568573684,0.00344586584514064,0.312010111512064,-0.0270922312993288
40.68,-1.52682878822337,0.00852859159224356,0.308829692072018,-0.0272537733777335
40.69,-1.55552012632074,0.0134552942987389,0.305566261455698,-0.0273867821132399
40.7,-1.5822469979098,0.018511831115978,0.302205127499571,-0.0274914722293518
40.71,-1.6096349724534,0.0239727411767029,0.298725822407649,-0.0275682625180056
40.72,-1.63159517129405,0.0292813974282075,0.295098058461317,-0.0276180777152209
40.73,-1.65375487253973,0.0349762786907888,0.291292936601914,-0.0276418781860086
40.74,-1.66995770017896,0.0405069333882225,0.287274948796126,-0.0276406506664012
40.75,-1.68300523831302,0.0461310905506247,0.282988682961386,-0.0276152930122778
40.76,-1.69582606792005,0.0520903415982488,0.2783635825038,-0.0275666982172152
40.77,-1.70232302258462,0.0578445868451608,0.27331308047399,-0.0274959252740733
40.78,-1.69828057606828,0.0627133072300955,0.267725189546368,-0.0274043672888984
40.79,-1.69149737046792,0.0675906559596411,0.26146721376499,-0.027293827614457
40.8,-1.67913998027794,0.0722272626373965,0.254387070091411,-0.0271656351963318
40.81,-1.66729431513796,0.0770810790510715,0.246304148655299,-0.027020649741975
40.82,-1.65315080719009,0.0818905719568604,0.237030626348479,-0.0268588720984822
40.83,-1.63408876226117,0.0864177610969097,0.226406182692437,-0.0266790526698078
40.84,-1.61603004885687,0.0910757284315,0.214293228327478,-0.0264766775802779
40.85,-1.59632126987019,0.0956171483525568,0.200593036599312,-0.0262445980869061
40.86,-1.57249411651067,0.0998200509828446,0.185233957379126,-0.0259745441707148
40.87,-1.55012217185988,0.104059404315991,0.168180888093003,-0.0256580428384018
40.88,-1.52662859785047,0.108107972053032,0.14941921965726,-0.0252856095311277
40.89,-1.50212795576081,0.111943190979968,0.129025416322205,-0.024848876614506
40.9,-1.47426178118108,0.115372796140763,0.107165743962048,-0.024343149986672
40.91,-1.44803705843734,0.118729644792687,0.0839737739433182,-0.0237631502256258
40.92,-1.42099357296799,0.121819826444839,0.0596171387651409,-0.023104307461676
40.93,-1.39088671699835,0.124475289962303,0.034263049033291,-0.0223627993355043
40.94,-1.36233697851522,0.12700123667186,0.00810958093042822,-0.0215354748856808
40.95,-1.33303403900004,0.129228478687854,-0.018618423138507,-0.020620917468326
40.96,-1.30299873046487,0.131151535834045,-0.0456776720441936,-0.0196193616774433
40.97,-1.2702135971086,0.132634498088915,-0.0728206461194186,-0.0185330542967285
40.98,-1.23885692149911,0.133948861602774,-0.0997886447712793,-0.0173658975959767
40.99,-1.20686919285946,0.134958583870423,-0.126320139287632,-0.0161234076196402
41,-1.17242307014469,0.135550881650595,-0.152164231948936,-0.0148127959533393
41.01,-1.13937780665509,0.135974629488413,-0.177093581810276,-0.0134427404427045
41.02,-1.10409614356115,0.136007761514269,-0.200895405628063,-0.0120222189996654
41.03,-1.07022021448027,0.135884720628955,-0.223383493546851,-0.0105603318186608
41.04,-1.03599105762847,0.135505570232089,-0.244394391534778,-0.00906557358470001
41.05,-0.999868102926888,0.134790478676931,-0.263745099758891,-0.00754381828026274
41.06,-0.965159247131609,0.133952194741943,-0.28126561458212,-0.00599884071966488
41.07,-0.930264072728575,0.132909263957258,-0.296911716462581,-0.00443977837448547
41.08,-0.893794554315417,0.131597302922653,-0.310719041454749,-0.00287767585127403
41.09,-0.858728069856141,0.130204360268738,-0.322738317942736,-0.00132104691195999
41.1,-0.822282678044283,0.128585374217563,-0.333064616756182,0.00022388600721626
41.11,-0.787219006764619,0.126911400626714,-0.341773048790757,0.001751726132779
41.12,-0.752188418591777,0.125118918522125,-0.348942107432954,0.00325516284457665
41.13,-0.716043147129579,0.123158660887522,-0.354625233876358,0.00472803657071887
41.14,-0.681229503810615,0.121177694002312,-0.358875907731052,0.00616456517086293
41.15,-0.645458797495287,0.119064153547949,-0.361768352703572,0.00755895381119264
41.16,-0.610974896170434,0.116950233616493,-0.363378604035547,0.00890527383641969
41.17,-0.576668840556842,0.114787304599632,-0.36376000662452,0.010197927240539
41.18,-0.54161998906447,0.112538928964679,-0.362988524094871,0.011432977395219
41.19,-0.507782096813084,0.110315998931526,-0.361178772984875,0.0126074652911177
41.2,-0.473332716079019,0.108033922059537,-0.358460908827537,0.0137196900391511
41.21,-0.440040700847927,0.105789539512115,-0.354949366664013,0.0147692660145985
41.22,-0.406260744167222,0.103506943056144,-0.350776184831693,0.0157563291605669
41.23,-0.373583783056425,0.101269654865535,-0.346063592522658,0.0166812341436458
41.24,-0.34121851302171,0.0990420656448997,-0.340954314289958,0.0175459798888905
41.25,-0.308541415498734,0.0967974364416279,-0.335548231442996,0.0183525041959094
41.26,-0.276891645038809,0.0946007245420185,-0.329935788379504,0.0191025043799011
41.27,-0.245043309718307,0.0923952021082638,-0.324201249244221,0.0197982090497188
41.28,-0.214178956407977,0.0902351858288099,-0.318415034855743,0.0204417257402111
41.29,-0.183230194753657,0.0880710745429544,-0.312639160791293,0.0210351172608887
41.3,-0.153229937749311,0.0859477135675565,-0.306934198781455,0.0215801730144582
41.31,-0.12325430959477,0.083822395476513,-0.301342918486761,0.0220789370893923
41.32,-0.0941926148499537,0.0817316242136296,-0.295904936322135,0.0225329380761187
41.33,-0.0652567498847976,0.0796392423965364,-0.290649089841603,0.022943686316191
41.34,-0.0372026343982732,0.0775743885427861,-0.285593277299737,0.0233127306848964
41.35,-0.00936739199310743,0.0755072060914876,-0.280750535300865,0.0236414096579707
41.36,0.0176173310422776,0.0734605078525456,-0.276126679892454,0.0239310096378032
41.37,0.044060337126032,0.0714193222376737,-0.271719399471597,0.0241827550235335
41.38,0.0701630258822519,0.0693743106591882,-0.267522448345915,0.0243976676627655
41.39,0.0954607120653819,0.0673404550196534,-0.26352568853758,0.0245766441464734
41.4,0.120351570591051,0.065302172768312,-0.259716451577813,0.0247204915029605
41.41,0.14446861928243,0.063270212470508,-0.256080374323334,0.0248299529002026
41.42,0.168123653464015,0.0612338976920371,-0.252601243567391,0.024905855872906
41.43,0.191037055918191,0.0592003736230807,-0.249267204224842,0.0249489869522822
41.44,0.213444687754071,0.0571632453773457,-0.246069079044595,0.0249600603973477
41.45,0.235143138355586,0.0551264772026191,-0.242994984106135,0.0249399558122344
41.46,0.256301509462943,0.0530873817549656,-0.240031789720912,0.0248896608904976
41.47,0.27678140183208,0.0510472372974552,-0.237169392418086,0.0248100192126658
41.48,0.296694681990685,0.0490066197203629,-0.234378237294706,0.0247028124925664
41.49,0.315959524782793,0.0469648751049444,-0.231633700504787,0.0245693661961606
41.5,0.334639588159607,0.0449255464963232,-0.228922662489501,0.0244102902559343
41.51,0.352698621754598,0.0428861289133716,-0.226242270844151,0.0242261120581006
41.52,0.370157754068876,0.0408521957851081,-0.223592623616558,0.0240172627863854
41.53,0.387018067357182,0.0388194911023542,-0.220977169687073,0.023784259533376
41.54,0.403264452776735,0.0367949567729424,-0.218417809381987,0.0235287995865565
41.55,0.418928168739381,0.0347725450994629,-0.215929876521126,0.0232529707002206
41.56,0.433963820248941,0.0327600356447434,-0.213513342833297,0.0229584246009359
41.57,0.448426834684231,0.0307502564315454,-0.211153787364311,0.0226466614052731
41.58,0.462247051392239,0.0287520111145632,-0.208839562373268,0.0223188439391714
41.59,0.475499582173008,0.0267575102856483,-0.206558999456837,0.0219762055731902
41.6,0.488094868882495,0.0247763062385714,-0.204304802756417,0.0216202917034221
41.61,0.500124329619755,0.0228001224545878,-0.202078452031409,0.0212528239627445
41.62,0.511539138894589,0.0208341697237318,-0.199873964035427,0.0208757833393826
41.63,0.522279303371844,0.0188839266520484,-0.197680873126483,0.0204908239618173
41.64,0.532455534569603,0.0169408623799341,-0.195489329793587,0.0200997778344407
41.65,0.541951189900072,0.0150152424974329,-0.19329114724451,0.019704434975206
41.66,0.550886869316713,0.0130986301316507,-0.191071504652031,0.0193064726963145
41.67,0.559141864952394,0.0112014404516619,-0.188821341593104,0.0189077506915628
41.68,0.566844113577812,0.00931548600809966,-0.186527479016423,0.0185099884629345
41.69,0.573871504804542,0.00745122541279897,-0.184172502794067,0.0181147866792293
41.7,0.580356878266954,0.00560095880662916,-0.181733522350928,0.0177234428905727
41.71,0.586178823714704,0.00377529394036502,-0.179186259291332,0.0173370606309847
41.72,0.591472824796266,0.00196717309847863,-0.176515551800584,0.0169568099930221
41.73,0.596119440626834,0.000187155998850949,-0.173704638799189,0.0165835047843582
41.74,0.600254585395515,-0.00157118326470459,-0.170726154988197,0.0162176397991368
41.75,0.603761629532677,-0.00329726469389637,-0.167560447515163,0.0158590064774397
41.76,0.606775192875316,-0.00499678100813976,-0.164187408635683,0.0155074390391356
41.77,0.609182384391248,-0.00665932518096,-0.160604809452248,0.0151624974259842
41.78,0.61111548792648,-0.00829011681252124,-0.156804778090296,0.0148235461823379
41.79,0.612465988796551,-0.00987914159815366,-0.152783723652372,0.0144893675738971
41.8,0.613362806287606,-0.0114311600796005,-0.148536906417296,0.0141588195125947
41.81,0.613702258970303,-0.0129366188062714,-0.144068940473938,0.0138305828338552
41.82,0.613609437711974,-0.0143999707459851,-0.139387210779017,0.0135038023515859
41.83,0.612986137393275,-0.0158123372519662,-0.134508107940308,0.013177513613295
41.84,0.611953320187878,-0.0171781205025518,-0.129453126857974,0.0128511487639215
41.85,0.610418612737149,-0.0184892774773877,-0.124231327964453,0.0125236938771482
41.86,0.608498588370827,-0.0197500824753306,-0.11885923303624,0.0121943314328491
41.87,0.606106899686132,-0.0209532418089179,-0.113350194855857,0.0118624732194874
41.88,0.60335554403493,-0.0221029207985161,-0.10771895958428,0.0115274501321983
41.89,0.600209713441567,-0.0231950945521984,-0.101984521200454,0.0111890194907252
41.9,0.596640354375724,-0.0242263571790747,-0.0961669934137134,0.0108467443035559
41.91,0.592752197585007,-0.0252008399273488,-0.0902819371701645,0.0105004086946075
41.92,0.588473888647179,-0.0261131526123062,-0.0843448838826529,0.0101496611981039
41.93,0.583904974756793,-0.0269673952091688,-0.0783772372635344,0.00979456493537318
41.94,0.578979802554452,-0.0277589621694936,-0.0723988880968787,0.00943547109831258
41.95,0.573792738402714,-0.028491997054729,-0.0664268169559713,0.009072646559087
41.96,0.56828353477054,-0.0291625792449638,-0.0604709358688845,0.00870635550904983
41.97,0.562541245431097,-0.0297747546312392,-0.0545458883133241,0.00833708544209589
41.98,0.556510839996271,-0.0303252531865544,-0.0486716555091398,0.00796576043535416
41.99,0.550276273803698,-0.0308181618359581,-0.0428629371750888,0.00759306695026588
42,0.543787436652705,-0.0312508386218233,-0.0371318339256446,0.00721943257600667
42.01,0.537123045304309,-0.0316273298813403,-0.0314941023515322,0.0068453147675077
42.02,0.530237511253617,-0.0319456369227309,-0.0259705409766796,0.00647161658817362
42.03,0.523204595128787,-0.0322098705594234,-0.0205742229765019,0.00609931644996106
42.04,0.515983066533291,-0.0324186220217326,-0.0153185886745036,0.00572896072879189
42.05,0.508641718825048,-0.0325759961250109,-0.0102173588393035,0.00536117832734621
42.06,0.501143260832542,-0.0326811324399784,-0.00528526186608753,0.00499687339009843
42.07,0.493551776933199,-0.0327381562822432,-0.000534143861970931,0.00463705561522131
42.08,0.485833746324211,-0.0327466906285173,0.00402902336893491,0.00428254827990478
42.09,0.478048642201728,-0.0327107832174219,0.00839478461642933,0.00393399522984931
42.1,0.47016630147399,-0.0326304695476592,0.0125546459634629,0.00359218328815344
42.11,0.462241711039116,-0.0325097346864766,0.0165023315097036,0.00325793210988992
42.12,0.454247815753019,-0.0323489607141334,0.0202342468426337,0.00293198256967664
42.13,0.446235241118778,-0.032151986411196,0.0237494660541531,0.00261497038108402
42.14,0.438179696810218,-0.0319194274569506,0.0270471920912243,0.00230746952189697
42.15,0.430127537139123,-0.0316549526285104,0.0301244157867874,0.00200994709844203
42.16,0.42207225540211,-0.0313600222208477,0.0329821572074821,0.00172289744999109
42.17,0.414010045823675,-0.0310362545459873,0.0356238666863432,0.00144673732105507
42.18,0.405981127208502,-0.0306869915122673,0.0380536365235051,0.001181802374738
42.19,0.397966799441727,-0.030313238626634,0.040274994358305,0.000928317228683117
42.2,0.390003368649104,-0.0299181014495295,0.0422923241334816,0.000686428908886896
42.21,0.382073910132313,-0.0295026510981272,0.0441115185116933,0.000456249506414214
42.22,0.374210998289799,-0.0290697291154153,0.0457393234227801,0.000237888732822768
42.23,0.366399280717753,-0.0286204241318504,0.0471815958211281,3.13136323190413e-05
42.24,0.358667801943355,-0.0281573144900391,0.0484460765347064,-0.000163531563188386
42.25,0.351002589623466,-0.0276814693586973,0.0495409241779128,-0.000346745475123864
42.26,0.343429382731708,-0.0271951819402059,0.0504747015763182,-0.000518520257082101
42.27,0.335935422060032,-0.0266994711171366,0.0512555757133459,-0.000679126268951103
42.28,0.328543338657905,-0.0261963563549936,0.0518913363788636,-0.000828862168480645
42.29,0.321241447083951,-0.025686805622109,0.052389913807833,-0.000968052026366672
42.3,0.314049498494844,-0.0251725806339336,0.0527592536009116,-0.00109705006969693
42.31,0.306956757772893,-0.0246545857481622,0.0530072947708398,-0.00121623792926845
42.32,0.299980321268666,-0.0241343366715948,0.0531414995989306,-0.00132604232293194
42.33,0.293110314797365,-0.0236126708027804,0.0531693463209877,-0.00142691277493261
42.34,0.28636138839957,-0.0230908686382335,0.0530993531247,-0.00151930051133064
42.35,0.279724437557242,-0.0225696811835282,0.0529391215030248,-0.0016036632028734
42.36,0.273211875798733,-0.0220501655742179,0.0526949692854863,-0.00168050308917027
42.37,0.266815279133896,-0.0215330064439412,0.0523738396770085,-0.00175030174219716
42.38,0.260545023780152,-0.0210190599737238,0.0519823688414146,-0.00181350221007137
42.39,0.254393329123129,-0.0205089374109263,0.0515269607563979,-0.00187047978108643
42.4,0.248368762753691,-0.0200033094841427,0.0510136061184409,-0.00192155686146549
42.41,0.242467499130662,-0.0195027131037453,0.0504478354154367,-0.00196701584846882
42.42,0.236686557444353,-0.0190076809349553,0.0498347309864125,-0.00200710828035088
42.43,0.231032213309382,-0.0185186495684001,0.0491789949514249,-0.00204205981252004
42.44,0.225498228331224,-0.0180360848198184,0.0484850149747566,-0.00207207389871956
42.45,0.220089589130986,-0.0175602928421917,0.0477568656413238,-0.00209733781189393
42.46,0.214800639965162,-0.0170916961358016,0.0469983653592715,-0.00211802515280962
42.47,0.209635234275533,-0.0166304868854381,0.0462130778130023,-0.0021343002816585
42.48,0.204588251740537,-0.0161770497989549,0.0454043609149264,-0.00214631998917678
42.49,0.199662559543441,-0.0157314767985928,0.0445753631186584,-0.00215423709990857
42.5,0.194853537659766,-0.0152941187305033,0.0437290641744972,-0.00215820151947127
42.51,0.19016319250103,-0.014864979066984,0.042868260418411,-0.00215836311238194
42.52,0.18558736343285,-0.0144443782090131,0.0419955388674022,-0.00215487540568414
42.53,0.181127304592282,-0.0140322420994139,0.0411135502676748,-0.00214788491726379
42.54,0.176779281328734,-0.0136288590779407,0.0402249060359411,-0.0021375146160809
42.55,0.172543902656779,-0.0132340869321472,0.0393311121629122,-0.00212392528114488
42.56,0.168417818485731,-0.0128481941906449,0.0384345738303728,-0.00210724557380847
42.57,0.164401079017269,-0.0124709749265192,0.0375377724041927,-0.00208760724389299
42.58,0.160490690166652,-0.012102665223304,0.0366428429793238,-0.00206515100460198
42.59,0.156686221844801,-0.0117430002878265,0.0357516806691465,-0.00204003882285526
42.6,0.152984993290296,-0.0113921918142657,0.0348658914177314,-0.00201244516942151
42.61,0.149386144395532,-0.01104992944919,0.0339869192303978,-0.00198255535154725
42.62,0.145887253393425,-0.0107164066171704,0.0331161424992966,-0.00195056273914933
42.63,0.142487078465543,-0.0103912748597713,0.0322548573207084,-0.00191666692067126
42.64,0.13918342061103,-0.0100747105052654,0.0314042664082532,-0.00188107040725555
42.65,0.135974710431471,-0.00976633204732404,0.0305655591321379,-0.00184397822996339
42.66,0.132858941119212,-0.00946629979406937,0.029739744472653,-0.00180559513619696
42.67,0.12983426466983,-0.00917420493357399,0.0289277313791274,-0.0017661231786623
42.68,0.126898744488015,-0.00889005155899844,0.0281303264260253,-0.00172575984945318
42.69,0.12405061473887,-0.00861383963526297,0.0273482173215774,-0.00168469748673889
42.7,0.121287708083944,-0.00834513169454502,0.0265819663718841,-0.00164312116162897
42.71,0.118608413825882,-0.00808406052859787,0.0258320656894661,-0.00160120645561372
42.72,0.116010407562634,-0.00783017569424257,0.0250989150271247,-0.00155911996052478
42.73,0.113492217630672,-0.00758360380470138,0.0243828047922045,-0.00151701707191505
42.74,0.111051397984649,-0.00734388646072922,0.0236839625967081,-0.00147503912299331
42.75,0.108686598234028,-0.00711114721943172,0.0230024458917692,-0.00143331707432678
42.76,0.106395291150829,-0.00688492452050653,0.0223383351053361,-0.00139196625771095
42.77,0.104176242239134,-0.00666534096196113,0.0216915952782436,-0.00135109021792989
42.78,0.102026878247525,-0.00645193540760903,0.0210620931207066,-0.00131078196843533
42.79,0.0999460731990514,-0.00624483264807482,0.0204495508580028,-0.00127112524736807
42.8,0.0979312361400027,-0.0060435771861528,0.019853608550019,-0.00123219322874697
42.81,0.0959813402573726,-0.00584830008443631,0.0192738363985357,-0.00119405416662555
42.82,0.0940938009048029,-0.00565855301819609,0.0187101850939996,-0.00115675144065601
42.83,0.0922676880612201,-0.00547446897527073,0.018162288989489,-0.00112032781899843
42.84,0.0905004465215686,-0.0052956070989661,0.017629757597705,-0.00108482319850679
42.85,0.0887912336608423,-0.0051221067097327,0.0171120346340734,-0.00105026309242606
42.86,0.087137540550998,-0.00495353904785535,0.0166085883864392,-0.0010166551397549
42.87,0.0855386106223577,-0.00479005142258949,0.0161189420999233,-0.000983993221337682
42.88,0.083992002284031,-0.00463122662325786,0.0156426593886175,-0.000952262802782944
42.89,0.082497045021487,-0.00447721798126902,0.0151793024963695,-0.000921442606515656
42.9,0.0810513792665724,-0.00432761921209503,0.0147284259517096,-0.000891506554596
42.91,0.07965441455387,-0.0041825894776679,0.0142895957048012,-0.000862424198566384
42.92,0.0783038773371416,-0.00404173366605639,0.0138623809269152,-0.000834162320177196
42.93,0.0769992470163707,-0.00390521640358739,0.0134463810182165,-0.000806685167971336
42.94,0.0757383403885612,-0.00377265330025706,0.0130411961291365,-0.000779955953242362
42.95,0.0745202868057788,-0.00364407793508841,0.0126464557776265,-0.000753936939239325
42.96,0.0733442330583003,-0.00351952361951973,0.012261807134451,-0.000728590935351266
42.97,0.072208137036462,-0.00339862184040878,0.0118869115437629,-0.000703881543063728
42.98,0.0711116174095139,-0.00328154674680153,0.0115214803965819,-0.000679773190839084
42.99,0.0700527275827216,-0.00316793846084431,0.0111652354964339,-0.000656232610941966
43,0.0697865250764345,0.000453349932453219,0.0108179248471189,-0.000633228463574784
43.01,0.0693769027405065,0.00286095869454053,0.0104174053295138,-0.000612859425597271
43.02,0.0692289376757653,0.00526622883782696,0.00958301181427958,-0.000611064040695225
43.03,0.069327294917974,0.00761469318982986,0.0080740804516213,-0.000634923069808395
43.04,0.0696708709683076,0.00996785496590736,0.00577680241332388,-0.000682892060438457
43.05,0.0703332651221658,0.0122787183291705,0.00264606728948009,-0.000749708431354757
43.06,0.0714234477985372,0.0146723686247245,-0.00132576894431628,-0.000828733956745215
43.07,0.0730684462739735,0.0170742109342755,-0.00611581831333613,-0.000912744823205092
43.08,0.0754020529501549,0.0196302388527275,-0.0116933822416172,-0.00099511780254858
43.09,0.0785642120572962,0.022222333470057,-0.0180246218272182,-0.00107012407069994
43.1,0.0826675123602687,0.0250056782712429,-0.0250822891709093,-0.00113318863010872
43.11,0.0878290908507378,0.0278109014627204,-0.032844990590497,-0.00118074055780948
43.12,0.0941005332790965,0.0308007086413393,-0.0412958171269222,-0.00120993376143555
43.13,0.101577037253596,0.0337611368843652,-0.0504185549893845,-0.00121840330198564
43.14,0.110240495882916,0.0368717205145093,-0.0602022149837962,-0.00120432163173859
43.15,0.120193018260636,0.0398849769155888,-0.0706274990298313,-0.00116574460903605
43.16,0.131344782198846,0.0430051952685374,-0.0816656218608281,-0.00110055067457468
43.17,0.143834507876129,0.0459585825328058,-0.0932757927369959,-0.0010064640117417
43.18,0.157492413379083,0.0489783526310043,-0.105406759927117,-0.000881096923466757
43.19,0.172521236760232,0.0517686804236217,-0.117988126345023,-0.000721298440546243
43.2,0.188657312384775,0.0545925529388891,-0.130936230355789,-0.000524523099517488
43.21,0.206189314955305,0.057133482633525,-0.144120923096763,-0.000286407638605099
43.22,0.224740993714059,0.0596837538346314,-0.157442668366205,-4.74756210210428e-06
43.23,0.244705665251981,0.061906824589586,-0.170789666134393,0.000322247766965317
43.24,0.265573894289325,0.0641227625011881,-0.18405252379392,0.000695893723510096
43.25,0.287862226029361,0.0659754831025962,-0.197114513454236,0.00111730371085594
43.26,0.310910048828534,0.0678117648382521,-0.209858332864018,0.00158703977519578
43.27,0.33537698884666,0.0692571045000206,-0.22216590369378,0.00210545978961624
43.28,0.360435750223203,0.0706842353048,-0.233938733043137,0.00267141711542081
43.29,0.386908758316416,0.0717012375097213,-0.245083695170121,0.00328400737038466
43.3,0.413789168235368,0.0727055521278253,-0.255522331310657,0.00394110377381513
43.31,0.441480114158422,0.0735004279002192,-0.265192291910949,0.00464002752559832
43.32,0.470576847667241,0.0738692732998721,-0.27406864909827,0.00537755676951192
43.33,0.499776069593679,0.0742439507168997,-0.282123272741211,0.00614900966753426
43.34,0.530376373461765,0.0741888345307754,-0.28932930647058,0.0069496727726204
43.35,0.560865816771994,0.074156185348552,-0.295677776486755,0.00777410615134966
43.36,0.591892595851819,0.0739295163146685,-0.301174139433142,0.00861680748106118
43.37,0.624328106052909,0.0732747287781222,-0.305836215730914,0.0094722299852778
43.38,0.65633260479267,0.0726725377989532,-0.309687945544161,0.0103352550261292
43.39,0.689763842519834,0.0716470145495619,-0.312758690736938,0.0112009136540713
43.4,0.722554672757354,0.0706945787987312,-0.315091146214057,0.0120644860391547
43.41,0.755641740290593,0.069578851964104,-0.31672703631309,0.0129214594951882
43.42,0.790202291068408,0.0680479945910282,-0.31772067108977,0.0137680841875415
43.43,0.823817121478895,0.0666201456098942,-0.318117175607067,0.0146007203305306
43.44,0.857607455458972,0.0650471065161219,-0.317967073817456,0.015416243319945
43.45,0.892941578103893,0.0630669675441857,-0.317324322509954,0.0162124956530589
43.46,0.927039440756445,0.0612163000263198,-0.316223625587652,0.0169871419991242
43.47,0.961211505430494,0.0592361645953108,-0.314713143345753,0.0177387248626355
43.48,0.99701889163153,0.0568558666781804,-0.3128409760759,0.0184655494202742
43.49,1.031314314463,0.0546271299632536,-0.310635779440518,0.019165887634418
43.5,1.06560035156911,0.0522817730856125,-0.30814094000413,0.0198377194639576
43.51,1.1016317280258,0.0495421472498733,-0.305394010808039,0.0204793026236221
43.52,1.13588958976379,0.046971648530667,-0.302438768397667,0.0210894741183499
43.53,1.1700689423776,0.0442943004990831,-0.299313480463859,0.021666951280857
43.54,1.20611750357851,0.0412270356695981,-0.296049029894133,0.0222105434604169
43.55,1.24014345820302,0.0383414508794944,-0.292670046640232,0.0227191418636682
43.56,1.27403397741603,0.0353557986134094,-0.289199909210251,0.0231918530500921
43.57,1.3099268269029,0.0319837365124885,-0.285660331614966,0.0236279914634934
43.58,1.34355167135416,0.0288012302761314,-0.282075360080754,0.0240271191429854
43.59,1.37697575340323,0.0255220883935427,-0.278470199213447,0.0243891003854982
43.6,1.4101655023023,0.022146206594629,-0.2748622819003,0.0247139232469309
43.61,1.44548147026692,0.0183842010293532,-0.271265010799213,0.0250016068186212
43.62,1.4781178549719,0.014811844467292,-0.267691029828721,0.0252522635159785
43.63,1.51034052994268,0.0111386114228714,-0.264152410801223,0.0254661180810936
43.64,1.54463068266876,0.00707508803220006,-0.260659773744366,0.0256435394587338
43.65,1.57572422341143,0.00318981152933839,-0.25721725837954,0.0257852566005591
43.66,1.60594229399375,-0.000809743273502583,-0.253829175711371,0.0258920623045173
43.67,1.6350347517962,-0.00492989969128646,-0.250499364281519,0.0259647520467934
43.68,1.6655280676246,-0.00945675765754372,-0.247220715048428,0.0260047798099001
43.69,1.69155082494085,-0.0138327695323085,-0.243989465119035,0.0260133441564728
43.7,1.71555779293524,-0.0183417763761168,-0.240783122650423,0.0259923519766717
43.71,1.74020245765235,-0.0232557272050607,-0.237584498400986,0.0259437032653804
43.72,1.75938854076586,-0.0280222851742625,-0.234367908884545,0.0258691261050625
43.73,1.77878444798159,-0.033175410781583,-0.231106708988269,0.0257698126840069
43.74,1.7922391569773,-0.0381697088229835,-0.227776296847561,0.0256468394246333
43.75,1.80259089646139,-0.043260904128589,-0.224357159651485,0.0255016944130984
43.76,1.81279280347432,-0.048688894638002,-0.220821912766784,0.0253360112063677
43.77,1.8197945348139,-0.0541713488734585,-0.217127889146181,0.0251516603764891
43.78,1.81041598622565,-0.0582715248849761,-0.213200806614053,0.0249505877383499
43.79,1.8014583194493,-0.0626459969345281,-0.208945439553944,0.0247346045359831
43.8,1.78709039724922,-0.0668003668861962,-0.204271162537078,0.0245051909316432
43.81,1.77337197283755,-0.0711915980484033,-0.199076653349138,0.0242641386876858
43.82,1.75749731364699,-0.0755659289595326,-0.193227628484598,0.0240133404946544
43.83,1.73685618200639,-0.0796934352568209,-0.186551245528862,0.0237548809623012
43.84,1.7173206609413,-0.0839870670601112,-0.178849327465592,0.023490441054322
43.85,1.69623936620434,-0.0882066913456235,-0.169944113568636,0.0232203245126683
43.86,1.67379762268474,-0.0923309047268043,-0.159700125704829,0.0229418551336972
43.87,1.64756246035182,-0.0961506450537931,-0.148017803945842,0.0226492518568119
43.88,1.62290652918098,-0.100026221871706,-0.134832490756158,0.022334800615061
43.89,1.59728085577893,-0.10374293201444,-0.120097122931101,0.0219900176124646
43.9,1.56833645846017,-0.107111244809031,-0.10381430122541,0.0216062374868588
43.91,1.54102116130225,-0.110457868242657,-0.0860220217065189,0.0211740823498275
43.92,1.51288966301305,-0.113589588928361,-0.0668470516573252,0.0206872682046061
43.93,1.48396363782195,-0.116491162222483,-0.0464153297106107,0.020140247584551
43.94,1.45206887457889,-0.119002298789798,-0.0248592660797193,0.0195271967390316
43.95,1.42165989844259,-0.121410461853331,-0.00233096975012914,0.0188437460623933
43.96,1.39050892248837,-0.123553228129179,0.0210021812944217,0.0180865038419275
43.97,1.35662223638844,-0.125291948612068,0.0449473720221291,0.0172530585574284
43.98,1.32412765474352,-0.126887998057509,0.069297556614426,0.0163427380764104
43.99,1.29098975036992,-0.12820163495534,0.093833788464525,0.0153562004998088
44,1.25540513307216,-0.129115858007443,0.118334163140161,0.0142956968535481
44.01,1.22118200528215,-0.12986867927536,0.142570484280788,0.0131649792639578
44.02,1.18647009283471,-0.130342623398907,0.166320645564119,0.0119690744398023
44.03,1.14964402782527,-0.13044147699675,0.189379241677168,0.0107142127468338
44.04,1.11418484666111,-0.130381568139002,0.211561696270289,0.00940749537494991
44.05,1.07683878527842,-0.129972312439844,0.232698470958486,0.00805618846414769
44.06,1.04086759910139,-0.129416170702074,0.252643142986506,0.00666748545875768
44.07,1.00470018791413,-0.128627737382073,0.271270894035052,0.00524819180277961
44.08,0.966977143198692,-0.127539822686365,0.288427419003681,0.00380265319440589
44.09,0.93063057150634,-0.126334373700777,0.303964273073729,0.00233343629176399
44.1,0.89424021149077,-0.124942559002497,0.317851563484293,0.000848339228775041
44.11,0.85659091488026,-0.123311028217275,0.330132566173117,-0.000642912140488438
44.12,0.820295011406427,-0.121598808434144,0.340863756509544,-0.00213298744771228
44.13,0.782920962195412,-0.119684649619514,0.35013258910446,-0.00361687020301295
44.14,0.746873170170472,-0.117712039440671,0.35799771985176,-0.00508954149146352
44.15,0.710975012601851,-0.115628402201965,0.364514282164446,-0.00654438609934724
44.16,0.674242335242855,-0.113393993618423,0.36974563860455,-0.00797489790179532
44.17,0.638781034388246,-0.111130740965693,0.373720070678122,-0.00937625818529501
44.18,0.602633686131504,-0.108747736401968,0.376489594039353,-0.0107430656629001
44.19,0.567716415823758,-0.106353886087859,0.378099899899608,-0.0120694078992655
44.2,0.532254630842694,-0.103868966652592,0.378609432133291,-0.0133504909425414
44.21,0.497981111289179,-0.101389321192226,0.378091768846195,-0.0145835434357222
44.22,0.464042649984903,-0.0988803000399979,0.37666156635525,-0.0157660771979859
44.23,0.429758883468881,-0.0963167963798965,0.374421321002426,-0.0168965737941265
44.24,0.396601171619102,-0.0937760063987234,0.371493862869946,-0.0179748649290388
44.25,0.363223950885035,-0.0911989910599718,0.367972757965638,-0.0190010838839217
44.26,0.330933144127896,-0.0886513026178414,0.363975888142624,-0.0199759635648478
44.27,0.298544586944066,-0.0860809116712005,0.359606013969139,-0.020900317793676
44.28,0.267208922780519,-0.0835425162145624,0.354941194766429,-0.0217744526825674
44.29,0.235895913870271,-0.0809908525429622,0.350062617968855,-0.0225992883052049
44.3,0.205606089081618,-0.0784710497865575,0.345043525304163,-0.0233760183143058
44.31,0.175450342266228,-0.0759443020688638,0.339941879963896,-0.0241057632977612
44.32,0.146287370273907,-0.0734472533200613,0.334809180279248,-0.0247895652693857
44.33,0.117360546049902,-0.0709472214972901,0.329689469117594,-0.0254289212659653
44.34,0.0893961411240802,-0.0684733656864215,0.324617011870213,-0.026024893715995
44.35,0.0620402514328484,-0.0660097771313591,0.319618444265228,-0.0265784065265562
44.36,0.0350542076724629,-0.0635463969278924,0.314714451158339,-0.0270902813207544
44.37,0.00898485019619422,-0.0611029604565751,0.309918132865139,-0.0275612461243262
44.38,-0.0166401921694357,-0.0586608972214458,0.305235184920869,-0.0279920023088071
44.39,-0.0413806959907399,-0.0562348848578366,0.300669880802389,-0.0283831287393646
44.4,-0.0656142237674562,-0.0538113278712164,0.296220947273178,-0.028735087520817
44.41,-0.0889962969859655,-0.0514005934392601,0.291883379901554,-0.0290482696004603
44.42,-0.111821133999482,-0.0489936752282431,0.287649071949313,-0.0293230003065379
44.43,-0.133828620602428,-0.0465973221508102,0.283506638337854,-0.0295595016734719
44.44,-0.155239618330233,-0.0442066704138036,0.279442091794026,-0.0297579753613661
44.45,-0.175867083314148,-0.0418254866870565,0.275436295071817,-0.0299187897093509
44.46,-0.195867387908728,-0.0394525954484709,0.271474794266949,-0.0300421358639472
44.47,-0.215116026035439,-0.0370892389492288,0.267547991129147,-0.0301280653439405
44.48,-0.233714557308547,-0.0347373109269649,0.263644707099771,-0.030176813911724
44.49,-0.251592337276548,-0.0323959767763491,0.25974867461666,-0.0301887715507639
44.5,-0.268803482500986,-0.0300697632409256,0.255846374423683,-0.03016420573136
44.51,-0.285320560973869,-0.0277561295912675,0.251912969532228,-0.0301038058015901
44.52,-0.301157420685907,-0.0254619535642262,0.247914141386458,-0.0300085247162199
44.53,-0.316322381742863,-0.0231836357379346,0.243826661991922,-0.0298785110007814
44.54,-0.330794679142599,-0.0209298921870367,0.239642055815195,-0.0297134033110146
44.55,-0.344610946725828,-0.0186959314495854,0.235358510270384,-0.0295129732585923
44.56,-0.357721221329074,-0.0164915214355228,0.230984094287971,-0.0292774974350517
44.57,-0.370185338495995,-0.0143106455045274,0.226531448215429,-0.0290078917215215
44.58,-0.381930492520217,-0.0121636119108818,0.221999811735679,-0.0287052894808237
44.59,-0.393035909861007,-0.0100436153687295,0.217378350474092,-0.0283705740406127
44.6,-0.403461027084311,-0.00795702596406571,0.21264773734399,-0.0280041930798168
44.61,-0.413151039622175,-0.00591077735494974,0.207784648767707,-0.0276067566902422
44.62,-0.422207887397692,-0.00389785614769393,0.202784331137252,-0.027179068734779
44.63,-0.430523834915546,-0.00192996996247798,0.197642053347559,-0.0267227484548149
44.64,-0.438213077186498,8.25566405168732e-09,0.192343202480818,-0.0262386650797884
44.65,-0.445161898785999,0.00188010795602326,0.186876620088237,-0.0257280469211758
44.66,-0.451494489001942,0.00371729132398229,0.181233192171126,-0.0251922536878129
44.67,-0.457094584805093,0.00549960466005558,0.175420218969491,-0.0246331007328371
44.68,-0.462093874551766,0.00723400828566646,0.169434305454827,-0.0240521835879134
44.69,-0.466375909784045,0.00890873790549743,0.163269318824094,-0.0234505127864443
44.7,-0.470077376981323,0.0105305876119577,0.156941088234086,-0.0228296237358522
44.71,-0.473083451577458,0.0120883280471513,0.150457849311247,-0.0221906578804281
44.72,-0.475533296538041,0.013588693029726,0.143822827116679,-0.0215348528497268
44.73,-0.477314601389121,0.0150210946966307,0.137067374559789,-0.0208638392711355
44.74,-0.478566975702376,0.0163923979740299,0.130198405330972,-0.0201787931309692
44.75,-0.47918151859331,0.01769290625605,0.123266240592746,-0.0194817377985007
44.76,-0.47929702879622,0.0189299504597004,0.116305237388241,-0.0187752279654776
44.77,-0.478809095950273,0.0200950130133466,0.109331974439502,-0.0180608081312677
44.78,-0.477854287206743,0.0211954942107894,0.1023695130493,-0.0173404443113584
44.79,-0.476332944180775,0.022223817481693,0.0954433096281798,-0.0166158473527414
44.8,-0.474378548619304,0.0231875535628425,0.0885839876190313,-0.0158892611713639
44.81,-0.471896710659206,0.0240801792285718,0.0818118096436459,-0.0151625789887343
44.82,-0.469017159983215,0.0249092872322457,0.0751385289813004,-0.0144374888759724
44.83,-0.465650861888427,0.025669184095527,0.068590274710732,-0.0137160937920878
44.84,-0.461923295464524,0.026367445821499,0.0621699450845703,-0.0130004272203632
44.85,-0.457751271493978,0.0269989863087404,0.0558791004999288,-0.0122927813462119
44.86,-0.453255947211553,0.0275710896893716,0.0497332542365703,-0.0115948550502832
44.87,-0.448406946609921,0.0280821102611688,0.0437429638642361,-0.0109079859080175
44.88,-0.44317937446929,0.0285309216607767,0.0379165254886839,-0.0102337589252571
44.89,-0.437686784689897,0.0289245328998328,0.0322646573791226,-0.00957335030851032
44.9,-0.431859977750855,0.0292594938492508,0.0267982525436247,-0.00892784244624583
44.91,-0.425806892402392,0.0295426456505827,0.0215255115837455,-0.00829839314653088
44.92,-0.419463389354823,0.0297711015292816,0.0164540186532553,-0.0076859040982433
44.93,-0.412931488232108,0.0299515067270186,0.0115918802672938,-0.00709128310066044
44.94,-0.406151758852808,0.0300814693355953,0.0069393472511187,-0.00651555597963009
44.95,-0.399220153580424,0.0301673480134687,0.00250102291146245,-0.00595931055593575
44.96,-0.39208156157492,0.0302071873134824,-0.00171771649594273,-0.00542310829053243
44.97,-0.38482568224802,0.0302071063859032,-0.0057151983289242,-0.00490755419921955
44.98,-0.377401431346171,0.0301655100639076,-0.0094959961203933,-0.00441313704770354
44.99,-0.369892324855368,0.0300881377098225,-0.0130631968887719,-0.00394008228633056
45,-0.36225097007159,0.029973671371792,-0.0164148922170489,-0.00348851468935904
45.01,-0.354567472826463,0.029819506262583,-0.0209949066352406,-0.00314266364973953
45.02,-0.34681346038786,0.0296189885488073,-0.0252297297810398,-0.00281515514136631
45.03,-0.339060660647299,0.0293784843298681,-0.0291371990422684,-0.00249751057954683
45.04,-0.331268674952656,0.0290982903637874,-0.032734875169904,-0.0021902142043243
45.05,-0.323503276911659,0.0287841719624388,-0.0360371851232881,-0.00189322700842567
45.06,-0.315726565448204,0.0284363782101668,-0.0390622792866967,-0.00160632884979185
45.07,-0.307998342956696,0.0280600780200341,-0.0418265895230689,-0.00132915078330369
45.08,-0.300283065980377,0.0276554423519228,-0.0443449685087351,-0.00106125066038917
45.09,-0.292634889765232,0.0272271076031513,-0.0466298120697358,-0.000802259714583166
45.1,-0.285020580749382,0.0267752426710692,-0.0486896200816146,-0.000551751218851885
45.11,-0.277489036778505,0.0263040656102315,-0.0505348698976545,-0.000309471700710791
45.12,-0.270027334134478,0.025814653387511,-0.0521733640472324,-7.51481018296192e-05
45.13,-0.26262540613431,0.0253082145084649,-0.0536131783363021,0.000151446193799509
45.14,-0.25532496779409,0.0247884066322068,-0.0548626308952781,0.000370506512761131
45.15,-0.248098306464122,0.0242554845150798,-0.0559303408571836,0.000582235073273853
45.16,-0.240982739454417,0.0237127570220713,-0.0568234127432918,0.000786788419357532
45.17,-0.233952610010567,0.0231605109673168,-0.0575488477142603,0.000984205767215803
45.18,-0.22704119188684,0.0226017584867071,-0.0581110944579175,0.00117448799834313
45.19,-0.220224806069165,0.0220368528209771,-0.0585146325605186,0.00135756090857228
45.2,-0.21353301333279,0.0214685582369271,-0.0587652333399158,0.00153323720802198
45.21,-0.206944053930509,0.0208972664845728,-0.0588691228618248,0.00170127949739093
45.22,-0.200484120503832,0.0203254809793187,-0.058831624394678,0.00186147273580524
45.23,-0.194133261775846,0.0197536153956395,-0.0586598197019969,0.00201358701516862
45.24,-0.187914574810947,0.0191839076447507,-0.0583611802830639,0.00215737423147944
45.25,-0.181809817387768,0.0186167521913405,-0.0579421408512029,0.00229263082608529
45.26,-0.175839254544715,0.0180541377818782,-0.0574091220930848,0.00241916646320007
45.27,-0.169986225921212,0.017496441944828,-0.0567693572976956,0.00253679530218462
45.28,-0.164268422808907,0.0169453968376037,-0.0560316876068378,0.00264532105068829
45.29,-0.158670683062329,0.0164013142059106,-0.0552042964836468,0.00274459097574835
45.3,-0.153208359413923,0.0158656647909831,-0.0542951187988479,0.00283449149155593
45.31,-0.147867669271593,0.0153386944135447,-0.0533118060625025,0.00291495997660988
45.32,-0.142661846729267,0.0148216316308402,-0.0522622068620222,0.00298596516280475
45.33,-0.137578391548868,0.0143146475544591,-0.0511542668961008,0.00304750750540587
45.34,-0.132628614506811,0.013818734251337,-0.0499957825742964,0.00309963427385513
45.35,-0.127801186645546,0.0133339800004567,-0.048794351060181,0.00314244061272937
45.36,-0.123105659799016,0.0128611549112055,-0.047557306026875,0.00317607007352346
45.37,-0.11853176820914,0.0124002651282489,-0.0462917010130208,0.00320071244128859
45.38,-0.114087462482443,0.011951877059095,-0.0450042472703631,0.00321660239882025
45.39,-0.109767118958002,0.0115160356297837,-0.0437013381220634,0.00322401592246042
45.4,-0.105566120528755,0.0110927771977101,-0.0423890088485256,0.00322326818321866
45.41,-0.101490263253095,0.0106824003096101,-0.0410729113744911,0.00321470932466705
45.42,-0.0975314565874923,0.0102847338743646,-0.0397583585098702,0.00319872094045697
45.43,-0.0936942344732179,0.00989992284098523,-0.0384505649872818,0.00317571973811073
45.44,-0.0899712328573434,0.00952773449783401,-0.0371544163122967,0.00314613387894562
45.45,-0.0863658629433157,0.00916817255129942,-0.0358750787360499,0.00311037173448114
45.46,-0.0828714418014913,0.00882094919043592,-0.0346153266553454,0.00306887535534276
45.47,-0.0794904016777309,0.00848597049904976,-0.0333771446717325,0.00302210575365233
45.48,-0.0762166731914027,0.00816293528766305,-0.0321635631562933,0.00297048581139348
45.49,-0.0730518380573573,0.00785166028747811,-0.0309775916761474,0.0029144486020772
45.5,-0.069990403934475,0.0075518137115308,-0.0298217396331102,0.00285444864125043
45.51,-0.0670332048842424,0.00726313472534771,-0.0286980419125982,0.00279095765103402
45.52,-0.0641752614067039,0.0069852748918212,-0.0276081460961259,0.00272445656714341
45.53,-0.0614167444404385,0.00671791712452975,-0.0265532403491367,0.00265542908687022
45.54,-0.0587531331080253,0.00646070917622628,-0.0255343048543177,0.0025843478362095
45.55,-0.0561840221175558,0.00621329398805098,-0.024552115574549,0.00251167247617987
45.56,-0.0537053109375387,0.00597532174596744,-0.0236071806972101,0.00243784746480961
45.57,-0.0513161026781512,0.00574640776989253,-0.0226997720718985,0.00236329938090542
45.58,-0.0490126841538938,0.00552621161484028,-0.0218299586368309,0.00228843484191732
45.59,-0.0467937491985522,0.00531433167011995,-0.0209977576972226,0.00221364513460137
45.6,-0.0446559424584398,0.005110441488899,-0.0202026772897433,0.00213929554437764
45.61,-0.0425976140839888,0.00491413650731542,-0.0194439380819321,0.00206571716753064
45.62,-0.0406157406866585,0.00472511537446516,-0.0187207056558273,0.00199320336025227
45.63,-0.0387084061912448,0.00454298062390921,-0.0180320012760085,0.00192201659463258
45.64,-0.0368729079273349,0.00436745901372572,-0.0173766274632477,0.00185238827845453
45.65,-0.0351071280123074,0.00419817055925775,-0.0167529171952201,0.00178454000935186
45.66,-0.0334086319002376,0.00403484165530888,-0.0161599407372766,0.00171864240903201
45.67,-0.0317752372634592,0.00387721303185672,-0.0155965119502235,0.00165484117524385
45.68,-0.0302046319503049,0.00372493398795378,-0.0150609853781891,0.00159326822480905
45.69,-0.0286948289455768,0.00357781231519011,-0.0145517217783167,0.00153403082844193
45.7,-0.027243441832475,0.00343552725791884,-0.0140668866652158,0.00147719758506487
45.71,-0.0258487446120608,0.00329792433757832,-0.0136048150366157,0.00142279526847587
45.72,-0.0245083265095056,0.00316471353917986,-0.0131639279483003,0.00137082106498471
45.73,-0.0232207136577109,0.0030357734462543,-0.0127426922927219,0.0013212485013709
45.74,-0.0219835092712666,0.00291084296660527,-0.0123396096754861,0.00127403113249573
45.75,-0.0207954754635793,0.00278983100883224,-0.0119532263831288,0.00122910519085676
45.76,-0.0196542559554507,0.0026725046537762,-0.0115821432484937,0.00118639220179313
45.77,-0.018558829217894,0.00255880030230986,-0.0112250310966605,0.00114580126412424
45.78,-0.0175068986715647,0.00244851149738963,-0.010880638286815,0.00110723154484365
45.79,-0.0164976382525222,0.00234159852102316,-0.0105477895367879,0.00107057449058599
45.8,-0.0155288243994436,0.0022378789625973,-0.0102253975913748,0.00103571599464594
45.81,-0.0145998047663412,0.00213733285025561,-0.00991250807075474,0.00100253883151276
45.82,-0.013708437177109,0.00203979815978348,-0.00960822861521382,0.000970924547354731
45.83,-0.0128542207613087,0.00194527043845282,-0.00931176300386525,0.000940755037338006
45.84,-0.0120350986921993,0.00185360503432791,-0.00902240842876073,0.000911914198599795
45.85,-0.011250700364962,0.00176480825208861,-0.00873970960536663,0.000884281662276385
45.86,-0.0104990565525798,0.00167874871798674,-0.00846293953820648,0.000857749491204553
45.87,-0.0097799046016247,0.0015954424230691,-0.00819157342027616,0.000832213765515375
45.88,-0.0090913595697959,0.00151477055964842,-0.00792533013151676,0.000807572835098776
45.89,-0.00843324954360192,0.00143675220843596,-0.00766398538049146,0.000783735313705292
45.9,-0.00780377261381648,0.00136127545969812,-0.00740732630125159,0.000760621121168774
45.91,-0.00720282360516755,0.00128836053750285,-0.00715516398750171,0.000738160405830828
45.92,-0.00662867256777044,0.00121790180157581,-0.00690734775185216,0.000716292533646211
45.93,-0.00608085732991359,0.00114988961248039,-0.00666378917839896,0.000694965314124343
45.94,-0.00555892543612657,0.00108431162251222,-0.00642446656500101,0.000674134393871718
45.95,-0.00506124598951008,0.00102106810365084,-0.00618939815772496,0.000653762412893561
45.96,-0.00458780358153188,0.000960174401539819,-0.00595861429003451,0.000633818507757901
45.97,-0.00413702985248676,0.000901532809910944,-0.00573221197736792,0.000614275312464634
45.98,-0.00370892743323115,0.000845153736117146,-0.00551025469675587,0.000595105634520912
45.99,-0.00330199124982578,0.000790941908759711,-0.00529261511993817,0.000576291783199352
46,-0.00291623420309861,0.000738905645486459,-0.00507938286537379,0.000557814847781435
46.01,-0.00255021401877276,0.000688951110937256,-0.0048707116710768,0.000539659075404757
46.02,-0.00220395027387976,0.000641080821966375,-0.00466673473291777,0.000521813789859129
46.03,-0.00187606290725739,0.000595201015383053,-0.00446756911259863,0.000504273469521502
46.04,-0.00156657248463254,0.000551309085641436,-0.00427328193776934,0.000487036690403402
46.05,-0.00127415872677794,0.000509312547966065,-0.00408392835848695,0.000470104887820291
46.06,-0.000998838696665061,0.000469205040997101,-0.00389951293570262,0.000453481494407044
46.07,-0.000739350232819902,0.000430896377920665,-0.00372007468746944,0.000437172719867503
46.08,-0.000495703636035572,0.000394376418010839,-0.00354570200946758,0.000421187377372303
46.09,-0.000266693461637324,0.000359556346648689,-0.00337641861669783,0.000405533218268433
46.1,-5.23224979547265e-05,0.000326422669747219,-0.00321222607179145,0.00039021787302031
46.11,0.00014855732209984,0.000294889134029697,-0.00305310592773133,0.000375249014866025
46.12,0.000335951537942414,0.000264940443136539,-0.00289892778805153,0.000360639426188755
46.13,0.000510953342709008,0.000236494113938684,-0.00274975039366405,0.000346396921738936
46.14,0.000673577385936319,0.000209532191992168,-0.00260557726002478,0.000332529179104837
46.15,0.000824860695012752,0.000183974646269348,-0.00246630200731326,0.000319045045369699
46.16,0.000964825702937766,0.000159802901337385,-0.0023318117310856,0.00030595041486119
46.17,0.00109445363246419,0.000136941394770546,-0.00220201562522289,0.000293247429938751
46.18,0.00121377342609641,0.00011537105817807,-0.00207684135112573,0.000280935102402941
46.19,0.00132370885477773,9.50200188161777e-05,-0.00195622194548673,0.000269010149372156
46.2,0.00142449566575831,7.58566135015267e-05,-0.00184008581750278,0.000257467606930487
46.21,0.00151638482289407,5.78477460248466e-05,-0.00172835299375744,0.00024630116839081
46.22,0.00160021159063195,4.09269937363551e-05,-0.00162093537586308,0.000235503381740774
46.23,0.00167600696172077,2.50737692915621e-05,-0.00151773877193785,0.000225065800979674
46.24,0.00174454800288526,1.02253693388332e-05,-0.00141868228322649,0.000214978682052117
46.25,0.00180586381242964,-3.63908645530963e-06,-0.00132368825255921,0.000205231028392682
46.26,0.00186067421042413,-1.65788394942476e-05,-0.00123265506331527,0.000195812752715504
46.27,0.00190900598283861,-2.86145975832308e-05,-0.0011454772867736,0.000186713672480331
46.28,0.00195152431431911,-3.98018179359414e-05,-0.00106205039167851,0.000177923378542051
46.29,0.00198825359347854,-5.01608080452177e-05,-0.000982271298404399,0.000169431387404682
46.3,0.00201980663867829,-5.97434151540008e-05,-0.000906046636143524,0.000161227480363328
46.31,0.0020462054918271,-6.85697155152194e-05,-0.00083330028359919,0.000153302461657361
46.32,0.00206801352485098,-7.66884127981148e-05,-0.00076393644981448,0.000145646971691793
46.33,0.00208525056243847,-8.41191889137151e-05,-0.000697854891915903,0.000138251709967777
46.34,0.00209843301240564,-9.09073973748248e-05,-0.000634958223162749,0.000131107797693823
46.35,0.00210757882511903,-9.70719429631582e-05,-0.000575109832128241,0.000124208859299068
46.36,0.00211316128876859,-0.000102654707892866,-0.00051825598527265,0.000117547582708835
46.37,0.0021151972684752,-0.000107674345584897,-0.000464327966933929,0.000111117317871429
46.38,0.00211411937353567,-0.000112170145495119,-0.000413215720534064,0.000104913099754003
46.39,0.00210994397752984,-0.000116159837302965,-0.000364813775456821,9.89297331685592e-05
46.4,0.00210306619793243,-0.000119679556620539,-0.0003190302234499,9.31615549476758e-05
46.41,0.0020935014782486,-0.000122746274373616,-0.000275787016728803,8.7602475078191e-05
46.42,0.00208160882411246,-0.000125393557305634,-0.000235011536154633,8.22457091057309e-05
46.43,0.00206740203654387,-0.000127637813099885,-0.000196619057757102,7.70847386821347e-05
46.44,0.00205120656472246,-0.000129510010991922,-0.000160519988454334,7.21137670453075e-05
46.45,0.00203303498016361,-0.000131025696449494,-0.000126636188142209,6.73274601896533e-05
46.46,0.0020131813796338,-0.000132213446967855,-9.49011317019739e-05,6.2720692886267e-05
46.47,0.00199171878748761,-0.000133091112419184,-6.52525010994665e-05,5.82885057816199e-05
46.48,0.00196872623722832,-0.000133676675338838,-3.7625420264293e-05,5.40261572327379e-05
46.49,0.00194445465905169,-0.00013399563076067,-1.19514910961262e-05,4.99292034879704e-05
46.5,0.00191891280372758,-0.000134062050025169,1.18428114384289e-05,4.59935495618409e-05
46.51,0.0018923255374057,-0.000133899300986045,3.38325025380093e-05,4.22154382940337e-05
46.52,0.00186470030874553,-0.000133520619668806,5.40889293709975e-05,3.85911230735466e-05
46.53,0.00183623799996546,-0.000132947267208344,7.26932694411843e-05,3.51171018162308e-05
46.54,0.00180694495393841,-0.000132191428440063,8.97395098375687e-05,3.17907835485674e-05
46.55,0.00177700088721622,-0.000131271921045827,0.000105318161582236,2.86112225877702e-05
46.56,0.00174641226915995,-0.000130199939391374,0.000119459537972493,2.55760611929769e-05
46.57,0.0017153397621259,-0.000128992784135345,0.000132238244561819,2.26847621519948e-05
46.58,0.00168379033852606,-0.0001276607264722,0.000143740745253997,1.99370436950845e-05
46.59,0.00165190795623271,-0.000126218940870088,0.000154046672767319,1.7332078434481e-05
46.6,0.00161970023138647,-0.000124676551945364,0.000163222287289005,1.48683539419598e-05
46.61,0.00158729539912894,-0.000123047057695909,0.000171314896385564,1.25430690924286e-05
46.62,0.00155470069443275,-0.000121338763543717,0.000178406937447364,1.03527748486369e-05
46.63,0.00152202904420573,-0.00011956333788281,0.000184575097616844,8.29423076224273e-06
46.64,0.00148928717194163,-0.000117727902852719,0.000189885117245735,6.36473543939325e-06
46.65,0.00145657457483583,-0.000115842503430522,0.000194387238779695,4.56196969332695e-06
46.66,0.00142389801063647,-0.00011391353932425,0.000198125539163378,2.88349377714879e-06
46.67,0.00139134488735149,-0.000111949855117124,0.000201145779055507,1.32633008247868e-06
46.68,0.00135892157810158,-0.000109957192321713,0.00020349839614312,-1.13196703122752e-07
46.69,0.00132670381671485,-0.000107943124129563,0.000205237557365116,-1.43941841743973e-06
46.7,0.00129469690038686,-0.000105912550661593,0.000206418819250972,-2.65716751949384e-06
46.71,0.0012629654901497,-0.000103871707781811,0.000207096674116797,-3.77160329291954e-06
46.72,0.00123151342395644,-0.00010182462385702,0.000207322976192909,-4.78805345124451e-06
46.73,0.00120039492806434,-9.97763038961824e-05,0.000207146020644399,-5.71190011369897e-06
46.74,0.00116962259451636,-9.77302380709465e-05,0.000206610361364882,-6.54849611807618e-06
46.75,0.00113921026882124,-9.56896600000165e-05,0.000205756976901552,-7.30311433976064e-06
46.76,0.00110919865554227,-9.36579910316606e-05,0.000204632290538693,-7.980602587071e-06
46.77,0.00107958837418831,-9.16374822624304e-05,0.000203264351908891,-8.58530864389279e-06
46.78,0.00105041277839302,-8.96307684973126e-05,0.000201678534405181,-9.12137120572804e-06
46.79,0.00102167187963786,-8.76397372849412e-05,0.00019989683585366,-9.59287696212971e-06
46.8,0.000993392456336117,-8.56664467239744e-05,0.000197942459400248,-1.0003985363859e-05
46.81,0.000965573780666418,-8.37124318905683e-05,0.000195839107476768,-1.03589077590108e-05
46.82,0.000938236597791686,-8.17791762163022e-05,0.000193609619516899,-1.0661848343652e-05
46.83,0.000911379363367715,-7.98678553858403e-05,0.000191275167213618,-1.09169452553505e-05
46.84,0.000885017403702726,-7.79794425547763e-05,0.000188854871711011,-1.11282300615344e-05
46.85,0.000859148407161392,-7.61148105015291e-05,0.000186365804608712,-1.12995953275259e-05
46.86,0.000833782939871242,-7.42745158662855e-05,0.00018382303378646,-1.14347730038204e-05
46.87,0.000808918030906547,-7.24591948884433e-05,0.000181239773697105,-1.15373142307124e-05
46.88,0.000784560119641675,-7.06690766488667e-05,0.000178627462153432,-1.16105758747663e-05
46.89,0.000760705704638376,-6.89046211151264e-05,0.000175995899076559,-1.1657707351993e-05
46.9,0.000737357696417362,-6.71658088347779e-05,0.000173353321063478,-1.16816434427478e-05
46.91,0.000714512200908679,-6.54529770100474e-05,0.000170706540523818,-1.16850975297644e-05
46.92,0.00069216915681114,-6.37659273339045e-05,0.000168060503208145,-1.16705603813528e-05
46.93,0.000670324266350164,-6.2105025250224e-05,0.000165400866015729,-1.16413470239543e-05
46.94,0.000648974769442923,-6.04699524108727e-05,0.000162770780124877,-1.15984715539329e-05
46.95,0.000628116342022089,-5.88607746751213e-05,0.000160154714282562,-1.15443599126164e-05
46.96,0.000607744186083004,-5.72771574989634e-05,0.000157542163793576,-1.14809445824781e-05
46.97,0.000587853765662949,-5.57193982348167e-05,0.00015493533453641,-1.1409392523541e-05
46.98,0.000568438811847649,-5.4187123157637e-05,0.000152337820408607,-1.13306222311995e-05
46.99,0.000549495052412752,-5.26805782824684e-05,0.000149751786518602,-1.12454282486488e-05
47,0.000531015094547449,-5.11993322124891e-05,0.000147177845675196,-1.11545036082721e-05
47.01,0.000512994904156017,-4.97436418903242e-05,0.000144611963581258,-1.10585449863616e-05
47.02,0.000495426117395503,-4.8313109440475e-05,0.000142054740110716,-1.09583945962254e-05
47.03,0.000478303411585834,-4.6907806239035e-05,0.000139511649892717,-1.08546515492851e-05
47.04,0.000461621789172639,-4.55277853804709e-05,0.000136981834960027,-1.07476840973727e-05
47.05,0.000445371883326828,-4.41725915030778e-05,0.000134463299975294,-1.06376523767646e-05
47.06,0.000429550179439353,-4.28424959159225e-05,0.000131952413773844,-1.05245936913755e-05
47.07,0.000414147007057331,-4.15371060292197e-05,0.000129446382208512,-1.04085125962375e-05
47.08,0.000399159164055973,-4.02567445226891e-05,0.000126943361409523,-1.02894101327684e-05
47.09,0.000384576752613164,-3.90010574652352e-05,0.000124442238730698,-1.01672950281935e-05
47.1,0.00037039679342854,-3.77703837786764e-05,0.000121942709508328,-1.00421881864798e-05
47.11,0.000356609288791887,-3.65643297924991e-05,0.000119455254440027,-9.91356516638125e-06
47.12,0.000343211629795448,-3.53831670473539e-05,0.000116965776904356,-9.78152898103764e-06
47.13,0.000330193689626945,-3.42266855922886e-05,0.000114465299559124,-9.64647141254929e-06
47.14,0.000317552847135971,-3.30952221750035e-05,0.000111972615818608,-9.50796526045892e-06
47.15,0.000305279000875736,-3.19883511667114e-05,0.000109492424627478,-9.36620421938421e-06
47.16,0.000293369567315516,-3.09062817283712e-05,0.000107022935237627,-9.2216211794626e-06
47.17,0.000281814256370971,-2.98486168007791e-05,0.000104561938212426,-9.07463405242709e-06
47.18,0.000270610319098807,-2.8815590357467e-05,0.000102108906423435,-8.92557954148401e-06
47.19,0.000259747328361648,-2.78068253097871e-05,9.96649476170082e-05,-8.77472724041481e-06
47.2,0.000249222405779292,-2.68225218829558e-05,9.72320864241357e-05,-8.62231143051592e-06
47.21,0.00023902508453677,-2.58622758503648e-05,9.48126155311956e-05,-8.46855481551096e-06
47.22,0.000229152375449182,-2.49262291249538e-05,9.24087498588283e-05,-8.31367845136789e-06
47.23,0.000219593831574549,-2.40139460938274e-05,9.00225177756568e-05,-8.15790261357012e-06
47.24,0.00021034635433459,-2.31255143087866e-05,8.76557815831543e-05,-8.00144346282711e-06
47.25,0.000201399564465632,-2.22604738012154e-05,8.5310283311374e-05,-7.8445096194232e-06
47.26,0.000192750266499786,-2.14188546230082e-05,8.29895761452694e-05,-7.68724532605507e-06
47.27,0.000184388246609046,-2.06001585504577e-05,8.06944659943682e-05,-7.52967130521942e-06
47.28,0.000176310327682394,-1.98043731104761e-05,7.842507609847e-05,-7.37177899547712e-06
47.29,0.000168506571310623,-1.90310137854025e-05,7.61811135708265e-05,-7.21356313672102e-06
47.3,0.000160972196399101,-1.82799472120681e-05,7.39630788059362e-05,-7.0550664702213e-06
47.31,0.000153702332315042,-1.75510195410926e-05,7.17712632626223e-05,-6.89640573873952e-06
47.32,0.000146687369426246,-1.68437558973714e-05,6.96070513238581e-05,-6.73782752773281e-06
47.33,0.000139923998349722,-1.61580741339177e-05,6.74732245437273e-05,-6.57962932811468e-06
47.34,0.000133402759473711,-1.54934588797762e-05,6.53727518447706e-05,-6.42212583803123e-06
47.35,0.000127120211114828,-1.48497583426315e-05,6.33079697067257e-05,-6.26560471335866e-06
47.36,0.000121067085173898,-1.42264238214778e-05,6.12804717629384e-05,-6.11031347865884e-06
47.37,0.000115239864092231,-1.36232578084463e-05,5.92913440202642e-05,-5.95646267843308e-06
47.38,0.000109629534574829,-1.30397018398685e-05,5.73413820208651e-05,-5.80423191932619e-06
47.39,0.000104232553366224,-1.24755291004951e-05,5.54312078325189e-05,-5.65377432482111e-06
47.4,9.90402036622484e-05,-1.1930180568546e-05,5.35613153291643e-05,-5.50521922277685e-06
47.41,9.40489521186194e-05,-1.14034069541007e-05,5.17320821174602e-05,-5.35867394540019e-06
47.42,8.92504080018952e-05,-1.08946530989183e-05,4.99437734179555e-05,-5.2142253726737e-06
47.43,8.46410663069008e-05,-1.04036613041009e-05,4.81937208742372e-05,-5.07205839955583e-06
47.44,8.0212789946188e-05,-9.92993087603488e-06,4.64813826582922e-05,-4.93245246708663e-06
47.45,7.59620399497507e-05,-9.47317621194771e-06,4.48126498051373e-05,-4.7954225498856e-06
47.46,7.18809990800651e-05,-9.0328397780994e-06,4.31872278907942e-05,-4.6611447688622e-06
47.47,6.7966185952173e-05,-8.60860644726664e-06,4.16038392936786e-05,-4.52958744718633e-06
47.48,6.42101375989412e-05,-8.19998645625963e-06,4.00552296202374e-05,-4.40085273348742e-06
47.49,6.06094543353919e-05,-7.80674186065473e-06,3.85423076397214e-05,-4.27471766157545e-06
47.5,5.71571173839658e-05,-7.42839621232156e-06,3.7067397872489e-05,-4.15091761416853e-06
47.51,5.38499535860382e-05,-7.06466252469651e-06,3.56319274405001e-05,-4.02924147315733e-06
47.52,5.06814235405884e-05,-6.71504565912556e-06,3.42363366300691e-05,-3.90953410326746e-06
47.53,4.76485466762711e-05,-6.3792405680129e-06,3.28804523391507e-05,-3.79168341813689e-06
47.54,4.47452055087894e-05,-6.05676733818833e-06,3.15629012060795e-05,-3.67563713880349e-06
47.55,4.19685505006484e-05,-5.74732944448503e-06,3.02836087928151e-05,-3.5614197247228e-06
47.56,3.93128005127252e-05,-5.45046241486447e-06,2.90426288593643e-05,-3.4490851197357e-06
47.57,3.67745121323537e-05,-5.16582237945888e-06,2.78402717016945e-05,-3.33870080330109e-06
47.58,3.43502243698168e-05,-4.89305657070835e-06,2.66765629823051e-05,-3.23032431354769e-06
47.59,3.20346208724231e-05,-4.6317045382381e-06,2.55520183785271e-05,-3.12396439832836e-06
47.6,2.98250853152382e-05,-4.38144722895942e-06,2.44654763743646e-05,-3.01958985203546e-06
47.61,2.77166520481487e-05,-4.14184581940756e-06,2.34158239106824e-05,-2.9171537424183e-06
47.62,2.5706847819329e-05,-3.91259880832229e-06,2.2401812250963e-05,-2.81661398297787e-06
47.63,2.37910440654687e-05,-3.69329694707563e-06,2.14224766317216e-05,-2.71794683199825e-06
47.64,2.19668919703153e-05,-3.48365205686276e-06,2.04770707580086e-05,-2.62114769384261e-06
47.65,2.02300613043604e-05,-3.28327564187393e-06,1.95649725237999e-05,-2.52622822662169e-06
47.66,1.85783038615384e-05,-3.0918866249486e-06,1.86856159116711e-05,-2.43321285929642e-06
47.67,1.70075572034634e-05,-2.909113175113e-06,1.78384530386677e-05,-2.34213540291266e-06
47.68,1.55156587720029e-05,-2.7346803012083e-06,1.70229323426828e-05,-2.25303608411067e-06
47.69,1.4098792933126e-05,-2.56823198705903e-06,1.62384876975642e-05,-2.16595886590454e-06
47.7,1.27548800703536e-05,-2.40949638387927e-06,1.54855221528007e-05,-2.08090549683499e-06
47.71,1.14803629491789e-05,-2.25812144597055e-06,1.47631115038267e-05,-1.99787145095272e-06
47.72,1.02732633138203e-05,-2.11385045362891e-06,1.40691667451136e-05,-1.91690051970445e-06
47.73,9.13025375925969e-06,-1.9763661327972e-06,1.34035574477188e-05,-1.83797909892626e-06
47.74,8.0494548795329e-06,-1.84541547054284e-06,1.27663940172007e-05,-1.7611057319094e-06
47.75,7.02777099181873e-06,-1.72068500099182e-06,1.21573732884867e-05,-1.68630942394329e-06
47.76,6.06340676956307e-06,-1.60192461583801e-06,1.15757545800112e-05,-1.61364255264247e-06
47.77,5.15346085538937e-06,-1.48883888903137e-06,1.10205419227667e-05,-1.54316808287134e-06
47.78,4.29619943442816e-06,-1.381193893224e-06,1.04906721393926e-05,-1.47494929760191e-06
47.79,3.48889591084145e-06,-1.27871625382061e-06,9.98546640783909e-06,-1.40902594648828e-06
47.8,2.72988425109588e-06,-1.18118778410587e-06,9.50359345804484e-06,-1.34541316652345e-06
47.81,2.01662179133422e-06,-1.08836150277889e-06,9.04373282355786e-06,-1.28411196930658e-06
47.82,1.34752290570361e-06,-1.00004327287413e-06,8.60454935175872e-06,-1.22511769582728e-06
47.83,7.20220647565384e-07,-9.16014694769018e-07,8.18488590869362e-06,-1.16842596235885e-06
47.84,1.3302574064511e-07,-8.36094910101675e-07,7.78372753953693e-06,-1.11403188383095e-06
47.85,-4.15739044967722e-07,-7.60110342640648e-07,7.40014238290029e-06,-1.06192724333206e-06
47.86,-9.28205736272503e-07,-6.87875578806769e-07,7.0332423882237e-06,-1.01209793803229e-06
47.87,-1.40578524110424e-06,-6.19241188030929e-07,6.68216666130054e-06,-9.64522251122665e-07
47.88,-1.85046273504241e-06,-5.54041833696789e-07,6.34586175741953e-06,-9.19175700261992e-07
47.89,-2.26358497723567e-06,-4.92145459613571e-07,6.02357005625586e-06,-8.76041663975478e-07
47.9,-2.647001131173e-06,-4.33401093985112e-07,5.71550425958948e-06,-8.35059207654312e-07
47.91,-3.0019759655886e-06,-3.77677551632226e-07,5.42078318536253e-06,-7.96160301961767e-07
47.92,-3.3302072672825e-06,-3.248413685507e-07,5.13805627595486e-06,-7.59277119296571e-07
47.93,-3.63287099158782e-06,-2.74781694675265e-07,4.86708639470117e-06,-7.24285255755327e-07
47.94,-3.91149707024141e-06,-2.2737447053019e-07,4.6076275842459e-06,-6.91056353724025e-07
47.95,-4.16714758344483e-06,-1.82513064075998e-07,4.35923730314649e-06,-6.59469650780297e-07
47.96,-4.40118948397128e-06,-1.40083551913388e-07,4.1213389542327e-06,-6.29412237493225e-07
47.97,-4.61458139078275e-06,-9.99894182692235e-08,3.89330647136125e-06,-6.00777797664787e-07
47.98,-4.80854422590937e-06,-6.21301957591724e-08,3.67452253438813e-06,-5.73465780923604e-07
47.99,-4.98394575476624e-06,-2.64206404872028e-08,3.46440874760276e-06,-5.47381208521116e-07
48,-5.14187725908499e-06,7.22723535077647e-09,3.26243886898039e-06,-5.22434807188287e-07
48.01,-5.28312576797418e-06,3.88891995386827e-08,3.06814197383737e-06,-4.98543297157736e-07
48.02,-5.40866844023213e-06,6.86429270960871e-08,2.88110176568178e-06,-4.7562963281802e-07
48.03,-5.51922220104473e-06,9.6556709275452e-08,2.70095331612472e-06,-4.53623179503691e-07
48.04,-5.61566419499115e-06,1.22700173199447e-07,2.52737953782537e-06,-4.32459750134461e-07
48.05,-5.69865124688818e-06,1.47135973131957e-07,2.36010671871648e-06,-4.12081552989391e-07
48.06,-5.76897330262227e-06,1.69927627381783e-07,2.19890040586919e-06,-3.92437013545401e-07
48.07,-5.82723557407405e-06,1.91133732619896e-07,2.0435607092679e-06,-3.73480532142239e-07
48.08,-5.87415276154246e-06,2.10812956295845e-07,1.89384917289579e-06,-3.5517385927303e-07
48.09,-5.91028802876536e-06,2.29019947496894e-07,1.74956841585445e-06,-3.37490631953076e-07
48.1,-5.93629575362797e-06,2.45809563100938e-07,1.61070327339791e-06,-3.20413669148317e-07
48.11,-5.95272869485797e-06,2.61235835707934e-07,1.47725629034442e-06,-3.03930796087132e-07
48.12,-5.96013074360968e-06,2.75353375795634e-07,1.34923030275246e-06,-2.88030629884515e-07
48.13,-5.95908132705603e-06,2.88216799409945e-07,1.226700865317e-06,-2.72697044829041e-07
48.14,-5.95006698844713e-06,2.99880819941387e-07,1.10951997683142e-06,-2.57908288750278e-07
48.15,-5.93361352496657e-06,3.1039787337115e-07,9.97516697992815e-07,-2.43639252804421e-07
48.16,-5.91017085227463e-06,3.19819479275639e-07,8.90497338104251e-07,-2.2986556673423e-07
48.17,-5.88021321856758e-06,3.28194007321572e-07,7.88298314830051e-07,-2.16565832958091e-07
48.18,-5.84415692728157e-06,3.35569906216648e-07,6.90793312247097e-07,-2.03722103452615e-07
48.19,-5.80243112224821e-06,3.41992777172356e-07,5.97879423704878e-07,-1.91319542155456e-07
48.2,-5.75542231207038e-06,3.47509246342734e-07,5.09465449891651e-07,-1.79345917384132e-07
48.21,-5.7035202152278e-06,3.52162811970746e-07,4.25465073402288e-07,-1.67791094772826e-07
48.22,-5.64708461858743e-06,3.55998567069936e-07,3.45792954862e-07,-1.56646597801442e-07
48.23,-5.58646975346022e-06,3.59058117813001e-07,2.70362796456784e-07,-1.45905218006029e-07
48.24,-5.52201109105255e-06,3.61384849410981e-07,1.99086043702371e-07,-1.35560689794028e-07
48.25,-5.45402978247012e-06,3.630186064476e-07,1.31871232498273e-07,-1.25607403518859e-07
48.26,-5.38283807838269e-06,3.64001021827336e-07,6.86233898356861e-08,-1.16040169616853e-07
48.27,-5.3087273643726e-06,3.64369829460294e-07,9.24378671488088e-09,-1.06854012823718e-07
48.28,-5.23198718038742e-06,3.64164785968317e-07,-4.63703051019667e-08,-9.8044007189909e-08
48.29,-5.15288067859387e-06,3.63421513459212e-07,-9.83255440431721e-08,-8.96051344362345e-08
48.3,-5.07167552310506e-06,3.62177690336868e-07,-1.46732474546383e-07,-8.15321773652066e-08
48.31,-4.98860831754655e-06,3.60466642287965e-07,-1.91705219745556e-07,-7.38196320870613e-08
48.32,-4.90392527119354e-06,3.58323782615737e-07,-2.33361211459624e-07,-6.64616492472824e-08
48.33,-4.81783790196033e-06,3.55780075801504e-07,-2.71820705747558e-07,-5.94519896141765e-08
48.34,-4.73057156469281e-06,3.52868532487686e-07,-3.07206362579847e-07,-5.27840033418715e-08
48.35,-4.64231372632185e-06,3.49617684295752e-07,-3.39642663718128e-07,-4.64506195919302e-08
48.36,-4.55326986337212e-06,3.46057960280373e-07,-3.6925537515303e-07,-4.04443190265875e-08
48.37,-4.46360482708741e-06,3.42215471448848e-07,-3.96166393435534e-07,-3.47567226765372e-08
48.38,-4.37349565096667e-06,3.381174698482e-07,-4.20491008514243e-07,-2.93782486988237e-08
48.39,-4.28310963673795e-06,3.33789968870057e-07,-4.42360320505248e-07,-2.42979345947044e-08
48.4,-4.19257911410398e-06,3.29255184846813e-07,-4.61919543954676e-07,-1.95045164943528e-08
48.41,-4.1020593668506e-06,3.24536987170318e-07,-4.79315610706641e-07,-1.49867875507779e-08
48.42,-4.01166268648723e-06,3.19654758816348e-07,-4.94684222147419e-07,-1.07341975226004e-08
48.43,-3.92152634809406e-06,3.1462966821273e-07,-5.08146489962631e-07,-6.73712519023159e-09
48.44,-3.83174522866625e-06,3.0947872457111e-07,-5.19812530168436e-07,-2.9869861192718e-09
48.45,-3.74244121736922e-06,3.04220735368984e-07,-5.29791004057938e-07,5.23826223667351e-10
48.46,-3.65369457178133e-06,2.98870684189158e-07,-5.38177342620173e-07,3.80224485184377e-09
48.47,-3.56561343206607e-06,2.93445445276297e-07,-5.45059606635161e-07,6.85483810920201e-09
48.48,-3.47826522695271e-06,2.87958268441135e-07,-5.50522802651333e-07,9.68809773514514e-09
48.49,-3.39174558305899e-06,2.82424276759345e-07,-5.54650543096377e-07,1.23086305599551e-08
48.5,-3.30611024779159e-06,2.76855110981331e-07,-5.57524013754941e-07,1.47234567767004e-08
48.51,-3.22144289999216e-06,2.71264163426758e-07,-5.5922696769878e-07,1.69401091593036e-08
48.52,-3.13778835270284e-06,2.65661416426874e-07,-5.59844819255493e-07,1.8966611374482e-08
48.53,-3.05521847998591e-06,2.60058556167852e-07,-5.5946255750032e-07,2.08113593023276e-08
48.54,-2.97376727420584e-06,2.54463949914124e-07,-5.58163036255887e-07,2.24829975975258e-08
48.55,-2.89349611026779e-06,2.48887455673572e-07,-5.56026032917146e-07,2.39903146304811e-08
48.56,-2.81442912442031e-06,2.43335975075372e-07,-5.5312780392288e-07,2.53421582670365e-08
48.57,-2.73661705740835e-06,2.37817798534526e-07,-5.49540896179862e-07,2.65473643164649e-08
48.58,-2.66007551097402e-06,2.32338393719132e-07,-5.45334937475151e-07,2.7614640419502e-08
48.59,-2.5848455527111e-06,2.26904647511798e-07,-5.40577769953923e-07,2.85523832504133e-08
48.6,-2.51093526948409e-06,2.21520726818875e-07,-5.35329594319984e-07,2.93686381292092e-08
48.61,-2.43837757096799e-06,2.16192253968454e-07,-5.29639075756265e-07,3.00714009658889e-08
48.62,-2.36717343415904e-06,2.10922524668857e-07,-5.23553112570412e-07,3.06686782372522e-08
48.63,-2.29734808687709e-06,2.05716083689559e-07,-5.17122770578986e-07,3.11683359857566e-08
48.64,-2.22889661838366e-06,2.00575235032741e-07,-5.10395685391254e-07,3.15781814679531e-08
48.65,-2.16183096313216e-06,1.95503118151264e-07,-5.03419855857211e-07,3.19056649934324e-08
48.66,-2.09615958191023e-06,1.90502398263002e-07,-4.96236051997467e-07,3.21578940242127e-08
48.67,-2.03186995584304e-06,1.85574178989032e-07,-4.88879311989413e-07,3.2341481427184e-08
48.68,-1.96897151649722e-06,1.80720779935867e-07,-4.8138135625972e-07,3.24625792992276e-08
48.69,-1.90744787254005e-06,1.75942760769113e-07,-4.73769705786376e-07,3.25268172966652e-08
48.7,-1.84730388141929e-06,1.71241781334754e-07,-4.66068388081015e-07,3.25393359137822e-08
48.71,-1.78852015153552e-06,1.66618011415963e-07,-4.58297917069808e-07,3.25048103741411e-08
48.72,-1.73109761192336e-06,1.62072661580641e-07,-4.50475960240044e-07,3.24274869790922e-08
48.73,-1.67501485393018e-06,1.57605570526579e-07,-4.42617768070456e-07,3.23112185258462e-08
48.74,-1.62026980365937e-06,1.53217572269868e-07,-4.34736502797124e-07,3.21594987409908e-08
48.75,-1.56683937202473e-06,1.48908296779292e-07,-4.26843527082191e-07,3.19754948191141e-08
48.76,-1.51471872644748e-06,1.44678370365478e-07,-4.18948646734056e-07,3.17620788124697e-08
48.77,-1.46388389232754e-06,1.40527198529779e-07,-4.11060345735146e-07,3.15218566240009e-08
48.78,-1.41432776956663e-06,1.3645524244581e-07,-4.03185989540166e-07,3.12571955448295e-08
48.79,-1.36602578137968e-06,1.32461799371189e-07,-3.9533200802558e-07,3.09702498962942e-08
48.8,-1.31896933019959e-06,1.28547076654952e-07,-3.87504059919923e-07,3.06629845736087e-08
48.81,-1.2731330008009e-06,1.24710409110859e-07,-3.79707172113917e-07,3.03371967638486e-08
48.82,-1.22850682959808e-06,1.20951861079908e-07,-3.71945855050307e-07,2.99945358522708e-08
48.83,-1.18506551949338e-06,1.17270629635438e-07,-3.64224218312833e-07,2.96365204815675e-08
48.84,-1.14279772400749e-06,1.13666684400534e-07,-3.5654604974878e-07,2.92645545481751e-08
48.85,-1.10167811140371e-06,1.10139210840487e-07,-3.4891488601479e-07,2.8879941047357e-08
48.86,-1.06169432889658e-06,1.06688071951283e-07,-3.41334065661353e-07,2.84838942826386e-08
48.87,-1.02282113889629e-06,1.03312394197192e-07,-3.33806779142962e-07,2.80775500291543e-08
48.88,-9.85045240931015e-07,1.00011961771685e-07,-3.26336098750171e-07,2.76619746162789e-08
48.89,-9.48341750905968e-07,9.67858708835117e-08,-3.18925006027554e-07,2.72381723587107e-08
48.9,-9.12696543231561e-07,9.36338076314063e-08,-3.11576406149548e-07,2.68070919641345e-08
48.91,-8.78084782662825e-07,9.05548825340005e-08,-3.04293141369565e-07,2.63696316811571e-08
48.92,-8.44492205942515e-07,8.75486186463067e-08,-2.9707799433332e-07,2.59266436831354e-08
48.93,-8.11894197205731e-07,8.46141047232875e-08,-2.89933694636794e-07,2.54789372930897e-08
48.94,-7.80273570200052e-07,8.17507387545262e-08,-2.82862905132233e-07,2.50272823577342e-08
48.95,-7.4961272567009e-07,7.89578877736495e-08,-2.75868225193536e-07,2.45724111274978e-08
48.96,-7.19887772504535e-07,7.62345682548928e-08,-2.68952183704116e-07,2.4115020062566e-08
48.97,-6.91083251069813e-07,7.35801440417994e-08,-2.62117231566189e-07,2.36557713398508e-08
48.98,-6.63175742765532e-07,7.09936095389875e-08,-2.55365737691611e-07,2.3195293794485e-08
48.99,-6.36149339428016e-07,6.84743176967321e-08,-2.48699973937038e-07,2.27341842550564e-08
49,-6.09981141153071e-07,6.60212242257192e-08,-2.42122112177691e-07,2.22730081363955e-08
49.01,-5.84655257540589e-07,6.36335803665242e-08,-2.35634217782359e-07,2.18123001541327e-08
49.02,-5.60149334916105e-07,6.13103400134845e-08,-2.29238246403489e-07,2.1352564893221e-08
49.03,-5.36447340770962e-07,5.90506950409903e-08,-2.22936031955688e-07,2.08942777745538e-08
49.04,-5.135275262802e-07,5.68535642774515e-08,-2.16729287466651e-07,2.04378855408029e-08
49.05,-4.91373807420814e-07,5.47181139888784e-08,-2.10619595928553e-07,1.99838071891312e-08
49.06,-4.69965064198163e-07,5.26432395795956e-08,-2.04608411445815e-07,1.95324345887303e-08
49.07,-4.4928526055088e-07,5.06280713448261e-08,-1.9869705536459e-07,1.90841333668435e-08
49.08,-4.29314007455162e-07,4.86714666446442e-08,-1.92886718971652e-07,1.86392436535748e-08
49.09,-4.10035344344806e-07,4.67725271241875e-08,-1.87178460900567e-07,1.81980810889e-08
49.1,-3.91429254342768e-07,4.49301639285924e-08,-1.81573207904756e-07,1.77609378063919e-08
49.11,-3.73480464332943e-07,4.31433599018529e-08,-1.76071756946688e-07,1.73280834104078e-08
49.12,-3.56169570281395e-07,4.14110212139828e-08,-1.70674783178636e-07,1.6899765742145e-08
49.13,-3.3948121469507e-07,3.97321693123659e-08,-1.65382830663919e-07,1.64762124617457e-08
49.14,-3.23396926127373e-07,3.81056822903915e-08,-1.60196321513602e-07,1.60576318503135e-08
49.15,-3.07901402152311e-07,3.65306090800318e-08,-1.55115557743979e-07,1.56442139035629e-08
49.16,-2.92977095028846e-07,3.50057497173076e-08,-1.50140727698395e-07,1.5236131266274e-08
49.17,-2.78609241455285e-07,3.35301249638836e-08,-1.4527191123591e-07,1.48335401984876e-08
49.18,-2.64780541492371e-07,3.21026634897712e-08,-1.40509076140129e-07,1.4436581929292e-08
49.19,-2.51476677703977e-07,3.0722319361707e-08,-1.35852082118517e-07,1.40453836156868e-08
49.2,-2.38681303166288e-07,2.93880021955046e-08,-1.31300693679286e-07,1.36600588680319e-08
49.21,-2.26379961887346e-07,2.80986667578394e-08,-1.26854577550947e-07,1.32807089006618e-08
49.22,-2.14558377287233e-07,2.6853277576251e-08,-1.22513308312721e-07,1.2907423329198e-08
49.23,-2.03201192761071e-07,2.56507468814323e-08,-1.1827636934125e-07,1.2540281052869e-08
49.24,-1.92295118495167e-07,2.44900714485937e-08,-1.14143155368179e-07,1.21793510303684e-08
49.25,-1.81825362766119e-07,2.3370203623819e-08,-1.1011297693978e-07,1.18246928498635e-08
49.26,-1.71779319657617e-07,2.2290091263353e-08,-1.06185064643215e-07,1.14763573443863e-08
49.27,-1.62142700155243e-07,2.124873788708e-08,-1.02358574305947e-07,1.11343870030195e-08
49.28,-1.52903198546994e-07,2.02451703878254e-08,-9.86325838533448e-08,1.07988167845521e-08
49.29,-1.44047572092632e-07,1.92783127754017e-08,-9.50061044288466e-08,1.04696742172265e-08
49.3,-1.35563930747651e-07,1.83472129523244e-08,-9.14780830977695e-08,1.01469797895212e-08
49.31,-1.2743950605909e-07,1.74508852671548e-08,-8.80474006487494e-08,9.83074757653874e-09
49.32,-1.19662909803253e-07,1.65883666005519e-08,-8.47128747340764e-08,9.52098552450305e-09
49.33,-1.12222120485228e-07,1.57586838157606e-08,-8.14732675947614e-08,9.21769553305347e-09
49.34,-1.05106120251719e-07,1.49609366988115e-08,-7.83272859942978e-08,8.92087379244296e-09
49.35,-9.83035599588789e-08,1.41941395398857e-08,-7.52735858718907e-08,8.63051096712033e-09
49.36,-9.18040647945872e-08,1.34573958990632e-08,-7.23107772837001e-08,8.34659229176977e-09
49.37,-8.5596581378411e-08,1.27498415870854e-08,-6.94374233071116e-08,8.06909791972993e-09
49.38,-7.96712766870655e-08,1.20705421389218e-08,-6.66520436611714e-08,7.79800307053257e-09
49.39,-7.40179233460481e-08,1.14186585637785e-08,-6.39531246099499e-08,7.53327785689239e-09
49.4,-6.86270364980146e-08,1.07933092046297e-08,-6.13391154782406e-08,7.27488771266384e-09
49.41,-6.34889714135056e-08,1.01936544354312e-08,-5.88084350603727e-08,7.02279340915692e-09
49.42,-5.85946784426028e-08,9.6188761760076e-09,-5.63594714215746e-08,6.77695129444635e-09
49.43,-5.39350795136784e-08,9.06816147219106e-09,-5.39905860518221e-08,6.53731337507877e-09
49.44,-4.95015211043892e-08,8.54073970659152e-09,-5.17001178896825e-08,6.30382740304977e-09
49.45,-4.5285622363167e-08,8.03577192988046e-09,-4.94863867378895e-08,6.07643696179476e-09
49.46,-4.12790654991113e-08,7.55256282651874e-09,-4.73476978279191e-08,5.85508155825824e-09
49.47,-3.74737094688271e-08,7.09037182823081e-09,-4.52823386826407e-08,5.63969701209839e-09
49.48,-3.38621548578999e-08,6.64843075697763e-09,-4.32885899453289e-08,5.43021528094388e-09
49.49,-3.04367180348208e-08,6.22603994256018e-09,-4.13647291645086e-08,5.22656454272944e-09
49.5,-2.71901035020505e-08,5.82253102522959e-09,-3.95090268669463e-08,5.02866970725035e-09
49.51,-2.41152422475466e-08,5.43721891311986e-09,-3.77197507083992e-08,4.83645250465776e-09
49.52,-2.12051896042453e-08,5.0694715264576e-09,-3.5995172055954e-08,4.64983148173878e-09
49.53,-1.84534520997204e-08,4.71861032174463e-09,-3.43335680532452e-08,4.46872220885775e-09
49.54,-1.58536064276404e-08,4.38402128456167e-09,-3.27332260420199e-08,4.29303740681715e-09
49.55,-1.33992292816743e-08,4.06513847600031e-09,-3.11924413603175e-08,4.12268736777228e-09
49.56,-1.10843743073019e-08,3.76136546583339e-09,-2.97095204646804e-08,3.95758010668951e-09
49.57,-8.90323814672911e-09,3.47211605143964e-09,-2.82827892195723e-08,3.79762129307296e-09
49.58,-6.85020395962965e-09,3.19683687838424e-09,-2.69105936921112e-08,3.64271454851029e-09
49.59,-4.91979079697558e-09,2.93499187655215e-09,-2.55912986545148e-08,3.49276182124041e-09
49.6,-3.10678593962166e-09,2.68606092730169e-09,-2.43232892702084e-08,3.34766361096181e-09
49.61,-1.40603972909048e-09,2.44953972864163e-09,-2.31049734313718e-08,3.20731913409487e-09
49.62,1.8733548046157e-10,2.22494926002579e-09,-2.19347837456362e-08,3.0716265207906e-09
49.63,1.67807812090359e-09,2.01178961612014e-09,-2.08111795517933e-08,2.9404829903415e-09
49.64,3.07076319927546e-09,1.80963941776626e-09,-1.97326484504202e-08,2.81378502603094e-09
49.65,4.36986979934773e-09,1.6180198681201e-09,-1.86977061774515e-08,2.69142867393401e-09
49.66,5.57975887716111e-09,1.43656598567826e-09,-1.77048995064031e-08,2.57330960182203e-09
49.67,6.70426558713189e-09,1.26477481288405e-09,-1.67528072476169e-08,2.4593233601188e-09
49.68,7.74745956277911e-09,1.1023008502426e-09,-1.58400441724124e-08,2.34936537781437e-09
49.69,8.71322836104582e-09,9.48730849067788e-10,-1.49652528616816e-08,2.24333156197568e-09
49.7,9.60511847836187e-09,8.03702182462332e-10,-1.41271087442893e-08,2.14111825896345e-09
49.71,1.04269357592557e-08,6.66898828802335e-10,-1.33243201698378e-08,2.04262240126808e-09
49.72,1.1181790604553e-08,5.37921983801944e-10,-1.25556296937535e-08,1.94774162535411e-09
49.73,1.18730039133652e-08,4.1641878381739e-10,-1.18198196930468e-08,1.85637419747776e-09
49.74,1.25039134601934e-08,3.02138715384486e-10,-1.11157040995357e-08,1.76841949887468e-09
49.75,1.30774377993248e-08,1.94739685225107e-10,-1.04421276178369e-08,1.68377823280742e-09
49.76,1.3596511472258e-08,9.39089627222573e-11,-9.79797431336289e-09,1.60235212642061e-09
49.77,1.4063857634028e-08,-6.23485605850878e-13,-9.18216379814653e-09,1.52404420182114e-09
49.78,1.44822118741672e-08,-8.91710308984893e-11,-8.59364824625026e-09,1.44875902909086e-09
49.79,1.48541090538856e-08,-1.71965457906151e-10,-8.03141285335228e-09,1.37640277282874e-09
49.8,1.51820591653973e-08,-2.4928183367511e-10,-7.4944731357251e-09,1.3068833643264e-09
49.81,1.54684549613648e-08,-3.21350318903812e-10,-6.98187711499779e-09,1.24011042744564e-09
49.82,1.57154467217424e-08,-3.88453159918333e-10,-6.49270447143545e-09,1.17599535723154e-09
49.83,1.5925351704027e-08,-4.5076708842247e-10,-6.02606675237069e-09,1.1144513486743e-09
49.84,1.61004054533009e-08,-5.08512026273272e-10,-5.58110208300459e-09,1.05539362192833e-09
49.85,1.62422546523544e-08,-5.61945251394421e-10,-5.1569816582385e-09,9.98739185600176e-10
49.86,1.63530335939299e-08,-6.11251974930493e-10,-4.75290835545928e-09,9.4440683694944e-10
49.87,1.64345363984353e-08,-6.56638562749492e-10,-4.36810977286453e-09,8.92317539685614e-10
49.88,1.64885696207762e-08,-6.98265637469258e-10,-4.00183904137082e-09,8.42394318869688e-10
49.89,1.65167648447095e-08,-7.36324912946935e-10,-3.65337516795368e-09,7.94562220508777e-10
49.9,1.65208104974113e-08,-7.70997742803925e-10,-3.32202504508867e-09,7.4874818319535e-10
49.91,1.65021312170666e-08,-8.02453475752971e-10,-3.00712130711471e-09,7.04881107062091e-10
49.92,1.64622564469141e-08,-8.30868694050521e-10,-2.70802036900388e-09,6.62891901334664e-10
49.93,1.6402701419338e-08,-8.56338138006833e-10,-2.42410067995556e-09,6.22713524417939e-10
49.94,1.63247353412999e-08,-8.7905230846461e-10,-2.15476185053432e-09,5.84280957705875e-10
49.95,1.62295821226621e-08,-8.99147448461415e-10,-1.89943033869594e-09,5.47530906861937e-10
49.96,1.61185029767807e-08,-9.16775598137957e-10,-1.65755383846962e-09,5.12401995663567e-10
49.97,1.59926374365682e-08,-9.32044695398513e-10,-1.42859912436077e-09,4.78834826587068e-10
49.98,1.5853118817688e-08,-9.45104569295711e-10,-1.21205067332291e-09,4.46771961261643e-10
49.99,1.5700956090825e-08,-9.56062128939464e-10,-1.00741186496046e-09,4.16157778163443e-10
50,1.55373056642816e-08,-9.65030321241354e-10,-8.1420303778579e-10,3.86938503743173e-10
50.01,1.5363016636627e-08,-9.7212711521528e-10,-6.31961449536503e-10,3.59062124670526e-10
50.02,1.51790038316335e-08,-9.7745972433005e-10,-4.60242495394894e-10,3.32478280940583e-10
50.03,1.49861332232604e-08,-9.81131002355693e-10,-2.9861704267819e-10,3.07138294095156e-10
50.04,1.47852334819731e-08,-9.83239595381407e-10,-1.46671021127049e-10,2.82995148227584e-10
50.05,1.45770870929596e-08,-9.83880085452057e-10,-4.0043818640202e-12,2.6000343456887e-10
50.06,1.43624294679512e-08,-9.83143131597348e-10,1.29769034295087e-10,2.38119297732713e-10
50.07,1.41419729260406e-08,-9.8111560648508e-10,2.55021875163843e-10,2.17300388163367e-10
50.08,1.39163809365073e-08,-9.77880723719031e-10,3.72114431631282e-10,1.97505815254271e-10
50.09,1.36862965405271e-08,-9.73518165092012e-10,4.81394132871013e-10,1.78696094163882e-10
50.1,1.34523023831434e-08,-9.68104201476575e-10,5.83197028355931e-10,1.60833106374504e-10
50.11,1.32149784448643e-08,-9.61711809708439e-10,6.7784721925618e-10,1.43880046948854e-10
50.12,1.29748372046379e-08,-9.54410784252853e-10,7.65657984043684e-10,1.27801387516543e-10
50.13,1.27324186749433e-08,-9.46267847370029e-10,8.46931901496677e-10,1.12562829202465e-10
50.14,1.24881474050653e-08,-9.37346750975551e-10,9.21961272468186e-10,9.81312639048571e-11
50.15,1.22425278803462e-08,-9.27708379321851e-10,9.9102855305614e-10,8.44747265032221e-11
50.16,1.19959269184733e-08,-9.17410845294061e-10,1.05440662651963e-09,7.15623631293111e-11
50.17,1.17487966022622e-08,-9.06509583869419e-10,1.1123589775773e-09,5.93643813275012e-11
50.18,1.15014646695499e-08,-8.95057444163047e-10,1.16514037082203e-09,4.78520230642823e-11
50.19,1.125429438531e-08,-8.83104776498384e-10,1.21299666489621e-09,3.69975136076887e-11
50.2,1.10076090464872e-08,-8.70699517252287e-10,1.25616560205782e-09,2.67740368706777e-11
50.21,1.07617168509933e-08,-8.5788727348736e-10,1.29487638461767e-09,1.71557016121998e-11
50.22,1.05169171149555e-08,-8.44711400215893e-10,1.32935079509587e-09,8.11750549945112e-12
50.23,1.02734434292984e-08,-8.31213079051605e-10,1.35980265568147e-09,-3.64700119104674e-13
50.24,1.00315418194441e-08,-8.17431393257137e-10,1.38643849354613e-09,-8.31424423974958e-12
50.25,9.79147429802651e-09,-8.03403402516541e-10,1.4094574659704e-09,-1.57536522165364e-11
50.26,9.55343093522742e-09,-7.89168723940723e-10,1.42793543405386e-09,-2.27288364146983e-11
50.27,9.31762400568914e-09,-7.74770745737782e-10,1.44285952364882e-09,-2.92381434286414e-11
50.28,9.08415209721625e-09,-7.60239656074172e-10,1.45486634871322e-09,-3.52860894609306e-11
50.29,8.85326656430152e-09,-7.4560389081574e-10,1.46409845709679e-09,-4.08953493931398e-11
50.3,8.62511306820579e-09,-7.30890315229886e-10,1.47071637598121e-09,-4.60861180441894e-11
50.31,8.39977509770051e-09,-7.16124200899699e-10,1.47487715442263e-09,-5.08776633232417e-11
50.32,8.17740630765229e-09,-7.01329283725329e-10,1.47673186463141e-09,-5.52886013642927e-11
50.33,7.95809196318942e-09,-6.86527818778897e-10,1.47642626881912e-09,-5.93369169061064e-11
50.34,7.74201769360161e-09,-6.71740630800472e-10,1.47410103964063e-09,-6.30399966008292e-11
50.35,7.52918971613781e-09,-6.56987169903766e-10,1.46989103997561e-09,-6.64146513830493e-11
50.36,7.31971638856521e-09,-6.42285568445306e-10,1.46392546777886e-09,-6.9477152966007e-11
50.37,7.1136687651574e-09,-6.27652699476361e-10,1.45632770699122e-09,-7.22432263003797e-11
50.38,6.91110724204691e-09,-6.13104229745982e-10,1.4472159569077e-09,-7.4728061163496e-11
50.39,6.71208510993893e-09,-5.98654674563368e-10,1.43670299561437e-09,-7.69463287838857e-11
50.4,6.51664766593285e-09,-5.84317451718381e-10,1.42489620984634e-09,-7.89121846178633e-11
50.41,6.32483221352231e-09,-5.70104933021676e-10,1.41189771072772e-09,-8.06392793584138e-11
50.42,6.13666717441674e-09,-5.56028495024001e-10,1.39780502772114e-09,-8.21407632721835e-11
50.43,5.95217297671979e-09,-5.42098568679639e-10,1.3827103852216e-09,-8.3429295675278e-11
50.44,5.77139669388771e-09,-5.28324688025905e-10,1.36670144064126e-09,-8.45170475782125e-11
50.45,5.59428858792899e-09,-5.14715534061123e-10,1.34986147030277e-09,-8.54157144662788e-11
50.46,5.42085309973572e-09,-5.0127898231242e-10,1.33226884488137e-09,-8.61365284709111e-11
50.47,5.25117549443621e-09,-4.8802214549513e-10,1.31399824564058e-09,-8.66902472885802e-11
50.48,5.08513497976537e-09,-4.74951411452634e-10,1.29512029256788e-09,-8.7087168526667e-11
50.49,4.92280438635362e-09,-4.62072486149755e-10,1.27570133888662e-09,-8.73371640746278e-11
50.5,4.76414196981523e-09,-4.49390430209707e-10,1.25580424092362e-09,-8.74496600049098e-11
50.51,4.60912819022496e-09,-4.36909696978779e-10,1.23548818376343e-09,-8.74336670676658e-11
50.52,4.45773729040866e-09,-4.24634167407244e-10,1.21480871171746e-09,-8.72977875120542e-11
50.53,4.3099461777274e-09,-4.12567185646895e-10,1.19381808424293e-09,-8.70502222587337e-11
50.54,4.16572198957965e-09,-4.00711590837758e-10,1.17256540821407e-09,-8.66987825353733e-11
50.55,4.02508870678275e-09,-3.89069747004154e-10,1.15109680037653e-09,-8.62509033346686e-11
50.56,3.88789977989745e-09,-3.77643574873314e-10,1.12945525594798e-09,-8.57136560952766e-11
50.57,3.7541125763596e-09,-3.66434580064571e-10,1.107681041963e-09,-8.50937728123228e-11
50.58,3.6238034795133e-09,-3.55443879750921e-10,1.08581199794289e-09,-8.43976241721411e-11
50.59,3.49692719225914e-09,-3.44672221303226e-10,1.06388422558735e-09,-8.3631236958365e-11
50.6,3.37332828337367e-09,-3.34120009571057e-10,1.04193049705039e-09,-8.28003467368459e-11
50.61,3.25301741099793e-09,-3.23787333626169e-10,1.01998147524421e-09,-8.19104071492341e-11
50.62,3.13594572531883e-09,-3.13673987689071e-10,9.98065781575962e-10,-8.09665609094378e-11
50.63,3.02206260016646e-09,-3.03779488529485e-10,9.76210357706845e-10,-7.99736683146251e-11
50.64,2.91132185026299e-09,-2.94103095746618e-10,9.54440015061751e-10,-7.89363262490827e-11
50.65,2.80367018490324e-09,-2.84643829080596e-10,9.32778054341577e-10,-7.78588781813932e-11
50.66,2.69905431338202e-09,-2.75400485484114e-10,9.11245803829625e-10,-7.67454277240815e-11
50.67,2.59742183317258e-09,-2.66371657486203e-10,8.89863161889466e-10,-7.55998475745999e-11
50.68,2.4987185653913e-09,-2.57555746615987e-10,8.68648557065823e-10,-7.44257898526802e-11
50.69,2.40289299568985e-09,-2.4895097931266e-10,8.47618671455107e-10,-7.32266963484333e-11
50.7,2.30988739247096e-09,-2.40555419859395e-10,8.26789437657902e-10,-7.20058092573712e-11
50.71,2.21964935320784e-09,-2.32366982342585e-10,8.06175112455192e-10,-7.0766181883981e-11
50.72,2.13212469901691e-09,-2.24383444015259e-10,7.85788857617337e-10,-6.95106872998574e-11
50.73,2.04725569830089e-09,-2.16602457959796e-10,7.65642613748119e-10,-6.82420241945661e-11
50.74,1.9649855076409e-09,-2.09021561830367e-10,7.45747583950333e-10,-6.69627293069686e-11
50.75,1.88526350086704e-09,-2.01638188847257e-10,7.26113451930075e-10,-6.56751855192928e-11
50.76,1.80803017002518e-09,-1.94449678310532e-10,7.06749494517691e-10,-6.438162615573e-11
50.77,1.73323222441013e-09,-1.87453283830805e-10,6.8766376582083e-10,-6.30841444310576e-11
50.78,1.66081370878146e-09,-1.80646181275156e-10,6.68863654734521e-10,-6.17847031296098e-11
50.79,1.59072399696925e-09,-1.74025477869486e-10,6.50355778064321e-10,-6.04851360585108e-11
50.8,1.52290446919778e-09,-1.67588220563316e-10,6.3214567313704e-10,-5.91871589326857e-11
50.81,1.45730538747557e-09,-1.61331401491198e-10,6.14238542994246e-10,-5.78923737769911e-11
50.82,1.39386902020533e-09,-1.55251966529633e-10,5.96638864456511e-10,-5.66022751954841e-11
50.83,1.33254562939555e-09,-1.49346820332375e-10,5.79350302868313e-10,-5.53182572618622e-11
50.84,1.27328014798422e-09,-1.43612833374243e-10,5.62376059216234e-10,-5.40416153813586e-11
50.85,1.21602372615826e-09,-1.38046848774487e-10,5.45718671400223e-10,-5.27735525349083e-11
50.86,1.16072484956931e-09,-1.32645685281055e-10,5.29380213651952e-10,-5.1515183911323e-11
50.87,1.10738795910947e-09,-1.27406144208753e-10,5.13362410400859e-10,-5.02675436856869e-11
50.88,1.05579367470909e-09,-1.22325014305067e-10,4.97665972431254e-10,-4.90315891457021e-11
50.89,1.00606278863324e-09,-1.17399077678674e-10,4.82291538449023e-10,-4.78082135569812e-11
50.9,9.58090495828401e-10,-1.12625112494846e-10,4.67239566977266e-10,-4.6598206802036e-11
50.91,9.11883013543502e-10,-1.07999894148933e-10,4.52509958542532e-10,-4.54023061374724e-11
50.92,8.67228955314658e-10,-1.03520201677907e-10,4.38102024852809e-10,-4.42211976365273e-11
50.93,8.2424733705011e-10,-9.91828260849182e-11,4.24014483055301e-10,-4.30555118677955e-11
50.94,7.82891973472033e-10,-9.49845673331446e-11,4.10246484686033e-10,-4.1905795402243e-11
50.95,7.43008321535399e-10,-9.09222388378059e-11,3.96796327756712e-10,-4.077255298497e-11
50.96,7.04604374845985e-10,-8.6992674550187e-11,3.83661823814732e-10,-3.96562566708505e-11
50.97,6.67584210134464e-10,-8.31927299548711e-11,3.70840634341617e-10,-3.85573113472456e-11
50.98,6.32017105317573e-10,-7.95192832104936e-11,3.58330742644853e-10,-3.74760662634769e-11
50.99,5.97862204188004e-10,-7.59692350533631e-11,3.46129688018012e-10,-3.64128169498732e-11
51,5.64907232103451e-10,-7.25395121421608e-11,3.34234587668597e-10,-3.53678420618697e-11
51.01,5.33339594710469e-10,-6.92270743442656e-11,3.2264190598406e-10,-3.43413966567715e-11
51.02,5.02891950304729e-10,-6.60289145791249e-11,3.11348490555652e-10,-3.33336677253923e-11
51.03,4.73756145424886e-10,-6.29420611402721e-11,3.00350613607927e-10,-3.23448252373088e-11
51.04,4.45664838366611e-10,-5.99635755443245e-11,2.89644963606313e-10,-3.13749891540822e-11
51.05,4.18809875668558e-10,-5.70905595223453e-11,2.79227361164363e-10,-3.04242667124457e-11
51.06,3.92926580161657e-10,-5.43201534681598e-11,2.69093969100488e-10,-2.94927140063811e-11
51.07,3.68209462919822e-10,-5.1649538134627e-11,2.5924045314285e-10,-2.85803814246289e-11
51.08,3.44395623130822e-10,-4.90759366095734e-11,2.49662907241743e-10,-2.76872699127284e-11
51.09,3.21793258706293e-10,-4.65966152791234e-11,2.40356662522789e-10,-2.68133778241561e-11
51.1,2.99799296499259e-10,-4.42088836240552e-11,2.31317397242512e-10,-2.59586623221388e-11
51.11,2.78951084453638e-10,-4.19101030323492e-11,2.22539595353155e-10,-2.51231005465553e-11
51.12,2.58991939006137e-10,-3.96976776625982e-11,2.14019960882439e-10,-2.4306563935576e-11
51.13,2.39888997555227e-10,-3.7569051959062e-11,2.05753483702864e-10,-2.35089587558405e-11
51.14,2.21499263375335e-10,-3.55217231804586e-11,1.97734867286357e-10,-2.27301935398262e-11
51.15,2.03910666130014e-10,-3.35532412065394e-11,1.89959189842351e-10,-2.19701393925217e-11
51.16,1.87204918233874e-10,-3.16611995113224e-11,1.82422242717757e-10,-2.12286143502648e-11
51.17,1.71244352031863e-10,-2.9843234316764e-11,1.75119649475104e-10,-2.0505430598694e-11
51.18,1.55887747155248e-10,-2.80970310674443e-11,1.6804614043258e-10,-1.98004288279508e-11
51.19,1.41335831926881e-10,-2.64203276423179e-11,1.61196493034814e-10,-1.91134362348549e-11
51.2,1.27335475497148e-10,-2.48109103882019e-11,1.54566198036267e-10,-1.84442313650238e-11
51.21,1.1409007072416e-10,-2.32666142323831e-11,1.4815011255443e-10,-1.77926046732471e-11
51.22,1.01348263115142e-10,-2.17853206552103e-11,1.41943894491016e-10,-1.71583169175659e-11
51.23,8.9316998241884e-11,-2.03649603705699e-11,1.3594230408104e-10,-1.65411439754741e-11
51.24,7.77440334331914e-11,-1.90035108457842e-11,1.30140849657559e-10,-1.59408329715567e-11
51.25,6.68363142608541e-11,-1.76989983771113e-11,1.24534599296419e-10,-1.5357146329967e-11
51.26,5.63433744105168e-11,-1.64494971800198e-11,1.19118806936793e-10,-1.47898181159712e-11
51.27,4.64739358108091e-11,-1.52531290866258e-11,1.13888625494104e-10,-1.42385968528012e-11
51.28,3.69801966826344e-11,-1.41080623249313e-11,1.08839670061575e-10,-1.37032061704665e-11
51.29,2.80699907762028e-11,-1.30125134477813e-11,1.03966741629631e-10,-1.31833853833645e-11
51.3,1.94964044908374e-11,-1.19647437870773e-11,9.92658134483533e-11,-1.26788472445743e-11
51.31,1.14699361120074e-11,-1.09630621679379e-11,9.47317592435385e-11,-1.21893231856473e-11
51.32,3.74633657429513e-12,-1.00058215730002e-11,9.03605201363308e-11,-1.17145195158375e-11
51.33,-3.46656037208959e-12,-9.09142072380891e-12,8.61473161314861e-11,-1.12541605710062e-11
51.34,-1.04112274357249e-11,-8.2183023974125e-12,8.20879940766522e-11,-1.08079483922554e-11
51.35,-1.68753899743024e-11,-7.38495250974754e-12,7.81778942517453e-11,-1.03756048093001e-11
51.36,-2.31006325179806e-11,-6.58990017015093e-12,7.44133030082407e-11,-9.95682807148894e-12
51.37,-2.88764567812905e-11,-5.83171595805462e-12,7.07894698315922e-11,-9.5513392856386e-12
51.38,-3.44453354728103e-11,-5.10901337585913e-12,6.73026633654799e-11,-9.15883748782948e-12
51.39,-3.95914412365528e-11,-4.42044621455621e-12,6.39484805130935e-11,-8.77904224906291e-12
51.4,-4.45572467810962e-11,-3.76470821232298e-12,6.07232784418962e-11,-8.41165283308939e-12
51.41,-4.91269247504533e-11,-3.14053252837216e-12,5.76228698996286e-11,-8.05639136477793e-12
51.42,-5.35456123884614e-11,-2.54669129529616e-12,5.46437212403405e-11,-7.71295868996896e-12
51.43,-5.75903769117758e-11,-1.98199424078528e-12,5.17817106680601e-11,-7.38108020636914e-12
51.44,-6.15036910289746e-11,-1.4452878576107e-12,4.90335747998814e-11,-7.06045945407134e-12
51.45,-6.50697273840706e-11,-9.35454819774687e-13,4.63954683795386e-11,-6.7508248789746e-12
51.46,-6.85247414367041e-11,-4.51413598519121e-13,4.38639907395273e-11,-6.45188789313945e-12
51.47,-7.16537940093076e-11,7.88238846111877e-15,4.14355719250643e-11,-6.16338143638454e-12
51.48,-7.46966932752002e-11,4.43446523577244e-13,3.91070967511933e-11,-5.8850216607881e-12
51.49,-7.74313946294569e-11,8.56257841048685e-13,3.68748402349326e-11,-5.61654895206865e-12
51.5,-8.00932653532982e-11,1.24726364955799e-12,3.47361763691407e-11,-5.35768341767079e-12
51.51,-8.24673662691566e-11,1.61738019908029e-12,3.26874724709496e-11,-5.1081730296271e-12
51.52,-8.47908410150922e-11,1.96749332371471e-12,3.07261952316458e-11,-4.86774894602587e-12
51.53,-8.684075680776e-11,2.29845749802012e-12,2.88488948008561e-11,-4.63616597676444e-12
51.54,-8.88551454636399e-11,2.61109946295803e-12,2.70530457990604e-11,-4.41316145435398e-12
51.55,-9.06137387346462e-11,2.90621635186616e-12,2.53355732935078e-11,-4.19849910346461e-12
51.56,-9.23510157235796e-11,3.18457676113163e-12,2.3693872770728e-11,-3.99192358663364e-12
51.57,-9.38467081823546e-11,3.44692436981569e-12,2.21251824136516e-11,-3.79320756123787e-12
51.58,-9.5335295213772e-11,3.69397536398039e-12,2.06271117025001e-11,-3.60210572531093e-12
51.59,-9.65965085697462e-11,3.92642060007921e-12,1.91968418845561e-11,-3.41839803249223e-12
51.6,-9.78621628178189e-11,4.1449270023684e-12,1.78323338035488e-11,-3.24184799443856e-12
51.61,-9.89119897099044e-11,4.35013669466557e-12,1.65308285941955e-11,-3.07224537724801e-12
51.62,-9.99822447056431e-11,4.54266858902427e-12,1.52903145337124e-11,-2.90936173182018e-12
51.63,-1.00845554129592e-10,4.72311876129521e-12,1.41082120739088e-11,-2.75299703789902e-12
51.64,-1.01737285262971e-10,4.89206108564486e-12,1.29827914473451e-11,-2.60293222501958e-12
51.65,-1.02433617144015e-10,5.05004894755254e-12,1.19115692284795e-11,-2.45897630837911e-12
51.66,-1.03170805232367e-10,5.19761471984482e-12,1.08927906356938e-11,-2.32092074285063e-12
51.67,-1.03721475852581e-10,5.33527005393021e-12,9.92415799294748e-12,-2.18858368790337e-12
51.68,-1.04320996285878e-10,5.46350757561352e-12,9.00408664009341e-12,-2.06176450800769e-12
51.69,-1.04741992856816e-10,5.58280122930469e-12,8.13046758852097e-12,-1.94029027705769e-12
51.7,-1.05223385560294e-10,5.69360687042647e-12,7.30162620592159e-12,-1.82397103515926e-12
51.71,-1.05533359828769e-10,5.79636138239483e-12,6.51567677612287e-12,-1.71264266734504e-12
51.72,-1.05906394765043e-10,5.89148590830823e-12,5.77121807113563e-12,-1.60612280024384e-12
51.73,-1.06119557585771e-10,5.97938436232651e-12,5.06631134730183e-12,-1.5042570184763e-12
51.74,-1.06401998323236e-10,6.06044519605476e-12,4.39951763602575e-12,-1.40687451681524e-12
51.75,-1.06531672372512e-10,6.13503942932108e-12,3.76923192035195e-12,-1.31382764902579e-12
51.76,-1.06736841587463e-10,6.20352606230455e-12,3.17419260907007e-12,-1.22495436617868e-12
51.77,-1.06794573184743e-10,6.26624771718038e-12,2.6126215770199e-12,-1.14011713048369e-12
51.78,-1.06934017196636e-10,6.32353277492594e-12,2.08345241128494e-12,-1.05916023584909e-12
51.79,-1.06932240839797e-10,6.37569667318916e-12,1.58506949819224e-12,-9.81954726002747e-13
51.8,-1.07017505968088e-10,6.42304130060081e-12,1.11640895067635e-12,-9.08353355157908e-13
51.81,-1.06963327084486e-10,6.46585544973052e-12,6.7598835141445e-13,-8.3823366184396e-13
51.82,-1.07001518756533e-10,6.5044174791366e-12,2.63006220095153e-13,-7.71457234238465e-13
51.83,-1.06906483665625e-10,6.53899216979981e-12,-1.24200550882237e-13,-7.07911055268081e-13
51.84,-1.06793685006323e-10,6.56983307674862e-12,-4.8641874971326e-13,-6.47462941350944e-13
51.85,-1.06778585973188e-10,6.59718236358181e-12,-8.25176858001923e-13,-5.90011043293482e-13
51.86,-1.06750164263758e-10,6.6212671130372e-12,-1.14173214990657e-12,-5.3545512681518e-13
51.87,-1.06482822559428e-10,6.64230567775872e-12,-1.43656551298749e-12,-4.83658327829172e-13
51.88,-1.06433084567925e-10,6.66051212389732e-12,-1.71055155950279e-12,-4.34496690270713e-13
51.89,-1.06258113419244e-10,6.67608514234412e-12,-1.96533822236326e-12,-3.87912547380163e-13
51.9,-1.06305186875488e-10,6.6892108636231e-12,-2.20191035206885e-12,-3.43791212752341e-13
51.91,-1.0600498256963e-10,6.70006853740492e-12,-2.42073588840441e-12,-3.02026740848592e-13
51.92,-1.05927711047116e-10,6.70883658249728e-12,-2.62177733306205e-12,-2.62480364795181e-13
51.93,-1.05732311794782e-10,6.71568411269339e-12,-2.80674207903873e-12,-2.25103336895841e-13
51.94,-1.0564882302333e-10,6.72076695101698e-12,-2.9763149226357e-12,-1.89804586695484e-13
51.95,-1.05449871057317e-10,6.72423468899106e-12,-3.13134537192798e-12,-1.56501382443218e-13
51.96,-1.05250919091304e-10,6.72623099211925e-12,-3.27211046258744e-12,-1.25096699742921e-13
51.97,-1.05282005335994e-10,6.72689227917488e-12,-3.39987389448212e-12,-9.55251621767489e-14
51.98,-1.05083053369981e-10,6.7263449666169e-12,-3.51508071205582e-12,-6.77169101608206e-14
51.99,-1.0511680414993e-10,6.72471507504694e-12,-3.61760832482711e-12,-4.15461389823524e-14
52,-1.04927622146533e-10,6.72212753639434e-12,-3.70788117496195e-12,-1.69519254201599e-14
52.01,-1.04743769213655e-10,6.71870524966859e-12,-3.78586764191555e-12,6.15881032056958e-15
52.02,-1.04562580816037e-10,6.71456549375328e-12,-3.85275940410299e-12,2.7817879356981e-14
52.03,-1.04385833310516e-10,6.70981266361819e-12,-3.90969874846766e-12,4.80451494459782e-14
52.04,-1.04211750340255e-10,6.70793042485971e-12,-2.99653528856768e-12,8.74452361943946e-14
52.05,-1.04259711974919e-10,6.71996113945656e-12,-1.58838341810521e-12,1.32344296975509e-13
52.06,-1.04073194506782e-10,6.74522360942227e-12,-3.22916992564272e-13,1.61140928352418e-13
52.07,-1.0410960982199e-10,6.78254796866555e-12,8.36088665371749e-13,1.77366008018716e-13
52.08,-1.03912434212816e-10,6.83090681655612e-12,1.89437540446994e-12,1.82403763321345e-13
52.09,-1.03709929533125e-10,6.88930932070101e-12,2.85495125412825e-12,1.77305361485876e-13
52.1,-1.03501207604495e-10,6.95678731991882e-12,3.71930960733462e-12,1.63019529700627e-13
52.11,-1.03287156605347e-10,7.03238272291731e-12,4.4881118861213e-12,1.40466634442527e-13
52.12,-1.03295150211125e-10,7.11514586968482e-12,5.16241402122656e-12,1.10571786074857e-13
52.13,-1.0307132924936e-10,7.20413636512744e-12,5.74323853928606e-12,7.42720953726194e-14
52.14,-1.02839514681818e-10,7.29843353394508e-12,6.23326729400639e-12,3.25555459617257e-14
52.15,-1.02602371043758e-10,7.39713881874809e-12,6.63392239530991e-12,-1.36721281923442e-14
52.16,-1.02363451048859e-10,7.49936538444114e-12,6.94664518483561e-12,-6.35370608847958e-14
52.17,-1.02348352015724e-10,7.59973767467125e-12,6.05813039094407e-12,-1.40324902561161e-13
52.18,-1.02112096556084e-10,7.6872515064419e-12,4.7719525954624e-12,-2.20525213039403e-13
52.19,-1.01884722880641e-10,7.7623145705824e-12,3.55037851518201e-12,-2.87469137560121e-13
52.2,-1.01891828307998e-10,7.82537681647159e-12,2.36706306198802e-12,-3.43443125980789e-13
52.21,-1.0167955366569e-10,7.87680311377092e-12,1.22004605331748e-12,-3.88997098885459e-13
52.22,-1.01476160807579e-10,7.9169712476878e-12,1.11884463717232e-13,-4.24378006629422e-13
52.23,-1.01280761555245e-10,7.94627792838953e-12,-9.56074205611793e-13,-4.49917008797533e-13
52.24,-1.01095132265527e-10,7.96513394033601e-12,-1.98200645492859e-12,-4.66001315240535e-13
52.25,-1.0114575843545e-10,7.9739743456482e-12,-2.96323362293919e-12,-4.73049737003854e-13
52.26,-1.00977892714127e-10,7.97326200002799e-12,-3.8967201402995e-12,-4.71515539050304e-13
52.27,-1.0082068513384e-10,7.9634986421971e-12,-4.77799279572702e-12,-4.61851949627344e-13
52.28,-1.0067324751617e-10,7.94522227826854e-12,-5.60440820084261e-12,-4.44637466900119e-13
52.29,-1.00539132574795e-10,7.91899293673007e-12,-6.37401207469875e-12,-4.20518127924411e-13
52.3,-1.006430494499e-10,7.88538886265121e-12,-7.08488742989005e-12,-3.90163062671299e-13
52.31,-1.00530250790598e-10,7.8450077947956e-12,-7.73504630722853e-12,-3.54253275249659e-13
52.32,-1.00424557558654e-10,7.7984721201065e-12,-8.32183203524751e-12,-3.13436571003167e-13
52.33,-1.00333963359844e-10,7.74642184767679e-12,-8.84440188521298e-12,-2.68444365664504e-13
52.34,-1.00254915480491e-10,7.68949966931184e-12,-9.30265508141931e-12,-2.20032657227826e-13
52.35,-1.00414787596037e-10,7.6283469118274e-12,-9.69688078167934e-12,-1.6893553070984e-13
52.36,-1.00360608712435e-10,7.5636026008167e-12,-1.00273358819668e-11,-1.15853896362814e-13
52.37,-1.00548902537412e-10,7.49590786397882e-12,-1.02934790941521e-11,-6.14116663109555e-14
52.38,-1.00522257184821e-10,7.42590172286417e-12,-1.04961322022936e-11,-6.26838695374456e-15
52.39,-1.00511599043784e-10,7.35421597733112e-12,-1.06358623573592e-11,4.89781408517513e-14
52.4,-1.00516039935883e-10,7.28146638272221e-12,-1.07153393358161e-11,1.03709730010405e-13
52.41,-1.00533803504277e-10,7.20873050912845e-12,-1.0411004685936e-11,1.61679529404372e-13
52.42,-1.00559560678448e-10,7.14741802334645e-12,-8.85097224940792e-12,2.48523776386393e-13
52.43,-1.00588870566298e-10,7.1009547329886e-12,-7.41794094844979e-12,3.16286400833318e-13
52.44,-1.0084910684327e-10,7.06841028008369e-12,-6.05722028832164e-12,3.69282462540448e-13
52.45,-1.01113784012341e-10,7.04911342219965e-12,-4.76145157240201e-12,4.08949386175731e-13
52.46,-1.01154640219647e-10,7.04242260463056e-12,-3.52938298148904e-12,4.36095651410167e-13
52.47,-1.01199937319052e-10,7.04770549503924e-12,-2.36050951694831e-12,4.51470179228704e-13
52.48,-1.01248787132135e-10,7.06432015533897e-12,-1.25704128138636e-12,4.55749803351234e-13
52.49,-1.01301189658898e-10,7.09159799087631e-12,-2.21505377663476e-13,4.49639412260297e-13
52.5,-1.01358033077759e-10,7.12884280427496e-12,7.43055270205792e-13,4.33902416257909e-13
52.51,-1.01418429210298e-10,7.17533194414546e-12,1.63433435625317e-12,4.09357347051778e-13
52.52,-1.0170975173196e-10,7.23032172904571e-12,2.45030415144074e-12,3.76865031194674e-13
52.53,-1.01776365113437e-10,7.29305020566586e-12,3.18983081470557e-12,3.3732877124669e-13
52.54,-1.02073904884037e-10,7.36275586582446e-12,3.85326103226691e-12,2.91717714785366e-13
52.55,-1.02146735514452e-10,7.43867479333502e-12,4.44022427640072e-12,2.40945866703442e-13
52.56,-1.02221342501707e-10,7.52004698601533e-12,4.95145319914232e-12,1.85950565166835e-13
52.57,-1.02298614024221e-10,7.60611449206735e-12,5.3869235955404e-12,1.27597588241792e-13
52.58,-1.02374109189896e-10,7.6961213025849e-12,5.74689581443819e-12,6.67166468428222e-14
52.59,-1.02457597961347e-10,7.7893155467399e-12,6.03211796377511e-12,4.12895730871546e-15
52.6,-1.02769348586662e-10,7.88495796848798e-12,6.24410539866648e-12,-5.93694625238453e-14
52.61,-1.02856390071793e-10,7.97357067343464e-12,4.82042588771752e-12,-1.56742731365102e-13
52.62,-1.02956754233219e-10,8.04862130352624e-12,3.51576998545074e-12,-2.40502680916676e-13
52.63,-1.03068664714101e-10,8.11099922542191e-12,2.27382024566532e-12,-3.10036154644015e-13
52.64,-1.03420383368302e-10,8.16123599726447e-12,1.08168748226763e-12,-3.66938749845125e-13
52.65,-1.03556274666516e-10,8.19982296057115e-12,-6.07936142701629e-14,-4.11778544821134e-13
52.66,-1.03704600462606e-10,8.22726740730458e-12,-1.15161688297718e-12,-4.44984151953726e-13
52.67,-1.03863584399733e-10,8.24409550879758e-12,-2.18911057192772e-12,-4.67086391994189e-13
52.68,-1.04262376510178e-10,8.25084850947822e-12,-3.17178686122381e-12,-4.78681837255134e-13
52.69,-1.04444453086217e-10,8.24808828015139e-12,-4.09697970475611e-12,-4.80392624683081e-13
52.7,-1.04637187803291e-10,8.23641140880366e-12,-4.96073599767931e-12,-4.72836180724554e-13
52.71,-1.04842357018242e-10,8.21644542245197e-12,-5.76085767845971e-12,-4.56750523385872e-13
52.72,-1.05286446228092e-10,8.18883524447539e-12,-6.49577657414258e-12,-4.3293272326357e-13
52.73,-1.05510267189857e-10,8.15424162177149e-12,-7.16380899233631e-12,-4.02191913880611e-13
52.74,-1.05749187184756e-10,8.11334981868379e-12,-7.76212820732481e-12,-3.65304868079716e-13
52.75,-1.05997877142272e-10,8.06686115277702e-12,-8.29021415061355e-12,-3.23132098864964e-13
52.76,-1.06485487094687e-10,8.01547766570253e-12,-8.74809675671341e-12,-2.76554135095369e-13
52.77,-1.06757269691116e-10,7.95990063285057e-12,-9.13584577976742e-12,-2.26422405334511e-13
52.78,-1.07040598607e-10,7.90083655606331e-12,-9.45270874743563e-12,-1.73512744641389e-13
52.79,-1.0733547384234e-10,7.83898843890378e-12,-9.69979141570953e-12,-1.18645634063744e-13
52.8,-1.07870157251e-10,7.77504397741271e-12,-9.87911992783119e-12,-6.26282466718837e-14
52.81,-1.08190789660512e-10,7.70967081452612e-12,-9.99238486674255e-12,-6.20156096984145e-15
52.82,-1.0852296838948e-10,7.64352380401083e-12,-1.00407121929463e-11,4.99968409986859e-14
52.83,-1.08868469794743e-10,7.57723885522245e-12,-1.00267315797326e-11,1.05311410202584e-13
52.84,-1.09453779373325e-10,7.51304425572286e-12,-9.3066053132796e-12,1.71942305428101e-13
52.85,-1.09814379811723e-10,7.4630836363423e-12,-7.69080362951484e-12,2.54784732099502e-13
52.86,-1.10176756606961e-10,7.42860228821321e-12,-6.1865244311756e-12,3.19223195175477e-13
52.87,-1.10539133402199e-10,7.40878755481097e-12,-4.74976899635929e-12,3.68972092872469e-13
52.88,-1.11129772051299e-10,7.40298821618513e-12,-3.3772140213004e-12,4.05159123457096e-13
52.89,-1.11495701560216e-10,7.4105526704723e-12,-2.07049681601399e-12,4.28473363804243e-13
52.9,-1.11861631069132e-10,7.43082148151308e-12,-8.29922854932351e-13,4.39670736644499e-13
52.91,-1.12227560578049e-10,7.46312255820081e-12,3.42240457635267e-13,4.394738188714e-13
52.92,-1.12821751940828e-10,7.50675456517361e-12,1.44299545022472e-12,4.28628805237793e-13
52.93,-1.13189457806584e-10,7.56098650303141e-12,2.46943762497982e-12,4.07948421582623e-13
52.94,-1.1355716367234e-10,7.62506962693277e-12,3.42037880901e-12,3.78347892364739e-13
52.95,-1.13923093181256e-10,7.69823616194814e-12,4.2934717504048e-12,3.40708692480048e-13
52.96,-1.14516396365616e-10,7.77969448168366e-12,5.08638837915042e-12,2.95924193011656e-13
52.97,-1.14882325874532e-10,7.86863404989761e-12,5.79787145481255e-12,2.44930103484423e-13
52.98,-1.1524559084819e-10,7.96424184436659e-12,6.42821258176508e-12,1.88730073419667e-13
52.99,-1.15608855821847e-10,8.06570612477523e-12,6.97713042747071e-12,1.28254981203273e-13
53,-1.16196829935689e-10,8.17220941380118e-12,7.44426793896055e-12,6.440570769951e-14
53.01,-1.16554765838828e-10,8.28293745659252e-12,7.83037452918505e-12,-1.91666658150994e-15
53.02,-1.16911813563547e-10,8.39709283410886e-12,8.13801037608112e-12,-6.97811228316033e-14
53.03,-1.17264420396168e-10,8.50812542264742e-12,7.10147740695838e-12,-1.65905770222647e-13
53.04,-1.17854170866849e-10,8.6062397494504e-12,5.84499531005529e-12,-2.58409131166659e-13
53.05,-1.18224541267864e-10,8.69218803736088e-12,4.65252191052539e-12,-3.36351832347615e-13
53.06,-1.18602905274656e-10,8.76645986736744e-12,3.50443135923993e-12,-4.01719298667116e-13
53.07,-1.18988374708806e-10,8.82948358726139e-12,2.3988342132017e-12,-4.5510734294368e-13
53.08,-1.19608323245757e-10,8.8816864593763e-12,1.33612600089041e-12,-4.96955075200836e-13
53.09,-1.20006227177782e-10,8.92350465536796e-12,3.17936267857043e-13,-5.2770851112406e-13
53.1,-1.20411236537166e-10,8.95540132046903e-12,-6.5247432881554e-13,-5.4780408852715e-13
53.11,-1.20823351323907e-10,8.97786925803348e-12,-1.57249378778217e-12,-5.57801159553923e-13
53.12,-1.21468168856609e-10,8.99142324910215e-12,-2.44010339763504e-12,-5.58333243091038e-13
53.13,-1.21892718141225e-10,8.99660245937267e-12,-3.25243994080624e-12,-5.50062859526379e-13
53.14,-1.22320820139521e-10,8.99398031205039e-12,-4.00581157686048e-12,-5.33646669231499e-13
53.15,-1.22756027565174e-10,8.98415769983282e-12,-4.69831169651086e-12,-5.09849968775609e-13
53.16,-1.23425714093628e-10,8.96775092840583e-12,-5.32874633935781e-12,-4.79489947842394e-13
53.17,-1.23873356017157e-10,8.94538579218897e-12,-5.8959103836193e-12,-4.43379734211505e-13
53.18,-1.24324550654364e-10,8.91770849601094e-12,-6.3975236780964e-12,-4.02285094617746e-13
53.19,-1.24786403432608e-10,8.88537687071167e-12,-6.8333893129532e-12,-3.57041775567403e-13
53.2,-1.25479182599975e-10,8.8490458097783e-12,-7.20407163403784e-12,-3.08495161268038e-13
53.21,-1.25950805340835e-10,8.80936367251203e-12,-7.51003057890928e-12,-2.57445144505282e-13
53.22,-1.26430421687473e-10,8.76698080925553e-12,-7.75083365287724e-12,-2.04608281493273e-13
53.23,-1.26917143461469e-10,8.72254056557334e-12,-7.92813767330061e-12,-1.50737567448033e-13
53.24,-1.27637456159846e-10,8.67666646560511e-12,-8.04410288309202e-12,-9.65607944459259e-14
53.25,-1.28139276966976e-10,8.62996049336848e-12,-8.10075974217896e-12,-4.2738375675392e-14
53.26,-1.28649091379884e-10,8.58300768731721e-12,-8.09956051444236e-12,1.01810302851738e-14
53.27,-1.2916689939857e-10,8.53637242084494e-12,-8.04330695110697e-12,6.16325588737164e-14
53.28,-1.29920074698475e-10,8.49074916754209e-12,-7.77209010181609e-12,1.10926541466975e-13
53.29,-1.30448540858197e-10,8.45660679018463e-12,-6.06983599497748e-12,1.94654694056431e-13
53.3,-1.3097256612582e-10,8.43869252054644e-12,-4.50494359328502e-12,2.58170018275379e-13
53.31,-1.31493926858184e-10,8.43595969774934e-12,-3.02150099534779e-12,3.05985422531116e-13
53.32,-1.32011734876869e-10,8.44765629416488e-12,-1.61133623061858e-12,3.39749405724659e-13
53.33,-1.32754252035738e-10,8.473048325357e-12,-2.75210612150032e-13,3.60295333543816e-13
53.34,-1.33264954627066e-10,8.51138825163291e-12,9.85645848137215e-13,3.68419125607432e-13
53.35,-1.33771216326295e-10,8.56192173890734e-12,2.17084199518535e-12,3.64997309766625e-13
53.36,-1.34502187165708e-10,8.62388082447287e-12,3.27807337304303e-12,3.50866615585577e-13
53.37,-1.3500134343758e-10,8.69647137385836e-12,4.30486470573758e-12,3.26887242841931e-13
53.38,-1.35496058817353e-10,8.77888130321988e-12,5.24992116041977e-12,2.94020276958442e-13
53.39,-1.35986333305027e-10,8.87028338916538e-12,6.11125273565444e-12,2.53189044671227e-13
53.4,-1.36469502365344e-10,8.9698282739823e-12,6.88675460894186e-12,2.05326403915563e-13
53.41,-1.37178268744265e-10,9.07664971115271e-12,7.57508723184519e-12,1.51395185706546e-13
53.42,-1.37655220555644e-10,9.18987219344853e-12,8.1758848445054e-12,9.23842115428329e-14
53.43,-1.38124178761245e-10,9.30862918791645e-12,8.69071147014533e-12,2.93282949907435e-14
53.44,-1.38811628858093e-10,9.43206319185797e-12,9.11996376559927e-12,-3.68245151045208e-14
53.45,-1.3926548803056e-10,9.5593230300373e-12,9.46469702459485e-12,-1.05165087498583e-13
53.46,-1.39719347203027e-10,9.68082229973622e-12,8.16285819438644e-12,-2.08493714312992e-13
53.47,-1.40176759089172e-10,9.78990727442549e-12,6.96703342747462e-12,-2.99269788099988e-13
53.48,-1.40866873721279e-10,9.88733169508789e-12,5.81998648604193e-12,-3.76759848282234e-13
53.49,-1.41334055570042e-10,9.97348749889257e-12,4.70909517119641e-12,-4.4239242454557e-13
53.5,-1.41803901954063e-10,1.0048735683645e-11,3.63504928270222e-12,-4.96530791008798e-13
53.51,-1.42279077408602e-10,1.01134500191831e-11,2.59862833725024e-12,-5.39526651687889e-13
53.52,-1.42984291073844e-10,1.01680120928109e-11,1.60099347298056e-12,-5.71783594981428e-13
53.53,-1.43465683777322e-10,1.02128207886652e-11,6.44427127747527e-13,-5.93733877998541e-13
53.54,-1.43949741016058e-10,1.02483092287162e-11,-2.66910282666597e-13,-6.05806463506062e-13
53.55,-1.44436462790054e-10,1.02749455749041e-11,-1.13041486602605e-12,-6.08561263657345e-13
53.56,-1.45154999131591e-10,1.02932212210681e-11,-1.94375112689379e-12,-6.02632616040319e-13
53.57,-1.45647049976105e-10,1.03036513456506e-11,-2.70421204577045e-12,-5.88684199228002e-13
53.58,-1.46143541712718e-10,1.03067849980704e-11,-3.40822047778615e-12,-5.67367528183741e-13
53.59,-1.46641809806169e-10,1.03031967692105e-11,-4.05416976111427e-12,-5.39437017933464e-13
53.6,-1.47146295148559e-10,1.02934731902161e-11,-4.64099921967491e-12,-5.05690332151043e-13
53.61,-1.47881706880071e-10,1.02782113067295e-11,-5.16773109591523e-12,-4.66924154218511e-13
53.62,-1.48393297649818e-10,1.0258015361614e-11,-5.63365731546093e-12,-4.23918696529732e-13
53.63,-1.48906664776405e-10,1.02335043642e-11,-6.03691086237357e-12,-3.77396624059769e-13
53.64,-1.49648293756854e-10,1.02053037004358e-11,-6.37791442395116e-12,-3.28136989767764e-13
53.65,-1.50166989953959e-10,1.01740309201123e-11,-6.65748848012076e-12,-2.76907537367223e-13
53.66,-1.50690127043163e-10,1.01403019931865e-11,-6.87549007524325e-12,-2.2438499691438e-13
53.67,-1.51218593202884e-10,1.01047248062563e-11,-7.03344298748638e-12,-1.71274841697966e-13
53.68,-1.51751500254704e-10,1.00678856049107e-11,-7.1340369354e-12,-1.18255276384677e-13
53.69,-1.52517110052486e-10,1.00303460246259e-11,-7.17951112273e-12,-6.59383743362217e-14
53.7,-1.52834189748319e-10,9.99264192595133e-12,-7.17241951853582e-12,-1.4867455886474e-14
53.71,-1.53612234043976e-10,9.95529160853635e-12,-7.11442469070995e-12,3.45165655120794e-14
53.72,-1.54396495588571e-10,9.91878037306201e-12,-7.00981420799843e-12,8.17135198254781e-14
53.73,-1.54957824349822e-10,9.88933596164951e-12,-5.59342043657354e-12,1.53932694527157e-13
53.74,-1.55512047683715e-10,9.87643144064485e-12,-3.98952379467471e-12,2.19785824281246e-13
53.75,-1.56061830125509e-10,9.8789796348897e-12,-2.48373265032822e-12,2.68753395050888e-13
53.76,-1.56605395318365e-10,9.89615078705846e-12,-1.05643375972288e-12,3.032811681406e-13
53.77,-1.57144519619123e-10,9.9271685725025e-12,2.93034182993804e-13,3.24371781582011e-13
53.78,-1.57678314849363e-10,9.97124640380769e-12,1.56321571887246e-12,3.32854621369878e-13
53.79,-1.58206781009085e-10,1.00275835544871e-11,2.75267108660242e-12,3.29583636984907e-13
53.8,-1.58956403595312e-10,1.00953620614597e-11,3.85950289917094e-12,3.15444584379966e-13
53.81,-1.59699808932601e-10,1.01737464020369e-11,4.88201494316269e-12,2.91362989329491e-13
53.82,-1.60210511523928e-10,1.02618900853621e-11,5.81985709645252e-12,2.58354114220969e-13
53.83,-1.60716773223157e-10,1.03589463408188e-11,6.6728806006637e-12,2.17432725332822e-13
53.84,-1.6121148860293e-10,1.0464058034582e-11,7.43919274120832e-12,1.69534960328429e-13
53.85,-1.61705315804284e-10,1.05763472787668e-11,8.1171327769275e-12,1.1560533391753e-13
53.86,-1.62187596686181e-10,1.06949269168067e-11,8.7060178930917e-12,5.66088036822801e-14
53.87,-1.62890145816164e-10,1.08189045352259e-11,9.20572431333125e-12,-6.47855389889354e-15
53.88,-1.63358215843346e-10,1.09473927403208e-11,9.61737237557049e-12,-7.26833894696637e-14
53.89,-1.64047442297033e-10,1.10770939834859e-11,9.13804728920703e-12,-1.57791951899535e-13
53.9,-1.64511071432116e-10,1.11957331093525e-11,7.91283068322572e-12,-2.56553549018974e-13
53.91,-1.64977365102459e-10,1.13026084202532e-11,6.76460926719691e-12,-3.40270220019501e-13
53.92,-1.654480996649e-10,1.13982122086827e-11,5.65361049155583e-12,-4.11952848429243e-13
53.93,-1.6592061058418e-10,1.14828882743059e-11,4.57582499807462e-12,-4.72307688380123e-13
53.94,-1.66851421568026e-10,1.15569713070099e-11,3.53172202869325e-12,-5.21652906679003e-13
53.95,-1.67330149736244e-10,1.16208019996801e-11,2.52252469316533e-12,-5.60290426012278e-13
53.96,-1.67355906910416e-10,1.16747580141238e-11,1.5533706881955e-12,-5.8846643412577e-13
53.97,-1.68294711500039e-10,1.17192526056398e-11,6.26044392171821e-13,-6.06647709778036e-13
53.98,-1.68779656917195e-10,1.17546980494005e-11,-2.60145805083197e-13,-6.15478750814446e-13
53.99,-1.6926815504803e-10,1.17815349624499e-11,-1.09952882128308e-12,-6.15385921267433e-13
54,-1.69757541357285e-10,1.18002509893562e-11,-1.88899702227389e-12,-6.0694642302904e-13
54.01,-1.70249592201799e-10,1.18113559477585e-11,-2.62656550489011e-12,-5.90842971201516e-13
54.02,-1.70743419403152e-10,1.18153801254178e-11,-3.31020807485699e-12,-5.6778574714992e-13
54.03,-1.71239911139764e-10,1.18128711923265e-11,-3.93846905557007e-12,-5.38508547830894e-13
54.04,-1.72191150227263e-10,1.18043925387271e-11,-4.50969229450884e-12,-5.03758279784272e-13
54.05,-1.72236447326668e-10,1.17905220216887e-11,-5.02214877773946e-12,-4.64274860507765e-13
54.06,-1.73195680019944e-10,1.17718660649276e-11,-5.47301964085611e-12,-4.20720300755419e-13
54.07,-1.73701053540753e-10,1.17490280059659e-11,-5.86454480754778e-12,-3.73978298375765e-13
54.08,-1.74207315239983e-10,1.17226121148003e-11,-6.19448738115165e-12,-3.24709877626983e-13
54.09,-1.74721570544989e-10,1.16932326204848e-11,-6.46361239895335e-12,-2.73637151654016e-13
54.1,-1.75237602206835e-10,1.16614888803145e-11,-6.67352179672797e-12,-2.21500704304817e-13
54.11,-1.76213710290085e-10,1.16279623589421e-11,-6.82624169945865e-12,-1.68983563525591e-13
54.12,-1.76283876385241e-10,1.15932167587962e-11,-6.92298359206931e-12,-1.16694464848099e-13
54.13,-1.77268866252689e-10,1.15578129925012e-11,-6.96389525401257e-12,-6.51090943499879e-14
54.14,-1.77804437839768e-10,1.15222822788502e-11,-6.95404031298048e-12,-1.48767615344886e-14
54.15,-1.78346226675785e-10,1.14871265715478e-11,-6.89397190867859e-12,3.36127879839038e-14
54.16,-1.7889423276074e-10,1.14528341829321e-11,-6.78677409564067e-12,7.99432672003065e-14
54.17,-1.79444903380954e-10,1.14256283510852e-11,-5.36932955086655e-12,1.51243399471559e-13
54.18,-1.7998935675223e-10,1.14149547674462e-11,-3.76775027879701e-12,2.16057323487469e-13
54.19,-1.80528481052988e-10,1.14196926210391e-11,-2.26753410499903e-12,2.63907398448197e-13
54.2,-1.81517023634115e-10,1.14389834405536e-11,-8.48192494549362e-13,2.9730498311737e-13
54.21,-1.8158896608611e-10,1.1472031214472e-11,4.91756626249063e-13,3.1731438057203e-13
54.22,-1.825668505262e-10,1.15180513746017e-11,1.75376108169837e-12,3.2489486167246e-13
54.23,-1.83083770366466e-10,1.15762425051131e-11,2.933857802242e-12,3.207898181593e-13
54.24,-1.83595361136213e-10,1.16457864666887e-11,4.03252023925265e-12,3.05973450155434e-13
54.25,-1.84098958300183e-10,1.17258619672827e-11,5.04797840535597e-12,2.813645200979e-13
54.26,-1.84598114572054e-10,1.18156208711486e-11,5.97744091783843e-12,2.47863621916339e-13
54.27,-1.85545800945874e-10,1.19141931198409e-11,6.81911205445401e-12,2.06414195003633e-13
54.28,-1.85574222655305e-10,1.20206922232616e-11,7.57188296189201e-12,1.58010560742599e-13
54.29,-1.86503257282311e-10,1.21342402625879e-11,8.23736608744891e-12,1.03746671230455e-13
54.3,-1.86972215487913e-10,1.22539474611522e-11,8.81267711765068e-12,4.44907004172902e-14
54.31,-1.87435844622996e-10,1.23789237643812e-11,9.30032254299907e-12,-1.86915237556297e-14
54.32,-1.87888815617043e-10,1.25082988425549e-11,9.70121151050625e-12,-8.48323545934034e-14
54.33,-1.88336457540572e-10,1.26378173734083e-11,9.05490970273936e-12,-1.73602947194681e-13
54.34,-1.89240623171827e-10,1.2755669507178e-11,7.83678449969841e-12,-2.7041524648268e-13
54.35,-1.89238846814987e-10,1.28617758685386e-11,6.68667482058176e-12,-3.52742000833186e-13
54.36,-1.901501178736e-10,1.29565914783563e-11,5.5739853974369e-12,-4.23095869742658e-13
54.37,-1.90609306116585e-10,1.30404547568125e-11,4.4931779174204e-12,-4.82192724291083e-13
54.38,-1.90617299722362e-10,1.3113700386668e-11,3.44742258151573e-12,-5.30241113699809e-13
54.39,-1.91535676208332e-10,1.31766877114167e-11,2.43764184994079e-12,-5.67571069376447e-13
54.4,-1.92002858057094e-10,1.32297679502083e-11,1.46302482550852e-12,-5.94692395395443e-13
54.41,-1.92472704441116e-10,1.32733199320863e-11,5.28801199201165e-13,-6.11901015567614e-13
54.42,-1.92943439003557e-10,1.33077695638315e-11,-3.61393205164654e-13,-6.19647432903083e-13
54.43,-1.93872473630563e-10,1.33335714529334e-11,-1.20500579390421e-12,-6.18505835080036e-13
54.44,-1.93893789912636e-10,1.33512076011978e-11,-1.99879778919733e-12,-6.09077369962981e-13
54.45,-1.94370741724015e-10,1.33612041420827e-11,-2.73806231835971e-12,-5.91925898580353e-13
54.46,-1.95305105421539e-10,1.33641025923703e-11,-3.42383779395581e-12,-5.67898526152859e-13
54.47,-1.95788274481856e-10,1.33604440591593e-11,-4.05432376952628e-12,-5.37745060571015e-13
54.48,-1.95816696191287e-10,1.33508074407218e-11,-4.62492409861188e-12,-5.0206880416594e-13
54.49,-1.9675550078091e-10,1.33357992444459e-11,-5.13497241805208e-12,-4.61658985395917e-13
54.5,-1.97243110733325e-10,1.33160098190185e-11,-5.58693598424169e-12,-4.17438223339984e-13
54.51,-1.9773160886416e-10,1.32920335942408e-11,-5.97807883949258e-12,-3.70049352614599e-13
54.52,-1.98229876957612e-10,1.32644828274141e-11,-6.30805728476177e-12,-3.20210705764236e-13
54.53,-1.9918378058037e-10,1.3233963271169e-11,-6.57803947168835e-12,-2.68675863367785e-13
54.54,-1.99231742215034e-10,1.32010692596242e-11,-6.78873374255852e-12,-2.1613611045845e-13
54.55,-1.99738892092682e-10,1.31664000498176e-11,-6.93947808765164e-12,-1.63155397360735e-13
54.56,-2.00707006570155e-10,1.31305296277234e-11,-7.03525165447649e-12,-1.10497870146753e-13
54.57,-2.00769179059535e-10,1.30939906817061e-11,-7.07843944810784e-12,-5.87489427983084e-14
54.58,-2.01747951678044e-10,1.30573130710292e-11,-7.06872527060682e-12,-8.29540689368383e-15
54.59,-2.02277306016185e-10,1.30209975554251e-11,-7.01134447895696e-12,4.02922512522197e-14
54.6,-2.03268513132571e-10,1.29855166323997e-11,-6.9067370094499e-12,8.66973079418208e-14
54.61,-2.03352890082442e-10,1.2958518522135e-11,-5.3407167967186e-12,1.61316805517832e-13
54.62,-2.03886685312682e-10,1.2948039077205e-11,-3.75380149064229e-12,2.24757349152108e-13
54.63,-2.04868122466451e-10,1.29528683079203e-11,-2.2624168649121e-12,2.71654069065784e-13
54.64,-2.04935624026348e-10,1.29721642202245e-11,-8.51244965511719e-13,3.04188634366593e-13
54.65,-2.05908179395919e-10,1.30051488783608e-11,4.82749257978991e-13,3.2347283468005e-13
54.66,-2.06419770165667e-10,1.30510317140141e-11,1.73621061728003e-12,3.30251388592105e-13
54.67,-2.07379891037363e-10,1.3109010511262e-11,2.90990356847536e-12,3.25481485093161e-13
54.68,-2.07425188136767e-10,1.31782834168569e-11,4.0029744294796e-12,3.10079213680851e-13
54.69,-2.08374650867427e-10,1.32580425901871e-11,5.01483377444251e-12,2.85017256811423e-13
54.7,-2.08863148998262e-10,1.33474501141569e-11,5.94071964421163e-12,2.51084443547152e-13
54.71,-2.08889794350853e-10,1.34456436060986e-11,6.78064955129262e-12,2.09315225530978e-13
54.72,-2.09820605334698e-10,1.35517574401241e-11,7.5328734768314e-12,1.60673331483992e-13
54.73,-2.1028867536188e-10,1.36648904189354e-11,8.19357353680985e-12,1.06007099249624e-13
54.74,-2.10294892610818e-10,1.37841379172661e-11,8.76504974464373e-12,4.64354634590635e-14
54.75,-2.11202610955752e-10,1.39086131164814e-11,9.24771766956263e-12,-1.70406211683575e-14
54.76,-2.12104112051748e-10,1.40374149206365e-11,9.63962511575201e-12,-8.35807474898332e-14
54.77,-2.12087236661773e-10,1.41662674964532e-11,8.98462692168508e-12,-1.72659063171988e-13
54.78,-2.12530437693204e-10,1.42833868614293e-11,7.76141770855158e-12,-2.69529109466571e-13
54.79,-2.1343016243236e-10,1.43887124642929e-11,6.60605368116018e-12,-3.51849454544149e-13
54.8,-2.13879580712728e-10,1.44826786895025e-11,5.48550571450671e-12,-4.22271026440436e-13
54.81,-2.13876027999049e-10,1.45656284779e-11,4.39990029770951e-12,-4.81246335407956e-13
54.82,-2.14784634522402e-10,1.46379189149315e-11,3.34967934037007e-12,-5.29104086164866e-13
54.83,-2.15242046408548e-10,1.46998905678149e-11,2.33312198161469e-12,-5.66321880003763e-13
54.84,-2.15702122829953e-10,1.47519033333139e-11,1.35489625449576e-12,-5.93154228048506e-13
54.85,-2.16164863786616e-10,1.47943611653397e-11,4.18338028925274e-13,-6.10004789184794e-13
54.86,-2.1662938110012e-10,1.4827693184225e-11,-4.74145471611989e-13,-6.17394706636724e-13
54.87,-2.17552198478188e-10,1.48523560993162e-11,-1.31984976695554e-12,-6.15893350165739e-13
54.88,-2.17567297511323e-10,1.48688333132693e-11,-2.11536472421031e-12,-6.0609906494787e-13
54.89,-2.1849366760307e-10,1.4877656044151e-11,-2.8560583069772e-12,-5.88576646819407e-13
54.9,-2.18513207528304e-10,1.48793709448862e-11,-3.54213258008389e-12,-5.64157176042088e-13
54.91,-2.19444906690569e-10,1.48745425334554e-11,-4.1702058644246e-12,-5.33514158612199e-13
54.92,-2.19926299394047e-10,1.48637479819442e-11,-4.74098283929592e-12,-4.97502781758305e-13
54.93,-2.20404139383845e-10,1.48475770803853e-11,-5.25101271979481e-12,-4.56790642228319e-13
54.94,-2.20884643908903e-10,1.48266454944035e-11,-5.69926098689541e-12,-4.12133933367224e-13
54.95,-2.21374030218158e-10,1.48015691477685e-11,-6.08634987216032e-12,-3.64340933720454e-13
54.96,-2.22321716591978e-10,1.47729557247539e-11,-6.41277914986737e-12,-3.14181927879369e-13
54.97,-2.22359908264025e-10,1.4741408720662e-11,-6.67887390062868e-12,-2.62372734750398e-13
54.98,-2.23315588243622e-10,1.47075395685738e-11,-6.88366571416684e-12,-2.09510496076774e-13
54.99,-2.23819185407592e-10,1.46719404760019e-11,-7.03107375189241e-12,-1.56379460504778e-13
55,-2.24327223463661e-10,1.46351836400405e-11,-7.12086614008858e-12,-1.03513142294332e-13
