Time,e_y,e_yaw,e_yawrate,e_beta
0,-7.57870211032241e-09,4.06005699178523e-10,0,0
0.01,-7.64067653591383e-09,4.10902022527653e-10,5.76002757302694e-10,-6.23842525808828e-11
0.02,-7.81385356418696e-09,4.14898957604267e-10,9.80968776739813e-10,-2.04815538976117e-10
0.03,-8.08301336974182e-09,4.16825321811944e-10,1.4050416895702e-09,-4.02098107123625e-10
0.04,-8.411068286307e-09,4.18075232328336e-10,1.88780566455371e-09,-6.27202712810042e-10
0.05,-8.76030359364677e-09,4.19506966405466e-10,2.39743998095047e-09,-8.60590949991955e-10
0.06,-9.08001762667254e-09,4.22895720643815e-10,2.8938754503658e-09,-1.0885966649994e-09
0.07,-9.33829458205082e-09,4.28884486119169e-10,3.34166156177204e-09,-1.30156624870229e-09
0.08,-9.50745526751007e-09,4.37408603300119e-10,3.71167105823826e-09,-1.49291294202831e-09
0.09,-9.57030010795279e-09,4.4944341935809e-10,3.98234048908014e-09,-1.65833291130582e-09
0.1,-9.51695255935192e-09,4.63747789076881e-10,4.13826422609306e-09,-1.79531650387806e-09
0.11,-9.35439992133524e-09,4.80720185471598e-10,4.16904622349133e-09,-1.90278779371525e-09
0.12,-9.08734687499191e-09,4.98391854422113e-10,4.07024355346148e-09,-1.98065162428064e-09
0.13,-8.73850236615681e-09,5.16932883433056e-10,3.84273309473982e-09,-2.02957408114622e-09
0.14,-8.32216162649502e-09,5.33855223530776e-10,3.49337286453518e-09,-2.0506945568437e-09
0.15,-7.86704568156438e-09,5.49421077759814e-10,3.03398308011444e-09,-2.04554461674698e-09
0.16,-7.39020133977419e-09,5.61085934525901e-10,2.48158039087497e-09,-2.01586036271199e-09
0.17,-6.91855817080977e-09,5.69359755256089e-10,1.85651476127636e-09,-1.96361437489796e-09
0.18,-6.46681463933874e-09,5.71870525714189e-10,1.1824361692063e-09,-1.89087301679329e-09
0.19,-6.05394578911955e-09,5.69677789061634e-10,4.84057087225155e-10,-1.7998757493046e-09
0.2,-5.68869662487259e-09,5.60897387073595e-10,-2.1297006213258e-10,-1.69290519294124e-09
0.21,-5.3784585674066e-09,5.47356421293374e-10,-8.84628422845459e-10,-1.5724033845279e-09
0.22,-5.1239226195321e-09,5.27723377227353e-10,-1.5084718444946e-09,-1.44083081897002e-09
0.23,-4.92312057787103e-09,5.04377079702605e-10,-2.06620662648634e-09,-1.30079755392296e-09
0.24,-4.77079886707088e-09,4.76449385273761e-10,-2.54284516792114e-09,-1.15487714636737e-09
0.25,-4.65912819436198e-09,4.46598609608683e-10,-2.92878708853389e-09,-1.00572323009032e-09
0.26,-4.57972237910553e-09,4.14186420795727e-10,-3.21826212370945e-09,-8.55858234035174e-10
0.27,-4.52270043638237e-09,3.81920150642764e-10,-3.41083634063773e-09,-7.07779094135888e-10
0.28,-4.47932446689947e-09,3.49153408663163e-10,-3.50935174334713e-09,-5.63743279529278e-10
0.29,-4.44041781122451e-09,3.18420244238551e-10,-3.52101148811483e-09,-4.25877380972783e-10
0.3,-4.39936975737965e-09,2.88933367642734e-10,-3.45503277051286e-09,-2.95975543378056e-10
0.31,-4.34941060944993e-09,2.62829595401649e-10,-3.32353110554042e-09,-1.75622249952048e-10
0.32,-4.28729673984662e-09,2.3916429150415e-10,-3.13909161753343e-09,-6.60124883125409e-11
0.33,-4.20900736486374e-09,2.19568119450309e-10,-2.9155436864817e-09,3.19095727859634e-11
0.34,-4.11531253519115e-09,2.02887168886303e-10,-2.66534915086492e-09,1.17623014932365e-10
0.35,-4.00372091036161e-09,1.90309929546275e-10,-2.4021529838565e-09,1.90794943712079e-10
0.36,-3.87931198275737e-09,1.80532970571474e-10,-2.1369581572604e-09,2.51492491747194e-10
0.37,-3.73945496789929e-09,1.74502486639606e-10,-1.86216621518476e-09,3.01287746111077e-10
0.38,-3.58672291866924e-09,1.71326226615467e-10,-1.62512493234528e-09,3.398779357545e-10
0.39,-3.42906236738827e-09,1.69888837498514e-10,-1.41344356123e-09,3.68948143047008e-10
0.4,-3.26239746328838e-09,1.70670959021885e-10,-1.22706960113106e-09,3.89806461023509e-10
0.41,-3.09903569473136e-09,1.7229827186419e-10,-1.06700397076231e-09,4.02816313210688e-10
0.42,-2.93186896982434e-09,1.75101758852017e-10,-9.35227662387842e-10,4.0810974833439e-10
0.43,-2.77354583744227e-09,1.77939866125305e-10,-8.31511674960005e-10,4.06102691957278e-10
0.44,-2.61381671862182e-09,1.81050732852375e-10,-7.54344007648792e-10,3.97413279655384e-10
0.45,-2.46564990646903e-09,1.83581450078475e-10,-7.00137343391785e-10,3.82896038105827e-10
0.46,-2.31634622593901e-09,1.85744493213995e-10,-6.65241805989539e-10,3.63418802308905e-10
0.47,-2.17909335020749e-09,1.86992027036265e-10,-6.45323231404436e-10,3.39905846393385e-10
0.48,-2.03958627764678e-09,1.87454854629148e-10,-6.36912741028912e-10,3.13186593034019e-10
0.49,-1.91135818283783e-09,1.86895774042467e-10,-6.36400637091418e-10,2.84086891340025e-10
0.5,-1.77920167487855e-09,1.85386326181654e-10,-6.41165712258024e-10,2.53322140089328e-10
0.51,-1.6572583305674e-09,1.82929576971382e-10,-6.48597404265585e-10,2.21587091497675e-10
0.52,-1.52998325120279e-09,1.79526470938004e-10,-6.57012477266588e-10,1.89468660034557e-10
0.53,-1.41240796835973e-09,1.75306036672304e-10,-6.647661795567e-10,1.57527070802127e-10
0.54,-1.28891031181411e-09,1.70220610929464e-10,-6.70984290821652e-10,1.26223964547868e-10
0.55,-1.17533360821653e-09,1.6454054409886e-10,-6.74741897115143e-10,9.59967090345619e-11
0.56,-1.05613118250858e-09,1.58139875430933e-10,-6.75763158517875e-10,6.71900633301559e-11
0.57,-9.47858680433455e-10,1.51320296982712e-10,-6.73663694267544e-10,4.01240736402828e-11
0.58,-8.34921465298066e-10,1.43927356567462e-10,-6.68798769822343e-10,1.50283614857233e-11
0.59,-7.34364569154877e-10,1.36293573711641e-10,-6.61083865983352e-10,-7.88375328712682e-12
0.6,-6.30389074274262e-10,1.28228853192918e-10,-6.50239571174159e-10,-2.8446055164761e-11
0.61,-5.40354427869261e-10,1.20084093782252e-10,-6.36184984455471e-10,-4.65347914889755e-11
0.62,-4.48020287535655e-10,1.1167009947716e-10,-6.19142794258875e-10,-6.20982447458655e-11
0.63,-3.70490305101612e-10,1.03325103018871e-10,-5.95187361670423e-10,-7.47163575069489e-11
0.64,-2.91280777275915e-10,9.48321195940236e-11,-5.75164378363461e-10,-8.48850215286904e-11
0.65,-2.27635688077044e-10,8.65066184346066e-11,-5.51621932505205e-10,-9.22789361603123e-11
0.66,-1.62680535709114e-10,7.81382453220421e-11,-5.2316332169057e-10,-9.69834822430633e-11
0.67,-1.04709130255287e-10,6.99386909907262e-11,-4.90436819147505e-10,-9.92317535014437e-11
0.68,-6.21209750306662e-11,6.2048976795383e-11,-4.54408589236921e-10,-9.93291669700439e-11
0.69,-1.7255530337934e-11,5.43433602215095e-11,-4.1564873200047e-10,-9.74224545890727e-11
0.7,1.35331745809708e-11,4.70515693634699e-11,-3.7495556454324e-10,-9.37671899953104e-11
0.71,4.77982098345819e-11,4.00129340160089e-11,-3.34027516378831e-10,-8.86003826514487e-11
0.72,6.96545043865626e-11,3.34584403147864e-11,-2.92566882064442e-10,-8.21952217795419e-11
0.73,9.62936397286285e-11,2.71813331560628e-11,-2.50457600847382e-10,-7.4867361472891e-11
0.74,1.12326148382635e-10,2.14588354027718e-11,-2.0745850321194e-10,-6.6883762020883e-11
0.75,1.34316557875991e-10,1.6052269279224e-11,-1.6391534712331e-10,-5.85166949471315e-11
0.76,1.47293732766229e-10,1.12328467956397e-11,-1.20062725062193e-10,-4.99810141162858e-11
0.77,1.67001523720955e-10,6.74757269476303e-12,-7.65400583968396e-11,-4.14898333600941e-11
0.78,1.7889334458232e-10,2.87375318244714e-12,-3.37491562769164e-11,-3.31998519015588e-11
0.79,1.97934113543852e-10,-7.04013100066925e-13,7.61614472366632e-12,-2.52661176420005e-11
0.8,2.09930739458741e-10,-3.70281857100017e-12,4.71624557119534e-11,-1.7791093169388e-11
0.81,2.29139374141596e-10,-6.44761619525325e-12,8.43188845121983e-11,-1.0873414742131e-11
0.82,2.4174351409556e-10,-8.65594989929084e-12,1.18822077296464e-10,-4.56546812744061e-12
0.83,2.61403343415623e-10,-1.06747299964806e-11,1.50885781639522e-10,1.10264192302764e-12
0.84,2.74615885587082e-10,-1.22150706962789e-11,1.79743279782607e-10,6.09373317422856e-12
0.85,2.94533286648857e-10,-1.36594294029119e-11,2.05085206495643e-10,1.03881157549044e-11
0.86,3.08100212009776e-10,-1.46897009664116e-11,2.26992818578165e-10,1.40074961862688e-11
0.87,3.27931459764841e-10,-1.5706934833232e-11,2.45441609271106e-10,1.69679706678235e-11
0.88,3.41361605649126e-10,-1.63822639776351e-11,2.60647614366208e-10,1.93111728113617e-11
0.89,3.60683927169703e-10,-1.71145672417714e-11,2.72729739563907e-10,2.10713620612864e-11
0.9,3.73650443918905e-10,-1.75705671651385e-11,2.82006248031217e-10,2.2302550611527e-11
0.91,3.92084587019781e-10,-1.81446338914172e-11,2.88679249186001e-10,2.3048119563716e-11
0.92,4.04199340664491e-10,-1.84977948733236e-11,2.93118649048415e-10,2.33669112949354e-11
0.93,4.21516155313384e-10,-1.89789864899996e-11,2.9612592744551e-10,2.33588947162784e-11
0.94,4.3257397663865e-10,-1.93007429480179e-11,2.9654476735428e-10,2.30171404877522e-11
0.95,4.48564740906932e-10,-1.97788022719437e-11,2.95558235172993e-10,2.24281756905081e-11
0.96,4.58448390361355e-10,-2.01396487094787e-11,2.93889776072528e-10,2.16520640621769e-11
0.97,4.73105110643246e-10,-2.0650027627105e-11,2.91654209603484e-10,2.07062979218331e-11
0.98,4.87066387222512e-10,-2.11740948224409e-11,2.88970627321301e-10,1.961630122511e-11
0.99,4.9524739864637e-10,-2.15867601578471e-11,2.85733848717494e-10,1.83910935744557e-11
1,5.07887953915542e-10,-2.2147628361834e-11,2.82117427193017e-10,1.70596871742462e-11
1.01,5.15011144841537e-10,-2.25901619515362e-11,2.78444786384562e-10,1.56644321256561e-11
1.02,5.26345189655331e-10,-2.31794698446529e-11,2.74664441570718e-10,1.42265573825677e-11
1.03,5.32435429079214e-10,-2.36650022067886e-11,2.7083830238075e-10,1.27775651590215e-11
1.04,5.42573097561672e-10,-2.4267675989977e-11,2.67006551753309e-10,1.13302095152091e-11
1.05,5.47719203325414e-10,-2.4743173321924e-11,2.63343631003765e-10,9.90357883555997e-12
1.06,5.56622303804488e-10,-2.53561733849771e-11,2.59840718216474e-10,8.50143065830666e-12
1.07,5.60759438883451e-10,-2.58149864487361e-11,2.56585898628336e-10,7.14000846214383e-12
1.08,5.68379121546059e-10,-2.63950432115048e-11,2.5352886250437e-10,5.82587203603971e-12
1.09,5.71390046388842e-10,-2.68370180552212e-11,2.50684019288744e-10,4.57294034808491e-12
1.1,5.77677461421899e-10,-2.73674286114696e-11,2.47989235535546e-10,3.38745899037304e-12
1.11,5.79515102572259e-10,-2.7767291089612e-11,2.45459820938048e-10,2.28248632235579e-12
1.12,5.84360115851723e-10,-2.82509950104073e-11,2.43017834248083e-10,1.26085740126037e-12
1.13,5.84958748106601e-10,-2.85944943373285e-11,2.40691842296801e-10,3.33714093104669e-13
1.14,5.88413762159234e-10,-2.90100181300684e-11,2.38416157148852e-10,-4.98172037321709e-13
1.15,5.87854209754823e-10,-2.92846462385404e-11,2.36206661739245e-10,-1.22800907912551e-12
1.16,5.89955639895834e-10,-2.96300421123938e-11,2.33996120601557e-10,-1.85842014203655e-12
1.17,5.88268989076823e-10,-2.98429885781336e-11,2.31803224774033e-10,-2.38579155374415e-12
1.18,5.89160720210202e-10,-3.01093656103379e-11,2.29582086579648e-10,-2.81441835897873e-12
1.19,5.86523718482113e-10,-3.0251572084424e-11,2.27353728509802e-10,-3.14358760735612e-12
1.2,5.86343418262913e-10,-3.04660340386435e-11,2.25182168965466e-10,-3.37196457146396e-12
1.21,5.82923043168648e-10,-3.05375351726804e-11,2.22803115682932e-10,-3.51113560941278e-12
1.22,5.81898973450734e-10,-3.06677047244337e-11,2.20349260998406e-10,-3.56209521470943e-12
1.23,5.7785420892742e-10,-3.06898171364049e-11,2.17915114239994e-10,-3.52757485471135e-12
1.24,5.76234171489887e-10,-3.07467862017858e-11,2.15456532557213e-10,-3.42147812389341e-12
1.25,5.71824365636076e-10,-3.07106468458055e-11,2.12963088200259e-10,-3.25347970689492e-12
1.26,5.69730929100842e-10,-3.07137878729075e-11,2.10365286457536e-10,-3.03925662975104e-12
1.27,5.67434099707498e-10,-3.06922786499493e-11,2.07689046568046e-10,-2.78580469714469e-12
1.28,5.62697444195237e-10,-3.05661559629183e-11,2.0486636010964e-10,-2.50747665775499e-12
1.29,5.60147483952278e-10,-3.04977823021399e-11,2.01922532052136e-10,-2.21137285538284e-12
1.3,5.55358425913255e-10,-3.03311479884385e-11,1.98889264133036e-10,-1.90269670645161e-12
1.31,5.5264948173317e-10,-3.02293380030883e-11,1.9575619841042e-10,-1.59090017510187e-12
1.32,5.47883516333059e-10,-3.00255786785736e-11,1.92558319860842e-10,-1.28096308823536e-12
1.33,5.45108846949915e-10,-2.98938660892642e-11,1.89290167644611e-10,-9.8051476733986e-13
1.34,5.40394395898147e-10,-2.9673081220953e-11,1.85973428692231e-10,-6.93509651498818e-13
1.35,5.37565547631402e-10,-2.95052186836685e-11,1.82610819675592e-10,-4.24640566930903e-13
1.36,5.3292215085321e-10,-2.92689504223797e-11,1.79218396115035e-10,-1.75937235132786e-13
1.37,5.3005067002232e-10,-2.908445603588e-11,1.75785408240313e-10,4.87033875453855e-14
1.38,5.25499643799776e-10,-2.88337560353297e-11,1.72340629087626e-10,2.4984964129297e-13
1.39,5.22594412188937e-10,-2.86339036112416e-11,1.68873579614848e-10,4.25113980435366e-13
1.4,5.18098453028415e-10,-2.83691615900175e-11,1.65406040254651e-10,5.75728282102815e-13
1.41,5.15112397181383e-10,-2.81634865645081e-11,1.61927303718246e-10,7.00429657742012e-13
1.42,5.10674169618142e-10,-2.78935034846561e-11,1.58460421863042e-10,8.01349010251454e-13
1.43,5.0762682946015e-10,-2.76821614445026e-11,1.55004374792351e-10,8.78804567454164e-13
1.44,5.0318416100481e-10,-2.74150811228772e-11,1.51575191811825e-10,9.34941453864552e-13
1.45,5.00084418320057e-10,-2.71798026013879e-11,1.48176312881048e-10,9.70842044928505e-13
1.46,4.95705698710935e-10,-2.6905333035138e-11,1.44813091973295e-10,9.88520451167919e-13
1.47,4.92513585470533e-10,-2.66805273963401e-11,1.41473021238324e-10,9.87501902003764e-13
1.48,4.88105555973561e-10,-2.64058285975449e-11,1.38206212831395e-10,9.77112497778367e-13
1.49,4.84835283032226e-10,-2.61813454411893e-11,1.34898543903209e-10,9.52274421690011e-13
1.5,4.80428141713674e-10,-2.59143821402103e-11,1.31651831834056e-10,9.20295913717021e-13
1.51,4.77130335241327e-10,-2.56716314739008e-11,1.28496274737489e-10,8.82775070466673e-13
1.52,4.72751615632205e-10,-2.5400536912719e-11,1.25422299945884e-10,8.39614522944995e-13
1.53,4.6939074849206e-10,-2.51631012005863e-11,1.22389013969982e-10,7.88295605138918e-13
1.54,4.66000571464065e-10,-2.49171649022909e-11,1.19403387329794e-10,7.30656007140519e-13
1.55,4.61618299141264e-10,-2.46425967575369e-11,1.16437442730234e-10,6.65868484754089e-13
1.56,4.58163285088631e-10,-2.44089082708223e-11,1.13495631637369e-10,5.95245127344098e-13
1.57,4.53816539902618e-10,-2.41342908809754e-11,1.10604430183883e-10,5.22031859091107e-13
1.58,4.50343762281591e-10,-2.38938123708352e-11,1.07762791294011e-10,4.47079351706903e-13
1.59,4.46025438805009e-10,-2.36346985435637e-11,1.04970412016699e-10,3.71446879421534e-13
1.6,4.42517134047193e-10,-2.33855882807905e-11,1.02235656875155e-10,2.9616434779873e-13
1.61,4.38235225885819e-10,-2.31219394636534e-11,9.95584899861028e-11,2.23757216472027e-13
1.62,4.34726032949584e-10,-2.28798687285263e-11,9.69117592146112e-11,1.53346692418954e-13
1.63,4.30545377128055e-10,-2.26008332365703e-11,9.43056924438787e-11,8.70889390060554e-14
1.64,4.2703707237024e-10,-2.23645246268955e-11,9.17236879761687e-11,2.37707797322476e-14
1.65,4.2277203959884e-10,-2.21129430434005e-11,8.91708878065586e-11,-3.64526926070635e-14
1.66,4.19259293948926e-10,-2.18724585672353e-11,8.66730760548019e-11,-9.19729473359954e-14
1.67,4.15185219537761e-10,-2.16109763983055e-11,8.42448520705396e-11,-1.41470911317065e-13
1.68,4.11566780655903e-10,-2.13906832037928e-11,8.18579349917617e-11,-1.87159687245183e-13
1.69,4.07570865945672e-10,-2.11258263749538e-11,7.95263732900794e-11,-2.28077283344564e-13
1.7,4.03965749740109e-10,-2.09149240856458e-11,7.72557681079289e-11,-2.63493838849508e-13
1.71,4.00049771087652e-10,-2.06531541392353e-11,7.50355074481802e-11,-2.94575447600788e-13
1.72,3.96496169230431e-10,-2.0440650931172e-11,7.28796778174036e-11,-3.19985939121149e-13
1.73,3.92617494071601e-10,-2.01972733153311e-11,7.07661244972036e-11,-3.41777065001118e-13
1.74,3.89159815483708e-10,-1.99722858732849e-11,6.87158987187543e-11,-3.5836356828286e-13
1.75,3.8524561318809e-10,-1.97627271369766e-11,6.67121094975015e-11,-3.71114648910952e-13
1.76,3.81970899354656e-10,-1.95232153094012e-11,6.47681145490613e-11,-3.79668735677196e-13
1.77,3.7816683118308e-10,-1.93007841969031e-11,6.28915343283322e-11,-3.83080346740328e-13
1.78,3.74827280325007e-10,-1.9088828765906e-11,6.10342351425296e-11,-3.85647876678325e-13
1.79,3.71125352671697e-10,-1.88782616833118e-11,5.92248816232012e-11,-3.8516219327034e-13
1.8,3.67941233037072e-10,-1.86569184271301e-11,5.74782213507314e-11,-3.81785229866541e-13
1.81,3.64392072071951e-10,-1.84382319575851e-11,5.57898766385377e-11,-3.75748216755454e-13
1.82,3.61214169686264e-10,-1.82319807300687e-11,5.41180925911915e-11,-3.70385721588241e-13
1.83,3.58038931835836e-10,-1.8050009717434e-11,5.24790765813487e-11,-3.64355434948939e-13
1.84,3.54567930571648e-10,-1.78467279792126e-11,5.08825751295355e-11,-3.57230351107069e-13
1.85,3.51497497774744e-10,-1.76513377064842e-11,4.93532008953572e-11,-3.47371396550212e-13
1.86,3.48123307958303e-10,-1.74620066254437e-11,4.78775059213997e-11,-3.35984015146937e-13
1.87,3.45120376721297e-10,-1.72686811967865e-11,4.64477737750955e-11,-3.24139568783874e-13
1.88,3.41886519095169e-10,-1.70734620485712e-11,4.50683282092107e-11,-3.11311964720299e-13
1.89,3.39001715587983e-10,-1.68803918211845e-11,4.37210299677158e-11,-2.99597488807976e-13
1.9,3.35856675803825e-10,-1.6686422299875e-11,4.24051193382602e-11,-2.89122114031136e-13
1.91,3.33012728503945e-10,-1.64924188790264e-11,4.11112031005671e-11,-2.80804932447463e-13
1.92,3.29951177491239e-10,-1.63162398445708e-11,3.98423027360157e-11,-2.73879808934821e-13
1.93,3.27037064096203e-10,-1.61557728097908e-11,3.85963981871496e-11,-2.68391422482032e-13
1.94,3.24059001854948e-10,-1.5978599387757e-11,3.74092267524112e-11,-2.61575076203652e-13
1.95,3.21366044886418e-10,-1.57969157627025e-11,3.62832351390218e-11,-2.53216616528328e-13
1.96,3.1845637238348e-10,-1.56252715438001e-11,3.51882983178606e-11,-2.4550755564114e-13
1.97,3.15830028796427e-10,-1.54472745693911e-11,3.41079411337029e-11,-2.39768591449388e-13
1.98,3.13002068708101e-10,-1.5280065832595e-11,3.30566053449944e-11,-2.34522732816268e-13
1.99,3.10444114859365e-10,-1.51137757495001e-11,3.20182614482011e-11,-2.30270718547155e-13
2,3.07693426293554e-10,-1.49412857975989e-11,3.09982315973027e-11,-2.26086962830113e-13
2.01,3.05211855788912e-10,-1.4768373321933e-11,2.9998458303562e-11,-2.2210991852547e-13
2.02,3.02411429231597e-10,-1.46340670996407e-11,2.90166785549365e-11,-2.18521255959585e-13
2.03,2.9994318140325e-10,-1.44891687537405e-11,2.80653549248451e-11,-2.15047857236689e-13
2.04,2.97357694023503e-10,-1.43298887504437e-11,2.71883359195682e-11,-2.08363917925088e-13
2.05,2.95024449314951e-10,-1.41668024594223e-11,2.63491146713328e-11,-2.0150579700845e-13
2.06,2.92516233457718e-10,-1.40070227881987e-11,2.55198463147957e-11,-1.96526724156088e-13
2.07,2.90221180421213e-10,-1.38602682499527e-11,2.46850014396737e-11,-1.94490773946623e-13
2.08,2.87784018837556e-10,-1.37086298840897e-11,2.38596821186783e-11,-1.93962163740144e-13
2.09,2.85566237323565e-10,-1.35603488926296e-11,2.30506720612197e-11,-1.94254557078968e-13
2.1,2.83195689121385e-10,-1.34251858589257e-11,2.22571775693318e-11,-1.95233116172805e-13
2.11,2.80880207981227e-10,-1.33102024276069e-11,2.1481329128011e-11,-1.96872748496882e-13
2.12,2.78745027060268e-10,-1.31670513590151e-11,2.07561799355375e-11,-1.96954925149446e-13
2.13,2.76483724803711e-10,-1.3027944455211e-11,2.0080606283049e-11,-1.95386132283517e-13
2.14,2.74427591762105e-10,-1.28893769080901e-11,1.94139887503614e-11,-1.95423642944166e-13
2.15,2.7225155463384e-10,-1.2763804114767e-11,1.87559229537321e-11,-1.96804042912128e-13
2.16,2.70231836907442e-10,-1.26293755815597e-11,1.81062731455557e-11,-1.99447295721074e-13
2.17,2.68119748625395e-10,-1.25080673211612e-11,1.74791068140782e-11,-2.01962300772928e-13
2.18,2.66186184205708e-10,-1.23772165288349e-11,1.68639757470703e-11,-2.04874120531598e-13
2.19,2.64138044769879e-10,-1.22594771152781e-11,1.62666957940705e-11,-2.07239328663183e-13
2.2,2.62126320649259e-10,-1.21581592966553e-11,1.56763042000284e-11,-2.09904896486332e-13
2.21,2.60101273852342e-10,-1.2052310749615e-11,1.51213091110975e-11,-2.11044938206475e-13
2.22,2.58287613519315e-10,-1.19264596680051e-11,1.46178163225676e-11,-2.09780804576453e-13
2.23,2.56351384564368e-10,-1.18308216360865e-11,1.41420675763156e-11,-2.07933330976398e-13
2.24,2.54595455828621e-10,-1.1714454425586e-11,1.36735722537891e-11,-2.07498392641886e-13
2.25,2.5273383386093e-10,-1.16016249695007e-11,1.32326304691581e-11,-2.06532345976546e-13
2.26,2.51030307651945e-10,-1.14940935396652e-11,1.27921078924435e-11,-2.07029071904784e-13
2.27,2.49205100999461e-10,-1.1390132340513e-11,1.23562193242292e-11,-2.08425362282965e-13
2.28,2.47534437392005e-10,-1.12912443884627e-11,1.19279991263688e-11,-2.10360832616316e-13
2.29,2.45785614083616e-10,-1.11870157231008e-11,1.15173659320208e-11,-2.11963269404051e-13
2.3,2.44159359397145e-10,-1.10874382150696e-11,1.11202242816508e-11,-2.13468787539347e-13
2.31,2.42428299657149e-10,-1.10000614692156e-11,1.07327624119787e-11,-2.15101656428592e-13
2.32,2.40834019393787e-10,-1.09096622983846e-11,9.93548500750112e-12,-2.30970662078765e-13
2.33,2.39184672068404e-10,-1.08197936634253e-11,8.96500456798548e-12,-2.52975711326236e-13
2.34,2.37664998792297e-10,-1.07304982547468e-11,8.12532500779819e-12,-2.66062965355776e-13
2.35,2.36024533251111e-10,-1.06662246931952e-11,7.39771581864204e-12,-2.72760183813737e-13
2.36,2.34511077223942e-10,-1.06002554587527e-11,6.77590053508602e-12,-2.74381773334107e-13
2.37,2.33017161122007e-10,-1.05216781068421e-11,6.27609421799834e-12,-2.69911838909848e-13
2.38,2.31563213048958e-10,-1.0465700150313e-11,5.86888779746717e-12,-2.61613622309204e-13
2.39,2.30088836872255e-10,-1.04045685479938e-11,5.53325904756349e-12,-2.51263152910984e-13
2.4,2.28513208355707e-10,-1.03724554975925e-11,5.27678754424564e-12,-2.38128933789529e-13
2.41,2.27090346527348e-10,-1.03075157513424e-11,5.10468885742578e-12,-2.22125483097383e-13
2.42,2.25569785072821e-10,-1.02698721626392e-11,5.02176432380688e-12,-2.02557196472249e-13
2.43,2.24203766663322e-10,-1.02155130938111e-11,4.98953342282643e-12,-1.82662249355139e-13
2.44,2.22725837772941e-10,-1.01607166313712e-11,5.01617391415579e-12,-1.61450154538063e-13
2.45,2.21402451927588e-10,-1.01059027806838e-11,5.07079714159874e-12,-1.41071657233407e-13
2.46,2.19978701920809e-10,-1.00588469024711e-11,5.14511211311188e-12,-1.21657093758721e-13
2.47,2.18814300012582e-10,-9.97603658997775e-12,5.23229354453571e-12,-1.03430907786483e-13
2.48,2.17436735283627e-10,-9.91446935775949e-12,6.00748838849557e-12,-6.22081720487605e-14
2.49,2.1618529189027e-10,-9.84651146398751e-12,6.63215904723408e-12,-3.13123816718637e-14
2.5,2.1482016165919e-10,-9.77245610572144e-12,7.1324725857115e-12,-9.66641637695953e-15
2.51,2.13592699083165e-10,-9.68575153393025e-12,7.5189167342743e-12,4.72277049494226e-15
2.52,2.12264872345713e-10,-9.62173660214739e-12,7.79606289675048e-12,1.29850970479636e-14
2.53,2.11076489620154e-10,-9.53843249671259e-12,7.97245538534593e-12,1.57658316597683e-14
2.54,2.09788630911589e-10,-9.45314741327148e-12,8.07920305521997e-12,1.57542264100688e-14
2.55,2.08800976508883e-10,-9.33245984133106e-12,8.10396033752911e-12,1.19368820918344e-14
2.56,2.07561079434981e-10,-9.24669992003154e-12,8.03152917434147e-12,3.74482719180795e-15
2.57,2.0644019826932e-10,-9.16312287117281e-12,7.84323254391054e-12,-1.04286268467844e-14
2.58,2.05212735693294e-10,-9.0898429667472e-12,7.6031243691291e-12,-2.55600439401997e-14
2.59,2.04131822556519e-10,-9.01104802311998e-12,7.33457531809779e-12,-4.02789512792877e-14
2.6,2.02936334403603e-10,-8.93422351972584e-12,7.05655596235144e-12,-5.35594267948001e-14
2.61,2.01873184835222e-10,-8.86988504324812e-12,6.76496446670571e-12,-6.63475078353223e-14
2.62,2.00805594374742e-10,-8.77226054402965e-12,6.47444626911651e-12,-7.81018519831219e-14
2.63,1.99852578930404e-10,-8.69608138919884e-12,6.17659359433532e-12,-8.94792506869797e-14
2.64,1.9871038148267e-10,-8.63991510240486e-12,5.84464903317515e-12,-1.02813213377228e-13
2.65,1.97709404403668e-10,-8.57038793345646e-12,5.44022335865363e-12,-1.15783819886821e-13
2.66,1.96569871491192e-10,-8.52528106849314e-12,4.45401305814132e-12,-1.53135572542763e-13
2.67,1.95588434337424e-10,-8.4814383652618e-12,3.60248891033033e-12,-1.79725107403111e-13
2.68,1.94653182461479e-10,-8.42755182716394e-12,2.90947700404855e-12,-1.95701524290202e-13
2.69,1.93627336386726e-10,-8.37885472871936e-12,2.34175236937829e-12,-2.04626915546268e-13
2.7,1.92628135664563e-10,-8.36289858263726e-12,1.87013066488302e-12,-2.09290326529558e-13
2.71,1.91504589963643e-10,-8.35004740748652e-12,1.50599139012795e-12,-2.09285185490917e-13
2.72,1.90527593701972e-10,-8.34115882342041e-12,1.27676223736924e-12,-2.02851527208086e-13
2.73,1.89440463316259e-10,-8.32393545133365e-12,1.17730780067712e-12,-1.90729829542026e-13
2.74,1.88576265713891e-10,-8.29047182619143e-12,1.18364519101793e-12,-1.75060129805044e-13
2.75,1.87541537854941e-10,-8.26422601226359e-12,1.25945184888714e-12,-1.5833405000176e-13
2.76,1.86579640626405e-10,-8.25591420244273e-12,1.36652352724536e-12,-1.43190373328323e-13
2.77,1.85519155593283e-10,-8.24514863654053e-12,1.51878892573529e-12,-1.28167359261449e-13
2.78,1.84561699256847e-10,-8.22484759262932e-12,1.7282091163982e-12,-1.1195765012919e-13
2.79,1.83443482626444e-10,-8.21873066853532e-12,1.98237103434023e-12,-9.50865513559106e-14
2.8,1.82558856920423e-10,-8.16682339672405e-12,2.26763931136951e-12,-7.85550256203076e-14
2.81,1.81335835236496e-10,-8.15494816868063e-12,2.56921033484973e-12,-6.25292745280498e-14
2.82,1.80231829460809e-10,-8.12374451449654e-12,2.84905936003768e-12,-4.99445934913215e-14
2.83,1.78959069785378e-10,-8.10223625353547e-12,3.84463447694103e-12,-1.22400198150163e-14
2.84,1.77781345200856e-10,-8.07244753714598e-12,4.74175738214005e-12,1.90134242727997e-14
2.85,1.76605396973173e-10,-8.00650143824789e-12,5.54741234517064e-12,4.30421182272652e-14
2.86,1.75456982276501e-10,-7.9518914802079e-12,6.24293081036923e-12,5.9894278802495e-14
2.87,1.74175340816873e-10,-7.89881696145224e-12,6.80348696535489e-12,6.83862649346639e-14
2.88,1.73017156157584e-10,-7.84185038946141e-12,7.25707293350104e-12,7.11746892137134e-14
2.89,1.71779923618942e-10,-7.77976848512035e-12,7.62544282147981e-12,7.03748037723338e-14
2.9,1.7086776438191e-10,-7.68007237433108e-12,7.91098846786097e-12,6.62717031138213e-14
2.91,1.69842806485576e-10,-7.60351504229488e-12,8.09365827292414e-12,5.80393731237771e-14
2.92,1.68957292601135e-10,-7.53584788228327e-12,8.13967963450706e-12,4.31931748288655e-14
2.93,1.68070890538274e-10,-7.45836357924921e-12,8.09457019251954e-12,2.55299657201234e-14
2.94,1.67351466018317e-10,-7.38274305314665e-12,7.97526530648646e-12,6.54891837410809e-15
2.95,1.66861191530643e-10,-7.27336158932392e-12,7.78041660106268e-12,-1.38736608143796e-14
2.96,1.66144431545945e-10,-7.20070935994371e-12,7.48810669003052e-12,-3.6927754133176e-14
2.97,1.65583102784694e-10,-7.12391415889663e-12,7.08553275743502e-12,-6.38853658051226e-14
2.98,1.64907199007303e-10,-7.05918189381965e-12,6.63368453114314e-12,-8.99649161526369e-14
2.99,1.64359192922348e-10,-7.00027414219435e-12,6.14781394295271e-12,-1.14495171427571e-13
3,1.63874247505191e-10,-6.91086110785819e-12,5.29874627867518e-12,-1.47684680063094e-13
3.01,1.63299596067645e-10,-6.87790009496937e-12,4.14728997331365e-12,-1.90178309331092e-13
3.02,1.62589941510305e-10,-6.8460566759204e-12,3.08926942992506e-12,-2.23399720774857e-13
3.03,1.61950453048121e-10,-6.83391408734672e-12,2.18703035873835e-12,-2.44693290263414e-13
3.04,1.61225699457646e-10,-6.81111220718852e-12,1.45121621734664e-12,-2.55026816508082e-13
3.05,1.60663482517975e-10,-6.77814851176538e-12,8.77458819357455e-13,-2.5592890918371e-13
3.06,1.59857016512888e-10,-6.79331407972117e-12,4.28029479474636e-13,-2.50881839392359e-13
3.07,1.59112722997179e-10,-6.79582987330023e-12,9.31099681911122e-14,-2.41689628159731e-13
3.08,1.58267177141624e-10,-6.80858617065056e-12,-8.37102860822177e-14,-2.25343148174087e-13
3.09,1.57621471430502e-10,-6.78802469446477e-12,-1.2628275783517e-13,-2.04222448760702e-13
3.1,1.56627599778858e-10,-6.81042130430965e-12,-6.46620740377122e-14,-1.80370239528461e-13
3.11,1.55717216898665e-10,-6.82407944888911e-12,6.76068601714751e-14,-1.56822891917356e-13
3.12,1.54643409189248e-10,-6.84364328436528e-12,3.14389433114148e-13,-1.29975394635231e-13
3.13,1.53665524749158e-10,-6.84342536241979e-12,6.59505845093819e-13,-1.01144036261703e-13
3.14,1.52651224993861e-10,-6.83834354262054e-12,1.08825110782034e-12,-7.13133541823728e-14
3.15,1.51621826205428e-10,-6.83846791981459e-12,1.55650462581255e-12,-4.35489727040483e-14
3.16,1.5046097701088e-10,-6.84993262665983e-12,2.338461246657e-12,-9.57601578519821e-15
3.17,1.49444012720323e-10,-6.83349834149638e-12,3.5195647953794e-12,3.77626331586281e-14
3.18,1.48432377500285e-10,-6.78722118956631e-12,4.61762758918521e-12,7.51556504219374e-14
3.19,1.47512224657476e-10,-6.74905585464549e-12,5.58202416474647e-12,1.01131279914963e-13
3.2,1.46542333823163e-10,-6.71032486509299e-12,6.38842676522402e-12,1.15480959129198e-13
3.21,1.45729650569137e-10,-6.65606180214777e-12,7.05600499006304e-12,1.20949769842195e-13
3.22,1.44915190958272e-10,-6.59526462361917e-12,7.59337729451522e-12,1.19445239721091e-13
3.23,1.44432021897956e-10,-6.50382938302448e-12,7.9884476180935e-12,1.10840643692622e-13
3.24,1.4385470592515e-10,-6.41813443080482e-12,8.22367421911373e-12,9.5028179740516e-14
3.25,1.43237421923459e-10,-6.34829210252569e-12,8.26972846615852e-12,7.06570917243014e-14
3.26,1.42753364684722e-10,-6.28822528948213e-12,8.16798093324136e-12,4.14861739121431e-14
3.27,1.42304834582774e-10,-6.19388518014852e-12,7.96723725168878e-12,1.14328232957299e-14
3.28,1.41906930650748e-10,-6.11135186744318e-12,7.6734172061752e-12,-1.89288651735478e-14
3.29,1.41358924565793e-10,-6.04959694285592e-12,7.26699532324859e-12,-5.13730491821518e-14
3.3,1.4089529543071e-10,-5.99284612805163e-12,6.78737917757759e-12,-8.3463246917737e-14
3.31,1.40300215889511e-10,-5.94061560431563e-12,6.28498168777594e-12,-1.11947454619043e-13
3.32,1.39970701695802e-10,-5.85955082055673e-12,5.41893474602063e-12,-1.48062951211963e-13
3.33,1.39332989590457e-10,-5.82466433377152e-12,4.25922483869827e-12,-1.9208296979428e-13
3.34,1.38751232725554e-10,-5.80135461590641e-12,3.19553963080913e-12,-2.26137500287643e-13
3.35,1.38038913632954e-10,-5.79632870457512e-12,2.28945468930664e-12,-2.47702176738646e-13
3.36,1.37535316468984e-10,-5.76436519707779e-12,1.55578116121378e-12,-2.57515011177301e-13
3.37,1.36819444662706e-10,-5.76500993788058e-12,9.83508005240478e-13,-2.57418684653118e-13
3.38,1.36060052113862e-10,-5.77989177629129e-12,5.3405121116881e-13,-2.51645675295282e-13
3.39,1.35168320980483e-10,-5.79820432777739e-12,2.42190908811312e-13,-2.38412878955459e-13
3.4,1.34305899734954e-10,-5.81867114059973e-12,1.17672815339005e-13,-2.1781235378622e-13
3.41,1.33425714921032e-10,-5.82169697964394e-12,1.51326077197189e-13,-1.91255773933744e-13
3.42,1.32506450256642e-10,-5.83254823205008e-12,3.12333438615088e-13,-1.61374636312861e-13
3.43,1.31449517937199e-10,-5.85012245566179e-12,5.65115829370625e-13,-1.30971257876541e-13
3.44,1.30482291638145e-10,-5.87348314642548e-12,9.081962569374e-13,-1.00055307802979e-13
3.45,1.29416477534505e-10,-5.89305641720115e-12,1.34334399514351e-12,-6.82613236359034e-14
3.46,1.28596688853122e-10,-5.8633241855118e-12,1.85864136917668e-12,-3.62992662169423e-14
3.47,1.27552191031555e-10,-5.86117747813046e-12,2.98378445917795e-12,1.32225983485744e-14
3.48,1.26697763391803e-10,-5.85562948842229e-12,4.1291882239077e-12,5.68135053922048e-14
3.49,1.258184667563e-10,-5.8307774458344e-12,5.16139855058286e-12,8.89931574758555e-14
3.5,1.2513634572997e-10,-5.79577476208173e-12,6.07535152725348e-12,1.11413830563638e-13
3.51,1.24681598379084e-10,-5.70810090686336e-12,6.85213820502965e-12,1.24095703609409e-13
3.52,1.24035892667962e-10,-5.6494269906932e-12,7.44649946140133e-12,1.25545732983619e-13
3.53,1.23550059072386e-10,-5.59441217064296e-12,7.82422260974801e-12,1.14319979873842e-13
3.54,1.23010934771628e-10,-5.52822700522339e-12,8.04596617593465e-12,9.62721014364884e-14
3.55,1.22624577159058e-10,-5.45995886654451e-12,8.13229523484001e-12,7.37271270991606e-14
3.56,1.22275523040116e-10,-5.35677743025261e-12,8.0897767936271e-12,4.75597327280464e-14
3.57,1.21890053605966e-10,-5.29836601149578e-12,7.90582661779832e-12,1.74502475466051e-14
3.58,1.21384680085157e-10,-5.23444854230871e-12,7.58397004412117e-12,-1.65352866469562e-14
3.59,1.20959242622121e-10,-5.17344856284532e-12,7.19529374197976e-12,-4.91929725272735e-14
3.6,1.2042811192714e-10,-5.1173347407321e-12,6.76284486509294e-12,-7.931370429466e-14
3.61,1.20117249480245e-10,-5.03840776146914e-12,6.30255142499167e-12,-1.06611206337965e-13
3.62,1.19511511798009e-10,-4.99225190865556e-12,5.51505975488874e-12,-1.40496311703068e-13
3.63,1.18974163854091e-10,-4.96537956218818e-12,4.31428495378992e-12,-1.88499728731761e-13
3.64,1.18323129072451e-10,-4.95059652385269e-12,3.2641656186346e-12,-2.2227106967435e-13
3.65,1.17725384995992e-10,-4.94444833987313e-12,2.38758689111814e-12,-2.42689443063293e-13
3.66,1.17100995566943e-10,-4.92050731537607e-12,1.68990874242436e-12,-2.51275149188596e-13
3.67,1.16409104577997e-10,-4.91933484856334e-12,1.14859490235422e-12,-2.50859511193897e-13
3.68,1.15520926158297e-10,-4.93277825261441e-12,7.37982502528227e-13,-2.444134657413e-13
3.69,1.14692255692717e-10,-4.94841523359099e-12,4.79902814692338e-13,-2.31163478414367e-13
3.7,1.13712594895787e-10,-4.98463036211378e-12,3.85082807258342e-13,-2.10946113277183e-13
3.71,1.12838627330802e-10,-4.99310012746735e-12,4.48147181420365e-13,-1.85088248291669e-13
3.72,1.11966436122657e-10,-4.98368061521819e-12,6.59961061256463e-13,-1.54510256557431e-13
3.73,1.10997433466764e-10,-5.01454404091019e-12,9.52503973530048e-13,-1.24114252304839e-13
3.74,1.09993791852503e-10,-5.02594658222506e-12,1.30766431592378e-12,-9.52891421557737e-14
3.75,1.09092290756507e-10,-5.03173516350661e-12,1.75161367642278e-12,-6.55136793888895e-14
3.76,1.08143716204268e-10,-5.0343697136183e-12,2.25010817141279e-12,-3.68493426302578e-14
3.77,1.07499786849985e-10,-4.99947066128022e-12,3.5150583461603e-12,1.43394882835393e-14
3.78,1.06759046047955e-10,-4.98075182932303e-12,4.65449704164737e-12,5.48709399545249e-14
3.79,1.06142650224683e-10,-4.94107203962908e-12,5.61354969909531e-12,8.01251152868363e-14
3.8,1.0559020324763e-10,-4.90143903778695e-12,6.41617859480306e-12,9.42400548487556e-14
3.81,1.05044861697934e-10,-4.85656247715886e-12,7.0526585918749e-12,9.80265115770337e-14
3.82,1.04625641483835e-10,-4.79541412682487e-12,7.53352819688607e-12,9.34158930882051e-14
3.83,1.04332542605334e-10,-4.68798471336182e-12,7.86096551290168e-12,8.163244640306e-14
3.84,1.03950625884863e-10,-4.63824025344717e-12,8.00069684114259e-12,6.15431959070448e-14
3.85,1.03539399276542e-10,-4.56369117319466e-12,7.94763296468384e-12,3.31868202285219e-14
3.86,1.03177022481304e-10,-4.49714287998403e-12,7.78179060887631e-12,3.13472936740548e-15
3.87,1.02717834238319e-10,-4.4437521354729e-12,7.50974329191491e-12,-2.81343969629029e-14
3.88,1.02318153949454e-10,-4.38259064507622e-12,7.16342354411925e-12,-5.88090246374538e-14
3.89,1.01961994403155e-10,-4.29185026180405e-12,6.77390377189948e-12,-8.71113121778487e-14
3.9,1.01534780583279e-10,-4.23857547312632e-12,6.32512173503997e-12,-1.14513079774663e-13
3.91,1.00984998141485e-10,-4.19451501574375e-12,5.27387368770017e-12,-1.598919426517e-13
3.92,1.00470742836478e-10,-4.17819169928451e-12,4.08536245118145e-12,-2.05402568645482e-13
3.93,9.98330307311335e-11,-4.16632132006416e-12,3.05701766724077e-12,-2.36425309665871e-13
3.94,9.9289465538277e-11,-4.15256186919928e-12,2.2100036534355e-12,-2.53918935380041e-13
3.95,9.85842518730351e-11,-4.14868597231017e-12,1.53478681974974e-12,-2.60274984493476e-13
3.96,9.80167058628467e-11,-4.13060917279442e-12,1.01292288471698e-12,-2.58267314377939e-13
3.97,9.71906999325256e-11,-4.15478566524272e-12,6.31855755582986e-13,-2.49462776374589e-13
3.98,9.63833457490182e-11,-4.17078094760787e-12,3.79367046147791e-13,-2.35788230152503e-13
3.99,9.54880619019605e-11,-4.1909608147333e-12,2.92801271904059e-13,-2.1503290835877e-13
4,9.46158706938149e-11,-4.21738972194317e-12,3.51611499208926e-13,-1.89364757944973e-13
4.01,9.36539734652797e-11,-4.2363848095984e-12,5.44970536420657e-13,-1.60077954477914e-13
4.02,9.2891916381177e-11,-4.22338672030711e-12,8.57033575578368e-13,-1.28549294479669e-13
4.03,9.19921916420208e-11,-4.23619419786297e-12,1.2417069248474e-12,-9.75842891708994e-14
4.04,9.11191122554555e-11,-4.24215580040145e-12,1.65210162298914e-12,-7.02912367975164e-14
4.05,9.02868890761965e-11,-4.24672886348393e-12,2.10661675977989e-12,-4.45819930222069e-14
4.06,8.95772345188561e-11,-4.24187374001749e-12,3.06329173390867e-12,-5.7799257338294e-15
4.07,8.8937746056672e-11,-4.22501840519782e-12,4.2539234002771e-12,3.77319899805006e-14
4.08,8.83533246565094e-11,-4.19136099778576e-12,5.29921214464242e-12,6.78443374922697e-14
4.09,8.80229222843809e-11,-4.11837531744162e-12,6.18347435059956e-12,8.57590086266155e-14
4.1,8.75726158255929e-11,-4.05842542396821e-12,6.87244962959982e-12,9.12285724774293e-14
4.11,8.72084626735159e-11,-3.99851591753898e-12,7.33627947545862e-12,8.36457426096209e-14
4.12,8.68114469199099e-11,-3.93823808364795e-12,7.616421780293e-12,6.74261601715791e-14
4.13,8.65005844730149e-11,-3.87277956149219e-12,7.73772798679465e-12,4.5293801366806e-14
4.14,8.61355431425181e-11,-3.81019644813313e-12,7.72086948511841e-12,1.92464701763682e-14
4.15,8.58211279819443e-11,-3.74512584114833e-12,7.57992556629826e-12,-9.57726527316151e-15
4.16,8.54232240499186e-11,-3.68544315621996e-12,7.3378560473346e-12,-3.95361400357377e-14
4.17,8.52393711170407e-11,-3.58984137125995e-12,7.01291235229507e-12,-6.9648821547707e-14
4.18,8.48219272597817e-11,-3.53668967249437e-12,6.60514526600249e-12,-9.97612088844313e-14
4.19,8.44035952241029e-11,-3.48528022220975e-12,5.86151067132991e-12,-1.37477085890517e-13
4.2,8.3911544379589e-11,-3.448644892092e-12,4.59418688459822e-12,-1.91375046807839e-13
4.21,8.34283753192722e-11,-3.42932946768521e-12,3.46035487812638e-12,-2.30797220581983e-13
4.22,8.28830337695763e-11,-3.41524128926469e-12,2.48278509462974e-12,-2.56876877315018e-13
4.23,8.2380324784026e-11,-3.40639885465349e-12,1.66965446011536e-12,-2.71052494799594e-13
4.24,8.17443890355207e-11,-3.40847944876001e-12,1.01527721713679e-12,-2.75233576523359e-13
4.25,8.12514500125872e-11,-3.39486523684737e-12,5.13923583304831e-13,-2.71131603259409e-13
4.26,8.05000510695209e-11,-3.41572602929421e-12,1.53331384999473e-13,-2.60260621172026e-13
4.27,7.9753093018553e-11,-3.42695662054282e-12,-8.41540974962029e-14,-2.44889756143387e-13
4.28,7.89164289471955e-11,-3.46125691452597e-12,-1.70396862445574e-13,-2.23440244308014e-13
4.29,7.81046338715896e-11,-3.4829011903182e-12,-1.15197473180138e-13,-1.97446910835403e-13
4.3,7.72315544850244e-11,-3.50716845165934e-12,8.2962132153994e-14,-1.6718695764067e-13
4.31,7.64108776252215e-11,-3.52475808365503e-12,3.93398956499896e-13,-1.35216864149289e-13
4.32,7.5547568201273e-11,-3.53398271154092e-12,7.96239472730368e-13,-1.02882363878166e-13
4.33,7.47570894077398e-11,-3.54347764116873e-12,1.26106447040326e-12,-7.2016118127675e-14
4.34,7.42046424306864e-11,-3.51268146165643e-12,1.7641721195349e-12,-4.37530452342833e-14
4.35,7.35225214043567e-11,-3.50629580216876e-12,2.67462829813662e-12,-7.42000328633088e-15
4.36,7.29496463236501e-11,-3.49279384956073e-12,3.85941173200099e-12,3.3432156629133e-14
4.37,7.24131865581512e-11,-3.46375869096161e-12,4.8893608184954e-12,6.0569814206086e-14
4.38,7.20312698376802e-11,-3.41207284622855e-12,5.76168215826272e-12,7.62615754628122e-14
4.39,7.16280368351363e-11,-3.36582166446676e-12,6.45814079075794e-12,8.10183769606861e-14
4.4,7.13145098529822e-11,-3.31808870330874e-12,6.96603548807551e-12,7.51940103349902e-14
4.41,7.10231873313205e-11,-3.24412086340681e-12,7.30978117950723e-12,6.16248705773681e-14
4.42,7.07673919464469e-11,-3.18078264614025e-12,7.4911872427075e-12,4.151077061356e-14
4.43,7.05684399804341e-11,-3.09452993806936e-12,7.50606966478245e-12,1.51653262982022e-14
4.44,7.04005742591107e-11,-3.01329600480563e-12,7.3703997837229e-12,-1.54863833510796e-14
4.45,7.00923763474748e-11,-2.94760781511012e-12,7.08079258411973e-12,-5.0261620645608e-14
4.46,6.98019420042328e-11,-2.88988477111791e-12,6.67446617276104e-12,-8.65395892905768e-14
4.47,6.94404533874149e-11,-2.83228536960786e-12,6.20281792997964e-12,-1.20970735998344e-13
4.48,6.90967283389909e-11,-2.78850230708504e-12,4.87852331350986e-12,-1.78434379181566e-13
4.49,6.86606327349182e-11,-2.77088202333376e-12,3.66241887543429e-12,-2.25049559594168e-13
4.5,6.82573997323743e-11,-2.75116028368066e-12,2.59269032199571e-12,-2.577471194933e-13
4.51,6.77884415267727e-11,-2.73705924313452e-12,1.68673433990363e-12,-2.77431164181639e-13
4.52,6.73470168521817e-11,-2.73532495151273e-12,9.30887631328839e-13,-2.86791567159312e-13
4.53,6.68389787961132e-11,-2.74510161709925e-12,3.22741348205149e-13,-2.87332030093629e-13
4.54,6.64766020008756e-11,-2.7287982087705e-12,-1.34678356346904e-13,-2.79973308841207e-13
4.55,6.58486598581476e-11,-2.74762255669346e-12,-4.61375869134334e-13,-2.66588208225563e-13
4.56,6.52109477528029e-11,-2.76441126356071e-12,-6.85245748338033e-13,-2.50040008590228e-13
4.57,6.44897468760064e-11,-2.79638640842296e-12,-7.71002494943235e-13,-2.28250483876128e-13
4.58,6.37587760365932e-11,-2.82357625753046e-12,-7.21421172345857e-13,-2.02101462510461e-13
4.59,6.29913898819723e-11,-2.84563269105768e-12,-5.3619937455125e-13,-1.7206040549721e-13
4.6,6.22275564410302e-11,-2.87786829992032e-12,-2.39797361349678e-13,-1.40170743721901e-13
4.61,6.1443294896435e-11,-2.89403653318938e-12,1.50310591720011e-13,-1.07841909534123e-13
4.62,6.07052186296642e-11,-2.90949428295949e-12,6.20473233485855e-13,-7.58184566492352e-14
4.63,5.99857941097071e-11,-2.91106693074778e-12,1.13820484735451e-12,-4.60204569753653e-14
4.64,5.93125548675744e-11,-2.91250218059329e-12,1.76549367875115e-12,-1.96067540219152e-14
4.65,5.89039927945123e-11,-2.87129638480212e-12,3.12431813674726e-12,3.14129032877208e-14
4.66,5.8392402024765e-11,-2.84030844143911e-12,4.31121305733473e-12,6.60727431319453e-14
4.67,5.79873926653818e-11,-2.81108710473219e-12,5.27713436707858e-12,8.38620911348124e-14
4.68,5.76241276917244e-11,-2.75205223874806e-12,6.05827030367805e-12,8.95597029955112e-14
4.69,5.73621150579129e-11,-2.69848889509493e-12,6.65844380917994e-12,8.52572208991935e-14
4.7,5.7098326067262e-11,-2.63655377702115e-12,7.06414553530836e-12,7.1221841213174e-14
4.71,5.68887159602127e-11,-2.56612920405333e-12,7.29250860802233e-12,4.97048569140357e-14
4.72,5.66791058531635e-11,-2.49977963659759e-12,7.35239937379143e-12,2.22423953131215e-14
4.73,5.6505911061322e-11,-2.42826456138742e-12,7.25718515600626e-12,-9.7463892251221e-15
4.74,5.6295412775853e-11,-2.37275881621479e-12,7.02964352291876e-12,-4.42902664643265e-14
4.75,5.61062307724569e-11,-2.30582520734618e-12,6.69375215965839e-12,-7.98323177193637e-14
4.76,5.5851323566003e-11,-2.24818701350998e-12,6.28171340480531e-12,-1.14299701716457e-13
4.77,5.56283907826582e-11,-2.1934332865378e-12,5.03529418927177e-12,-1.71601073184535e-13
4.78,5.54338797087439e-11,-2.13946692890608e-12,3.78352366966717e-12,-2.22510327314123e-13
4.79,5.5170090718093e-11,-2.10965288513452e-12,2.6295009315328e-12,-2.61470636201623e-13
4.8,5.48032730307568e-11,-2.09637973114734e-12,1.57713590546705e-12,-2.90215741284316e-13
4.81,5.44408962355192e-11,-2.0962369018019e-12,6.60045328190768e-13,-3.07970317206569e-13
4.82,5.40349986977162e-11,-2.1011290873742e-12,-9.91434183875406e-14,-3.14667510351417e-13
4.83,5.35740340978919e-11,-2.11597884536236e-12,-6.96608805846489e-13,-3.1146621075552e-13
4.84,5.30331334402945e-11,-2.14157165146629e-12,-1.13443661554174e-12,-2.99898577997102e-13
4.85,5.24700283222046e-11,-2.17382554380449e-12,-1.40900613582801e-12,-2.80943237368572e-13
4.86,5.1834980752119e-11,-2.19594711355451e-12,-1.51917008786403e-12,-2.55529547976188e-13
4.87,5.11963804683546e-11,-2.2302518365264e-12,-1.4801561771998e-12,-2.25441244797011e-13
4.88,5.05036013009885e-11,-2.25157755927817e-12,-1.31307209704182e-12,-1.92758315419899e-13
4.89,4.98285857020164e-11,-2.28241183571641e-12,-1.03081451208303e-12,-1.58495704784945e-13
4.9,4.91473528541064e-11,-2.30985887254018e-12,-6.57453626908224e-13,-1.24392571763352e-13
4.91,4.84368101183463e-11,-2.33024012193911e-12,-2.02289266400904e-13,-9.09112783667589e-14
4.92,4.77946571209031e-11,-2.33968088471135e-12,3.14230414332273e-13,-5.91122710578685e-14
4.93,4.73372452347576e-11,-2.31439208816677e-12,8.64397538320165e-13,-3.02917283023935e-14
4.94,4.68283190002694e-11,-2.3120657927643e-12,1.75587649609563e-12,3.05342729419451e-15
4.95,4.63913352177769e-11,-2.29467537372655e-12,3.04465361934373e-12,4.51298795798179e-14
4.96,4.60147475678241e-11,-2.27696457405763e-12,4.15776889941423e-12,7.19072185395669e-14
4.97,4.57278659382609e-11,-2.22867148493901e-12,5.09391484483946e-12,8.58397017292482e-14
4.98,4.55147031175329e-11,-2.18352851592708e-12,5.84964312245068e-12,8.86638343251027e-14
4.99,4.53281856493959e-11,-2.12924835136953e-12,6.40513788761789e-12,8.04464076442712e-14
5,0.000467698486816381,0.00348992195351139,6.77461168076765e-12,6.34253153563467e-14
5.01,0.00103324004925387,0.00579556547509791,-0.00325753948531646,-0.000203917825320997
5.02,0.00173651935675689,0.0080045245533531,-0.0115964682532558,-0.000699063602038324
5.03,0.00250899556398654,0.0101180370428955,-0.0235092705895907,-0.00132815925795304
5.04,0.00331673065750149,0.0120524705081596,-0.0380769298346368,-0.00199781469031805
5.05,0.00421149330464932,0.0138984725721912,-0.0545542212920928,-0.00264583084791724
5.06,0.0052893007101753,0.0155923002272249,-0.0722518459911893,-0.0032268368059261
5.07,0.00666734683239856,0.0172699649407354,-0.0906480444520689,-0.00371599780503842
5.08,0.00847894080073086,0.0188400565881798,-0.10933496714427,-0.00410036955269836
5.09,0.0108501960811287,0.0204608990741794,-0.12805503217349,-0.00438035856939051
5.1,0.0139093911365578,0.0219972966012438,-0.146608387753801,-0.00455933943022309
5.11,0.0177370257206109,0.023616890009684,-0.164902689217551,-0.00464831155506092
5.12,0.022432956673061,0.0251369155355162,-0.182841845098598,-0.0046551113107571
5.13,0.0280088563951661,0.0267377812553054,-0.200395914135613,-0.00459142021291539
5.14,0.0345556443546426,0.0281986747428318,-0.217491301084271,-0.00446235085862231
5.15,0.0420161316877916,0.0297221900589697,-0.234068310675179,-0.00427503272878179
5.16,0.0505054291700775,0.0310590417431684,-0.250012543202279,-0.00402975317804662
5.17,0.0598938080218581,0.0324399937552562,-0.265267717045375,-0.00373248154165354
5.18,0.0703503599835447,0.0335928360403748,-0.279709700887098,-0.0033828831107552
5.19,0.0816630553501438,0.0347789180825553,-0.293292313631008,-0.00298624537781985
5.2,0.0940799989785326,0.0357048451388203,-0.305928954231039,-0.00254304175825803
5.21,0.107289515145494,0.0366609184545063,-0.317611503773149,-0.00205918084957965
5.22,0.121637927229631,0.0373320930153748,-0.328287775102461,-0.00153532436140852
5.23,0.136692937301226,0.0380354294281849,-0.337988484384847,-0.000976982819067207
5.24,0.152916876046562,0.0384338660184815,-0.346692028806996,-0.00038769593646901
5.25,0.16973607624576,0.038869368855736,-0.354434059819383,0.000226096686370193
5.26,0.187746825398032,0.0389832744939993,-0.361205836814029,0.000860774887706887
5.27,0.206216423023521,0.0391412504849566,-0.367061920568687,0.00150978670862528
5.28,0.225893661340574,0.0389638705777604,-0.372016703002908,0.00216936034067303
5.29,0.245872058619795,0.0388394527803831,-0.376134097614846,0.00283429435249472
5.3,0.267072477443567,0.0383688445810465,-0.379439882873604,0.00350179058879406
5.31,0.28840088532088,0.0379616941255549,-0.382004425842353,0.00416740782047642
5.32,0.310313657673301,0.0374164884579243,-0.383883010449227,0.00482811276662278
5.33,0.333465294089732,0.0365111435090482,-0.385163955363714,0.00547951454126709
5.34,0.356456196075967,0.035685588198775,-0.385893923317772,0.00612055917776972
5.35,0.380700228327354,0.034492758589127,-0.386105634992145,0.00675072386239429
5.36,0.404585396395906,0.0333910381201185,-0.385856343841947,0.0073680851846009
5.37,0.428823540874658,0.0321560369208371,-0.385186239261019,0.0079730837076532
5.38,0.454353537927177,0.0305455941084648,-0.384154827118312,0.00856383861865379
5.39,0.479229532075183,0.0290445185479078,-0.382763780107919,0.00914026033994713
5.4,0.505436279744326,0.0271652882351501,-0.381015559274717,0.00970304590256168
5.41,0.530797667444926,0.0254080918630391,-0.37893588519832,0.0102513813977233
5.42,0.556319079471297,0.0235293761430981,-0.376503943740813,0.0107861078089601
5.43,0.583248597835959,0.0212710535710256,-0.373740406983957,0.0113051729402608
5.44,0.609054909784006,0.0191555636924567,-0.370591211868052,0.011809781543291
5.45,0.634930482262051,0.0169302208366266,-0.366982833528185,0.0123018099120424
5.46,0.662316051618189,0.0143300516161176,-0.362891905078372,0.0127791658537733
5.47,0.688317932648825,0.0118979984446013,-0.358192232940818,0.0132437790176904
5.48,0.714320574820555,0.00937504874359241,-0.352739936356086,0.0136986026902522
5.49,0.741960897681894,0.00649249816376923,-0.346462970257962,0.0141411871377994
5.5,0.767980800550393,0.00381247218782452,-0.339131351573733,0.0145755947395852
5.51,0.793963257463246,0.00107358364935173,-0.330502739780939,0.0150065374736447
5.52,0.821745519692465,-0.00199280684307773,-0.320510488324007,0.0154264730291883
5.53,0.847704387284971,-0.0048077620380248,-0.308976896116948,0.015831954219556
5.54,0.873622142622463,-0.00763439984882222,-0.295797439767948,0.0162193851709767
5.55,0.901533730149756,-0.0107426688903513,-0.281111632028483,0.0165685730406483
5.56,0.927445765560531,-0.0135452199076148,-0.264901164991656,0.016867586289257
5.57,0.953332704796671,-0.0163104108030735,-0.247184605699383,0.0171068071551615
5.58,0.979197100957133,-0.0190244074754969,-0.228262332120243,0.0172616494492496
5.59,1.00731554011227,-0.0219652655469493,-0.208379702693254,0.0173192801483284
5.6,1.03317736001463,-0.0245473971863691,-0.187716741936995,0.0172760483967378
5.61,1.05898124398605,-0.0270523790736872,-0.166444709125766,0.0171318424692117
5.62,1.08715922614971,-0.0297657549308711,-0.144976133322313,0.0168731060393624
5.63,1.11278672938516,-0.0321128561394468,-0.12354561730655,0.0165036505459343
5.64,1.13818654381955,-0.0343852853525326,-0.102312646821751,0.0160326293824487
5.65,1.16323341872256,-0.0365913330417045,-0.0816489388243425,0.0154564473586695
5.66,1.1904498969878,-0.0390270806413902,-0.0617341847179197,0.0147834487386305
5.67,1.2142582515373,-0.0411372720737827,-0.0426063115708827,0.014030664942082
5.68,1.23704840489577,-0.0432195351513761,-0.024246802633674,0.0132193425924758
5.69,1.26140625496036,-0.0455644854562881,-0.00679294055119081,0.0123577650467562
5.7,1.28139134933836,-0.047624971707656,0.00986696474404322,0.011467331592814
5.71,1.29955651157461,-0.0496862574513049,0.0259205570566046,0.0105722815543941
5.72,1.31864875285884,-0.0520202243417209,0.0413933990502056,0.00968259659567786
5.73,1.33257008557277,-0.0540822816800792,0.0565103163556237,0.00881669973454953
5.74,1.34712415941079,-0.0564000178511475,0.0715203735643558,0.00799301291171488
5.75,1.35620703233596,-0.0584331117468642,0.0865317660091247,0.00721623832424615
5.76,1.36581119318893,-0.0606862046455554,0.101717920079696,0.00649519182591698
5.77,1.36990499892147,-0.0626269254258449,0.11710703987878,0.00582686300644429
5.78,1.36440805318847,-0.063568353534236,0.132764371865496,0.00521172756010361
5.79,1.35413202637118,-0.0641793109440834,0.14830083532533,0.00462635058495726
5.8,1.34520860190473,-0.0649405661135017,0.163032561565331,0.00403087831363883
5.81,1.33480541433827,-0.0656078381317481,0.176781835096574,0.00342078848946174
5.82,1.3202529928399,-0.0659623681799169,0.189606664095276,0.00280792071024373
5.83,1.30752241910044,-0.0664482397771107,0.201511274260371,0.00219936571641009
5.84,1.29393550286846,-0.0668392428452741,0.212483531652405,0.00159856238153252
5.85,1.27699813273703,-0.0669346131709091,0.222603586145794,0.00101275610167279
5.86,1.26236351250226,-0.0671411207288326,0.231884393806848,0.000442694762921816
5.87,1.24743434484951,-0.0672529355919963,0.240295538121954,-0.000114260549594696
5.88,1.23233584817768,-0.0672722157488751,0.247851224855717,-0.000655871915255615
5.89,1.21468005060277,-0.0670266740032304,0.254543115570143,-0.00118234892680122
5.9,1.19954421176928,-0.0668780126892106,0.260355267214772,-0.00169474184827355
5.91,1.18442472301018,-0.066649792353899,0.26526694911615,-0.00219435813482003
5.92,1.16702671187221,-0.0661899513013814,0.269293700224824,-0.00268029711490359
5.93,1.1520171799304,-0.0658274657991772,0.272447229463982,-0.00315315063831717
5.94,1.13702052640215,-0.0654049434480011,0.274776844538419,-0.00361286467047556
5.95,1.12202128688776,-0.0649288047217196,0.276369073028447,-0.00405794555315942
5.96,1.10492728029453,-0.0642690780935505,0.277273026376681,-0.0044891976180852
5.97,1.0899380245109,-0.063709160209522,0.277528646275358,-0.00490711529957214
5.98,1.07491152263631,-0.0631129380010307,0.277198189359358,-0.00531180617451971
5.99,1.05793793469076,-0.0623643932106247,0.276374554119429,-0.00570261825999751
6,1.04288964001039,-0.0617143036173734,0.27512309190203,-0.00607971378810748
6.01,1.02780862973672,-0.0610402126512988,0.273501574112859,-0.00644345458718477
6.02,1.01096318300225,-0.0602385945408546,0.271577732768393,-0.00679323371214403
6.03,0.995897160122319,-0.0595296710325043,0.26941172034159,-0.00712869512525095
6.04,0.97919567906797,-0.058706231589889,0.267049698367418,-0.00745001827581037
6.05,0.964182456734486,-0.057969965483133,0.264529592225241,-0.00775705920502863
6.06,0.949183174875236,-0.0572197766518644,0.261879712145147,-0.00804984622152157
6.07,0.932739688405452,-0.0563715921543821,0.259129222651061,-0.00832798624954611
6.08,0.91785022919808,-0.0556007366148755,0.256293348607329,-0.00859155644837826
6.09,0.903001136976788,-0.0548186130759427,0.253378881635355,-0.00884060728971073
6.1,0.886887895834199,-0.0539525620463193,0.250393843296739,-0.009074555656713
6.11,0.872191118630366,-0.0531541038955016,0.247336487449755,-0.00929295775926206
6.12,0.856343419029214,-0.0522803181538667,0.244206209389025,-0.00949513959599138
6.13,0.841820369553228,-0.0514682982172279,0.241002891655556,-0.00968022746149074
6.14,0.827365988398106,-0.0506488499784331,0.237716959605423,-0.00984781474940977
6.15,0.811920952960795,-0.0497667751892174,0.234341066950186,-0.00999735681261849
6.16,0.797663058030509,-0.0489387691768057,0.23087146139455,-0.010128033814249
6.17,0.782515628316134,-0.0480562784572066,0.227302487489336,-0.0102391424669659
6.18,0.768466456693538,-0.0472235850451595,0.223629521873563,-0.0103300752365885
6.19,0.753627359506024,-0.0463443239275329,0.219849090413325,-0.0104003936849079
6.2,0.739803189761719,-0.0455110519824163,0.215961876843539,-0.0104497294640795
6.21,0.726077643786554,-0.0446776029633987,0.211967583567404,-0.010477701974263
6.22,0.711711623202651,-0.0438090072180863,0.207849506212101,-0.010484805714599
6.23,0.698247640223311,-0.0429814557362192,0.203604698646619,-0.010470701781643
6.24,0.684243650431982,-0.0421259698841237,0.199240041217735,-0.010434723370719
6.25,0.671076616921658,-0.041308681056639,0.194773893678836,-0.0103763779488408
6.26,0.657471807371296,-0.0404697110628554,0.19023522991915,-0.010295704487341
6.27,0.644648354697014,-0.0396654911069239,0.185643749473606,-0.0101931787537439
6.28,0.631492406986233,-0.0388444836391413,0.181011997904317,-0.0100693051793946
6.29,0.619072944554311,-0.0380544136474112,0.176345845247012,-0.0099249633757299
6.3,0.606425058093018,-0.0372517797819764,0.171651655262102,-0.00976076519932563
6.31,0.594471531756533,-0.0364765694450512,0.166937067691356,-0.00957773686306202
6.32,0.582755836077441,-0.0357081428255294,0.162207885975251,-0.00937713427868622
6.33,0.570952774484033,-0.0349329282761864,0.157460130396076,-0.00916081675049973
6.34,0.559782994310319,-0.0341804945501871,0.152703382698707,-0.00893035503580721
6.35,0.548606521940573,-0.0334246534897844,0.147957135379165,-0.00868772159184384
6.36,0.538020613735358,-0.0326887617954978,0.143226012550304,-0.00843515011362523
6.37,0.527496083411979,-0.0319524236488655,0.13850980674579,-0.00817446398447637
6.38,0.517516892100807,-0.031233738066067,0.133804984150226,-0.00790749341400145
6.39,0.507652935610895,-0.030517715810672,0.129109525561164,-0.00763580194552733
6.4,0.498285648169648,-0.0298178435211135,0.124426471775232,-0.00736140526542355
6.41,0.489073023838106,-0.0291238436049107,0.119761014328456,-0.00708593549275162
6.42,0.480304624073915,-0.0284450602234633,0.115118414430299,-0.00681079805150171
6.43,0.471716286333232,-0.0277753002494785,0.110505349345705,-0.0065374060457365
6.44,0.463517220933791,-0.0271202938180211,0.105921037329316,-0.00626719125548115
6.45,0.455511498362404,-0.026477419000797,0.101376059649735,-0.00600129088252103
6.46,0.447839919753075,-0.0258492320338651,0.0968714856657038,-0.005740737302557
6.47,0.440366127990235,-0.0252361192761067,0.0924116832963832,-0.00548602512184311
6.48,0.43317244701538,-0.0246380019592826,0.0880011848030494,-0.00523759851642679
6.49,0.426172894417987,-0.0240577642726374,0.0836549248499915,-0.0049957771275994
6.5,0.419401219706944,-0.0234929318085625,0.0793818488548283,-0.00476128559193814
6.51,0.412816153969848,-0.0229482685180024,0.0751872212840645,-0.00453446178045434
6.52,0.406412266541983,-0.0224193275919756,0.0710811470061056,-0.00431515055006322
6.53,0.400186633379694,-0.0219123113371501,0.0670751813750561,-0.0041029440402639
6.54,0.394102955564919,-0.021421016164897,0.0631823102237946,-0.00389772298467756
6.55,0.388161755418901,-0.0209486357240023,0.0594219868079311,-0.00369941791585267
6.56,0.382390866395374,-0.0204992017955583,0.0558050312954174,-0.00350816255240883
6.57,0.376719275267299,-0.0200643709213263,0.0523431166091519,-0.00332366547841863
6.58,0.371216064371507,-0.0196520725018369,0.0490462997541059,-0.0031456536131318
6.59,0.365792810720693,-0.0192529871814095,0.0459193851516428,-0.0029741749772507
6.6,0.360538126185947,-0.0188753926498517,0.0429681084506253,-0.00280920507492709
6.61,0.355349502724009,-0.0185093243194858,0.040195855047219,-0.00265105240468372
6.62,0.350330131148853,-0.0181632380160247,0.0376051085623417,-0.00249983109718303
6.63,0.345366262180737,-0.0178268038297519,0.0351950416338018,-0.00235567510213228
6.64,0.340571344829411,-0.0175085731513326,0.0329627192503034,-0.00221862566004383
6.65,0.335822917027314,-0.0171981404883733,0.03090144441459,-0.00208886959774931
6.66,0.331240868534539,-0.0169041161741183,0.0290044676113061,-0.00196643541143183
6.67,0.326696618469702,-0.0166162439454872,0.0272617552833336,-0.00185141514248903
6.68,0.322313890330776,-0.0163431237067676,0.0256643799009631,-0.00174372947722943
6.69,0.317960556084135,-0.0160747939370026,0.0242023837787142,-0.00164338688261352
6.7,0.313761864779552,-0.0158197568467201,0.0228666232609644,-0.00155022060837047
6.71,0.309584307635507,-0.0155684375920875,0.0216473861143791,-0.00146406994283345
6.72,0.30555321521427,-0.015329152050844,0.0205355079058123,-0.00138462594241007
6.73,0.30153606156314,-0.0150927598993855,0.019521315231723,-0.0013116093727055
6.74,0.297657233155619,-0.0148673181405069,0.0185964845448138,-0.0012446387862347
6.75,0.293786819810275,-0.0146441509736867,0.017752441941568,-0.00118337191983503
6.76,0.290047149932852,-0.0144309967669164,0.0169820850704322,-0.00112738814393908
6.77,0.286311953058541,-0.014219656996744,0.0162782725316983,-0.00107631326499876
6.78,0.282700572991895,-0.0140175045052852,0.0156350886099107,-0.00102972177028908
6.79,0.279091118694183,-0.0138168205950822,0.0150465814501817,-0.000987240371799713
6.8,0.275599191362865,-0.0136245817083273,0.0145080381849051,-0.00094846591060143
6.81,0.272107739589604,-0.0134335437359377,0.0140146471876078,-0.000913050722717329
6.82,0.268727947862597,-0.013250269525744,0.0135626564282091,-0.000880626805680537
6.83,0.265347907166033,-0.0130679782692972,0.0131481884109248,-0.00085087906676273
6.84,0.262022037036312,-0.0128898063631834,0.0127680658651328,-0.000823480923728091
6.85,0.258799504907364,-0.012718448056478,0.0124187705533399,-0.000798154959420497
6.86,0.255576260729241,-0.0125478324768475,0.0120970911290666,-0.000774650173681295
6.87,0.252450591970669,-0.0123834790306058,0.0118007535153414,-0.000752722927384525
6.88,0.249323804215461,-0.0122197570642507,0.0115276630477048,-0.000732177364508512
6.89,0.246288623509208,-0.0120617910442407,0.0112760942430346,-0.000712840050115477
6.9,0.243251828194743,-0.0119043714741787,0.0110443300789279,-0.000694579828866559
6.91,0.240300607105142,-0.0117522413671738,0.0108309284891553,-0.000677283389366585
6.92,0.237347311482542,-0.0116005945542698,0.0106345194409678,-0.000660865407936723
6.93,0.234473714551601,-0.0114538059328391,0.0104539218899225,-0.00064525422138965
6.94,0.231597789415422,-0.0113074528050792,0.010288023691126,-0.000630398023998531
6.95,0.22879606550235,-0.011165555755584,0.0101359074936256,-0.000616251619376567
6.96,0.225992109649367,-0.0110240544779141,0.0099967510434832,-0.000602779262818115
6.97,0.223257395189604,-0.0108866289224849,0.00986978798081393,-0.000589954864827025
6.98,0.220520966658232,-0.0107495619655544,0.00975431005771165,-0.000577757961953925
6.99,0.217849418854418,-0.0106162097877897,0.00964958574749747,-0.000566177503896716
7,0.215177078102182,-0.0104831817947294,0.00955495214849634,-0.000555202844244968
7.01,0.212578593100236,-0.0103459604577137,0.0108222764482223,-0.000447591784444757
7.02,0.210008962978049,-0.0101964153588646,0.0119186697895367,-0.000342137774656208
7.03,0.207525018058538,-0.0100394223580703,0.0127995869172419,-0.000251088364702905
7.04,0.205069900415686,-0.00987440494660274,0.0134713922421448,-0.000173788416166203
7.05,0.202695264302846,-0.00970595823288031,0.0139458692613823,-0.000109457689811515
7.06,0.200348111950522,-0.00953354353206563,0.0142365177609347,-5.7212633339682e-05
7.07,0.198075307937037,-0.00936121694738623,0.0143590228382617,-1.60402247950174e-05
7.08,0.19582762595138,-0.00918837279256205,0.0143310868895134,1.51181591655474e-05
7.09,0.1936475591191,-0.0090184736605301,0.0141712420629727,3.72923987943951e-05
7.1,0.191489596879515,-0.00885076655141558,0.0139006090328829,5.15194785427623e-05
7.11,0.189373079793474,-0.00868724164513479,0.0135389444685555,5.87643611370986e-05
7.12,0.187313666948674,-0.00852947518423498,0.0131049508927559,5.99718495164251e-05
7.13,0.18527132380785,-0.00837646455994014,0.01261622535351,5.60255322088133e-05
7.14,0.183279292202685,-0.00823017380833913,0.0120893802833501,4.77585661861298e-05
7.15,0.181301096026403,-0.00808946187015026,0.0115402329295004,3.59733954207034e-05
7.16,0.179366891900826,-0.00795579270055377,0.0109825852673081,2.13680826236654e-05
7.17,0.177443660072767,-0.00782793133200416,0.0104283577254758,4.51918362041957e-06
7.18,0.17555876687682,-0.00770691839741921,0.00988974534273102,-1.40079114419387e-05
7.19,0.173682500333658,-0.00759145386234212,0.00937593018246646,-3.37555292781012e-05
7.2,0.171839699325933,-0.00748223438873305,0.00889345913873854,-5.43512260561516e-05
7.21,0.170003770852702,-0.00737797650440477,0.00844750351149908,-7.54404773860637e-05
7.22,0.168197249670416,-0.00727912755849668,0.00804186582289613,-9.67048947450135e-05
7.23,0.166396477798929,-0.00718446546715923,0.00767920783604423,-0.000117838891886913
7.24,0.164621892554213,-0.00709425270477141,0.00736072124712913,-0.000138590113094853
7.25,0.162852559217411,-0.00700736780499979,0.00708655025133152,-0.000158726966507276
7.26,0.161106977520235,-0.00692395345866541,0.00685511415100648,-0.000178088523748387
7.27,0.159366694739352,-0.00684302669307299,0.00666481415919026,-0.000196548422193895
7.28,0.157648387236492,-0.00676465694076305,0.00651333799899611,-0.00021402567478922
7.29,0.155935841182155,-0.00668800920503038,0.00639797775749972,-0.000230439225073605
7.3,0.15424404200164,-0.00661311091491625,0.00631512001904291,-0.000245723275914683
7.31,0.152558809848019,-0.00653928999904324,0.00626108130197799,-0.000259788298837984
7.32,0.150893558773018,-0.00646655720616575,0.00623231305639264,-0.000272502444786456
7.33,0.149235950949486,-0.00639440777205434,0.00622305657192771,-0.000283810496427232
7.34,0.14759793851977,-0.00632287384870998,0.00622913987882339,-0.000293618749345636
7.35,0.145968835554155,-0.00625161114599632,0.00624743891087521,-0.000301820414179877
7.36,0.144359251420461,-0.00618064843184776,0.00627469162004568,-0.000308369260271794
7.37,0.142759959753718,-0.00610977541862773,0.00630746666079575,-0.000313297130294752
7.38,0.141176261653361,-0.00603899726702756,0.00634368629838424,-0.000316646980237383
7.39,0.139612238937048,-0.00596828266392675,0.00638100693984279,-0.000318505726815699
7.4,0.138060503464599,-0.00589758342271457,0.00641677500046402,-0.000319008512359289
7.41,0.136528585153247,-0.00582691993135245,0.00644882690394009,-0.000318296511458449
7.42,0.135010117732502,-0.00575633553387571,0.00647576792219925,-0.000316491745053472
7.43,0.133511535403695,-0.0056858350341125,0.00649651006522406,-0.000313726822428468
7.44,0.132027380652007,-0.00561552609550886,0.00651051718647127,-0.000310119532119191
7.45,0.130563098344477,-0.00554538590291178,0.00651740476897457,-0.000305799375736847
7.46,0.129114023589994,-0.00547556781356738,0.00651713296081798,-0.000300880107022528
7.47,0.127684695738465,-0.00540601710286415,0.00650953666647392,-0.000295487148518414
7.48,0.126271141948067,-0.00533692257244734,0.00649484549350763,-0.000289742451219659
7.49,0.124877076593128,-0.00526819581400354,0.00647344217896031,-0.00028377864237564
7.5,0.123499127800373,-0.00520004666731999,0.00644604813622961,-0.000277711369055142
7.51,0.122140267826656,-0.00513234841206683,0.00641321663710131,-0.00027165616372873
7.52,0.1207976584971,-0.00506532471356204,0.00637559760216907,-0.00026570172147835
7.53,0.119473618717624,-0.00499881488905565,0.00633362943458923,-0.000259933580538914
7.54,0.118165791208058,-0.0049330549942957,0.00628785906103838,-0.000254410693654629
7.55,0.116875926540348,-0.00486785567130198,0.0062386461979116,-0.000249189613275524
7.56,0.115602102646555,-0.00480346368827433,0.0061864791584074,-0.000244302316844744
7.57,0.114345583297929,-0.00473966313434779,0.0061321016551703,-0.000239760674787714
7.58,0.113104848918339,-0.00467670622192365,0.00607558253979856,-0.000235568901666699
7.59,0.111880747794562,-0.00461436015580919,0.00601685280257986,-0.000231731234682
7.6,0.110672118843428,-0.00455288969623404,0.00595641410547802,-0.00022821828241818
7.61,0.109479465968808,-0.00449204455504715,0.00589441761128578,-0.000225028675084384
7.62,0.108301954924373,-0.00443209280011272,0.0058316468686047,-0.000222138027956707
7.63,0.107139795070505,-0.00437276449632248,0.00576835945834338,-0.000219545325978705
7.64,0.105992434690971,-0.00431433032970346,0.00570458315745269,-0.000217247609990183
7.65,0.104859817495962,-0.00425665291928967,0.00564027763264543,-0.000215246756386682
7.66,0.103741664612798,-0.00419959010453676,0.00557353353868869,-0.000213516050403405
7.67,0.102637317186453,-0.00414384286664715,0.00542273226596507,-0.000215509750784052
7.68,0.101545696973042,-0.00408972772480773,0.00525432879831402,-0.000217488485993368
7.69,0.100466945136323,-0.00403748440860062,0.00509503824178031,-0.000217651952560602
7.7,0.099400798155775,-0.00398671001268919,0.00494770258683255,-0.000216171093321558
7.71,0.0983476334131839,-0.0039375546179174,0.00481503553887119,-0.000213312991357968
7.72,0.0973069860830063,-0.00388956083616855,0.00469972017942456,-0.000209332767141223
7.73,0.0962793165133682,-0.00384283120798078,0.00460324786968007,-0.000204492667585255
7.74,0.0952640009274848,-0.00379688097328449,0.00452541619162734,-0.000199083685828935
7.75,0.0942615578491437,-0.00375181678762499,0.00446498335007312,-0.000193384905097161
7.76,0.0932712203381536,-0.00370717907875765,0.00441993805250078,-0.000187659535307838
7.77,0.0922935454527314,-0.0036631132483637,0.00438811236361075,-0.00018212239803557
7.78,0.0913276556342995,-0.00361920449768099,0.00436714668099738,-0.000176953816162996
7.79,0.0903741460103245,-0.00357564398399475,0.00435476822200233,-0.000172284271383656
7.8,0.0894320642245101,-0.00353206409664478,0.00434873666656234,-0.000168217553279889
7.81,0.0885020423491989,-0.0034886989069394,0.00434706544127861,-0.0001648135480943
7.82,0.0875830818283156,-0.00344522334448685,0.00434780535394445,-0.000162108947082119
7.83,0.0866758501606888,-0.00340190793848104,0.00434926650719412,-0.000160101801645876
7.84,0.0857793279348664,-0.00335846473513269,0.00434981108499951,-0.000158773576814391
7.85,0.0848942176928404,-0.00331519327741618,0.00434821778180575,-0.000158076500241865
7.86,0.0840195003207791,-0.00327183405580223,0.00434333723088768,-0.000157953725881313
7.87,0.0831559078300395,-0.00322870630244992,0.00433432243624703,-0.000158325981558249
7.88,0.0823024321710919,-0.00318557103547692,0.00432043526783784,-0.000159113096111903
7.89,0.0814598255799133,-0.00314275870740053,0.0043012740956026,-0.000160220942587483
7.9,0.0806270983156152,-0.00310004230222933,0.00427655113399861,-0.000161562001598542
7.91,0.0798050172456213,-0.00305775390985865,0.00424638627303015,-0.0001630357974363
7.92,0.0789930499131812,-0.00301580695267466,0.00421074579379596,-0.000164559858523253
7.93,0.0781906866843429,-0.00297411709151035,0.00416993558654537,-0.000166050374334789
7.94,0.0773987001321066,-0.00293300549405593,0.00412447853821749,-0.000167432869777931
7.95,0.0766161763601048,-0.00289224284024319,0.00407488099775665,-0.000168649783748022
7.96,0.075843876715219,-0.00285213652634884,0.00402175345570652,-0.000169648318658596
7.97,0.0750809096371532,-0.0028124491171705,0.00396563022385014,-0.000170394529341325
7.98,0.074328019256374,-0.00277347341381495,0.00390717868479283,-0.000170856192934093
7.99,0.0735843415664106,-0.0027349628613912,0.00384695051218991,-0.000171019427905478
8,0.0728505938749962,-0.00269719512365127,0.00378563316725939,-0.000170872385801978
8.01,0.0721259367958857,-0.00265991425982186,0.0037237803286915,-0.000170419792517548
8.02,0.0714110545732787,-0.00262338304996434,0.00366200545264908,-0.000169665678158351
8.03,0.0707051319987082,-0.00258733741210106,0.00360075241400214,-0.000168627931431881
8.04,0.070008816488202,-0.00255202754406633,0.00354049525114226,-0.000167321520377652
8.05,0.0693213173133569,-0.00251718389263567,0.00348153491563709,-0.000165773282190054
8.06,0.0686432430763875,-0.0024830469775535,0.00342420152753034,-0.000164005180627644
8.07,0.0679738282409479,-0.00244934457532619,0.00336865507146207,-0.000162049055139224
8.08,0.0673136420353371,-0.00241631040260431,0.00331508941239203,-0.000159930065249608
8.09,0.0666619452773094,-0.00238367212487353,0.00326356011121788,-0.000157680406630204
8.1,0.0660192693032922,-0.00235165881129221,0.00321415962913008,-0.00015532201809519
8.11,0.0653849036019549,-0.00232000044369303,0.00316674326141505,-0.000152886920261247
8.12,0.0647593426579967,-0.0022889248655763,0.00312129982867305,-0.00015039514462846
8.13,0.0641419058303001,-0.00225816602400453,0.0030777126235056,-0.00014787225377752
8.14,0.0635330533566321,-0.0022279507985291,0.00303592816044137,-0.000145335169384588
8.15,0.0629321354868839,-0.00219801773359932,0.00299575614336592,-0.00014280759703173
8.16,0.062339578396631,-0.00216859420554643,0.00295707869231277,-0.000140304018864533
8.17,0.061754762638937,-0.00213942444847834,0.0029196666583019,-0.000137844523688235
8.18,0.0611780828270339,-0.00211073718577022,0.00288337386921587,-0.00013543970273755
8.19,0.0606091799002524,-0.00208240179208418,0.00284796936633641,-0.000133106396265377
8.2,0.0600477276312787,-0.00205429094889445,0.00281345112770281,-0.00013084571959033
8.21,0.0594940735325458,-0.0020266338370285,0.00277959270405863,-0.00012866753370321
8.22,0.0589476755704901,-0.00199918931749706,0.00274615345954671,-0.000126581059263453
8.23,0.0584088496022905,-0.00197218858439419,0.00271303181061461,-0.000124583843899453
8.24,0.0578770788179517,-0.00194539552351057,0.0026800652882628,-0.000122678398092539
8.25,0.0573526550553489,-0.0019190417093184,0.00264722016183596,-0.000120857659180652
8.26,0.0568350935079098,-0.00189289447849041,0.00261438982773236,-0.00011912075012819
8.27,0.0563246626833573,-0.00186718481302317,0.00258158421702966,-0.000117458231713259
8.28,0.0558209080888072,-0.00184168251786077,0.00254873237353358,-0.000115867606929446
8.29,0.0553240762079614,-0.00181661738322764,0.00251587489732141,-0.000114338410127061
8.3,0.0548337416096991,-0.00179176096048182,0.00248296833190776,-0.000112867577692686
8.31,0.0543501295626858,-0.00176734142754374,0.00245007759552664,-0.000111444487171527
8.32,0.0538728420239774,-0.00174313149745447,0.00241718028995509,-0.000110066262707993
8.33,0.0534020839440099,-0.00171935743865993,0.00238435844365461,-0.000108722780035479
8.34,0.0529374830033909,-0.00169579268099372,0.00235160336443655,-0.000107411909492829
8.35,0.0524792248770518,-0.0016726614243392,0.00231900685603424,-0.000106124479688668
8.36,0.0520269613690454,-0.00164973751951926,0.0022865661091236,-0.000104859455580752
8.37,0.0515808600831582,-0.00162724308014265,0.00225437563615692,-0.000103608859055655
8.38,0.0511405954610391,-0.00160495222236535,0.00222243240414845,-0.00010237289429573
8.39,0.0507063183060881,-0.00158308511325658,0.00219081567271853,-0.000101145438776724
8.4,0.0502777240107919,-0.00156141626386315,0.002159519022442,-9.99289540280972e-05
8.41,0.0498549475100103,-0.00154016395475129,0.00212865012302898,-9.87180117616694e-05
8.42,0.0494377036929432,-0.00151910268648254,0.00209818792696148,-9.75161915698189e-05
8.43,0.0490261129279632,-0.00149844921298693,0.00206819715439227,-9.63197947609197e-05
8.44,0.04861990879014,-0.00147797857080797,0.00203864290037141,-9.51325827405997e-05
8.45,0.0482191988414882,-0.00145790636923719,0.00200958785231247,-9.39506751261931e-05
8.46,0.0478238158262998,-0.00143811778353091,0.00198099680710043,-9.2777698815494e-05
8.47,0.0474336104032964,-0.00141849838825903,0.00195299536070448,-9.16070538691611e-05
8.48,0.0470486720063794,-0.00139926118292291,0.00192552783791433,-9.04418380699054e-05
8.49,0.0466687776040335,-0.00138018334384178,0.00189852807416018,-8.9286881075687e-05
8.5,0.0462940034004173,-0.00136147780891137,0.00187203770338938,-8.81382777818214e-05
8.51,0.0459241365867731,-0.00134292261675756,0.00184600083619018,-8.69994999075536e-05
8.52,0.0455592463818462,-0.00132473020666824,0.00182045723302058,-8.58664273626665e-05
8.53,0.0451991359907462,-0.00130667930686036,0.00179534874617765,-8.4742260499764e-05
8.54,0.044843867242593,-0.00128898203950034,0.00177070147678904,-8.36231887615201e-05
8.55,0.0444932571018364,-0.00127141797406766,0.00174645437968886,-8.25126540349039e-05
8.56,0.0441473602679021,-0.00125419900452254,0.00172264330976897,-8.14067042489716e-05
8.57,0.0438060061868681,-0.00123710539621038,0.00169920569798172,-8.03091629891692e-05
8.58,0.0434692423168694,-0.00122034888408964,0.00167617266839832,-7.9216583218819e-05
8.59,0.0431369088816858,-0.00120371047590258,0.0016534783891015,-7.81331862622206e-05
8.6,0.042809046047056,-0.00118740185680244,0.00163115619849801,-7.70556121406183e-05
8.61,0.0424855034826668,-0.00117120471377778,0.00160914149626952,-7.5987909171451e-05
8.62,0.0421663144337519,-0.00115533074181742,0.00158746040682656,-7.49268257936546e-05
8.63,0.0418513368906264,-0.00113956235527838,0.00156605069327172,-7.38763538975876e-05
8.64,0.0415405977633589,-0.00112411123984717,0.00154495039754249,-7.28328871802977e-05
8.65,0.0412339626235849,-0.00110876031830351,0.00152410248116531,-7.18004150047476e-05
8.66,0.0409314528056264,-0.0010937211911982,0.00150354639440662,-7.07754998316903e-05
8.67,0.0406329407551207,-0.00107877721557142,0.00148322574106436,-6.97623162633605e-05
8.68,0.0403384429491664,-0.00106413991842903,0.00146318127582792,-6.87575567474504e-05
8.69,0.0400478380987652,-0.00104959302647656,0.00144335862045805,-6.77654717336501e-05
8.7,0.0397611386070003,-0.00103534797601452,0.00142380096433755,-6.6782786907702e-05
8.71,0.0394782290648892,-0.00102118877982475,0.00140445632548959,-6.58137658941684e-05
8.72,0.0391991184018423,-0.00100732676426933,0.00138537006444598,-6.4855131712394e-05
8.73,0.0389237237664961,-0.000993652888347329,0.00136649198316072,-6.39111374370317e-05
8.74,0.0386519692743088,-0.000980058018404367,0.00134793621875848,-6.29757791838823e-05
8.75,0.0383838588644219,-0.000966752183512188,0.00132964064324168,-6.20527069952996e-05
8.76,0.0381192914001238,-0.000953520592269613,0.00131153758939561,-6.11472483344262e-05
8.77,0.0378582657112065,-0.000940573782528217,0.00129367182068035,-6.02559197816456e-05
8.78,0.0376006804972371,-0.000927697229484352,0.00127599449611979,-5.93825500238284e-05
8.79,0.0373465351779296,-0.000915101336790304,0.00125855397406973,-5.85233702971991e-05
8.8,0.0370957346906422,-0.000902571617166384,0.00124130315007717,-5.7682083315549e-05
8.81,0.03684827800432,-0.000890318349881432,0.00122429142241697,-5.68548289522385e-05
8.82,0.036604074796827,-0.000878127066794062,0.00120747209470433,-5.60452401551777e-05
8.83,0.0363631234793196,-0.000866207939269124,0.0011908944948674,-5.52493933554793e-05
8.84,0.036125337909052,-0.000854346511800768,0.00117451138857072,-5.44708651615614e-05
8.85,0.0358907155849195,-0.000842752886335668,0.00115837130211751,-5.37056726415151e-05
8.86,0.0356591737707375,-0.000831212632927725,0.00114242599556633,-5.29573329243083e-05
8.87,0.0354307088485253,-0.000819935827268941,0.00112672296745594,-5.22217948415711e-05
8.88,0.0352052408712884,-0.000808708081472013,0.00111121293334727,-5.15025050525578e-05
8.89,0.0349827651212182,-0.000797739483426495,0.00109594247515062,-5.07953340931435e-05
8.9,0.0347632040042831,-0.000786815699588238,0.00108086148184103,-5.01036513924836e-05
8.91,0.0345465519558985,-0.000776146857788776,0.00106601590492326,-4.94232474301824e-05
8.92,0.0343327334927424,-0.00076551868253293,0.00105135512916967,-4.87574183605424e-05
8.93,0.0341217426244604,-0.000755141357471752,0.00103692479878851,-4.81018850858195e-05
8.94,0.0339135058911273,-0.000744800660658354,0.00102267409794854,-4.74598869254399e-05
8.95,0.0337080173475341,-0.000734706838889796,0.00100864862157086,-4.6827097599726e-05
8.96,0.0335052054959841,-0.000724645714597106,0.000994797561516617,-4.62067263585103e-05
8.97,0.0333050648847966,-0.000714827597678194,0.000981166610530855,-4.55944301196157e-05
8.98,0.0331075260248948,-0.000705038340450251,0.000967705061341489,-4.49934201713084e-05
8.99,0.0329125843453963,-0.000695488313050532,0.000954458734036078,-4.4399369930288e-05
9,0.0327201874046641,-0.000686069552953131,0.000941376996009665,-4.38155256440822e-05
9.01,0.0325302864184591,-0.000676673834708907,0.000928573076926272,-4.32349038904254e-05
9.02,0.0323428776094479,-0.000667510509461163,0.000915983327817614,-4.26602442575164e-05
9.03,0.0321578976310932,-0.000658366220507502,0.000903538121657145,-4.20960386449971e-05
9.04,0.0319753405507583,-0.000649451019650604,0.000891280141313572,-4.15380327697273e-05
9.05,0.0317951403046746,-0.000640551717391259,0.000879158247030868,-4.09893826987312e-05
9.06,0.0316172947531883,-0.000631878401860754,0.000867218552254216,-4.04457315302936e-05
9.07,0.0314417413335137,-0.000623217848708193,0.000855411623791631,-3.99103077940364e-05
9.08,0.0312684798437788,-0.000614780183124204,0.000843784698090113,-3.93788745393283e-05
9.09,0.0310974499613463,-0.000606352138731712,0.000832288949188467,-3.8854806629275e-05
9.1,0.0309286529883275,-0.000598143874293452,0.000820971829813211,-3.83340227520677e-05
9.11,0.030762030389816,-0.00058994208333955,0.000809784364729034,-3.78200585117649e-05
9.12,0.0305975842593948,-0.000581956976829757,0.000798773632356584,-3.73089869240791e-05
9.13,0.0304352571969622,-0.000573975226218864,0.000787890114898341,-3.68044891688026e-05
9.14,0.0302750515593375,-0.000566207118292773,0.000777180328896343,-3.63027653561003e-05
9.15,0.030116910576782,-0.000558439321341282,0.000766594191017273,-3.58076071631293e-05
9.16,0.0299608366060959,-0.000550882216871817,0.000756177758422547,-3.53153025425418e-05
9.17,0.0298067731916218,-0.000543322482655604,0.000745880570502735,-3.48297133841964e-05
9.18,0.0296547226983459,-0.000535970604328863,0.00073574846364036,-3.43471766534095e-05
9.19,0.0295046288623011,-0.000528613272796097,0.000725730859496993,-3.38715886882571e-05
9.2,0.0293564942621345,-0.000521461077625407,0.000715873624437078,-3.33993042798452e-05
9.21,0.0292102628478714,-0.000514300718514491,0.000706126288111737,-3.29342278763408e-05
9.22,0.0290659377078339,-0.000507342881819125,0.000696534927012638,-3.24727111892263e-05
9.23,0.0289234631023252,-0.000500374266970397,0.000687049309401938,-3.20186506280665e-05
9.24,0.0287828429112775,-0.000493605646894168,0.000677715793592707,-3.15683833941271e-05
9.25,0.0286440218156852,-0.000486823710192523,0.000668484408245382,-3.11257899163855e-05
9.26,0.0285070047075924,-0.0004802393064479,0.000659401765375618,-3.06871879944119e-05
9.27,0.0283717513209056,-0.000473745201035717,0.000650418088201676,-3.02564391375248e-05
9.28,0.0282382240437586,-0.000467233867412727,0.000641647442205618,-2.98271361420435e-05
9.29,0.0281064286893458,-0.000460915146827062,0.000633027190937878,-2.94025487371069e-05
9.3,0.027976312934106,-0.000454576423187042,0.000624488703482755,-2.89876526253066e-05
9.31,0.0278478807065792,-0.000448428233961973,0.000616075664093044,-2.85786230282427e-05
9.32,0.0277210755786517,-0.000442258103874924,0.000607737971201011,-2.81789905465399e-05
9.33,0.027595904917358,-0.000436276607454764,0.000599522768221155,-2.77847149690716e-05
9.34,0.0274723149744456,-0.000430271202020265,0.000591381737252975,-2.73992808566348e-05
9.35,0.0273503151395682,-0.000424452487758722,0.000583363242941198,-2.70186476694596e-05
9.36,0.0272298531515518,-0.000418607849479833,0.000575419662864914,-2.66463278101025e-05
9.37,0.0271109399471143,-0.000412947905204253,0.000567599642812069,-2.62783223398643e-05
9.38,0.0269935244567803,-0.000407259969308059,0.000559855467457135,-2.59181950666556e-05
9.39,0.0268776184562225,-0.000401754692046325,0.000552235444490071,-2.55619988835764e-05
9.4,0.0267631715234522,-0.000396219336493993,0.000544691340435611,-2.5213347806963e-05
9.41,0.0266501957264411,-0.000390864605874584,0.00053727090427298,-2.48683352546766e-05
9.42,0.0265386408751564,-0.00038547773288713,0.000529925329815959,-2.45306078222265e-05
9.43,0.026428519042422,-0.000380269491132545,0.000522701881541492,-2.41962787336781e-05
9.44,0.0263197800261035,-0.000375027098366277,0.000515551343618591,-2.38690062149835e-05
9.45,0.026212435890659,-0.000369961407463455,0.000508520714259118,-2.35449041961402e-05
9.46,0.0261064363651198,-0.000364859627971403,0.000501560610594639,-2.32276266876377e-05
9.47,0.0260017936927492,-0.00035993269204269,0.00049471800178609,-2.29132769844134e-05
9.48,0.0258984576065762,-0.000354967799798002,0.000487943553445012,-2.26054980360144e-05
9.49,0.0257964408227132,-0.000350175955496642,0.000481284377859428,-2.23003804826515e-05
9.5,0.025695693240634,-0.000345344342998648,0.000474691311924238,-2.20015582300615e-05
9.51,0.0255962283334572,-0.00034068402866818,0.000468211673297258,-2.17051151425021e-05
9.52,0.025497996312805,-0.000335982172402433,0.000461796479704346,-2.14146844607135e-05
9.53,0.0254010116009564,-0.000331449893743239,0.000455493213244831,-2.11263534249253e-05
9.54,0.0253052404065253,-0.00032698036480007,0.000449252996058597,-2.08437651184567e-05
9.55,0.0252106515691555,-0.000322466465127185,0.000443190569804498,-2.05603186477199e-05
9.56,0.0251172603343681,-0.000318118272120719,0.00043724415199068,-2.02791028137671e-05
9.57,0.0250250197686996,-0.000313723615932183,0.000431345861287804,-2.00049363119471e-05
9.58,0.0249339431268349,-0.000309493248236269,0.000425539978720151,-1.97338655502155e-05
9.59,0.0248439793268305,-0.000305215134476036,0.000419777022540346,-1.94693120964473e-05
9.6,0.0247551448891583,-0.000301100044512094,0.000414104608497493,-1.92071560329264e-05
9.61,0.0246673913426161,-0.000296935873544084,0.000408474917938683,-1.89508220765219e-05
9.62,0.0245807370402367,-0.000292933400046597,0.000402936669766866,-1.86962387594567e-05
9.63,0.0244951349184368,-0.00028888044669145,0.000397442631491396,-1.8446905869201e-05
9.64,0.0244106046398112,-0.000284987795569651,0.000392041698431243,-1.81988390616669e-05
9.65,0.0243271002293151,-0.000281043201720901,0.000386686452852595,-1.79556322858629e-05
9.66,0.0242446419259623,-0.000277257467539436,0.000381425369448642,-1.77133929384185e-05
9.67,0.024163184294395,-0.00027341830122962,0.000376210445615721,-1.74758014554822e-05
9.68,0.0240827475930532,-0.000269736547675788,0.000371089542241711,-1.72390385318678e-05
9.69,0.0240032865115789,-0.000265999889962979,0.000366014044004744,-1.70068459165453e-05
9.7,0.0239248210353553,-0.000262419233706013,0.00036103129694906,-1.67754490603513e-05
9.71,0.0238473057356239,-0.000258782252484105,0.000356092257782902,-1.65486221527629e-05
9.72,0.0237707603061246,-0.000255299921976727,0.000351243995246286,-1.63226083660605e-05
9.73,0.0236951391395279,-0.000251759912595408,0.000346437298232015,-1.61011906014057e-05
9.74,0.0236204618226346,-0.000248373269937794,0.000341719211476558,-1.58806105858668e-05
9.75,0.0235466826471142,-0.000244927659047505,0.000337040584229133,-1.56646455010474e-05
9.76,0.0234738213751235,-0.000241634188391472,0.000332448618920734,-1.54495263812582e-05
9.77,0.0234018323414746,-0.000238280510355521,0.000327894356096177,-1.5239019871563e-05
9.78,0.0233307357603152,-0.000235077786309403,0.00032342522774188,-1.50293456158903e-05
9.79,0.0232604861567005,-0.000231813647418303,0.000318992485172628,-1.48242618787931e-05
9.8,0.023191104391642,-0.000228699299003702,0.000314643757731654,-1.46199813645712e-05
9.81,0.0231225452759691,-0.000225522344628395,0.000310330438215317,-1.44202594339982e-05
9.82,0.0230548304037463,-0.000222494027997018,0.000306100256298651,-1.4221307657628e-05
9.83,0.0229879310829875,-0.00021950788077188,0.000301904636259273,-1.40268836676897e-05
9.84,0.0229218212360645,-0.000216457146604143,0.000297858394391937,-1.38305029003544e-05
9.85,0.0228565228000386,-0.000213552012747253,0.00029390004532619,-1.36353534959789e-05
9.86,0.0227919931283329,-0.000210580755569472,0.000289961944200123,-1.34463455655821e-05
9.87,0.0227282518064975,-0.000207754228901004,0.000286088495280349,-1.3259612585513e-05
9.88,0.0226652518738488,-0.000204860847990457,0.000282230440239477,-1.30786466123249e-05
9.89,0.02260301580096,-0.000202111478932459,0.000278435542457269,-1.28993919399906e-05
9.9,0.02254149899432,-0.000199294471579691,0.000274656253692667,-1.27253201347201e-05
9.91,0.0224807254432466,-0.000196620693002686,0.000270941512072809,-1.2552399933658e-05
9.92,0.0224206519105197,-0.000193878419611576,0.000267244448410527,-1.23841540767481e-05
9.93,0.0223613034701682,-0.000191278511401713,0.000263614273615543,-1.22166159334615e-05
9.94,0.0223026378995934,-0.000188609174470521,0.000260004021378832,-1.2053382054609e-05
9.95,0.0222446806573846,-0.000186081276475541,0.000256462560845623,-1.18905594327151e-05
9.96,0.0221873900255842,-0.000183482971443066,0.000252942409018502,-1.17318151843867e-05
9.97,0.0221307913250692,-0.000181025155291256,0.000249491874710191,-1.15733160627095e-05
9.98,0.0220748429445849,-0.000178495950186411,0.000246062899708591,-1.1418779266052e-05
9.99,0.0220195697785752,-0.000176106298282381,0.0002427032982495,-1.12644073891905e-05
10,0.0213502263731018,-0.00370133210099775,0.000239364589198353,-1.11139432017801e-05
10.01,0.0207389625392933,-0.00598532718285166,0.00442770707358276,0.000230812247028484
10.02,0.0200128743133816,-0.00820010135926813,0.0138891182206692,0.00073193528266558
10.03,0.0192419576165672,-0.010255017471824,0.0268405426302056,0.00132786406897885
10.04,0.0184604770474295,-0.0121896366646117,0.0423419412875462,0.00193476466429332
10.05,0.0176156865435917,-0.0139439259070008,0.0596346919153125,0.00249544783483954
10.06,0.0166118740006165,-0.0156373157165618,0.0780578518974741,0.00297100193964843
10.07,0.0153292944073025,-0.0171953779375335,0.0970618212135745,0.00333638082810882
10.08,0.013639103708297,-0.0187685903349168,0.116269991676408,0.00358241190568221
10.09,0.0114043026995301,-0.0202461502167232,0.135390974077924,0.00370651180105356
10.1,0.0085061130972528,-0.0217069764698317,0.154275870672146,0.00371609904808141
10.11,0.00485993303434329,-0.0232483116002456,0.17276939168106,0.0036174753141329
10.12,0.000365781230341033,-0.0246884202200218,0.190846888214601,0.00342311467234958
10.13,-0.00498797103787729,-0.0262075564086449,0.2085137666116,0.00314604262548375
10.14,-0.0112909350124124,-0.0275851876532858,0.22572581695211,0.00279353728123599
10.15,-0.0184843291574033,-0.0290230160279321,0.242436178854214,0.00237296333151489
10.16,-0.0266826525629236,-0.0302722759819847,0.258519618789379,0.00188552473820019
10.17,-0.0357553008783298,-0.0315630609864461,0.273934588491122,0.00133792802755562
10.18,-0.0458710792658776,-0.0326237418485298,0.28856468362612,0.000731384832206901
10.19,-0.0568171095862,-0.0337148116714399,0.302366382285626,7.17975397994108e-05
10.2,-0.0688411009410554,-0.034543539374634,0.315232534303067,-0.000639477474437041
10.21,-0.0816306042784194,-0.0353995871787391,0.327138745595912,-0.00139639060843072
10.22,-0.0955314595388017,-0.0359689680188848,0.338017136431769,-0.00219569625262426
10.23,-0.110110344772994,-0.0365683291241535,0.347882858153771,-0.00303084260426026
10.24,-0.125828908102168,-0.036861954359491,0.356708311465631,-0.00389822758754382
10.25,-0.142112865754122,-0.0371913804759177,0.364538747916074,-0.00479117561172714
10.26,-0.159188093744555,-0.0373853592202368,0.371409536362098,-0.00570673755103766
10.27,-0.177431863760716,-0.0372494780993881,0.377376634859504,-0.00663730994789626
10.28,-0.196026116632247,-0.0371611343812889,0.382445962459784,-0.00757834649184494
10.29,-0.215802995282238,-0.0367309327765921,0.386635267435221,-0.00852582702333604
10.3,-0.235764470961108,-0.0363586842090111,0.389995724538734,-0.00947350924064568
10.31,-0.256921671673045,-0.0356355696474634,0.39256578650901,-0.0104178262401103
10.32,-0.278080875926113,-0.034981861334304,0.394405782138801,-0.0113528573250126
10.33,-0.29974338188368,-0.0341915871924501,0.395562220121686,-0.0122759409559729
10.34,-0.322616290814799,-0.0330389882609807,0.396102417308399,-0.0131823512235192
10.35,-0.34519459228715,-0.0319743334012155,0.396074687107393,-0.0140701199422123
10.36,-0.369000819609631,-0.030542478268849,0.395511864112639,-0.0149384943295997
10.37,-0.392313908834046,-0.0292115136193786,0.394454338157887,-0.0157851795943997
10.38,-0.415901511029436,-0.0277535968192117,0.39292715756236,-0.0166102154242673
10.39,-0.440762390697111,-0.0259238037617748,0.390971987548645,-0.0174110883241601
10.4,-0.464836808240004,-0.0242160047653318,0.388578960825637,-0.0181875577322433
10.41,-0.49022905643012,-0.0221364263542634,0.385737700956421,-0.0189399246866596
10.42,-0.514646335676226,-0.0201937641042409,0.382442838305332,-0.0196667522172429
10.43,-0.539155797236613,-0.0181424256092959,0.378650342439096,-0.0203684751408735
10.44,-0.565070130583219,-0.0157231524168892,0.374356980989386,-0.0210424187070912
10.45,-0.58973916957645,-0.0134666291333429,0.369475928449754,-0.0216890668754064
10.46,-0.614419961541596,-0.0111192849165637,0.363913729038453,-0.0223097904244721
10.47,-0.640619571778376,-0.00841604047479702,0.357631244278883,-0.0229013773268904
10.48,-0.665324542136519,-0.00590760272243579,0.350462880930846,-0.0234653830430923
10.49,-0.689987167692213,-0.00333542906389475,0.342234028944458,-0.0240039005319468
10.5,-0.716313101086648,-0.000432058426819149,0.332873332139479,-0.0245106354045359
10.51,-0.740924053012243,0.00223341868281415,0.322179414737428,-0.0249845708819399
10.52,-0.765470735443647,0.00492208226410001,0.310004707313067,-0.0254228070930943
10.53,-0.791856845097616,0.0079027492615702,0.296412454716673,-0.025808439996163
10.54,-0.816335015166398,0.0105937470670668,0.281328015983763,-0.0261336004710973
10.55,-0.840751656127327,0.0132606935852192,0.264746411672635,-0.0263906365727766
10.56,-0.86720441389809,0.0161764808433424,0.246934227786892,-0.0265589813619498
10.57,-0.891571747870332,0.0187555288148989,0.22794509267796,-0.02662841738086
10.58,-0.915886287824965,0.0212710918109762,0.207850231433374,-0.026591180636407
10.59,-0.940142961118526,0.0237140403076232,0.187013587412437,-0.0264277914264157
10.6,-0.966670649808996,0.0263673580721671,0.165682620990738,-0.0261304107043116
10.61,-0.990820168453183,0.0286507009609144,0.144012604713752,-0.0256994727599554
10.62,-1.01483679347962,0.0308505131525746,0.122164757648415,-0.0251390685798454
10.63,-1.04119214573387,0.0332563592679726,0.100534501766394,-0.0244427763728713
10.64,-1.06480680122795,0.035299931154676,0.0792927803940516,-0.0236196426839235
10.65,-1.0880188393464,0.0372768203151493,0.0585810817420023,-0.0226842857498007
10.66,-1.11064781852289,0.0391996059209196,0.0387120314327346,-0.0216397459005502
10.67,-1.13522425721845,0.0413653296769246,0.0198089583915508,-0.0205004151227891
10.68,-1.15602640389276,0.0432236449143353,0.00183715338749232,-0.0192883106447307
10.69,-1.17548605765161,0.0450701441578916,-0.0152954472745679,-0.018028005568387
10.7,-1.19623453739875,0.0471909170750215,-0.0315254082394584,-0.0167317064073598
10.71,-1.21226038556037,0.04904038724319,-0.0470428190726505,-0.015422625277443
10.72,-1.22619912269135,0.0508970421916023,-0.0620851297890536,-0.0141247150952866
10.73,-1.24086255964088,0.0530250925269627,-0.0767175618892036,-0.0128478029223784
10.74,-1.25014131905651,0.0548818273927387,-0.0911923242215024,-0.011608478018195
10.75,-1.25993863743234,0.056983454947343,-0.105742914122445,-0.0104213335695224
10.76,-1.26418866889685,0.0587921810925582,-0.12046164512653,-0.00928835611787784
10.77,-1.26895676058215,0.060801907680055,-0.135472574647359,-0.00821431310175636
10.78,-1.25809054114525,0.0613160372678764,-0.150750745455862,-0.00719318280193757
10.79,-1.2484308755457,0.061992105890125,-0.165954522422938,-0.00620839902255619
10.8,-1.2371123072493,0.0625770134350174,-0.180312559341342,-0.00521741451238191
10.81,-1.22140967104806,0.0628458182737006,-0.19376258142937,-0.00422415105674873
10.82,-1.20735070920786,0.0632557019656291,-0.206264652502231,-0.00323470974800422
10.83,-1.19221383500786,0.0635744983922887,-0.217821895090253,-0.00225534135347012
10.84,-1.17346515853291,0.0635951586000595,-0.228497976119336,-0.00129511601746024
10.85,-1.15688282429421,0.063736349092084,-0.238278792491056,-0.000356676987544374
10.86,-1.13985274110109,0.0637855695469922,-0.247161172491321,0.000559141735799009
10.87,-1.12253673684024,0.0637439297611283,-0.255190896015521,0.00144942301144651
10.88,-1.10252708654563,0.0634321498138476,-0.262373782419243,0.00231583339826393
10.89,-1.0850466450791,0.0632225585901486,-0.268676618241141,0.00315956601220536
10.9,-1.06756508812081,0.0629320633908406,-0.274069792086137,0.00398122795215147
10.91,-1.04775460223933,0.0624024280536921,-0.278563260090446,0.00477840022405786
10.92,-1.0304125628511,0.0619734983054544,-0.282143414345628,0.00555067210442924
10.93,-1.01311869195822,0.0614823854049313,-0.284813728607064,0.00629747567590414
10.94,-0.993673359192061,0.060789231332309,-0.286633503968834,0.00701657837490638
10.95,-0.976500995296163,0.0602005859283435,-0.287647957655921,0.00770724359066952
10.96,-0.959341562457977,0.0595703939211622,-0.287917842581519,0.0083698057856385
10.97,-0.942185125145247,0.05890480554109,-0.287525532170534,0.00900259451157324
10.98,-0.923063491397308,0.0580837712876042,-0.286542295594872,0.00960509872388177
10.99,-0.905957692596417,0.0573686924174151,-0.285049131463733,0.010177806437629
11,-0.888851951277414,0.0566328129685778,-0.283118279958873,0.0107212607047831
11.01,-0.86995905126231,0.0557686070837496,-0.280832373439314,0.0112352324218199
11.02,-0.852931908581194,0.0550058507951678,-0.278269054432004,0.0117200009291668
11.03,-0.834248050523391,0.0541285121303436,-0.275498109458995,0.0121764543471312
11.04,-0.817340253925506,0.0533469722374067,-0.272581895948516,0.0126053953445706
11.05,-0.800480635049731,0.0525554245982191,-0.269567955372557,0.0130078081524438
11.06,-0.782159530397292,0.0516653262398593,-0.266505616711247,0.0133839297542287
11.07,-0.765482096685086,0.0508595200405456,-0.263421426968561,0.0137346762750765
11.08,-0.748883959638733,0.0500445289898271,-0.260335962888547,0.0140608780274691
11.09,-0.731011588986638,0.0491431243165672,-0.257267916688886,0.0143630225085994
11.1,-0.714649064086467,0.0483133748131509,-0.25422723899772,0.0146417479333909
11.11,-0.69712957784108,0.0474040103617334,-0.251215925079439,0.0148976538751913
11.12,-0.681029918346514,0.0465582386330366,-0.248230379844387,0.0151311729697496
11.13,-0.665045744884075,0.0457022443297676,-0.245263528033432,0.0153426116930422
11.14,-0.648071780550496,0.0447765928140159,-0.242307236514862,0.0155320133675765
11.15,-0.632382978240803,0.0439035482453237,-0.239346504271812,0.0156995240545729
11.16,-0.615809310391968,0.042967396143251,-0.236363762813773,0.0158452545497037
11.17,-0.600432442250336,0.042077864137158,-0.233341706756548,0.0159691710323017
11.18,-0.585195088830248,0.0411791673257863,-0.230264101993075,0.0160710950097783
11.19,-0.569226551865195,0.0402279165556306,-0.227116415218041,0.0161508475035369
11.2,-0.554331809186723,0.0393160426750956,-0.223881815937017,0.0162084131006525
11.21,-0.538807720637214,0.038358745319396,-0.220542419356061,0.0162438963213434
11.22,-0.524282525380475,0.0374372893417049,-0.217085759508505,0.0162569765902979
11.23,-0.509230168951565,0.0364777910874239,-0.213478838408137,0.0162481989430635
11.24,-0.495109777848986,0.0355518123244964,-0.209688940757778,0.0162179795223608
11.25,-0.480565242072688,0.0345958724366088,-0.205707688640986,0.0161654248732564
11.26,-0.466893181269027,0.033672194654574,-0.201540536187105,0.016089485776375
11.27,-0.453446219353173,0.0327510753820323,-0.197192308141166,0.0159895040385214
11.28,-0.43973363970527,0.0318115016400242,-0.192678582888413,0.0158655299960151
11.29,-0.426824299118438,0.0309022152199952,-0.188019274338676,0.01571737764822
11.3,-0.413753464580724,0.0299809735578459,-0.183216879652372,0.0155450179846355
11.31,-0.401443849541145,0.0290888500146965,-0.178269933245839,0.015348687919784
11.32,-0.389068562266121,0.0281910786177278,-0.173184751134799,0.015128193961041
11.33,-0.37741355969091,0.0273216739291157,-0.167964527790719,0.0148840481100416
11.34,-0.36577882991913,0.0264525673074224,-0.162622482846168,0.0146169493905862
11.35,-0.354822314471543,0.0256112943319424,-0.157174758583812,0.0143275777786581
11.36,-0.343959719189095,0.0247757089165213,-0.151632034842661,0.0140167512267307
11.37,-0.333730983068206,0.0239675143150839,-0.146007006823733,0.0136858585429483
11.38,-0.323656123824777,0.0231699262236095,-0.140320828597178,0.013336163048625
11.39,-0.314167073480648,0.0223992483242256,-0.134607529377824,0.0129699616536888
11.4,-0.304876911557358,0.0216431551133607,-0.128891258250448,0.0125892360235878
11.41,-0.296120481348525,0.0209131275759168,-0.123189087514015,0.0121957418138427
11.42,-0.287593023196501,0.0202009579126354,-0.117519009464109,0.0117913935109213
11.43,-0.279543813230938,0.019513991093901,-0.111896572909428,0.0113784898147458
11.44,-0.271740257952013,0.0188476166039827,-0.106339035440114,0.0109586399708197
11.45,-0.264357682071044,0.0182055452020612,-0.100866133665552,0.0105339120214589
11.46,-0.25728302648298,0.0175859619890553,-0.0955022494385871,0.0101063862600183
11.47,-0.250460984581403,0.0169897543212432,-0.090262418834979,0.00967811527370313
11.48,-0.24397531550709,0.0164160421107053,-0.0851599315900472,0.00925060882806386
11.49,-0.237735588247531,0.0158668063256852,-0.0802062176441313,0.00882532337604416
11.5,-0.231777584120073,0.0153387530176493,-0.0754153019099076,0.00840397579568945
11.51,-0.226055538031725,0.0148356337537541,-0.070802100923706,0.00798819020295691
11.52,-0.220565925043347,0.0143520786406968,-0.0663706811563336,0.00757952954935276
11.53,-0.215301006534858,0.013893346074897,-0.0621249419842981,0.00717916104420599
11.54,-0.210226261530677,0.0134524447058576,-0.0580719960404467,0.00678819243778233
11.55,-0.205366664153843,0.0130357229819375,-0.0542160136386478,0.0064074529080042
11.56,-0.200663279778182,0.0126348723602724,-0.0505605524302413,0.00603808342015798
11.57,-0.196168242331733,0.0122570537321234,-0.0471072456731744,0.00568083344657652
11.58,-0.191802779716497,0.0118930002946048,-0.0438539013558727,0.00533652046763503
11.59,-0.187640856441049,0.0115505110791545,-0.0407948491499016,0.00500565729261567
11.6,-0.183587822082147,0.0112197834927186,-0.0379185657703554,0.00468907912857349
11.61,-0.179734484299567,0.0109091467543716,-0.0352224512422042,0.00438702700847247
11.62,-0.175973459146436,0.0106084401744933,-0.0327038319003417,0.00409989197002781
11.63,-0.172407909941477,0.0103262328587284,-0.030356308350728,0.00382781151543876
11.64,-0.168920485928465,0.0100522549057064,-0.028169802442278,0.00357087207213942
11.65,-0.165622580381561,0.00979527770053507,-0.0261351306024076,0.00332897638749448
11.66,-0.162389283180773,0.00954515552999069,-0.0242408064514412,0.00310211615986812
11.67,-0.159337190588101,0.00931074950547619,-0.0224773478093689,0.00289004987232849
11.68,-0.156336631563668,0.00908214351345878,-0.0208377654422651,0.00269252394566069
11.69,-0.15350704453161,0.00886810041475021,-0.0193170980225861,0.00250911020263852
11.7,-0.150716278877357,0.00865897284743913,-0.0179069528367488,0.00233939703547514
11.71,-0.148084690338963,0.00846335467095777,-0.0165995994421598,0.0021828268450598
11.72,-0.145480059227896,0.00827197181844033,-0.0153865246369303,0.00203886863885757
11.73,-0.143022612087264,0.00809317257074757,-0.0142611199549531,0.00190686365360074
11.74,-0.14058203019759,0.0079180795373843,-0.0132171166357763,0.00178615437497338
11.75,-0.138216402306,0.00775068513825966,-0.0122497680682783,0.00167598922290253
11.76,-0.135981418836248,0.00759457677117965,-0.0113533666545893,0.00157571389182562
11.77,-0.133751860680666,0.00744151564797183,-0.0105247743404457,0.00148459961493937
11.78,-0.131643083255836,0.00729888619736076,-0.00976091745810655,0.00140190059015623
11.79,-0.12953428422112,0.00715886017483925,-0.00905797974510478,0.00132694796852585
11.8,-0.127537434949201,0.00702839583113386,-0.00841293144101704,0.00125905592110464
11.81,-0.125536583010631,0.00690009461418321,-0.00782241246431646,0.00119761234409735
11.82,-0.123639611510735,0.00678048638033211,-0.00728364682801184,0.00114200486852829
11.83,-0.121735748916922,0.00666260446095232,-0.00679353105718732,0.00109169833799068
11.84,-0.119928373192709,0.0065525551879831,-0.0063494173720282,0.00104617190792444
11.85,-0.118111948664234,0.00644380921776373,-0.00594841545166854,0.00100494886621851
11.86,-0.116384838284818,0.00634207024771476,-0.00558769146815116,0.000967570236858635
11.87,-0.114646835245199,0.00624125064879422,-0.00526437656016037,0.000933628203508238
11.88,-0.112991094343847,0.00614667176529568,-0.00497611633707782,0.000902713921815792
11.89,-0.111322869539071,0.00605267536757385,-0.00472054702968646,0.00087444333175335
11.9,-0.109730065802721,0.0059642197979863,-0.00449423574954609,0.000848493210078491
11.91,-0.108123501013386,0.00587607991363571,-0.00429449566398776,0.000824560545302862
11.92,-0.106585881866778,0.00579287097049137,-0.00411939009089353,0.000802356880214478
11.93,-0.105033657228769,0.00570976834867609,-0.00396700948343902,0.000781650350796468
11.94,-0.103544456515535,0.00563104636822473,-0.00383565193915617,0.000762244066301812
11.95,-0.102040338391423,0.00555226045960946,-0.00372354634941362,0.000743990134147476
11.96,-0.100593991704892,0.00547735883116235,-0.00362921772512925,0.000726765095912153
11.97,-0.0991329799261527,0.0054022571412427,-0.00355120736537495,0.000710478628969866
11.98,-0.0977251959390975,0.00533059074039575,-0.00348813575892144,0.000695062198876394
11.99,-0.096303525538648,0.00525861745985453,-0.00343865495142279,0.000680468614256072
12,-0.0949010540901751,0.00518806311562353,-0.00340151479503477,0.000666662981798523
12.01,-0.0935461967215412,0.00512034930971394,-0.00337551819359972,0.000653621870818343
12.02,-0.092179356241191,0.0050522246350107,-0.00335950394154565,0.000641330402473689
12.03,-0.0908570352971125,0.00498660378279508,-0.00335233396357234,0.000629780479370294
12.04,-0.0895242953400439,0.00492053411208505,-0.00335291768437424,0.00061896606031973
12.05,-0.0882333155434463,0.00485667648673745,-0.00336016635687669,0.000608885090623059
12.06,-0.086933540650902,0.00479236057626533,-0.00337306041122012,0.00059953262165461
12.07,-0.0856729990562215,0.00473000946917382,-0.0033905782542007,0.000590905676678418
12.08,-0.0844052509118702,0.00466721845556587,-0.00341179578745034,0.000582994763993863
12.09,-0.0831743388538824,0.00460618840830477,-0.00343578990682386,0.000575791410852245
12.1,-0.0819376881380487,0.0045447627097251,-0.00346176451256361,0.000569278283638092
12.11,-0.08073555864559,0.00448493296128852,-0.00348907986549823,0.000563430932050882
12.12,-0.0795290280083174,0.0044247706952857,-0.00351699117301945,0.000558218468888232
12.13,-0.0783547902224289,0.00436607335815713,-0.00354460249281152,0.000553617046090457
12.14,-0.0771773658975992,0.00430712706195952,-0.00357151130157501,0.000549585971143244
12.15,-0.076030102942152,0.00424954448638277,-0.00359744168540652,0.000546084217229085
12.16,-0.0748807678216874,0.00419180150900524,-0.00362207327802457,0.000543072816944975
12.17,-0.0737595847536001,0.00413533783778128,-0.00364503123445262,0.00054052381491473
12.18,-0.0726373646267024,0.00407880467486808,-0.00366616835166112,0.000538401485703536
12.19,-0.0715414242168722,0.00402347966468253,-0.00368536423470701,0.000536676221104399
12.2,-0.0704454206186842,0.0039681706031695,-0.00370266007689405,0.00053530987559289
12.21,-0.0693739740316683,0.00391400308206592,-0.00371803538664246,0.000534271615903671
12.22,-0.0683033885763162,0.0038599261086055,-0.00373158779621379,0.000533523825166964
12.23,-0.0672557866689303,0.00380692527406574,-0.00374333067056429,0.000533037928891497
12.24,-0.0662099194913504,0.00375407766846202,-0.00375338591533823,0.000532779488392724
12.25,-0.065185598172075,0.00370224114882304,-0.003761782515836,0.000532723663597781
12.26,-0.0641638249486345,0.00365060897441107,-0.00376865046369958,0.00053283998477556
12.27,-0.0631541247029412,0.00359958962293074,-0.00377401979848012,0.000533107636693314
12.28,-0.0621640128721337,0.00354948258670747,-0.00377807958830069,0.000533497563363672
12.29,-0.0611775167248672,0.00349963694845548,-0.00378083720703352,0.000533992347293534
12.3,-0.0602094317056485,0.00345064047266276,-0.00378228778747382,0.000534577990544651
12.31,-0.0592455910309209,0.00340193301016158,-0.00378253060462238,0.000535233549353475
12.32,-0.0582990466649349,0.00335401481474375,-0.00378156241982771,0.000535946988897383
12.33,-0.0573572738618342,0.00330640745207241,-0.00377944761276695,0.000536701524359937
12.34,-0.0564317430406982,0.00325953341521991,-0.00377618574945271,0.000537488635199457
12.35,-0.0555114328443427,0.00321298754353457,-0.0037718837783609,0.00053829300462783
12.36,-0.0546063809786181,0.0031671228773038,-0.00376651502571597,0.000539108746717336
12.37,-0.0537069348118928,0.00312160060287964,-0.00376012842268289,0.000539924135601089
12.38,-0.0528218315536186,0.00307671310839799,-0.00375269218508485,0.000540734195279822
12.39,-0.051942678010044,0.00303218067984212,-0.0037442673836533,0.000541527557295278
12.4,-0.0510770546007508,0.00298824147133279,-0.00373483906524938,0.000542299456049482
12.41,-0.0502177144489169,0.00294466799170123,-0.00372446424315501,0.000543039959769747
12.42,-0.0493711953284768,0.00290165039442156,-0.00371315393120733,0.000543745468140086
12.43,-0.0485312835456089,0.00285900714539901,-0.00370096190281719,0.000544407363443247
12.44,-0.0477035778715811,0.00281688624082661,-0.00368782507658761,0.000545025198645474
12.45,-0.0468827890545134,0.00277514776499342,-0.00367379986271433,0.00054559129070216
12.46,-0.0460736694729746,0.00273390275917498,-0.00365888263364655,0.000546103484483676
12.47,-0.0452717537313037,0.00269304724238423,-0.00364314269832089,0.000546555246281411
12.48,-0.0444810326015403,0.00265265963551923,-0.00362658170294717,0.000546946359784186
12.49,-0.0436977711191586,0.00261266730288897,-0.00360926238725035,0.000547272771652147
12.5,-0.0429252762708119,0.00257312025746342,-0.00359117764516823,0.000547535944368396
12.51,-0.042160460007417,0.00253397321128581,-0.00357238098262996,0.000547733482413629
12.52,-0.0414060179766462,0.00249525155817611,-0.00355289689618853,0.000547868117229008
12.53,-0.0406594331289929,0.00245693327760064,-0.00353277197999927,0.000547938984315372
12.54,-0.0399219380194387,0.00241902628278108,-0.00351191922410051,0.000547950031424355
12.55,-0.0391942715874123,0.00238152013556763,-0.0034903127766796,0.000547899763472889
12.56,-0.0384746462598313,0.00234442438626879,-0.00346784345500975,0.000547790723894981
12.57,-0.0377645113488239,0.00230772069301758,-0.0034443979842011,0.00054762611628579
12.58,-0.0370624912857815,0.00227143663993094,-0.00341994276257849,0.000547404167572303
12.59,-0.0363696310375268,0.00223554054340102,-0.00339464848764542,0.000547126768128249
12.6,-0.0356849165785444,0.00220007406987076,-0.00336809300647099,0.00054679072656723
12.61,-0.0350090502934677,0.00216499750377007,-0.00334032734453719,0.000546395316163632
12.62,-0.0343413387474856,0.0021303650278729,-0.00331139572968061,0.00054593597353862
12.63,-0.0336821883334899,0.0020961266914373,-0.00328137422847623,0.00054541119597177
12.64,-0.0330311804203474,0.00206234377279069,-0.00325041350901908,0.000544816852748839
12.65,-0.0323884660668936,0.00202895654724146,-0.00321864709609075,0.000544152496317399
12.66,-0.0317538632813044,0.00199602910388596,-0.00318649399793799,0.000543417366124712
12.67,-0.0311273012153466,0.00196349145888951,-0.00315382027101256,0.000542614775339325
12.68,-0.0305087910569775,0.00193141539094836,-0.00312034517759342,0.000541744136357355
12.69,-0.0298980709077359,0.00189973039634021,-0.0030861333808687,0.000540807774606893
12.7,-0.0292953161894092,0.0018685111241766,-0.00305129589434407,0.0005398091381116
12.71,-0.0287001061573857,0.00183768302766461,-0.00301594413480734,0.000538749640671677
12.72,-0.0281127544165738,0.00180732065718597,-0.00298036532105858,0.000537630553379355
12.73,-0.0275327107072263,0.0017773430759362,-0.00294480541692672,0.000536456780888217
12.74,-0.026960403518081,0.00174782176990388,-0.00290943738973806,0.000535230994253543
12.75,-0.0263951788300618,0.00171867186052204,-0.00287438721548193,0.000533957734737008
12.76,-0.0258375600016372,0.00168996314055125,-0.00283975514362523,0.000532639825907065
12.77,-0.0252868120328227,0.00166160909329539,-0.00280563156228715,0.000531283553942761
12.78,-0.0247435341382989,0.00163367776650598,-0.00277209095635106,0.000529894547769433
12.79,-0.0242069289651772,0.00160608224239914,-0.00273918014098596,0.000528480141830231
12.8,-0.023677654452074,0.00157888856714707,-0.00270699131270568,0.000527046522400372
12.81,-0.0231552620701336,0.00155204619594908,-0.00267572082710735,0.000525602356694308
12.82,-0.0226392666489241,0.00152551058764534,-0.00264474103228116,0.000524152290425849
12.83,-0.0221303845828409,0.00149934876169463,-0.00261410041197251,0.000522701839130194
12.84,-0.0216277281631312,0.0014734816049823,-0.00258381924904258,0.000521254425549467
12.85,-0.0211320381728743,0.00144797458207194,-0.00255393268709821,0.000519811368813458
12.86,-0.0206424139296821,0.00142275044821335,-0.00252447221963425,0.000518374569118124
12.87,-0.020159612253309,0.00139787191548284,-0.00249547291177908,0.000516944821691999
12.88,-0.0196827287450443,0.00137326402390514,-0.00246694183271496,0.000515523776632181
12.89,-0.0192125243448951,0.00134898706601564,-0.00243888055266617,0.000514112162636254
12.9,-0.0187480970482676,0.00132496919073087,-0.00241126576720568,0.000512711356523937
12.91,-0.0182902062943988,0.00130126862488572,-0.00238407312212046,0.000511321766740963
12.92,-0.0178379624768112,0.00127781717001687,-0.00235725306831756,0.000509944611177044
12.93,-0.0173921175600995,0.00125467125425746,-0.002330776097271,0.000508580128258237
12.94,-0.01695179918128,0.00123176660193774,-0.00230458758590356,0.000507228212524129
12.95,-0.0165177460781463,0.00120915778895008,-0.00227865120975629,0.000505887728917868
12.96,-0.0160891074638503,0.00118678444045492,-0.00225293055373899,0.000504557861790074
12.97,-0.0156666036123276,0.00116469905911616,-0.00222739756613002,0.000503237121767662
12.98,-0.0152494083334336,0.00114284498861573,-0.00220202070010633,0.000501924395895584
12.99,-0.0148382189940586,0.00112127251293913,-0.00217677778053016,0.000500618048949396
13,-0.0147632232736541,-0.0024112600953253,-0.00215164441515203,0.000499316855261907
13.01,-0.0149464109258242,-0.00473005306657022,-2.50570472141706e-05,0.000583466749076309
13.02,-0.0152999317102394,-0.0070011228628197,0.00728142075920211,0.000908490597120436
13.03,-0.0157565187907602,-0.00913298775724478,0.0182687191389494,0.00134342428461564
13.04,-0.0162815448678817,-0.0111627563216347,0.0320764406211322,0.00180966380747531
13.05,-0.0169256630311185,-0.0130273012395183,0.0479614700001002,0.00225104530486025
13.06,-0.0177816405733928,-0.0148430161530878,0.0652706704263372,0.00262855267685918
13.07,-0.0189661732678035,-0.0165325069688847,0.0834449080429834,0.00291611942615861
13.08,-0.0206046187145086,-0.0182435857910588,0.102092725824428,0.00310329664023932
13.09,-0.0228304746764056,-0.019862853605398,0.120918324985752,0.00318685187546724
13.1,-0.0257588695928881,-0.0214669741172696,0.139745244940471,0.00317220576215383
13.11,-0.0294707771053275,-0.0231512398171902,0.158380341543801,0.00306291647584252
13.12,-0.0340629028292749,-0.0247322103371102,0.176766732717091,0.00286849153753841
13.13,-0.0395435739832255,-0.0263888381266975,0.194879010511394,0.00260002988740885
13.14,-0.0459993750094911,-0.0278994651405738,0.212640078383412,0.00226285332315432
13.15,-0.0533681220479068,-0.0294650241728561,0.229982309040473,0.00186405000436095
13.16,-0.061760618008261,-0.0308359681297355,0.246732960693414,0.0014028592252258
13.17,-0.0710431566483747,-0.0322425179133323,0.262768371528061,0.000881750362300257
13.18,-0.0813820229897235,-0.033413458881941,0.277941102671123,0.000301230452750955
13.19,-0.092561980803028,-0.0346102075127813,0.292181482076201,-0.000332859584274175
13.2,-0.104828705005699,-0.0355409212200931,0.305379636212333,-0.00101814983409397
13.21,-0.117867584567673,-0.0364962783460093,0.317525466119673,-0.00174819260737283
13.22,-0.132022736471922,-0.037162996193877,0.328559320510822,-0.00251964920455517
13.23,-0.146859236813315,-0.0378585583769286,0.338504413882177,-0.00332722075739074
13.24,-0.162837784663343,-0.0382478156359494,0.347344923910959,-0.004166436982962
13.25,-0.179382608579031,-0.0386730752424799,0.35511199515701,-0.00502942349531353
13.26,-0.19671818434699,-0.0389639974841197,0.361806104970194,-0.0059111229328532
13.27,-0.215220603895913,-0.038927253981267,0.367477165605211,-0.00680408549658046
13.28,-0.234070185466984,-0.0389414985253458,0.372142017017578,-0.00770308454440861
13.29,-0.254098381305487,-0.038618172081498,0.375830214426309,-0.00860351892528049
13.3,-0.274306021579412,-0.0383581230273903,0.378609022840597,-0.00949959425724249
13.31,-0.295704245336314,-0.0377531162939298,0.380528098597532,-0.0103878300736234
13.32,-0.317098631493933,-0.0372241354525349,0.381677644570685,-0.0112632297117287
13.33,-0.338990638538117,-0.0365653633793677,0.382129809388393,-0.0121226054716978
13.34,-0.362087759526248,-0.0355509449553319,0.381983156114193,-0.012962718699639
13.35,-0.384884773260271,-0.0346311223871305,0.381287856160085,-0.0137817751635984
13.36,-0.408905117152468,-0.0333502333212869,0.380115136554905,-0.0145796567332502
13.37,-0.432427695810963,-0.0321758209734792,0.378530913403978,-0.0153550538914659
13.38,-0.456220725690756,-0.03087909579753,0.376567753541495,-0.0161073091218315
13.39,-0.481283379281454,-0.0292140306853912,0.374293676299456,-0.0168349306584223
13.4,-0.505555497650501,-0.0276733725070149,0.371731289027769,-0.0175379415072145
13.41,-0.531141470262416,-0.0257615290624182,0.368889717710685,-0.0182163957703123
13.42,-0.555747408262671,-0.0239856476202692,0.36578704183763,-0.0188692335407139
13.43,-0.580439461117612,-0.0220979149909111,0.362410227798955,-0.019496346244341
13.44,-0.606528826192091,-0.019836666832789,0.358779310759828,-0.0200959714288558
13.45,-0.631362952702493,-0.0177300357307192,0.35487022967877,-0.0206687223871099
13.46,-0.656196051625167,-0.0155209271778689,0.35064080234949,-0.021215467717036
13.47,-0.682531584202313,-0.0129404231822697,0.346082636157619,-0.0217342759654302
13.48,-0.707351520822202,-0.0105352155451371,0.341102398852107,-0.0222261161136877
13.49,-0.73210217220193,-0.00804155017002531,0.335590273507062,-0.0226922042487168
13.5,-0.758482360903867,-0.0051865212425313,0.329488498724609,-0.023129845550118
13.51,-0.783106640467949,-0.00253388879084893,0.32262739957432,-0.0235404748291962
13.52,-0.807617688885117,0.000183291360337179,0.314820105723041,-0.0239264786186642
13.53,-0.83391256878378,0.0032383703292285,0.305954950805298,-0.0242839143255036
13.54,-0.858239768714821,0.00605198152690664,0.295767827641936,-0.0246137327727961
13.55,-0.882442433806665,0.00889065836105296,0.284069772775137,-0.0249144521478425
13.56,-0.908616714205741,0.0120258473085937,0.270882328964379,-0.025171534570624
13.57,-0.932642229463737,0.0148682341073634,0.256118029878085,-0.0253767674363735
13.58,-0.956552974154332,0.0176866750160881,0.239747849579534,-0.0255209313406351
13.59,-0.980346353511837,0.0204661017434164,0.221966864035288,-0.0255810053457161
13.6,-1.00635338296616,0.023482245068312,0.202908943047799,-0.0255411373218226
13.61,-1.02992802168519,0.0261461661648962,0.182650447970504,-0.0253910191348596
13.62,-1.0533171683298,0.0287360266050045,0.161399216753439,-0.0251266113285881
13.63,-1.07899426994214,0.0315334286450137,0.13955974899379,-0.0247331851643357
13.64,-1.10188318720283,0.0339617707237408,0.117322714451307,-0.0242096848142757
13.65,-1.1243236258758,0.0363093345428288,0.0949167996386029,-0.0235617430535569
13.66,-1.1461371715606,0.0385822221545128,0.0727494460233244,-0.0227858845877848
13.67,-1.16985503241607,0.0410721216271754,0.0510456863537333,-0.0218890491074677
13.68,-1.18975688663545,0.0432239929413912,0.0298798528113818,-0.0208866735041679
13.69,-1.20827357417991,0.0453303100154022,0.00927211662842757,-0.0197973641531673
13.7,-1.22803513596004,0.0476751807301861,-0.0106021085727422,-0.0186308870678996
13.71,-1.24302946124935,0.0497117248318966,-0.0298146338753566,-0.0174080920573816
13.72,-1.25589019839202,0.0517188122804888,-0.0484865030857822,-0.0161524525005682
13.73,-1.26942779847742,0.0539619536924302,-0.0665987132582182,-0.0148754261825823
13.74,-1.27753181525621,0.0559001887107075,-0.0843141772515447,-0.0135959941236691
13.75,-1.28610444220579,0.0580528493057848,-0.101801416226938,-0.0123316979174131
13.76,-1.28907879176714,0.0598851827391226,-0.119105468869183,-0.01108930440035
13.77,-1.29252059092637,0.0618951032737406,-0.136323684530224,-0.00987810057904341
13.78,-1.28027300190875,0.0623895125099042,-0.153430305493798,-0.00869766293643193
13.79,-1.26918269605157,0.0630298211190007,-0.170119450131779,-0.00753774449320594
13.8,-1.2563860304503,0.0635657617299152,-0.185698935931602,-0.00636548361149273
13.81,-1.23916067577733,0.0637745873009189,-0.200152510083112,-0.00519004586730313
13.82,-1.223539681005,0.0641160618122724,-0.2134116478888,-0.00401741808687873
13.83,-1.20680375028549,0.0643605351719659,-0.225450034934319,-0.00285285468829473
13.84,-1.18642078088642,0.064303388479344,-0.236373870765129,-0.0017079530193716
13.85,-1.16817357109832,0.0643656233257919,-0.24621182256744,-0.000587747669364548
13.86,-1.14944952321903,0.0643363568234791,-0.25499258018515,0.000506344878171086
13.87,-1.13041298586596,0.0642179938700218,-0.262803418551289,0.00157034089207192
13.88,-1.1086580032871,0.0638323162752988,-0.269644388587851,0.00260314401588872
13.89,-1.08941219055104,0.0635530421044783,-0.275504238211119,0.00360409712808908
13.9,-1.07014698844425,0.063197815813578,-0.280372587649864,0.00457307299345049
13.91,-1.04853602480882,0.06260905696611,-0.284268982920244,0.00550799618950105
13.92,-1.02938090774695,0.0621274776158675,-0.287197403980286,0.00640740870347694
13.93,-1.0102626252634,0.0615905520865366,-0.28916761182395,0.0072703798547402
13.94,-0.991173859639006,0.0610059137190965,-0.290224626475222,0.00809460701032896
13.95,-0.969969618128479,0.0602397520407566,-0.290434669628708,0.00887875726887798
13.96,-0.950964389495159,0.0595872834782824,-0.289877084181478,0.00962227398784564
13.97,-0.931959021818077,0.0589078747778767,-0.288639176419948,0.010324788230687
13.98,-0.910985919364277,0.0580813865029067,-0.28681240519867,0.0109865131466631
13.99,-0.892028866879023,0.0573693937433901,-0.284486671233941,0.0116075625588666
14,-0.873072988974366,0.0566447110537429,-0.281771818465498,0.0121883236074376
14.01,-0.8523318386416,0.055799116745963,-0.278765689711737,0.0127305154178698
14.02,-0.833460825780615,0.0550619273999144,-0.275547743958431,0.0132358589571575
14.03,-0.812936719452328,0.0542162515699273,-0.272189491474531,0.0137059491996723
14.04,-0.794194011403892,0.0534719871722441,-0.268754102992186,0.0141428015328674
14.05,-0.775504883378881,0.0527224957661819,-0.265297228504786,0.0145481913074739
14.06,-0.755359797645616,0.0518784026466757,-0.261864703755552,0.0149235269412413
14.07,-0.73686554405104,0.0511219669696689,-0.258487729298146,0.0152703851076076
14.08,-0.718457500366691,0.0503588158658017,-0.255192839355897,0.0155903705132853
14.09,-0.698782002117288,0.0495107828656231,-0.252005826029793,0.0158845762617814
14.1,-0.680624660430859,0.0487351318501503,-0.248944751304201,0.0161539620079272
14.11,-0.661318357543479,0.0478794276187467,-0.24601824126166,0.0163995421701874
14.12,-0.643441496448702,0.0470859433350336,-0.243225562809891,0.01662240015347
14.13,-0.62569008022021,0.0462797061879736,-0.240560693582389,0.0168233804499803
14.14,-0.606959396160775,0.0454001434312278,-0.238014746145244,0.0170031756618121
14.15,-0.589526203879721,0.0445685353561489,-0.235575840406559,0.0171624245364134
14.16,-0.571221020525901,0.0436679383303391,-0.233228148121407,0.0173016420242416
14.17,-0.554127551437318,0.0428070484415541,-0.230954213565151,0.0174212361904343
14.18,-0.537189656684978,0.0419289076938535,-0.228736586352647,0.0175214862767126
14.19,-0.519537982098946,0.0409889915959661,-0.226556774686954,0.0176026538178726
14.2,-0.50297980828144,0.0400782626181511,-0.224395227856375,0.0176650937464417
14.21,-0.485813638592962,0.0391107773234304,-0.22223671828357,0.0177090483068722
14.22,-0.469670273736222,0.0381668104359894,-0.220065212964207,0.0177348255286353
14.23,-0.453025618802419,0.0371713042286684,-0.217866187333937,0.017742617396444
14.24,-0.437341741318372,0.0361945325231584,-0.215624452671511,0.0177327132998228
14.25,-0.421265224996848,0.0351716554035922,-0.213309088217095,0.0177062515970948
14.26,-0.406095442734875,0.0341639740212595,-0.210886850427925,0.017664072392938
14.27,-0.391187324749639,0.0331411607871902,-0.208329987907272,0.0176063040849895
14.28,-0.376052778560735,0.0320819170371271,-0.20562029284127,0.017532732155742
14.29,-0.361763182014714,0.0310350351131502,-0.202747780612921,0.0174429227456548
14.3,-0.347356997332357,0.0299584553449272,-0.199716437997468,0.0173371973614024
14.31,-0.33375903020328,0.0288933884603633,-0.196521620567645,0.0172164258973772
14.32,-0.320145340726789,0.0278053999943911,-0.193140551577745,0.0170811085050287
14.33,-0.307303214741522,0.0267291595620102,-0.189543380065652,0.0169314335821929
14.34,-0.29453571945611,0.0256376136424556,-0.185703788596898,0.0167674904981781
14.35,-0.282501570273077,0.0245597154741238,-0.181594192625621,0.0165893240002827
14.36,-0.270619462086957,0.0234751671870437,-0.177192884530044,0.0163968887023293
14.37,-0.259429182547732,0.0224077715781645,-0.172479446890203,0.0161900026127786
14.38,-0.248453741464621,0.0213432560609317,-0.167440057475693,0.0159681979007185
14.39,-0.238124164358426,0.0203007342809972,-0.162071645971709,0.0157307544614712
14.4,-0.228056682677591,0.0192710416842523,-0.15638350389925,0.0154767211489417
14.41,-0.218584738817452,0.0182687614162723,-0.150393514078458,0.0152052016737434
14.42,-0.209406722506602,0.0172888631845898,-0.144126883269891,0.0149151055554292
14.43,-0.20076993516825,0.0163416335146348,-0.137615268886736,0.0146056204577187
14.44,-0.192445101159002,0.0154252975990587,-0.130901680805862,0.0142760261136285
14.45,-0.184604843139692,0.0145460445567602,-0.12402979964443,0.013925889569729
14.46,-0.177137877139087,0.0137043454174591,-0.117055590873163,0.0135551123800163
14.47,-0.169990843936487,0.0129030277606216,-0.110029834178817,0.013163905085018
14.48,-0.163244405741857,0.0121426935023591,-0.103003510062024,0.0127527587919872
14.49,-0.156811517769365,0.0114264888980898,-0.0960387712290535,0.0123226187364587
14.5,-0.150723949960009,0.010751690369217,-0.0891912776299835,0.0118749440222145
14.51,-0.144939145913746,0.0101223094519824,-0.0825254134618796,0.0114117526540563
14.52,-0.139449169091636,0.00953259198912387,-0.0760970166218297,0.0109355495102132
14.53,-0.134249074906107,0.00898708232805885,-0.0699457034563547,0.0104488934759185
14.54,-0.129299485354698,0.00847772715477516,-0.0640961776747212,0.00995421921361399
14.55,-0.12462796790436,0.00800970338939667,-0.0585818365373039,0.00945425003348089
14.56,-0.120170384969033,0.00757312183303491,-0.0534296099010458,0.00895231826377261
14.57,-0.115981194542369,0.00717354115291838,-0.0486485199533992,0.00845131470119127
14.58,-0.111976273464899,0.00679994036780478,-0.0442408867139455,0.0079541543633825
14.59,-0.108231679440335,0.00645842610087083,-0.040201411672672,0.00746402365340586
14.6,-0.104647078459234,0.00613743404559153,-0.0365162576771934,0.0069840837119349
14.61,-0.101315041056427,0.00584368285813435,-0.0331694677725107,0.00651676515886124
14.62,-0.098122445977058,0.0055654889135903,-0.0301433221466824,0.00606444510097197
14.63,-0.0951739535979481,0.00531008227461274,-0.027421009893603,0.00562892598490983
14.64,-0.0923464576795983,0.00506592512779225,-0.0249767173667364,0.00521186852260575
14.65,-0.0897527149284354,0.00484073372555748,-0.0227851068838186,0.00481476482272167
14.66,-0.0872619984046725,0.00462342518250476,-0.0208195711629758,0.00443881737091796
14.67,-0.0849920005697875,0.00442209506031509,-0.0190562335400175,0.00408476425761643
14.68,-0.0828072537548987,0.00422621024445928,-0.0174701458532003,0.00375301889267658
14.69,-0.0808281588079716,0.00404409820572215,-0.0160394383541309,0.00344359724836349
14.7,-0.0789169198934694,0.00386583139849949,-0.014742766828531,0.00315635974952274
14.71,-0.0771947017903294,0.00369983063214043,-0.0135593880649779,0.00289104089980995
14.72,-0.0755236823277841,0.00353680331600955,-0.0124707643648328,0.00264723514497029
14.73,-0.0739609189175798,0.00338091352046767,-0.0114630202236609,0.00242414087049989
14.74,-0.0725620691807105,0.00323602601842815,-0.0105225325627594,0.00222083419950802
14.75,-0.0711930245197561,0.00309370604511629,-0.00963937816569065,0.00203619677586657
14.76,-0.0699723708572844,0.00296191904923525,-0.00880562601823606,0.00186905372807855
14.77,-0.0687699871439715,0.00283272174326896,-0.00801460059545811,0.00171824044081421
14.78,-0.0677018185441529,0.00271370190284251,-0.00726233219905461,0.00158253085116469
14.79,-0.0666424749817995,0.00259736386200423,-0.00654436727256344,0.00146079210969209
14.8,-0.0657044761366166,0.00249086657588303,-0.00585793683804308,0.00135185890367343
14.81,-0.0647676355209477,0.00238714863997169,-0.00520092554312927,0.00125461915843192
14.82,-0.0639404006535624,0.00229289815470347,-0.00457348552136847,0.00116795440043222
14.83,-0.0631081201892769,0.00220144223447023,-0.00397575014264215,0.00109079661817442
14.84,-0.0623747989171513,0.00211896865845618,-0.00340843171591976,0.00102212019464756
14.85,-0.0616314223407972,0.00203918346919602,-0.00287216320390662,0.000960988291242499
14.86,-0.0609770342764886,0.00196778830897504,-0.00236801365771438,0.00090653203361376
14.87,-0.0603083037173029,0.00189886441976564,-0.00189675177614692,0.000857966234251132
14.88,-0.0597191076365213,0.00183764965643751,-0.0014589645995538,0.000814567056630824
14.89,-0.0591118983509187,0.00177860441813773,-0.00105495532839656,0.000775687860051041
14.9,-0.0585753240953331,0.00172653405656538,-0.000684913645018186,0.000740743509253066
14.91,-0.0580177062171003,0.00167627669812484,-0.000348763438041088,0.000709215404267622
14.92,-0.0575225167609759,0.00163223338225572,-4.63995780081301e-05,0.000680636972599938
14.93,-0.0570040007829622,0.00158960901513598,0.000221917110566992,0.000654554088733571
14.94,-0.0565405892169455,0.00155242554642757,0.000458054975920583,0.000630615450554261
14.95,-0.0560524261508135,0.00151626599358412,0.000663188084082916,0.000608478174510868
14.96,-0.0556130433046214,0.00148481135865268,0.000838263916423219,0.000587833628088328
14.97,-0.055148380331957,0.00145400084118662,0.000984317510636704,0.000568428864820676
14.98,-0.0547272127881087,0.0014271888395496,0.00110266474093463,0.000550076098424497
14.99,-0.0542810593213616,0.0014006611161842,0.00119472692385489,0.000532634156757349
15,-0.0538434033326496,0.00137594072600209,0.00126214407344179,0.000516011075705535
15.01,-0.0534430057562467,0.00135424420320455,0.00130646592922774,0.000500138816603008
15.02,-0.0530192150796882,0.0013323680697384,0.00132953285819997,0.00048498761622794
15.03,-0.0526293931655655,0.0013129511768113,0.00133324805764046,0.000470550591996545
15.04,-0.0522176839327955,0.00129310897642496,0.00131940767429907,0.000456825849911511
15.05,-0.0518371294054951,0.00127523583184545,0.0012899553755663,0.000443831479698016
15.06,-0.0514364437905623,0.00125674962784504,0.00124669282842311,0.000431581834217966
15.07,-0.0510644638893467,0.00123981911434245,0.00119154900500123,0.00042010473603391
15.08,-0.0506741308905312,0.00122214928958479,0.0011262613640533,0.000409417005212935
15.09,-0.0503102472718133,0.00120569956526256,0.00105266512543026,0.000399544183574251
15.1,-0.0499297112716217,0.00118844438785447,0.000972353258826664,0.000390495660132374
15.11,-0.0495734781555388,0.00117214771252001,0.000886984288227986,0.000382286642486715
15.12,-0.0492021679653369,0.0011550337146216,0.000797932721334406,0.000374913269888605
15.13,-0.0488531023444931,0.00113868267230144,0.000706619372132788,0.000368376647004789
15.14,-0.0484904069246159,0.00112154795968846,0.000614151571341206,0.000362657725813713
15.15,-0.0481479914106639,0.00110503642649689,0.000521673825201164,0.000357742942877377
15.16,-0.0477932796044129,0.00108780961718695,0.000430005538314289,0.000353599042230225
15.17,-0.0474569975450088,0.00107111001477222,0.000340052116281625,0.000350201517273903
15.18,-0.0471096657520729,0.00105378779646975,0.00025247076093994,0.000347516225642876
15.19,-0.0467790490690785,0.00103692918875791,0.000167475642571105,0.000345499618058226
15.2,-0.0464385676825785,0.00101954862631741,8.55384645658644e-05,0.000344103023711854
15.21,-0.0461132429449229,0.00100258733713174,7.33811071750854e-06,0.000343293853184058
15.22,-0.0457791863377128,0.000985213754427122,-6.71121028596442e-05,0.00034301241745795
15.23,-0.0454588803221707,0.000968230664596314,-0.000137803339059402,0.000343207048558228
15.24,-0.0451309305359473,0.000950936856523757,-0.000204902777146132,0.000343814530393937
15.25,-0.0448154738388649,0.000934005186639947,-0.000268419135471064,0.000344788626565034
15.26,-0.0444934100163792,0.000916852372344293,-0.000328496805365857,0.000346074059247192
15.27,-0.0441744760618743,0.000899803600108556,-0.000385148248539163,0.000347633103792696
15.28,-0.043866372060128,0.000883072662446223,-0.000438736224127432,0.000349413608803259
15.29,-0.0435530751032758,0.000866232068180524,-0.000489289805347234,0.000351384983283712
15.3,-0.0432496337678216,0.000849679183164744,-0.000536851842116,0.000353522023585089
15.31,-0.0429418580063423,0.000833077023771192,-0.000581683297043255,0.000355787720936408
15.32,-0.0426430221328626,0.000816731906702783,-0.000623863715784716,0.000358160919020056
15.33,-0.0423406036585963,0.000800387143540032,-0.000663649451002605,0.000360610671779934
15.34,-0.0420462722787338,0.000784267404873716,-0.000701108444508205,0.000363121511712224
15.35,-0.0417490290228493,0.000768188085456435,-0.000736476953578994,0.000365668023346631
15.36,-0.0414590889689102,0.000752301475203242,-0.00076980622937868,0.000368239424283195
15.37,-0.0411668407478949,0.00073648790884556,-0.000801309010155299,0.000370814855711065
15.38,-0.0408811778219853,0.000720835894468838,-0.000831014706251438,0.000373387430409526
15.39,-0.0405937605485711,0.000705283685751423,-0.000859112232095663,0.000375939961479609
15.4,-0.0403123077197218,0.000689863162814227,-0.000885612682683103,0.000378468507046335
15.41,-0.0400296388962449,0.000674564116764104,-0.000910681759733941,0.000380958857525823
15.42,-0.0397524150316659,0.000659368607871383,-0.000934310829728828,0.000383409505824457
15.43,-0.0394744995408374,0.000644312346232686,-0.000956641517176562,0.00038580873591452
15.44,-0.0392016011254217,0.000629333774798065,-0.000977646966400985,0.000388156969575107
15.45,-0.0389285182083192,0.000614509022485193,-0.000997538514054991,0.000390439823773448
15.46,-0.0386601032143012,0.000599738009249317,-0.00101617387200864,0.000392658798814925
15.47,-0.0383919863701667,0.000585134446346159,-0.00103353184045744,0.000394807174931206
15.48,-0.0381282468980917,0.000570567214259288,-0.00104961590544823,0.000396885839238257
15.49,-0.0378652516661937,0.000556181365052168,-0.00106460381233766,0.000398885078710019
15.5,-0.0376063875238533,0.000541815925435458,-0.00107844628323888,0.000400809098884818
15.51,-0.0373486730800483,0.000527643586900818,-0.0010912100420464,0.000402651672908505
15.52,-0.0370948756677727,0.000513479095179503,-0.00110280825177427,0.000404416306931976
15.53,-0.0368425893934976,0.000499519837954894,-0.0011133010290065,0.00040609611963388
15.54,-0.0365931257406427,0.000485670785294477,-0.00112261248810091,0.0004076944198572
15.55,-0.036347300340676,0.000471817363748432,-0.00113091935313648,0.000409202696322559
15.56,-0.0361034425437623,0.000458185677691791,-0.00113817153045547,0.000410626290606076
15.57,-0.0358630613970341,0.000444544255610585,-0.00114433410153864,0.000411972611781937
15.58,-0.0356248987975949,0.000431135409981312,-0.00114951912853609,0.000413238529716832
15.59,-0.0353900507424552,0.000417713441520397,-0.00115370354093619,0.000414429809436443
15.6,-0.0351576255091608,0.000404533512356164,-0.00115698734554777,0.000415543110680832
15.61,-0.0349283754145375,0.000391337845375653,-0.00115934182456387,0.000416583806461021
15.62,-0.0347017328295696,0.000378392065941277,-0.00116085996147384,0.000417548482253074
15.63,-0.0344781519752377,0.000365428574759535,-0.00116150933229846,0.00041844233755836
15.64,-0.0342573420662688,0.000352721506202166,-0.00116137824498163,0.000419261997602253
15.65,-0.0340394987174832,0.000339995448129901,-0.00116043345277779,0.000420012527997417
15.66,-0.0338245683066543,0.000327531167827548,-0.00115875940597674,0.000420690699000367
15.67,-0.0336125237539822,0.00031504724591278,-0.00115632155219663,0.000421301584955284
15.68,-0.0334035065490177,0.000302829610452014,-0.00115320050460902,0.000421842194301756
15.69,-0.0331972965824754,0.000290592478061496,-0.00114936104378389,0.000422317660073256
15.7,-0.0329941986687103,0.000278625524932032,-0.00114488150390938,0.000422725218775874
15.71,-0.0327938311864759,0.000266639944707161,-0.0011397279123044,0.000423070042894599
15.72,-0.0325966351735918,0.000254927888633418,-0.00113397884259154,0.000423349556543483
15.73,-0.0324020955358737,0.000243198662777538,-0.00112760202354021,0.000423569020050341
15.74,-0.0322107654832404,0.000231745787350399,-0.00112067499839169,0.00042372614499288
15.75,-0.0320220214990758,0.000220277649085255,-0.00111316947799056,0.000423826222463034
15.76,-0.0318365077544343,0.000209088149336489,-0.0011051642587356,0.000423867184235106
15.77,-0.0316535147267967,0.000197885520891178,-0.0010966327051636,0.000423854482382134
15.78,-0.0314737589241467,0.000186963199756549,-0.00108765411163856,0.000423786310346393
15.79,-0.0312964643867613,0.000176029915447056,-0.00107820467370812,0.000423668213448562
15.8,-0.0311224031675632,0.000165377950970726,-0.0010683638172126,0.000423498643505593
15.81,-0.0309511679189853,0.000154861901049835,-0.00105811263313538,0.000423283168613628
15.82,-0.0307823163920684,0.000144337608535655,-0.00104762367852996,0.000423016461202313
15.83,-0.0306166753112578,0.000134093267068311,-0.0010368185662295,0.000422704690288647
15.84,-0.0304533728714951,0.000123842309531929,-0.00102565563500283,0.000422353853006465
15.85,-0.0302932533868336,0.000113871456834852,-0.0010142127889149,0.000421961415969201
15.86,-0.0301354234824469,0.000103896206672183,-0.0010024740031827,0.000421531712310089
15.87,-0.0299807419575213,9.42005685813937e-05,-0.000990511188632498,0.000421062845243299
15.88,-0.0298283100728955,8.45023478109892e-05,-0.000978293851758362,0.000420560360918708
15.89,-0.0296789871144654,7.50829460568684e-05,-0.000965889874733932,0.000420023433759646
15.9,-0.0295318731016412,6.56627939809396e-05,-0.000953273960931681,0.000419458099311186
15.91,-0.029387820837588,5.6520407258643e-05,-0.000940516303664001,0.000418864108124254
15.92,-0.0292459391900977,4.73787629548333e-05,-0.0009276008583578,0.000418247650068831
15.93,-0.0291070687637287,3.85132007330514e-05,-0.000914599052757092,0.000417608630817041
15.94,-0.0289703321909087,2.9649296422837e-05,-0.000901485868373763,0.000416953486422424
15.95,-0.0288365515655453,2.10592440184311e-05,-0.000888327199464571,0.000416282105738429
15.96,-0.0287048674126709,1.24713394293453e-05,-0.000875095624175151,0.000415600631484566
15.97,-0.0285760782107261,4.15464613406908e-06,-0.00086185454931424,0.000414908594750129
15.98,-0.0284493457360657,-4.15976035909238e-06,-0.000848573044947325,0.000414211711140958
15.99,-0.0283254409963352,-1.22058908987879e-05,-0.000835309278259981,0.000413509110109811
16,-0.0282035496983202,-2.02498303079052e-05,-0.000822030484133653,0.000412805891593039
16.01,-0.0280844128486883,-2.80286214317895e-05,-0.000808791949563626,0.000412100609317511
16.02,-0.0279672427136664,-3.58055122713788e-05,-0.000795557511616597,0.000411397794044117
16.03,-0.0278527487705489,-4.33205075264006e-05,-0.00078238002555651,0.000410695418122524
16.04,-0.0277401720286861,-5.08340403910846e-05,-0.000769222786456637,0.000409997361225986
16.05,-0.0276301896625704,-5.80890323275669e-05,-0.000756137923800142,0.000409301029683695
16.06,-0.0275220732459616,-6.53431665807245e-05,-0.000743088606464273,0.000408609752654899
16.07,-0.0274164673842563,-7.23422224426389e-05,-0.000730124766778693,0.000407920545724371
16.08,-0.0273129939339913,-7.92152508979273e-05,-0.000717208639699797,0.000407236332089125
16.09,-0.0272113100562912,-8.60887772760568e-05,-0.000704458039284643,0.000406551295876684
16.1,-0.0271120109069738,-9.27139560617139e-05,-0.000691822685130952,0.000405867754693577
16.11,-0.0270144515224118,-9.93410781386583e-05,-0.000679242081785984,0.000405188933625849
16.12,-0.0269191921989052,-0.000105723303393241,-0.00066675744347815,0.000404510988426225
16.13,-0.0268256169133902,-0.000112108221124969,-0.000654334215677961,0.000403835680830804
16.14,-0.026734257061257,-0.000118251632184059,-0.000642026110109271,0.000403158809238454
16.15,-0.0266445325348581,-0.000124398884032326,-0.000629800831799589,0.000402482303565162
16.16,-0.0265569442792781,-0.000130308326496025,-0.000617710240438859,0.000401802352019443
16.17,-0.0264709460985433,-0.000136223136216051,-0.000605718932318571,0.000401121328628501
16.18,-0.0263870099931047,-0.000141904096246276,-0.000593877723234881,0.000400435782939169
16.19,-0.0263046235349815,-0.000147592311895597,-0.000582151016187301,0.000399748381598144
16.2,-0.0262242287134615,-0.000153050834522459,-0.000570587110716237,0.000399056052221405
16.21,-0.026145344255232,-0.000158518738169457,-0.000559148935593902,0.000398361755032256
16.22,-0.026068382205132,-0.000163761182755667,-0.000547884225061589,0.000397662640184659
16.23,-0.0259928910026392,-0.000169015293552819,-0.000536753515463207,0.000396961928029047
16.24,-0.0259192534910291,-0.000174048170725096,-0.0005258021592465,0.000396257004867582
16.25,-0.0258470464663372,-0.000179095070262119,-0.000514990581138457,0.000395551187021345
16.26,-0.0257766248047222,-0.000183924907148546,-0.00050436211933727,0.000394842021241315
16.27,-0.0257075924344523,-0.000188771159143545,-0.000493874958911832,0.000394132964743935
16.28,-0.0256402777886642,-0.000193404418118406,-0.000483572560012005,0.000393421590060107
16.29,-0.0255743108145658,-0.00019805649332275,-0.000473412129694789,0.000392711404084457
16.3,-0.0255099950672477,-0.000202499523811368,-0.000463434974809926,0.000392000072465377
16.31,-0.0254469853290207,-0.00020696374001148,-0.000453598679950052,0.000391291070077615
16.32,-0.025385561896293,-0.000211222719352631,-0.000443944308409268,0.000390582052971106
16.33,-0.0253254032482335,-0.000215505223992874,-0.000434427736663818,0.000389876533604851
16.34,-0.0252667679573957,-0.000219586147473809,-0.000425090080750386,0.00038917213279252
16.35,-0.0252094854356386,-0.000223580378863704,-0.000415887802979831,0.000388472292390256
16.36,-0.0251534088200351,-0.000227601741126386,-0.000406925817882322,0.000387772311040074
16.37,-0.0250987659187007,-0.00023142800951581,-0.000398140259681289,0.000387075679170836
16.38,-0.0250452908644956,-0.000235283945806386,-0.000389472211192492,0.000386386530052082
16.39,-0.0249931902409983,-0.000238947841220139,-0.000380958541780881,0.0003857023102139
16.4,-0.0249422130133432,-0.000242643196855551,-0.000372554608608128,0.000385026101332498
16.41,-0.0248925508715896,-0.000246149306247723,-0.000364301381731412,0.000384355117168215
16.42,-0.0248439727761216,-0.000249688694363547,-0.00035615538314614,0.000383692385645084
16.43,-0.0247966553011807,-0.000253041580842215,-0.000348157575891067,0.000383035131717225
16.44,-0.0247503856192441,-0.000256429617650801,-0.000340266480004461,0.000382386306530044
16.45,-0.0247053262356509,-0.000259633897462795,-0.000332523233460869,0.000381743134902813
16.46,-0.0246612806599078,-0.000262875268472112,-0.000324885086542036,0.000381108618976649
16.47,-0.0246183972437795,-0.000265935587576251,-0.000317393878349546,0.000380479945389925
16.48,-0.0245764940811739,-0.000269034963735961,-0.000310006849239589,0.000379860093756782
16.49,-0.0245357059449915,-0.000271955933602324,-0.000302764196413058,0.000379246294131511
16.5,-0.0244958640250523,-0.000274917903470097,-0.000295623259558087,0.000378641483452812
16.51,-0.024457090303569,-0.000277704013273138,-0.000288624735726283,0.000378042827325864
16.52,-0.0244192278779298,-0.00028053301754792,-0.000281719525971924,0.000377453269847851
16.53,-0.0243823869763915,-0.00028318839700376,-0.000274931081794984,0.000376869790498745
16.54,-0.0243464216881755,-0.000285888312902679,-0.000268253270248103,0.000376295167119021
16.55,-0.0243114317874102,-0.000288417171065602,-0.000261733553531638,0.000375726698833059
16.56,-0.0242772816582484,-0.000290992689077051,-0.000255306200911146,0.000375167271818636
16.57,-0.0242440618358479,-0.000293399473304196,-0.000249013061522449,0.000374613924202032
16.58,-0.0242116463243427,-0.000295854725244586,-0.000242810618354183,0.000374069450125641
16.59,-0.0241801175361882,-0.000298143446470247,-0.000236739451519555,0.00037353087110189
16.6,-0.0241493584667491,-0.000300482428972006,-0.000230757797203485,0.000373000895588272
16.61,-0.0241194444066686,-0.000302657048772526,-0.000224906391038773,0.000372476529099636
16.62,-0.0240903086476454,-0.000304776116261715,-0.000219142329019458,0.000371960515154397
16.63,-0.024061894493915,-0.000306948352467493,-0.0002135728558996,0.000371447485769306
16.64,-0.0240342672109808,-0.000308960673441799,-0.000208134749338893,0.000370940287545652
16.65,-0.024007331254932,-0.000311028285495384,-0.000202769753516392,0.000370442419685486
16.66,-0.0239811436974051,-0.000312937818215747,-0.000197516838839807,0.000369950728672131
16.67,-0.0239556112115213,-0.000314904074529646,-0.000192333271533317,0.000369467684866509
16.68,-0.0239307884404116,-0.000316713953647849,-0.000187259554003631,0.000368990077784913
16.69,-0.0239065903724001,-0.000318582060561671,-0.000182254329459522,0.000368520381319032
16.7,-0.0238830683853255,-0.000320295540066621,-0.000177360194296322,0.000368055373326462
16.71,-0.023860144146024,-0.000322068841682501,-0.000172535345591684,0.000367597621988806
16.72,-0.0238378657492646,-0.000323689314867445,-0.000167821755628279,0.00036714400680441
16.73,-0.0238161605186864,-0.000325371263825112,-0.000163178756293116,0.000366697112009479
16.74,-0.0237950728990182,-0.000326902205428614,-0.00015864736560306,0.000366253915405693
16.75,-0.0237745349300464,-0.000328496299447801,-0.000154185279919108,0.000365817113245717
16.76,-0.0237545874976206,-0.000329941181522972,-0.00014983426263371,0.000365383689592046
16.77,-0.0237351630497589,-0.000331441019094733,-0.00013844139087161,0.000365069547059007
16.78,-0.0237157530077443,-0.000332257558283368,-4.09358680944424e-05,0.000367627069269445
16.79,-0.0236957458238827,-0.000332122914814242,6.31482220808603e-05,0.000369211112158183
16.8,-0.0236753875049818,-0.000330888991346697,0.000158217777311879,0.000368933355299584
16.81,-0.0236548595792847,-0.000328872578481943,0.000241710894157613,0.000367067938934817
16.82,-0.0236343849074494,-0.000325994924226828,0.000310375437995474,0.000363894936324605
16.83,-0.0236140585797351,-0.000322629661902832,0.000362127071404361,0.000359710164797345
16.84,-0.0235940252404845,-0.000318739767104905,0.000395936138176861,0.000354802238200842
16.85,-0.0235743142543114,-0.000314717216640717,0.000412046188186191,0.000349462393711913
16.86,-0.0235550051350835,-0.00031052070625935,0.000411566626304374,0.000343962330878079
16.87,-0.0235360699058305,-0.000306519394857522,0.000396322598580355,0.000338553292595362
16.88,-0.0235175338329068,-0.000302636718141589,0.000368414749489321,0.000333445788913233
16.89,-0.023499344111773,-0.000299092883202955,0.000330191536150737,0.000328816544697115
16.9,-0.023481437100255,-0.000296084961881199,0.000283888787192797,0.000324794014230782
16.91,-0.0234637909648931,-0.000293468386295269,0.000231864387028716,0.000321476017964153
16.92,-0.0234463081909233,-0.000291500016953333,0.000176361135435966,0.000318924991976342
16.93,-0.0234289551010409,-0.000289991300690337,0.000119367408143875,0.000317164241452122
16.94,-0.0234116293064606,-0.000289158694193149,6.27561450443997e-05,0.000316193823565418
16.95,-0.0233943028518091,-0.000288777359415414,8.089262373361e-06,0.000315983296855398
16.96,-0.0233768850465133,-0.00028903202385746,-4.32359674119262e-05,0.000316487130961956
16.97,-0.0233593603930853,-0.00028967103004811,-9.01637008695185e-05,0.000317637521746163
16.98,-0.0233416550784593,-0.000290857713814376,-0.000131869685464157,0.000319357282740327
16.99,-0.0233237710315137,-0.000292324056252064,-0.000167713077762165,0.000321558378838722
17,-0.0233056533975979,-0.000294221080711251,-0.000197297941807876,0.000324151566867417
17.01,-0.0233079566968133,-0.000308095189571775,-0.0023373319221402,0.00019764301039531
17.02,-0.0233560299950266,-0.000342189168648921,-0.00421449771802472,7.60201325395439e-05
17.03,-0.0234488806048532,-0.000393020630150044,-0.00573674359620394,-2.31605351964376e-05
17.04,-0.0235845284029903,-0.000457242427748813,-0.00690731599144461,-0.000101499145365739
17.05,-0.0237606072739105,-0.000531215526700017,-0.00774429795400018,-0.000161148943004958
17.06,-0.0239743656428644,-0.000611923636711008,-0.00826806000830698,-0.000204376436958627
17.07,-0.0242228703819745,-0.000696163057608845,-0.00850529801652559,-0.000233486080009617
17.08,-0.0245029574195623,-0.000781443387343397,-0.00848649886063398,-0.000250684874840855
17.09,-0.0248114022424613,-0.000865179705076266,-0.00824655584544717,-0.000258055958369206
17.1,-0.0251448752878556,-0.00094556984202016,-0.0078215585524075,-0.000257569918343438
17.11,-0.0255001152694891,-0.00102074613676744,-0.00724670670256723,-0.000250977089406887
17.12,-0.0258738407598784,-0.00108960488836282,-0.00655519779944436,-0.000239788891141273
17.13,-0.026262908651514,-0.00115094465959713,-0.00577903291658442,-0.000225341283001036
17.14,-0.0266642310775715,-0.00120429561312066,-0.00494784392504444,-0.000208756159473471
17.15,-0.0270749179734526,-0.00124904640313533,-0.00408833166635535,-0.000190930149618528
17.16,-0.0274921782451152,-0.00128514853471745,-0.00322410042569408,-0.000172557749441941
17.17,-0.0279134113008705,-0.0013127932899325,-0.00237846513055983,-0.000154268293838374
17.18,-0.0283362674973002,-0.00133205621712284,-0.00156899654162337,-0.000136483855750351
17.19,-0.028758544709536,-0.00134358714401577,-0.000808968462765111,-0.000119472312720132
17.2,-0.0291783086363093,-0.00134772817518661,-0.000108708949992011,-0.00010342685273144
17.21,-0.0295937875858936,-0.0013453334781167,0.000524144684922312,-8.84796005313827e-05
17.22,-0.0300035033526651,-0.0013368966561971,0.00108436542765662,-7.47204967649237e-05
17.23,-0.0304061484933875,-0.0013233728345669,0.00156935549867768,-6.21908573674052e-05
17.24,-0.0308007058561888,-0.00130530718713622,0.00197867686221632,-5.09032481424591e-05
17.25,-0.0311863169391522,-0.00128366134492102,0.00231397972005056,-4.08390459059275e-05
17.26,-0.0315623938756993,-0.00125894599529737,0.00257893112163035,-3.19596217119359e-05
17.27,-0.0319284723957249,-0.00123205092293887,0.00277816782612321,-2.41752794776058e-05
17.28,-0.0322843192031286,-0.00120339943959915,0.00291548378115715,-1.74363464493738e-05
17.29,-0.032629825354892,-0.00117380188602161,0.00299574861063795,-1.17745388155433e-05
17.3,-0.032965098179309,-0.00114356602686091,0.00302802969982274,-7.12933143667037e-06
17.31,-0.0332903225683285,-0.00111334624642449,0.00301895003357083,-3.54090679696695e-06
17.32,-0.0336058811094766,-0.00108331070516503,0.00297480712739989,-1.0509399416658e-06
17.33,-0.0339121959634507,-0.00105398488188569,0.00290204098416996,3.62098218407408e-07
17.34,-0.0342098329571243,-0.00102541597807373,0.00280567805023593,7.0411108187923e-07
17.35,-0.0344993522880834,-0.000998019803686427,0.00269171359061647,4.33407080137417e-08
17.36,-0.0347814018098553,-0.000971727218060263,0.00256605836965512,-1.52809050455586e-06
17.37,-0.0350565722983021,-0.00094683769299584,0.00243396580205036,-3.91188755095404e-06
17.38,-0.0353255081413462,-0.000923179079195756,0.00229971305108936,-7.02314166550836e-06
17.39,-0.0355887721968049,-0.0009009650976905,0.00216682886264892,-1.07763099579151e-05
17.4,-0.0358469617737747,-0.000879954289588012,0.00203801281722551,-1.50937499327282e-05
17.41,-0.0361005752680938,-0.000860305959854166,0.00191539388673872,-1.98919231411023e-05
17.42,-0.0363501321547215,-0.000841737226964543,0.00180043784867859,-2.50919317737376e-05
17.43,-0.0365960567374124,-0.000824271354943371,0.00169419200570699,-3.06076227202291e-05
17.44,-0.0368387253281721,-0.000807924327882048,0.0015971191691793,-3.63598418464914e-05
17.45,-0.0370785075228106,-0.00079239066692188,0.00150953390673528,-4.22600569902974e-05
17.46,-0.0373156560987766,-0.000777785571515284,0.00143163467954637,-4.82082632562867e-05
17.47,-0.0375504258897994,-0.000763803078750857,0.00136287974680586,-5.41095467212135e-05
17.48,-0.0377829518241839,-0.000750567014841663,0.00130256726943267,-5.98642489141549e-05
17.49,-0.0380133833847012,-0.000737785959516829,0.00124982158569002,-6.53855006524415e-05
17.5,-0.0382417579123793,-0.000725600193575365,0.00120388246377343,-7.05915635456217e-05
17.51,-0.0384681375911224,-0.00071373424038125,0.00116395507029379,-7.54184628888745e-05
17.52,-0.0386924835871145,-0.000702343461274326,0.00112937724509248,-7.98089928901881e-05
17.53,-0.0389147935117986,-0.000691166408919243,0.00109944997326258,-8.37241939953615e-05
17.54,-0.039134975053182,-0.00068037158538454,0.00107360832086387,-8.71316231482774e-05
17.55,-0.0393529828525931,-0.000669709600188309,0.00105125515471102,-9.00162614488038e-05
17.56,-0.0395686932690538,-0.000659361220876933,0.00103159717467292,-9.23823605240282e-05
17.57,-0.0397820471279076,-0.000649091622718083,0.00101417767465085,-9.42547328788713e-05
17.58,-0.0399929151038343,-0.000639088511000761,0.000999211128401733,-9.56403807620524e-05
17.59,-0.0402012327093271,-0.000629117209744204,0.000986410442528953,-9.65685387375036e-05
17.6,-0.0404068692450519,-0.000619369647861354,0.000975291825767091,-9.70585285970761e-05
17.61,-0.0406097646967911,-0.000609622895542574,0.000964906114052241,-9.71489845801725e-05
17.62,-0.0408097979964914,-0.000600082641256569,0.000955149673880272,-9.6851799874095e-05
17.63,-0.0410069150101044,-0.000590530111909433,0.000946112713123753,-9.61831885753733e-05
17.64,-0.041200999095107,-0.000581169307651447,0.000937927431870652,-9.51632816885901e-05
17.65,-0.0413920052795671,-0.000571779966416751,0.000930514040969186,-9.38284975430965e-05
17.66,-0.041579831672216,-0.00056256685228988,0.000923785553673713,-9.22166028697874e-05
17.67,-0.0417644531842196,-0.000553312132219527,0.000917534891046654,-9.0374374509891e-05
17.68,-0.0419457904050535,-0.000544223860164433,0.000911620365321376,-8.83438771875886e-05
17.69,-0.0421238432394446,-0.000535087747706994,0.000905841042971165,-8.61742061393639e-05
17.7,-0.0422985742674804,-0.000526008573591617,0.000900203373954922,-8.39063428967527e-05
17.71,-0.0424699602199983,-0.000517091371339521,0.000894582000326278,-8.15824205677222e-05
17.72,-0.0426380357351377,-0.000508124702968534,0.000888905809837552,-7.9232313962741e-05
17.73,-0.0428027800770963,-0.000499321267049323,0.00088305579743333,-7.68811437452801e-05
17.74,-0.0429642436116069,-0.000490472282368484,0.000876848203871275,-7.45579097976266e-05
17.75,-0.0431224184214294,-0.00048179312904569,0.000870233053497243,-7.22836348630055e-05
17.76,-0.0432773742155561,-0.000473076887538348,0.000863113892754792,-7.00825297601458e-05
17.77,-0.0434291207757482,-0.0004645401077124,0.000855503567412457,-6.79702522276623e-05
17.78,-0.0435777431956925,-0.000455976465262898,0.000847345133166842,-6.5965131751569e-05
17.79,-0.043723264652737,-0.000447602854732168,0.000838677601443844,-6.40766276787349e-05
17.8,-0.0438657816311068,-0.000439213002320597,0.000829464065927184,-6.23167588540799e-05
17.81,-0.0440053267076355,-0.000431023731886888,0.000819760815885343,-6.06887436706849e-05
17.82,-0.0441420032773596,-0.000422828460031418,0.000809546432810243,-5.91985634151429e-05
17.83,-0.0442758501302389,-0.000414844449747716,0.000798705151287965,-5.78521208673751e-05
17.84,-0.044406977425405,-0.000406865989950035,0.000787384422644962,-5.6652639668909e-05
17.85,-0.0445354272401595,-0.000399107603964449,0.000775932458461895,-5.55881337851513e-05
17.86,-0.0446613066509514,-0.000391359313538135,0.00076417040932384,-5.46580086740176e-05
17.87,-0.0447846563152758,-0.000383837120311083,0.000751955871627398,-5.38550992413099e-05
17.88,-0.0449055813122605,-0.000376333643455298,0.000739338448310363,-5.31661732416154e-05
17.89,-0.0450241154867328,-0.00036906366076757,0.000726501800893054,-5.25700684750559e-05
17.9,-0.0451403546321707,-0.000361817150258826,0.000713517536122927,-5.2052433608514e-05
17.91,-0.0452543231121236,-0.000354806686147008,0.000700506456702169,-5.15949029601788e-05
17.92,-0.0453661077973244,-0.000347820625677385,0.000687480756882974,-5.11861990368665e-05
17.93,-0.0454757245178712,-0.000341070464778005,0.000674523770395697,-5.08105580517916e-05
17.94,-0.0455832523710136,-0.000334343690120608,0.00066162816878521,-5.04589495110078e-05
17.95,-0.0456886997386601,-0.000327851265756597,0.000648834849914269,-5.01185794676229e-05
17.96,-0.0457921396549086,-0.000321380195703703,0.000636180219293399,-4.97840016113568e-05
17.97,-0.0458935745479305,-0.000315140397865418,0.000623754887673208,-4.94436854303132e-05
17.98,-0.0459930717359072,-0.000308917727401587,0.000611542795397549,-4.90929152074091e-05
17.99,-0.0460906442825877,-0.000302815714431597,0.000599590166987895,-4.87219980344236e-05
18,-0.0455712990611747,0.00322733631857686,0.000587790571117956,-4.83305789724456e-05
18.01,-0.0450880822695332,0.00552768943107637,-0.00180556492080258,-0.00012777383134514
18.02,-0.0444441799264492,0.00777588968829714,-0.00958926841675349,-0.000407304339326608
18.03,-0.0437080468503446,0.00988031124049417,-0.0210103022013321,-0.00075837154650988
18.04,-0.0429143125918046,0.0118786125339605,-0.0351716864597811,-0.00111071407092853
18.05,-0.0420119118510218,0.0137089699151733,-0.0513167511065703,-0.00141454597840514
18.06,-0.0409076005844682,0.0154886574691296,-0.0687878959928196,-0.00163526690147726
18.07,-0.0394846234672066,0.0171414387911931,-0.087039994136763,-0.00175043439947816
18.08,-0.0376174270859906,0.0188156388255869,-0.105674991689827,-0.00175025119061406
18.09,-0.0351724028608391,0.0203989870575658,-0.124389848778057,-0.00163141261331
18.1,-0.0320439437299243,0.0220540904618021,-0.14300074395469,-0.00139818882323782
18.11,-0.0281211300122663,0.0236210201935534,-0.161327826132015,-0.0010544000338972
18.12,-0.0233593759260433,0.0252725227814308,-0.179285798013226,-0.000608376740297119
18.13,-0.0176696090416772,0.0268058866295747,-0.19678643428402,-6.69364093725406e-05
18.14,-0.0110768226022877,0.0284117772115142,-0.213784360556129,0.000560880686046738
18.15,-0.0034838398893875,0.0298551887842984,-0.230163042568344,0.00127085237033331
18.16,0.00501494505697408,0.0313529003988902,-0.245853134056037,0.00205607665752597
18.17,0.0145565384838093,0.0326450234578237,-0.260706596254857,0.00291397441514284
18.18,0.0249706679625614,0.0339787652586209,-0.274645722494236,0.00383845203451281
18.19,0.0364625036344375,0.0350731783564352,-0.28755591121015,0.00482592463398855
18.2,0.0487719238396096,0.0362055594144246,-0.299410515030967,0.0058694285299683
18.21,0.0621934049940851,0.0370735429997048,-0.310143647460771,0.00696418837726364
18.22,0.0763571819739592,0.0379821628288627,-0.319769772107731,0.0081039561912004
18.23,0.0916651757849873,0.0386070233332657,-0.328273579124139,0.0092825872560049
18.24,0.107616610557001,0.0392787689581457,-0.335674916184937,0.0104919125194539
18.25,0.124738027796795,0.0396510818522264,-0.341966632631633,0.0117256600517161
18.26,0.142378539529355,0.0400789067890696,-0.347170291615617,0.0129760958592936
18.27,0.161208215993103,0.0401948828328421,-0.351305738653672,0.0142363314864337
18.28,0.180409590570568,0.0403770870285044,-0.354417734577903,0.0154994319393424
18.29,0.200313686471969,0.0404403263797853,-0.356523205497304,0.0167610118632721
18.3,0.221430157594991,0.0401782210588229,-0.357641611302793,0.0180165144618229
18.31,0.242667322382934,0.0400031918882873,-0.357828289672635,0.0192608281563854
18.32,0.265133282045676,0.0394974553943514,-0.357168931099431,0.0204876435960407
18.33,0.287535004907099,0.039092526006277,-0.355766997053769,0.0216921066560771
18.34,0.311181404195622,0.0383514828254788,-0.353707159299646,0.0228691936519412
18.35,0.334570404279225,0.037723951397634,-0.351084629651928,0.0240155266484743
18.36,0.358360202632072,0.0369901767197889,-0.347971158603585,0.0251270542112633
18.37,0.383431915148357,0.03591226136995,-0.344436574866172,0.0262011931655992
18.38,0.407954779656944,0.0349663835082908,-0.340552071153391,0.0272351036307187
18.39,0.43379519910434,0.0336719737793519,-0.336374259841536,0.028225674944287
18.4,0.458893625296954,0.0325203423696379,-0.33196558342496,0.0291713852325804
18.41,0.484194036796383,0.0312699889250972,-0.327381740727819,0.0300704358274495
18.42,0.510880395421261,0.0296640604468747,-0.322655275961898,0.0309217118301407
18.43,0.536539097254417,0.0282155753938009,-0.317829165243069,0.0317237454129856
18.44,0.562296498995871,0.0266714055513264,-0.312951655132912,0.0324755150806065
18.45,0.589525310745463,0.0247649402979056,-0.308049419688889,0.0331770561264335
18.46,0.615448767142367,0.0230279391814407,-0.303154171165423,0.0338276444349763
18.47,0.641379916061283,0.0211969308156746,-0.29829661737206,0.0344266676500737
18.48,0.668881765005635,0.0189970705887391,-0.293491123203767,0.0349745891632168
18.49,0.694807817500356,0.0169757727442626,-0.288763469080105,0.0354712865907335
18.5,0.720661155769521,0.01486090113593,-0.284140642922642,0.0359167715733023
18.51,0.748196711192358,0.0123711230817198,-0.279631470834259,0.0363120991192792
18.52,0.773894925633335,0.0100661468447019,-0.27525139689517,0.0366578980944594
18.53,0.799450097176186,0.00766681262032815,-0.271017204606658,0.0369549285585465
18.54,0.826809197190172,0.00488719417510414,-0.266924524467686,0.0372051517929727
18.55,0.85207918425031,0.0022960903538502,-0.262953620808605,0.037410603891479
18.56,0.877146846137237,-0.00039016320615573,-0.259056570231647,0.0375742311738363
18.57,0.904150529731707,-0.00345885619744118,-0.255135964301431,0.037700604997959
18.58,0.928821253789937,-0.00633386475677075,-0.251058196361726,0.0377942023024415
18.59,0.953229811162293,-0.00929933019695547,-0.246707848426704,0.0378579289616251
18.6,0.977347343017399,-0.0123521748031962,-0.241975675587749,0.0378934359846643
18.61,1.00354111524941,-0.0157770133551958,-0.236709026612633,0.0379025781217892
18.62,1.02701348112552,-0.0189916482963208,-0.230674207273467,0.0378880174368803
18.63,1.05004268655152,-0.0222770268573463,-0.223616784722389,0.0378528526779443
18.64,1.07512582477243,-0.0259105433644682,-0.215275641802404,0.0377983451238734
18.65,1.09701846837506,-0.0293084109282601,-0.205212598330757,0.0377287193851649
18.66,1.11806883840945,-0.0327426926689923,-0.193012680355678,0.0376440780422851
18.67,1.13805769992247,-0.0361965464829928,-0.178457992947787,0.0375312003997126
18.68,1.15954535757437,-0.0399307429709205,-0.161366217677752,0.0373736938827748
18.69,1.17669558051365,-0.04336118815764,-0.141552739040949,0.0371537648581462
18.7,1.19200200655035,-0.0467430722916244,-0.118928546262181,0.0368499650373928
18.71,1.20815635697286,-0.0503208891417234,-0.0936610951976379,0.036432264894019
18.72,1.21910012990045,-0.0535171172858052,-0.0659204373417271,0.0358819255268876
18.73,1.22754977085541,-0.0565760085594724,-0.0359794235842212,0.0351850891320318
18.74,1.23637622277868,-0.0597319484549567,-0.00427456114224604,0.0343208840839659
18.75,1.23947857849495,-0.0624271669863124,0.0288644858703099,0.0332795382007818
18.76,1.2428468369456,-0.0651559221423579,0.0630676122530455,0.0320552260212942
18.77,1.24045356163679,-0.0673788682948901,0.0978333151620501,0.030640285627775
18.78,1.22822820308585,-0.0684103534873221,0.132689772945718,0.0290358298288822
18.79,1.21394804017046,-0.0691606018373641,0.166703980714155,0.0272319066847545
18.8,1.19483273362131,-0.0694053006050126,0.198809552649679,0.0252185807450195
18.81,1.17696938573147,-0.0696279108887081,0.22849575643151,0.023018894309186
18.82,1.15757998813417,-0.069607107723805,0.25541523369649,0.0206637559005469
18.83,1.13407859926663,-0.0691490457590773,0.279419488482551,0.0181912968903538
18.84,1.11236071279533,-0.0687058327855074,0.300359418036726,0.0156350338606459
18.85,1.08979647834595,-0.0680798404073112,0.318201460109242,0.013027378839492
18.86,1.06659110552451,-0.0672927910909362,0.333064426553711,0.0104020113560452
18.87,1.04032910663824,-0.0661790259477618,0.345031639048919,0.00778471516488305
18.88,1.01639716232591,-0.0651417865002126,0.354220240798885,0.00519708014600646
18.89,0.99225673545556,-0.0640085084977501,0.360864619018363,0.00266104143810102
18.9,0.965566986605654,-0.0626288782783444,0.365280026012133,0.00019815504815564
18.91,0.941281081346863,-0.0613655937074436,0.36772147114968,-0.00217678179799458
18.92,0.916954919395601,-0.0600584256935653,0.368445150940452,-0.00445296304936903
18.93,0.892607217665501,-0.0587207106464143,0.367751884468504,-0.00662111936984353
18.94,0.866056901970536,-0.0572166578981122,0.365922032344723,-0.00867655476407916
18.95,0.841747416902412,-0.0558544316921243,0.363102881495376,-0.0106169743464687
18.96,0.81743577346581,-0.0544898368469949,0.359407363581556,-0.012440395913302
18.97,0.791109803263525,-0.0529992563490678,0.354977473193877,-0.0141446004182947
18.98,0.766875435187759,-0.0516555769869744,0.349926541689128,-0.0157297187805248
18.99,0.742671947651132,-0.0503278006833349,0.34433257437704,-0.0171981987104893
19,0.71666739704241,-0.0489045234263064,0.33828592536398,-0.0185526506608663
19.01,0.692637971000483,-0.0476260398917006,0.331883609924409,-0.0197970736150764
19.02,0.66869872612954,-0.0463741279750854,0.325210583548895,-0.0209359910581666
19.03,0.643187227746337,-0.0450489213719041,0.318340759448797,-0.021974313283616
19.04,0.619544768909241,-0.0438602239483824,0.311350017902527,-0.0229179747655028
19.05,0.594476702355348,-0.0426087673398136,0.304291078865388,-0.0237722357882073
19.06,0.571202550077627,-0.0414859839067619,0.297223374396966,-0.024541831520957
19.07,0.548109182304295,-0.0403936515231026,0.290209426148393,-0.0252319569381576
19.08,0.523795713740385,-0.0392497463614254,0.283319366999361,-0.0258478758157198
19.09,0.501154663306558,-0.0382189305291688,0.276605316784795,-0.0263940128781888
19.1,0.478728601647534,-0.0372140853352531,0.270096210513015,-0.026875163623963
19.11,0.455266507194958,-0.0361633474614919,0.26382650339809,-0.0272953828051421
19.12,0.433345924001103,-0.035207361946006,0.257826220556471,-0.0276584741574709
19.13,0.410503330364763,-0.0342070703554656,0.252115627906568,-0.0279683216801073
19.14,0.389113013524558,-0.0332886445063064,0.246718167406994,-0.028228337412742
19.15,0.366908414581546,-0.0323262918141433,0.241649440428389,-0.0284417090362982
19.16,0.346067109494687,-0.0314325827435053,0.236920060032701,-0.0286120124579586
19.17,0.325483478938539,-0.0305445943916282,0.232520076900948,-0.0287424347288215
19.18,0.304241168257906,-0.0296122217217034,0.228432231922172,-0.0288359806988027
19.19,0.284236216643005,-0.028729519641974,0.224636168388475,-0.0288951849939317
19.2,0.263676180534721,-0.0278022332459411,0.221107397658422,-0.028922355732043
19.21,0.244277909764548,-0.0269135274915286,0.21781680115378,-0.0289196507058095
19.22,0.224429216525593,-0.0259806753655172,0.214733423586316,-0.0288889222391208
19.23,0.205674812612568,-0.0250768030877908,0.21182563039671,-0.0288319237498381
19.24,0.187239734111099,-0.0241613628338963,0.209067514382237,-0.0287505130873457
19.25,0.168516324643752,-0.0232039940617789,0.206429312964987,-0.0286462794252454
19.26,0.150804076569527,-0.0222638815565328,0.203878188149731,-0.0285205637145288
19.27,0.132914021283971,-0.0212842045792336,0.201374220811676,-0.0283747011826722
19.28,0.115992835360164,-0.0203160999104638,0.198876618580886,-0.0282098644638397
19.29,0.0990073064320409,-0.0193119394223161,0.196352124182021,-0.0280265942323022
19.3,0.0829552241702025,-0.018315681027598,0.193739734117362,-0.0278262429193613
19.31,0.0669449255201027,-0.0172886898039778,0.190977942035102,-0.0276100161908104
19.32,0.0518322016208446,-0.016268771037413,0.188031769476007,-0.0273779167339891
19.33,0.0368576876094551,-0.0152252270134447,0.184862269156809,-0.027129708144315
19.34,0.0227444550397831,-0.014189948505595,0.181441942272628,-0.0268645600272059
19.35,0.00885434093753723,-0.0131393422204727,0.177750515762939,-0.0265822899931102
19.36,-0.00421322496142551,-0.0120997731627005,0.173772699640246,-0.0262827366260714
19.37,-0.0167589784999089,-0.011062264133,0.169474170076556,-0.0259652036992564
19.38,-0.0289803621367408,-0.0100236688650945,0.164825775951079,-0.0256285962909902
19.39,-0.0404440191362232,-0.00900347136723278,0.15980194350504,-0.025271564111881
19.4,-0.0515353308335484,-0.00799298255542135,0.15441233434988,-0.0248928826082852
19.41,-0.0619184174172736,-0.00700734240786402,0.148659713315,-0.0244914114102301
19.42,-0.0718968689867205,-0.00604219068080789,0.142556730524311,-0.0240653362312018
19.43,-0.0812207928267403,-0.0051086573466868,0.1361232155644,-0.0236130348744444
19.44,-0.0901219074877364,-0.0042058243727796,0.129398933905744,-0.0231328485491669
19.45,-0.0984246427165321,-0.00334081589678866,0.122426327150501,-0.0226235769522426
19.46,-0.106297296236278,-0.0025151649517681,0.115256726347879,-0.0220842026537276
19.47,-0.113627842320899,-0.00173211269636359,0.107960963323086,-0.0215148506340669
19.48,-0.120530885146799,-0.000994676950355733,0.100612987686721,-0.0209159477444274
19.49,-0.126949033511106,-0.000302355942486907,0.0932755568278641,-0.0202880283626797
19.5,-0.132949817868202,0.00034078869209245,0.0860122855196569,-0.0196322392209171
19.51,-0.138519324599448,0.000938589541610402,0.0788933501916786,-0.0189507412279098
19.52,-0.143684876919095,0.00148649313794422,0.0719818073168639,-0.0182461136136324
19.53,-0.148468084699665,0.00199124619375537,0.0653306548453815,-0.0175215312873912
19.54,-0.152861591686864,0.00244795964854217,0.0589863181619464,-0.0167804598460907
19.55,-0.156915279151403,0.00286565244852429,0.05298311392975,-0.0160265612902082
19.56,-0.160592407941095,0.00323915938157231,0.0473591842939173,-0.0152639370145723
19.57,-0.163965595877563,0.00357922229234918,0.0421315972253117,-0.0144968470072384
19.58,-0.166974528170702,0.00388035124283657,0.0373124286654519,-0.0137296804132365
19.59,-0.169710368231805,0.00415429299014673,0.0329047680319369,-0.0129668780179153
19.6,-0.172094272156305,0.00439516032111018,0.0289071464721216,-0.0122123338239035
19.61,-0.174232260629977,0.00461521113503945,0.0253101934790608,-0.0114703361465385
19.62,-0.176087085851165,0.00481280524526254,0.0220904195855499,-0.0107446490689796
19.63,-0.177610715886045,0.00498588238038963,0.0192189375748058,-0.0100386236545036
19.64,-0.178926175133524,0.00514637569255808,0.0166672202868941,-0.00935518260462728
19.65,-0.179927888039387,0.00528699965391605,0.0144041548604333,-0.00869683047586001
19.66,-0.180746915954136,0.00541912684486203,0.0123961729012169,-0.00806566082612194
19.67,-0.181272833963832,0.0055349384521082,0.0106091639658761,-0.00746336561514404
19.68,-0.181641881759121,0.00564505341759634,0.00900341889377377,-0.00689120970850144
19.69,-0.181741137390068,0.00574113601289372,0.00754529950177407,-0.00634965735767565
19.7,-0.181709482592923,0.0058329985521494,0.00620980582694185,-0.00583891160244237
19.71,-0.181433155299097,0.00591213085521264,0.00497956788366034,-0.00535860032703688
19.72,-0.181051022631445,0.00598775440451617,0.00383465901766246,-0.00490818545476629
19.73,-0.180449331646507,0.0060513679811934,0.00275443389252337,-0.00448695305956272
19.74,-0.179764892067946,0.00611154610684535,0.00172374555543999,-0.00409388374678734
19.75,-0.178884934964986,0.00615995622014753,0.000735524650705838,-0.00372771764716908
19.76,-0.177942792791061,0.00620471350500642,-0.0002149658916365,-0.0033871435846849
19.77,-0.176827590315047,0.00623787330195865,-0.00113144186158697,-0.0030707585281041
19.78,-0.175668211722667,0.00626713774524891,-0.00201748923638361,-0.00277721319982566
19.79,-0.174356454913297,0.00628500632945815,-0.00287220338677704,-0.00250503202007348
19.8,-0.173016092070043,0.00629882617648096,-0.0036950306859575,-0.00225280185298116
19.81,-0.171542229644295,0.00630161312468158,-0.00448380876270853,-0.00201916295451545
19.82,-0.170053192948625,0.00630038186616054,-0.00523616929842986,-0.00180283384422615
19.83,-0.168447907274153,0.00628868831534271,-0.00594918202911687,-0.00160254757177183
19.84,-0.166838935286946,0.00627322723667518,-0.00661999384349583,-0.00141714144775933
19.85,-0.16512954446294,0.00624808025978795,-0.00724639759092479,-0.00124551337146838
19.86,-0.16342655662288,0.00621960237987182,-0.00782655389822139,-0.00108663236798229
19.87,-0.16163789630764,0.00618236216699485,-0.00835864848898861,-0.000939520390548555
19.88,-0.159864517280479,0.00614236417480994,-0.00884133435724929,-0.00080327834951625
19.89,-0.158063415742998,0.00609718063109245,-0.0092738199078902,-0.000677057972420047
19.9,-0.15619669678212,0.00604479999396001,-0.00965683032302566,-0.000560114994059734
19.91,-0.154356330953437,0.0059906535982456,-0.00999052590646586,-0.000451740927680653
19.92,-0.152462193705825,0.00593037296411646,-0.0102754741275368,-0.000351287991220716
19.93,-0.150600201888402,0.00586901725536658,-0.0105130343063788,-0.000258168836319486
19.94,-0.148694897256213,0.0058025697490186,-0.0107046328661392,-0.00017183174675616
19.95,-0.146826166899433,0.00573571533142283,-0.0108523377181388,-9.17629582961856e-05
19.96,-0.144923087244516,0.00566475049869094,-0.0109595733162753,-1.75098389781735e-05
19.97,-0.143059649223677,0.00559397027117358,-0.0110290784843631,5.13683572685173e-05
19.98,-0.141169350131104,0.00551995424526756,-0.0110636605346903,0.000115273017275526
19.99,-0.139320498903666,0.00544662829130154,-0.0110661081292543,0.000174549331971276
20,-0.137450928851736,0.00537083824242182,-0.0110392713117529,0.000229487732060844
20.01,-0.135623577458746,0.00529615470923795,-0.0109859770951792,0.000280338401946652
20.02,-0.133780546487596,0.00521967064868147,-0.0109090564976581,0.000327314862650975
20.03,-0.131979739042344,0.00514461686602299,-0.0108112176984761,0.000370606840283674
20.04,-0.1301674422835,0.0050683172692692,-0.0106951138660787,0.000410379134208589
20.05,-0.128396860717217,0.00499368140052578,-0.0105632159417826,0.000446784015557708
20.06,-0.126618361416997,0.00491825079270359,-0.0104179204729785,0.000479956815940634
20.07,-0.124880759944396,0.00484463428794522,-0.0102614060469267,0.000510028553046107
20.08,-0.123138369454512,0.00477057930414746,-0.0100957672644026,0.000537118998113697
20.09,-0.121435911663211,0.00469841524770361,-0.00992285451625186,0.000561349542013517
20.1,-0.119731490543288,0.0046260850599796,-0.00974442982054873,0.00058283412982121
20.11,-0.118065983252878,0.00455566131623534,-0.00956199418768704,0.000601692260931023
20.12,-0.116401090388885,0.00448527359290354,-0.00937696237810484,0.000618038036552368
20.13,-0.114774070613433,0.00441676012532546,-0.00919048320450081,0.000631993118036494
20.14,-0.113150013219605,0.00434842910156799,-0.00900346992782352,0.000643680908256445
20.15,-0.111562766617303,0.00428190892158236,-0.00881672269573936,0.000653236970436789
20.16,-0.109995426121679,0.00421637258108917,-0.00863131205523251,0.000660779433945924
20.17,-0.108434130586469,0.00415116568083431,-0.00844788708559865,0.000666431673169973
20.18,-0.106908002121416,0.00408763000375474,-0.00826653330996648,0.000670320585529173
20.19,-0.105389653867207,0.00402448874919267,-0.00808745320656729,0.000672561929713585
20.2,-0.103905312176149,0.00396292563350366,-0.00791094901864359,0.000673267392304322
20.21,-0.102430248413155,0.00390180883042536,-0.00773748690825634,0.000672543007404332
20.22,-0.100987994308237,0.00384217308894769,-0.00756734826659692,0.000670503600687048
20.23,-0.0995562732216797,0.0037830189273361,-0.00740075480282232,0.000667253477407915
20.24,-0.0981561291177808,0.00372524913709222,-0.00723761069608204,0.000662901707280107
20.25,-0.0967675569785298,0.00366799106206395,-0.00707781369894394,0.000657545938617354
20.26,-0.0954093131614195,0.00361203285912161,-0.00692114082514639,0.000651286775515074
20.27,-0.0940634910910285,0.00355661904035311,-0.00676749867005931,0.000644214215391836
20.28,-0.0927467536636675,0.00350243393880617,-0.00661672178950755,0.000636421181001036
20.29,-0.0914431292242535,0.00344882694723247,-0.00646876742210953,0.000627990043934559
20.3,-0.0901673540639463,0.00339638818098064,-0.00632351023744748,0.000619005833439602
20.31,-0.0889052269343544,0.00334456055365058,-0.0061809358904942,0.00060954309487346
20.32,-0.0876697418146444,0.00329384829526397,-0.00604095094354419,0.000599678535935734
20.33,-0.0864483326884358,0.00324377697147765,-0.00590358420679244,0.000589477818149808
20.34,-0.0852524024061152,0.00319477290504226,-0.00576876472735024,0.000579009325186986
20.35,-0.0840708697627095,0.00314643490090373,-0.00563651221227677,0.000568331662326148
20.36,-0.0829136802275201,0.00309911930241081,-0.00550676249769088,0.000557504984145122
20.37,-0.0817711031887107,0.00305248953043585,-0.00537954238648533,0.000546579296713212
20.38,-0.0806517601370524,0.00300683925026695,-0.00525473751750206,0.000535607915238526
20.39,-0.079547126703658,0.00296189065103466,-0.00513230544514098,0.000524639453826335
20.4,-0.0784646041003727,0.00291788174632436,-0.00501237142065589,0.000513715025588269
20.41,-0.077396754141474,0.00287458387880652,-0.00489493333394685,0.0005028723171603
20.42,-0.0763498784890064,0.0028321856897459,-0.00477985939318166,0.000492149751347868
20.43,-0.0753202327638265,0.00279057627412762,-0.00466712907493691,0.000481575139486068
20.44,-0.0743049906325775,0.0027496871362065,-0.00455666653613101,0.000471176195905242
20.45,-0.0733090192624042,0.00270964338546127,-0.00444856533399905,0.000460968063899481
20.46,-0.0723271592546615,0.00267031935521351,-0.00434291121100962,0.000450960273353719
20.47,-0.0713634605698799,0.00263180251763272,-0.0042397040812207,0.000441162753563539
20.48,-0.0704135360471252,0.00259399836313309,-0.00413899625651798,0.000431577400932659
20.49,-0.0694807128318464,0.00255696199675782,-0.00404079208521679,0.000422205913731046
20.5,-0.0685612975494125,0.00252062588710971,-0.00394515602767523,0.000413040798851886
20.51,-0.0676579844026231,0.0024850174146162,-0.00385195766298433,0.000404080707226209
20.52,-0.0667677045723138,0.00245009413705956,-0.00376122738318918,0.000395315663574731
20.53,-0.0658925971712891,0.00241585963388527,-0.0036729636241105,0.000386737880488472
20.54,-0.065030153556652,0.00238229171847995,-0.0035871941250956,0.00037833696288516
20.55,-0.0641820268344029,0.0023493733016362,-0.00350387235952784,0.000370106863446938
20.56,-0.0633462056435095,0.00231710016098027,-0.00342298342574956,0.000362039299285852
20.57,-0.0625239156882129,0.00228543837732707,-0.00334445787440649,0.000354129738055578
20.58,-0.0617135838697642,0.00225439932173626,-0.00326826706656584,0.000346371356521691
20.59,-0.0609160658098302,0.00222393510986805,-0.00319433908894697,0.00033876075013337
20.6,-0.0601301735162796,0.00219407024642026,-0.00312265570978927,0.000331291846156921
20.61,-0.0593564332779941,0.00216474556733972,-0.0030531318323961,0.00032396160089385
20.62,-0.0585939867146292,0.00213599687156863,-0.00298572267765446,0.00031676519582101
20.63,-0.0578430748855947,0.00210775627147781,-0.00292034671945591,0.000309701095571204
20.64,-0.0571031268077151,0.00208006886230516,-0.00285696500079678,0.000302766442988913
20.65,-0.0563741389604102,0.00205285978147039,-0.00279553711274149,0.000295960445088929
20.66,-0.0556557861867235,0.00202618099303007,-0.00273604353280718,0.000289279824863002
20.67,-0.0549478593759565,0.001999952320056,-0.00267836904523137,0.000282726375845194
20.68,-0.0542502475220124,0.00197423179081093,-0.00262250351514522,0.000276298998098657
20.69,-0.0535625699104942,0.00194893512726021,-0.0025684183438946,0.000269998482626242
20.7,-0.052884709864311,0.00192408604366868,-0.00251609761471652,0.000263824882874099
20.71,-0.0522167020118181,0.00189971113345438,-0.0024654695590165,0.000257781636576436
20.72,-0.0515579589718937,0.00187572276061443,-0.00241650055477202,0.00025186992078148
20.73,-0.0509087646516448,0.00185218629264011,-0.00236913591283389,0.000246090956679858
20.74,-0.0502684243696478,0.00182901356453105,-0.00232328922028392,0.000240447558356802
20.75,-0.0496373341189189,0.00180627184490726,-0.00227889808349501,0.000234941056395393
20.76,-0.0490147115603525,0.00178387358366747,-0.00223588571172584,0.000229573973961404
20.77,-0.0484010406015374,0.00176188704002421,-0.00219420009045978,0.000224347353303427
20.78,-0.0477954703978467,0.00174022585654486,-0.00215377471046783,0.000219263154448483
20.79,-0.0471985538865871,0.00171895840784589,-0.00211456367704978,0.000214321847463571
20.8,-0.0466093888277115,0.00169800001658748,-0.00207650729565521,0.000209524581693741
20.81,-0.046028580984574,0.00167741845951923,-0.00203956442788018,0.000204871036550648
20.82,-0.0454551923705564,0.00165713112367651,-0.00200368190952122,0.000200361387678947
20.83,-0.0448898679091441,0.00163720459916466,-0.00196882354171115,0.000195994404830678
20.84,-0.0443316475887547,0.00161755864492191,-0.00193494258702281,0.000191769233176762
20.85,-0.0437812038523235,0.00159825821773738,-0.00190200753033535,0.000187683715839433
20.86,-0.0432375651728361,0.00157922573800339,-0.00186997744462746,0.000183736000810433
20.87,-0.0427014205845468,0.00156052417577088,-0.00183882495520989,0.000179923061804687
20.88,-0.0421717983801031,0.00154207872632754,-0.00180851436929885,0.000176242139376463
20.89,-0.0416493983023489,0.0015239499952487,-0.00177902192281996,0.000172689448830256
20.9,-0.0411332584344564,0.0015060660393829,-0.00175031614516186,0.000169261479825349
20.91,-0.0406240797379613,0.00148848496778363,-0.00172237561273114,0.000165953870428125
20.92,-0.0401209135925793,0.00147113788671862,-0.00169517173698629,0.000162762557075554
20.93,-0.0396244550584317,0.00145408031948699,-0.00166868454442381,0.000159682776131482
20.94,-0.0391337751320062,0.00143724650758723,-0.00164288798626332,0.000156710077002302
20.95,-0.0386495581137396,0.00142068933266466,-0.00161776418100404,0.000153839459923696
20.96,-0.0381708998579366,0.00140434621270418,-0.00159328954692718,0.000151066272973479
20.97,-0.0376980891062439,0.00138824067704254,-0.00156944741534199,0.000148385458222107
20.98,-0.0372313942670566,0.00137239330027059,-0.00154621272342727,0.00014579246405033
20.99,-0.0367699565166948,0.00135674645003229,-0.00152357157747828,0.00014328233258693
21,-0.0363144185212949,0.00134134605673136,-0.00150150994832188,0.000140850207367697
21.01,-0.0358367179314589,0.0013410283343906,0.00118611159330811,0.000301694216938141
21.02,-0.0353041000444954,0.00136602937430228,0.00354222007736058,0.000455969531633793
21.03,-0.0347176656074684,0.00141203852531442,0.00543249931908515,0.000580664667956339
21.04,-0.0340811570615331,0.00147440798662289,0.00685842949537459,0.000678196162060662
21.05,-0.0333974219373818,0.00154859282618038,0.00784846962537697,0.000751959846380532
21.06,-0.0326709123458722,0.00163047773016476,0.00844086449055586,0.000805292097162904
21.07,-0.0319050020051099,0.0017162727082876,0.00867789542276477,0.000841350560054216
21.08,-0.0311044732765771,0.00180270608017901,0.00860418810023803,0.000863053219620927
21.09,-0.0302729501997883,0.0018868980477977,0.00826853239550054,0.000873157902593954
21.1,-0.0294152496722431,0.00196651913122563,0.00771653230985534,0.000874070819469668
21.11,-0.0285349801942116,0.00203962033012095,0.00699380867902785,0.000867966623601279
21.12,-0.0276367650164202,0.00210477176266056,0.00614394779170325,0.000856757114468626
21.13,-0.0267239675633428,0.00216089183282451,0.00520701651796222,0.000842077993702827
21.14,-0.0258008178260605,0.00220734838776169,0.00422001565809827,0.000825285630725545
21.15,-0.0248702789484403,0.00224379826466099,0.00321630150857243,0.000807509609986028
21.16,-0.0239360567713058,0.00227025751273779,0.00222237995725842,0.000789601339709431
21.17,-0.0230006353031378,0.00228691441565929,0.00125937405634131,0.000772177454333845
21.18,-0.0220671655382496,0.00229421126689147,0.000345877894953761,0.000755740552513838
21.19,-0.0211376057544514,0.00229270251323198,-0.000503389794368924,0.00074064294874706
21.2,-0.0202145076143383,0.00228311706128275,-0.00127801219308719,0.000727102209591239
21.21,-0.0192992977085904,0.00226621762444064,-0.00197136891979365,0.000715227467473988
21.22,-0.0183939516077523,0.00224286179157811,-0.00258005196783598,0.000705047315544829
21.23,-0.0174993996893082,0.00221388183947509,-0.0031031667016251,0.000696524565511447
21.24,-0.01661691489742,0.00218014018454657,-0.00354197469736093,0.000689576239435144
21.25,-0.0157475160415812,0.00214247402806456,-0.00389959219206443,0.000684091880057629
21.26,-0.0148914964626314,0.00210165350141545,-0.00418038421347053,0.000679949170521469
21.27,-0.0140496324234833,0.00205843863052651,-0.00438931653685125,0.00067702266508017
21.28,-0.013221865214244,0.00201349599005475,-0.00453307185249907,0.000675211637055662
21.29,-0.0124085934452154,0.00196745396735556,-0.00461904255384868,0.000674433343984236
21.3,-0.01160946555291,0.00192083120693094,-0.00465540870405254,0.000674588780907575
21.31,-0.0108246031729662,0.0018740910570153,-0.00465021313997928,0.000675518643568367
21.32,-0.0100534778386336,0.00182761101734087,-0.00460784577158513,0.000677158113876512
21.33,-0.0092960128816042,0.00178174370381658,-0.00453453025073706,0.000679361518260518
21.34,-0.00855158149041735,0.00173674782875414,-0.00443711502881023,0.000681959245456045
21.35,-0.00782001972152191,0.00169284179295344,-0.00432176789508714,0.000684811124535442
21.36,-0.00710067993850849,0.00165016402022886,-0.00419370793198323,0.000687818701022913
21.37,-0.00639334895463151,0.0016088265657695,-0.00405752800241721,0.00069090595752068
21.38,-0.00569738053635849,0.00156888073022886,-0.00391650823093581,0.0006940419846437
21.39,-0.00501252619135961,0.00153036839997163,-0.00377372782362243,0.000697207644941049
21.4,-0.00433815295489381,0.00149328132136676,-0.00363197563040463,0.000700380346085102
21.41,-0.00367400608477642,0.00145760727938969,-0.0034930947896345,0.000703548701082172
21.42,-0.00301949159366899,0.00142330055248332,-0.0033585748378097,0.000706696223342053
21.43,-0.00237437173603983,0.00139031829881262,-0.00322965417763107,0.000709797901795449
21.44,-0.00173811478093988,0.00135859110083214,-0.00310733475799264,0.000712822890398768
21.45,-0.00111052382592458,0.00132805559020537,-0.00299234393968154,0.000715738179869935
21.46,-0.000491145271261928,0.00129862895896741,-0.00288512301612354,0.000718510960017107
21.47,0.000120165643513026,0.00127023843023829,-0.00278584546144719,0.00072110978030628
21.48,0.000723781143512348,0.00124279860718227,-0.00269445785479032,0.000723504834851623
21.49,0.00131979259135839,0.00121623710753906,-0.00261072661324781,0.000725668154998088
21.5,0.00190849473940613,0.00119047391270482,-0.00253428472247271,0.000727573758237056
21.51,0.00248997962882491,0.00116544111245481,-0.00246466970064954,0.00072919806618726
21.52,0.00306432326599904,0.00114107512984593,-0.00240136280062065,0.000730520299473039
21.53,0.00363172065134609,0.00111731148591268,-0.00234381212338383,0.000731523094842319
21.54,0.00419215616241608,0.00109410016129692,-0.00229130744225417,0.000732195377711482
21.55,0.00474577560438938,0.00107139014292401,-0.00224331061320675,0.000732535908187637
21.56,0.00529254318064432,0.00104914187780862,-0.00219942922234644,0.000732548574867115
21.57,0.00583257101123547,0.00102731252462786,-0.00215939522100303,0.000732238440217571
21.58,0.00636580818715693,0.001005866701746,-0.00212310079850475,0.000731592701396238
21.59,0.00689233373922171,0.000984768747528975,-0.00208964263165263,0.000730625172510888
21.6,0.00741208883870481,0.000963997519945476,-0.00205822981144927,0.00072933861567771
21.61,0.00792513478839041,0.000943532718752643,-0.00202845973640557,0.000727742522715772
21.62,0.00843141238124812,0.00092335947451469,-0.0020004127568622,0.000725840525409179
21.63,0.00893097093290596,0.000903459564910722,-0.00197385555029279,0.000723654690797797
21.64,0.0094237608950305,0.000883821463910434,-0.00194849832632904,0.000721214588887328
21.65,0.00990983436983761,0.000864432636100332,-0.00192413445150889,0.000718551011193745
21.66,0.010389160146075,0.000845285292105863,-0.00190064676626428,0.000715695051743157
21.67,0.0108617975600049,0.000826369553515325,-0.00187797952513798,0.000712678269817866
21.68,0.0113277351594325,0.000807678527893887,-0.00185610902286434,0.000709532823250286
21.69,0.0117870414182963,0.000789203115000963,-0.00183502386716041,0.000706291178169737
21.7,0.012239724961808,0.000770936454712412,-0.00181471141756568,0.000702985666976749
21.71,0.0126858642696774,0.000752869960430758,-0.00179515102354906,0.000699647844240638
21.72,0.0131254870691304,0.000734997001836184,-0.00177630932268486,0.000696307907668989
21.73,0.0135586810855788,0.000717309876749429,-0.00175813910127317,0.00069299407696104
21.74,0.0139854909336172,0.000699802730659099,-0.00174057844797954,0.000689732127435086
21.75,0.0144060120633895,0.00068246929745483,-0.00172354554217296,0.000686544966025232
21.76,0.0148203034994356,0.000665305473846137,-0.00170689805537123,0.000683453922450598
21.77,0.0152284672759126,0.000648307340260433,-0.00169057344387861,0.000680477883612521
21.78,0.0156305750276369,0.000631472252826105,-0.00167451489441879,0.000677632738227638
21.79,0.0160267331122252,0.000614797459965553,-0.00165868007655079,0.000674928790617154
21.8,0.0164170266973818,0.000598281382607636,-0.00164295976276664,0.000672371599440908
21.81,0.01680154424223,0.000581923506891662,-0.00162722890906067,0.000669962101327042
21.82,0.017180389952391,0.000565724545801934,-0.00161135800307357,0.000667697479053134
21.83,0.0175536463640595,0.000549686514930922,-0.00159523405467532,0.000665571979138513
21.84,0.0179214130481267,0.000533812445747995,-0.00157876458364055,0.000663577443658284
21.85,0.0182837715516859,0.000518106106909443,-0.00156187757456589,0.000661703830306837
21.86,0.0186408155970161,0.000502572025695852,-0.00154452154861137,0.000659939650174457
21.87,0.0189926243042207,0.000487214919797893,-0.00152666472192021,0.000658272435269037
21.88,0.0193392849617533,0.000472039997041818,-0.00150829472844689,0.000656689131642918
21.89,0.0196808734522298,0.000457052156996908,-0.00148941713007304,0.000655176510126481
21.9,0.0200174704040981,0.000442256403653176,-0.00147009564758042,0.000653719897683271
21.91,0.0203491468793562,0.000427656475080569,-0.00145037235456621,0.000652304081948219
21.92,0.0206759762756148,0.000413257041032824,-0.00143018563648167,0.000650918612451591
21.93,0.0209980263321814,0.000399062229214337,-0.00140957770591563,0.000649551281644637
21.94,0.0213153650323932,0.000385076082964998,-0.00138864853243893,0.000648191967446822
21.95,0.0216280568141238,0.000371300523099822,-0.00136756266095863,0.000646830798432679
21.96,0.0219361645579266,0.00035773689760444,-0.0013464006947106,0.000645462315305927
21.97,0.0222397507129246,0.000344385325968077,-0.00132521738507464,0.000644083017589953
21.98,0.0225388754043641,0.000331245983326941,-0.00130407540537378,0.000642690097930068
21.99,0.0228336000338825,0.000318317702475333,-0.00128304936897359,0.000641281364683811
22,0.0235922053479687,0.00379787058707398,-0.00126221810760645,0.00063985549047774
22.01,0.0244560212576674,0.0060989118434935,-0.0034566674811902,0.000564977097547965
22.02,0.0254796052508341,0.00831364251281389,-0.0106583137530765,0.000305823913399742
22.03,0.0265991166816146,0.0104455763474111,-0.0212022786025314,-1.78844220569254e-05
22.04,0.0277840755726055,0.0124130876968983,-0.0342113930699174,-0.000339514026037299
22.05,0.0290882777291381,0.0143087365877238,-0.0489674292677814,-0.000613655167311956
22.06,0.0306087890135416,0.0160699835615887,-0.0648416273490982,-0.000808011329837931
22.07,0.0324646466482248,0.0177698923251797,-0.0813464710042267,-0.000903990045273292
22.08,0.0347853329506309,0.0195092826233466,-0.0980865218017676,-0.000891442184786186
22.09,0.0377078345780362,0.0211771871579969,-0.11480902445169,-0.00076904362795789
22.1,0.0413423058508808,0.0229373009167559,-0.131361420857939,-0.000541548829486783
22.11,0.0458029398826296,0.0246301660630034,-0.147616867809446,-0.000214352587424195
22.12,0.0511375455101026,0.0264284579817283,-0.163502636648967,0.000204194516425321
22.13,0.0574387893368282,0.0281297207748822,-0.178922024212917,0.00070857439596719
22.14,0.0646861396991891,0.0299247926680443,-0.193821781151697,0.00129122872815998
22.15,0.0729808528951841,0.0315789311132963,-0.208091191183323,0.00194802991580186
22.16,0.0822331414589907,0.0333089791111865,-0.221647002197667,0.00267375247504545
22.17,0.0925842097260769,0.0348552126637125,-0.234364601026025,0.00346523205388376
22.18,0.103868330152994,0.0364644724855842,-0.246195090480656,0.00431716272230075
22.19,0.116294783037235,0.0378553644444751,-0.257058408529196,0.0052253064887553
22.2,0.129607716154688,0.0393044299913567,-0.266915204016543,0.00618246149747113
22.21,0.144105148812654,0.040508804485868,-0.275715229495051,0.00718269889527444
22.22,0.15942065378046,0.041772856025119,-0.283438403196331,0.00821873588436135
22.23,0.175958941100905,0.0427720929353938,-0.290053546351871,0.00928385439799995
22.24,0.193222366955356,0.0438370221304153,-0.295533614912554,0.0103713664262027
22.25,0.211741088529759,0.0446222352786337,-0.299799163737929,0.0114768220291421
22.26,0.23086900081955,0.0454838654819038,-0.302814770765346,0.0125941418353366
22.27,0.250869210061666,0.046248292443451,-0.304588345902275,0.0137153722728457
22.28,0.27216573396665,0.0467196118644117,-0.305161061897192,0.0148319839950321
22.29,0.293858137219862,0.0472897203274274,-0.304616193533613,0.015934461326847
22.3,0.316871889960309,0.0475612051684569,-0.30305059039299,0.0170137996759619
22.31,0.340118146664442,0.0479463331141503,-0.300563897592149,0.0180618734329227
22.32,0.364707160717292,0.0480272837862987,-0.297272258590263,0.019071658210769
22.33,0.389347620025107,0.0482350495624136,-0.293239673789609,0.0200381267971428
22.34,0.414594641472519,0.0483595074112822,-0.288517054167361,0.0209584700466091
22.35,0.441216565872919,0.0481716742780325,-0.283132956081656,0.021830278654465
22.36,0.46760696981783,0.0481320800434829,-0.277157268266231,0.0226488163512766
22.37,0.495405391292532,0.0477774658143101,-0.270686925198351,0.0234087790736725
22.38,0.522783451656093,0.0475843453646231,-0.26381912722,0.0241062034344013
22.39,0.550569375459511,0.0473196260085625,-0.256655260041123,0.0247370668414991
22.4,0.579825666635221,0.0467334055738173,-0.249273496929193,0.0252989863493444
22.41,0.60837817450667,0.0463249875153617,-0.241751613517045,0.0257900047430472
22.42,0.637232503223561,0.0458480109925919,-0.234148729220617,0.0262091430285886
22.43,0.66763654607943,0.0450412750647765,-0.226495460387299,0.0265570735032881
22.44,0.697059183423114,0.0444246435489428,-0.218859030095924,0.0268328848462592
22.45,0.728094040948706,0.0434729573729592,-0.21130812802878,0.0270357062716199
22.46,0.757966465855589,0.0427164676158255,-0.203880820997689,0.0271669457206665
22.47,0.787991068038364,0.0418907644291725,-0.196605000730614,0.0272286203331312
22.48,0.819732602624112,0.0407199788574245,-0.18950569167106,0.0272230054600801
22.49,0.850048050823262,0.039749911515384,-0.182613147968618,0.0271528740888227
22.5,0.880443313104284,0.0387073475451635,-0.175955293192948,0.0270212049664518
22.51,0.91267615956212,0.0373097751280778,-0.16954938715572,0.0268308469831582
22.52,0.943231775044651,0.0361152324427916,-0.16339731958798,0.026585076293727
22.53,0.973808018261237,0.0348435913203165,-0.157505229069327,0.0262869963386045
22.54,1.00438796173394,0.0334930760672974,-0.151896812369749,0.025939835640277
22.55,1.03698609207303,0.0317747342670767,-0.146595200829791,0.0255471777120735
22.56,1.06759043703104,0.0302587051870519,-0.141610641667083,0.0251123078506617
22.57,1.09815357153776,0.0286573017621225,-0.136955856126544,0.0246385757058073
22.58,1.13087590018597,0.0266789951629485,-0.132654359444702,0.0241298211957496
22.59,1.16136166038699,0.0248968618662853,-0.128727615918328,0.0235901105265213
22.6,1.19173617406029,0.0230191673451108,-0.125199854871125,0.0230237101381327
22.61,1.22436354110143,0.0207527582900848,-0.122088710808178,0.0224351142253766
22.62,1.25444376592687,0.0186688643079777,-0.119401741203675,0.0218287023378959
22.63,1.28424584085227,0.0164732299291152,-0.117146376926046,0.021208882969145
22.64,1.3136681670359,0.0141587424573539,-0.115322281030268,0.0205798282541341
22.65,1.34520967244401,0.0114317394082634,-0.113923349749834,0.019945536892598
22.66,1.37343661193902,0.00885408283742328,-0.112955277553586,0.019310351774723
22.67,1.40068776541411,0.00612970594363943,-0.11241821616334,0.0186785361981028
22.68,1.42949391779283,0.0029690719498299,-0.112304493382757,0.0180539959939167
22.69,1.45399090721435,-7.45502659202646e-05,-0.112657772334531,0.0174385815081295
22.7,1.47663140213703,-0.00328970862802158,-0.1135656498824,0.0168324625407931
22.71,1.50006550755556,-0.0069539801114092,-0.115086561179704,0.0162380913148282
22.72,1.51819365496609,-0.0105220392415506,-0.117279394822879,0.0156582061644278
22.73,1.53368533095708,-0.014268857245202,-0.12022964666351,0.0150949985200548
22.74,1.54936321580576,-0.0184563171159714,-0.124009897875499,0.0145515989871853
22.75,1.5590759953693,-0.0225508980305926,-0.128607060247651,0.0140343301596205
22.76,1.56876117703541,-0.0270673454439376,-0.133977735308505,0.0135510379722792
22.77,1.5723379974679,-0.0314815414473226,-0.140057603772357,0.0131089477632203
22.78,1.56567671458233,-0.0351164187472436,-0.146467198014399,0.0127244610255867
22.79,1.55651626520371,-0.0388780418309916,-0.152343348544294,0.0124302678163268
22.8,1.54205168010064,-0.0425157749331836,-0.156560612748652,0.0122615216328853
22.81,1.52836810101595,-0.0464657827628208,-0.157390999523687,0.0122662015405948
22.82,1.51271035251672,-0.0504355415170839,-0.152855231955164,0.0124947237149928
22.83,1.49253856585573,-0.0541400879684242,-0.14152444189319,0.0129486742504032
22.84,1.47380553032241,-0.0579293709757572,-0.122884001569159,0.013568660281651
22.85,1.45393270695838,-0.0615032942096031,-0.0973522912754824,0.0142631068161945
22.86,1.43051849501679,-0.0645947404244896,-0.0658230762448794,0.0149352794865107
22.87,1.4091269049931,-0.0675375219521551,-0.0296588129270306,0.0154903824322741
22.88,1.38721780872666,-0.0700872194585476,0.00955649076010704,0.0158467492868152
22.89,1.36491060131705,-0.0722159512575445,0.0504044760164503,0.0159467561333468
22.9,1.33986436431311,-0.0737404852670908,0.0916439577877056,0.0157551998319361
22.91,1.31703129447708,-0.0750047120657205,0.132214698810884,0.0152592109572918
22.92,1.29395987010627,-0.075841929801404,0.171204636927377,0.0144631903572709
22.93,1.26841455992895,-0.0761174813860282,0.20787317988248,0.0133858138510614
22.94,1.24495652022131,-0.0761673315363396,0.241577428187449,0.0120525898054809
22.95,1.22128357710533,-0.0758644596418896,0.271785486528164,0.0104930875945473
22.96,1.19532353422301,-0.0751086468876696,0.298135581544672,0.00874131339077144
22.97,1.17129600322706,-0.0742170986306282,0.320380856802835,0.00683161428205226
22.98,1.14707904772274,-0.0730890708346478,0.338421039652042,0.00479894251021096
22.99,1.12078212780323,-0.0716449842474747,0.352287426594674,0.00267872093150607
23,1.09629620483104,-0.0701723454270707,0.362178742308451,0.000507354399041521
23.01,1.0716823996411,-0.0685822870412924,0.368475359311774,-0.00167637261135002
23.02,1.04522939821543,-0.066801239325108,0.371643293221974,-0.00383757893357826
23.03,1.0205024484442,-0.065075824871388,0.372133989187869,-0.00594738040522122
23.04,0.995738231626117,-0.0633188896377545,0.370341058935483,-0.00798005669576307
23.05,0.969394293326635,-0.0614576217116895,0.366639793004483,-0.00991332352012082
23.06,0.944708963496042,-0.0597005058194832,0.361330951128597,-0.0117294717479684
23.07,0.920086084949013,-0.0579642648837943,0.354661474398209,-0.0134148722610323
23.08,0.894142525295779,-0.0561799153319279,0.346895422379049,-0.0149601054166619
23.09,0.869791445233798,-0.0545233789622756,0.33826812690097,-0.0163606851899575
23.1,0.844280467805119,-0.0528433670349683,0.328974975397486,-0.0176154839124409
23.11,0.820308910172719,-0.0512964564057055,0.319231469609209,-0.0187259567680061
23.12,0.796535822436172,-0.0498085441443561,0.309235865166532,-0.0196967008281251
23.13,0.771819888785805,-0.0483185860190579,0.299135802691678,-0.0205334343235177
23.14,0.748547810502247,-0.0469561652795014,0.289056843673478,-0.0212425995758974
23.15,0.724459736958633,-0.0455978973778035,0.279094395998147,-0.021831386322514
23.16,0.701741878538556,-0.044358157509511,0.269326955376112,-0.0223069846731864
23.17,0.678324053216398,-0.0431248441006077,0.259832677321345,-0.0226765798779039
23.18,0.65619959192235,-0.0419982341022869,0.250693808419851,-0.0229480313236224
23.19,0.634361321468023,-0.0409209506468718,0.242010767217067,-0.0231314527482403
23.2,0.611984268890161,-0.0398466603005898,0.233849916827403,-0.0232364921309806
23.21,0.590785721612163,-0.038855611575503,0.226252599309838,-0.0232716976848416
23.22,0.569149887547732,-0.0378615262103199,0.219229867519409,-0.0232448870943469
23.23,0.548620231874214,-0.0369337753612806,0.212770849333863,-0.0231634936163638
23.24,0.52775491819233,-0.0359964313133889,0.206865044971844,-0.0230347709039714
23.25,0.507931030526427,-0.0351092130259594,0.201488808213401,-0.0228656654548946
23.26,0.488456709951932,-0.0342330682845541,0.196606087538176,-0.0226620091122554
23.27,0.468801004547794,-0.0333385442898687,0.192167461900585,-0.0224289804195487
23.28,0.4501078164112,-0.0324728564238534,0.18812795511644,-0.022170992390335
23.29,0.431339532098799,-0.0315844615737734,0.184444729058435,-0.021892443044903
23.3,0.413491631775864,-0.0307135149215017,0.181058181951712,-0.0215973489255801
23.31,0.395669433776835,-0.0298175001816069,0.177903171524134,-0.02128897492687
23.32,0.378726878827246,-0.028930591235011,0.174911533758428,-0.020970207581006
23.33,0.361902523341346,-0.0280187468643796,0.172019400738154,-0.0206432566070805
23.34,0.345917734700232,-0.0271107695087383,0.169171930059163,-0.020310158796347
23.35,0.330133063161771,-0.0261802544842042,0.166319020234575,-0.0199724363063013
23.36,0.315146428253612,-0.0252511482131926,0.163398390419989,-0.0196313828068804
23.37,0.300428950508038,-0.0243041401242874,0.160358076325291,-0.019287529769409
23.38,0.286465256229324,-0.0233589574884973,0.157150567972799,-0.0189409733927197
23.39,0.272825419958476,-0.022402658171977,0.153718735619158,-0.0185919593976958
23.4,0.259891090599156,-0.0214513479652541,0.150026867802705,-0.0182401435043132
23.41,0.247320068609216,-0.0204975016732582,0.146072046997868,-0.0178848151781617
23.42,0.235401762002894,-0.0195533247424516,0.141854411200103,-0.0175249037820045
23.43,0.223972055539531,-0.0186175430435718,0.137376928325339,-0.0171586262843753
23.44,0.212938613610803,-0.0176926397922358,0.132634326229311,-0.0167844684027178
23.45,0.202475021518102,-0.0167856128907673,0.12764463985654,-0.0164006069593575
23.46,0.19241561526515,-0.0158981491990288,0.122426168692477,-0.016005995578078
23.47,0.182870307063531,-0.0150340279470839,0.117004382867885,-0.0155996390203254
23.48,0.173728062583192,-0.0141972718575694,0.111412707917304,-0.015180288714674
23.49,0.165044121391564,-0.0133886796291767,0.105689335561205,-0.014747069613633
23.5,0.156754435106652,-0.0126138262530788,0.0998856412301298,-0.014299186319009
23.51,0.148870685820784,-0.0118704765720662,0.0940562397351226,-0.0138369179907871
23.52,0.141369359646785,-0.0111650275747631,0.0882444346918559,-0.0133611086549068
23.53,0.134226284887651,-0.0104926776364392,0.0824930062064711,-0.012872547392914
23.54,0.127452872652692,-0.00986034765624405,0.0768502784975783,-0.0123720414550435
23.55,0.120996845810242,-0.00926090112311513,0.0713668531991872,-0.0118612491022209
23.56,0.114899178643932,-0.00870130377044629,0.0660885809145164,-0.0113422380043756
23.57,0.109084981213946,-0.00817247525018302,0.0610464611130497,-0.0108173531630889
23.58,0.10361906893652,-0.00768146647742637,0.0562648953276271,-0.0102890830100685
23.59,0.098408272736682,-0.00721790701952207,0.0517641731968085,-0.00976015908183334
23.6,0.0935360863812298,-0.00678892054021075,0.0475591298785374,-0.00923333216248746
23.61,0.0888946256782506,-0.00638333418418989,0.043651134434765,-0.0087115503183971
23.62,0.0845813341552011,-0.00600845990120203,0.0400384613972019,-0.00819769472933833
23.63,0.0804764430149056,-0.00565283737375452,0.0367164403057,-0.00769442247200173
23.64,0.0766870823069277,-0.00532396638032893,0.0336749189512722,-0.00720405971651998
23.65,0.0730843175064453,-0.0050104402391942,0.0309006607585975,-0.00672875427741845
23.66,0.0697813525011344,-0.00471996676079302,0.0283766156194364,-0.00627046215732883
23.67,0.0666427679078703,-0.00444150446203776,0.0260771459895678,-0.00583091413032143
23.68,0.0637853492791856,-0.00418301385449227,0.023984940326522,-0.00541106480781411
23.69,0.0610700785713187,-0.00393393737824716,0.0220832243354853,-0.00501160221922517
23.7,0.0585505644396578,-0.00369783275888534,0.0203511715644599,-0.00463314344912954
23.71,0.0562807960741645,-0.00347815642151503,0.0187630315319499,-0.00427612403269679
23.72,0.0541206720381291,-0.00326535130304262,0.0172985881038162,-0.0039405650235803
23.73,0.0521884206642498,-0.00306747946126223,0.0159395393338256,-0.00362617203571534
23.74,0.0503460494696155,-0.00287561978384052,0.0146695199814846,-0.00333238036912845
23.75,0.0487106559004908,-0.00269766736744723,0.0134796886225801,-0.00305833625839162
23.76,0.0471478048856675,-0.00252522118097708,0.0123599697453766,-0.00280310951578224
23.77,0.0457724997708429,-0.00236586938386514,0.0113025554427397,-0.00256564469359237
23.78,0.04445485188765,-0.00221171447251377,0.0103009572756959,-0.00234486100677635
23.79,0.0433070048141659,-0.00206996022976013,0.00935127701542609,-0.00213961592613784
23.8,0.0422042670587808,-0.00193315790134863,0.00845059951393234,-0.00194880126660062
23.81,0.0412552528051779,-0.00180805724312277,0.00759787864396905,-0.00177132856692844
23.82,0.0403407942788099,-0.00168761479859519,0.00679247501204538,-0.00160617980573729
23.83,0.0395654328657096,-0.00157809158502089,0.00603420635905411,-0.00145238343018638
23.84,0.038815813346843,-0.00147283736178725,0.00532228079321613,-0.0013090407854507
23.85,0.0381918833310031,-0.00137764452755238,0.00465576998568572,-0.00117531265948549
23.86,0.0375860441044862,-0.00128627002084001,0.0040345177301729,-0.00105038076797745
23.87,0.0370933009905752,-0.00120406439700178,0.00345610993234067,-0.000933538577595606
23.88,0.0366118925465035,-0.00112521075721826,0.00291916505721007,-0.00082412304829517
23.89,0.0362317167404302,-0.0010546534076668,0.00242301917321644,-0.000721507469170636
23.9,0.0358569309273367,-0.00098697523906618,0.00196722956210399,-0.000625129222579439
23.91,0.0355723239476764,-0.000926717232336537,0.00155061544369464,-0.000534483841455169
23.92,0.0352880237859137,-0.000868863318131289,0.00117074093294717,-0.000449152125205611
23.93,0.0350837645301008,-0.000817603167280018,0.00082547359050357,-0.00036874453253145
23.94,0.034875631001271,-0.000768323038818308,0.000512970675184655,-0.000292915066244156
23.95,0.0347384217758206,-0.000724873700176096,0.000231519030816753,-0.000221373588386964
23.96,0.0345940909746352,-0.000683018964174709,-2.03070075083699e-05,-0.000153873992802169
23.97,0.0344782796675083,-0.000644516848429506,-0.000244197557146444,-9.02089843655158e-05
23.98,0.0344216875455503,-0.000610789981458745,-0.000441633983615319,-3.01936678341868e-05
23.99,0.0343547345310709,-0.000578148333576223,-0.000614276043202382,2.63204765479501e-05
24,0.0447624765853889,-0.00536862762637503,-0.000763646983031287,7.94618491143031e-05
24.01,0.0435301591905179,-0.00756864356954491,0.00180647099902542,0.000218793497172884
24.02,0.0421955930005202,-0.00971489246620209,0.0101721468172917,0.00056772293890407
24.03,0.0408209993663402,-0.0117156806515948,0.0219081645034546,0.000965904346370489
24.04,0.0394370489737836,-0.0136138772007339,0.0360364388561634,0.00134353199716336
24.05,0.0379649189862568,-0.0153566985710728,0.0518094340546503,0.00165610062555891
24.06,0.0363024086343506,-0.0170674956264026,0.0686123528905061,0.00187474370619927
24.07,0.0343140213387356,-0.0186726204513227,0.0859466899424284,0.00198199405219903
24.08,0.0318765830954184,-0.0203216663802337,0.103482999374876,0.00197313644284888
24.09,0.0288433254885219,-0.0219015661034306,0.120980849543208,0.00184887706002046
24.1,0.0251192210636808,-0.0235734801391059,0.13834092197662,0.00161781970202748
24.11,0.0205839722645718,-0.0251744693065834,0.155491055463967,0.00128813757314695
24.12,0.0152093441537164,-0.0268741744157731,0.17243816683133,0.000871454874417004
24.13,0.00889706072959795,-0.0284660241858309,0.189147705159505,0.00037499865524588
24.14,0.0016908985051689,-0.0301372973455919,0.205628896485129,-0.000192075191947377
24.15,-0.00651704095418681,-0.0316488834038386,0.221809483738621,-0.000826201193187024
24.16,-0.0156111203072529,-0.0332138921644879,0.237647359595663,-0.00152168144550326
24.17,-0.0257410344888658,-0.0345684186553582,0.252990026234346,-0.00227888597139624
24.18,-0.0367142936296558,-0.0359567264795122,0.267689559219369,-0.0030967179867192
24.19,-0.0487523489713102,-0.037095225683681,0.28160533340781,-0.00397461237881654
24.2,-0.0615719218586257,-0.0382592548000504,0.29465879033402,-0.0049068933012985
24.21,-0.0754856914970223,-0.0391447748052996,0.306755092957169,-0.00589061037527348
24.22,-0.0900990502146994,-0.0400557291724017,0.317860680046632,-0.00691871095851201
24.23,-0.105833442637421,-0.0406668859113498,0.327926090082329,-0.00798755295288075
24.24,-0.122161767473973,-0.0413083282021459,0.336960149441378,-0.00909012131665889
24.25,-0.13963209082288,-0.0416330793476925,0.344971338390459,-0.0102227997393809
24.26,-0.157565829060566,-0.0419951603769873,0.351984240771183,-0.0113785948199418
24.27,-0.17665605184835,-0.0420266290725333,0.357985385284026,-0.012552628082529
24.28,-0.196056434730934,-0.0421051135831201,0.362993262444903,-0.0137375931393285
24.29,-0.21610829275132,-0.0420453203959978,0.367020134899068,-0.0149280052494901
24.3,-0.237331784184196,-0.0416404491946771,0.37013772481202,-0.0161163727543372
24.31,-0.258602440769292,-0.0413020401598835,0.372375591365657,-0.0172975218888808
24.32,-0.281053626146775,-0.0406123640324335,0.373787599523205,-0.018467155170662
24.33,-0.303358567319325,-0.0400026196726779,0.37443884747456,-0.0196203719588641
24.34,-0.326852746018724,-0.03903656510815,0.374401445041972,-0.020754179360164
24.35,-0.349998929069666,-0.0381636924018016,0.373746495674296,-0.0218648268736118
24.36,-0.37346722954083,-0.0371650525028481,0.372544561820173,-0.0229501815507192
24.37,-0.398152445792019,-0.0358035138697849,0.370867421366182,-0.0240075408293141
24.38,-0.422188032914348,-0.0345552798835871,0.368756503034318,-0.0250354717968148
24.39,-0.446414965795959,-0.033188124480905,0.366256830974415,-0.0260329050231831
24.4,-0.471910188947418,-0.0314534342462484,0.3634147111431,-0.0269973031176305
24.41,-0.49646121958399,-0.0298513866252539,0.360262654046888,-0.027927843773615
24.42,-0.522327443764832,-0.0278804038765232,0.356821098217582,-0.0288237809547774
24.43,-0.547058729845749,-0.0260539580704207,0.353104112752475,-0.0296834628927666
24.44,-0.571799957647849,-0.0241214489752752,0.349122849028916,-0.0305062218444905
24.45,-0.597944161339785,-0.0218189963783006,0.344906753154812,-0.0312907164532036
24.46,-0.622677959985827,-0.0196793668180008,0.340428743256033,-0.032036690997983
24.47,-0.647336300736721,-0.0174428489986102,0.335662307217011,-0.0327437907434814
24.48,-0.673505748249549,-0.0148387421639155,0.330605082390335,-0.033410133313387
24.49,-0.698003679011809,-0.0124166018487494,0.325197097948248,-0.0340358619819321
24.5,-0.722358924262184,-0.0099100162655878,0.31937200275596,-0.0346211986790278
24.51,-0.748354214838865,-0.00704409732858982,0.313088174970813,-0.0351637654651452
24.52,-0.772435755104084,-0.00438294998262331,0.306211217588029,-0.0356637566527917
24.53,-0.7963288786084,-0.00165665213934182,0.298599584122176,-0.0361212885502075
24.54,-0.822014019499478,0.00141031913347905,0.290158569462302,-0.036532712239717
24.55,-0.845567480052877,0.00424088578409251,0.280663902684182,-0.0368979910661275
24.56,-0.868913253112116,0.00710465088832207,0.26990207331584,-0.0372157671171865
24.57,-0.892048016961868,0.00998793892637259,0.25779184435778,-0.037476400267627
24.58,-0.917207042145928,0.0131637581140373,0.244250301660228,-0.0376700957584336
24.59,-0.939957759647677,0.0160435186627915,0.229171572212236,-0.0377887390289524
24.6,-0.962461435617764,0.0188981496431552,0.212540490431804,-0.0378211766477591
24.61,-0.987116327560229,0.0220010716470171,0.194545924272695,-0.037745316204888
24.62,-1.00907898266223,0.0247671077799016,0.175231495803511,-0.0375472552893126
24.63,-1.03064354263176,0.027472189652597,0.154712420052521,-0.0372150393849779
24.64,-1.051700388885,0.0301101045431757,0.133372762651636,-0.0367319733884995
24.65,-1.07475707253758,0.0329621657223718,0.111433428609028,-0.036088982118179
24.66,-1.0943214936715,0.0354614075416301,0.0890373670302392,-0.0352848504252247
24.67,-1.11275904444693,0.0378934760632652,0.0663626770367941,-0.0343242955025239
24.68,-1.1326321396297,0.0405400801354917,0.0437517677311445,-0.0332059252180329
24.69,-1.14806043607379,0.0428483031334683,0.0213397695959727,-0.031941456531949
24.7,-1.16155594317811,0.0451001021093994,-0.000779384322715885,-0.0305472730029918
24.71,-1.17582834894145,0.0475673202705411,-0.0224149331837809,-0.0290329497024858
24.72,-1.18480660191777,0.0497064675190196,-0.043586573006936,-0.0274184673524634
24.73,-1.19123638382817,0.0517858589338101,-0.0643495407957718,-0.0257250796473565
24.74,-1.19801251883928,0.0540602749804428,-0.0846225631763208,-0.023965956440371
24.75,-1.19905832000947,0.0559960746881918,-0.104506447568937,-0.0221605344999538
24.76,-1.20039328662361,0.0580969144950962,-0.124087250755927,-0.0203267918068013
24.77,-1.19903827804055,0.0600873934432264,-0.143351332633001,-0.0184747122834955
24.78,-1.18199426739965,0.0605381078221953,-0.162365644855025,-0.0166176287138668
24.79,-1.16602186299508,0.0611093952156288,-0.180668994353478,-0.0147480900292114
24.8,-1.1453605664154,0.0613285671212699,-0.197539313637107,-0.012845419743101
24.81,-1.12607606366004,0.0616656722441499,-0.21295941547863,-0.0109258541028949
24.82,-1.10540626192565,0.0618903711265421,-0.226963513793857,-0.0090055929294709
24.83,-1.08078655363948,0.0617967207076115,-0.239672906763317,-0.00710241849515375
24.84,-1.05806617580035,0.0618142185841669,-0.251091981306679,-0.00522606457983583
24.85,-1.03462377783819,0.0617306898626383,-0.261175101674531,-0.00338106892702031
24.86,-1.01064818626046,0.0615510289242593,-0.269989579183146,-0.00157565855852456
24.87,-0.983729826164892,0.061095882059682,-0.277605057203746,0.00018364392660097
24.88,-0.959190582611006,0.0607467067386498,-0.284065072570523,0.00189333861396046
24.89,-0.934499779660176,0.0603187225165173,-0.289447279780714,0.00355180638700679
24.9,-0.909722533787546,0.0598179540693607,-0.293865235928068,0.0051561546486122
24.91,-0.882562645113884,0.0590898061699385,-0.297357393096198,0.00670464500128863
24.92,-0.857777084780341,0.0584683434381966,-0.299946567401709,0.00819588070093874
24.93,-0.832980656002301,0.0577936582198932,-0.30164322889005,0.00962896765939243
24.94,-0.806011335873606,0.0569288205549778,-0.302480566515103,0.011001965029059
24.95,-0.781254725425409,0.0561749142594313,-0.302480496666407,0.0123136667091188
24.96,-0.756489722393613,0.0553893737393353,-0.301656262101835,0.0135626233999252
24.97,-0.729726642939799,0.0544511497159773,-0.300042938542696,0.014746504044804
24.98,-0.705014336687658,0.0536292486816077,-0.297682866726533,0.0158642378400371
24.99,-0.6803135244408,0.0527963717557068,-0.294665581562462,0.0169151834474949
25,-0.653814295657781,0.0518446136592876,-0.291080772884962,0.0178986115493884
25.01,-0.629234309121679,0.051010814109694,-0.287020895422546,0.018815112562123
25.02,-0.604710253488727,0.0501803502459332,-0.2825721843243,0.0196659935156407
25.03,-0.578601250986384,0.0492566572819401,-0.277825428428583,0.0204529126046823
25.04,-0.554290588153152,0.0484461815181501,-0.272872309219135,0.0211781676206471
25.05,-0.530080858576266,0.0476459416124315,-0.267796952813102,0.021844317997464
25.06,-0.50449139254855,0.04676978239921,-0.26266705247008,0.022454104661171
25.07,-0.480576294452153,0.0459960090935469,-0.257546350503284,0.0230102692557348
25.08,-0.455409702403601,0.0451538041455702,-0.252488764936391,0.0235155342550163
25.09,-0.431829880969921,0.0444046025235515,-0.247544595080759,0.0239724761551062
25.1,-0.408403891753892,0.0436639049386391,-0.242745214579461,0.0243838115794802
25.11,-0.383904571472825,0.0428623213779418,-0.238113765503962,0.0247520407103989
25.12,-0.360858117971359,0.042137672854823,-0.233667122084129,0.0250795145777468
25.13,-0.336849982978666,0.0413553657574597,-0.229418306990051,0.0253683079082653
25.14,-0.314204836726843,0.0406390781249514,-0.225383328150641,0.0256200732876458
25.15,-0.291743453820897,0.0399221028984584,-0.221563565783886,0.0258366419060133
25.16,-0.268479912489267,0.0391510614032199,-0.217954422912987,0.0260197919074081
25.17,-0.246449252617158,0.0384299012239994,-0.214543384290546,0.0261712823453606
25.18,-0.223720297172028,0.0376566726503757,-0.211318267049245,0.0262926474810219
25.19,-0.20214401102798,0.0369236006050947,-0.208268524923612,0.0263849427541785
25.2,-0.179974839041884,0.0361404779585161,-0.205379777436527,0.0264492692755121
25.21,-0.158886046871191,0.0353885682031658,-0.202641471887646,0.0264864620370596
25.22,-0.138035301381826,0.0346235572499642,-0.200045350409012,0.0264972144877656
25.23,-0.116753950426918,0.0338116972326622,-0.197581695532554,0.02648236088133
25.24,-0.0964626489163942,0.0330188142755826,-0.19524586880043,0.0264427087751365
25.25,-0.075852676019375,0.0321808981754018,-0.193034873788717,0.0263790393515574
25.26,-0.0561850324656872,0.0313544747552618,-0.190946281418507,0.0262921532143476
25.27,-0.0363146849375404,0.0304844868499343,-0.188980072075473,0.0261828541289442
25.28,-0.017351960452741,0.0296188749458034,-0.187120549955075,0.0260525822485251
25.29,0.00169510852565757,0.0287111468321084,-0.185347732111012,0.0259028975344994
25.3,0.0198640941472652,0.0278017907035666,-0.183656293571799,0.025734621252952
25.31,0.0380065523664639,0.0268521494720905,-0.182047409258174,0.0255483451541052
25.32,0.0552984895515349,0.0258955466114034,-0.180525172988372,0.0253448129434538
25.33,0.0724601916416185,0.024900205187107,-0.179102133424875,0.0251249624653976
25.34,0.0887972595980813,0.0238927428723246,-0.177797119011429,0.024890296658658
25.35,0.104645145137429,0.0228575832900035,-0.176618923475919,0.0246431823382653
25.36,0.120226737446324,0.0217850715951942,-0.175560025670052,0.02438572479485
25.37,0.135024440727052,0.0206934030731857,-0.174592450661977,0.0241200407207448
25.38,0.149481817131583,0.0195658985470119,-0.173685632056187,0.0238479618145565
25.39,0.16318647942014,0.0184166034678784,-0.172808626703175,0.0235711577233351
25.4,0.176490858293629,0.0172343420488114,-0.171932381551488,0.0232912559822044
25.41,0.189077157411433,0.0160295765987885,-0.171025812916981,0.0230098313257363
25.42,0.201218396810502,0.0147960943896168,-0.170055557505516,0.022728330940922
25.43,0.212680143143731,0.013541379134608,-0.168987278643673,0.0224482494656192
25.44,0.223666175095317,0.0122637072419135,-0.167778247135411,0.0221711300447797
25.45,0.234014237641009,0.0109682996498535,-0.166367979782075,0.0218983185561507
25.46,0.243868052129248,0.00965782233018554,-0.164688488038333,0.0216309336005458
25.47,0.253127848928306,0.00833617813640765,-0.162664557828739,0.021369838400738
25.48,0.261887616434257,0.00701031305267928,-0.16021034495204,0.0211156020729626
25.49,0.270101384615696,0.00568359571932917,-0.157237730202763,0.0208683370842588
25.5,0.277819913795865,0.00436691878604891,-0.153657093885604,0.0206276052024284
25.51,0.285041437819801,0.00306350770997232,-0.149382267331694,0.0203921805814185
25.52,0.291780761320257,0.00178765540315398,-0.144343838630494,0.02015979636711
25.53,0.29807201614372,0.000542340852340861,-0.138498546303522,0.0199264331981731
25.54,0.303898653815146,-0.000656094397716436,-0.131852623335031,0.0196858847794156
25.55,0.309322071517596,-0.00180609973743846,-0.124455299339747,0.0194304461482307
25.56,0.314297653813792,-0.00289143248159686,-0.116398690791009,0.0191519008889644
25.57,0.318907403626833,-0.00391341340418687,-0.107813015152939,0.0188427354959845
25.58,0.323083275423262,-0.00485766993115474,-0.0988368647661068,0.0184961178430126
25.59,0.326923161122389,-0.00572903333483552,-0.0896126704319768,0.0181064477811724
25.6,0.330393075905041,-0.00652035000208749,-0.080294834930725,0.0176698091590139
25.61,0.333444985374335,-0.00722580455510922,-0.071044734305796,0.0171843597174869
25.62,0.3361947540335,-0.00785544709662258,-0.0620017731480791,0.0166498318754648
25.63,0.338536914311589,-0.00840170680970955,-0.0533184672496539,0.0160686208826258
25.64,0.340596954388053,-0.00887768004531159,-0.0451169808235464,0.0154446409475651
25.65,0.342262679824223,-0.00927822865851163,-0.0374816613535791,0.0147823368637362
25.66,0.343666762934506,-0.00961822789038732,-0.0304834020892682,0.0140877730024579
25.67,0.344693370342802,-0.00989405390697442,-0.0241673387480171,0.0133679428168563
25.68,0.345480141527894,-0.0101213808390339,-0.0185537690773893,0.0126300513036245
25.69,0.345910128304519,-0.010297247457614,-0.0136417432799953,0.0118813145915324
25.7,0.34612368124627,-0.0104371233871844,-0.00941302740002509,0.0111288854001612
25.71,0.346004378789185,-0.0105380666972055,-0.00584275631343109,0.0103800067631608
25.72,0.345692958171082,-0.0106147226871094,-0.00288092412578437,0.00964135417513966
25.73,0.345074543178235,-0.010663643784506,-0.000472765022473177,0.00891884208529954
25.74,0.344288262487024,-0.0106981058845429,0.00143813861085809,0.00821779884721125
25.75,0.343221691390523,-0.0107139555122834,0.0029203705105813,0.00754294875680781
25.76,0.34201114288574,-0.0107228327148787,0.00403953976812382,0.00689812887260067
25.77,0.340547436166909,-0.0107197616287368,0.00485867491928887,0.00628630894533046
25.78,0.338962951185653,-0.0107147739540813,0.00543930843201518,0.00570955571354586
25.79,0.337152165552131,-0.0107021863325806,0.00583696002299729,0.00516903218374103
25.8,0.335242630236849,-0.0106905518668759,0.00610257129581838,0.00466531462074827
25.81,0.333132890474574,-0.0106736835131185,0.00628032949263811,0.00419843949542473
25.82,0.330945217786055,-0.0106588791107907,0.0064074909669464,0.00376799078771651
25.83,0.328582519113124,-0.0106396980636282,0.00651658728225358,0.00337300713797065
25.84,0.326161390116607,-0.0106224217742337,0.00663165840312819,0.00301203904227287
25.85,0.323589372919579,-0.0106006025312256,0.00677005812761131,0.0026833484823663
25.86,0.320977147915709,-0.0105797863497521,0.00694363223750612,0.00238502107134836
25.87,0.318283774590972,-0.0105564596694877,0.00715850873544409,0.00211497235992183
25.88,0.315473409831912,-0.0105275116770329,0.00741621080381687,0.00187110271271011
25.89,0.312647448190947,-0.010497774081845,0.00771526521261703,0.00165134215751213
25.9,0.309725226360393,-0.0104616583081302,0.0080528580676211,0.00145372370130389
25.91,0.306801802999644,-0.0104236865206911,0.00842288250568997,0.00127626728738224
25.92,0.303801074255409,-0.0103787937673336,0.00881571966884965,0.00111699506326807
25.93,0.30081161052316,-0.0103313195406203,0.00922278357471424,0.000974122686221684
25.94,0.29776168289039,-0.0102767509231372,0.00963578405478081,0.000846009811547422
25.95,0.294733434512286,-0.0102192496512129,0.0100464268010196,0.000731155375428737
25.96,0.291659378550704,-0.010154825899436,0.0104467048104459,0.000628195447259495
25.97,0.28861537594056,-0.0100874717240838,0.0108292318803641,0.000535899063919698
25.98,0.28553805498431,-0.0100136806687013,0.0111881474262444,0.00045317792537181
25.99,0.282497241903336,-0.0099372486182848,0.0115188588704715,0.000379070875247904
26,0.279433588714915,-0.00985508349573882,0.0118173126233042,0.000312698300770114
26.01,0.276411189192133,-0.00977076255348272,0.0120803341003239,0.0002532713988785
26.02,0.273374619241831,-0.00968155782350341,0.0123058003160551,0.00020010036949242
26.03,0.270382583895784,-0.00959080498247613,0.0124927069256735,0.000152569627679823
26.04,0.267383502456095,-0.00949607862257072,0.012641083676161,0.000110134291174764
26.05,0.264431046685267,-0.00940044792350613,0.0127511808911631,7.22835553367675e-05
26.06,0.26147736824081,-0.0093017473117295,0.0128239716906802,3.8526454039051e-05
26.07,0.258571421892506,-0.00920276494437917,0.0128628691298258,8.45687878105632e-06
26.08,0.255668980719714,-0.00910152594768386,0.0128704820178432,-1.83512214560547e-05
26.09,0.252814604891539,-0.00900052809967244,0.0128491383558,-4.23037020959727e-05
26.1,0.249967544499914,-0.00889797908797875,0.0128014157585404,-6.37433614118664e-05
26.11,0.247168264721023,-0.00879610545021693,0.0127299316721874,-8.29624127014639e-05
26.12,0.24437936681544,-0.00869327683909504,0.0126373902054467,-0.000100197767513133
26.13,0.241637524444701,-0.00859146228087441,0.012526293783043,-0.000115652918523755
26.14,0.23892459215092,-0.00848994078043417,0.012399088500254,-0.000129491447027822
26.15,0.236225599273572,-0.00838816214303053,0.0122578444659894,-0.00014185891792659
26.16,0.233572046774602,-0.00828774395700011,0.0121046679327849,-0.000152866889587327
26.17,0.230934245565444,-0.0081874172260196,0.0119414645999834,-0.000162606174177432
26.18,0.228340563956792,-0.00808859611701607,0.0117698357442684,-0.00017115881472821
26.19,0.225764101581757,-0.00799014140857549,0.0115913216074423,-0.000178585535045615
26.2,0.223230324066516,-0.0078932855666892,0.0114072077115074,-0.000184942290498061
26.21,0.220714930198731,-0.0077970120927793,0.0112187482367518,-0.000190268396831821
26.22,0.218240717327166,-0.00770239058680705,0.0110269684886095,-0.00019460264086852
26.23,0.215785811740272,-0.00760851917114543,0.0108328965264255,-0.000197971224671351
26.24,0.213370565920778,-0.00751632137064089,0.010637362247538,-0.000200403354583232
26.25,0.210975364676544,-0.00742500118350929,0.0104412147362637,-0.000201919069141307
26.26,0.208618327362196,-0.00733535106153587,0.0102451250191515,-0.000202544164572252
26.27,0.206281933755007,-0.00724667190996909,0.0100498001027101,-0.000202298110948008
26.28,0.203982271184217,-0.00715963860474191,0.00985578750676027,-0.000201208214207568
26.29,0.201703748925358,-0.00707364049016378,0.00966369101608295,-0.000199295729875189
26.3,0.199460589766926,-0.0069892463976917,0.00947412865890985,-0.000196578838725544
26.31,0.197238985961308,-0.00690592486587269,0.00928731266094803,-0.000193084081439724
26.32,0.195051480560491,-0.00682415359758081,0.00910350573232868,-0.000188841512942843
26.33,0.192885900114216,-0.00674347456280779,0.00892323602405156,-0.000183874573005213
26.34,0.190753251763246,-0.00666428070516462,0.00874672294289157,-0.000178220882050654
26.35,0.188642839346091,-0.00658618002464446,0.00857402153396651,-0.000171928259297609
26.36,0.186564257639693,-0.00650949370525905,0.00840545686429128,-0.000165039986406204
26.37,0.184508149454532,-0.00643388763643689,0.00824110411546585,-0.000157606764210304
26.38,0.182482815675393,-0.00635962042969122,0.00808079240526555,-0.00014969008386014
26.39,0.180480081410239,-0.00628641561122964,0.00792444763035158,-0.000141344098528442
26.4,0.178507056185076,-0.00621447954722149,0.00777197759438634,-0.000132624059445007
26.41,0.176559666093564,-0.00614367074100927,0.0076233747780043,-0.000123579098312091
26.42,0.174634831631082,-0.00607389416166203,0.00747857788015865,-0.000114263563429453
26.43,0.172738093412045,-0.00600528607320991,0.00733765308113648,-0.000104723282989879
26.44,0.170863735590082,-0.00593768341644393,0.00720061463466181,-9.50015933955556e-05
26.45,0.169016392424304,-0.00587118276895291,0.00706735238136097,-8.514406877146e-05
26.46,0.167191171264855,-0.00580565775104685,0.00693778727416623,-7.51890314116827e-05
26.47,0.165391897909333,-0.00574117199657831,0.00681176147367555,-6.51755833706414e-05
26.48,0.163614415976143,-0.00567763235002209,0.00668916994861123,-5.51355613743442e-05
26.49,0.161861838524442,-0.00561507437396659,0.00656984869744631,-4.5101261314379e-05
26.5,0.160130671497726,-0.00555343426359264,0.00645369118866199,-3.50980678894817e-05
26.51,0.158423399991599,-0.00549272356746639,0.00634054041298956,-2.51517733679786e-05
26.52,0.156737123250142,-0.0054329040633142,0.00623029596467205,-1.52817828685499e-05
26.53,0.155073775199901,-0.00537396678051578,0.00612281265310851,-5.50799598990373e-06
26.54,0.153430984563014,-0.00531589554312049,0.00601799983649965,4.15546901478518e-06
26.55,0.151810202554728,-0.00525866394422416,0.00591572650094443,1.36938331302477e-05
26.56,0.15020952744249,-0.00520227478529178,0.00581585166515442,2.30951353701871e-05
26.57,0.148629985326984,-0.00514668803860414,0.00571823254894691,3.23441344703363e-05
26.58,0.147070088537174,-0.00509192187351456,0.00562296065605811,4.14363309172675e-05
26.59,0.145530498356542,-0.00503792212145248,0.00552990294493711,5.03598476396013e-05
26.6,0.144010086485171,-0.00498472015574188,0.00543895263566319,5.91047709998222e-05
26.61,0.142509186939916,-0.00493225271720642,0.00535000170381144,6.76618249927384e-05
26.62,0.141026980109208,-0.0048805623554979,0.00526300617635948,7.60271094784535e-05
26.63,0.139563521355976,-0.00482957774726352,0.00517789673640424,8.41974228025004e-05
26.64,0.138118262861613,-0.00477934993754327,0.00509463856811481,9.21741596472344e-05
26.65,0.136691023985599,-0.00472980124753096,0.0050131671444153,9.99586774648805e-05
26.66,0.135281492260513,-0.00468098911765104,0.00493350911501839,0.000107559140404368
26.67,0.133889294992024,-0.00463283068214183,0.00485553953706728,0.000114980279705067
26.68,0.13251417687918,-0.0045853508415534,0.00477920734963274,0.000122230348591796
26.69,0.13115605675444,-0.00453857807163407,0.00470446599055085,0.000129316714552792
26.7,0.129814334382829,-0.0044924254173754,0.00463131096059681,0.000136248167654159
26.71,0.128489155829801,-0.00444696002888943,0.0045597158674607,0.000143032281777077
26.72,0.127179802349229,-0.0044020932142826,0.00448961873185512,0.00014967395789453
26.73,0.125886552957127,-0.00435789411029518,0.00442097841398563,0.000156178857184351
26.74,0.124608591102837,-0.00431427367382171,0.00435373808239737,0.000162550833267136
26.75,0.123346301855908,-0.00427130205927095,0.00428786809505947,0.000168794610168409
26.76,0.122098791421331,-0.00422889050469169,0.00422332827515076,0.000174913283296486
26.77,0.120866529339859,-0.00418710913295651,0.00416010087537415,0.000180910711473744
26.78,0.119648562604803,-0.00414586993040461,0.00409816141657321,0.000186789424377004
26.79,0.118445426479224,-0.00410524207825659,0.004037496696716,0.000192552521396201
26.8,0.117256125018348,-0.00406513880877827,0.00397808069084157,0.000198201681196467
26.81,0.116081243215387,-0.00402562776842698,0.00391990772557146,0.000203739006661354
26.82,0.114919756560586,-0.00398662371048479,0.00386297629959386,0.000209165691959248
26.83,0.113772286117914,-0.00394819192066634,0.00380729638436739,0.000214483009140033
26.84,0.112637791738956,-0.00391024864148832,0.00375289433453894,0.000219692470953514
26.85,0.111516918938621,-0.00387285634768361,0.00369973674696103,0.000224795332402016
26.86,0.11040862143235,-0.00383593386357695,0.00364777789004215,0.000229792056230734
26.87,0.109313558870726,-0.00379954152323537,0.00359701341270242,0.000234684525137167
26.88,0.10823069010405,-0.00376360068486176,0.00354742856981092,0.000239473467630246
26.89,0.107160683069252,-0.00372816881298494,0.00349900428084757,0.000244159368946703
26.9,0.106102508784207,-0.00369317019633191,0.00345170151612278,0.000248741626913361
26.91,0.105056832008567,-0.00365865985638812,0.0034054829675183,0.000253219950747853
26.92,0.104022639137926,-0.00362456555319545,0.00336030284541318,0.000257593646531402
26.93,0.1030005853581,-0.00359093997036322,0.00331612356495682,0.000261862671994238
26.94,0.10198967816657,-0.00355771445596972,0.00327290340131678,0.000266026836174551
26.95,0.100990161573953,-0.00352491117138745,0.00323060874603769,0.000270086617816966
26.96,0.100002259969317,-0.00349254940057402,0.00318919864711299,0.000274042302861228
26.97,0.0990250216978854,-0.00346056602814265,0.00314864433043222,0.000277894954303551
26.98,0.0980590602399163,-0.00342900739733321,0.00310891755765356,0.000281645933728984
26.99,0.0971034564334872,-0.0033978138437068,0.00306998640911637,0.000285296568036191
27,0.0961588028205096,-0.00336702917796669,0.00303182452274713,0.000288848749297827
27.01,0.0952242153134648,-0.00333659716211443,0.00299440915404585,0.000292304403320184
27.02,0.0943002634496564,-0.00330655834780424,0.00295785323495417,0.000295665078190814
27.03,0.0933861010249233,-0.00327685771954156,0.00292222216587795,0.000298930265055818
27.04,0.0924822746450804,-0.00324753253852994,0.00288733461874477,0.000302099092900806
27.05,0.0915879781419715,-0.0032185340653077,0.00285285551860176,0.000305170345826947
27.06,0.0907037322377402,-0.00318990417036043,0.00281816813443668,0.000308146436196703
27.07,0.0898287674287719,-0.00316160345665904,0.00278361786407008,0.000311034433585196
27.08,0.0889635760726515,-0.00313367054099304,0.00274908785446689,0.000313840214903871
27.09,0.0881074267574373,-0.00310606820073034,0.0027144910655002,0.000316568335374007
27.1,0.0872607838948882,-0.00307883371112274,0.00267991346043403,0.000319229243593404
27.11,0.0864229553041556,-0.00305193325666496,0.00264509106440274,0.000321832881175583
27.12,0.0855943775640258,-0.00302540222126913,0.00261024221181275,0.000324389801606586
27.13,0.0847743959868907,-0.0029992065395148,0.00257568829690457,0.000326908651219689
27.14,0.0839634196516679,-0.0029733753123266,0.00254143333450462,0.000329395466441188
27.15,0.0831608326548219,-0.00294787079760128,0.00250867416785203,0.000331852223415371
27.16,0.0823670208877685,-0.00292270827430161,0.00247628043148464,0.000334266053609432
27.17,0.0815814052276362,-0.00289786380445814,0.00244352912273987,0.000336634144209471
27.18,0.0808043374908261,-0.0028733679433169,0.00241037566638618,0.000338963310442538
27.19,0.0800352695300308,-0.00284919873932054,0.00237683769450016,0.000341270103226738
27.2,0.0792745274771161,-0.002825386307157,0.00234272912406037,0.000343576507456034
27.21,0.0785215996529294,-0.00280190945649098,0.00230872078540306,0.00034589991694385
27.22,0.0777766000484972,-0.00277877394894408,0.00227577155939692,0.000348248164185807
27.23,0.0770396169676397,-0.00275598385833144,0.00224306026642703,0.000350623696870386
27.24,0.0763101884047472,-0.00273350753393587,0.00221199635840524,0.000353021472790667
27.25,0.07558857957883,-0.00271134921043518,0.00218248570078145,0.000355434766260715
27.26,0.0748743602105142,-0.00268947411913003,0.00215456301509256,0.000357852940599721
27.27,0.074167771967236,-0.00266788466343121,0.00212816256979305,0.000360266322654866
27.28,0.0734684140262942,-0.00264654858444917,0.00210345960675723,0.000362665274418255
27.29,0.0727765077609561,-0.00262544780262631,0.00208296339700414,0.00036501692985257
27.3,0.0720916862966456,-0.00260456145911003,0.00206038746617553,0.000367302614692136
27.31,0.071414145217287,-0.00258391370693909,0.0020378009051307,0.000369525221590662
27.32,0.070743536475419,-0.00256349450933972,0.00201470351699845,0.000371702536308135
27.33,0.0700800383372959,-0.00254332510371186,0.00199055893803332,0.000373854292582733
27.34,0.0694233311371786,-0.00252339875184751,0.00196606545713218,0.000376001976292902
27.35,0.0687735784329906,-0.00250372942175544,0.00194149894981796,0.000378162946441057
27.36,0.0681304892217334,-0.00248430497680868,0.00191708645886273,0.000380348354393238
27.37,0.0674942130326306,-0.00246513367478925,0.00189298431761925,0.000382564690115713
27.38,0.0668644832519698,-0.00244620142029585,0.00186929893024355,0.000384815317882458
27.39,0.0662414341321744,-0.00242751313512182,0.00184611594819186,0.000387102010076897
27.4,0.0656248206556027,-0.00240905414705764,0.00182349596247057,0.000389424763044637
27.41,0.0650147619915549,-0.00239082686620643,0.00180152897734313,0.000391780253024421
27.42,0.0644110319906757,-0.00237281616705278,0.00178025042532109,0.000394164870661321
27.43,0.0638137344732899,-0.00235502279336828,0.00175965157273037,0.000396575385307455
27.44,0.0632226605682984,-0.00233743259940531,0.00173971671863822,0.000399008343062519
27.45,0.0626379002218878,-0.00232004581166617,0.00172042118040713,0.000401460029533688
27.46,0.0620592608777235,-0.00230284960133697,0.0017017338945573,0.000403926643052871
27.47,0.0614868195142924,-0.00228584403745625,0.00168361777809594,0.000406404341759058
27.48,0.0609203983961191,-0.00226901778537147,0.00166603197191893,0.000408889410406165
27.49,0.0603600080308331,-0.00225236860725009,0.00164892929193366,0.000411378286739602
27.5,0.059805646919278,-0.00223589402325702,0.00163226844195242,0.00041386769456859
27.51,0.0592571570886582,-0.00221958504730848,0.0016160031054049,0.000416354554187988
27.52,0.0587145865653653,-0.0022034421163082,0.00160012762889726,0.000418837633083848
27.53,0.0581777903989789,-0.0021874567333106,0.00158469786536222,0.000421318358297418
27.54,0.0576468080867967,-0.00217162839797704,0.00156965913754113,0.000423792869096435
27.55,0.0571215054268022,-0.00215594995058413,0.00155492531837403,0.000426256346693606
27.56,0.0566019103090021,-0.00214042252934989,0.00154032775144339,0.000428698970119315
27.57,0.0560878947801298,-0.0021250413859519,0.00152592258942962,0.000431117590085613
27.58,0.0555794755161214,-0.0021098079244083,0.00151146982355804,0.000433507854571962
27.59,0.0550765307193224,-0.00209472264635896,0.00149678348038643,0.000435868618620748
27.6,0.0545790656529119,-0.0020797857704927,0.00148242456307666,0.000438198235945427
27.61,0.054086965582945,-0.00206499266342103,0.00146828635497078,0.000440495503602584
27.62,0.0536002290176141,-0.00205034309640496,0.00145435409844036,0.00044275861940972
27.63,0.0531187488562814,-0.00203583321090339,0.00144059559889058,0.000444986585759584
27.64,0.0526425174422274,-0.00202146315211431,0.00142696670269688,0.000447179481220961
27.65,0.052171435184829,-0.00200723020154156,0.00141342538475063,0.000449338446336228
27.66,0.0517054895931217,-0.00199313503525338,0.00139993613634838,0.000451465452834585
27.67,0.0512445885743391,-0.0019791759249567,0.0013864708224044,0.000453563065411987
27.68,0.0507887158094356,-0.00196535384133163,0.00137300809986262,0.000455634116764433
27.69,0.0503377863235333,-0.00195166773586274,0.00135953234575731,0.000457681522844194
27.7,0.0498917804038355,-0.0019381186665244,0.00134603145617617,0.000459708061871143
27.71,0.0494506193753299,-0.00192470604880393,0.00133249671865059,0.000461716293832884
27.72,0.0490142804061096,-0.00191143091056435,0.00131892188383466,0.000463708423855101
27.73,0.0485826901067279,-0.00189829319284079,0.0013052563711217,0.000465684092055382
27.74,0.0481558215904361,-0.00188529410169642,0.00129155692892377,0.00046764477772648
27.75,0.047733605578701,-0.00187243314629234,0.00127786131899921,0.000469591508156669
27.76,0.0473160037430498,-0.00185971059135411,0.001264145173862,0.000471522843948015
27.77,0.0469029739536806,-0.0018471268158422,0.00125038690581927,0.000473437658092716
27.78,0.0464944509102025,-0.00183468198342734,0.00123658163262644,0.000475335633273183
27.79,0.0460903988225727,-0.00182237663384933,0.00122274077493914,0.000477217045781923
27.8,0.0456907552197157,-0.00181021088762343,0.00120887551049516,0.000479082459569693
27.81,0.0452954818027491,-0.00179818490825088,0.00119500493950282,0.000480932421130641
27.82,0.0449045189545849,-0.00178629853778139,0.00118115228718571,0.000482767274092841
27.83,0.0445178263193844,-0.00177455145173576,0.00116733177636942,0.000484587045828654
27.84,0.0441353467595968,-0.0017629435156031,0.0011534614043582,0.000486391744985791
27.85,0.0437570373773166,-0.00175147560537374,0.00113957416033276,0.000488179316688426
27.86,0.0433828417864595,-0.00174014618719054,0.00112590811983346,0.000489948608980846
27.87,0.0430127149468893,-0.00172895266983954,0.00111250392860428,0.000491697061751947
27.88,0.0426466020544218,-0.00171789257850246,0.00109935192882729,0.000493419420832989
27.89,0.042284455223732,-0.00170696330528184,0.00108642166589296,0.000495110294877336
27.9,0.0419262195709491,-0.00169616298581141,0.00107368477771581,0.000496765319070374
27.91,0.0415718446683826,-0.00168548951060638,0.00106112349424256,0.000498381419682766
27.92,0.0412212763586348,-0.00167494138523066,0.00104873251927917,0.000499956891660994
27.93,0.0408744631970892,-0.00166451664032877,0.00103650338003108,0.000501491103605615
27.94,0.0405313528600546,-0.00165421395762653,0.00102442894191239,0.000502984234800091
27.95,0.0401918941017891,-0.00164403149213895,0.00101250206740292,0.000504437037742068
27.96,0.039856037038736,-0.00163396808941401,0.00100071783139429,0.00050585073148816
27.97,0.039523731269739,-0.00162402197384255,0.000989074889312207,0.000507226918141564
27.98,0.0391949298103969,-0.00161418910112545,0.000978072326852219,0.000508566190918353
27.99,0.0388695806077957,-0.00160437860135138,0.000982651216237653,0.000509729228397176
28,0.0385476323639571,-0.00159457335072523,0.000980238691858764,0.000510651520729322
28.01,0.0382017431418706,-0.00159972742893969,-0.00169491538145604,0.000341754229569963
28.02,0.0377984578168427,-0.00163001559191512,-0.00402337736781481,0.000179238738302624
28.03,0.0373401914649945,-0.00168082126752095,-0.00584420280703764,4.83365109752272e-05
28.04,0.0368307064222586,-0.00174712302665378,-0.00717666910643283,-5.38633179529866e-05
28.05,0.0362741630085628,-0.00182423713037069,-0.00805941699264526,-0.000131103722978054
28.06,0.0356749234649012,-0.00190792883189904,-0.00854155353004445,-0.000187044172027794
28.07,0.0350374815787209,-0.00199446468032818,-0.00867293148438293,-0.000225099581351652
28.08,0.0343663718493525,-0.00208062832273535,-0.00850756342009816,-0.000248349520428735
28.09,0.033666023767994,-0.00216356512802847,-0.00806037556427072,-0.000260111691977927
28.1,0.032940717605606,-0.00224064958363308,-0.0073740346765582,-0.00026333664665285
28.11,0.0321946409965417,-0.00230985224054771,-0.00651451021449676,-0.000260553902703757
28.12,0.0314317927935255,-0.00236977874791511,-0.00554164903083582,-0.000253777197426105
28.13,0.0306559956226895,-0.00241956762432478,-0.00450300843004782,-0.000244466831248371
28.14,0.0298708693780423,-0.00245878538057617,-0.00343821956026355,-0.00023371123187007
28.15,0.0290798513086914,-0.00248735956628399,-0.00238117628451886,-0.000222200753710789
28.16,0.0282861508564629,-0.00250554655797326,-0.00136360510459421,-0.000210488995725092
28.17,0.0274927382106416,-0.0025138874493945,-0.000410358258343247,-0.000198835038414185
28.18,0.0267023432754936,-0.00251312266047028,0.000461891459197684,-0.0001872696405725
28.19,0.0259174633217736,-0.00250413208874036,0.00124141702008057,-0.000175749483255888
28.2,0.0251403170961888,-0.00248790060737862,0.00191836770124904,-0.0001642704127455
28.21,0.0243728458140637,-0.00246547018494496,0.00249120377349528,-0.000152673239815414
28.22,0.02361673049906,-0.00243786930402228,0.00296165137454951,-0.000140850214387975
28.23,0.0228733545220869,-0.00240611783198985,0.00333231940659969,-0.000128851989859551
28.24,0.022143794466273,-0.00237116948467479,0.00361164026903782,-0.000116705749073589
28.25,0.021428850710917,-0.00233388385840655,0.00380905404717017,-0.000104544888606943
28.26,0.0207289956667953,-0.00229503742338046,0.00393377497783401,-9.27205611822876e-05
28.27,0.0200444260268604,-0.00225527428786933,0.00399990918451809,-8.1473828619067e-05
28.28,0.0193750700454141,-0.00221513115567001,0.00401595241067847,-7.11539730535092e-05
28.29,0.0187206082035054,-0.00217508691723832,0.00398578928885718,-6.21708365864861e-05
28.3,0.0180804871260483,-0.00213556969033574,0.00391617906429431,-5.47695348020575e-05
28.31,0.0174540045946241,-0.0020969231384417,0.00381614347514653,-4.90230757229818e-05
28.32,0.0168403541651854,-0.00205942054032949,0.00369135780112161,-4.50199134431969e-05
28.33,0.0162386471432185,-0.00202326739345859,0.0035495300871107,-4.27378754048842e-05
28.34,0.015647972878134,-0.00198859389004052,0.00339785872777574,-4.20974422798994e-05
28.35,0.0150674158449133,-0.00195546392122492,0.00324237095713591,-4.30038362263581e-05
28.36,0.0144960861214241,-0.00192388797981679,0.00308786170267916,-4.53647324235436e-05
28.37,0.0139331207538946,-0.00189383716053557,0.00293766720249738,-4.90773948826063e-05
28.38,0.0133777117514224,-0.00186525180159874,0.00279470835858987,-5.40098514004874e-05
28.39,0.0128291116977133,-0.00183804783594261,0.00266085513803353,-6.0000241050721e-05
28.4,0.0122866555658581,-0.00181212691209216,0.00253738640435259,-6.68717742574837e-05
28.41,0.011749757130687,-0.00178738104985306,0.00242491299990821,-7.44383287766344e-05
28.42,0.0112179216672015,-0.00176369912510124,0.00232359971658564,-8.2512463002164e-05
28.43,0.0106907360923651,-0.00174096989357,0.002233296649045,-9.09095941950577e-05
28.44,0.0101678762256947,-0.00171908528130273,0.00215361016009111,-9.94516080339937e-05
28.45,0.00964909400138048,-0.00169794184234045,0.00208403068678618,-0.000107967717653666
28.46,0.00913422549419085,-0.001677440501941,0.00202408423203207,-0.000116280575204701
28.47,0.00862317212251185,-0.0016574933427312,0.00197215295931998,-0.000124270631826644
28.48,0.0081158959799339,-0.00163802476014581,0.00192764306727929,-0.000131808869253659
28.49,0.00761241355641928,-0.00161896231508054,0.00189008682310113,-0.000138778497218068
28.5,0.00711279095444972,-0.001600241522907,0.00185854053329191,-0.000145103575345318
28.51,0.00661711891438266,-0.00158181239427585,0.00183092652376988,-0.000150783378005727
28.52,0.00612549882123403,-0.00156363940613794,0.00180714298494899,-0.000155805363368508
28.53,0.00563805443567933,-0.00154567825241435,0.00178807050067813,-0.000160110081776851
28.54,0.00515493110121934,-0.00152789048189176,0.00177166288410887,-0.00016372279167962
28.55,0.00467626444785196,-0.00151026216172347,0.00175589860423855,-0.000166675523323402
28.56,0.00420219453678161,-0.00149279003423607,0.00174046789817931,-0.000168951468664164
28.57,0.00373286898231395,-0.00147546691037207,0.00172603588987336,-0.000170507474452177
28.58,0.00326844768188472,-0.0014582831519715,0.00171244835362568,-0.000171340617136969
28.59,0.0028090864721193,-0.00144123227950766,0.00169933573993817,-0.000171475534208376
28.6,0.00235493441416779,-0.00142430867021773,0.0016869822282365,-0.000170937143236307
28.61,0.00190613523588556,-0.00140750386059547,0.00167540448584753,-0.000169771122492876
28.62,0.00146281513852209,-0.00139081195369078,0.00166428955777797,-0.000168042572609978
28.63,0.0010250857005305,-0.00137423049705287,0.00165319146203718,-0.000165811472910908
28.64,0.00059303949431655,-0.00135776145271996,0.00164176372670651,-0.000163135664316121
28.65,0.000166753910740169,-0.00134140963594316,0.00162975172544217,-0.000160071472148392
28.66,-0.000253713359425589,-0.00132518172884628,0.0016170330621025,-0.000156674800380789
28.67,-0.000668320775708331,-0.00130908442713954,0.00160368076734245,-0.000153004247989952
28.68,-0.00107704796367702,-0.00129312399581252,0.00158970356785926,-0.000149123941355212
28.69,-0.0014798928803117,-0.00127730658027971,0.00157513097853911,-0.000145098657110643
28.7,-0.00187687478956899,-0.00126163788980551,0.00156000294463878,-0.000140991572042909
28.71,-0.00226803024914357,-0.00124612327087471,0.00154436863388118,-0.000136862876730476
28.72,-0.00265341499832594,-0.00123076734738825,0.00152830219200414,-0.000132769395285378
28.73,-0.00303309967510401,-0.00121557421585097,0.00151184980195554,-0.000128762665755622
28.74,-0.00340717061224005,-0.00120054746679447,0.00149505533526942,-0.000124887666670857
28.75,-0.00377572626805467,-0.00118569121468025,0.0014776822479454,-0.000121195147649255
28.76,-0.00413888460596379,-0.0011710123933413,0.00145981432443845,-0.000117737490593947
28.77,-0.00449676710196734,-0.00115650928585502,0.00144251759429365,-0.000114508420274642
28.78,-0.00484949998064454,-0.00114217941814626,0.00142502164421609,-0.000111552040115955
28.79,-0.0051972196185881,-0.00112802773153949,0.00140694515463965,-0.000108888551378506
28.8,-0.00554006446703337,-0.00111405927960942,0.00138846164159622,-0.000106506035288756
28.81,-0.0058781677831341,-0.00110027669280634,0.0013698312556029,-0.000104383651963984
28.82,-0.00621165767143861,-0.00108668035535343,0.0013512362443395,-0.000102498731837447
28.83,-0.00654065434776196,-0.00107326885040253,0.00133287087908886,-0.00010082723832388
28.84,-0.00686527171612461,-0.00106003943211446,0.00131479435293916,-9.93483650918377e-05
28.85,-0.00718561622664193,-0.00104698915863525,0.00129701382191517,-9.8041613971985e-05
28.86,-0.00750178805026813,-0.00103411508266289,0.00127952539098372,-9.68863469396106e-05
28.87,-0.00781388086619028,-0.00102141468277482,0.00126224260556804,-9.58632407976622e-05
28.88,-0.00812198150713606,-0.00100888637367487,0.00124509528572908,-9.49516742538377e-05
28.89,-0.00842617138969626,-0.000996528120302803,0.00122822563553324,-9.41322661280862e-05
28.9,-0.0087265245294601,-0.000984337209556437,0.00121160561769108,-9.33828536019839e-05
28.91,-0.00902310851487442,-0.000972310904492027,0.00119527499033903,-9.26812716207772e-05
28.92,-0.00931598340649309,-0.000960446451419605,0.0011792068720186,-9.20059639637179e-05
28.93,-0.00960520329510928,-0.000948741365909495,0.00116337577584054,-9.1338035247102e-05
28.94,-0.00989081630394484,-0.000937193364456696,0.0011477693267574,-9.06614175089758e-05
28.95,-0.0101728662112066,-0.000925800209036138,0.00113238570919796,-8.99628702894915e-05
28.96,-0.0104513925006575,-0.000914559654664832,0.00111722978336021,-8.92319182228635e-05
28.97,-0.0107264317937741,-0.000903469377325211,0.00110230908364712,-8.84607365553412e-05
28.98,-0.0109980179039733,-0.000892526983946206,0.00108763158473142,-8.76439703022999e-05
28.99,-0.01126618306197,-0.000881729996615927,0.00107320448532627,-8.6778512183597e-05
29,-0.0115309579341014,-0.000871075880525404,0.0010590335270319,-8.58632545686694e-05
29.01,-0.0117923726295235,-0.000860562046852488,0.00104512260501759,-8.48988268617263e-05
29.02,-0.0120504567464934,-0.000850185935182127,0.00103146946226082,-8.38877117694617e-05
29.03,-0.0123052398760022,-0.000839944780455928,0.00101809706106004,-8.28319622336306e-05
29.04,-0.0125567516394804,-0.000829835957484247,0.00100497502427701,-8.17363803821592e-05
29.05,-0.0128050223750034,-0.000819857014707405,0.000992096419151371,-8.06054890602311e-05
29.06,-0.0130500827685616,-0.000810005499214867,0.000979465211935152,-7.94438934452799e-05
29.07,-0.0132919642427014,-0.000800278918339215,0.000967083649819363,-7.8256699196138e-05
29.08,-0.0135306988231489,-0.000790674788133442,0.000954948535605931,-7.70495249278305e-05
29.09,-0.0137663195075142,-0.000781190699600901,0.000943048810368638,-7.58282874194522e-05
29.1,-0.0139988601092869,-0.000771824361826215,0.000931372722513469,-7.45989368401159e-05
29.11,-0.01422835546615,-0.000762573616275992,0.000919906053044631,-7.33672518141232e-05
29.12,-0.0144548412250751,-0.000753436447071222,0.000908634609458563,-7.21386828692851e-05
29.13,-0.0146783539463335,-0.000744410967523776,0.000897544595658526,-7.09185978938674e-05
29.14,-0.0148989311023904,-0.000735495563405838,0.000886600724782291,-6.97121472228992e-05
29.15,-0.0151166107250837,-0.000726688724701514,0.000875817159307107,-6.85220215002343e-05
29.16,-0.0153314306360963,-0.000717988985093152,0.000865163170621993,-6.73480364731615e-05
29.17,-0.0155434281579421,-0.000709395220843153,0.0008546074202504,-6.61904840030288e-05
29.18,-0.0157526406650526,-0.000700906439055836,0.000844154919038618,-6.50514485032131e-05
29.19,-0.0159591058232254,-0.000692521645747264,0.000833802110351489,-6.39336970018723e-05
29.2,-0.0161628617427851,-0.000684239756318503,0.000823565451551437,-6.28400076395651e-05
29.21,-0.0163639467913388,-0.00067605952934685,0.000813458329996609,-6.17725724553183e-05
29.22,-0.0165623994199979,-0.000667979629280837,0.000803487286283251,-6.07329905756328e-05
29.23,-0.0167582579824286,-0.00065999868383658,0.000793653582152705,-5.97223461869781e-05
29.24,-0.0169515606081418,-0.000652115328135602,0.000783955705202145,-5.87412680299178e-05
29.25,-0.017142345153272,-0.000644328279015917,0.000774364889351207,-5.77910185584595e-05
29.26,-0.0173306501716946,-0.000636636875371249,0.000764846198930608,-5.6876015271449e-05
29.27,-0.0175165132500368,-0.000629039255452928,0.000755585949718513,-5.59893589260725e-05
29.28,-0.0176999708008765,-0.000621533440491535,0.000746449277769757,-5.51347952123083e-05
29.29,-0.0178810596725798,-0.000614118648529365,0.000737374862863198,-5.43126143233055e-05
29.3,-0.0180598158069687,-0.000606794194675621,0.000728380300373738,-5.35191496449846e-05
29.31,-0.0182362738121009,-0.000599559114221558,0.000719490903474184,-5.27507035117283e-05
29.32,-0.0184104670485681,-0.000592412359498247,0.00071070729477815,-5.20041578712439e-05
29.33,-0.0185824276885933,-0.000585352823975101,0.000702037298556941,-5.12763495392e-05
29.34,-0.0187521867120761,-0.000578379346366057,0.000693484975593191,-5.05645214024337e-05
29.35,-0.0189197740711453,-0.000571490746759211,0.000685050305449712,-4.98663208189539e-05
29.36,-0.019085218730317,-0.00056468585646776,0.000676732031145099,-4.91797222176662e-05
29.37,-0.0192485488144714,-0.000557963518502662,0.000668528563689338,-4.85029842834323e-05
29.38,-0.019409791625046,-0.000551322594838394,0.000660438367473919,-4.78346314725533e-05
29.39,-0.0195689737814151,-0.000544761958883038,0.000652460049216357,-4.71734438797897e-05
29.4,-0.0197261212352471,-0.000538280499640713,0.000644592330405634,-4.6518447553595e-05
29.41,-0.0198812593643254,-0.000531877118617564,0.000636833931182955,-4.58689016657484e-05
29.42,-0.0200344130637751,-0.000525550727932279,0.000629183718274029,-4.52242820535508e-05
29.43,-0.0201856067478037,-0.000519300260927251,0.000621636803103181,-4.45843191849088e-05
29.44,-0.0203348646033135,-0.00051312472408833,0.000614191322115403,-4.39497436441786e-05
29.45,-0.0204822107359135,-0.000507023039569468,0.000606857368017814,-4.33216515533342e-05
29.46,-0.0206276691530878,-0.000500994062514193,0.000599636931312774,-4.27005299809857e-05
29.47,-0.0207712635372808,-0.000495036667470489,0.000592530363003331,-4.20864506667408e-05
29.48,-0.0209130172319858,-0.000489149740091615,0.000585531304051085,-4.14792220235722e-05
29.49,-0.0210529531670609,-0.000483332255003559,0.00057863116575767,-4.0878680076442e-05
29.5,-0.0211910939436741,-0.000477583237386414,0.000571833097718663,-4.02843313914556e-05
29.51,-0.0213274613622607,-0.000471901522164013,0.000565152280229486,-3.96940297673594e-05
29.52,-0.0214620768695042,-0.000466286314711028,0.000558515634149919,-3.9109292867753e-05
29.53,-0.0215949620406466,-0.000460737232395916,0.000551935643278969,-3.85299079935758e-05
29.54,-0.0217261378362297,-0.000455253372036084,0.000545464435941963,-3.79543352952123e-05
29.55,-0.0218556248254336,-0.000449833603550263,0.00053910415718054,-3.73834210245727e-05
29.56,-0.0219834436571889,-0.000444476910801699,0.00053283665717226,-3.68188202609497e-05
29.57,-0.0221096150819839,-0.000439182473744578,0.000526643756195806,-3.62619359232284e-05
29.58,-0.0222341599361897,-0.000433949599060715,0.000520516987050227,-3.57136400981702e-05
29.59,-0.0223570989744477,-0.000428777643560954,0.000514454122075935,-3.5174387262119e-05
29.6,-0.0224784528518303,-0.000423665961749547,0.000508456451604103,-3.46443997313532e-05
29.61,-0.0225982420219299,-0.000418613891262433,0.000502526033162176,-3.41237979700735e-05
29.62,-0.0227164867722749,-0.000413620749453523,0.000496664430652142,-3.36126577813282e-05
29.63,-0.0228332071433552,-0.000408685828261463,0.000490876194979042,-3.31108833866482e-05
29.64,-0.0229484228703161,-0.000403808400330652,0.00048515816907824,-3.26178931403671e-05
29.65,-0.0230621532655082,-0.000398987775587201,0.000479508514331081,-3.2132984167911e-05
29.66,-0.0231744172588471,-0.000394223291965803,0.000473923447272439,-3.165544540619e-05
29.67,-0.0232852333883997,-0.000389514323019867,0.000468398848446373,-3.11847225642814e-05
29.68,-0.023394619920122,-0.000384860288106816,0.000462932885734056,-3.07207918884784e-05
29.69,-0.0235025949946532,-0.000380260566239618,0.000457530544111857,-3.02639499180139e-05
29.7,-0.023609176621207,-0.000375714500005319,0.00045219651121168,-2.98146033463497e-05
29.71,-0.0237143827143962,-0.000371221377721777,0.00044693546907723,-2.93730950491557e-05
29.72,-0.0238182310121786,-0.000366780455817586,0.0004417495928769,-2.89396482716053e-05
29.73,-0.0239207390841356,-0.000362390980431663,0.000436638895654057,-2.85143820566814e-05
29.74,-0.0240219242739927,-0.000358052214291996,0.000431598556381918,-2.80974733479549e-05
29.75,-0.0241218038939435,-0.00035376353174229,0.000426618943195026,-2.76897341541206e-05
29.76,-0.0242203950720805,-0.00034952422219673,0.00042171755947866,-2.72908670801024e-05
29.77,-0.0243177147342299,-0.000345333508526272,0.000416892344716667,-2.69012290801701e-05
29.78,-0.0244137795638872,-0.000341190626347941,0.000412140996164287,-2.65205409134629e-05
29.79,-0.0245086060513087,-0.000337094975135018,0.000407439353251799,-2.61490486994551e-05
29.8,-0.0246022104292392,-0.000333046080487046,0.000402786559733424,-2.57859209878378e-05
29.81,-0.0246946084881268,-0.000329043413380745,0.000398189898729269,-2.54299159854446e-05
29.82,-0.0247858155178333,-0.000325086374088164,0.000393655911074705,-2.50799454461771e-05
29.83,-0.0248758463854886,-0.000321174319720712,0.000389186893363798,-2.47351826750993e-05
29.84,-0.0249647155632111,-0.000317306600949644,0.000384782496436023,-2.43950123437912e-05
29.85,-0.0250524372041019,-0.000313482580035536,0.000380440963067206,-2.4058967298033e-05
29.86,-0.0251390251528747,-0.0003097016409457,0.000376160028919467,-2.37266850951805e-05
29.87,-0.0252244930004428,-0.000305963190013799,0.000371937395693809,-2.33978832099732e-05
29.88,-0.025308854085111,-0.00030226665639764,0.000367770933539755,-2.30723460389021e-05
29.89,-0.0253921215382968,-0.000298611489591058,0.000363658452729138,-2.27499160817231e-05
29.9,-0.0254743082813782,-0.000294997157197403,0.000359598966735915,-2.24304898229451e-05
29.91,-0.0255554270657035,-0.000291423138278212,0.000355590655120464,-2.21140152681566e-05
29.92,-0.0256354904675948,-0.000287888928100937,0.000351632314283298,-2.18004826397906e-05
29.93,-0.025714510922076,-0.000284394032787872,0.000347722871862841,-2.1489918520397e-05
29.94,-0.0257925007176274,-0.000280937968631831,0.000343861401010297,-2.11823808981558e-05
29.95,-0.0258694720046071,-0.000277520251918419,0.000340050173960333,-2.08778109132763e-05
29.96,-0.0259454367057019,-0.000274140352349338,0.000336290945802057,-2.05758656218365e-05
29.97,-0.0260204065815826,-0.000270797815267486,0.000332573047012409,-2.02766918996523e-05
29.98,-0.026094393252337,-0.000267492231798051,0.000328896966315454,-1.99800391098963e-05
29.99,-0.0261674081192078,-0.000264223159828136,0.000325266664489703,-1.96856291592511e-05
30,-0.0267071603465974,-0.00374998790761335,0.000321679707373797,-1.93937858946868e-05
30.01,-0.0273960609918777,-0.00607593112325094,-0.000626876044096861,-0.000228086784641345
30.02,-0.0283362304909867,-0.00834331195381908,0.00420311099480808,-0.000199106703677249
30.03,-0.0294577234851952,-0.0105465757086555,0.0132369981196219,-3.19483119160688e-05
30.04,-0.030725854850215,-0.0125973879175721,0.0252664739173762,0.000179036572367106
30.05,-0.0321933270496659,-0.0145844443200687,0.0392881943575678,0.000369802232036574
30.06,-0.0339582915808263,-0.0164442966047022,0.0544276987341332,0.0004959667159839
30.07,-0.0361405467098965,-0.0183145010256553,0.0700789133173676,0.00053691747317058
30.08,-0.0388754741298607,-0.0201056480954693,0.0858288982793275,0.000486028472171436
30.09,-0.0422904068170569,-0.0219778444917935,0.101435878167957,0.000348847618122113
30.1,-0.0465139588505883,-0.0237975528252139,0.116740902559695,0.000133610801708286
30.11,-0.0516262565436287,-0.0257339788441815,0.1315660744448,-0.000145763535607073
30.12,-0.0577264977303038,-0.0276060184672218,0.145991999363359,-0.000478965454190895
30.13,-0.0648254079944115,-0.0295929483443954,0.160181926878068,-0.000855157703839905
30.14,-0.073012744309259,-0.0314741726999434,0.173849015361665,-0.00126986499635822
30.15,-0.0822306690032502,-0.0334522611640939,0.186994031231215,-0.00171779006506167
30.16,-0.0925939959483841,-0.0352782816568633,0.199449247490217,-0.00219970955316654
30.17,-0.103974088224969,-0.0371831079107944,0.211243357551178,-0.0027148125749803
30.18,-0.116541718334848,-0.0388943971130869,0.222243650476528,-0.00326376752298391
30.19,-0.130087046876827,-0.0406734812909252,0.232368057277289,-0.00384206528668961
30.2,-0.144860328071786,-0.0422265815209666,0.241630864905162,-0.00444805376376619
30.21,-0.16055246331615,-0.0438430530875372,0.250036467480675,-0.00507740946573825
30.22,-0.177511997576397,-0.0452066920550543,0.257572846794354,-0.00572739836759737
30.23,-0.195309070598989,-0.0466332653572153,0.26424298912865,-0.00639486331525829
30.24,-0.214408847078225,-0.047784745091024,0.270007297689467,-0.00707968009815024
30.25,-0.234242224701736,-0.0490025740338212,0.274810722314136,-0.00778228411232579
30.26,-0.255411120521999,-0.0499283448944995,0.278622977444518,-0.00850210143693737
30.27,-0.27718969440338,-0.0509281399980471,0.281450081019201,-0.0092347841735426
30.28,-0.30033314104995,-0.051623418755613,0.283286471485407,-0.00997315294199064
30.29,-0.323941414069582,-0.0524034289244944,0.284183856442812,-0.01070982071981
30.3,-0.348391083032212,-0.0530773106411388,0.284214081721534,-0.0114375912019583
30.31,-0.374243021651075,-0.0534326417564195,0.283495793162822,-0.0121498036941532
30.32,-0.400308834548233,-0.0538898926443797,0.282147422391009,-0.0128415208021094
30.33,-0.427797700345074,-0.0540192764001734,0.280215315621822,-0.0135105395565985
30.34,-0.455315399906858,-0.0542605698387791,0.27772670947631,-0.0141556428362469
30.35,-0.484280402389201,-0.0541668574197145,0.274715325327017,-0.0147745075252506
30.36,-0.513085847233546,-0.0541965795494727,0.271218328592306,-0.015364207016483
30.37,-0.54244763451464,-0.0541254229853134,0.267314036814995,-0.0159198116218448
30.38,-0.573307955261458,-0.0537112464573476,0.263069564278847,-0.0164374155383262
30.39,-0.603723752133306,-0.0534381073068479,0.258556027962957,-0.0169127540304633
30.4,-0.634581457474035,-0.0530680077443528,0.25386243128991,-0.0173428971016878
30.41,-0.667004407117134,-0.0523467377203407,0.249039065470686,-0.0177264257505592
30.42,-0.6986990052755,-0.0517806403227914,0.244157353626842,-0.0180605100124632
30.43,-0.732011309922016,-0.0508578228828278,0.239274880868579,-0.0183436598034901
30.44,-0.764408071714819,-0.0500967714854898,0.234423601055896,-0.01857657535345
30.45,-0.797078125274826,-0.0492401610968515,0.22961264367618,-0.0187608783854203
30.46,-0.831458218882459,-0.0480180315134497,0.224853922767469,-0.0188981382212933
30.47,-0.86465030058543,-0.0469670956148371,0.220163929004833,-0.0189895659446046
30.48,-0.898031989935214,-0.0458206406835482,0.215560873160622,-0.0190363630920928
30.49,-0.933231965934198,-0.0443013026574185,0.211065295612385,-0.0190398537561721
30.5,-0.966982241925154,-0.0429605206252506,0.206688196128703,-0.0190014349775147
30.51,-1.00085153767635,-0.0415236228936552,0.202438831232425,-0.0189226823857201
30.52,-1.03666080623094,-0.0397074834706519,0.198332740209192,-0.018805494069329
30.53,-1.07076929547039,-0.0380748343242886,0.194380283342708,-0.0186517717239888
30.54,-1.10493794450339,-0.0363446064378325,0.19059255538533,-0.0184634833389732
30.55,-1.13914978371923,-0.0345160187015963,0.186981996488565,-0.0182427381229403
30.56,-1.17548181339859,-0.0323003446383241,0.183561850955626,-0.0179918376326415
30.57,-1.20979438310376,-0.030270792166752,0.18033641002111,-0.017712996269837
30.58,-1.24409900527812,-0.0281395404574317,0.177322753381723,-0.0174088522641421
30.59,-1.28065237916771,-0.0256156978104727,0.174540357427799,-0.0170824788875027
30.6,-1.31492449985498,-0.0232738926144797,0.171995173210181,-0.0167366454707657
30.61,-1.34909165051301,-0.0208229381681142,0.169691270571249,-0.0163739776132188
30.62,-1.38556475155295,-0.0179712925358804,0.167634110729166,-0.015997171899825
30.63,-1.41939934370722,-0.0152905083107689,0.16582663967579,-0.0156089275599848
30.64,-1.45289541876004,-0.0124874102648155,0.164275252742553,-0.0152120227894177
30.65,-1.48590605948741,-0.00955531710211446,0.162991429728458,-0.014809484371305
30.66,-1.52093243287685,-0.00620239377395812,0.161971610444283,-0.0144040434871336
30.67,-1.55237495105137,-0.00298898904220593,0.16121337867224,-0.0139983843357727
30.68,-1.58259742498006,0.000377769606862699,0.160766971971029,-0.0135929757890923
30.69,-1.61415788935458,0.00418329060228873,0.160711575189192,-0.0131861810243868
30.7,-1.64108623791902,0.00787616136511432,0.161111318691188,-0.0127785273532403
30.71,-1.66589965114688,0.0117399665718365,0.162052645757582,-0.012370673284615
30.72,-1.69130647696099,0.0160463026905187,0.163637642552013,-0.01196286898477
30.73,-1.71116719355355,0.0202529883314176,0.165955929398783,-0.0115560981571415
30.74,-1.72822567205701,0.0246300902092925,0.168984959635949,-0.0111568901277756
30.75,-1.74536597931447,0.0294320620273832,0.172666270995572,-0.0107739252465372
30.76,-1.75646732520402,0.0341270922307796,0.176934838770916,-0.0104140836597768
30.77,-1.76753855539887,0.0392172930171672,0.181339754103413,-0.0100998115787613
30.78,-1.76537955712226,0.04324887528816,0.184841080037316,-0.00987882926380709
30.79,-1.7578072932377,0.0471311129294498,0.186081353007925,-0.00980614222581064
30.8,-1.75095838524269,0.0513072291741083,0.183260768147527,-0.00994786061674352
30.81,-1.74204097443311,0.05547307117731,0.174689606410053,-0.0103553752835258
30.82,-1.72844225137042,0.0593359065971327,0.159282350200121,-0.0110138228167495
30.83,-1.71619335515042,0.0632611079684515,0.137051312441377,-0.0118451524373622
30.84,-1.70267109846681,0.0669486607194229,0.108752664914223,-0.0127433791341012
30.85,-1.68542585438431,0.0701339114948034,0.0754592692848973,-0.0136046516619535
30.86,-1.67014386652144,0.0731725040601889,0.0385586660796113,-0.0143316479295999
30.87,-1.65424982351934,0.0758226792785755,-0.000399216366777456,-0.0148451014152308
30.88,-1.63788247397894,0.0780651146679326,-0.040056941168538,-0.0150969661887651
30.89,-1.61866186019037,0.0797184677662022,-0.0792774818777183,-0.0150626105459239
30.9,-1.60167128170828,0.0811454986888268,-0.117073045653012,-0.0147374235521133
30.91,-1.58441235839202,0.0821800378354524,-0.15258602896412,-0.0141317572721641
30.92,-1.56459617759807,0.0826878050396131,-0.185148759277904,-0.0132697718011317
30.93,-1.54689767487357,0.0830213986860835,-0.214224002786004,-0.0121824469066545
30.94,-1.52895040683864,0.0830521704838985,-0.239426648757191,-0.0109051708095551
30.95,-1.50861561125734,0.0826769564433782,-0.26060021412404,-0.00947965559975894
30.96,-1.49021685511275,0.0822239801984543,-0.277739025740155,-0.0079476913665264
30.97,-1.47156605603756,0.0815847703092538,-0.290997408669422,-0.00635078230004883
30.98,-1.45070909719929,0.0806699411785123,-0.300669619221787,-0.00472974895607289
30.99,-1.43164651868458,0.0797700993567318,-0.307110042701729,-0.00312079585540429
31,-1.41238063472127,0.0787836569325891,-0.310706980855991,-0.00155495868895046
31.01,-1.39114374721907,0.0776249993641475,-0.311871421233022,-5.92239619799428e-05
31.02,-1.37161220671655,0.0765435517046386,-0.311004273777817,0.00134536416439181
31.03,-1.35196741076103,0.0754408389025138,-0.308496092567089,0.00264159532590441
31.04,-1.33061285336171,0.0742332543345735,-0.304716982840475,0.00381611179916024
31.05,-1.31089544840849,0.0731316935988714,-0.299961965448773,0.00486025375763338
31.06,-1.2911635260445,0.0720419906447262,-0.294492584546211,0.00577165390091826
31.07,-1.26998014222696,0.0708848167767067,-0.288538342978303,0.00655091994355861
31.08,-1.25036319654242,0.0698382641900998,-0.282291605875672,0.00720153299884697
31.09,-1.22945378584317,0.0687377181683526,-0.27588994921855,0.00773103084924291
31.1,-1.2100523776858,0.0677428156847886,-0.269454682928368,0.00814791324070919
31.11,-1.19076334869289,0.0667718648595469,-0.263103177667312,0.0084631597981253
31.12,-1.17039310532306,0.0657571651262343,-0.256947847600611,0.00868861368652293
31.13,-1.15142532914298,0.0648326571077608,-0.251056399810676,0.0088359868644911
31.14,-1.13149848730917,0.0638659724638766,-0.245467521006006,0.0089172635388298
31.15,-1.112891705181,0.0629765631563628,-0.240209971521998,0.0089446069614051
31.16,-1.0944501089414,0.0620981179084455,-0.235280573489415,0.00892860497521702
31.17,-1.07520884323787,0.0611776112336484,-0.23064932119064,0.00887929711527517
31.18,-1.05715434863485,0.0603154023080471,-0.226294478162944,0.00880547471036648
31.19,-1.03839599094807,0.0594115025849638,-0.22218334753161,0.00871430468511853
31.2,-1.02073524053778,0.0585552347476746,-0.218257687659789,0.00861298542470194
31.21,-1.00246257709404,0.0576589017048364,-0.214484710563176,0.0085063762584622
31.22,-0.98520130619657,0.056801545148451,-0.210833865469935,0.00839817034219139
31.23,-0.96812226690226,0.055940430757899,-0.207284131101663,0.00829035647932752
31.24,-0.950567802184817,0.0550433379218797,-0.203811456887581,0.00818436269738435
31.25,-0.933910155424063,0.0541746397291252,-0.200388328291059,0.00808099145178363
31.26,-0.916870127281273,0.0532732372027181,-0.196996724984274,0.00798001171621473
31.27,-0.900662894155593,0.0523947185255955,-0.193618332716202,0.00788128454598746
31.28,-0.884171132466621,0.0514870497438023,-0.190240719863896,0.0077842212950782
31.29,-0.868460570085044,0.0505976692924004,-0.18684224475859,0.00768858601173525
31.3,-0.852563479060128,0.0496831170551688,-0.183399865750258,0.00759382697923034
31.31,-0.837399932707802,0.0487836903411034,-0.179891161722699,0.00749943910648571
31.32,-0.822140873324635,0.0478638462036609,-0.176302787695874,0.00740439031064937
31.33,-0.807570182635969,0.0469572090890044,-0.172618753799196,0.00730799566612072
31.34,-0.793296136534211,0.0460476956631993,-0.168832882710989,0.00720928516997559
31.35,-0.779048113290749,0.0451257272486862,-0.164936063783488,0.00710764846495836
31.36,-0.765422491322359,0.0442159305320058,-0.160922506196953,0.00700251807213583
31.37,-0.751889649146536,0.0432992567485581,-0.156790290355788,0.00689306284628098
31.38,-0.738933517723831,0.0423951113917378,-0.152540318514393,0.00677838424417347
31.39,-0.726124535868044,0.0414897442022397,-0.148181630021318,0.0066573997035301
31.4,-0.713844750157454,0.040597788398052,-0.143720462176273,0.00652941419203516
31.41,-0.701753378985975,0.0397100911558773,-0.139169614778288,0.00639366443099289
31.42,-0.690141152276393,0.0388370217522898,-0.134540445855881,0.00624990908116123
31.43,-0.678745512500786,0.037973360692432,-0.129849725499341,0.00609785760929532
31.44,-0.667777152297761,0.0371256487722547,-0.125113299250654,0.0059375823046521
31.45,-0.657042047987776,0.0362919664962762,-0.120349301485535,0.00576895229145868
31.46,-0.646682723136539,0.0354754591570752,-0.115574576126321,0.00559217165954899
31.47,-0.636564862071879,0.0346769319613341,-0.110810965974284,0.00540742546116453
31.48,-0.626772469228433,0.0338965328902206,-0.106081088857723,0.00521545636830391
31.49,-0.617221418629574,0.0331372575350817,-0.101408088810675,0.00501688362500632
31.5,-0.607946986896707,0.0323966379956192,-0.0968134798802279,0.00481259957650977
31.51,-0.598909685130751,0.0316793120866328,-0.0923154188326235,0.00460342039302533
31.52,-0.590105433349057,0.03098062260272,-0.0879278521183373,0.00439040169978031
31.53,-0.581532674209052,0.0303065261419767,-0.0836681155100023,0.00417458601813195
31.54,-0.573155968281485,0.0296505352327921,-0.0795475978197292,0.00395717430330318
31.55,-0.565006239653609,0.0290195641975031,-0.0755779412330437,0.00373927107028272
31.56,-0.557023271836975,0.0284056606598748,-0.0717725888801818,0.00352213444477655
31.57,-0.549264972544188,0.0278163734978187,-0.0681396149404191,0.00330680918024195
31.58,-0.541651063820932,0.0272426585339984,-0.0646818623859546,0.00309457139974434
31.59,-0.534212760981625,0.0266880267148917,-0.0614002915155154,0.00288649033802756
31.6,-0.526998282259788,0.0261564553003691,-0.058289498340853,0.00268368327350569
31.61,-0.519904414115173,0.0256380568481507,-0.0553473114450318,0.00248703960992208
31.62,-0.513033653779347,0.0251414300473357,-0.0525696648845662,0.00229732680626827
31.63,-0.50627129047373,0.0246564337594754,-0.0499520638128936,0.00211518011287632
31.64,-0.499729872019591,0.0241918414202999,-0.0474889823460527,0.00194109157714191
31.65,-0.493285666811868,0.0237374875711145,-0.0451720514341287,0.0017756197148045
31.66,-0.4870573815789,0.0233022434631605,-0.0429923800140154,0.00161901345490526
31.67,-0.480914957967626,0.0228761251064026,-0.040940011758438,0.00147142713040501
31.68,-0.474980782123998,0.022467991365619,-0.0390078170540297,0.00133280358959565
31.69,-0.469121143915967,0.0220681267741121,-0.037187158858141,0.00120302608237899
31.7,-0.463459903158705,0.0216852591676898,-0.0354713714576771,0.00108173001377766
31.71,-0.457861979144761,0.0213100120293648,-0.0338536932173255,0.000968544740819221
31.72,-0.452451330171195,0.0209508658689145,-0.0323287448310373,0.000862980104082742
31.73,-0.447093905211876,0.0205988050398668,-0.0308909918656705,0.000764563452339874
31.74,-0.441912768745823,0.0202619686802831,-0.029536386205702,0.000672739449561023
31.75,-0.43677657204025,0.0199317201106186,-0.0282606215949664,0.000587004100048703
31.76,-0.431806400840049,0.0196157963602668,-0.0270603731806564,0.000506815344253981
31.77,-0.426874651144692,0.019305961451321,-0.0259321883826457,0.000431687738035116
31.78,-0.422099522390075,0.0190095089520357,-0.0248744221543278,0.000361086789187867
31.79,-0.417357911564558,0.0187186107789235,-0.0238830656099745,0.000294612732218698
31.8,-0.412764373575355,0.0184401153738094,-0.0229553914592874,0.000231810804936111
31.81,-0.408200765351701,0.0181666289624467,-0.0220889101389798,0.000172281645001484
31.82,-0.403777334573482,0.0179045448146572,-0.0212812496442508,0.000115671815719086
31.83,-0.399381185826575,0.017646903003209,-0.0205295332072496,6.17174193890062e-05
31.84,-0.395117832263969,0.0173996469802618,-0.0198337397139174,1.00907144183325e-05
31.85,-0.390879752709255,0.0171561960791581,-0.0191985840687454,-3.96754327700686e-05
31.86,-0.38671805983536,0.016919167358678,-0.0186244920380374,-8.77555344708353e-05
31.87,-0.382678396269961,0.0166907743894766,-0.018101177422118,-0.000133782151487437
31.88,-0.378661200217435,0.0164652093832989,-0.0176134815270682,-0.000177239057373787
31.89,-0.374758332788684,0.0162475016891191,-0.0171547041796111,-0.00021815497981264
31.9,-0.370875638541106,0.0160323990749825,-0.0167180273177615,-0.000256608906147563
31.91,-0.367099448204263,0.0158246330038988,-0.0163000984479384,-0.000292830582738934
31.92,-0.363341244563145,0.0156193951844,-0.0158997202361516,-0.000327108526774142
31.93,-0.359682040582358,0.0154210457845083,-0.0155173604324129,-0.000359734067515343
31.94,-0.356039060864614,0.0152251277189136,-0.0151544035196603,-0.00039095853551078
31.95,-0.352488185373478,0.0150355992435725,-0.0148124960322066,-0.000420962921959474
31.96,-0.348952336579661,0.0148483150557221,-0.0144931776357418,-0.000449860469944834
31.97,-0.345502416026635,0.0146668476779518,-0.014197385062499,-0.000477685252752372
31.98,-0.342066888252971,0.0144873610191453,-0.0139255406692101,-0.000504421904261742
31.99,-0.338711817278627,0.0143130820898685,-0.0136774944400302,-0.000530014817000088
32,-0.335370990396379,0.0141404890542881,-0.0134526883214157,-0.000554413653222352
32.01,-0.332105785615365,0.0139725061231205,-0.0132492639751996,-0.000577525924036842
32.02,-0.328855047708645,0.0138059389991804,-0.0130657848533951,-0.000599291424921904
32.03,-0.325675617633239,0.0136434431014403,-0.0129006210699956,-0.000619655320414466
32.04,-0.32251112252462,0.0134821383902606,-0.0127518688243387,-0.000638580716752702
32.05,-0.319414025264091,0.0133244383453957,-0.0126171665507044,-0.000656030079776781
32.06,-0.316332445576386,0.0131677741463666,-0.0124942733924337,-0.000671991854394955
32.07,-0.313314632633661,0.0130143414954338,-0.0123809428972494,-0.000686459925993642
32.08,-0.310312932673343,0.0128618649808417,-0.0122753054336914,-0.000699461619378621
32.09,-0.307371564925878,0.0127123332210595,-0.0121755583190332,-0.000711030728951034
32.1,-0.304446845550341,0.0125637397223605,-0.012080318367021,-0.000721231912884974
32.11,-0.301579169363553,0.0124178736323864,-0.0119881038573163,-0.000730123057196122
32.12,-0.298728599388225,0.0122729741582339,-0.0118979797230769,-0.000737782025019183
32.13,-0.295914490912345,0.012129900828485,-0.0118095049567147,-0.000744300222668448
32.14,-0.293152761421762,0.0119893105853091,-0.0117223036869002,-0.000749778146361161
32.15,-0.290408707509748,0.0118497616780244,-0.0116356424852053,-0.000754297924552842
32.16,-0.287714150273422,0.0117125704219597,-0.0115488564815342,-0.000757940953942329
32.17,-0.285037613345457,0.0115764848349766,-0.0114618486944229,-0.000760810159806975
32.18,-0.282407872833689,0.0114426505632219,-0.0113745460857149,-0.000762998287348284
32.19,-0.279796497424908,0.0113099795447034,-0.0112871776315741,-0.000764613945041491
32.2,-0.277229461677081,0.0111794537342189,-0.0111997777547059,-0.000765749950936779
32.21,-0.274681174733807,0.0110501329279264,-0.0111125479866528,-0.000766511637984047
32.22,-0.272175015773307,0.0109228493091387,-0.0110254756999571,-0.000766984820234546
32.23,-0.26968802704706,0.0107967982768018,-0.0109387351431352,-0.000767264974823821
32.24,-0.26724118409771,0.0106726760459741,-0.0108523010699728,-0.000767426043968489
32.25,-0.264813952260367,0.0105498018046064,-0.0107663368353511,-0.000767549947021539
32.26,-0.262425082679023,0.0104287486783105,-0.0106808039441343,-0.000767696011906838
32.27,-0.260056261919175,0.0103089484843205,-0.0105958448359858,-0.0007679305651104
32.28,-0.25772418413227,0.0101908636536991,-0.0105113977343363,-0.000768297034913202
32.29,-0.25541256187913,0.0100740283181619,-0.0104275768318156,-0.000768845490242429
32.3,-0.253136202555236,0.0099588055760546,-0.0103442944968727,-0.00076960345454949
32.31,-0.250880673385666,0.00984482234940886,-0.0102616366756596,-0.00077060520274661
32.32,-0.248659032381042,0.00973235383200078,-0.0101794918933504,-0.000771863255395022
32.33,-0.24645851849538,0.00962111126409589,-0.0100979556492172,-0.000773398946512471
32.34,-0.24429058838674,0.0095112918582135,-0.0100168054168771,-0.000775210637816788
32.35,-0.242144006823706,0.00940268424502108,-0.00993609034216727,-0.000777303803192322
32.36,-0.240028776171462,0.00929541662511646,-0.00985584812715391,-0.000779671179649418
32.37,-0.237935050120996,0.00918934401917675,-0.00977613099799389,-0.000782306054465688
32.38,-0.235871505654119,0.00908453377203389,-0.00969674088346351,-0.000785180870449521
32.39,-0.233829563278668,0.00898090585056795,-0.00961519190055561,-0.000788276410195498
32.4,-0.23181281830362,0.0088789022979488,-0.00945189626884801,-0.00078820760148912
32.41,-0.229823510955379,0.00877906320796391,-0.00927239792518494,-0.000788569958117616
32.42,-0.227854921010236,0.0086813318231083,-0.00910542554790049,-0.000791229107364299
32.43,-0.225913296631493,0.00858549518183627,-0.00895607012138148,-0.000795965845150468
32.44,-0.223992979651397,0.00849140891635751,-0.00882612543760122,-0.000802313832149743
32.45,-0.222099184142168,0.00839878347638231,-0.00871584326346667,-0.000809798806340635
32.46,-0.220227011938665,0.00830750808379442,-0.00862430381599931,-0.00081799590957574
32.47,-0.218380753461998,0.00821727929155186,-0.00854929333178043,-0.000826507975208598
32.48,-0.216556196175503,0.00812806210765582,-0.00848828153700799,-0.000835008220661452
32.49,-0.214756815722517,0.00803957480008418,-0.00843833616993089,-0.000843218603677942
32.5,-0.212979025987092,0.00795186936612645,-0.00839660799825533,-0.000850932279228755
32.51,-0.211225595473007,0.00786469565905122,-0.00836023749407542,-0.000857989025542139
32.52,-0.209493512173008,0.00777818712541095,-0.00832676290306365,-0.000864294101638726
32.53,-0.207784935319493,0.00769212119066505,-0.00829391491027982,-0.000869790642817118
32.54,-0.206097379557313,0.00760669750027836,-0.00825993003236773,-0.000874473966038139
32.55,-0.204432482647617,0.00752171049181751,-0.00822328099620013,-0.000878362561419063
32.56,-0.202788239896812,0.0074374080711369,-0.0081829336530001,-0.000881511507108956
32.57,-0.20116584410896,0.00735359014471935,-0.00813805379691755,-0.000883984745379662
32.58,-0.199563725686705,0.00727053625533812,-0.00808823840785039,-0.000885869271328948
32.59,-0.197982693430806,0.00718804203163651,-0.00803321768454032,-0.000887249496645337
32.6,-0.196421564175926,0.00710640483220841,-0.0079730728978317,-0.000888222576865952
32.61,-0.194880824197506,0.00702540854605361,-0.007907942152596,-0.000888874922588574
32.62,-0.193359638104361,0.00694535770354734,-0.00783823140967854,-0.000889298596328321
32.63,-0.191858216650482,0.00686602010423438,-0.00776432872336811,-0.000889569771558787
32.64,-0.190376024281687,0.00678770045873425,-0.00768681425007976,-0.000889766052504044
32.65,-0.188913033603651,0.00671014893241372,-0.00760618763200909,-0.000889946670357173
32.66,-0.187468967152713,0.00663366629056126,-0.00752308049787085,-0.000890170486554231
32.67,-0.186043681031157,0.00655812876627772,-0.00743799817587796,-0.000890477574527439
32.68,-0.184636844441021,0.00648340239169857,-0.00735161341601756,-0.000890910755982818
32.69,-0.183248484531608,0.00640977795847893,-0.00726437071590979,-0.000891493266700412
32.7,-0.181878113961423,0.0063369685983131,-0.0071766574231666,-0.000892238440717494
32.71,-0.180525918294046,0.00626526017027901,-0.00708891878176689,-0.000893161229750168
32.72,-0.17919126628691,0.00619435613774059,-0.00700143022986283,-0.000894261637668488
32.73,-0.177874479272669,0.00612453806979361,-0.00691452020326992,-0.000895542952462697
32.74,-0.176574814656538,0.00605550299288542,-0.00682835419377208,-0.000896995796895966
32.75,-0.175292702262134,0.00598752943289809,-0.0067431536531535,-0.000898615766982926
32.76,-0.174027308111969,0.00592031101827108,-0.00665898689446136,-0.000900387682374076
32.77,-0.172779148029733,0.00585412431811728,-0.00657598557517809,-0.000902302762746701
32.78,-0.171547315964458,0.00578866207182672,-0.00649414078265549,-0.000904343027747135
32.79,-0.170332393826557,0.00572419973110962,-0.00641351631390109,-0.000906497990034883
32.8,-0.169133420200232,0.00566043112906281,-0.00633404862984395,-0.000908749162895371
32.81,-0.167951025800459,0.00559763114239348,-0.00625575625287164,-0.000911086290228906
32.82,-0.166784208341161,0.00553549611602543,-0.00617854644548835,-0.000913491812378372
32.83,-0.165633632503868,0.00547430050071367,-0.00610241651364841,-0.000915956711349157
32.84,-0.164498268006341,0.00541374401002362,-0.00602725425824777,-0.000918465469819627
32.85,-0.163378801125504,0.00535410064400921,-0.00595304269809614,-0.0009210113815553
32.86,-0.162274186167428,0.0052950739935161,-0.00587966795554809,-0.00092358135572954
32.87,-0.161185122295585,0.00523693731883305,-0.00580711621215188,-0.000926171033919714
32.88,-0.160110557658237,0.00517939828582012,-0.00573528230523651,-0.000928769726761698
32.89,-0.159051193390091,0.00512272910396654,-0.005664162670142,-0.00093137526751351
32.9,-0.158005978142167,0.00506664150897757,-0.0055936657638438,-0.000933979102163802
32.91,-0.156975609705032,0.00501140615804241,-0.00552380189589035,-0.000936580936391783
32.92,-0.155959048444791,0.00495673857189737,-0.00545449505463403,-0.000939173974208178
32.93,-0.15495698449609,0.0049029073734445,-0.00538576971987482,-0.000941759373023741
32.94,-0.15396881506441,0.00484976758175645,-0.00531756407760606,-0.000944331631569488
32.95,-0.152993959722354,0.00479717734728605,-0.00524997781981018,-0.000946895489323142
32.96,-0.152033086218161,0.00474540025325026,-0.00518294966443108,-0.000949446878752169
32.97,-0.151085209388102,0.00469416116074059,-0.00511641161772117,-0.000951980150893316
32.98,-0.150150973800342,0.0046437215234153,-0.0050504083039684,-0.000954498349300977
32.99,-0.149229416500399,0.00459380940811227,-0.00498490035913481,-0.000956997864531536
33,-0.148321160677655,0.00454468331195055,-0.00491994169538936,-0.000959482231342598
33.01,-0.147385108683133,0.0045140963089039,-0.00163903505701884,-0.000658106886933532
33.02,-0.146371703998165,0.00451411165671257,0.00114983575962827,-0.000347120217728688
33.03,-0.145281273166502,0.00453800906944036,0.0032294541576928,-7.03522408167616e-05
33.04,-0.144118025411736,0.00457906337005102,0.00463559997502272,0.000173092312464185
33.05,-0.142885793303199,0.00463072279996515,0.00545091311369988,0.000386248706954338
33.06,-0.141590498807915,0.00468782416465893,0.00576594392582474,0.000572155501409602
33.07,-0.140237167853639,0.00474561667884646,0.00567215556556583,0.000733793945457872
33.08,-0.13883249874819,0.0048007221825077,0.00525318805792057,0.000873558198799644
33.09,-0.137382128222052,0.00485010631364592,0.00459296936841836,0.000993578313005232
33.1,-0.135893046680138,0.00489202110067577,0.00376565027710741,0.00109569967182658
33.11,-0.134371045182764,0.00492490337042207,0.00283433422295748,0.00118100914574851
33.12,-0.132823146297959,0.00494827907908216,0.00185574500494048,0.00125030231302031
33.13,-0.131255161184546,0.00496168657903716,0.000874613157050041,0.00130393707207
33.14,-0.129674009966527,0.0049655392287608,-7.60004289229349e-05,0.00134190059768024
33.15,-0.128085444463006,0.00496002540295102,-0.000973302971048771,0.0013641515785792
33.16,-0.126496115829898,0.00494604440663825,-0.00179621628237435,0.00137098375391766
33.17,-0.124911371706043,0.00492415970590198,-0.00253557203356775,0.00136263403306685
33.18,-0.123337301192775,0.00489547607071631,-0.00318579172877284,0.00133950746634313
33.19,-0.121778632909306,0.00486065784090102,-0.00374634798779058,0.00130229664299111
33.2,-0.12024063031199,0.00482082403761624,-0.00422029741764374,0.00125192769980482
33.21,-0.118727360078539,0.00477669195013322,-0.00461345138454307,0.00118961665901093
33.22,-0.117242387333425,0.00472891099473608,-0.00493353433788376,0.00111679411063988
33.23,-0.115789336468367,0.00467840220674477,-0.00518873111969758,0.00103511825063704
33.24,-0.114370401282807,0.00462553539021791,-0.00538731209484796,0.000946416727459234
33.25,-0.112987966779476,0.00457106351291242,-0.00553756630106377,0.000852601242071912
33.26,-0.111643033108685,0.00451519406675684,-0.00564783426663543,0.000755640324467702
33.27,-0.110336766031882,0.00445851617869225,-0.00572458176810772,0.000657524177810459
33.28,-0.109069001188256,0.00440110742329869,-0.00577447489763623,0.000560295562595125
33.29,-0.107839761870693,0.00434340545335204,-0.00580727492054711,0.000465632161622846
33.3,-0.106647921270643,0.00428533622803565,-0.00582530900227251,0.000375280908696456
33.31,-0.105492549540553,0.00422727189660668,-0.00582919158191016,0.00029080087363868
33.32,-0.104371701675399,0.0041691247799707,-0.00581945198794917,0.000213476307779179
33.33,-0.103283729785433,0.00411124847180752,-0.00579795258504032,0.000144220115954901
33.34,-0.102226197320602,0.00405351929968097,-0.00576782411288812,8.35867082847481e-05
33.35,-0.101197106628108,0.00399623547741229,-0.00573074168881153,3.18781602475383e-05
33.36,-0.10019384682024,0.00393924518206162,-0.00568638264995437,-1.076694799355e-05
33.37,-0.0992143126142295,0.00388283889546723,-0.00563611973303022,-4.45179845083202e-05
33.38,-0.0982559612897216,0.00382684345316859,-0.00558148841817927,-6.97339964706236e-05
33.39,-0.0973168226022665,0.00377151998924862,-0.00552340162963392,-8.68985233699365e-05
33.4,-0.0963945933645896,0.00371667911319721,-0.00546223578728657,-9.65893762627752e-05
33.41,-0.0954875659661898,0.00366256916276527,-0.00539848893936274,-9.9524132210048e-05
33.42,-0.0945937795362575,0.00360900513413186,-0.00533027611867972,-9.63950487507929e-05
33.43,-0.0937118523295606,0.00355625580419909,-0.00525731695630678,-8.79980754728595e-05
33.44,-0.092840209561345,0.00350414590058037,-0.00518007594420948,-7.51710331594355e-05
33.45,-0.0919778476258735,0.00345293524088572,-0.00509915273264887,-5.87431157201472e-05
33.46,-0.0911235982860124,0.00340243783188707,-0.00501519086413308,-3.95067410893084e-05
33.47,-0.0902768259496405,0.00335290078291822,-0.00492855180621851,-1.82405795121939e-05
33.48,-0.089436821138543,0.00330424113003019,-0.00483924351260293,4.33412990308184e-06
33.49,-0.0886030576629722,0.00325637680092414,-0.00474730352893094,2.75402342332377e-05
33.5,-0.0877753793136637,0.00320955137867389,-0.00465290299785136,5.07807961577662e-05
33.51,-0.0869534750127912,0.00316356977726134,-0.00455653807004858,7.35377258753668e-05
33.52,-0.0861374227881999,0.0031186643760507,-0.0044590503607696,9.53638059037916e-05
33.53,-0.0853271307985732,0.00307462537647766,-0.00436123124180425,0.000115901873863933
33.54,-0.0845228411312231,0.00303167039408495,-0.004263290802244,0.000134902271357189
33.55,-0.0837245970743794,0.00298958056223442,-0.00416648553624229,0.0001521916821026
33.56,-0.0829327273868454,0.00294854748558567,-0.00407289098662193,0.000167615777583618
33.57,-0.0821473644981694,0.00290831969733567,-0.00398310965536897,0.000181126810482634
33.58,-0.0813688789625608,0.00286907155450581,-0.00389747877847011,0.000192688029278914
33.59,-0.0805974418682815,0.00283055125378546,-0.00381516174004999,0.000202330083022171
33.6,-0.0798334282623134,0.00279293965640345,-0.00373653184065825,0.000210056709455771
33.61,-0.079077028847415,0.00275598052886509,-0.00366239685132538,0.000215887381795977
33.62,-0.0783286203803772,0.00271983944168132,-0.00359348234879389,0.000219872552640564
33.63,-0.0775883966913824,0.0026842480243707,-0.00352998159926467,0.000222113420528815
33.64,-0.0768567037144248,0.00264936705772384,-0.003471801878251,0.000222742757458852
33.65,-0.0761337005164684,0.00261493066774053,-0.00341861324235767,0.000221923449365838
33.66,-0.0754196721479108,0.00258110493798504,-0.00337009822352776,0.00021982287313737
33.67,-0.0747147221256199,0.00254763164157171,-0.0033257782360478,0.000216618199460885
33.68,-0.0740190645494891,0.00251468530473448,-0.00328520983851465,0.00021247697431007
33.69,-0.0733327421554151,0.00248201768091906,-0.00324782786587347,0.000207568469963204
33.7,-0.0726558981792795,0.00244981313864093,-0.00321323857690081,0.000202044992778938
33.71,-0.0719885180597437,0.00241783268830699,-0.00318092972943789,0.000196046961994934
33.72,-0.0713306837527163,0.00238627006292482,-0.00315038377508634,0.000189696015006057
33.73,-0.0706823324007608,0.00235489785714755,-0.00312094078384574,0.000183108544739417
33.74,-0.0700434921219841,0.0023239212707242,-0.00309213613311095,0.000176384961312767
33.75,-0.0694140816491977,0.002293229681519,-0.00306355174629989,0.000169624678717824
33.76,-0.0687940035167625,0.0022627154375364,-0.00303504098696224,0.000162908749921408
33.77,-0.0681832137765586,0.00223259193449545,-0.00300636776876329,0.000156318528178965
33.78,-0.0675815507892583,0.00220264944923722,-0.0029773409588287,0.000149928037456942
33.79,-0.0669889291485752,0.00217310438351377,-0.00294792097620722,0.000143793295548975
33.8,-0.0664051540277217,0.00214374902522383,-0.00291794635210809,0.000137970251308115
33.81,-0.065830108455657,0.00211480332719676,-0.00288714985497257,0.00013252115941578
33.82,-0.0652635723544641,0.00208606062880124,-0.00285602055010589,0.000127477604212493
33.83,-0.0647054057680272,0.00205773558845524,-0.002824718639139,0.000122870218741152
33.84,-0.0641553770645462,0.00202961746334893,-0.00279317955077383,0.000118718192183889
33.85,-0.0636133326320749,0.00200192393782798,-0.00276090219561168,0.000115038511872181
33.86,-0.0630790354087019,0.00197445067330777,-0.00272786480455562,0.000111820384440113
33.87,-0.0625523323899149,0.00194741588344425,-0.00269438066254134,0.000109027892815336
33.88,-0.0620330008864762,0.00192061061845691,-0.00266065290138944,0.000106628801136348
33.89,-0.0615209017960865,0.00189424834770666,-0.00262689100675036,0.000104584603205727
33.9,-0.0610158305638731,0.00186811688715943,-0.00259314221310885,0.000102864989150487
33.91,-0.0605176629367765,0.00184242781069563,-0.00255950240717734,0.000101432866246204
33.92,-0.0600262123045123,0.00181696801064164,-0.00252592460962186,0.000100259097824392
33.93,-0.0595413689551414,0.00179194887422835,-0.00249247392107239,9.93106976987339e-05
33.94,-0.0590629623618835,0.00176715691042203,-0.00245915559362146,9.85627205388916e-05
33.95,-0.0585908961742234,0.00174280240622589,-0.00242609226183426,9.79840611736219e-05
33.96,-0.0581250155845279,0.00171867017614259,-0.00239335950576692,9.75477233081981e-05
33.97,-0.0576652399062141,0.0016949689043903,-0.00236100641907005,9.72175262343431e-05
33.98,-0.0572114328929043,0.0016714829337412,-0.00232895465647752,9.69643478190536e-05
33.99,-0.0567635311405486,0.00164842163511332,-0.00229719486232941,9.67533788063464e-05
34,-0.0557065416180826,0.00515474869125388,-0.00226565367343842,9.65600944695328e-05
34.01,-0.0547448243939197,0.00740944087689989,-0.00816527929744119,-0.000388312198466179
34.02,-0.053743011996005,0.00958070951787532,-0.0187591939459293,-0.00113826845659001
34.03,-0.0527669806085509,0.0115850076401345,-0.0320287781561617,-0.00195260064631857
34.04,-0.0518428125658836,0.0134291660195059,-0.0469005404966701,-0.00274154667727606
34.05,-0.0509067632491398,0.0151882360404266,-0.0625938838705302,-0.00344873196313971
34.06,-0.0498499967974162,0.0168089986532487,-0.0785573996868319,-0.00404178024445112
34.07,-0.0485423465659505,0.0184360950089657,-0.0944205366136397,-0.00450637941532079
34.08,-0.0468383621464064,0.0199853249456458,-0.1099246079089,-0.00483831483144498
34.09,-0.0446004802747115,0.021620044477112,-0.124992533001617,-0.00504589380084222
34.1,-0.0416900528228741,0.0232086394321771,-0.139623389394589,-0.00514012526444363
34.11,-0.038017588311746,0.0249197561342296,-0.153932252437084,-0.00513823792681351
34.12,-0.033475449791128,0.0265703707529587,-0.168009728277076,-0.00505311741423411
34.13,-0.0280460394255613,0.0283381264577686,-0.18200344777608,-0.00490019465131254
34.14,-0.0216337634533375,0.029998777149614,-0.195961769659135,-0.00468696003476111
34.15,-0.0142928987553788,0.0317494836488981,-0.209961674622023,-0.00442323723224943
34.16,-0.00590659344826783,0.0333354180791355,-0.223966927722033,-0.00411077635483503
34.17,0.00339547267024543,0.0349802509580987,-0.237982635077564,-0.00375457263920622
34.18,0.0137818834974937,0.0364053500285245,-0.251898139449121,-0.00335245506859509
34.19,0.0250385682983545,0.0378645902392831,-0.265646101507368,-0.00290715517514233
34.2,0.0374114168507838,0.0390586721408692,-0.279083449839283,-0.00241532639400154
34.21,0.050585397592517,0.0402713725464932,-0.292130906760273,-0.00188050268944839
34.22,0.0649032771950537,0.0411831941066079,-0.304659046782012,-0.00130157355136251
34.23,0.0799280896694974,0.0421061590772665,-0.316609548008852,-0.000683137553303533
34.24,0.0961175270077632,0.0427005252849978,-0.327875030509948,-2.55464361673104e-05
34.25,0.112892930029838,0.0433047494797674,-0.338419636239641,0.00066573693934994
34.26,0.130845722354916,0.0435591803714396,-0.348129672275971,0.00138994372306371
34.27,0.149238683242949,0.0438278518089136,-0.356966364086596,0.00214146285847866
34.28,0.16836035903092,0.0439295104441235,-0.364826631500737,0.00291881587086474
34.29,0.188669121928399,0.0436616257123062,-0.371713962199137,0.00371562365468846
34.3,0.209163683482158,0.0434257478936056,-0.37758505553577,0.00452803007168655
34.31,0.230852677732496,0.0428150804418547,-0.382412488657352,0.00535247288142753
34.32,0.252540049077421,0.0422526189685281,-0.386264225242826,0.0061807230875437
34.33,0.275427497309433,0.0413130146567123,-0.389154950393282,0.00700896110170438
34.34,0.298113327348482,0.0404388242092305,-0.391139179473057,0.00782857550836742
34.35,0.321197904146869,0.0394182751099018,-0.392212016629366,0.00863668462122882
34.36,0.345499330294833,0.0380208075830935,-0.392464858097912,0.00942451293530916
34.37,0.36929461729313,0.0367179281882929,-0.39188285465111,0.0101908337128459
34.38,0.394332078779252,0.0350423055490686,-0.390423090119564,0.0109345575901163
34.39,0.418665334154862,0.0334826754508827,-0.388112787120502,0.0116502924919314
34.4,0.443179133279078,0.0318081073728081,-0.38490956336642,0.0123377532377382
34.41,0.468996012464597,0.0297716505586459,-0.380877890935742,0.0129889187830244
34.42,0.49382329992543,0.027886498235001,-0.375946964087376,0.0136040878458951
34.43,0.518730505599069,0.0259114929372145,-0.370091154255957,0.0141861843729887
34.44,0.545032845575504,0.0235907698050278,-0.363410910750835,0.0147279283158466
34.45,0.570082882368833,0.021458526071125,-0.355822015737236,0.0152300318820122
34.46,0.595141634628125,0.0192642838007739,-0.347262450489588,0.015693782637419
34.47,0.621719362332902,0.0167447043936688,-0.337855520245775,0.0161085362442676
34.48,0.646805047434274,0.0144513882261414,-0.32757505027834,0.0164738148114336
34.49,0.671853491213552,0.0121247445348293,-0.316414261851355,0.0167917531024238
34.5,0.698571174864046,0.00949381137532165,-0.304558061161975,0.0170502503688385
34.51,0.72357891898144,0.00712268004250385,-0.291983809463402,0.017247799737369
34.52,0.748525659934393,0.00474331853677179,-0.278665028351493,0.0173863039627637
34.53,0.775312358510117,0.00207826856657534,-0.264845939168978,0.0174530432492208
34.54,0.800188372959921,-0.000300184347026888,-0.250554207403013,0.0174478601848035
34.55,0.824996450091318,-0.00266822095286615,-0.235804320848696,0.0173730088622621
34.56,0.851830208127385,-0.00530939879524397,-0.22086942855274,0.0172173287589989
34.57,0.876564747603113,-0.00764815526262691,-0.205799832274623,0.0169839423671305
34.58,0.901229914818417,-0.00996814763760528,-0.190617280582091,0.016678837330742
34.59,0.928099718006314,-0.0125582111691274,-0.175598545383931,0.0162956432175786
34.6,0.952659597888714,-0.0148442806341235,-0.160765012617636,0.0158412882359965
34.61,0.977105177009327,-0.0171161368513162,-0.146120064975556,0.0153267051469961
34.62,1.00139997268656,-0.0193782696772594,-0.131877562123906,0.0147493167496504
34.63,1.02801473630173,-0.0219243672180023,-0.118104958288008,0.0141166601261667
34.64,1.0518703355918,-0.0241868526616455,-0.10472769623362,0.0134415548484953
34.65,1.07530711142674,-0.026460384912711,-0.0916683013496358,0.0127385769789374
34.66,1.09814766580531,-0.0287542255466365,-0.0790402768431419,0.0120089032338418
34.67,1.12292527848074,-0.0313605846557007,-0.0667991108402062,0.011261842174182
34.68,1.14392102358355,-0.0337219874977582,-0.0547625158164038,0.0105115846479787
34.69,1.16356829029349,-0.0361264188228105,-0.0427331532447591,0.00977294891118582
34.7,1.18449942237628,-0.0388513807983831,-0.0306918518839714,0.00904744311285125
34.71,1.20070353704836,-0.0413415303223325,-0.0184273738096673,0.00834530401980942
34.72,1.21481507753372,-0.0438663498484885,-0.00572253834924134,0.00767727616044544
34.73,1.22964392746733,-0.0466813373996396,0.00744106977550611,0.0070404370338394
34.74,1.23907766651539,-0.049235193737528,0.0212088533761135,0.00643788536323705
34.75,1.2490147798097,-0.0520377239478442,0.0356832482716818,0.0058717466613942
34.76,1.2533834579407,-0.0545451271528329,0.0508123313972612,0.00533366997997353
34.77,1.25824194020212,-0.0572478152917098,0.0665610777099649,0.00481921605035025
34.78,1.24743003939439,-0.0584464404966682,0.0827485451474478,0.00431524708679781
34.79,1.23777862446466,-0.0597977621623067,0.09895539289695,0.00380264991408764
34.8,1.22641420856912,-0.0610470136957978,0.114484611617275,0.00324570602412254
34.81,1.21060508383899,-0.0619672726337344,0.129301029079701,0.00265193333214852
34.82,1.19637452194825,-0.063014075691005,0.143371652343125,0.002029278509275
34.83,1.18099632684369,-0.0639532323931734,0.156654830369907,0.00138278038935093
34.84,1.16468836501294,-0.0647825602168811,0.169195184519526,0.000720330484197506
34.85,1.14495611031618,-0.0653003578661354,0.180985703242081,4.52844884929149e-05
34.86,1.12745125500955,-0.0659118940218702,0.191966152692449,-0.000641387517442373
34.87,1.10957542800167,-0.0664117227207918,0.202074683239227,-0.00133981386668175
34.88,1.08891662172937,-0.0666206569262234,0.21130647022388,-0.00204683910841905
34.89,1.07069427900923,-0.0669116955620868,0.219623830624214,-0.00276149837069114
34.9,1.05237637232207,-0.0671019415441243,0.226985648826814,-0.00348272054269229
34.91,1.03399642096317,-0.0671974492721617,0.23339174878891,-0.00420696959645794
34.92,1.01326219606139,-0.0670470597096304,0.238864034036279,-0.004930360190743
34.93,0.99484145467026,-0.0669793931052903,0.243429889189434,-0.00564990763879763
34.94,0.976361362370517,-0.066837673970649,0.247147479475681,-0.00636288639210478
34.95,0.955675240269563,-0.0664873562818757,0.250082558188421,-0.00706627316413605
34.96,0.937093779051851,-0.0662231819303636,0.252295010299528,-0.00775819131757464
34.97,0.918417665964388,-0.0659041559502539,0.253846221324175,-0.00843701188453469
34.98,0.897679533050995,-0.0654101264716554,0.254801736319002,-0.0091005697099345
34.99,0.87886168254502,-0.0650028440663607,0.255230484605957,-0.00974764317885661
35,0.859950087212437,-0.0645556051253372,0.255203413810204,-0.0103771343790343
35.01,0.839159532527011,-0.0639610414965823,0.254788378931764,-0.0109880285727477
35.02,0.820145177226332,-0.0634495538850335,0.254045567640256,-0.0115795185907257
35.03,0.801069867120288,-0.0629076853210008,0.253032572440591,-0.0121513030701447
35.04,0.780318141651459,-0.0622401215185324,0.251802327621486,-0.0127030077977106
35.05,0.761215118340495,-0.0616482639082853,0.250395924465028,-0.013234064282499
35.06,0.740570358113994,-0.0609422312871319,0.248839935771145,-0.013744255149351
35.07,0.721491634839935,-0.0603060327468523,0.247163499511049,-0.0142330072647684
35.08,0.702417253358822,-0.0596470128788458,0.245402505891468,-0.0146994531250708
35.09,0.681996510457159,-0.0588886559173612,0.243586384191354,-0.0151432897329
35.1,0.663016272635031,-0.0581898434161916,0.241732090739499,-0.0155643211765405
35.11,0.644072338044156,-0.0574696933901345,0.23984881645176,-0.0159622819935492
35.12,0.623965137992025,-0.0566623887019094,0.23794158195707,-0.0163369400958926
35.13,0.60517242429261,-0.0559041856259683,0.236011903477265,-0.0166882366388712
35.14,0.585332071850774,-0.0550660606547693,0.234062807167203,-0.0170160258494984
35.15,0.566721824162071,-0.0542706023512064,0.232093542716959,-0.0173200678841531
35.16,0.547174735907343,-0.0534020734102223,0.230102692796292,-0.017600065110265
35.17,0.5287753407713,-0.0525701993380959,0.228088295280653,-0.0178557548726781
35.18,0.510469447430134,-0.0517189171068212,0.226047558269284,-0.0180869499443767
35.19,0.491389540077185,-0.0508044419439367,0.22397838134751,-0.0182935714401181
35.2,0.473343698532762,-0.0499182759118,0.221881727253316,-0.0184755062141174
35.21,0.454632352091314,-0.0489748505774736,0.219758019307958,-0.0186327739600979
35.22,0.436887174136517,-0.0480546441895564,0.217607601453971,-0.0187655521558353
35.23,0.418586025446588,-0.0470826507929742,0.21543050973222,-0.0188739705422706
35.24,0.40119211464522,-0.0461290651266517,0.213224218001131,-0.018958319483777
35.25,0.383976064944974,-0.0451578342328278,0.210985989831211,-0.0190189198108523
35.26,0.366372396162554,-0.0441425241379671,0.208699800173734,-0.0190567586620925
35.27,0.349604494157952,-0.0431393505334649,0.206354387057147,-0.0190724431449818
35.28,0.332564092706617,-0.042097083093037,0.203945498946718,-0.0190662317179845
35.29,0.316324643533774,-0.0410635840646243,0.201474922041351,-0.0190383844462628
35.3,0.29992658464445,-0.0399957385131627,0.198951769284868,-0.0189891648706046
35.31,0.284297278000349,-0.038933647266963,0.196386828640151,-0.0189196516896532
35.32,0.2686148020487,-0.0378415169766919,0.193780695560436,-0.0188309158927201
35.33,0.253669768717399,-0.0367524834851527,0.191122692484979,-0.0187239097251982
35.34,0.238767386772555,-0.035637758626722,0.188400837780379,-0.0185994770618672
35.35,0.224570529785232,-0.0345244702406835,0.185600113136357,-0.01845842536486
35.36,0.210500264974469,-0.0333903507882238,0.182706635362392,-0.0183015832039922
35.37,0.197101572624957,-0.0322572226785334,0.179704276865976,-0.0181299089044836
35.38,0.183899966064723,-0.0311087566669338,0.176578133109235,-0.0179443342400999
35.39,0.171332451469931,-0.0299621602674563,0.173311135714231,-0.0177459395828995
35.4,0.159176252412686,-0.0288113298015097,0.169886953480666,-0.0175359102901459
35.41,0.147295210549141,-0.0276549091087673,0.166288649875394,-0.0173156605361038
35.42,0.135984522471412,-0.0265042818446068,0.162496634050794,-0.0170862003800826
35.43,0.124981412076735,-0.0253555983942488,0.158487128365692,-0.0168483750678651
35.44,0.114500337806154,-0.024217197677664,0.154238461704799,-0.0166029923424968
35.45,0.104345835805818,-0.0230892770004961,0.14973404348227,-0.0163502722547157
35.46,0.0946632792138855,-0.0219774708261977,0.144955561963999,-0.01609032076765
35.47,0.0853153187501245,-0.0208853508335442,0.139900404238987,-0.0158230290941511
35.48,0.076387734439419,-0.0198160951687619,0.134574742394518,-0.0155476955934751
35.49,0.067792336073734,-0.0187757433131084,0.128995964263877,-0.0152629424370076
35.5,0.0595662382141091,-0.0177649568188483,0.123191793499444,-0.0149670302854817
35.51,0.0516654571481485,-0.0167912552942951,0.117203755601425,-0.0146581100226889
35.52,0.0440877223976308,-0.0158526112425285,0.111087051572279,-0.0143347641128715
35.53,0.0368269603342313,-0.0149571307978144,0.104892237099565,-0.0139955461481208
35.54,0.0298498508405673,-0.0141002128209658,0.0986719461638717,-0.0136393814458266
35.55,0.0231829158707484,-0.013290094482686,0.0924882836774484,-0.0132656181692172
35.56,0.0167682955677098,-0.0125197489170816,0.0863986144320826,-0.012874671063086
35.57,0.0106594230826609,-0.0117971445052769,0.0804550568953676,-0.0124670150730463
35.58,0.00477838585297707,-0.0111132915924446,0.0747032408871912,-0.0120437898872276
35.59,-0.000799925983776539,-0.0104758129254195,0.0691871325813948,-0.0116070220110712
35.6,-0.00616980007696721,-0.00987422653929049,0.0639384165931115,-0.0111589092912555
35.61,-0.0112399409701238,-0.00931586355888268,0.0589831329169546,-0.0107015992738981
35.62,-0.0161178130610988,-0.00878927663120218,0.0543436243306763,-0.0102379645291905
35.63,-0.0207003971767703,-0.00830155768073934,0.05003048641969,-0.00977118126383746
35.64,-0.0251058633863872,-0.00784082466478418,0.0460414930491116,-0.00930431416099283
35.65,-0.029223672984509,-0.00741418605403577,0.0423759020613378,-0.00884015984959847
35.66,-0.0331801885998688,-0.00700971859828967,0.0390295433293975,-0.00838167953222459
35.67,-0.0369227981239142,-0.00662985771455837,0.0359870314775831,-0.00793152558251427
35.68,-0.0403956826110186,-0.00627703750689276,0.0332257733640201,-0.00749234585778747
35.69,-0.0437323780164567,-0.00593994995736063,0.0307335222574572,-0.00706670985304125
35.7,-0.0468153670774694,-0.00562579328663472,0.0284940250745408,-0.00665677219867428
35.71,-0.049780063281335,-0.0053237922999378,0.026481309235667,-0.00626409528354929
35.72,-0.0525089140269284,-0.00504127116306656,0.0246682529228249,-0.00588990138510209
35.73,-0.0551366940733047,-0.00476824102522933,0.0230263109025496,-0.00553521700920938
35.74,-0.0575468706591566,-0.00451212568696636,0.0215345375607567,-0.00520064231233056
35.75,-0.0598718734270571,-0.00426366000383007,0.0201730252632238,-0.00488653459524987
35.76,-0.0619971585296009,-0.00403017860886414,0.0189257812092508,-0.00459295446187901
35.77,-0.0640516499077863,-0.00380306887730416,0.017776786323731,-0.00431979811118351
35.78,-0.0659235858001077,-0.00358949402857855,0.0167102228089255,-0.00406670866908355
35.79,-0.0677375302938348,-0.00338149616533197,0.0157127357831366,-0.00383313191117737
35.8,-0.0693851327996322,-0.00318600101067436,0.0147744900823556,-0.00361832280764504
35.81,-0.0709860239671372,-0.00299561069291408,0.0138886828397557,-0.00342148293331557
35.82,-0.0724358458322731,-0.00281689903322008,0.0130496836914252,-0.00324173550302693
35.83,-0.0738489152206032,-0.00264295887542277,0.0122513217426295,-0.00307824140719068
35.84,-0.0751252524038097,-0.00247998754767683,0.0114907539161771,-0.00293007814121165
35.85,-0.0763737640514073,-0.00232152568461463,0.0107662995302922,-0.0027962877850683
35.86,-0.0774992937573042,-0.00217334148289262,0.0100770991901535,-0.00267596435176504
35.87,-0.0786052150609615,-0.00202938402244952,0.00942154348730569,-0.00256824280457994
35.88,-0.0796013806032647,-0.00189501270554527,0.00879813603877636,-0.00247224675637533
35.89,-0.0805854854142209,-0.001764586707606,0.00820592715958905,-0.00238710586842767
35.9,-0.0814724068660349,-0.00164307088650037,0.00764355078928981,-0.00231199305101448
35.91,-0.0823540364741344,-0.00152522328516537,0.00710970215010405,-0.00224613044509646
35.92,-0.083150204334963,-0.00141563141607416,0.00660468812472557,-0.00218867041398938
35.93,-0.0839468828311727,-0.00130941117134903,0.00612905750162503,-0.00213879473840653
35.94,-0.0847062906821288,-0.00120866962918761,0.00568312863395505,-0.00209575775104777
35.95,-0.0853956275524768,-0.00111513954306101,0.00526697295496371,-0.00205886155023925
35.96,-0.0860920089959203,-0.00102445676646115,0.00488045589510282,-0.00202743755204202
35.97,-0.0867269183250849,-0.000940275405692844,0.00452336181726928,-0.00200086338221358
35.98,-0.0873717208473934,-0.000858556902220303,0.00419539734706414,-0.00197855570201662
35.99,-0.0879623121799611,-0.000782631128699177,0.00389585969965284,-0.00195998712814443
36,-0.0772267255864199,0.00150727318932568,0.00362376762194399,-0.00194467308124428
36.01,-0.0778478279049724,0.00395536411934849,0.00183318247635197,-0.00199538066309043
36.02,-0.0782445441538533,0.00632487557142463,-0.00402616797755636,-0.00223971428897323
36.03,-0.0784730188875571,0.0086217789698904,-0.0133268387495119,-0.00260378704839145
36.04,-0.0785756332817895,0.0107611283073605,-0.025300330590446,-0.0030139167804188
36.05,-0.078509331168565,0.0128274115064461,-0.0392010067586711,-0.00341226011313928
36.06,-0.0781959834451751,0.0147543674290534,-0.0543332391402436,-0.00375508849237303
36.07,-0.0775152132242978,0.0166775410504652,-0.0701597674515154,-0.00401711694968393
36.08,-0.0763440157399637,0.0185070991371107,-0.0862595266146181,-0.00418486632191387
36.09,-0.0745454614943686,0.0204029898085568,-0.102398168308967,-0.00425908336256342
36.1,-0.0719990793991663,0.022232454275857,-0.118411803357646,-0.00424426973727641
36.11,-0.068609478614083,0.0241644295367888,-0.134276667367199,-0.00415322338111997
36.12,-0.0642860574002508,0.0260172478692289,-0.149973604427702,-0.00399599918101818
36.13,-0.0590025433549792,0.0279702480603477,-0.165565130018935,-0.00378657717560602
36.14,-0.0526828357984259,0.0298010470191686,-0.181045995479006,-0.00353152716121184
36.15,-0.0453714190365133,0.0317086209889601,-0.196461516771294,-0.00324030203785433
36.16,-0.0369733724512198,0.0334398614952548,-0.211752529728099,-0.0029139885117918
36.17,-0.0276067643960687,0.035220155490578,-0.226919259215512,-0.00255788417058011
36.18,-0.0171269812723347,0.0367722048375432,-0.241852692450113,-0.002169851121292
36.19,-0.00573496850475497,0.038351171312122,-0.256511438723503,-0.00175267808546494
36.2,0.0067888812409489,0.0396583083089241,-0.270767020644982,-0.00130324605482597
36.21,0.0201443489679054,0.0409782167471011,-0.284561714773715,-0.000823954499641143
36.22,0.0346472736657262,0.0419916421119435,-0.297749782470227,-0.000311368580238745
36.23,0.049878136671885,0.0430115198869966,-0.310280006584772,0.000231439827364402
36.24,0.0662675223520974,0.0436984388630833,-0.322009749641148,0.000807333016520488
36.25,0.083257430228592,0.0443924629757891,-0.332851478922422,0.00141444559080395
36.26,0.101413293242312,0.0447350930492034,-0.342669060974614,0.00205483389887187
36.27,0.120021250720828,0.0450922808146791,-0.351482683403025,0.00272057253125141
36.28,0.139798818121949,0.045085813737094,-0.359253682295561,0.00340849675327634
36.29,0.159860034170145,0.0451052784585672,-0.366019462815433,0.00411036400902377
36.3,0.181093530133597,0.0447532624560436,-0.371788364338621,0.00482368838812615
36.31,0.202426986913512,0.0444411478208587,-0.376598895585432,0.00554112289550033
36.32,0.224298502476778,0.0439699655236022,-0.3804419967921,0.00626033587483036
36.33,0.247343526576692,0.0431201452272175,-0.383408086736222,0.00697290301027092
36.34,0.270187189789882,0.0423346822988749,-0.385510428845787,0.0076774024076385
36.35,0.294211323667819,0.0411697313243422,-0.386729642120535,0.00837297660292116
36.36,0.317831110474605,0.0400875907806126,-0.387111990757479,0.00905424227356768
36.37,0.341742096671307,0.0388678704126208,-0.386649633382206,0.00972051908843958
36.38,0.366866058957628,0.0372722910811141,-0.385411119991896,0.0103652116629285
36.39,0.391287502081574,0.0357904337380479,-0.383371648470078,0.0109883359378429
36.4,0.416960586595602,0.0339389556222986,-0.380505404840874,0.0115912582309437
36.41,0.441742895395131,0.0322232843624965,-0.376840589749738,0.0121707596616157
36.42,0.466627141566084,0.0304044744240629,-0.372356848834295,0.0127287181241978
36.43,0.492848113601952,0.0282282543643503,-0.367132078798801,0.0132589334808944
36.44,0.517912522476041,0.0262221874703221,-0.361085509393243,0.0137627144189018
36.45,0.543002150937937,0.0241377369364225,-0.35415628450686,0.0142418708780582
36.46,0.569545751085163,0.0217129533522079,-0.346429199437612,0.0146875720342858
36.47,0.594690616324801,0.0194947228925859,-0.337846436186805,0.0150996835917122
36.48,0.619810115730417,0.0172256673815966,-0.328368121367498,0.0154788138386117
36.49,0.646527358391429,0.0146366091109716,-0.318129305660245,0.0158131227112443
36.5,0.671624581080671,0.0122895515777503,-0.30707682698649,0.0161023673203249
36.51,0.696668566746704,0.00991893965099189,-0.295201373004472,0.0163466970967265
36.52,0.723476361723953,0.00724888698452011,-0.282714192038259,0.0165326744976108
36.53,0.748461059621669,0.00485159923515713,-0.269603255712589,0.0166588859742704
36.54,0.773381919675691,0.00245338706568474,-0.255868182142485,0.0167253249665268
36.55,0.800248150218647,-0.000227567102213333,-0.241747455372465,0.0167183001787233
36.56,0.825101875805101,-0.00261342542266987,-0.227302626842137,0.0166380699064471
36.57,0.849893445977197,-0.00498560067290121,-0.212565348870048,0.0164877999842177
36.58,0.876820338737425,-0.00763145872857163,-0.197785677009396,0.0162577154506805
36.59,0.901547249990573,-0.00997251820946093,-0.183013070125695,0.0159525182302067
36.6,0.926200835011102,-0.0122968986568339,-0.168266187117298,0.015579969153468
36.61,0.950763036227744,-0.014606805143913,-0.153782598550039,0.015135454450081
36.62,0.977646984578289,-0.0171959413703747,-0.139645646107377,0.0146235600080326
36.63,1.00198060590982,-0.0194902051543493,-0.1258335673113,0.0140556162345
36.64,1.0260805243543,-0.0217838255954874,-0.11229588741165,0.0134444049569543
36.65,1.04984591849633,-0.0240838092471126,-0.0991845239816382,0.0127897150286517
36.66,1.07580541327562,-0.0266850375264025,-0.0865110808464751,0.0121000317795256
36.67,1.09844467139097,-0.0290244807413323,-0.0741642011247239,0.0113890848271557
36.68,1.12014270396058,-0.0313965563109488,-0.0619999059114235,0.0106713384434575
36.69,1.14347091466636,-0.0340881658606377,-0.0500376471958859,0.00994915010543857
36.7,1.16251818167492,-0.0365417803134443,-0.038095559123708,0.00923447008429441
36.71,1.17980274204778,-0.0390382954721972,-0.0259637652509782,0.00854053824366969
36.72,1.198041278224,-0.0418452362342208,-0.0135979412823499,0.00786815412397482
36.73,1.21113731718736,-0.0444067373403813,-0.000811291778909984,0.00722523395837321
36.74,1.22485413663808,-0.0472486706923022,0.0125726613250359,0.00661856593739271
36.75,1.23306849673308,-0.0498206838001649,0.0265713506414809,0.00604428936151981
36.76,1.241736501058,-0.0526278513810775,0.0412507334332393,0.00550234063070708
36.77,1.24479704679756,-0.0551291251495812,0.0565341282628515,0.00498434186509399
36.78,1.23806770633355,-0.0566406290981382,0.0723543637650026,0.00448459571817067
36.79,1.22639909203389,-0.0578201066075615,0.0882493147127367,0.00397953782615703
36.8,1.21592528383695,-0.0591515125120297,0.103600056170335,0.00343849543231206
36.81,1.20379872091549,-0.0603853648324603,0.118279095729128,0.00286221927200908
36.82,1.18733261436658,-0.0612972963094498,0.132341336985148,0.00226274109921314
36.83,1.17253387563816,-0.0623335109939695,0.145757036294099,0.0016457021376387
36.84,1.15671773395857,-0.0632623930598445,0.158485511440733,0.00101363462669608
36.85,1.13738150488241,-0.0638781301655562,0.170554371735427,0.000371319597830191
36.86,1.12023152134301,-0.064590591779885,0.18190725056077,-0.000280934234851433
36.87,1.10266651230099,-0.0651898533888965,0.19247828101409,-0.000943706553076886
36.88,1.08226781272069,-0.0654924879906535,0.202242973934033,-0.00161544675739682
36.89,1.06431254767023,-0.0658763174029527,0.211145024680772,-0.00229637314889576
36.9,1.04625619952839,-0.0661546739745463,0.219138311404665,-0.00298605611511655
36.91,1.02813892703722,-0.0663329642760501,0.226202222239404,-0.00368222077548024
36.92,1.00764803753784,-0.0662569865684241,0.232329549814526,-0.00438228050789572
36.93,0.989499168536137,-0.0662608097826957,0.237545910415916,-0.00508323045439356
36.94,0.971294688454433,-0.066184884889424,0.241891895200995,-0.00578214415851602
36.95,0.950860707475891,-0.0658922239606742,0.245437644383865,-0.0064759324691952
36.96,0.932552948613727,-0.0656830140143816,0.248232912968517,-0.00716237387824506
36.97,0.914144501560336,-0.0654138673339565,0.250340409190214,-0.00783954713576929
36.98,0.893639864913445,-0.0649623933929765,0.25182392162759,-0.00850532080998629
36.99,0.87506826488365,-0.0645956578881382,0.252743698543269,-0.00915781359139013
37,0.856389129298669,-0.0641847941016642,0.253168158495672,-0.00979579260744821
37.01,0.835790842193915,-0.0636204638102881,0.253170515248135,-0.0104178717343101
37.02,0.816978419499209,-0.0631380492986627,0.252810159991156,-0.0110231932591842
37.03,0.798089974864721,-0.0626220514813599,0.252141622828042,-0.0116108277484363
37.04,0.777486152917812,-0.0619753108104026,0.251217973313608,-0.0121800335407852
37.05,0.758542645230033,-0.0614039250739752,0.250087363812802,-0.0127303756921352
37.06,0.739565044735703,-0.0608052243645004,0.248784943386275,-0.0132612676371341
37.07,0.71907567625798,-0.0600937570315953,0.247336714752213,-0.0137721304855653
37.08,0.700124677378383,-0.0594488739575354,0.24576746614635,-0.0142622685386548
37.09,0.679793012659099,-0.0587011770211379,0.244109320588117,-0.0147306049749337
37.1,0.660917197511724,-0.0580136872533186,0.242387447053393,-0.0151765612440859
37.11,0.642069548281396,-0.0573037171291813,0.240621989838715,-0.0155998575767744
37.12,0.622027884667044,-0.0565037850213242,0.238821117671004,-0.0160001376171675
37.13,0.603317865014483,-0.0557538140758095,0.236988591011698,-0.0163770716149958
37.14,0.58353173343178,-0.0549213728278152,0.235125208496977,-0.0167304701496576
37.15,0.564993743488024,-0.054132538931918,0.23323251754239,-0.0170601620802586
37.16,0.546529113740167,-0.0533230221578315,0.231309963350676,-0.0173658379546613
37.17,0.527155801302785,-0.052441803530733,0.229355828783984,-0.0176471880545672
37.18,0.508908500350867,-0.0515952986998866,0.227368629947841,-0.0179039145626754
37.19,0.489860990400532,-0.0506836760144444,0.225346265445843,-0.0181358532001225
37.2,0.471863933490642,-0.0498014394600649,0.22328937681317,-0.0183428483949162
37.21,0.453175419387435,-0.0488602587412672,0.221198953273389,-0.0185248256049267
37.22,0.435468099074939,-0.0479434321815995,0.21907510905201,-0.0186818644070438
37.23,0.417901600867101,-0.0470083614037483,0.216919592684202,-0.0188141045016725
37.24,0.39980832567724,-0.0460229025203257,0.21473148026504,-0.0189217646524842
37.25,0.382608025030081,-0.0450546937034016,0.212510223586831,-0.0190050728715799
37.26,0.364992699512085,-0.0440411662748508,0.210248108788981,-0.019064614355869
37.27,0.348222239892684,-0.0430407919462698,0.207928960270588,-0.0191013269766834
37.28,0.331150674942129,-0.0420001581612962,0.205546215791588,-0.0191155678658155
37.29,0.314886845573997,-0.0409692432175524,0.203098314190828,-0.0191075619893854
37.3,0.298436888314615,-0.0399029321489497,0.200590251823485,-0.0190775047255028
37.31,0.28276219550862,-0.0388433268997909,0.198034094634755,-0.0190259721974318
37.32,0.267008530912006,-0.0377527791857566,0.195439047638372,-0.0189541326638823
37.33,0.251998561463571,-0.0366661166910877,0.192800928858845,-0.0188630097396642
37.34,0.237331580396212,-0.0355658589359609,0.190109043581052,-0.0187534993070872
37.35,0.222729790341157,-0.0344412144343936,0.187349710472328,-0.018626504690329
37.36,0.208824576607878,-0.0333178709394705,0.184508906846433,-0.0184828229787228
37.37,0.195065360950897,-0.0321750433457787,0.181573730600577,-0.0183232866590799
37.38,0.181968570593871,-0.0310332721929101,0.178528517521369,-0.018148888568329
37.39,0.169085254389304,-0.0298775404327473,0.175358665896504,-0.0179605717497412
37.4,0.15682650251197,-0.0287239298334163,0.1720486521,-0.0177594801883672
37.41,0.144833697743557,-0.0275626150511261,0.168581894876123,-0.0175468426324986
37.42,0.133423095217608,-0.0264058265414481,0.164942478057111,-0.0173240259002863
37.43,0.122315179741652,-0.0252484158241704,0.161111100114186,-0.0170919579041787
37.44,0.111742807675963,-0.024099350596995,0.157063563440037,-0.0168515464341564
37.45,0.101495667647819,-0.0229576971259352,0.152780471633707,-0.0166035000503647
37.46,0.0917347069481351,-0.0218296742770469,0.148244946071074,-0.0163480379718097
37.47,0.0823103298289831,-0.0207178763757765,0.143443306492173,-0.0160851588058575
37.48,0.0733218292579922,-0.0196260542449439,0.138374210078316,-0.0158147491660451
37.49,0.0646707203919012,-0.0185595948275338,0.133047874394686,-0.0155359430967942
37.5,0.0564042055763652,-0.0175198157668386,0.127480633022587,-0.0152474442170431
37.51,0.0484694258211245,-0.0165139230597705,0.121703200627711,-0.014947434376183
37.52,0.0408721455315333,-0.0155406997760824,0.115758824025067,-0.014634313695384
37.53,0.0335986800970993,-0.0146081907245107,0.109703539951602,-0.0143065929324215
37.54,0.0266215992854777,-0.0137125494478517,0.103584517391942,-0.0139630526362541
37.55,0.0199611409130955,-0.0128621133275617,0.0974547971179719,-0.0136026638851211
37.56,0.0135637760977383,-0.0120506738544058,0.0913749951966252,-0.0132251204684179
37.57,0.00744158468884781,-0.0112821856643083,0.0853991095941321,-0.0128308229323851
37.58,0.00162963506114266,-0.0105608704794942,0.0795736103901644,-0.0124204974443198
37.59,-0.00395579292479664,-0.00987760447101836,0.073944972836782,-0.0119953317293514
37.6,-0.00923391772757398,-0.00923997946267911,0.0685532781730215,-0.0115574528553434
37.61,-0.014304016678756,-0.00863750416750212,0.0634257626830782,-0.0111090929661559
37.62,-0.0190699895035045,-0.00807750566333296,0.0585858311849854,-0.0106524527409026
37.63,-0.0236436566447407,-0.00754863842157943,0.0540540404065649,-0.0101904034376172
37.64,-0.0279183301883965,-0.00705799227368254,0.0498378675044092,-0.00972600630772732
37.65,-0.0320159445576886,-0.00659389030051098,0.0459328353361382,-0.00926227946284821
37.66,-0.0358231638491966,-0.00616344008599058,0.0423371564408974,-0.0088019795709417
37.67,-0.0394694186022133,-0.00575498837208701,0.0390453013302913,-0.00834792002357809
37.68,-0.0428374401641196,-0.00537562590022004,0.0360413967259604,-0.00790260460016302
37.69,-0.0460613757069681,-0.00501408654926,0.0333034660854815,-0.0074684912536943
37.7,-0.0490223436590072,-0.00467757282651214,0.0308200843410453,-0.00704796266450818
37.71,-0.0518570587384959,-0.00435527955100061,0.0285754582168958,-0.00664313649395368
37.72,-0.0544466590809465,-0.00405438972889641,0.0265456390734013,-0.00625539599776352
37.73,-0.0569277339957188,-0.00376479120821319,0.024704403455989,-0.00588590345292117
37.74,-0.0591822236007566,-0.00349376393687266,0.0230257711453632,-0.00553553061632531
37.75,-0.0613446974173015,-0.00323196080221784,0.0214906391566403,-0.00520482277591421
37.76,-0.0632988767429352,-0.00298659466518061,0.0200813888874035,-0.0048940032000273
37.77,-0.06517603485325,-0.00274897619542455,0.0187829990936048,-0.00460313064062249
37.78,-0.06686254497722,-0.00252613035089245,0.017581454908565,-0.00433208051713123
37.79,-0.0684854770616095,-0.00230999881832877,0.0164623768275999,-0.0040805245547388
37.8,-0.069934543938676,-0.00210738124602526,0.0154141286808412,-0.00384788961774392
37.81,-0.0713319428351427,-0.0019108138134131,0.0144278518445456,-0.00363347885245482
37.82,-0.072571299066982,-0.00172676912688935,0.0134978068401329,-0.00343651836693987
37.83,-0.0737695595071222,-0.00154828346862015,0.0126189084978617,-0.00325619387681028
37.84,-0.0748768106548925,-0.00137840696753189,0.0117854817946693,-0.00309171111946748
37.85,-0.075848083478389,-0.00121976629521816,0.0109940576572227,-0.00294224921950067
37.86,-0.0767920902192449,-0.00106611624017721,0.0102435330286479,-0.00280688944416234
37.87,-0.0776141030774022,-0.000922902256481959,0.00953290700518021,-0.00268477797169481
37.88,-0.0784172049516121,-0.000784290348523214,0.00886058238307113,-0.00257510681968769
37.89,-0.079111759713111,-0.000655321378134704,0.00822460875424787,-0.00247706684437348
37.9,-0.07979508233971,-0.000530580381744222,0.00762361437277881,-0.00238983776677142
37.91,-0.0803826051308447,-0.000414720532225177,0.00705663245527223,-0.00231260390978026
37.92,-0.080965732486405,-0.000302722814571012,0.00652205885411151,-0.0022445979367075
37.93,-0.0814648690373523,-0.000198875668532805,0.00601817448635645,-0.00218510709569473
37.94,-0.0819654558591909,-9.8547882752795e-05,0.00554465575668477,-0.00213335542000458
37.95,-0.0823926981575487,-5.66096781664583e-06,0.00510130173918822,-0.00208861470029277
37.96,-0.0828260615676468,8.40673086974787e-05,0.00468786988755018,-0.00205016929940446
37.97,-0.0831953768606091,0.000167068636440966,0.00430395489047374,-0.00201734371351541
37.98,-0.0835742417879872,0.00024728903416466,0.00394920389335407,-0.00198949921403753
37.99,-0.0838969622790278,0.000321492770110407,0.00362318717484118,-0.00196604602641988
38,-0.0736553171574854,-0.00443767026871116,0.00332522497002955,-0.0019464382403549
38.01,-0.0751276348169254,-0.00659442127320699,0.00909197477331091,-0.0014434328546408
38.02,-0.076602061014301,-0.0086344520794035,0.0193560147457219,-0.000684486747826401
38.03,-0.0780144140379997,-0.0105701538208504,0.0318111248365708,0.000113341612109201
38.04,-0.079354832049664,-0.0123334892731243,0.0455613693939553,0.000872512290485211
38.05,-0.0806992285857346,-0.0140340754326313,0.0600770808130977,0.00155253520529416
38.06,-0.0821762611090449,-0.0156207468908204,0.0749325187279323,0.00212738219578613
38.07,-0.0839132953818427,-0.0172375679530187,0.0898351375986798,0.00258507358985379
38.08,-0.0860674352120756,-0.0187969520685477,0.10458270139198,0.00292117496475483
38.09,-0.0887660441908353,-0.0204587987141919,0.119125226278919,0.00314158545431357
38.1,-0.0921560962885883,-0.0220860172474083,0.133456239803081,0.00325379064607176
38.11,-0.0963342785490062,-0.0237508107379016,0.14765072523849,0.00327044078525217
38.12,-0.101352171189046,-0.0255436368387639,0.161717221715754,0.00319873777885103
38.13,-0.107319422754397,-0.0272565218045107,0.175752525511978,0.00304985122851217
38.14,-0.114203225294202,-0.0290740856166534,0.189835722116203,0.00283424774896791
38.15,-0.122121234078495,-0.0307542207268711,0.203949684408338,0.00255439300427538
38.16,-0.130966697208256,-0.0325060104288987,0.218097948148219,0.00221542068344408
38.17,-0.140898250068722,-0.0340618561994698,0.232177333167228,0.00181599352275259
38.18,-0.151730271988511,-0.035660893044688,0.246119025516871,0.00135879994605981
38.19,-0.163690636117134,-0.0370148782029787,0.259783198758806,0.000840804994518888
38.2,-0.176501125543546,-0.0383937714425499,0.27306497125329,0.000264187520547024
38.21,-0.190480245487731,-0.0394897315589593,0.285780607784965,-0.000373865369784189
38.22,-0.205238163905831,-0.040602645863355,0.297846788651627,-0.00106863970471387
38.23,-0.221201289848958,-0.0414048378486886,0.309134362083374,-0.0018182324550516
38.24,-0.237845911198509,-0.0422236470762952,0.319586325621726,-0.00261535977772711
38.25,-0.255380670245602,-0.0428921033319593,0.329116248246815,-0.00345625285186257
38.26,-0.274157148746375,-0.0432203491731832,0.337728547273486,-0.00433143557005496
38.27,-0.29341586977756,-0.0435743537944826,0.34538801408885,-0.00523613687468864
38.28,-0.313931425338639,-0.0435753774300762,0.352053108184378,-0.00616631608037886
38.29,-0.334769695180527,-0.0436131230164007,0.357747390231027,-0.00711426468743514
38.3,-0.356878414046567,-0.0432897770504649,0.362503320640584,-0.00807623607073356
38.31,-0.379134039234231,-0.0430163742086799,0.366361775788885,-0.00904450238136907
38.32,-0.402006108934038,-0.0425932900201727,0.369336724652893,-0.0100144217229953
38.33,-0.426163421383839,-0.0418006600742709,0.371489271136219,-0.0109782675639166
38.34,-0.450174426059564,-0.0410806041864409,0.372843615830303,-0.0119324756633651
38.35,-0.475482233127687,-0.0399887439821897,0.373425127956943,-0.0128734960817158
38.36,-0.500441281603004,-0.0389855136068245,0.373311151133944,-0.0137966990717808
38.37,-0.525777254126574,-0.0378489629777604,0.372534584470091,-0.0146991016106836
38.38,-0.552444124041269,-0.0363393873133782,0.371188212358876,-0.0155764790558761
38.39,-0.578460581631609,-0.0349429146764643,0.369309947031763,-0.0164272012984664
38.4,-0.605844036614091,-0.033174081930817,0.36692913642619,-0.0172497833571912
38.41,-0.632381530378678,-0.0315336167439002,0.364119373963899,-0.018041244444688
38.42,-0.659093853815359,-0.0297788060513423,0.360923767484924,-0.0188007494594585
38.43,-0.687245790414659,-0.0276520927338687,0.357401432589084,-0.0195257365012977
38.44,-0.714266654387259,-0.0256746326702721,0.35355786151921,-0.0202164031129163
38.45,-0.741364838255432,-0.0235930727526983,0.349388905294782,-0.020873395100224
38.46,-0.769998143402272,-0.0211413792680453,0.344930883907771,-0.021495060780769
38.47,-0.797230446552876,-0.0188588923577457,0.340149970659703,-0.0220823657444118
38.48,-0.824461652004926,-0.0164836667532878,0.335003425855953,-0.0226366663794479
38.49,-0.853344674717434,-0.0137435236659161,0.329491300695817,-0.0231559759589584
38.5,-0.88057402477591,-0.0111938080673227,0.323525035745209,-0.0236416596727717
38.51,-0.907745143560514,-0.00856688905351038,0.317006946586324,-0.0240955997234555
38.52,-0.936707879530489,-0.00558747609340982,0.309896304297684,-0.0245149393348921
38.53,-0.963785835303053,-0.00282478063666827,0.302040007461016,-0.024901183797234
38.54,-0.990772332738766,-8.63274552251325e-06,0.293281344845985,-0.0252560828837226
38.55,-1.0197154419368,0.00313617475788491,0.283573460381845,-0.025573201422483
38.56,-1.04656733784049,0.00602944229171076,0.272776641778185,-0.0258500723423368
38.57,-1.07331476804362,0.00894255797769558,0.260807411570433,-0.0260824816163569
38.58,-1.09994970540406,0.011864069054758,0.247755244662203,-0.0262550567581634
38.59,-1.12876168226329,0.0150710801673835,0.233685075831012,-0.0263571285127323
38.6,-1.15517995192916,0.0179796771425365,0.21863108669281,-0.0263812119517018
38.61,-1.18141264601712,0.0208678479625975,0.202670508934569,-0.026319944376909
38.62,-1.20989838207211,0.0240161855104663,0.186099446427727,-0.0261566612795706
38.63,-1.23564089137466,0.0268491449016213,0.169055235032185,-0.0258877360656038
38.64,-1.26095557722643,0.0296520877037137,0.151630082874669,-0.0255133219555737
38.65,-1.2856803165939,0.0324276558358594,0.134099054154313,-0.0250250650857089
38.66,-1.3123268548717,0.0354634728621997,0.116633757948186,-0.0244259826965067
38.67,-1.33525082248196,0.0382011455633157,0.0992631245444486,-0.0237268092362179
38.68,-1.35685324842463,0.0409286992924918,0.0819671431217973,-0.0229406524732742
38.69,-1.3797346296942,0.0439262616788895,0.064883125499966,-0.0220721788636336
38.7,-1.39792715204364,0.0466429270676543,0.0479560575736242,-0.0211371111311368
38.71,-1.41401668276419,0.0493541541231008,0.0310686852121338,-0.0201538023845417
38.72,-1.43077435709504,0.0523224759849525,0.0142443389865988,-0.0191303328606526
38.73,-1.44210176192105,0.0550022388602925,-0.00267375182818799,-0.0180821238775039
38.74,-1.45383713587034,0.0579106941052365,-0.0198626755840591,-0.017024423683333
38.75,-1.45990026476268,0.0605078221999495,-0.0373680477070159,-0.0159631885440461
38.76,-1.46630828477393,0.0632892754899329,-0.0552841764243407,-0.0149068419116037
38.77,-1.46706127494999,0.0657254975855159,-0.0735687338636246,-0.0138552945148084
38.78,-1.45818847599039,0.0671233466022459,-0.0922011130344641,-0.0128109420674091
38.79,-1.4474035927433,0.0683946683706823,-0.110695883380899,-0.0117556257542764
38.8,-1.43195082028224,0.0693089615889978,-0.128337414877082,-0.0106594107901985
38.81,-1.41788767224117,0.0703306917085782,-0.144945590659046,-0.00952781981829927
38.82,-1.40244512700787,0.0712261837545525,-0.160475932847226,-0.00837367952582243
38.83,-1.38304872284772,0.0717867394305015,-0.175011040503886,-0.00721512773332412
38.84,-1.36553842001645,0.0724382552902979,-0.188535237281037,-0.00606278163718108
38.85,-1.3472861007359,0.0729661077659662,-0.201010580760696,-0.00492296230547227
38.86,-1.32585044899407,0.0731817752092804,-0.212439403342766,-0.00380338714678075
38.87,-1.30669086217853,0.0734770269826953,-0.222780236859961,-0.00270747453020832
38.88,-1.28724952745589,0.0736595608815564,-0.232033121293503,-0.00163954042652997
38.89,-1.26761742286621,0.0737349968161411,-0.240250949784723,-0.000606176999308768
38.9,-1.24546288961793,0.0735428343698042,-0.24747932513315,0.000388508927299901
38.91,-1.22567501483035,0.0734288052379297,-0.253739622170444,0.00134224404721849
38.92,-1.20582271145103,0.0732272237424379,-0.259048961595298,0.0022541184541919
38.93,-1.18369363284956,0.0727954628824339,-0.263489270520494,0.00312099874422312
38.94,-1.16379037593615,0.0724454108915681,-0.267106996011737,0.0039422745753135
38.95,-1.14383358363391,0.0720281628225485,-0.269975414764106,0.00471857606000094
38.96,-1.12177451814099,0.0714162789461745,-0.272160898443796,0.00544925078278276
38.97,-1.10177151827573,0.0708881163949815,-0.273696012913166,0.00613506466433073
38.98,-1.08172528452548,0.070310272837974,-0.274618718607793,0.00677776451807695
38.99,-1.05976720902225,0.0695695636690118,-0.274998418985172,0.0073783982756404
39,-1.03972484409959,0.068912491387324,-0.274901796837492,0.00793850068904566
39.01,-1.01967845552978,0.0682195544816308,-0.274384585437402,0.00846098963827921
39.02,-0.997932823543614,0.067390112536212,-0.273498449255446,0.00894853125713651
39.03,-0.977981750917563,0.0666406919666997,-0.272283665314685,0.00940409575030908
39.04,-0.958073622646728,0.0658651090472262,-0.270785367204929,0.00983063331222757
39.05,-0.936675413241066,0.0649746502259786,-0.269060778909583,0.010230382135855
39.06,-0.916949422823083,0.0641578638849186,-0.267165945426964,0.0106063894865191
39.07,-0.897306209279237,0.063320495340813,-0.265154543362025,0.0109620000212612
39.08,-0.876367821539592,0.0623846084950357,-0.263049908046223,0.0112994988987261
39.09,-0.85697116343656,0.0615130996942007,-0.260864760780167,0.0116207841379145
39.1,-0.836398024495508,0.0605521536259561,-0.258605853607114,0.0119272505748071
39.11,-0.817275742703179,0.0596494898602465,-0.256278943503507,0.0122195821595911
39.12,-0.798274022239993,0.0587304382598302,-0.253879510811583,0.0124983826085021
39.13,-0.778262951294958,0.0577348905635162,-0.251405880616275,0.0127641278368374
39.14,-0.759565135387953,0.0567891101387056,-0.248852567121044,0.0130166350801448
39.15,-0.739961838528003,0.0557750086655158,-0.246209103374046,0.0132553398689893
39.16,-0.721580566234015,0.0548059801666849,-0.243461008191769,0.013479649298329
39.17,-0.702394538118519,0.0537768961475161,-0.240595524891992,0.0136887363696625
39.18,-0.684342957075838,0.0527890576345939,-0.237602740517567,0.0138815591468803
39.19,-0.666440384676704,0.0517922144716346,-0.234477284381894,0.0140566740967056
39.2,-0.647883835934586,0.0507478710825269,-0.231207657523918,0.0142130122618592
39.21,-0.630343228130464,0.0497401412380646,-0.227789676320675,0.0143492331602899
39.22,-0.612249908080654,0.0486929103756669,-0.224223232817207,0.0144638519199666
39.23,-0.59510321030426,0.0476798595284324,-0.220503004239942,0.014555939446299
39.24,-0.577507745012432,0.0466349375213168,-0.216632128311314,0.0146243688654807
39.25,-0.560798833936582,0.0456220484362709,-0.212617833418444,0.014668081371921
39.26,-0.54374668410784,0.0445843606038748,-0.208456653655138,0.0146865088675262
39.27,-0.527531039023867,0.0435767816365947,-0.204145404635475,0.0146793095350595
39.28,-0.511569289168798,0.0425726918415526,-0.199695543234134,0.0146455429547887
39.29,-0.495427725083085,0.0415536529833662,-0.195120306573917,0.0145847519434009
39.3,-0.480063441316111,0.0405620091975324,-0.190445804355591,0.014496319837492
39.31,-0.464620270891816,0.0395608079981917,-0.185706660859316,0.0143802325621559
39.32,-0.449916412591066,0.0385846342483268,-0.180929005866471,0.0142376010013509
39.33,-0.435226395088819,0.0376030092705464,-0.176122993289345,0.0140693897623511
39.34,-0.421238053276624,0.0366438648206397,-0.171290381656014,0.0138768257573881
39.35,-0.407344677155918,0.0356830381488795,-0.16643606804608,0.0136608594517376
39.36,-0.394113245620495,0.0347426402691207,-0.161563569640906,0.0134229323931653
39.37,-0.381044969416012,0.0338041832693222,-0.156679063480938,0.0131644752478968
39.38,-0.368596195946604,0.0328845930338038,-0.151784135216121,0.0128875693174924
39.39,-0.356363854188578,0.0319705287971688,-0.146883023019912,0.0125941011087096
39.4,-0.344704573123488,0.0310743766450058,-0.141976902182199,0.0122858880827891
39.41,-0.333300108130514,0.0301873428497518,-0.137075838880497,0.011964650340536
39.42,-0.322418246504993,0.0293177760264276,-0.13218288863845,0.0116323079961317
39.43,-0.311815467056506,0.0284607932215589,-0.127311078639121,0.0112905765429902
39.44,-0.30168216105993,0.0276211681837715,-0.122466681481428,0.0109414902900933
39.45,-0.291901161344515,0.0267974186947869,-0.117655358128882,0.0105866183595449
39.46,-0.282415065756267,0.0259910605823449,-0.112879898154347,0.0102277058838095
39.47,-0.273319303517453,0.0252024839751397,-0.108150945306874,0.00986601689848488
39.48,-0.264516937030155,0.024434159794837,-0.103487574789504,0.00950316554030661
39.49,-0.256051912925115,0.0236839530260861,-0.0988998699466791,0.00914071371814095
39.5,-0.247873246571586,0.0229562568657677,-0.0943995653412749,0.00877969275751483
39.51,-0.239983611094513,0.0222468154012174,-0.0899940500516892,0.0084211757463652
39.52,-0.232371034693561,0.0215615582691792,-0.0856959194865852,0.0080662631941955
39.53,-0.225005162930899,0.0208944390414084,-0.0815114189571769,0.0077162106264064
39.54,-0.217907541456182,0.0202525066377595,-0.077451128744739,0.00737190843085818
39.55,-0.211021755416421,0.0196282489071328,-0.0735217972229795,0.00703423480592939
39.56,-0.20439762178855,0.019029490599066,-0.0697325382290603,0.00670388494075675
39.57,-0.197957763599327,0.01844757950682,-0.0660870048346995,0.00638168545181691
39.58,-0.191774659225968,0.0178908968713924,-0.0625873135601235,0.00606834273715264
39.59,-0.185754022419522,0.0173500646682032,-0.0592272049242798,0.00576472632831285
39.6,-0.179985971288581,0.0168339335578503,-0.0560066909794693,0.00547124417745457
39.61,-0.174362721974164,0.0163326535480378,-0.0529277164739172,0.00518835239797617
39.62,-0.168987432150887,0.0158552583166058,-0.0499893069953918,0.00491614851736042
39.63,-0.163741765660101,0.0153916410763364,-0.0471881846706776,0.00465476960159693
39.64,-0.158737791624154,0.0149509336125636,-0.0445214620734261,0.00440423623538822
39.65,-0.153848960857305,0.0145229918367112,-0.0419855273680504,0.00416460921279555
39.66,-0.149192876649658,0.0141169063132262,-0.0395790596625253,0.00393581326406071
39.67,-0.144637632032896,0.0137226073482188,-0.0372979232791152,0.0037178370731636
39.68,-0.140303945794497,0.0133490310755272,-0.0351381861572348,0.0035105751498893
39.69,-0.136056938097195,0.0129863337032996,-0.0330938444079358,0.00331386991181643
39.7,-0.132018316997088,0.0126432453336957,-0.0311609714584699,0.00312740652131546
39.71,-0.128052597026296,0.0123102209986298,-0.0293348827033528,0.00295086809811269
39.72,-0.124281389986064,0.0119956814788534,-0.0276116521814797,0.00278387047604693
39.73,-0.120570795795878,0.0116904127221316,-0.0259887294726729,0.00262607147239906
39.74,-0.116979031062715,0.011398322440595,-0.0244637389647946,0.00247704008759439
39.75,-0.113561973995993,0.0111228895347008,-0.0230327616769328,0.00233639841553021
39.76,-0.110190644909252,0.010855478833089,-0.0216927720989471,0.00220372634498904
39.77,-0.106981860069615,0.0106034497247283,-0.0204402033986779,0.00207865238946653
39.78,-0.103811002291637,0.0103585797409612,-0.0192723940633781,0.00196084029030265
39.79,-0.100791479702064,0.0101277824052451,-0.018186358853591,0.00184991507354611
39.8,-0.0978035563139255,0.00990326589791247,-0.0171779292801938,0.00174556474671892
39.81,-0.0949565267830739,0.00969152189797024,-0.0162430036006593,0.0016474612571288
39.82,-0.0921358495799334,0.00948522100908556,-0.0153772396591294,0.00155530064246876
39.83,-0.089446289588559,0.00929044508622508,-0.0145767030665824,0.00146876661616727
39.84,-0.0867786986414005,0.00910032839024959,-0.0138379349458909,0.00138756155975411
39.85,-0.0842327854904132,0.00892054963846184,-0.0131578368428464,0.00131135607325239
39.86,-0.0817048383679619,0.00874470205986161,-0.0125321907640042,0.00123986102639107
39.87,-0.0792892940316356,0.00857809357142805,-0.011957172931615,0.00117278360925569
39.88,-0.0768880009934394,0.0084147829603039,-0.0114292500793468,0.00110984098599178
39.89,-0.0745900569821991,0.00825972141091974,-0.0109451669055728,0.00105075731913133
39.9,-0.0723029896175129,0.0081074136231966,-0.0105017210573913,0.000995278957021645
39.91,-0.0701106107900182,0.00796246763672833,-0.0100959111946359,0.000943166999787989
39.92,-0.0679262052779421,0.00781981568372536,-0.00972492394298568,0.000894201597018664
39.93,-0.0658284255422696,0.00768373487142019,-0.00938611732934615,0.000848178522912681
39.94,-0.0637363248528526,0.0075495628359064,-0.00907704634372485,0.000804908804320979
39.95,-0.0617235568550996,0.00742125710071205,-0.00879543031917187,0.000764220133294783
39.96,-0.0597148685505049,0.00729453779606994,-0.00853919155787609,0.000725952894907497
39.97,-0.0577790783239873,0.00717305462703948,-0.00830633043507533,0.000689965091528848
39.98,-0.055846463984154,0.00705288861328424,-0.00809503478915631,0.000656124686482726
39.99,-0.0539502046263127,0.00693573884849001,-0.00790354268473434,0.000624317045516659
40,-0.0632940207805683,0.00458859988513334,-0.00773031888111573,0.000594431885481733
40.01,-0.0614157367156247,0.00212337835279459,-0.00445729349048235,0.0007257809099704
40.02,-0.0597476104374843,-0.000285206876339599,0.00304993795007059,0.00105325143544147
40.03,-0.0582233232462777,-0.0025521996915792,0.01378852627847,0.00147399681516372
40.04,-0.0568138540984684,-0.00471765867624535,0.0267922726210293,0.00190887348483983
40.05,-0.0555543510797127,-0.00671928670174529,0.0412109826299477,0.00229981773728107
40.06,-0.0545417716804577,-0.00867722553450129,0.0563622526201206,0.00261011548161344
40.07,-0.053887536576708,-0.010521134403708,0.0717314320648903,0.00281917312420234
40.08,-0.0537317656728415,-0.012405394130539,0.0870179908563745,0.00292323445043882
40.09,-0.0542062582139664,-0.0142240220431421,0.102043939996616,0.00292584061771784
40.1,-0.0554360341205831,-0.0161445044412363,0.116774978748997,0.00283912031539677
40.11,-0.0575298077843156,-0.0180107834004429,0.131218264632188,0.00267494118448048
40.12,-0.0605517771870039,-0.0199966617719455,0.145475540181634,0.00244908655145784
40.13,-0.0645835456787216,-0.0218989529352793,0.15960567473727,0.002171319860704
40.14,-0.0696173992944358,-0.0239052364357223,0.173710228615603,0.00185349863883457
40.15,-0.0757368659633286,-0.0257763098690585,0.187772446321333,0.0014976427070982
40.16,-0.0828633229943101,-0.0277229828606007,0.201810777189377,0.0011090022350566
40.17,-0.0911156101050832,-0.0294791021671461,0.21570730855298,0.000683417084141834
40.18,-0.100339143548075,-0.0312845860608761,0.229417774422162,0.000222270333903158
40.19,-0.110717105101486,-0.0328514335196126,0.242812137260109,-0.00027799340010561
40.2,-0.122004748755397,-0.034449538584842,0.255822235617263,-0.00081633495093926
40.21,-0.134472040140702,-0.0357702787031933,0.268300166992355,-0.00139619961990419
40.22,-0.147765922929187,-0.037112771172541,0.280190708814339,-0.00201523406591652
40.23,-0.162261635435451,-0.0381478772108949,0.291378541830064,-0.00267452630129017
40.24,-0.177476327886053,-0.0392019909123932,0.30182444325077,-0.00337043838670891
40.25,-0.193908840053961,-0.0399254585908945,0.311447704383365,-0.00410253984286564
40.26,-0.210927793717913,-0.0406702378886191,0.320242206136463,-0.00486576665417159
40.27,-0.229174636613137,-0.0410663342185759,0.328194551637989,-0.0056588176384518
40.28,-0.247853081898552,-0.041489585249059,0.335320146073826,-0.00647607006275025
40.29,-0.267277584060465,-0.0417529513140703,0.341598728341798,-0.0073144524544263
40.3,-0.287939071344285,-0.041647976510513,0.347068504649795,-0.00816707147548828
40.31,-0.308766456964385,-0.0415856824781515,0.351725761814565,-0.00903015696316038
40.32,-0.330835012816683,-0.0411472229804723,0.355568622166754,-0.00989998539852405
40.33,-0.35287333675575,-0.0407643180660746,0.358644150278466,-0.0107711009133472
40.34,-0.376156696744524,-0.0400002316892072,0.360976769374514,-0.0116395666485565
40.35,-0.399205853686128,-0.0393060294926775,0.362623778521178,-0.0125007204847901
40.36,-0.422659765824268,-0.0384632949377286,0.363618618681323,-0.0133518426020678
40.37,-0.447379393227439,-0.0372352916550881,0.36403447919517,-0.014188172010251
40.38,-0.471559419086904,-0.0361007141515801,0.363903102111746,-0.0150083271813744
40.39,-0.497032370171085,-0.0345805786283309,0.363237078299723,-0.0158110221958272
40.4,-0.521767047824619,-0.0331695170524848,0.362090349745274,-0.016594102078657
40.41,-0.546690335930743,-0.031628456665238,0.360487858586995,-0.0173572500162744
40.42,-0.572968405826028,-0.029702754829695,0.358466632030432,-0.0180974008525157
40.43,-0.598219825993155,-0.0279095963828555,0.356020561151223,-0.0188140003003407
40.44,-0.623555581541024,-0.025999009826574,0.353153137261419,-0.0195075520330001
40.45,-0.65033232718597,-0.023707393116432,0.349887689424445,-0.0201753408363764
40.46,-0.675810026554247,-0.0215720304618556,0.346175114790509,-0.0208171941799903
40.47,-0.701288453302157,-0.0193340075699325,0.341963251334092,-0.0214333824529789
40.48,-0.728316789180182,-0.0167230441954796,0.337252217655865,-0.0220209367740333
40.49,-0.753790755568415,-0.0142942823205183,0.331954695830497,-0.0225802418185443
40.5,-0.779203368576896,-0.0117823358928808,0.32597505784725,-0.0231121908997178
40.51,-0.806299251836764,-0.00891289868180367,0.31927853526792,-0.0236127872277179
40.52,-0.831608096099197,-0.00625678143048355,0.311709413433501,-0.0240824847546341
40.53,-0.856818962613676,-0.0035451408715009,0.303116236322865,-0.0245216909802303
40.54,-0.883873340469311,-0.000502611604040637,0.293475074315452,-0.0249222234033476
40.55,-0.908934887213381,0.00228726335985688,0.282657985032198,-0.025280031643439
40.56,-0.933888705786648,0.00509570944225524,0.270607597091997,-0.0255892337662589
40.57,-0.960869710602369,0.00819957594692344,0.25746512411638,-0.0258339167365693
40.58,-0.985669973834288,0.0110100640823556,0.243241753413323,-0.026006215587404
40.59,-1.01035866889166,0.0138036979053875,0.227991762870603,-0.0260981068964119
40.6,-1.03492435306859,0.0165716391816297,0.21196148299594,-0.0260907923730736
40.61,-1.06172655867637,0.0195977434483049,0.195331557334888,-0.0259741492692059
40.62,-1.08602704404628,0.0222977262129709,0.178248657759533,-0.0257465490554128
40.63,-1.11009785765869,0.0249587191170844,0.160836625173787,-0.025408821047545
40.64,-1.13643106893746,0.0278693917699264,0.143385388116703,-0.0249523720296529
40.65,-1.15984830484008,0.0304569178372578,0.126005355311973,-0.024382246556569
40.66,-1.1826941309532,0.0330152106895014,0.108798231444425,-0.0237086956982109
40.67,-1.20475582177634,0.0355530199737674,0.0919743497069267,-0.0229332110257354
40.68,-1.22856980296011,0.0383625994763595,0.0755931037192548,-0.0220664354558456
40.69,-1.24832617536248,0.0408869710156685,0.0596036602559542,-0.0211252798197854
40.7,-1.26647638318417,0.0434159790736864,0.0439080245460251,-0.020129109400171
40.71,-1.28567194724573,0.0462284911572217,0.0285292345997339,-0.0190870558177165
40.72,-1.29985209877635,0.0487717457624308,0.0133044443604306,-0.0180164176541009
40.73,-1.31467658476362,0.0515859505356991,-0.00197533067854286,-0.0169349620599668
40.74,-1.32402345588643,0.054121722219736,-0.0174211334918127,-0.0158513348612483
40.75,-1.33073188026559,0.0566363266911948,-0.0331975653977229,-0.0147773797881505
40.76,-1.33776900389432,0.0593711259849264,-0.049316871003993,-0.0137142012033601
40.77,-1.33907689747643,0.0617860293269273,-0.0658756673522222,-0.0126673112522191
40.78,-1.33048079086948,0.0632003375277574,-0.0829257341331212,-0.0116402155737494
40.79,-1.31981792010407,0.0645108097905708,-0.100059184540647,-0.0106156753018317
40.8,-1.30428333940997,0.0654789023482309,-0.116655979397642,-0.00956636581287469
40.81,-1.2899856193456,0.0665780933139055,-0.132554559803357,-0.00849492844084147
40.82,-1.27413473332405,0.0675653777291162,-0.147710622502942,-0.00740992010023716
40.83,-1.25412800132993,0.0682226299178545,-0.162177512255908,-0.00632443770298086
40.84,-1.23590328316726,0.0689842064519292,-0.175911963834138,-0.00524491556150844
40.85,-1.21681973650059,0.069626188260928,-0.188825791605813,-0.00417370702807841
40.86,-1.19441856448997,0.0699512266718373,-0.200879329104802,-0.00311511025912517
40.87,-1.17427908881624,0.0703601139797957,-0.211993580265812,-0.00207025957709374
40.88,-1.15382604706654,0.070652363038349,-0.222133895122615,-0.0010418780267228
40.89,-1.13317239253285,0.0708318363907205,-0.231316631017329,-3.51243545750336e-05
40.9,-1.10995388154045,0.0707312223832888,-0.239540587790649,0.000947331335432688
40.91,-1.08916743138079,0.0707067952193596,-0.246823595899653,0.00190325639076791
40.92,-1.0683384160332,0.0705864606902595,-0.253183594430369,0.0028322035204455
40.93,-1.0452039779377,0.0702217538628284,-0.258679837927628,0.00373167189213378
40.94,-1.0243630041736,0.0699353476600282,-0.263324168807315,0.00460016625058635
40.95,-1.00348028415271,0.0695732272329986,-0.26714910676624,0.00543565257743222
40.96,-0.982548978656075,0.0691422966791053,-0.270191518870474,0.00623586611115386
40.97,-0.959521164448789,0.0685162369337503,-0.272484977416937,0.00699951118499557
40.98,-0.938541956676402,0.0679732879968692,-0.274062215230355,0.00772655651027812
40.99,-0.917515901339064,0.067381110754342,-0.274981443276776,0.00841732775504512
41,-0.894577675543222,0.0666272710970056,-0.275327113659408,0.00907117197818105
41.01,-0.873546612778521,0.0659578356928873,-0.275166399181364,0.00968960317283273
41.02,-0.850743835264415,0.0651452436666513,-0.274541087339918,0.0102742681907149
41.03,-0.829768872377259,0.0644159196044738,-0.273517175838773,0.0108263851548052
41.04,-0.808819856064205,0.0636594540801732,-0.272168368163112,0.0113476955706241
41.05,-0.786313931080418,0.0627831834190261,-0.27055898879082,0.0118397776243917
41.06,-0.765518941861151,0.0619844947360454,-0.268742550509403,0.0123042905342562
41.07,-0.744796330997204,0.0611651407655945,-0.266766526780614,0.0127430833761103
41.08,-0.722721197864762,0.0602434601393545,-0.264682056064296,0.0131574741004873
41.09,-0.702235617026231,0.0593902045406748,-0.262533745400007,0.0135485624839945
41.1,-0.680524567086951,0.0584433698753915,-0.260353827268858,0.0139175277726802
41.11,-0.660318108690477,0.0575577504562166,-0.258157983059707,0.0142658210089593
41.12,-0.640239094486692,0.0566541574604765,-0.255960782293973,0.0145947371380637
41.13,-0.619113136870347,0.0556682097004398,-0.253769033691621,0.0149053678136091
41.14,-0.599362027222652,0.0547323317957512,-0.251583111467808,0.0151984337945581
41.15,-0.578674626300845,0.0537206820403243,-0.249398397621269,0.0154744184994363
41.16,-0.5592742523853,0.0527523527442686,-0.247205740766799,0.0157336641625645
41.17,-0.54003318822503,0.051766315626007,-0.244994099899626,0.015976239253273
41.18,-0.520013890579545,0.0507145207919376,-0.242749335774381,0.0162020940435871
41.19,-0.501155280252091,0.0496973229922299,-0.240457776244175,0.0164109428200218
41.2,-0.481622116274313,0.0486210185911852,-0.238104394784733,0.01660238893525
41.21,-0.463172407835723,0.0475747196205105,-0.235670484729834,0.016776095073506
41.22,-0.444152011581696,0.0464761991540492,-0.233139654787869,0.0169314378106506
41.23,-0.426144560807799,0.0454041043975475,-0.230492017562437,0.0170679697227422
41.24,-0.408353014705597,0.0443194856398934,-0.227710845863145,0.017185096624732
41.25,-0.390149420695929,0.043193642550794,-0.22478100134889,0.0172822974818893
41.26,-0.372869509149009,0.0420906083995741,-0.221692228838908,0.0173588315719397
41.27,-0.355284763510079,0.0409537204432273,-0.218429596206422,0.0174141568512276
41.28,-0.338575630866716,0.0398383026119789,-0.214978584742136,0.017447774248506
41.29,-0.321671920392729,0.0386965767227308,-0.211316414564141,0.0174594231276915
41.3,-0.30560469574392,0.0375760760982359,-0.207421339767474,0.0174487300763141
41.31,-0.289448163757813,0.0364373923985667,-0.203293236696461,0.017414390605343
41.32,-0.274089660742638,0.0353206690337251,-0.198945264484973,0.0173548088209246
41.33,-0.258738893195632,0.0341935057650971,-0.194400428948121,0.0172691943825397
41.34,-0.244149043345374,0.0330888302576857,-0.189681313026642,0.0171573464303226
41.35,-0.229654061267398,0.0319804777806409,-0.184807898718353,0.0170185776753485
41.36,-0.215881879992278,0.0308949364830042,-0.179786658005037,0.0168528184605413
41.37,-0.202519368005364,0.0298208497071772,-0.174625290831168,0.0166599849586104
41.38,-0.18936016731886,0.0287523635974246,-0.16933583181648,0.0164400089508201
41.39,-0.17686338327653,0.0277077025121073,-0.16393382381966,0.0161930372309629
41.4,-0.164624570076981,0.0266742391862856,-0.158438143618966,0.0159195644605695
41.41,-0.153003705939943,0.0256653219985677,-0.15287752830161,0.0156205085858186
41.42,-0.141681335124035,0.0246724039315727,-0.147275737799414,0.0152969871744762
41.43,-0.130928703353987,0.0237044898934597,-0.141644573888565,0.0149506267814818
41.44,-0.120500930834545,0.0227567220889502,-0.136016023944914,0.0145829517346621
41.45,-0.11059172613823,0.0218341166660783,-0.130428958317033,0.0141963944283609
41.46,-0.101021677836776,0.0209345863989366,-0.124905939617262,0.0137933889863537
41.47,-0.0919183382732047,0.020059777925988,-0.119458263224297,0.0133761187372314
41.48,-0.0831587793949442,0.0192102940702961,-0.114097995168532,0.012946563820632
41.49,-0.0748136209151955,0.0183851182881064,-0.108837363057452,0.0125072440258383
41.5,-0.066807741432255,0.0175870764556555,-0.103694603066649,0.0120604894876864
41.51,-0.0591656598917911,0.0168127143410843,-0.0986855506848066,0.011608681325405
41.52,-0.0518543384290364,0.0160664870576844,-0.0938241202622499,0.01115388956605
41.53,-0.0448606198941626,0.0153429361485579,-0.0891189930596082,0.0106983702331862
41.54,-0.0381875693547951,0.0146478665467251,-0.0845730339913693,0.0102441023421881
41.55,-0.0317921774851087,0.0139743065246421,-0.080185293327999,0.00979306603975118
41.56,-0.0257083116621999,0.0133291616712636,-0.0759595082520469,0.00934703887570575
41.57,-0.0198691803207147,0.0127042517683379,-0.0719010936657181,0.0089078685590755
41.58,-0.0143338288820072,0.0121072153953861,-0.0680063043201481,0.00847686904501833
41.59,-0.00901628161086876,0.0115290624352933,-0.0642691943565402,0.00805535460315325
41.6,-0.00399564733706192,0.0109780462884053,-0.0606902410488163,0.00764436048395876
41.61,0.000829457681376766,0.0104445960102577,-0.0572674886475533,0.00724490460934132
41.62,0.00541954874319117,0.00993262457744909,-0.0539973092663068,0.00685781795503833
41.63,0.00972339069006978,0.00944629648172815,-0.0508709375952582,0.00648394565793231
41.64,0.0138598444587448,0.00897576219242983,-0.0478770851577959,0.0061239824986352
41.65,0.0177197300976726,0.00852995832250201,-0.0450126183447766,0.00577840056728512
41.66,0.0214303707006565,0.00809902279274016,-0.0422747535798748,0.00544731642447638
41.67,0.0248769097096186,0.00769186094320905,-0.0396589675242278,0.00513069059073879
41.68,0.0281922536220414,0.00729870474406154,-0.0371631146607642,0.00482856918443515
41.69,0.0312583543276332,0.00692830163179931,-0.0347840409760208,0.00454078922729739
41.7,0.0342112266520118,0.00657107313282445,-0.0325179481779185,0.00426730626662616
41.71,0.0369317459532699,0.00623553141525823,-0.0303622869138967,0.00400787581419566
41.72,0.0395567278837969,0.00591236406799519,-0.0283137944593788,0.00376221006182501
41.73,0.0419670514798387,0.00560974302514524,-0.0263718462213209,0.00352983102889428
41.74,0.0442980042353724,0.00531863547542035,-0.024534996297983,0.00331034451411303
41.75,0.0464314490440163,0.00504678393462343,-0.0228024121539727,0.00310335848484891
41.76,0.0484996775953572,0.00478548171687392,-0.0211712604209006,0.0029084863783192
41.77,0.0503866126140888,0.00454203446250945,-0.0196394096776356,0.00272536870666332
41.78,0.0522205666194058,0.00430811854884956,-0.0182034865960078,0.00255359138353185
41.79,0.0538883412002829,0.00409060437248086,-0.0168598985647294,0.00239269061259779
41.8,0.0555135322464384,0.00388159651370311,-0.0156051176040797,0.00224219438813349
41.81,0.0569864841389709,0.00368753119490864,-0.0144360470652431,0.00210159459185291
41.82,0.0584256480548504,0.00350095240184223,-0.0133489701958857,0.00197040613377687
41.83,0.0597254956661502,0.00332787032746928,-0.0123402957422435,0.00184813554831841
41.84,0.0609989963500617,0.00316128161238735,-0.0114064272257601,0.00173430087214524
41.85,0.0621451807250573,0.00300678412050819,-0.0105439551471387,0.00162842108157968
41.86,0.0632715356759608,0.00285783260157909,-0.0097491496960847,0.0015300614932933
41.87,0.0642820852506159,0.00271964114107181,-0.00901771852635644,0.00143880072614574
41.88,0.0652787370011918,0.00258613809838415,-0.00834534764330203,0.00135423451359886
41.89,0.0662160951546777,0.00245966681721798,-0.00772781600180844,0.00127592984170446
41.9,0.0670540739187651,0.00234218178345958,-0.00716128435917125,0.00120344593582949
41.91,0.0678859716073212,0.00222832171382846,-0.00664205977711192,0.00113635700947932
41.92,0.0686286597185237,0.00212242996506667,-0.00616661070046002,0.00107425500472324
41.93,0.0693695862405868,0.00201958157137529,-0.00573174513323333,0.00101674450098302
41.94,0.0700306300851423,0.00192379815417514,-0.00533448981997673,0.000963449783929403
41.95,0.0706933690933713,0.00183056485434805,-0.00497233923412612,0.000914004358253197
41.96,0.0712845292081319,0.00174358709774188,-0.00464286485978744,0.000868075516989304
41.97,0.0718798943709906,0.00165873293855747,-0.00434420026967837,0.000825335367729722
41.98,0.0724108838846345,0.00157939877277254,-0.0040741742720872,0.000785490102111062
41.99,0.0729476522131609,0.00150181705717162,-0.00383042624988857,0.000748275828312008
42,0.0734261816362132,0.00142909826433976,-0.0036111105396161,0.000713446155539538
42.01,0.0739112405753382,0.00135781750924483,-0.00341470949025921,0.000680769531477643
42.02,0.0743432484048832,0.00129080577609326,-0.00323952641966756,0.000650063918245714
42.03,0.0747818857059421,0.00122496093229577,-0.0030840723772029,0.000621169315733265
42.04,0.0751719042149102,0.00116285227230369,-0.00294670721091326,0.000593968804234691
42.05,0.0755682196001413,0.00110168418580304,-0.00282602538714964,0.000568354818092232
42.06,0.0759198001449928,0.00104378104613671,-0.00272047619616554,0.000544252407305922
42.07,0.076277105997459,0.00098663648496397,-0.00262876483126782,0.00052158629236562
42.08,0.07659317599472,0.000932345493974689,-0.002549453146178,0.000500306544833191
42.09,0.0769143022640897,0.000878673218327771,-0.00248137059530442,0.000480355995313717
42.1,0.0771974376744904,0.000827500226518869,-0.00242320542862477,0.000461697651686709
42.11,0.0774849668119444,0.000776844832032049,-0.00237392681443009,0.00044428234538514
42.12,0.0777375601977237,0.00072838655120695,-0.00233236713013954,0.000428077615798338
42.13,0.0779939217832748,0.000680378070721125,-0.00229764938420107,0.000413035755964012
42.14,0.0782182287477422,0.000634310658681731,-0.00226876944852372,0.000399123700890459
42.15,0.0784457174978392,0.000588651777122054,-0.0022451983107163,0.000386281548853889
42.16,0.078659193791097,0.000544097630578456,-0.00222592353645591,0.000374470006650734
42.17,0.0788445998718537,0.000501166412249886,-0.00221038790241628,0.00036362478263133
42.18,0.0790323523931029,0.000458619790053316,-0.0021978788488886,0.000353694456828627
42.19,0.0791944206806381,0.00041752662524855,-0.00218778741721616,0.000344631522149018
42.2,0.0793582659174774,0.000376819104403067,-0.00217980978999498,0.000336374554858418
42.21,0.0794986123114558,0.000337417764933646,-0.00217345826341795,0.000328882130222388
42.22,0.079640161042267,0.000298408632380626,-0.00216842373875987,0.000322104567523287
42.23,0.0797601784976738,0.000260576666628842,-0.00216428214655826,0.000316013289109287
42.24,0.0798808215774702,0.000223146988997994,-0.00216102611802499,0.000310560160972778
42.25,0.0799817155757552,0.000186777572945713,-0.00215829751392181,0.000305718723560566
42.26,0.0800826774491004,0.000150819770255961,-0.00215593031510668,0.000301448438312864
42.27,0.0801655137611395,0.000115818529995137,-0.00215361763353512,0.000297721181783142
42.28,0.0802478961723558,8.12397500610259e-05,-0.00215129374237983,0.000294492836000608
42.29,0.0803136449604018,4.75251267879749e-05,-0.00214875819727013,0.000291734764546892
42.3,0.0803784651207504,1.42422880378513e-05,-0.00214605898962635,0.000289404816204105
42.31,0.0804280144773308,-1.82617580933004e-05,-0.00214305753756388,0.000287476094702097
42.32,0.0804762075869032,-5.03281620353682e-05,-0.00213978337923562,0.000285908323640019
42.33,0.080510404540437,-8.16936752209515e-05,-0.00213605388442555,0.000284675169291695
42.34,0.0805428909698414,-0.000112616303470038,-0.00213186765719934,0.00028373681153384
42.35,0.0805625739409876,-0.000142906691425135,-0.00212704111430834,0.000283066876545253
42.36,0.0805802442842634,-0.000172747913683127,-0.00212158484197737,0.000282626118966179
42.37,0.0805862092828367,-0.000202016055960266,-0.00211534439112861,0.000282388777078579
42.38,0.0805899000727273,-0.000230827123438027,-0.00210835862488558,0.000282317162231277
42.39,0.0805828858880382,-0.000259115663703161,-0.00210050768882768,0.000282387285046353
42.4,0.0805733420784307,-0.000286938755430135,-0.00209185967169908,0.000282564183461311
42.41,0.0805572847702614,-0.000314275502087455,-0.00208232670118622,0.00028282679771017
42.42,0.0805317812589657,-0.000341155283654972,-0.00207211620923234,0.000283139675334204
42.43,0.0805033421874448,-0.000367560596686371,-0.00206112794545998,0.000283485633427091
42.44,0.0804661369112161,-0.000393546295432851,-0.00204926067349081,0.000283852079856912
42.45,0.0804257115334277,-0.000419051095449282,-0.00203661135907901,0.000284214955445845
42.46,0.0803771102684845,-0.00044416833710568,-0.00202314423361186,0.000284562799850381
42.47,0.0803250106732634,-0.000468799534345496,-0.00200895145597478,0.000284875892951387
42.48,0.0802652334349858,-0.000493071783722847,-0.00199395073631118,0.000285149205105629
42.49,0.0802016902019709,-0.000516853283261445,-0.00197825001452972,0.000285367542726597
42.5,0.0801309029788477,-0.000540300836583542,-0.00196181524400157,0.000285528096463448
42.51,0.0800561067599048,-0.000563254259048172,-0.00194475305164636,0.00028561984937567
42.52,0.0799744524928787,-0.000585896304522313,-0.00192702799872455,0.000285643881889927
42.53,0.0798885799216826,-0.000608042168347052,-0.00190873111005167,0.000285592706052979
42.54,0.079796202780253,-0.000629896787278125,-0.00188981670039338,0.000285470723095532
42.55,0.0796994383084044,-0.000651253990755544,-0.00187037577022598,0.000285273923428568
42.56,0.0795965012807383,-0.000672337721894902,-0.00185036899698375,0.000285009000716518
42.57,0.0794890503907677,-0.000692923701195585,-0.00182988431450481,0.000284673966205926
42.58,0.0793757419926848,-0.000713251919848205,-0.00180887628807768,0.000284276596241155
42.59,0.079257834337664,-0.000733082603898821,-0.00178742393927749,0.000283815768236416
42.6,0.0791343753900779,-0.000752668968052942,-0.00176547956412144,0.000283299472711196
42.61,0.0790062700248875,-0.000771758391621154,-0.00174311861645909,0.000282726778428054
42.62,0.0788728990209933,-0.000790615195663504,-0.00172029448225009,0.000282105432871615
42.63,0.0787348561589702,-0.000808976328637975,-0.0016970814784716,0.000281434355685339
42.64,0.0785918113055359,-0.000827115114073913,-0.00167343500318754,0.000280720844939992
42.65,0.0784440919417904,-0.000844760103051615,-0.0016494282667004,0.000279963552839897
42.66,0.0782916158131499,-0.00086219182932157,-0.00162501946846159,0.000279169227190667
42.67,0.0781344812729738,-0.000879132329727973,-0.0016002816940248,0.000278336179626309
42.68,0.0779727188137738,-0.000895724269726888,-0.00157517462253034,0.000277470672287119
42.69,0.0778065442068172,-0.000912114922147669,-0.00154985158483257,0.00027656770411925
42.7,0.0776357832995984,-0.000928020798070241,-0.00152425159953258,0.000275632931395046
42.71,0.0774608290971912,-0.000943732351419498,-0.00149831081340372,0.00027467330439867
42.72,0.0772813642191537,-0.000958962386356319,-0.00147209817907735,0.00027368621145062
42.73,0.0770979255533142,-0.000974003345418846,-0.00144558316730021,0.000272676227469562
42.74,0.076910070383633,-0.000988566437366151,-0.00141885422120303,0.000271639793864626
42.75,0.0767184442691757,-0.00100294569432724,-0.00139190068393094,0.000270579529595677
42.76,0.0765225027844831,-0.00101685166775857,-0.00136475208169896,0.000269492831206468
42.77,0.076322979332673,-0.0010305783193902,-0.00133738113103827,0.00026838299329948
42.78,0.0761192482735744,-0.00104383631597272,-0.0013098881103217,0.000267245603219812
42.79,0.075912110603781,-0.00105691977549289,-0.0012822720944334,0.000266083557948448
42.8,0.0757008775729258,-0.001069540618611,-0.00125460761002496,0.00026489355729675
42.81,0.0754864015318368,-0.00108199205887863,-0.00122685634708097,0.00026368000129405
42.82,0.0752679478385474,-0.00109398716536983,-0.00119907606856105,0.000262440823644809
42.83,0.0750464068340264,-0.00110581741725006,-0.00117123253430023,0.000261181265810402
42.84,0.0748210127242128,-0.00111719749866811,-0.00114339189607759,0.000259899969364581
42.85,0.0745926821262124,-0.00112841693302772,-0.0011155288591162,0.000258602571633956
42.86,0.0743606298316681,-0.00113919258055199,-0.0010877134035646,0.000257288113827555
42.87,0.0741257865078122,-0.00114981184996543,-0.00105992131722689,0.000255962494740264
42.88,0.073887357608081,-0.00115999407031219,-0.00103222013299403,0.000254625027096307
42.89,0.0736462806225813,-0.00117002420852118,-0.00100458379864126,0.000253281657486599
42.9,0.0734017624736545,-0.001179624161902,-0.000977076197604767,0.000251931719251721
42.91,0.0731547395528391,-0.00118907626529793,-0.000949669767963774,0.000250580940130876
42.92,0.0729044236375813,-0.00119810521340596,-0.000922426656258176,0.000249228384165742
42.93,0.0726517402344857,-0.00120699066409779,-0.000895318208815212,0.000247879385673832
42.94,0.0723959115529631,-0.00121546022561672,-0.000868403544193971,0.000246532677023154
42.95,0.0721374343237855,-0.00122365496154655,-0.000841652102726055,0.000245193139033385
42.96,0.0718767834209117,-0.00123171314247116,-0.000815186253088981,0.000243856617570021
42.97,0.0716132071385776,-0.00123936809436307,-0.000788953316942452,0.00024252739806653
42.98,0.0713475802244243,-0.00124689153715017,-0.000762902201266309,0.000241210762379995
42.99,0.071079176295564,-0.00125401913247627,-0.000737081497425648,0.000239904153427107
43,0.071564240228053,0.00225030381335771,-0.000711457651771116,0.000238610842781088
43.01,0.0718636615695871,0.00453970147835639,-0.00278227363596402,0.000159724411323188
43.02,0.0723272142343898,0.00678296396234811,-0.00979446981894008,-0.000126323671764627
43.03,0.072891868978747,0.00889210153516249,-0.0200511593702182,-0.000490523610481253
43.04,0.0735303190994223,0.01090974070803,-0.0324859156893426,-0.000853760214898953
43.05,0.0743027218931527,0.0127801288982221,-0.0462706223667899,-0.00116471904691586
43.06,0.0753121772186596,0.0146268061081183,-0.0607736666734918,-0.0013933256106084
43.07,0.0766848025032001,0.0163792636654511,-0.0755171647453179,-0.00152331642402877
43.08,0.0785549556854033,0.0181906072806555,-0.0902323751519747,-0.00155335610424244
43.09,0.0810635665807435,0.0199519235513767,-0.104744668461437,-0.00148745404568621
43.1,0.0843227658512262,0.0218279072266234,-0.11902481229438,-0.00133689639560351
43.11,0.0884480659681337,0.0236588282287691,-0.133079159605314,-0.00111251932391652
43.12,0.0934874248681368,0.0256161693366149,-0.14695248496458,-0.000826241199628195
43.13,0.0995319606930209,0.027494648752744,-0.16066789376274,-0.000485861365634423
43.14,0.106558250209885,0.0294814816007151,-0.174277608814773,-0.000100393026523292
43.15,0.114663839388536,0.0313371178430392,-0.187751931069352,0.000327888458816583
43.16,0.123754468255393,0.0332732779732151,-0.201070686304249,0.000795347824642481
43.17,0.133966515997317,0.0350244306361945,-0.214125109622287,0.00130451600818836
43.18,0.145129227342348,0.0368320748786563,-0.226837509364409,0.00185461469891289
43.19,0.157446893680262,0.0384096575978611,-0.239056846984323,0.0024489880479263
43.2,0.170659076399069,0.04002944392537,-0.250704770599228,0.00308652167056305
43.21,0.185059707072627,0.0413844698345306,-0.261657588392893,0.00376818066305511
43.22,0.200278744318538,0.0427758962843,-0.271876206894772,0.00449138279658627
43.23,0.216717516312567,0.0438758126592484,-0.281286819708788,0.00525510601146437
43.24,0.233875237838056,0.0450120760763022,-0.289861373990234,0.00605439057106834
43.25,0.25227796270663,0.0458358826348173,-0.297547167149021,0.00688573900656051
43.26,0.271274683308267,0.0467001779424167,-0.30434473565215,0.0077434093327388
43.27,0.29153488900092,0.0472357309727783,-0.3102265400254,0.00862311181497418
43.28,0.312241015950432,0.0478193952849784,-0.315206502828086,0.00951925540885184
43.29,0.334225245078956,0.0480624853298877,-0.319279630538046,0.0104271246880985
43.3,0.356490120067141,0.048364648696816,-0.322460890867638,0.0113419028846373
43.31,0.379448553699497,0.0485307791726325,-0.324719961996441,0.0122610153339717
43.32,0.403705822797349,0.0483456878788315,-0.326065258079156,0.0131804893905787
43.33,0.427968859528713,0.048242101465011,-0.326530499540956,0.0140950317407998
43.34,0.453546236815313,0.0477845556361123,-0.326173231098495,0.0149985573221561
43.35,0.478935817076405,0.0474245675270915,-0.325066570198038,0.0158856222707659
43.36,0.504795134295568,0.046944209216246,-0.323281362146096,0.0167504243438323
43.37,0.53200470780245,0.0461073107775612,-0.320894657835127,0.0175889642198095
43.38,0.55873358639985,0.0453919745498987,-0.317985594580942,0.0183968913613624
43.39,0.586847658823635,0.0443190867219934,-0.314629098677027,0.0191700898447382
43.4,0.614287419731395,0.0433816727411545,-0.310883130462417,0.0199054497226514
43.41,0.641996605601874,0.042339656080105,-0.306824428331686,0.0206004531103887
43.42,0.671159175308378,0.0409373543612177,-0.302503315168925,0.0212536234983887
43.43,0.699362093592881,0.0396891316531635,-0.297965850031238,0.0218628606519351
43.44,0.727732040768124,0.0383429770836162,-0.293255334159953,0.0224262806181736
43.45,0.757642118539709,0.0366333769981503,-0.288405262994964,0.0229432642709789
43.46,0.786316573395833,0.0350933745571659,-0.283455916424356,0.0234128088959762
43.47,0.815069255799294,0.0334604219308794,-0.278448015916962,0.0238337261217281
43.48,0.845464083194789,0.0314604923874352,-0.273404337890136,0.0242061093803133
43.49,0.874356063926731,0.0296420113887317,-0.268363428368306,0.0245293910859289
43.5,0.903249402127405,0.0277334170082857,-0.263366055518866,0.0248029322378195
43.51,0.933900168260326,0.0254538251367675,-0.258433850796842,0.0250273928212496
43.52,0.96279045867508,0.0233635373013764,-0.253599700780919,0.0252029766279192
43.53,0.991615726302994,0.0211835069089156,-0.248898033393167,0.025330054848728
43.54,1.02232399195561,0.0186277311478235,-0.244346085189806,0.0254101944295585
43.55,1.05102362875787,0.0162649348401941,-0.239968088241847,0.0254445181388085
43.56,1.0796017131484,0.0138104527159966,-0.235789600076158,0.0254342283576384
43.57,1.11019586450509,0.0109750812670113,-0.23182568591174,0.0253814572861521
43.58,1.13853548803512,0.00833193669210078,-0.228104925648416,0.0252879214379116
43.59,1.16668727598064,0.00559191114073468,-0.224653690031786,0.0251555803560651
43.6,1.19461705047645,0.00275204600923487,-0.221484217760408,0.0249872037026515
43.61,1.22468464064775,-0.000479911525250232,-0.218614609854577,0.0247851052867524
43.62,1.25208334735813,-0.00353112190052024,-0.216066973472438,0.0245518098532616
43.63,1.27907806455331,-0.00669518688314127,-0.21386182229831,0.024291126326099
43.64,1.30814949873921,-0.0102643380903663,-0.211947265406189,0.0240092908308235
43.65,1.3340345563719,-0.0136716528826624,-0.210141499241389,0.0237174015884169
43.66,1.35905857407186,-0.0172087723122651,-0.208180856093358,0.023428048417116
43.67,1.38297888099916,-0.0208785206472513,-0.205812219523914,0.0231505315088955
43.68,1.40833299736663,-0.0249607584120034,-0.202719325544512,0.0228945568512041
43.69,1.42926573809586,-0.0288875596225013,-0.198356955535965,0.0226745717657195
43.7,1.44825657728929,-0.0329257451004379,-0.191978869203881,0.0225114249876931
43.71,1.4679947480932,-0.0373225673064453,-0.182778144227985,0.0224227315397374
43.72,1.48243039131281,-0.0414935592186864,-0.170074147663259,0.0224120825906923
43.73,1.49728583300681,-0.0459349846857437,-0.153442579299249,0.0224607368253881
43.74,1.50646509235121,-0.0500624363215674,-0.132841352080838,0.0225289012113151
43.75,1.51286048116217,-0.0540934093389986,-0.10849008417743,0.0225719541900865
43.76,1.5194747848887,-0.0582343932432586,-0.0809662230232887,0.0225388071455659
43.77,1.52330254209387,-0.0621760318016266,-0.0508691555998579,0.0223896058801238
43.78,1.5112053650292,-0.0644612029496922,-0.0188494411253106,0.02209417319052
43.79,1.50002117868304,-0.0667351408476478,0.0139714638939132,0.0216119265820036
43.8,1.48394112071096,-0.0685078217041379,0.0462457314616433,0.0208977423281133
43.81,1.46904037121052,-0.0702499307254662,0.0773466927261845,0.0199555016649226
43.82,1.45252616954398,-0.071728321915437,0.106791629724564,0.0188021336747915
43.83,1.43180118713628,-0.072738760540061,0.134278628896875,0.0174667329177036
43.84,1.41275015835526,-0.0737247866897814,0.159504475780898,0.0159781048846784
43.85,1.39273282531454,-0.0744815414574704,0.182266535409291,0.0143668819377048
43.86,1.37194544692998,-0.0750252444141626,0.202534482992192,0.0126684413125547
43.87,1.3479657811593,-0.0751857985318238,0.220310442317183,0.0109140964143635
43.88,1.32617652045201,-0.0753629330653953,0.235639290303901,0.00913167936204832
43.89,1.30403727486039,-0.0753812047404217,0.248654727693985,0.00734689091669101
43.9,1.27920667379652,-0.075088546907262,0.259562139241998,0.00558396124632761
43.91,1.25663828926045,-0.0748471290752373,0.268517851270078,0.0038599441354661
43.92,1.23388905262658,-0.0744970531017556,0.275663909697043,0.00218693771588865
43.93,1.21097914558851,-0.074053098109504,0.281210225068611,0.000577322722705137
43.94,1.18572989405291,-0.0733816711826511,0.28537681711853,-0.000958407041714453
43.95,1.16258842093042,-0.0727932674901907,0.288362176296513,-0.00241286392185185
43.96,1.13931610862026,-0.0721451633319396,0.290344910855087,-0.0037820906941308
43.97,1.11390549460948,-0.0713146863891589,0.291514492588003,-0.00506243615491311
43.98,1.09046750628255,-0.0705754714518954,0.29201033456565,-0.00625475062903447
43.99,1.0669463578001,-0.0697969171669941,0.291918117602799,-0.00736076522622947
44,1.0415154894886,-0.0688680160783685,0.291330360934919,-0.0083817842484892
44.01,1.01795718440394,-0.0680297465950781,0.290310322728354,-0.00932077245184269
44.02,0.994392581563736,-0.0671648307239873,0.288903579162048,-0.0101819593021367
44.03,0.969165161532023,-0.0661746873036486,0.287150376225143,-0.0109699270586775
44.04,0.945722651197676,-0.065270981831069,0.285083494637236,-0.0116894310620811
44.05,0.920776092863028,-0.0642562703305645,0.282759097875294,-0.0123456415389839
44.06,0.897550903685809,-0.0633240476783836,0.280217649257496,-0.0129431443724741
44.07,0.874439019909735,-0.0623783389824102,0.277482990005861,-0.0134868465767089
44.08,0.850044237601818,-0.0613397492906605,0.274591245503967,-0.0139815190812176
44.09,0.827263488918686,-0.0603759054867772,0.271585288717537,-0.0144318140212333
44.1,0.804642721968901,-0.0594025146257065,0.268498930091867,-0.0148416770103057
44.11,0.780933709017292,-0.0583505829808365,0.265356265535293,-0.0152150021835554
44.12,0.758716477506704,-0.0573638099466754,0.262184202233976,-0.0155551821349353
44.13,0.73552882254159,-0.0563060665636398,0.259000567984886,-0.015865337029358
44.14,0.713746310785789,-0.0553066208771295,0.255824650101286,-0.0161479092357457
44.15,0.692165150638698,-0.0542989554634533,0.252674490569294,-0.0164052630211246
44.16,0.669775161270497,-0.0532298276123262,0.249568731474678,-0.0166400186618778
44.17,0.648657741731125,-0.052208046503597,0.246506328307162,-0.0168538681442453
44.18,0.626832852561265,-0.051129991559526,0.243480075469764,-0.0170479604824093
44.19,0.606195500331236,-0.050092480077619,0.240480853140913,-0.0172232962596601
44.2,0.584951607610293,-0.0490037383121045,0.237504473921211,-0.0173802549065411
44.21,0.564816415022521,-0.047949356690975,0.234532385363915,-0.0175193942200846
44.22,0.544921115716056,-0.0468850990852607,0.231540372931222,-0.0176411517246199
44.23,0.524571532520136,-0.0457776636469385,0.228502253732832,-0.0177458533424722
44.24,0.50522701224262,-0.0446973759877948,0.225401110310281,-0.0178331693799426
44.25,0.485531904374389,-0.0435796735121929,0.222219165664568,-0.017902584422571
44.26,0.466783541468138,-0.0424857271140069,0.218935570681493,-0.0179537509491949
44.27,0.447790653063322,-0.0413604437038364,0.21553474466723,-0.0179859601831681
44.28,0.429697680894235,-0.0402565141989021,0.211997016936597,-0.0179987819819077
44.29,0.41146896640886,-0.0391276134865605,0.208307790999069,-0.017991489040434
44.3,0.394100231939395,-0.0380187481752832,0.204455739389883,-0.0179633506199846
44.31,0.376698126580939,-0.0368916685194107,0.20043722239117,-0.0179133339256392
44.32,0.360117310419154,-0.0357841773004393,0.196250169607376,-0.0178408765261193
44.33,0.343597273332909,-0.0346652305429632,0.191886942811907,-0.0177456341546835
44.34,0.327860198044371,-0.0335661654165324,0.187336484725618,-0.0176275443066607
44.35,0.312547900442636,-0.0324735348322757,0.182604822719379,-0.0174856642504208
44.36,0.297417162301183,-0.0313798755936586,0.177708356305004,-0.0173195461277979
44.37,0.283009856279297,-0.0303074340385116,0.172679046474665,-0.0171287675091039
44.38,0.268848366870924,-0.0292399172094131,0.167542496669302,-0.0169127627294242
44.39,0.255367287638762,-0.0281941731544,0.162309908537394,-0.0166715358951936
44.4,0.242182933777001,-0.0271586317897583,0.157002554696979,-0.016405541832893
44.41,0.229633016127347,-0.02614542190493,0.151643428732726,-0.0161156228271203
44.42,0.217416041226362,-0.0251470328371711,0.146246308832038,-0.0158024148677228
44.43,0.205784236526668,-0.024171540464751,0.140817279582243,-0.0154670886363564
44.44,0.194508278032879,-0.0232151539910403,0.135373964827351,-0.015110700290189
44.45,0.183766201613094,-0.0222823378815687,0.12994075642357,-0.0147347171894834
44.46,0.173392179829293,-0.0213721831419622,0.124537487464113,-0.014340736898504
44.47,0.163500737143983,-0.0204859651990541,0.119176233034811,-0.0139304826261038
44.48,0.1539799531282,-0.0196253402049819,0.113877538936293,-0.0135056538025712
44.49,0.14488973479852,-0.0187888608468605,0.108667240040692,-0.0130685059278669
44.5,0.136164926965676,-0.0179800371000119,0.103563585660114,-0.0126213747888919
44.51,0.127821660525497,-0.0171950679364932,0.0985707176404567,-0.0121665827450132
44.52,0.119834894987586,-0.0164391564116712,0.0936999886818091,-0.0117061011905489
44.53,0.112185213823701,-0.0157066197338268,0.0889653728430381,-0.0112420751628497
44.54,0.104882246885308,-0.0150037689500989,0.0843827077970948,-0.0107767718193624
44.55,0.0978781502464292,-0.0143233111566701,0.0799509364145389,-0.0103126860284545
44.56,0.0912117278777069,-0.0136725445636861,0.075670176270746,-0.0098518490827696
44.57,0.0848123183740297,-0.0130430944794813,0.0715459834094278,-0.00939604332345565
44.58,0.0787424093473224,-0.0124428679024579,0.0675874091092575,-0.00894672726923632
44.59,0.072913040285707,-0.0118625592250108,0.0637944034410525,-0.00850537038598862
44.6,0.0673555046106378,-0.0113058865126875,0.0601660688009467,-0.00807351961007896
44.61,0.0621158281596079,-0.0107769337209559,0.0566983800192372,-0.00765267960471213
44.62,0.0570839273691535,-0.0102657226601575,0.0533909882833899,-0.00724388176048594
44.63,0.0523603957459153,-0.00978097534886998,0.0502408179178252,-0.00684788889252868
44.64,0.0478248460063302,-0.00931253647251398,0.0472425038323606,-0.00646541090817471
44.65,0.0435858073933177,-0.00886924362181625,0.0443904812978755,-0.00609714600705519
44.66,0.0395149002514898,-0.00844097330382224,0.0416807964521227,-0.00574376670007238
44.67,0.035725498848806,-0.00803653320251276,0.0391078389046067,-0.00540550526104111
44.68,0.0320842719251422,-0.00764595608513641,0.0366646495373265,-0.00508249767953043
44.69,0.0287072931687771,-0.00727794568162598,0.0343446574673587,-0.00477467916882483
44.7,0.025458657524271,-0.00692281885986646,0.0321411387117962,-0.00448200722291318
44.71,0.0224552519047556,-0.00658907350000979,0.0300517634474014,-0.00420423288909274
44.72,0.019561094345848,-0.00626729819765857,0.0280739713439023,-0.00394106703993727
44.73,0.0168929631581607,-0.00596564568862956,0.026203420148001,-0.00369209544365264
44.74,0.014316873377215,-0.00567504397944501,0.0244353471170016,-0.00345687049961109
44.75,0.0119484979641342,-0.0054032806097199,0.0227661058045912,-0.00323485780183314
44.76,0.00965715258310329,-0.00514166624883223,0.0211909595791679,-0.00302555731248896
44.77,0.00755639030103339,-0.00489758550030911,0.0197076470665794,-0.00282842921447939
44.78,0.00551974630826102,-0.00466273916866314,0.0183135285998128,-0.00264290887308016
44.79,0.00365787656430516,-0.00444406676454686,0.0170057598683495,-0.00246838644751527
44.8,0.001849180514923,-0.00423368087556128,0.0157817656709605,-0.0023043123118161
44.81,0.00020072892054035,-0.00403807737667753,0.014638917377298,-0.00215014195663726
44.82,-0.00140390201499585,-0.00384979929311879,0.0135731287288964,-0.00200537292823146
44.83,-0.00286174351668933,-0.00367492290544023,0.0125814602159335,-0.00186947448737281
44.84,-0.00428374235605844,-0.0035064357585956,0.0116600473533573,-0.00174197052232091
44.85,-0.00557157065539204,-0.0033500176810593,0.0108047674515649,-0.00162239994019201
44.86,-0.00683072954207109,-0.00319912261240936,0.0100116387382841,-0.00151030716969662
44.87,-0.00801487064627615,-0.00305631151528687,0.00927696009126499,-0.00140523171813105
44.88,-0.00908284876790244,-0.00292374089400816,0.0085977465037402,-0.00130673132272376
44.89,-0.0101317417537485,-0.0027955553887787,0.00797135368176927,-0.00121435343856488
44.9,-0.0110757792676246,-0.00267650752532963,0.00739404776507643,-0.00112768905699923
44.91,-0.012006277284315,-0.00256118256919565,0.00686259685173667,-0.00104633913253456
44.92,-0.0128424762332369,-0.00245400150261848,0.0063743186453124,-0.000969912413525984
44.93,-0.0136698558486179,-0.00234996329675435,0.00592661565085685,-0.000898036947001053
44.94,-0.0144125367696244,-0.00225316527828168,0.00551656546109096,-0.000830382144999208
44.95,-0.015150178478752,-0.00215900636109336,0.00514169039882828,-0.000766631567751408
44.96,-0.0158116425520909,-0.00207127473822515,0.0047997107970656,-0.000706501029021483
44.97,-0.0164708750043587,-0.00198574388749488,0.0044885037371853,-0.00064974361625393
44.98,-0.0170613499732379,-0.00190590372863451,0.00420596236910924,-0.00059615855106494
44.99,-0.0176515097446641,-0.00182788262669982,0.00395021997099687,-0.000545572896648341
45,-0.0181793295439219,-0.00175488669711704,0.00371927018264594,-0.000497840894117223
45.01,-0.0187212003274739,-0.00169149832356689,0.0020585571421352,-0.000536854478120334
45.02,-0.0192353725033376,-0.00164607480777958,0.000643397400688038,-0.000571919224751433
45.03,-0.0197778073173422,-0.00161221814638276,-0.000399421823790766,-0.000588705114080546
45.04,-0.0202920914564642,-0.00158914352371512,-0.00109073474170554,-0.000590447778179892
45.05,-0.0208289949773839,-0.00157085732970842,-0.00148121155138167,-0.000581382949909851
45.06,-0.0213368169903241,-0.00155727207409461,-0.00162843804477266,-0.000565336166294937
45.07,-0.0218627351930643,-0.00154377556903854,-0.00158802182450101,-0.000545363474889432
45.08,-0.0223596857879826,-0.0015311294828847,-0.00141032178400157,-0.000523760255071634
45.09,-0.0228712824875013,-0.00151595642015045,-0.00113873204070295,-0.000502097622337699
45.1,-0.0233546322137679,-0.0014996432000579,-0.000808976954495195,-0.000481336462340966
45.11,-0.0238497461538527,-0.00147974206328959,-0.000449041933624073,-0.000461951478994577
45.12,-0.0243354916430993,-0.00145709871550234,-8.01805524088571e-05,-0.000444026558926229
45.13,-0.0247942226643199,-0.0014325387606549,0.000280215661452987,-0.000427456817084869
45.14,-0.0252606699380999,-0.00140450140773952,0.00062020458475023,-0.00041196911132278
45.15,-0.0257007082065623,-0.00137483790461634,0.000932176541934099,-0.000397211985669245
45.16,-0.0261457818944075,-0.00134232030674578,0.00121224748544147,-0.000382802429255466
45.17,-0.0265648731146255,-0.00130870037947649,0.00145882600843689,-0.000368399680706273
45.18,-0.0269863758330322,-0.00127294953419068,0.00167217913855264,-0.000353722492590141
45.19,-0.0273822175794241,-0.00123664959471866,0.00185371912299998,-0.000338577556323069
45.2,-0.0277780200249742,-0.00119889707183887,0.00200591917486585,-0.000322843680267944
45.21,-0.0281485204909497,-0.00116107345560204,0.00213178029317998,-0.000306490074741211
45.22,-0.0285168338173074,-0.00112235598972949,0.00223474749733603,-0.000289552920335874
45.23,-0.0288603629918027,-0.00108392021132876,0.00231818918673075,-0.000272143783884226
45.24,-0.0291999603878601,-0.00104500415106946,0.00238559836355879,-0.000254418587624371
45.25,-0.0295155336139086,-0.00100658789212061,0.00244028523019089,-0.000236556187185727
45.26,-0.0298258716744284,-0.000967964497341545,0.00248459565919668,-0.000218751053345229
45.27,-0.0301132012326288,-0.000929953393937507,0.00252014705891953,-0.000201221761216483
45.28,-0.0303944339650766,-0.000891920385216914,0.00254818303821059,-0.000184196474359736
45.29,-0.0306539589308272,-0.00085456252905812,0.00256909394375691,-0.000167974385740243
45.3,-0.030906986006646,-0.000817316500188025,0.00258590361760733,-0.000152754287841666
45.31,-0.0311398735735127,-0.000780746810650641,0.00259955741317288,-0.000138777969590506
45.32,-0.0313662716084524,-0.000744353585245682,0.00261016996265244,-0.000126264990614789
45.33,-0.0315743422231201,-0.000708613317805653,0.00261834688093746,-0.000115354801959465
45.34,-0.0317762656462506,-0.000673097608998925,0.002623861378638,-0.000106129531032881
45.35,-0.0319617771004008,-0.000638211890294944,0.00262637842967936,-9.8630311127736e-05
45.36,-0.0321416546352769,-0.000603601184600698,0.00262656663440393,-9.28144122141678e-05
45.37,-0.0323069991054217,-0.000569596861971133,0.00262496565255573,-8.86112456402023e-05
45.38,-0.0324672516026663,-0.000535896574174767,0.0026218601829454,-8.59302884124239e-05
45.39,-0.0326183938731175,-0.000502654293856681,0.00261712984147875,-8.46747418878817e-05
45.4,-0.0327575174572043,-0.000469971724038026,0.00261061085555839,-8.47283082192317e-05
45.41,-0.0328922203523954,-0.000437632283062514,0.00260204741445929,-8.59627037796957e-05
45.42,-0.0330162981942985,-0.000405837296495506,0.00259124088917377,-8.82365706650037e-05
45.43,-0.0331362448832921,-0.000374420154873651,0.00257813615963404,-9.13944543670341e-05
45.44,-0.033246722182616,-0.000343542269942865,0.00256265995446521,-9.52824178339127e-05
45.45,-0.0333532165690684,-0.000313078879781717,0.0025448686223268,-9.97417196010649e-05
45.46,-0.0334511538816349,-0.000283153528997632,0.00252497085378736,-0.000104616990428989
45.47,-0.0335451145486898,-0.00025367488138454,0.00250303215221436,-0.000109748494528354
45.48,-0.0336312039831617,-0.000224732865403429,0.00247903911923133,-0.000114989660810923
45.49,-0.0337131953319307,-0.000196267843498556,0.00245306251400286,-0.000120201173088028
45.5,-0.0337878066807589,-0.000168340777253381,0.00242522295552998,-0.000125264129768059
45.51,-0.0338581033487806,-0.000140916674847343,0.00239581292765602,-0.00013007415345488
45.52,-0.033921361662256,-0.000114027449167556,0.0023650976689929,-0.000134548625829653
45.53,-0.033980033120649,-8.76563454356939e-05,0.00233339988904406,-0.000138619051204043
45.54,-0.0340319027671061,-6.18087956017465e-05,0.00230098325809429,-0.000142237823273147
45.55,-0.0340788929106299,-3.64829785438436e-05,0.00226814216993591,-0.000145369974086915
45.56,-0.0341192508866826,-1.16614705984565e-05,0.00223509058173146,-0.00014799844308955
45.57,-0.0341544458439174,1.26433009783463e-05,0.00220175691792317,-0.000150130994208868
45.58,-0.0341831492332201,3.64652243420264e-05,0.00216856442842806,-0.000151778745498306
45.59,-0.0342064489593898,5.97834526816415e-05,0.00213600304268704,-0.000152953281690182
45.6,-0.0342233888945414,8.26528218664296e-05,0.00210414712332522,-0.000153674823286932
45.61,-0.0342347207609377,0.000105039972275967,0.0020724925810287,-0.000153981204510974
45.62,-0.0342398176455081,0.000127003711883676,0.00204100139082321,-0.000153896510696607
45.63,-0.0342391432959248,0.000148499563715952,0.00200992465671663,-0.000153436973556187
45.64,-0.0342323528417641,0.000169598227082037,0.00197944161407636,-0.000152627172659199
45.65,-0.0342196625502158,0.000190250768610777,0.00194963237737079,-0.000151497573915599
45.66,-0.0342009480729546,0.000210500740429956,0.00192043339729605,-0.000150086380062694
45.67,-0.034176303120125,0.000230396082324764,0.00189175901147288,-0.000148431422697868
45.68,-0.0341456583910578,0.000249876925861654,0.00186343981317344,-0.000146573627998644
45.69,-0.0341092359538475,0.000269023971254112,0.00183534569045735,-0.000144550580635887
45.7,-0.0340668186644697,0.000287770834634661,0.0018074009212843,-0.000142394764332089
45.71,-0.0340188027364778,0.000306199213985064,0.00177957539610776,-0.000140136168219984
45.72,-0.0339648451182208,0.000324238963890609,0.00175178733986497,-0.000137798016861187
45.73,-0.0339054822794651,0.000341971524360538,0.00172389773783443,-0.000135403992389791
45.74,-0.0338402678829279,0.000359322687613677,0.00169583585450317,-0.00013297417087281
45.75,-0.0337698536963513,0.000376372773803233,0.00166755939296545,-0.000130528618951583
45.76,-0.0336937110457942,0.000393046047880914,0.00163907208488572,-0.000128084309586936
45.77,-0.03361258391514,0.000409422310640417,0.00161036649740638,-0.000125657453854549
45.78,-0.0335258787179917,0.000425425811520399,0.00158145464941608,-0.000123260946211457
45.79,-0.0334344106334923,0.000441135369409384,0.00155233364665769,-0.000120906661773914
45.8,-0.0333375360526409,0.000456475939733495,0.00152301930909878,-0.000118603269388412
45.81,-0.033236122802661,0.000471524864027712,0.00149351594862899,-0.000116358361514995
45.82,-0.0331294903048196,0.000486208428015008,0.00146384529785069,-0.000114176577753457
45.83,-0.0330185430005177,0.000500601969792659,0.00143395558776914,-0.000112064133727024
45.84,-0.0329025766537079,0.000514632511793097,0.00140384643725162,-0.000110028012244544
45.85,-0.0327825203234227,0.000528373716185956,0.00137369884725421,-0.000108067408193575
45.86,-0.0326576527990685,0.00054175687949992,0.00134355159875282,-0.000106183855914325
45.87,-0.032528912552289,0.000554854249696075,0.00131340173716153,-0.000104373911908946
45.88,-0.0323955703128798,0.000567598380269077,0.00128308502535603,-0.000102636525400892
45.89,-0.0322585664721737,0.000580056750514102,0.0012526496309497,-0.000100961765238869
45.9,-0.0321171697845779,0.000592164769332757,0.00122221407672097,-9.9336501004723e-05
45.91,-0.0319723076623033,0.000603988904093556,0.00119186239026622,-9.77494459759092e-05
45.92,-0.0318232480794034,0.000615468812353295,0.00116164786801064,-9.61907035158199e-05
45.93,-0.0316704955575737,0.000626639176205569,0.00113157865702475,-9.46528287451598e-05
45.94,-0.0315145358651474,0.000637531648521154,0.0011016784992959,-9.3128559599081e-05
45.95,-0.0313546501275432,0.000648090747074405,0.00107196676148594,-9.1611385545562e-05
45.96,-0.0311917109181898,0.000658376514271182,0.00104246406945379,-9.00955824471229e-05
45.97,-0.0310250155056169,0.000668336649197,0.00101318545260434,-8.85760755670353e-05
45.98,-0.0308554099024496,0.000678028344654267,0.000984138932869011,-8.70503359404193e-05
45.99,-0.030682212915579,0.00068740239106941,0.000955357745461831,-8.55166261244074e-05
46,-0.0305062427997553,0.000696513543269701,0.000926886147016944,-8.39743725023672e-05
46.01,-0.0303268439515296,0.000705316325461433,0.000898775409415545,-8.24219631542343e-05
46.02,-0.0301448045819575,0.000713863185530963,0.000871022363477032,-8.08579233250204e-05
46.03,-0.0299594962770939,0.000722111530711383,0.000843614239074084,-7.92804825150593e-05
46.04,-0.0297716754113848,0.000730110610307078,0.000816537944584482,-7.76884120156191e-05
46.05,-0.0295807425585295,0.000737820368186739,0.000789791438906664,-7.60808804785148e-05
46.06,-0.0293874208799778,0.00074528749379273,0.000763467554799282,-7.44529055837993e-05
46.07,-0.0291911392291455,0.000752475387516433,0.000737477434140073,-7.28032430751954e-05
46.08,-0.0289925874784505,0.000759426364138927,0.000711645770595255,-7.11379325482533e-05
46.09,-0.0287912275432864,0.000766104829804486,0.000686150976162078,-6.94535906791444e-05
46.1,-0.0285877156955099,0.000772552340292217,0.000661106893417399,-6.77510284003859e-05
46.11,-0.0283815450149296,0.000778738010325469,0.000636503724793509,-6.60360322777219e-05
46.12,-0.0281733402451581,0.00078470074277764,0.000612291102960081,-6.4315030165923e-05
46.13,-0.0279626282738716,0.000790411311300879,0.000588435442460324,-6.25932294791711e-05
46.14,-0.0277500024905564,0.000795905433838054,0.000564926076066885,-6.0874610249783e-05
46.15,-0.0275350222590092,0.000801156057498773,0.000541768418114334,-5.91622756771529e-05
46.16,-0.0273182495860311,0.000806196516964476,0.000518971782612333,-5.74590124870428e-05
46.17,-0.0270992748914018,0.000811002242872134,0.000496545427180716,-5.57674068294111e-05
46.18,-0.0268786271750008,0.000815604517825038,0.000474512822255439,-5.40893353314595e-05
46.19,-0.0266559260431132,0.000819981392467266,0.000452896715349582,-5.24263227169888e-05
46.2,-0.0264314641259826,0.000824150501997711,0.000431686442184131,-5.07799010519493e-05
46.21,-0.0262055035758548,0.000828127088766765,0.000410858662364516,-4.91511993464988e-05
46.22,-0.0259777067747597,0.00083189196291863,0.000390387699739997,-4.7540920905614e-05
46.23,-0.0257485248311147,0.000835470638683372,0.000370256071323295,-4.59496096152791e-05
46.24,-0.0255176472063949,0.000838845485114994,0.000350454685478086,-4.4377767807936e-05
46.25,-0.0252854955308539,0.000842039905981063,0.00033097994182185,-4.28258938796281e-05
46.26,-0.0250517852159415,0.000845037978333059,0.000311826824849509,-4.12945962158201e-05
46.27,-0.0248169097237501,0.000847861188999993,0.000292988244355509,-3.97850824662337e-05
46.28,-0.0245806095468737,0.000850495257244307,0.000274475139505973,-3.82988884011069e-05
46.29,-0.0243432516405555,0.000852960137788381,0.000256299864439612,-3.68375694227304e-05
46.3,-0.0241046004662078,0.000855243356601287,0.000238470940819404,-3.54025042032856e-05
46.31,-0.0238649975450951,0.000857363457959617,0.000220991243326249,-3.39947085881024e-05
46.32,-0.0236242296046223,0.000859309476720874,0.000203856363914483,-3.26148703159617e-05
46.33,-0.023382613569261,0.000861098420526678,0.000187060112199676,-3.12633016423058e-05
46.34,-0.0231399567357276,0.000862720565270606,0.000170595366397912,-2.99400299805344e-05
46.35,-0.0228965523947728,0.000864191428590644,0.000154455858418153,-2.86447688005965e-05
46.36,-0.0226522268297531,0.00086550242339544,0.00013863542321991,-2.73770289256976e-05
46.37,-0.0224072507538553,0.000866667700880494,0.000123129054823224,-2.61360876000276e-05
46.38,-0.0221614679721149,0.000867679740234492,0.000107931789040562,-2.49211047824882e-05
46.39,-0.0219151277467402,0.000868551449403506,9.3039303679775e-05,-2.37310843944097e-05
46.4,-0.0216680899954467,0.000869276301310532,7.84478435251775e-05,-2.256499246912e-05
46.41,-0.0214205839613104,0.000869866075914181,6.4156080978644e-05,-2.14217545443629e-05
46.42,-0.0211724850262227,0.000870315196881715,5.01623583078363e-05,-2.03003418540881e-05
46.43,-0.0209240034557343,0.000870634451396554,3.64639051757573e-05,-1.91996734705528e-05
46.44,-0.0206750279831516,0.000870819130664414,2.30568994220354e-05,-1.81187250565418e-05
46.45,-0.0204257507690961,0.000870879082676938,9.93834801842711e-06,-1.70564772276345e-05
46.46,-0.0201760733590026,0.000870810374476951,-2.89485764623251e-06,-1.60120218536941e-05
46.47,-0.0199261095476517,0.000870619144933023,-1.54448256532959e-05,-1.49844997701606e-05
46.48,-0.0196759585910096,0.000870310738006904,-2.77144430434264e-05,-1.39732081201427e-05
46.49,-0.0194255396188376,0.00086988229511253,-3.97052912767278e-05,-1.29774935619226e-05
46.5,-0.0191750060331204,0.000869341650083899,-5.14223621058095e-05,-1.19968464852289e-05
46.51,-0.0189242876906963,0.000868686490921746,-6.2872179821536e-05,-1.10314595580653e-05
46.52,-0.0186735248173076,0.000867923952957459,-7.40500770576962e-05,-1.00816191746978e-05
46.53,-0.0184226574374149,0.000867052404609371,-8.49508324417361e-05,-9.1478052640855e-06
46.54,-0.0181718136997864,0.0008660784925654,-9.55725322378191e-05,-8.23041745639314e-06
46.55,-0.0179209427716218,0.000865001172110819,-0.000105918040921656,-7.32976690208125e-06
46.56,-0.0176701614314725,0.000863826529422589,-0.000115990455048145,-6.4459521508719e-06
46.57,-0.0174194268714079,0.000862553967782172,-0.000125795131425527,-5.57860579089796e-06
46.58,-0.0171688450139165,0.000861188975575938,-0.000135343825802319,-4.72721149829004e-06
46.59,-0.0169183800144364,0.000859731179589731,-0.000144649382823406,-3.89116032698608e-06
46.6,-0.0166681277224834,0.000858185420355745,-0.000153720604259994,-3.06983038529289e-06
46.61,-0.0164180588791085,0.000856551595457796,-0.000162554518421631,-2.26239478378858e-06
46.62,-0.016168260146773,0.000854834078539134,-0.000171168426374269,-1.46787282022283e-06
46.63,-0.0159187077001031,0.0008530329053621,-0.000179577544040688,-6.85883858212908e-07
46.64,-0.0156694796443784,0.000851151830428555,-0.000187785605798018,8.33433460352243e-08
46.65,-0.0154205575265758,0.000849191202063095,-0.000195775825064212,8.39395045815244e-07
46.66,-0.0151720119895113,0.00084715467830297,-0.000203542183023184,1.58196166233523e-06
46.67,-0.014923829414724,0.000845043042633435,-0.000211085218786374,2.31072488865824e-06
46.68,-0.0146760735324962,0.000842859664712707,-0.000218410782903491,3.02550586862526e-06
46.69,-0.0144287349955885,0.000840605489436728,-0.000225525243128349,3.72611797308665e-06
46.7,-0.0141818711760919,0.00083828352928306,-0.000232433758736792,4.41241227295525e-06
46.71,-0.0139354764302189,0.000835894857198955,-0.000239141110274095,5.08422750297256e-06
46.72,-0.0136896023752549,0.000833442181987814,-0.000245651305628713,5.74143994476129e-06
46.73,-0.013444246813533,0.000830926692733994,-0.00025196849650653,6.38391936635855e-06
46.74,-0.0131994458824645,0.000828350608432767,-0.000258093030158543,7.01167048873161e-06
46.75,-0.0129552312567354,0.000825715961607794,-0.000264029185177231,7.62492424725493e-06
46.76,-0.012711604677909,0.000823024101695461,-0.000269784368637354,8.22408522877095e-06
46.77,-0.0124686051957195,0.00082027709385694,-0.000275366690654507,8.80959993684699e-06
46.78,-0.0122262365429489,0.000817476275671721,-0.000280782812802526,9.3818429074017e-06
46.79,-0.0119845333643358,0.000814623458648264,-0.00028603658052736,9.94111700333385e-06
46.8,-0.0117435012109741,0.000811720020499694,-0.000291131854356515,1.04875807939427e-05
46.81,-0.0115031709316975,0.000808767581734048,-0.000296072877561819,1.10211041286361e-05
46.82,-0.011263549861769,0.000805767574296143,-0.000300857234950846,1.1541332054785e-05
46.83,-0.0110246656800452,0.000802721548139458,-0.000305481960492243,1.2047849272865e-05
46.84,-0.0107865273450747,0.000799631078784455,-0.000309945665840098,1.25402457157078e-05
46.85,-0.0105491596685967,0.000796497663033941,-0.000314249607717699,1.30182153976414e-05
46.86,-0.0103125728742572,0.000793322926214345,-0.000318397321268582,1.34815426622763e-05
46.87,-0.010076789081026,0.000790108234891045,-0.000322393124791531,1.39301323762766e-05
46.88,-0.00984181943624218,0.000786855192587977,-0.000326241807413802,1.43639792805681e-05
46.89,-0.00960768353934416,0.000783565021556791,-0.0003299479058826,1.47831872093865e-05
46.9,-0.00937439317036848,0.000780239287286685,-0.000333515939893357,1.51879357349767e-05
46.91,-0.00914196557934233,0.000776879082637762,-0.000336950024707235,1.55784938751741e-05
46.92,-0.00891041292879979,0.000773485933753184,-0.000340254191153112,1.59551866584747e-05
46.93,-0.00867975028515922,0.00077006082254457,-0.000343432059920046,1.6318405399476e-05
46.94,-0.00844998997544977,0.000766605237247836,-0.000346487138372242,1.66685756624908e-05
46.95,-0.00822114509539684,0.000763120030122502,-0.000349432355639531,1.7005731348809e-05
46.96,-0.00799322826609838,0.000759606543458144,-0.000352264867613503,1.73300024576731e-05
46.97,-0.00776625091548233,0.000756065651101601,-0.00035497280710509,1.76419771790682e-05
46.98,-0.00754022541561294,0.000752498907892302,-0.0003575559858617,1.79422119606927e-05
46.99,-0.0073151614855913,0.000748907077734692,-0.00036003925888082,1.82306663192752e-05
47,-0.00709107140155663,0.000745291421938763,-0.000362427993442386,1.8508057030905e-05
47.01,-0.00686796333525397,0.000741652555463509,-0.000364716407534396,1.87754955992331e-05
47.02,-0.00664584897117493,0.000737991834081598,-0.000366899658346865,1.9033953693219e-05
47.03,-0.00642473620624084,0.000734310130731814,-0.000368976215862188,1.92841734483652e-05
47.04,-0.00620463202425903,0.000730608305650955,-0.000370949591187635,1.95266332725983e-05
47.05,-0.00598554734606438,0.00072688770679148,-0.000372821335977283,1.97615259218538e-05
47.06,-0.00576748690420725,0.000723148985026816,-0.000374591977063813,1.99889488605311e-05
47.07,-0.00555046127342695,0.000719393499375817,-0.00037625905170871,2.0209053586543e-05
47.08,-0.00533447420432509,0.000715621906738963,-0.000377826330357787,2.0422084053068e-05
47.09,-0.00511953578073676,0.000711835511118728,-0.000379298475071868,2.06283155785038e-05
47.1,-0.00490564880383992,0.000708034880999293,-0.00038068048356484,2.08280297328162e-05
47.11,-0.00469282278557515,0.000704221251013606,-0.000381969501119863,2.10217750111901e-05
47.12,-0.00448105954541678,0.000700395183867361,-0.000383172589379571,2.12099340840635e-05
47.13,-0.00427036799693958,0.000696557772210634,-0.00038430494061338,2.13923964692401e-05
47.14,-0.00406074937474088,0.000692709395046002,-0.000385360351280186,2.15694091490281e-05
47.15,-0.00385221208983921,0.000688851203152048,-0.000386328842058249,2.17412541314883e-05
47.16,-0.00364475672212539,0.000684983734263797,-0.000387212659726027,2.19076911117538e-05
47.17,-0.0034383913139413,0.000681108104153282,-0.000388018066442941,2.20683432344348e-05
47.18,-0.00323311614982202,0.000677224752384951,-0.000388750208151677,2.2222918644711e-05
47.19,-0.00302893897934275,0.000673334685863573,-0.000389412026842102,2.23712420520667e-05
47.2,-0.00282585978588568,0.000669438298161812,-0.000390004842928157,2.25132226166645e-05
47.21,-0.0026238859239136,0.000665536555649786,-0.000390529398636884,2.26488061320478e-05
47.22,-0.0024230170558015,0.000661629849064973,-0.000390986446032486,2.27779547933189e-05
47.23,-0.00222326009418161,0.000657719116038064,-0.000391377064879413,2.29006366461866e-05
47.24,-0.00202461440242629,0.000653804739563794,-0.000391702606495856,2.30168330350395e-05
47.25,-0.00182708643127505,0.000649887617151991,-0.000391964649069636,2.31265411533968e-05
47.26,-0.00163067526591121,0.000645968115061629,-0.000392164845063265,2.32297821196867e-05
47.27,-0.00143538687160305,0.000642047084897369,-0.000392304896692775,2.33266000302491e-05
47.28,-0.00124122005558291,0.000638124874134304,-0.000392386473151195,2.3417064855198e-05
47.29,-0.0010481802665705,0.00063420229160147,-0.000392410262551748,2.35012935114503e-05
47.3,-0.000856267644098629,0.00063027978451803,-0.000392378095386636,2.35794941477178e-05
47.31,-0.000665482240282067,0.000626357789890072,-0.00039229257467961,2.36519039850625e-05
47.32,-0.000475828643145881,0.000622437027786416,-0.000392157797537548,2.37187302904645e-05
47.33,-0.000287304950494338,0.000618517772793325,-0.000391974849191407,2.3780096297472e-05
47.34,-9.99152350047439e-05,0.000614600700050431,-0.00039174382958688,2.38360952220291e-05
47.35,8.63426046420201e-05,0.000610686097879128,-0.000391464305236341,2.38868040768595e-05
47.36,0.000271464983017111,0.000606774633374261,-0.000391136479101712,2.39323096530558e-05
47.37,0.000455454192374027,0.000602866603872654,-0.000390761187662603,2.39727150705898e-05
47.38,0.00063830714528379,0.000598962647763252,-0.000390339646637111,2.40081385864404e-05
47.39,0.00082002633070033,0.000595063051876569,-0.00038987319908093,2.40387128778898e-05
47.4,0.00100060916088029,0.000591168416133194,-0.000389363199892872,2.40645818235028e-05
47.41,0.00118005831945212,0.000587279013176954,-0.000388810953150878,2.40858988239017e-05
47.42,0.00135837171160524,0.000583395405570494,-0.000388217711355247,2.41028235376407e-05
47.43,0.00153555220853008,0.00057951785293652,-0.000387584667997898,2.41155199810435e-05
47.44,0.00171159819525979,0.000575646883081355,-0.000386912968922621,2.41241536272684e-05
47.45,0.00188651272164186,0.000571782744289701,-0.000386203707901504,2.4128889652378e-05
47.46,0.00206029464447788,0.000567925940387784,-0.000385455489045876,2.41299988873957e-05
47.47,0.00223294723048095,0.000564076726650329,-0.000384673286832187,2.41276017568026e-05
47.48,0.00240446977558495,0.000560235537645882,-0.000383858389151296,2.4121840563301e-05
47.49,0.00257486568669574,0.000556402603613586,-0.000383008784604901,2.4112971919553e-05
47.5,0.00274413472303614,0.000552578376064029,-0.000382125094389639,2.41011256804098e-05
47.51,0.00291228043681535,0.000548763086255038,-0.000381208753991816,2.40863844887627e-05
47.52,0.00307930296374259,0.000544957150512815,-0.000380261157595067,2.40688219699136e-05
47.53,0.00324520595644895,0.000541160781684834,-0.000379283463936671,2.40485113719556e-05
47.54,0.00340998989969332,0.000537374364806366,-0.000378276626453771,2.40255245628505e-05
47.55,0.0035736585382864,0.000533598101819181,-0.000377241467240268,2.39999294354396e-05
47.56,0.00373621268702529,0.000529832353597688,-0.00037617868179075,2.39717885654466e-05
47.57,0.00389765550815202,0.000526077356138916,-0.000375088157286162,2.3941195984566e-05
47.58,0.00405799016474706,0.000522333345571955,-0.000373971313968893,2.39082658352592e-05
47.59,0.00421721797162888,0.000518600649019698,-0.000372829481832102,2.38731131980674e-05
47.6,0.00437534292930852,0.000514879442053024,-0.000371664093664387,2.38358403266519e-05
47.61,0.00453236665711376,0.000511170016225043,-0.000370476452763262,2.37964963886637e-05
47.62,0.00468829321920872,0.00050747253338209,-0.000369266643128596,2.37550984809449e-05
47.63,0.00484312447694091,0.000503787273709182,-0.000368034590851893,2.37116393260783e-05
47.64,0.00499686452729264,0.000500114405656115,-0.000366780282221308,2.36661016325693e-05
47.65,0.00514951544785269,0.000496454203304676,-0.000365503985154926,2.36184677479058e-05
47.66,0.00530108136587693,0.00049280683507445,-0.000364206208674482,2.35687234264132e-05
47.67,0.0054515645669273,0.000489172559717301,-0.000362887609937917,2.35168609828764e-05
47.68,0.00560096921298214,0.00048555153751298,-0.000361548931755063,2.34628805818247e-05
47.69,0.00574929779289501,0.000481944007707441,-0.000360190955236136,2.34067913053344e-05
47.7,0.00589655450964255,0.000478350119583035,-0.000358814479170868,2.33486108720669e-05
47.71,0.00604274204667732,0.000474770089357954,-0.000357421064904962,2.32883328870417e-05
47.72,0.00618786463029242,0.00047120404347586,-0.000356011465675487,2.32259404446281e-05
47.73,0.0063319251143632,0.000467652183985603,-0.000354584887473543,2.31614834100797e-05
47.74,0.0064749277695384,0.000464114644552069,-0.000353142419252937,2.30949629508498e-05
47.75,0.00661687561797741,0.000460591605828364,-0.000351685582314676,2.30263901824091e-05
47.76,0.00675777296354774,0.000457083177334694,-0.000350215488395496,2.2955815407392e-05
47.77,0.00689762300067898,0.000453589514260898,-0.000348732924117871,2.28833218492478e-05
47.78,0.00703643009320398,0.000450110713365596,-0.000347238348342954,2.28089876468407e-05
47.79,0.00717419761195437,0.000446646919125656,-0.000345731665198448,2.27328931092248e-05
47.8,0.00731092998192562,0.000443198232305707,-0.000344212705800736,2.26551152210894e-05
47.81,0.00744663074429397,0.000439764796475988,-0.000342681515715948,2.25757338636089e-05
47.82,0.00758130439186644,0.000436346713927096,-0.000341138411778529,2.24948336360755e-05
47.83,0.00771495463461935,0.000432944119349339,-0.000339583889001214,2.24125040628235e-05
47.84,0.00784758586178036,0.000429557115122674,-0.000338018526478864,2.23288381199598e-05
47.85,0.00797920247772677,0.000426185800096854,-0.00033644291810129,2.22439309227667e-05
47.86,0.00810980843494225,0.000422830288095353,-0.000334857651481176,2.21578773280658e-05
47.87,0.00823940840840631,0.000419490659906897,-0.000333263292062914,2.20707701992982e-05
47.88,0.0083680064985332,0.000416167016105397,-0.000331660377901169,2.19826988013003e-05
47.89,0.00849560744533839,0.000412859428595217,-0.000330049423900604,2.18937469326591e-05
47.9,0.00862221548192732,0.000409567985849925,-0.000328430916882335,2.18039919864887e-05
47.91,0.00874783540403712,0.000406292751770736,-0.000326805320090622,2.17135037128386e-05
47.92,0.00887247156020976,0.00040303380399738,-0.000325173069695353,2.16223438130807e-05
47.93,0.00899612879044831,0.000399791199201147,-0.000323534580231431,2.15305652422008e-05
47.94,0.00911881154079541,0.000396565005317378,-0.00032189024236045,2.14382123492099e-05
47.95,0.00924052468330849,0.000393355272372589,-0.000320240544845048,2.13453173878755e-05
47.96,0.00936127273545573,0.000390162054330696,-0.000318586424864559,2.12518665954301e-05
47.97,0.00948106057594966,0.000386985393724871,-0.000316927256719447,2.1157887199348e-05
47.98,0.00959989277968365,0.000383825345421663,-0.00031526334948561,2.10633691337307e-05
47.99,0.00971777422617492,0.000380681948882824,-0.000313595413970584,2.09682874815116e-05
48,0.00983470952457477,0.000377555245280766,-0.000311924021818849,2.08726262879948e-05
48.01,0.00995070354637662,0.000374445263987049,-0.000310249536201476,2.07763811427739e-05
48.02,0.0100657609360821,0.000371352037906614,-0.000308572183035085,2.06795558695214e-05
48.03,0.0101798865657123,0.000368275592533149,-0.000306892132335233,2.05821587962406e-05
48.04,0.0102930851177909,0.000365215956472947,-0.000305209545129028,2.04842007783224e-05
48.05,0.0104053614686785,0.000362173152585197,-0.000303524599112537,2.038569395423e-05
48.06,0.0105167203376038,0.000359147205231604,-0.000301837492903769,2.02866515572302e-05
48.07,0.0106271666066302,0.000356138133877782,-0.000300148447731321,2.01870876564054e-05
48.08,0.0107367050285037,0.000353145957850766,-0.000298457700748169,2.00870173518283e-05
48.09,0.0108453404908575,0.000350170692352019,-0.000296765502671998,1.99864566345576e-05
48.1,0.0109530777769642,0.000347212351207621,-0.000295072110405526,1.98854225444579e-05
48.11,0.0110599217598422,0.000344270944889633,-0.000293377785399193,1.97839329859746e-05
48.12,0.0111658773099039,0.000341346481676597,-0.00029168278778081,1.96820068288821e-05
48.13,0.0112709492495169,0.000338438966916423,-0.000289987377398979,1.95796636215026e-05
48.14,0.0113751424786983,0.00033554840387259,-0.000288291809556612,1.94769235956881e-05
48.15,0.011478461841719,0.000332674792483308,-0.000286596332821776,1.93738076495599e-05
48.16,0.0115809122418886,0.000329818131300481,-0.000284901190262301,1.9270337104174e-05
48.17,0.0116824985419006,0.000326978415160397,-0.00028320661679371,1.91665337282555e-05
48.18,0.0117832256469663,0.000324155638076426,-0.000281512840957267,1.90624195337552e-05
48.19,0.0118830984347742,0.000321349790103821,-0.000279820083071307,1.89580168056428e-05
48.2,0.011982121811501,0.000318560861106323,-0.000278128556935085,1.88533479336207e-05
48.21,0.0120803006663284,0.000315788836610234,-0.000276438468918097,1.87484354475557e-05
48.22,0.0121776399047873,0.000313033702556583,-0.00027475001918247,1.8643301865509e-05
48.23,0.01227414442448,0.000310295440298151,-0.000273063401278303,1.8537969727573e-05
48.24,0.0123698191282715,0.000307574031927427,-0.000271378803885829,1.84324614639582e-05
48.25,0.0124646689197654,0.000304869455046987,-0.000269696410075701,1.83267994465221e-05
48.26,0.01255869869774,0.000302181688170856,-0.000268016398283031,1.82210058738018e-05
48.27,0.0126519133679199,0.00029951070513177,-0.000266338942124619,1.81151028140427e-05
48.28,0.0127443178237119,0.000296856481075739,-0.000264664211165134,1.80091120982964e-05
48.29,0.0128359169704986,0.000294218986397938,-0.000262992370232983,1.79030553498062e-05
48.3,0.0129267156944239,0.000291598193007615,-0.000261323580113437,1.77969538788807e-05
48.31,0.0130167188976902,0.000288994068006933,-0.000259657997306605,1.76908287043121e-05
48.32,0.0131059314575559,0.000286406580196156,-0.000257995774663262,1.75847004437835e-05
48.33,0.0131943582703222,0.000283835693616966,-0.000256337060506257,1.74785893350737e-05
48.34,0.0132820042024724,0.000281281374105386,-0.000254681999846807,1.73725151301213e-05
48.35,0.0133688741420732,0.000278743582831574,-0.000253030733433727,1.7266497093287e-05
48.36,0.0134549729425482,0.00027622228272019,-0.000251383398467791,1.71605539025572e-05
48.37,0.013540305480884,0.000273717432235392,-0.000249740127650506,1.70547036543156e-05
48.38,0.0136248766043288,0.000271228990880903,-0.000248101050368637,1.6948963777952e-05
48.39,0.0137086911517645,0.000268756916898691,-0.000246466291550161,1.68433510349067e-05
48.4,0.0137917539784604,0.000266301164925427,-0.000244835972860412,1.67378814403166e-05
48.41,0.0138740698979438,0.000263861691510191,-0.000243210212488724,1.66325702574532e-05
48.42,0.0139556437479378,0.000261438448953054,-0.000241589124511571,1.65274319960564e-05
48.43,0.0140364803224813,0.000259031391492644,-0.000239972819773973,1.64224803644441e-05
48.44,0.0141165844394049,0.000256640469297357,-0.000238361405579197,1.6317728279303e-05
48.45,0.0141959608709996,0.000254265634366828,-0.000236754985847857,1.62131878342304e-05
48.46,0.0142746144126411,0.000251906834824369,-0.000235153661171572,1.61088703406524e-05
48.47,0.0143525498131645,0.000249564020607322,-0.000233557528921745,1.60047863187379e-05
48.48,0.0144297718432913,0.000247237137951412,-0.000231966683574888,1.5900945544998e-05
48.49,0.0145062852264939,0.000244926134861483,-0.000230381216918296,1.5797357047935e-05
48.5,0.0145820947067437,0.000242630955789442,-0.000228801217957417,1.56940291568297e-05
48.51,0.0146572049803408,0.00024035154689296,-0.000227226772814591,1.55909695157892e-05
48.52,0.0147316207623698,0.00023808785092348,-0.000225657964814061,1.54881851571967e-05
48.53,0.0148053467204816,0.000235839812368432,-0.000224094874883153,1.5385682529677e-05
48.54,0.0148783875395955,0.000233607372440145,-0.000222537581715301,1.52834675597533e-05
48.55,0.0149507478564512,0.000231390473878946,-0.000220986161455327,1.51815456801565e-05
48.56,0.0150224323240824,0.000229189056500642,-0.000219440687783316,1.50799219165921e-05
48.57,0.0150934455478673,0.000227003061525702,-0.000217901232434004,1.49786009209295e-05
48.58,0.0151637921471899,0.000224832427359759,-0.000216367864841542,1.4877587027898e-05
48.59,0.0152334766948199,0.0002226770938312,-0.00021484065235659,1.47768843016618e-05
48.6,0.0153025037753967,0.00022053699801569,-0.000213319659925574,1.4676496589678e-05
48.61,0.0153708779276256,0.000218412078322915,-0.000211804950474798,1.45764275662839e-05
48.62,0.0154386037009591,0.000216302270727673,-0.000210296584800084,1.44766807871043e-05
48.63,0.0155056855993427,0.000214207512359228,-0.000208794621602196,1.43772597164577e-05
48.64,0.0155721281355836,0.000212127738015741,-0.000207299117340223,1.42781677761178e-05
48.65,0.0156379357844294,0.000210062883263773,-0.00020581012676559,1.41794083738253e-05
48.66,0.0157031130029397,0.000208012883068274,-0.000204327702176869,1.40809849308794e-05
48.67,0.0157676642481341,0.000205977670706489,-0.000202851893989124,1.39829009050894e-05
48.68,0.0158315939341405,0.000203957180511565,-0.00020138275042392,1.38851598074327e-05
48.69,0.0158949064800957,0.000201951344885793,-0.000199920317531201,1.37877652246206e-05
48.7,0.0159576062632016,0.000199960097136893,-0.000198464639610624,1.36907208218292e-05
48.71,0.0160196976643165,0.000197983368871101,-0.000197015758724099,1.35940303463727e-05
48.72,0.0160811850234888,0.00019602109251506,-0.000195573714965594,1.34976976306085e-05
48.73,0.0161420726826824,0.000194073198897509,-0.000194138546200054,1.34017265878943e-05
48.74,0.0162023649441938,0.00019213961961577,-0.000192710288343126,1.33061212172634e-05
48.75,0.0162620661110457,0.000190220284835685,-0.000191288975411332,1.32108855956326e-05
48.76,0.0163211804477745,0.00018831512549383,-0.000189874639698905,1.31160238628168e-05
48.77,0.0163797122178559,0.000186424071084254,-0.000188467311487218,1.30215402014883e-05
48.78,0.0164376656477039,0.000184547051943348,-0.00018706701909482,1.29274388314579e-05
48.79,0.016495044961057,0.000182683997038189,-0.000185673789185745,1.28337239890674e-05
48.8,0.0165518543455088,0.000180834836049116,-0.000184287646553175,1.27403999048336e-05
48.81,0.016608097985304,0.000178999497599029,-0.000182908614139087,1.26474707952639e-05
48.82,0.0166637800290692,0.000177177910867481,-0.000181536713394698,1.25549408415516e-05
48.83,0.0167189046205589,0.000175370004003487,-0.000180171964041893,1.24628141636859e-05
48.84,0.0167734758693623,0.000173575705779179,-0.000178814384375202,1.23710948158341e-05
48.85,0.0168274978787943,0.00017179494404498,-0.000177463991007792,1.22797867609932e-05
48.86,0.0168809747188998,0.000170027647205187,-0.000176120799086612,1.21888938572874e-05
48.87,0.0169339104522779,0.000168273742816433,-0.000174784822338614,1.20984198401313e-05
48.88,0.0169863091092166,0.000166533158994502,-0.000173456073135078,1.20083683110982e-05
48.89,0.0170381747111632,0.000164805823081507,-0.000172134562449902,1.19187427280173e-05
48.9,0.0170895112483391,0.000163091662935321,-0.000170820300107246,1.18295463935214e-05
48.91,0.0171403227011568,0.000161390605774644,-0.000169513294919935,1.17407824400816e-05
48.92,0.0171906130188759,0.000159702579178225,-0.000168213554216147,1.16524538165462e-05
48.93,0.0172403861404957,0.000158027510251466,-0.000166921084117619,1.15645632907274e-05
48.94,0.0172896459769101,0.000156365326382184,-0.000165635889440984,1.14771134544099e-05
48.95,0.0173383964187108,0.000154715954908562,-0.000164357974526262,1.1390106710053e-05
48.96,0.0173866413420134,0.000153079322806803,-0.000163087342373958,1.13035452658833e-05
48.97,0.0174343845936953,0.00015145535740117,-0.000161823994995939,1.12174311459438e-05
48.98,0.01748163000775,0.000149843985655215,-0.000160567933556176,1.11317661872336e-05
48.99,0.017528381389762,0.000148245134908668,-0.000159319158082553,1.10465520454482e-05
49,0.0175746425313896,0.000146658732130332,-0.000158077667780534,1.09617901967824e-05
49.01,0.0176204171963334,0.000145084704618198,-0.000156843461096141,1.0877481942945e-05
49.02,0.0176657091337651,0.000143522979413155,-0.000155616535529649,1.07936284145741e-05
49.03,0.0177105220655385,0.000141973483843019,-0.000154396887724321,1.07102305827618e-05
49.04,0.0177548596981909,0.000140436145018616,-0.000153184513387974,1.06272892629704e-05
49.05,0.0177987257115566,0.000138910890362406,-0.000151979407391267,1.05448051303028e-05
49.06,0.0178421237694568,0.000137397647096097,-0.000150781563944326,1.04627787226395e-05
49.07,0.017885057509563,0.000135896342752096,-0.000149590976475505,1.03812104485887e-05
49.08,0.0179275305528437,0.000134406904672708,-0.000148407637542974,1.03001005976336e-05
49.09,0.0179695464947693,0.00013292926053417,-0.000147231539007265,1.02194493537765e-05
49.1,0.0180111089138215,0.000131463337916648,-0.000146062672183612,1.01392567970318e-05
49.11,0.0180522213626846,0.000130009064572617,-0.000144901027321992,1.00595229099499e-05
49.12,0.0180928873771435,0.000128566368285652,-0.000143746594226635,9.98024759125724e-06
49.13,0.0181331104679154,0.000127135177068258,-0.000142599361581917,9.90143066460645e-06
49.14,0.0181728941278418,0.000125715418909421,-0.000141459317867097,9.82307188463052e-06
49.15,0.0182122418256139,0.000124307022092513,-0.000140326450506338,9.74517093698776e-06
49.16,0.0182511570112283,0.000122909914782897,-0.000139200746569182,9.66772745238854e-06
49.17,0.018289643110978,0.00012152402550154,-0.000138082192248462,9.59074100683609e-06
49.18,0.0183277035328127,0.000120149282819653,-0.000136970773014335,9.51421113591746e-06
49.19,0.0183653416608456,0.000118785615481666,-0.000135866473758978,9.43813733259818e-06
49.2,0.0184025608604159,0.000117432952339459,-0.000134769278819703,9.36251905292543e-06
49.21,0.0184393644742062,0.000116091222446553,-0.000133679172039269,9.28735571955789e-06
49.22,0.0184757558239861,0.000114760355028437,-0.000132596136446518,9.21264672616727e-06
49.23,0.0185117382119309,0.000113440279425405,-0.000131520154677907,9.1383914366858e-06
49.24,0.0185473149175159,0.000112130925235314,-0.000130451208421336,9.06458918953687e-06
49.25,0.0185824892011333,0.000110832222190607,-0.000129389278959505,8.99123930416738e-06
49.26,0.0186172643004516,0.000109544100201533,-0.000128334347195635,8.91834107938294e-06
49.27,0.0186516434343469,0.000108266489418832,-0.000127286393571753,8.84589378718976e-06
49.28,0.0186856297992808,0.000106999320208054,-0.000126245397644732,8.77389667979817e-06
49.29,0.0187192265722764,0.000105742523027925,-0.000125211338895214,8.70234898551802e-06
49.3,0.0187524369086809,0.000104496028659562,-0.000124184195989071,8.6312499058597e-06
49.31,0.0187852639444568,0.000103259768055983,-0.000123163947127961,8.56059862631499e-06
49.32,0.0188177107939813,0.00010203367240082,-0.000122150570271137,8.49039430260802e-06
49.33,0.0188497805521077,0.000100817673079562,-0.000121144042611699,8.42063606439686e-06
49.34,0.0188814762925968,9.96117017678162e-05,-0.000120144341075903,8.35132302311886e-06
49.35,0.0189128010695141,9.84156902761848e-05,-0.000119151442049868,8.28245427128566e-06
49.36,0.0189437579159817,9.72295707270087e-05,-0.000118165321963595,8.21402888066724e-06
49.37,0.0189743498458927,9.60532754987725e-05,-0.000117185956737763,8.14604589298748e-06
49.38,0.0190045798520746,9.48867371280154e-05,-0.000116213321918389,8.07850431348226e-06
49.39,0.0190344509079594,9.37298884797536e-05,-0.000115247392376281,8.01140311522929e-06
49.4,0.0190639659665193,9.25826626142641e-05,-0.000114288142741594,7.94474124954947e-06
49.41,0.0190931279612228,9.14449928724338e-05,-0.000113335547508555,7.87851763435717e-06
49.42,0.0191219398053519,9.03168128583226e-05,-0.000112389580633182,7.81273115709805e-06
49.43,0.0191504043926809,8.91980564263426e-05,-0.000111450215960296,7.74738067519298e-06
49.44,0.0191785245971028,8.80886577198872e-05,-0.000110517427029525,7.68246500931526e-06
49.45,0.0192063032728358,8.69885510642964e-05,-0.000109591186879515,7.6179829496906e-06
49.46,0.0192337432547003,8.58976711813895e-05,-0.000108671468638067,7.55393325816463e-06
49.47,0.0192608473580806,8.48159530019769e-05,-0.000107758244882876,7.49031466198166e-06
49.48,0.0192876183784181,8.37433316874835e-05,-0.000106851488006114,7.42712586035502e-06
49.49,0.0193140590923138,8.26797427258923e-05,-0.000105951170621894,7.36436551710346e-06
49.5,0.0193401722569213,8.16251218962571e-05,-0.000105057264578952,7.30203225641103e-06
49.51,0.0193659606101697,8.05794052260434e-05,-0.000104169741749987,7.2401246685001e-06
49.52,0.0193914268709499,7.95425290621822e-05,-0.000103288573389656,7.17864130575753e-06
49.53,0.019416573738841,7.85144299754007e-05,-0.000102413730926645,7.1175806992778e-06
49.54,0.0194414038945805,7.74950448697747e-05,-0.000101545185610776,7.05694134704804e-06
49.55,0.0194659200002008,7.64843109695653e-05,-0.0001006829084121,6.99672172406042e-06
49.56,0.0194901246986197,7.54821657425367e-05,-9.9826870188705e-05,6.9369202796616e-06
49.57,0.0195140206140669,7.44885469410888e-05,-9.89770418768109e-05,6.87753543546981e-06
49.58,0.0195376103520948,7.35033926258489e-05,-9.81333940507515e-05,6.81856558668204e-06
49.59,0.0195608964997218,7.25266411530395e-05,-9.72958972741699e-05,6.76000910419864e-06
49.6,0.0195838816253602,7.15582311751441e-05,-9.6464521661505e-05,6.70186433248218e-06
49.61,0.0196065682791113,7.05981016426736e-05,-9.56392375120015e-05,6.64412958970978e-06
49.62,0.0196289589926266,6.96461918151988e-05,-9.48200145606403e-05,6.58680316856031e-06
49.63,0.0196510562793204,6.87024412187159e-05,-9.40068226124783e-05,6.52988335020109e-06
49.64,0.0196728626344163,6.77667897440238e-05,-9.31996315307342e-05,6.47336839815451e-06
49.65,0.0196943805351104,6.68391775106137e-05,-9.2398411224362e-05,6.41725655490027e-06
49.66,0.019715612440625,6.59195450398814e-05,-9.16031311763353e-05,6.36154604183875e-06
49.67,0.0197365607918689,6.50078330069252e-05,-9.08137608249502e-05,6.30623506801442e-06
49.68,0.0197572280122946,6.41039825356624e-05,-9.0030269602616e-05,6.25132182574983e-06
49.69,0.0197776165075574,6.32079349757309e-05,-8.92526266702196e-05,6.19680450080929e-06
49.7,0.0197977286654476,6.23196320209637e-05,-8.8480801516293e-05,6.14268126213721e-06
49.71,0.0198175668565552,6.14390157055115e-05,-8.77147631963424e-05,6.08895026039944e-06
49.72,0.0198371334334198,6.05660282774463e-05,-8.69544808901855e-05,6.03560963372779e-06
49.73,0.0198564307315046,5.97006123284603e-05,-8.61999233342017e-05,5.98265751142893e-06
49.74,0.0198754610690965,5.88427108513807e-05,-8.54510597315668e-05,5.93009202025583e-06
49.75,0.0198942267469535,5.79922670460198e-05,-8.47078587533927e-05,5.87791127634808e-06
49.76,0.0199127300488264,5.71492244409353e-05,-8.39702896865527e-05,5.82611338866291e-06
49.77,0.0199309732413155,5.63135269059048e-05,-8.32383211865946e-05,5.77469645427013e-06
49.78,0.0199489585741857,5.54851185694518e-05,-8.25119221798317e-05,5.72365856968535e-06
49.79,0.0199666882802321,5.46639439430063e-05,-8.17910613896974e-05,5.67299782153334e-06
49.8,0.0199841645755452,5.38499477978359e-05,-8.10757074999106e-05,5.62271229309256e-06
49.81,0.0200013896595141,5.3043075253263e-05,-8.03658292410587e-05,5.57280006037542e-06
49.82,0.0200183657147752,5.22432716806642e-05,-7.96613952138966e-05,5.52325919920883e-06
49.83,0.0200350949077261,5.1450482860341e-05,-7.89623743451939e-05,5.47408778113633e-06
49.84,0.0200515793883485,5.06646548327975e-05,-7.82687351881729e-05,5.42528387011906e-06
49.85,0.020067821289798,4.98857339065639e-05,-7.75804465252567e-05,5.37684552747625e-06
49.86,0.0200838227295677,4.91136667668132e-05,-7.68974770045887e-05,5.32877081178488e-06
49.87,0.0200995858087518,4.8348400383211e-05,-7.62197952772856e-05,5.28105778228792e-06
49.88,0.0201151126124781,4.75898820769766e-05,-7.55473700129412e-05,5.23370449569438e-06
49.89,0.020130405209823,4.68380594437815e-05,-7.48801700205101e-05,5.1867090059855e-06
49.9,0.0201454656541245,4.60928803941869e-05,-7.42181640782919e-05,5.14006935982405e-06
49.91,0.0201602959827412,4.53542931567007e-05,-7.35613209284887e-05,5.09378360398435e-06
49.92,0.0201748982175278,4.4622246258818e-05,-7.29096092117854e-05,5.04784978521614e-06
49.93,0.0201892743647889,4.38966886157002e-05,-7.22629979717195e-05,5.00226594863145e-06
49.94,0.0202034264151472,4.31775693518993e-05,-7.16214557845125e-05,4.9570301334957e-06
49.95,0.0202173563438324,4.24648379528319e-05,-7.09849516620321e-05,4.9121403842464e-06
49.96,0.0202310661108438,4.1758444192032e-05,-7.0353454679516e-05,4.86759474196552e-06
49.97,0.0202445576608916,4.10583381918038e-05,-6.97269336587104e-05,4.82339124867091e-06
49.98,0.020257832923595,4.03644703376136e-05,-6.91053578276038e-05,4.77952794535395e-06
49.99,0.0202708938134526,3.96767913625426e-05,-6.84886958869477e-05,4.7360028723132e-06
50,0.0202837422302125,3.89952522997229e-05,-6.78769170842213e-05,4.69281408162824e-06
50.01,0.0202963800585003,3.83198044789129e-05,-6.72699908353864e-05,4.64995961824976e-06
50.02,0.0203088091682755,3.76503995423036e-05,-6.66678863775092e-05,4.60743752207343e-06
50.03,0.0203210314148183,3.69869894402048e-05,-6.60705729341372e-05,4.56524583567085e-06
50.04,0.0203330486388156,3.63295264299205e-05,-6.54780198966709e-05,4.5233826001514e-06
50.05,0.0203448626664446,3.56779630753744e-05,-6.48901965133234e-05,4.48184585996484e-06
50.06,0.020356475309474,3.50322522459383e-05,-6.43070724946059e-05,4.44063366150468e-06
50.07,0.0203678883653531,3.43923471141208e-05,-6.37286174065507e-05,4.39974404454341e-06
50.08,0.0203791036172944,3.37582011572907e-05,-6.31548007179328e-05,4.35917505420123e-06
50.09,0.0203901228343764,3.31297681574486e-05,-6.25855921006888e-05,4.31892474512188e-06
50.1,0.0204009477716056,3.25070021981507e-05,-6.20209615668482e-05,4.27899117733399e-06
50.11,0.0204115801700562,3.18898576618606e-05,-6.14608792089626e-05,4.23937240732747e-06
50.12,0.0204220217568869,3.12782892307433e-05,-6.09053150169993e-05,4.20006648955126e-06
50.13,0.0204322742455307,3.06722518869486e-05,-6.03542390203098e-05,4.16107147566364e-06
50.14,0.0204423393356352,3.00717009128911e-05,-5.9807621159309e-05,4.12238542147762e-06
50.15,0.0204522187133422,2.94765918900253e-05,-5.92654316675347e-05,4.08400638882959e-06
50.16,0.0204619140511646,2.88868806963385e-05,-5.87276409838676e-05,4.04593244245752e-06
50.17,0.0204714270082906,2.83025235056545e-05,-5.81942194852443e-05,4.00816165309722e-06
50.18,0.0204807592304705,2.77234767869647e-05,-5.7665137781158e-05,3.97069209889224e-06
50.19,0.0204899123502527,2.71496973026344e-05,-5.71403665201015e-05,3.93352186095109e-06
50.2,0.0204988879870012,2.65811421072046e-05,-5.66198766711673e-05,3.89664902277843e-06
50.21,0.0205076877470018,2.60177685457791e-05,-5.61036390637338e-05,3.86007166242753e-06
50.22,0.0205163132235509,2.54595342562042e-05,-5.55916243531292e-05,3.82378786587186e-06
50.23,0.0205247659969965,2.49063971677201e-05,-5.50838036694619e-05,3.78779572597506e-06
50.24,0.0205330476348902,2.43583154979693e-05,-5.45801481234505e-05,3.75209333836544e-06
50.25,0.0205411596920779,2.38152477524695e-05,-5.40806290133198e-05,3.71667880608862e-06
50.26,0.0205491037107057,2.32771527232402e-05,-5.35852177353288e-05,3.68155023638974e-06
50.27,0.0205568812204033,2.27439894877733e-05,-5.30938858383392e-05,3.64670574254573e-06
50.28,0.0205644937382035,2.2215717407593e-05,-5.26066048457664e-05,3.61214344092878e-06
50.29,0.0205719427689148,2.16922961290757e-05,-5.21233463496907e-05,3.57786146159448e-06
50.3,0.0205792298049534,2.11736855800855e-05,-5.16440824825297e-05,3.54385793804539e-06
50.31,0.0205863563264481,2.06598459672287e-05,-5.11687852297359e-05,3.51013099798126e-06
50.32,0.0205933238014726,2.01507377779354e-05,-5.06974264465176e-05,3.47667877345501e-06
50.33,0.0206001336859796,1.96463217811833e-05,-5.02299780561851e-05,3.44349940993872e-06
50.34,0.0206067874240645,1.91465590249386e-05,-4.97664123305146e-05,3.41059106859696e-06
50.35,0.0206132864477624,1.86514108317164e-05,-4.93067020259178e-05,3.37795191636827e-06
50.36,0.0206196321774144,1.81608387965128e-05,-4.88508198184042e-05,3.34558011708818e-06
50.37,0.0206258260216048,1.76748047881099e-05,-4.8398738287918e-05,3.31347383562447e-06
50.38,0.0206318693772669,1.71932709497154e-05,-4.7950430002172e-05,3.2816312418127e-06
50.39,0.020637763629777,1.67161996982748e-05,-4.75058676409528e-05,3.25005051794496e-06
50.4,0.0206435101530236,1.62435537222428e-05,-4.70650242726315e-05,3.21872986248831e-06
50.41,0.0206491103094999,1.5775295977223e-05,-4.66278732625438e-05,3.18766747807872e-06
50.42,0.0206545654503838,1.53113896855491e-05,-4.61943879277596e-05,3.15686157402846e-06
50.43,0.0206598769156123,1.4851798335815e-05,-4.5764541655699e-05,3.12631036455039e-06
50.44,0.0206650460339945,1.43964856822014e-05,-4.53383079950865e-05,3.09601206981699e-06
50.45,0.0206700741231698,1.39454157427008e-05,-4.49156605957413e-05,3.06596491296081e-06
50.46,0.0206749624898368,1.34985527993695e-05,-4.44965729450681e-05,3.03616712832263e-06
50.47,0.0206797124298612,1.30558613964865e-05,-4.40810192187774e-05,3.00661696119948e-06
50.48,0.0206843252280651,1.26173063367709e-05,-4.36689734279177e-05,2.97731265603143e-06
50.49,0.0206888021587055,1.21828526828253e-05,-4.32604095657612e-05,2.94825246875655e-06
50.5,0.020693144485243,1.17524657559718e-05,-4.28553019869562e-05,2.9194346669191e-06
50.51,0.0206973534605561,1.13261111327129e-05,-4.24536252194222e-05,2.89085752131068e-06
50.52,0.0207014303269943,1.0903754644079e-05,-4.20553537969143e-05,2.86251930958152e-06
50.53,0.0207053763164486,1.04853623759454e-05,-4.16604622019068e-05,2.83441832173619e-06
50.54,0.0207091926504406,1.007090066692e-05,-4.1268925493865e-05,2.80655285898172e-06
50.55,0.0207128805402474,9.66033610466922e-06,-4.08807186843211e-05,2.77892122213882e-06
50.56,0.0207164411867424,9.25363552691154e-06,-4.04958167082103e-05,2.75152171993914e-06
50.57,0.0207198757807676,8.85076602125136e-06,-4.01141947890879e-05,2.72435267333728e-06
50.58,0.0207231855032024,8.45169492216266e-06,-3.97358281997951e-05,2.6974124100606e-06
50.59,0.0207263715248134,8.05638980992766e-06,-3.93606925630835e-05,2.67069926857367e-06
50.6,0.0207294350063272,7.66481850829322e-06,-3.89887634854991e-05,2.64421159135969e-06
50.61,0.0207323770987848,7.2769490834246e-06,-3.86200168821932e-05,2.61794772338611e-06
50.62,0.0207351989433917,6.89274984439671e-06,-3.82544282345526e-05,2.59190601849463e-06
50.63,0.0207379016716445,6.51218934250683e-06,-3.7891973676721e-05,2.56608484506882e-06
50.64,0.0207404864054084,6.13523636793192e-06,-3.75326292406216e-05,2.54048258107099e-06
50.65,0.0207429542569901,5.76185994795523e-06,-3.71763714679232e-05,2.51509761604594e-06
50.66,0.0207453063292036,5.39202934449096e-06,-3.68231768373273e-05,2.48992834172461e-06
50.67,0.0207475437154496,5.02571405414197e-06,-3.6473021898456e-05,2.46497315460263e-06
50.68,0.0207496674997749,4.66288380884599e-06,-3.61258830914842e-05,2.44023046307099e-06
50.69,0.0207516787569562,4.3035085742695e-06,-3.57817372401656e-05,2.415698690937e-06
50.7,0.020753578552565,3.9475585454796e-06,-3.54405616178377e-05,2.39137626595686e-06
50.71,0.0207553679430355,3.5950041455009e-06,-3.51023332279072e-05,2.3672616170554e-06
50.72,0.0207570479757306,3.24581602728051e-06,-3.47670291570047e-05,2.34335318603959e-06
50.73,0.0207586196890235,2.89996507120619e-06,-3.44346268844767e-05,2.31964942204282e-06
50.74,0.020760084112351,2.55742238260987e-06,-3.4105103817721e-05,2.29614877806413e-06
50.75,0.0207614422662923,2.21815929218058e-06,-3.37784375171079e-05,2.27284971938137e-06
50.76,0.0207626951626319,1.8821473539852e-06,-3.34546057586542e-05,2.24975072111416e-06
50.77,0.0207638438044322,1.54935834345904e-06,-3.31335864527415e-05,2.22685026801595e-06
50.78,0.0207648891860988,1.21976425560352e-06,-3.28153577503177e-05,2.20414685265273e-06
50.79,0.0207658322934412,8.93337304048261e-07,-3.24998977285476e-05,2.18163897498176e-06
50.8,0.0207666741037533,5.70049920707685e-07,-3.21871847453265e-05,2.15932514738502e-06
50.81,0.0207674155858664,2.49874753155755e-07,-3.18771972028693e-05,2.1372038876367e-06
50.82,0.0207680577002183,-6.72153360072403e-08,-3.15699137263972e-05,2.11527372332138e-06
50.83,0.0207686013989212,-3.81247271068985e-07,-3.12653130350245e-05,2.09353318673216e-06
50.84,0.0207690476258229,-6.92247763826942e-07,-3.09633739009977e-05,2.07198081805199e-06
50.85,0.0207693973165739,-1.00024331498437e-06,-3.06640753546084e-05,2.05061516418495e-06
50.86,0.0207696513986848,-1.30526021526481e-06,-3.03673962987372e-05,2.02943477994455e-06
50.87,0.0207698107916547,-1.60732454563517e-06,-3.00733159433279e-05,2.00843823563829e-06
50.88,0.020769876406745,-1.90646218113404e-06,-2.97818138727771e-05,1.98762410690151e-06
50.89,0.0207698491476211,-2.20269879173701e-06,-2.94928693577987e-05,1.96699097740696e-06
50.9,0.0207697299098317,-2.49605984186336e-06,-2.92064621256581e-05,1.94653744725045e-06
50.91,0.0207695195812274,-2.78657059423704e-06,-2.89225720766932e-05,1.92626212013171e-06
50.92,0.020769219041668,-3.07425611125144e-06,-2.86411791853393e-05,1.90616360288169e-06
50.93,0.0207688291636607,-3.35914125410298e-06,-2.83622632319138e-05,1.88624051048217e-06
50.94,0.020768350811899,-3.64125068332407e-06,-2.80858043443378e-05,1.86649146946245e-06
50.95,0.0207677848433931,-3.92060886161292e-06,-2.78117828222388e-05,1.84691511461192e-06
50.96,0.0207671321078031,-4.19724005562783e-06,-2.754017909751e-05,1.82751008911405e-06
50.97,0.0207663934472269,-4.47116833676848e-06,-2.7270973678679e-05,1.80827504609839e-06
50.98,0.0207655696965334,-4.74241758249273e-06,-2.70041472599318e-05,1.78920864807762e-06
50.99,0.0207646616831418,-5.01101147769652e-06,-2.67396806307511e-05,1.77030956671393e-06
51,0.0207636702270202,-5.27697351637333e-06,-2.64775548347289e-05,1.75157648067908e-06
51.01,0.0207625961413189,-5.54032700326531e-06,-2.6217750888613e-05,1.73300807137801e-06
51.02,0.0207614402315652,-5.80109505314913e-06,-2.59602498455147e-05,1.71460303139288e-06
51.03,0.0207602032966401,-6.05930059306492e-06,-2.57050330840275e-05,1.69636005939526e-06
51.04,0.0207588861279202,-6.31496636443317e-06,-2.54520820533813e-05,1.67827785704573e-06
51.05,0.0207574895102391,-6.56811492241441e-06,-2.52013780515887e-05,1.66035513795319e-06
51.06,0.0207560142210435,-6.81876863635579e-06,-2.49529026502914e-05,1.64259063472394e-06
51.07,0.0207544610313635,-7.06694969429569e-06,-2.47066380269887e-05,1.62498308893489e-06
51.08,0.0207528307049483,-7.31268010512599e-06,-2.44625660286574e-05,1.60753124723818e-06
51.09,0.0207511239993483,-7.5559816978192e-06,-2.42206688918957e-05,1.59023386568778e-06
51.1,0.0207493416644944,-7.79687612307955e-06,-2.39809287175536e-05,1.57308970347921e-06
51.11,0.0207474844447937,-8.03538485405593e-06,-2.374332785141e-05,1.55609752548361e-06
51.12,0.0207455530772549,-8.27152918643599e-06,-2.35078484818551e-05,1.53925610567278e-06
51.13,0.0207435482925584,-8.5053302401241e-06,-2.32744732653103e-05,1.52256422554901e-06
51.14,0.0207414708147784,-8.73680896097154e-06,-2.30431846882643e-05,1.50602067640114e-06
51.15,0.0207393213617699,-8.96598612137154e-06,-2.28139656099263e-05,1.48962426550165e-06
51.16,0.0207371006450012,-9.19288232436827e-06,-2.25867992641804e-05,1.47337379990774e-06
51.17,0.0207348093693716,-9.41751800293586e-06,-2.23616682756491e-05,1.45726809257191e-06
51.18,0.0207324482334927,-9.6399134191373e-06,-2.21385560136953e-05,1.44130597195696e-06
51.19,0.0207300179300827,-9.86008866840472e-06,-2.19174456991437e-05,1.42548626840506e-06
51.2,0.0207275191452228,-1.00780636801856e-05,-2.16983208304517e-05,1.40980781638419e-06
51.21,0.0207249525593083,-1.02938582175361e-05,-2.14811647200385e-05,1.39426945858802e-06
51.22,0.020722318846202,-1.05074918781139e-05,-2.12659609182537e-05,1.37887004793545e-06
51.23,0.0207196186741818,-1.07189840959831e-05,-2.10526931711828e-05,1.36360844865769e-06
51.24,0.0207168527050987,-1.09283541436477e-05,-2.08413454141942e-05,1.34848353481653e-06
51.25,0.0207140215953183,-1.1135621133513e-05,-2.06319016372526e-05,1.3334941887782e-06
51.26,0.0207111259948718,-1.13408040191013e-05,-2.04243460929384e-05,1.31863929855646e-06
51.27,0.0207081665484061,-1.154392159578e-05,-2.02186628256749e-05,1.30391775748769e-06
51.28,0.0207051438943333,-1.17449925005117e-05,-2.00148361919383e-05,1.28932847137729e-06
51.29,0.0207020586657762,-1.19440352147557e-05,-1.98128506785538e-05,1.27487034888044e-06
51.3,0.0206989114897116,-1.21410680650535e-05,-1.96126907982387e-05,1.26054230456379e-06
51.31,0.0206957029879273,-1.23361092235465e-05,-1.94143411570658e-05,1.24634325968263e-06
51.32,0.0206924337761594,-1.25291767082349e-05,-1.92177863545922e-05,1.23227214849974e-06
51.33,0.0206891044650517,-1.27202883853407e-05,-1.90230113694726e-05,1.21832791581281e-06
51.34,0.0206857156592886,-1.29094619718238e-05,-1.88300013970977e-05,1.20450951203641e-06
51.35,0.0206822679585521,-1.30967150363686e-05,-1.86387415139006e-05,1.19081589032526e-06
51.36,0.020678761956658,-1.32820649986137e-05,-1.84492168360879e-05,1.17724601090466e-06
51.37,0.0206751982425102,-1.34655291301445e-05,-1.8261412703513e-05,1.16379884146799e-06
51.38,0.0206715773992343,-1.36471245561271e-05,-1.80753144259844e-05,1.15047335712996e-06
51.39,0.0206679000051366,-1.38268682561353e-05,-1.78909075815067e-05,1.13726854365821e-06
51.4,0.0206641666328347,-1.40047770656063e-05,-1.77081777255179e-05,1.12418339746879e-06
51.41,0.0206603778502172,-1.41808676773406e-05,-1.7527110846867e-05,1.11121692617662e-06
51.42,0.0206565342195741,-1.4355156644606e-05,-1.7347692904635e-05,1.09836813536849e-06
51.43,0.0206526362985446,-1.45276603797547e-05,-1.71699097967259e-05,1.08563603573591e-06
51.44,0.0206486846392648,-1.46983951536749e-05,-1.69937473787478e-05,1.07301964873204e-06
51.45,0.0206446797893003,-1.48673770982383e-05,-1.68191919985692e-05,1.06051800294552e-06
51.46,0.0206406222907898,-1.50346222084883e-05,-1.66462298137426e-05,1.04813013045961e-06
51.47,0.0206365126814054,-1.52001463424941e-05,-1.64748473909506e-05,1.03585507237422e-06
51.48,0.0206323514934645,-1.53639652232592e-05,-1.63050310267633e-05,1.02369187119675e-06
51.49,0.0206281392548986,-1.55260944377293e-05,-1.61367672843317e-05,1.01163958270644e-06
51.5,0.0206238764883748,-1.56865494386243e-05,-1.59700427563617e-05,9.99697275126265e-07
51.51,0.0206195637122528,-1.58453455476039e-05,-1.58048445950808e-05,9.87864021296854e-07
51.52,0.0206152014397158,-1.60024979563033e-05,-1.56411595686492e-05,9.76138896134934e-07
51.53,0.0206107901797132,-1.61580217251332e-05,-1.5478974728421e-05,9.64520983705794e-07
51.54,0.0206063304360988,-1.631193178537e-05,-1.53182772009837e-05,9.5300936908287e-07
51.55,0.0206018227085716,-1.64642429385829e-05,-1.51590538342966e-05,9.41603148157816e-07
51.56,0.0205972674918176,-1.66149698573487e-05,-1.50012921014249e-05,9.30301432285335e-07
51.57,0.0205926652764461,-1.67641270894357e-05,-1.48449794477685e-05,9.19103335752652e-07
51.58,0.0205880165481327,-1.69117290580622e-05,-1.46901035381592e-05,9.08007979263755e-07
51.59,0.0205833217885578,-1.70577900630013e-05,-1.45366519731753e-05,8.97014482185196e-07
51.6,0.0205785814745285,-1.72023242792391e-05,-1.4384612221834e-05,8.86121971297678e-07
51.61,0.0205737960789412,-1.73453457579393e-05,-1.42339720827608e-05,8.75329581587898e-07
51.62,0.0205689660698969,-1.74868684282997e-05,-1.40847193155381e-05,8.64636455210246e-07
51.63,0.0205640919116563,-1.76269060984553e-05,-1.39368419240048e-05,8.54041744870814e-07
51.64,0.0205591740637665,-1.77654724569834e-05,-1.37903280474891e-05,8.43544612354291e-07
51.65,0.0205542129820095,-1.79025810749455e-05,-1.36451659609966e-05,8.33144222890141e-07
51.66,0.0205492091175179,-1.80382454062913e-05,-1.35013439326816e-05,8.22839743854697e-07
51.67,0.0205441629177345,-1.8172478787194e-05,-1.33588502064155e-05,8.12630349859596e-07
51.68,0.0205390748255256,-1.83052944371745e-05,-1.3217673172877e-05,8.0251522144912e-07
51.69,0.0205339452801363,-1.84367054597683e-05,-1.30778012520223e-05,7.92493549540633e-07
51.7,0.0205287747163148,-1.85667248448907e-05,-1.29392233008537e-05,7.8256453024042e-07
51.71,0.0205235635652494,-1.86953654696179e-05,-1.28019278093279e-05,7.7272736444805e-07
51.72,0.0205183122537074,-1.8822640098309e-05,-1.26659038426715e-05,7.62981261550724e-07
51.73,0.020513021204966,-1.89485613844476e-05,-1.25311400494498e-05,7.53325431746857e-07
51.74,0.0205076908379427,-1.90731418698187e-05,-1.23976254933845e-05,7.43759096375812e-07
51.75,0.0205023215681379,-1.91963939863658e-05,-1.22653491254927e-05,7.3428148220414e-07
51.76,0.0204969138067641,-1.93183300575734e-05,-1.21343003378257e-05,7.24891821802681e-07
51.77,0.0204914679616754,-1.94389622996972e-05,-1.20044681600703e-05,7.1558934791998e-07
51.78,0.0204859844365064,-1.95583028203819e-05,-1.18758419495413e-05,7.06373305015034e-07
51.79,0.020480463631606,-1.96763636205952e-05,-1.17484109515458e-05,6.97242944862269e-07
51.8,0.020474905943165,-1.9793156595936e-05,-1.16221649119276e-05,6.881975292776e-07
51.81,0.0204693117641552,-1.99086935395315e-05,-1.14970934616274e-05,6.79236316255302e-07
51.82,0.0204636814834549,-2.0022986140485e-05,-1.13731861998358e-05,6.70358568169832e-07
51.83,0.0204580154867804,-2.01360459840412e-05,-1.12504328001307e-05,6.6156355115311e-07
51.84,0.0204523141559303,-2.0247884552096e-05,-1.11288228596953e-05,6.52850539618058e-07
51.85,0.0204465778691567,-2.03585132242622e-05,-1.10083463914777e-05,6.44218820255577e-07
51.86,0.0204408070014299,-2.04679432805427e-05,-1.08889933846846e-05,6.35667686645783e-07
51.87,0.0204350019243433,-2.05761859018491e-05,-1.07707540369756e-05,6.27196440843707e-07
51.88,0.0204291630053639,-2.06832521716453e-05,-1.06536186541401e-05,6.18804384851249e-07
51.89,0.0204232906093269,-2.07891530760369e-05,-1.05375773824843e-05,6.10490821288564e-07
51.9,0.0204173850969891,-2.08938995023767e-05,-1.04226204081086e-05,6.02255062018465e-07
51.91,0.0204114468266594,-2.09975022412924e-05,-1.03087381963189e-05,5.94096424300149e-07
51.92,0.0204054761521686,-2.10999719876786e-05,-1.01959211327755e-05,5.86014231518673e-07
51.93,0.0203994734249644,-2.12013193415705e-05,-1.00841597653865e-05,5.78007811109389e-07
51.94,0.0203934389926408,-2.13015548083595e-05,-9.97344468393868e-06,5.70076498401795e-07
51.95,0.0203873732000028,-2.14006887999223e-05,-9.86376658895576e-06,5.62219636506636e-07
51.96,0.0203812763883056,-2.14987316361451e-05,-9.75511636294562e-06,5.54436573396086e-07
51.97,0.0203751488954955,-2.1595693546006e-05,-9.64748491128624e-06,5.46726658682865e-07
51.98,0.0203689910570413,-2.16915846679334e-05,-9.54086319609352e-06,5.39089242649049e-07
51.99,0.0203628032043728,-2.1786415049152e-05,-9.43524203647106e-06,5.31523678779386e-07
52,0.0203565856667165,-2.18801946449302e-05,-9.33061224014178e-06,5.24029334890802e-07
52.01,0.0203503387695463,-2.1972933322335e-05,-9.22696542482127e-06,5.16605583441471e-07
52.02,0.0203440628355107,-2.20646408620723e-05,-9.1242924835125e-06,5.09251796620178e-07
52.03,0.0203377581842368,-2.21553269561997e-05,-9.02258495879789e-06,5.01967361475262e-07
52.04,0.0203314251323583,-2.22450012116846e-05,-8.9218342115069e-06,4.94751661364604e-07
52.05,0.0203250639933108,-2.23336731495974e-05,-8.82203168073792e-06,4.87604084073261e-07
52.06,0.0203186750782658,-2.242135220469e-05,-8.72316868283539e-06,4.80524024884263e-07
52.07,0.0203122586945739,-2.25080477266114e-05,-8.62523693819814e-06,4.73510885434822e-07
52.08,0.0203058151476023,-2.25937689820105e-05,-8.52822800846362e-06,4.66564068878424e-07
52.09,0.0202993447391728,-2.26785251540034e-05,-8.43213370816725e-06,4.59682987153696e-07
52.1,0.0202928477684923,-2.27623253435914e-05,-8.3369457287513e-06,4.52867055094187e-07
52.11,0.0202863245319573,-2.28451785697226e-05,-8.2426559801487e-06,4.46115696442188e-07
52.12,0.0202797753229547,-2.29270937707893e-05,-8.14925648915449e-06,4.39428339343541e-07
52.13,0.0202732004327792,-2.30080798052427e-05,-8.05673911591306e-06,4.32804416010684e-07
52.14,0.0202666001493155,-2.30881454520092e-05,-7.96509621165984e-06,4.26243360798091e-07
52.15,0.0202599747579537,-2.31672994118096e-05,-7.87431969645624e-06,4.19744604003947e-07
52.16,0.0202533245413958,-2.32455503051311e-05,-7.78440160644879e-06,4.13307586552922e-07
52.17,0.0202466497794491,-2.33229066732609e-05,-7.69533413163964e-06,4.06931759878791e-07
52.18,0.0202399507499642,-2.33993769811938e-05,-7.60710980575998e-06,4.00616581339379e-07
52.19,0.0202332277274904,-2.34749696192554e-05,-7.51972106225116e-06,3.94361506934346e-07
52.2,0.0202264809839861,-2.3549692902307e-05,-7.43316040794847e-06,3.88165993606722e-07
52.21,0.0202197107895135,-2.36235550693236e-05,-7.34742015282076e-06,3.82029502859674e-07
52.22,0.0202129174109045,-2.36965642827878e-05,-7.262492732998e-06,3.75951508797057e-07
52.23,0.0202061011127022,-2.37687286314226e-05,-7.17837096499976e-06,3.6993149342987e-07
52.24,0.0201992621569431,-2.38400561331016e-05,-7.09504777081063e-06,3.63968937608618e-07
52.25,0.0201924008029559,-2.39105547340278e-05,-7.01251587213014e-06,3.58063321996875e-07
52.26,0.0201855173082954,-2.39802323068958e-05,-6.93076789338155e-06,3.52214134612594e-07
52.27,0.0201786119273981,-2.40490966519851e-05,-6.84979678997728e-06,3.46420870100393e-07
52.28,0.0201716849125182,-2.41171554993684e-05,-6.76959549077399e-06,3.40683025708182e-07
52.29,0.0201647365135154,-2.41844165101344e-05,-6.69015723968404e-06,3.35000098377982e-07
52.3,0.0201577669776496,-2.42508872754026e-05,-6.61147478209366e-06,3.29371587493173e-07
52.31,0.0201507765505173,-2.43165753149996e-05,-6.53354118917911e-06,3.23797006715871e-07
52.32,0.0201437654747085,-2.43814880805075e-05,-6.45634974679913e-06,3.18275875531737e-07
52.33,0.0201367339907312,-2.44456329577042e-05,-6.37989389256363e-06,3.12807712933936e-07
52.34,0.0201296823368118,-2.45090172664253e-05,-6.30416703033243e-06,3.07392036494265e-07
52.35,0.0201226107486834,-2.45716482588893e-05,-6.22916223998295e-06,3.02028367620689e-07
52.36,0.0201155194605169,-2.46335331191811e-05,-6.15487284686313e-06,2.96716238730175e-07
52.37,0.0201084087033507,-2.46946789666437e-05,-6.08129258095125e-06,2.9145518195611e-07
52.38,0.0201012787069281,-2.47550928567152e-05,-6.0084148009868e-06,2.86244728556155e-07
52.39,0.0200941296981272,-2.48147817790134e-05,-5.93623313596566e-06,2.81084419790741e-07
52.4,0.0200869619018871,-2.48737526601565e-05,-5.86474125982764e-06,2.75973793578845e-07
52.41,0.0200797755410056,-2.49320123625256e-05,-5.79393264235965e-06,2.70912398259e-07
52.42,0.020072570836156,-2.49895676845072e-05,-5.7238010945741e-06,2.65899795455902e-07
52.43,0.0200653480059074,-2.50464253637333e-05,-5.65434059384233e-06,2.60935550355009e-07
52.44,0.020058107266526,-2.51025920783241e-05,-5.58554519378859e-06,2.56019226260709e-07
52.45,0.0200508488326561,-2.51580744452398e-05,-5.51740863798632e-06,2.51150389516167e-07
52.46,0.0200435729169017,-2.52128790203953e-05,-5.44992502747761e-06,2.4632860697751e-07
52.47,0.0200362797293785,-2.52670122998037e-05,-5.3830882455551e-06,2.41553440974519e-07
52.48,0.0200289694784166,-2.53204807178229e-05,-5.31689200743997e-06,2.36824463821429e-07
52.49,0.0200216423703568,-2.53732906480469e-05,-5.25133060436433e-06,2.32141261990253e-07
52.5,0.0200142986095679,-2.54254484076338e-05,-5.18639836804519e-06,2.27503421990199e-07
52.51,0.0200069383984633,-2.54769602577821e-05,-5.12208966836279e-06,2.22910527156487e-07
52.52,0.0199995619372872,-2.55278324019007e-05,-5.05839861755123e-06,2.18362160553856e-07
52.53,0.0199921694250467,-2.55780709847698e-05,-4.99531945790229e-06,2.13857910860979e-07
52.54,0.0199847610579349,-2.56276820931744e-05,-4.93284631440565e-06,2.09397374741869e-07
52.55,0.0199773370311718,-2.56766717574653e-05,-4.87097379623044e-06,2.04980158697176e-07
52.56,0.0199698975374298,-2.57250459542938e-05,-4.80969648059725e-06,2.00605869269119e-07
52.57,0.0199624427677589,-2.57728106062821e-05,-4.74900898575297e-06,1.96274114276895e-07
52.58,0.019954972911373,-2.58199715814558e-05,-4.68890575767616e-06,1.91984504106976e-07
52.59,0.0199474881556707,-2.58665346930053e-05,-4.62938142186788e-06,1.87736654351611e-07
52.6,0.0199399886860272,-2.59125057001313e-05,-4.57043056073396e-06,1.83530186213261e-07
52.61,0.0199324746867111,-2.59578903100522e-05,-4.51204818958974e-06,1.79364718776555e-07
52.62,0.019924946339545,-2.60026941769689e-05,-4.45422857428964e-06,1.75239872400951e-07
52.63,0.0199174038248255,-2.60469229010468e-05,-4.39696683446495e-06,1.7115527805828e-07
52.64,0.0199098473208883,-2.60905820328066e-05,-4.34025778382603e-06,1.6711055868005e-07
52.65,0.0199022770050297,-2.61336770705626e-05,-4.28409614493523e-06,1.63105344827918e-07
52.66,0.0198946930521648,-2.61762134613657e-05,-4.22847703743338e-06,1.59139266869397e-07
52.67,0.0198870956357418,-2.62181966013133e-05,-4.17339504649485e-06,1.55211958720173e-07
52.68,0.0198794849273112,-2.62596318347889e-05,-4.11884535168007e-06,1.51323070336612e-07
52.69,0.0198718610974549,-2.63005244578932e-05,-4.06482305380163e-06,1.47472255341764e-07
52.7,0.0198642243144311,-2.63408797192258e-05,-4.01132351458004e-06,1.43659169694216e-07
52.71,0.0198565747451021,-2.6380702820003e-05,-3.95834187135141e-06,1.3988346690089e-07
52.72,0.0198489125544938,-2.64199989129705e-05,-3.90587335944927e-06,1.3614480336105e-07
52.73,0.0198412379067161,-2.64587731030687e-05,-3.853913131212e-06,1.32442833469028e-07
52.74,0.0198335509636145,-2.64970304468188e-05,-3.80245636941024e-06,1.28777214098315e-07
52.75,0.0198258518856944,-2.6534775952774e-05,-3.75149833864479e-06,1.25147605820738e-07
52.76,0.0198181408316813,-2.65720145829854e-05,-3.70103442930078e-06,1.21553672006321e-07
52.77,0.0198104179594463,-2.66087512529357e-05,-3.65105990953788e-06,1.17995082510822e-07
52.78,0.0198026834246514,-2.66449908319117e-05,-3.60157032426351e-06,1.14471514640405e-07
52.79,0.0197949373816879,-2.66807381451995e-05,-3.55256127114031e-06,1.1098264524402e-07
52.8,0.019787179983215,-2.6715997973666e-05,-3.50402825415019e-06,1.07528155364436e-07
52.81,0.0197794113810961,-2.6750775053769e-05,-3.45596693815824e-06,1.04107728421585e-07
52.82,0.0197716317250487,-2.67850740781162e-05,-3.40837284188114e-06,1.00721046460636e-07
52.83,0.0197638411635594,-2.68188996950642e-05,-3.36124158356834e-06,9.73677934520218e-08
52.84,0.0197560398434504,-2.6852256508415e-05,-3.31456868897267e-06,9.40476621278332e-08
52.85,0.0197482279107986,-2.68851490789075e-05,-3.26835000728377e-06,9.07603519712417e-08
52.86,0.0197404055095873,-2.6917581926322e-05,-3.22258146707923e-06,8.75055601094711e-08
52.87,0.0197325727826216,-2.69495595295336e-05,-3.17725890786598e-06,8.42829783161406e-08
52.88,0.0197247298710987,-2.69810863244744e-05,-3.13237794363365e-06,8.10923011148438e-08
52.89,0.0197168769155143,-2.70121667039898e-05,-3.08793438217157e-06,7.7933229228031e-08
52.9,0.0197090140543246,-2.70428050190934e-05,-3.04392400754601e-06,7.48054691593673e-08
52.91,0.0197011414248625,-2.70730055802023e-05,-3.00034296053813e-06,7.17087342356516e-08
52.92,0.0196932591629011,-2.71027726592048e-05,-2.95718729543267e-06,6.86427363554249e-08
52.93,0.0196853674035689,-2.7132110488416e-05,-2.91445307865009e-06,6.56071897538962e-08
52.94,0.0196774662800063,-2.71610232604648e-05,-2.87213628691289e-06,6.2601807684269e-08
52.95,0.019669555924275,-2.71895151274556e-05,-2.83023290420537e-06,5.96263100367064e-08
52.96,0.0196616364669255,-2.72175902027247e-05,-2.7887391530445e-06,5.66804199255101e-08
52.97,0.0196537080379136,-2.7245252561546e-05,-2.7476511679819e-06,5.37638624772676e-08
52.98,0.0196457707652549,-2.72725062410188e-05,-2.70696520957408e-06,5.08763653232094e-08
52.99,0.0196378247759332,-2.72993552463481e-05,-2.66667870634865e-06,4.80176280480752e-08
53,0.0196298701954607,-2.73258035483512e-05,-2.62678686341663e-06,4.51874135170906e-08
53.01,0.0196219071488164,-2.7351855068222e-05,-2.58728525854861e-06,4.23854694391275e-08
53.02,0.019613935759077,-2.73775136888441e-05,-2.54817042160179e-06,3.96115317750753e-08
53.03,0.0196059561483475,-2.74027832588444e-05,-2.50943884802264e-06,3.68653279395212e-08
53.04,0.0195979684373047,-2.74276675909266e-05,-2.47108685180215e-06,3.41465889837223e-08
53.05,0.0195899727461244,-2.74521704606852e-05,-2.43311075728949e-06,3.14550550724685e-08
53.06,0.0195819691931298,-2.74762956083649e-05,-2.39550718824139e-06,2.87904712322331e-08
53.07,0.0195739578957141,-2.75000467402584e-05,-2.35827265865944e-06,2.61525856447775e-08
53.08,0.0195659389698903,-2.75234275291066e-05,-2.32140393593184e-06,2.3541148386716e-08
53.09,0.0195579125312193,-2.7546441613339e-05,-2.28489736886203e-06,2.09559129545529e-08
53.1,0.0195498786934456,-2.75690925972135e-05,-2.24874993516806e-06,1.83966356747132e-08
53.11,0.0195418375694265,-2.75913840526841e-05,-2.21295794361967e-06,1.58630639251694e-08
53.12,0.0195337892706888,-2.76133195160043e-05,-2.1775181425984e-06,1.33549565857428e-08
53.13,0.0195257339083366,-2.76349024898268e-05,-2.14242698159014e-06,1.08720741739519e-08
53.14,0.0195176715917089,-2.76561364435792e-05,-2.10768144041832e-06,8.41418408265291e-09
53.15,0.0195096024292987,-2.76770248159054e-05,-2.0732782428642e-06,5.98104693946373e-09
53.16,0.0195015265283018,-2.7697571012292e-05,-2.03921410011842e-06,3.57242985219701e-09
53.17,0.0194934439955405,-2.77177784053317e-05,-2.00548576413885e-06,1.18810485256276e-09
53.18,0.0194853549361129,-2.77376503359995e-05,-1.97209011694696e-06,-1.17215488247117e-09
53.19,0.0194772594543053,-2.77571901150669e-05,-1.93902421707264e-06,-3.50858153549298e-09
53.2,0.0194691576531474,-2.77764010214083e-05,-1.90628460916382e-06,-5.82140489399776e-09
53.21,0.0194610496353365,-2.77952863009099e-05,-1.87386821893855e-06,-8.11084514490173e-09
53.22,0.0194529355018815,-2.78138491684964e-05,-1.84177190087786e-06,-1.03771174443381e-08
53.23,0.0194448153530242,-2.78320928091375e-05,-1.8099928061918e-06,-1.26204300140744e-08
53.24,0.019436689287792,-2.78500203793796e-05,-1.7785280502862e-06,-1.48409908092239e-08
53.25,0.0194285574049191,-2.78676350081047e-05,-1.74737498896211e-06,-1.70390164521497e-08
53.26,0.0194204198014827,-2.78849397941763e-05,-1.7165302397918e-06,-1.92147288818484e-08
53.27,0.0194122765738278,-2.79019378034978e-05,-1.68599068243308e-06,-2.13683393462633e-08
53.28,0.0194041278171202,-2.79186320724434e-05,-1.65575353016782e-06,-2.35000559926873e-08
53.29,0.0193959736262652,-2.79350256094363e-05,-1.6258159321049e-06,-2.56100844195671e-08
53.3,0.0193878140945509,-2.79511213946375e-05,-1.59617503292201e-06,-2.76986280870469e-08
53.31,0.0193796493145761,-2.7966922380331e-05,-1.5668281991432e-06,-2.97658911865675e-08
53.32,0.0193714793780133,-2.79824314911758e-05,-1.53777245270994e-06,-3.18120783507636e-08
53.33,0.0193633043754078,-2.79976516232652e-05,-1.50900511439603e-06,-3.38373898858228e-08
53.34,0.0193551243970864,-2.80125856451972e-05,-1.48052333877506e-06,-3.58420263088543e-08
53.35,0.0193469395318013,-2.80272363976138e-05,-1.45232440953668e-06,-3.78261830579223e-08
53.36,0.0193387498674253,-2.80416066940607e-05,-1.42440560717921e-06,-3.97900522935897e-08
53.37,0.0193305554916403,-2.80556993215072e-05,-1.39676431456451e-06,-4.17338205204253e-08
53.38,0.0193223564905862,-2.80695170415624e-05,-1.36939810359134e-06,-4.36576757107408e-08
53.39,0.0193141529497671,-2.80830625907865e-05,-1.34230432102504e-06,-4.55618118881366e-08
53.4,0.0193059449538442,-2.80963386787779e-05,-1.31548026036709e-06,-4.74464205438318e-08
53.41,0.019297732586403,-2.81093479882246e-05,-1.28892329593815e-06,-4.93116907198672e-08
53.42,0.0192895159308826,-2.8122093175404e-05,-1.26263073731038e-06,-5.11578054578821e-08
53.43,0.0192812950692138,-2.81345768717352e-05,-1.23660033094623e-06,-5.29849469396207e-08
53.44,0.0192730700825106,-2.81468016838868e-05,-1.21082925502295e-06,-5.47932960614756e-08
53.45,0.0192648410517622,-2.81587701932388e-05,-1.1853154385814e-06,-5.65830252966171e-08
53.46,0.0192566080564758,-2.81704849584298e-05,-1.16005628444601e-06,-5.83543152202651e-08
53.47,0.01924837117559,-2.81819485135437e-05,-1.13504952224181e-06,-6.01073453451431e-08
53.48,0.0192401304870264,-2.8193163367587e-05,-1.1102923448166e-06,-6.18422936015555e-08
53.49,0.0192318860686145,-2.82041320039214e-05,-1.08578257000225e-06,-6.35593270898447e-08
53.5,0.0192236379967294,-2.82148568834894e-05,-1.06151778809283e-06,-6.52586161531857e-08
53.51,0.0192153863472129,-2.82253404439226e-05,-1.03749572952381e-06,-6.69403268546465e-08
53.52,0.0192071311949205,-2.82355851001775e-05,-1.01371417559712e-06,-6.86046255492975e-08
53.53,0.0191988726146404,-2.82455932445924e-05,-9.90170766395851e-07,-7.02516797828214e-08
53.54,0.0191906106797379,-2.8255367246241e-05,-9.66863288412138e-07,-7.18816571378604e-08
53.55,0.0191823454630669,-2.82649094513856e-05,-9.43789292153287e-07,-7.3494728063114e-08
53.56,0.0191740770365252,-2.82742221815365e-05,-9.20946366103558e-07,-7.50910498496083e-08
53.57,0.0191658054719781,-2.82833077357097e-05,-8.98332423881794e-07,-7.66707710603291e-08
53.58,0.0191575308398946,-2.82921683931399e-05,-8.75945553157845e-07,-7.82340420113392e-08
53.59,0.0191492532102657,-2.83008064138099e-05,-8.53783746886882e-07,-7.97810222792089e-08
53.6,0.0191409726523792,-2.83092240360364e-05,-8.3184471228612e-07,-8.13118758835366e-08
53.61,0.0191326892345955,-2.83174234743218e-05,-8.10126015476165e-07,-8.28267637203944e-08
53.62,0.0191244030252768,-2.8325406919768e-05,-7.88625484173119e-07,-8.43258379218103e-08
53.63,0.0191161140914149,-2.83331765424994e-05,-7.67340996460704e-07,-8.58092470248773e-08
53.64,0.0191078224993344,-2.83407344927581e-05,-7.46270725455364e-07,-8.7277136467027e-08
53.65,0.0190995283153752,-2.83480829014618e-05,-7.25412573139171e-07,-8.87296515904184e-08
53.66,0.0190912316045351,-2.83552238789702e-05,-7.04764561018177e-07,-9.01669346855351e-08
53.67,0.0190829324313819,-2.83621595161127e-05,-6.84324780196295e-07,-9.15891314319079e-08
53.68,0.0190746308598353,-2.8368891884148e-05,-6.64091185569911e-07,-9.29963906097652e-08
53.69,0.0190663269529434,-2.83754230336929e-05,-6.44061695514634e-07,-9.43888613925048e-08
53.7,0.0190580207740272,-2.83817549943125e-05,-6.2423425710322e-07,-9.5766689143719e-08
53.71,0.0190497123841826,-2.83878897751355e-05,-6.04606770848633e-07,-9.71300152144191e-08
53.72,0.0190414018452509,-2.83938293660964e-05,-5.85177509423202e-07,-9.84789758746791e-08
53.73,0.0190330892182242,-2.83995757392615e-05,-5.65944622358567e-07,-9.98137073408677e-08
53.74,0.0190247745630314,-2.84051308482817e-05,-5.46906241225137e-07,-1.01134347729957e-07
53.75,0.0190164579392169,-2.84104966278721e-05,-5.28060466463008e-07,-1.02441034927547e-07
53.76,0.0190081394057273,-2.8415674993695e-05,-5.09405413122999e-07,-1.03733903542076e-07
53.77,0.0189998190209169,-2.84206678425795e-05,-4.90939168580694e-07,-1.0501308444276e-07
53.78,0.0189914968425491,-2.8425477053045e-05,-4.72659991876318e-07,-1.06278704658237e-07
53.79,0.018983172927804,-2.84301044863831e-05,-4.54566207839969e-07,-1.07530891441577e-07
53.8,0.018974847333058,-2.84345519871257e-05,-4.36656063164215e-07,-1.08769776761611e-07
53.81,0.0189665201145708,-2.84388213810436e-05,-4.18927555522002e-07,-1.09995489807817e-07
53.82,0.0189581913280295,-2.84429144753643e-05,-4.0137912040469e-07,-1.11208157167537e-07
53.83,0.0189498610281129,-2.84468330599746e-05,-3.84008702048238e-07,-1.12407906571094e-07
53.84,0.0189415292691653,-2.84505789070459e-05,-3.66814901153239e-07,-1.13594859538782e-07
53.85,0.0189331961049861,-2.84541537725793e-05,-3.49795812429579e-07,-1.1476913876034e-07
53.86,0.0189248615888244,-2.84575593957609e-05,-3.32950035443519e-07,-1.15930863877892e-07
53.87,0.0189165257731672,-2.84607975000214e-05,-3.16275742521776e-07,-1.17080161222664e-07
53.88,0.0189081887106424,-2.84638697906426e-05,-2.99771204222792e-07,-1.18217150063858e-07
53.89,0.0188998504524411,-2.84667779560967e-05,-2.83434771165235e-07,-1.19341949832398e-07
53.9,0.01889151105014,-2.84695236688064e-05,-2.67264873321021e-07,-1.20454679320391e-07
53.91,0.0188831705541173,-2.84721085849337e-05,-2.51259824744173e-07,-1.21555454135568e-07
53.92,0.0188748290144582,-2.84745343445991e-05,-2.35418105739285e-07,-1.22644387906911e-07
53.93,0.0188664864807429,-2.84768025731744e-05,-2.19738262906882e-07,-1.23721597060409e-07
53.94,0.0188581430015899,-2.84789148801385e-05,-2.04218602377802e-07,-1.2478719675876e-07
53.95,0.0188497986264817,-2.84808728582769e-05,-1.88857421942675e-07,-1.25841296694773e-07
53.96,0.0188414534034989,-2.84826780848531e-05,-1.73653450213579e-07,-1.26884005398634e-07
53.97,0.0188331073788675,-2.84843321233643e-05,-1.5860503308446e-07,-1.27915437941324e-07
53.98,0.0188247606010572,-2.84858365211634e-05,-1.43710687829828e-07,-1.28935698586923e-07
53.99,0.0188164131162338,-2.84871928109697e-05,-1.28968998539665e-07,-1.29944893223314e-07
54,0.0188080649705498,-2.84884025117346e-05,-1.14378522760294e-07,-1.30943135815993e-07
54.01,0.0187997162096769,-2.84894671261756e-05,-9.99375153916653e-08,-1.31930532624721e-07
54.02,0.0187913668788262,-2.84903881416669e-05,-8.56447222456713e-08,-1.32907185151033e-07
54.03,0.018783017022745,-2.84911670322575e-05,-7.14986182275456e-08,-1.33873196695521e-07
54.04,0.0187746666852693,-2.84918052578962e-05,-5.74979665274588e-08,-1.34828667633465e-07
54.05,0.0187663159115994,-2.84923042654814e-05,-4.36413331588397e-08,-1.3577370480929e-07
54.06,0.0187579647433012,-2.84926654863179e-05,-2.99271089407645e-08,-1.36708411189433e-07
54.07,0.0187496132246823,-2.84928903375265e-05,-1.6354026221647e-08,-1.37632888013313e-07
54.08,0.0187412613977891,-2.84929802228161e-05,-2.92068654811747e-09,-1.38547235452399e-07
54.09,0.0187329093046831,-2.8492936532504e-05,1.03742460973716e-08,-1.39451556221497e-07
54.1,0.0187245569869976,-2.84927606423055e-05,2.3532263127379e-08,-1.40345944359143e-07
54.11,0.0187162044854849,-2.84924539148874e-05,3.6554546811671e-08,-1.41230491592927e-07
54.12,0.018707851842291,-2.8492017700875e-05,4.9442311212767e-08,-1.42105290315291e-07
54.13,0.0186994990959644,-2.84914533379957e-05,6.21969415669909e-08,-1.42970434220136e-07
54.14,0.0186911462878143,-2.84907621508108e-05,7.48197186934392e-08,-1.43826015909175e-07
54.15,0.0186827934569278,-2.84899454505271e-05,8.73119274479947e-08,-1.44672123607521e-07
54.16,0.018674440642438,-2.84890045366352e-05,9.96746931023372e-08,-1.45508852921941e-07
54.17,0.0186660878830693,-2.8487940696135e-05,1.11909427679858e-07,-1.46336301387143e-07
54.18,0.0186577352171469,-2.84867552014585e-05,1.24017557441188e-07,-1.4715455886133e-07
54.19,0.0186493826826046,-2.84854493121874e-05,1.36000223418491e-07,-1.47963711393684e-07
54.2,0.0186410303165276,-2.84840242769151e-05,1.47858522712809e-07,-1.48763846543386e-07
54.21,0.0186326781574309,-2.84824813330496e-05,1.595936406458e-07,-1.49555054437837e-07
54.22,0.0186243262402659,-2.8480821705343e-05,1.71206852890891e-07,-1.50337426574117e-07
54.23,0.0186159746027785,-2.84790466061501e-05,1.82699394801952e-07,-1.51111053548621e-07
54.24,0.0186076232805243,-2.84771572348604e-05,1.94072607942329e-07,-1.51876018411165e-07
54.25,0.0185992723091388,-2.84751547787155e-05,2.05327562712396e-07,-1.52632399479055e-07
54.26,0.0185909217238924,-2.84730404146916e-05,2.1646526540555e-07,-1.53380272326041e-07
54.27,0.0185825715592358,-2.84708153105701e-05,2.27486580048625e-07,-1.54119719086953e-07
54.28,0.0185742218510754,-2.84684806233263e-05,2.38392873726343e-07,-1.54850827606237e-07
54.29,0.0185658726317746,-2.84660374966275e-05,2.49185255323796e-07,-1.55573684352449e-07
54.3,0.0185575239365194,-2.84634870625252e-05,2.5986508504578e-07,-1.56288378387442e-07
54.31,0.0185491757983254,-2.84608304401649e-05,2.70433451031249e-07,-1.56994986973975e-07
54.32,0.0185408282503179,-2.84580687382576e-05,2.80891449654492e-07,-1.57693588864004e-07
54.33,0.0185324813252778,-2.84552030552628e-05,2.91240023460829e-07,-1.58384256952634e-07
54.34,0.0185241350551886,-2.84522344802228e-05,3.0148014143219e-07,-1.59067065776675e-07
54.35,0.0185157894735166,-2.84491640925439e-05,3.11612722998837e-07,-1.59742093310266e-07
54.36,0.0185074446102078,-2.84459929605249e-05,3.21639130181969e-07,-1.6040942025149e-07
54.37,0.0184991004980581,-2.84427221404395e-05,3.31560335911352e-07,-1.61069120745463e-07
54.38,0.0184907571681761,-2.84393526781949e-05,3.41377400510337e-07,-1.61721265915974e-07
54.39,0.0184824146499771,-2.84358856103248e-05,3.5109124323148e-07,-1.62365930386543e-07
54.4,0.0184740729752875,-2.84323219632826e-05,3.60702956299814e-07,-1.63003183452465e-07
54.41,0.0184657321737882,-2.84286627532966e-05,3.70213394609981e-07,-1.63633091799103e-07
54.42,0.0184573922753097,-2.84249089876087e-05,3.79623611474329e-07,-1.6425572927687e-07
54.43,0.0184490533089097,-2.84210616629752e-05,3.88934608271435e-07,-1.64871164872884e-07
54.44,0.0184407153051565,-2.84171217670198e-05,3.98147190692153e-07,-1.65479472369056e-07
54.45,0.018432378291581,-2.84130902774086e-05,4.07262582743073e-07,-1.66080729173216e-07
54.46,0.0184240422967719,-2.84089681609575e-05,4.16281715694931e-07,-1.66675008595894e-07
54.47,0.0184157073499271,-2.84047563744938e-05,4.25205622594085e-07,-1.67262378158796e-07
54.48,0.0184073734790369,-2.84004558657535e-05,4.3403508248274e-07,-1.67842906285754e-07
54.49,0.0183990407104355,-2.83960675737701e-05,4.42771147843086e-07,-1.68416663853965e-07
54.5,0.0183907090728912,-2.83915924276028e-05,4.51414713021576e-07,-1.68983710911527e-07
54.51,0.0183823785930661,-2.83870313479014e-05,4.59966510659765e-07,-1.69544107016204e-07
54.52,0.0183740492977948,-2.83823852476662e-05,4.68427455408672e-07,-1.7009791804266e-07
54.53,0.0183657212131685,-2.83776550309031e-05,4.76798349373774e-07,-1.70645208590952e-07
54.54,0.0183573943668174,-2.83728415932199e-05,4.85080089842319e-07,-1.71186049547788e-07
54.55,0.0183490687833654,-2.83679458197202e-05,4.93273906331992e-07,-1.71720509460515e-07
54.56,0.0183407444885235,-2.83629685853594e-05,5.01380527237363e-07,-1.72248649404921e-07
54.57,0.0183324215090952,-2.83579107570864e-05,5.09400868523373e-07,-1.72770525064985e-07
54.58,0.018324099868436,-2.83527731937823e-05,5.17335613278545e-07,-1.73286189880201e-07
54.59,0.0183157795928155,-2.83475567484623e-05,5.25185312690792e-07,-1.73795706751347e-07
54.6,0.0183074607059641,-2.83422622659003e-05,5.32951077317234e-07,-1.74299141191598e-07
54.61,0.0182991432336239,-2.83368905798112e-05,5.4063392241303e-07,-1.74796551902309e-07
54.62,0.0182908271985527,-2.83314425148855e-05,5.48234593712609e-07,-1.75287993642878e-07
54.63,0.0182825126246104,-2.83259188901711e-05,5.55753591655227e-07,-1.75773528188309e-07
54.64,0.0182741995367675,-2.83203205173822e-05,5.63191901622428e-07,-1.762532176375e-07
54.65,0.0182658879565594,-2.83146481983913e-05,5.70550413377574e-07,-1.767271231287e-07
54.66,0.0182575779084555,-2.83089027268471e-05,5.77829925159355e-07,-1.77195306121779e-07
54.67,0.0182492694144027,-2.83030848874034e-05,5.85031400492752e-07,-1.77657817532946e-07
54.68,0.0182409624983793,-2.82971954579501e-05,5.92155254746295e-07,-1.78114709986379e-07
54.69,0.0182326571809384,-2.82912352104472e-05,5.99202283998259e-07,-1.78566042137082e-07
54.7,0.0182243534855759,-2.82852049084414e-05,6.0617340096841e-07,-1.79011866239528e-07
54.71,0.0182160514341918,-2.8279105307091e-05,6.13069270732926e-07,-1.79452228231897e-07
54.72,0.0182077510470826,-2.82729371559481e-05,6.19890397214803e-07,-1.79887183129076e-07
54.73,0.0181994523470417,-2.82667011984049e-05,6.26637616098781e-07,-1.80316789579092e-07
54.74,0.0181911553552636,-2.82603981688104e-05,6.33311753528326e-07,-1.80741104083526e-07
54.75,0.0181828600913532,-2.82540287933863e-05,6.39913637793062e-07,-1.81160187511365e-07
54.76,0.0181745665769597,-2.82475937901841e-05,6.46444126385338e-07,-1.81574092128856e-07
54.77,0.0181662748335079,-2.82410938691674e-05,6.52903894321843e-07,-1.81982860055291e-07
54.78,0.0181579848799345,-2.82345297344838e-05,6.59293462639588e-07,-1.82386536012104e-07
54.79,0.0181496967363195,-2.82279020858591e-05,6.65613272741443e-07,-1.82785168814822e-07
54.8,0.0181414104234365,-2.82212116173402e-05,6.71864014669579e-07,-1.83178811049695e-07
54.81,0.0181331259609312,-2.82144590140419e-05,6.78046751617916e-07,-1.83567514344605e-07
54.82,0.0181248433668726,-2.82076449529071e-05,6.84161938558034e-07,-1.83951328013291e-07
54.83,0.0181165626618487,-2.82007701053545e-05,6.90210407496395e-07,-1.84330302657146e-07
54.84,0.018108283864418,-2.81938351353857e-05,6.96192661938413e-07,-1.84704482152937e-07
54.85,0.0181000069933885,-2.81868407011601e-05,7.02109498789798e-07,-1.85073917264582e-07
54.86,0.0180917320673624,-2.81797874539645e-05,7.0796140039369e-07,-1.85438653847698e-07
54.87,0.0180834591042851,-2.81726760388577e-05,7.13749175805873e-07,-1.85798738057287e-07
54.88,0.0180751881237242,-2.81655070942003e-05,7.19473348370809e-07,-1.86154211980761e-07
54.89,0.0180669191418596,-2.81582812526872e-05,7.25134497668527e-07,-1.86505122085802e-07
54.9,0.0180586521783175,-2.81509991415679e-05,7.30733208233039e-07,-1.86851518190607e-07
54.91,0.0180503872488877,-2.81436613804161e-05,7.36270376723505e-07,-1.87193444012652e-07
54.92,0.0180421243723519,-2.81362685824064e-05,7.41746352256514e-07,-1.87530942068718e-07
54.93,0.0180338635654813,-2.81288213554927e-05,7.4716190756588e-07,-1.87864056341066e-07
54.94,0.018025604845314,-2.81213203013297e-05,7.5251749819136e-07,-1.8819283045218e-07
54.95,0.0180173482287023,-2.81137660163805e-05,7.57813666471944e-07,-1.88517311505086e-07
54.96,0.0180090937318518,-2.81061590908244e-05,7.63051235670972e-07,-1.88837546260763e-07
54.97,0.018000841372606,-2.8098500107473e-05,7.68230739067492e-07,-1.89153573862251e-07
54.98,0.0179925911654477,-2.80907896435105e-05,7.73352771640603e-07,-1.89465433336974e-07
54.99,0.0179843431278615,-2.80830282719065e-05,7.78417688533234e-07,-1.89773165873121e-07
55,0.0179760972753318,-2.80752165602102e-05,7.8342615316843e-07,-1.90076811583853e-07
