Time,e_y,e_yaw,e_yawrate,e_beta
0,-7.57870211032241e-09,4.06005699178523e-10,0,0
0.01,-7.64038077250007e-09,4.11161383845626e-10,6.2563390266813e-10,-5.93401063677669e-11
0.02,-7.81260744986412e-09,4.1586455282136e-10,1.06128950264734e-09,-2.00005629704669e-10
0.03,-8.08077338376734e-09,4.18471453648091e-10,1.44974938297032e-09,-4.0004971532426e-10
0.04,-8.40885316932827e-09,4.19593814437254e-10,1.81396001450293e-09,-6.32908312747909e-10
0.05,-8.76021832851848e-09,4.19288362997935e-10,2.1303041970723e-09,-8.77640748075857e-10
0.06,-9.08504205199279e-09,4.1868023590459e-10,2.37743316037057e-09,-1.11864827059789e-09
0.07,-9.35202226770571e-09,4.17978704553564e-10,2.543984319194e-09,-1.34436863908248e-09
0.08,-9.53378798129734e-09,4.16943791148315e-10,2.62702936932514e-09,-1.54651816252772e-09
0.09,-9.61317425662855e-09,4.16628547412619e-10,2.62913770710485e-09,-1.71956070740061e-09
0.1,-9.5801064858847e-09,4.16098445138298e-10,2.55699467637537e-09,-1.86014700972269e-09
0.11,-9.44116962386943e-09,4.16258179699477e-10,2.41744656004582e-09,-1.96681766669302e-09
0.12,-9.20053366826323e-09,4.1578475526317e-10,2.21777339026627e-09,-2.03954955568396e-09
0.13,-8.88028850454248e-09,4.15578716382163e-10,1.9640040383179e-09,-2.07947963659718e-09
0.14,-8.49409698133741e-09,4.13900351813973e-10,1.66277529185206e-09,-2.08850446358519e-09
0.15,-8.07006461656101e-09,4.1173056506359e-10,1.32008922256784e-09,-2.06911286048349e-09
0.16,-7.62469465342974e-09,4.07161672349395e-10,9.43870585263574e-10,-2.02405902333418e-09
0.17,-7.18445036795856e-09,4.01236394657169e-10,5.42300029197735e-10,-1.95631300303184e-09
0.18,-6.76366340712775e-09,3.91983670448041e-10,1.26147310867144e-10,-1.86882452888513e-09
0.19,-6.38102815031516e-09,3.80735105151747e-10,-2.93599015198291e-10,-1.76457007311223e-09
0.2,-6.04509864388092e-09,3.65742896586415e-10,-7.03473879740261e-10,-1.64636214191155e-09
0.21,-5.7631366345845e-09,3.4885966394157e-10,-1.09066751868122e-09,-1.5169689861582e-09
0.22,-5.53575851824917e-09,3.28676874391984e-10,-1.44085701307896e-09,-1.37895139218752e-09
0.23,-5.36093036629381e-09,3.07432065849836e-10,-1.74207432557825e-09,-1.23483799613735e-09
0.24,-5.23334708901757e-09,2.84062002090933e-10,-1.98262245837923e-09,-1.0869770677255e-09
0.25,-5.1451038984851e-09,2.61011724371595e-10,-2.15490946790375e-09,-9.37710547273405e-10
0.26,-5.08773201346457e-09,2.3741399539652e-10,-2.25308884903234e-09,-7.89212647468692e-10
0.27,-5.0512234395228e-09,2.15757034248243e-10,-2.27641175845074e-09,-6.43639390225548e-10
0.28,-5.02670882696066e-09,1.95177179018152e-10,-2.22637835201541e-09,-5.02946786386179e-10
0.29,-5.00486496690655e-09,1.78008515841103e-10,-2.10951110047524e-09,-3.69019273486346e-10
0.3,-4.97893015705131e-09,1.63265216717995e-10,-1.93405550642191e-09,-2.4347810589607e-10
0.31,-4.9419917047544e-09,1.52896494471642e-10,-1.71223690152105e-09,-1.27799351539779e-10
0.32,-4.89069762465988e-09,1.45762019926807e-10,-1.45678721838064e-09,-2.31334748405586e-11
0.33,-4.82093742704137e-09,1.4329947467028e-10,-1.18210901247562e-09,6.96047536499965e-11
0.34,-4.73344119455987e-09,1.44140898404658e-10,-9.02849336371462e-10,1.49819482018997e-10
0.35,-4.625730021246e-09,1.49251163962162e-10,-6.33702476285923e-10,2.1717718413748e-10
0.36,-4.50294024290088e-09,1.57086223478628e-10,-3.86805114000735e-10,2.71718472524904e-10
0.37,-4.36255298552624e-09,1.68340454166344e-10,-1.56672134537775e-10,3.14951205699915e-10
0.38,-4.20729850958423e-09,1.81868982190842e-10,1.22617563027481e-11,3.4672745427388e-10
0.39,-4.04530187125829e-09,1.96320822686917e-10,1.31421737746658e-10,3.68767435003129e-10
0.4,-3.8727172579911e-09,2.1192701198658e-10,2.00016364863754e-10,3.82362569805326e-10
0.41,-3.70211239442142e-09,2.27070548362331e-10,2.19636536445485e-10,3.88100044168795e-10
0.42,-3.52662077318655e-09,2.41875981272609e-10,1.91520250498854e-10,3.86381401064715e-10
0.43,-3.3591369685837e-09,2.55026751020941e-10,1.19969714223099e-10,3.77860393673047e-10
0.44,-3.18962545264867e-09,2.66632296318696e-10,1.05861521815985e-11,3.63369965812933e-10
0.45,-3.03126501677298e-09,2.75750772209527e-10,-1.28193526371541e-10,3.43948297074792e-10
0.46,-2.87153145706043e-09,2.82559614959675e-10,-2.8783505065686e-10,3.20633731062416e-10
0.47,-2.72377675969437e-09,2.86522617272174e-10,-4.58657462685184e-10,2.9448303320405e-10
0.48,-2.57381138624169e-09,2.87838597029038e-10,-6.32205725222598e-10,2.66427302084025e-10
0.49,-2.4352662109095e-09,2.86382919047812e-10,-8.00101382460955e-10,2.37328296930737e-10
0.5,-2.292991574393e-09,2.82387032107374e-10,-9.55769057803886e-10,2.07891183509153e-10
0.51,-2.16117435059004e-09,2.7604627890432e-10,-1.093293494367e-09,1.78732030609248e-10
0.52,-2.0242811871185e-09,2.67584589473342e-10,-1.2087468056122e-09,1.50317093546775e-10
0.53,-1.89735249733758e-09,2.57368519111856e-10,-1.2990969244037e-09,1.23030037168074e-10
0.54,-1.76475456470371e-09,2.45598494617131e-10,-1.36323710869527e-09,9.7126927828911e-11
0.55,-1.64232272226172e-09,2.32787740262969e-10,-1.40082436372083e-09,7.280684179596e-11
0.56,-1.5144969722769e-09,2.19045059769888e-10,-1.41306131302368e-09,5.01773669592748e-11
0.57,-1.39782230235141e-09,2.04885074033799e-10,-1.40199116186374e-09,2.93033813953517e-11
0.58,-1.27670762850585e-09,1.90340900495584e-10,-1.37037876819937e-09,1.01979019716217e-11
0.59,-1.16819887097108e-09,1.75910510103888e-10,-1.32069508571742e-09,-7.10944619096324e-12
0.6,-1.05651132287221e-09,1.61535573376173e-10,-1.25643946314464e-09,-2.26463451690758e-11
0.61,-9.59031076774863e-10,1.4766243358343e-10,-1.1807462188091e-09,-3.64253817767281e-11
0.62,-8.59539106556895e-10,1.34167469495976e-10,-1.09706525572013e-09,-4.8485420729321e-11
0.63,-7.75179920253777e-10,1.21421239902555e-10,-1.00434641852056e-09,-5.84648981877675e-11
0.64,-6.89501788997404e-10,1.09216888995403e-10,-9.15702779480292e-10,-6.68415810617122e-11
0.65,-6.19778894872525e-10,9.78519949395053e-11,-8.26448603616589e-10,-7.32972712303369e-11
0.66,-5.49171375041624e-10,8.70765648804108e-11,-7.37126105659013e-10,-7.78626493497519e-11
0.67,-4.85999684940452e-10,7.70468587036627e-11,-6.4933149907755e-10,-8.06658592881043e-11
0.68,-4.38680203274089e-10,6.78443188351375e-11,-5.64356330253954e-10,-8.18729503364844e-11
0.69,-3.89555943058895e-10,5.92780055242721e-11,-4.83716830590701e-10,-8.15348694066969e-11
0.7,-3.54978269001549e-10,5.15037238945209e-11,-4.08384687694814e-10,-7.97977143730166e-11
0.71,-3.17382564674062e-10,4.42889527095726e-11,-3.40171664578522e-10,-7.67732298749268e-11
0.72,-2.92635249365958e-10,3.77917751177572e-11,-2.78373651795554e-10,-7.26381471739961e-11
0.73,-2.63520760768188e-10,3.17402832037899e-11,-2.22290609281748e-10,-6.76125344112828e-11
0.74,-2.45398368292626e-10,2.63515932139215e-11,-1.70774771092579e-10,-6.1882400362895e-11
0.75,-2.21671569988757e-10,2.13388377749303e-11,-1.23221107930029e-10,-5.56394448051017e-11
0.76,-2.07275974162258e-10,1.69327920452687e-11,-7.88132686356423e-11,-4.90409388495126e-11
0.77,-1.8641799215402e-10,1.28520465274617e-11,-3.7295046787249e-11,-4.22529258455034e-11
0.78,-1.73606906628265e-10,9.35208448693216e-12,1.79988391631371e-12,-3.54100332092491e-11
0.79,-1.53828949578383e-10,6.10547859385636e-12,3.84578671202248e-11,-2.86525067852796e-11
0.8,-1.41237244122294e-10,3.38732407874582e-12,7.2852420372719e-11,-2.2091003332671e-11
0.81,-1.21534782238086e-10,8.71285623944021e-13,1.04781745051211e-10,-1.58360815156343e-11
0.82,-1.08502540285826e-10,-1.16003924344706e-12,1.34289190480955e-10,-9.9656070810393e-12
0.83,-8.84519124610961e-11,-3.05251474639787e-12,1.61200281225074e-10,-4.55438065748055e-12
0.84,-7.48556772123266e-11,-4.51222264050507e-12,1.86065100659986e-10,3.80659040336964e-13
0.85,-5.45377076832665e-11,-5.91243377771209e-12,2.07987431503566e-10,4.76514448241677e-12
0.86,-4.05382394319531e-11,-6.93020677183158e-12,2.27002736283448e-10,8.58706481074697e-12
0.87,-2.02247107949916e-11,-7.96112049233497e-12,2.43001893156877e-10,1.18376060469227e-11
0.88,-6.25544060994798e-12,-8.67291258684443e-12,2.56121256924704e-10,1.45307340348916e-11
0.89,1.36708422360243e-11,-9.4607093988172e-12,2.66396141347108e-10,1.66830877778283e-11
0.9,2.7305269156841e-11,-9.98931113445684e-12,2.74089432397681e-10,1.83295201465933e-11
0.91,4.64766003460682e-11,-1.0650560133231e-11,2.79358150269895e-10,1.9503533458701e-11
0.92,5.93916027469277e-11,-1.1104363577621e-11,2.82543641281392e-10,2.0251131732564e-11
0.93,7.75743913550286e-11,-1.16976732315755e-11,2.84445025352144e-10,2.0668576965857e-11
0.94,8.95559182367833e-11,-1.21418565261618e-11,2.83955327597879e-10,2.07447363439206e-11
0.95,1.06526343301994e-10,-1.2750252146596e-11,2.8221044990827e-10,2.05621490126289e-11
0.96,1.17439391544849e-10,-1.32483923691313e-11,2.79954600277534e-10,2.01742629679816e-11
0.97,1.33172584071417e-10,-1.39005128841642e-11,2.77342885057946e-10,1.96010639596105e-11
0.98,1.48252965459506e-10,-1.45687819711507e-11,2.74579061431838e-10,1.88669112198384e-11
0.99,1.57593937899492e-10,-1.51238167858549e-11,2.71736174892734e-10,1.79912115051662e-11
1,1.7143175767842e-10,-1.58212713111366e-11,2.68784574393383e-10,1.69865506462056e-11
1.01,1.79789516607798e-10,-1.63924433396828e-11,2.66053650485382e-10,1.58904293639588e-11
1.02,1.92389215669664e-10,-1.70993304690842e-11,2.63465200433795e-10,1.47269050359214e-11
1.03,1.99773531051051e-10,-1.76895389304131e-11,2.61040471490665e-10,1.35245327104701e-11
1.04,2.11230144486763e-10,-1.83817941115106e-11,2.58749300022289e-10,1.22947994905352e-11
1.05,2.17718287842672e-10,-1.8930972395724e-11,2.56757819845719e-10,1.10532356208082e-11
1.06,2.27985630374405e-10,-1.96000053744942e-11,2.55050087172811e-10,9.80630110333051e-12
1.07,2.33502106539163e-10,-2.00966360047524e-11,2.53659388771399e-10,8.56571616758832e-12
1.08,2.42516229320699e-10,-2.06954513836892e-11,2.52507003979118e-10,7.34028081751226e-12
1.09,2.46934916958708e-10,-2.11372477525465e-11,2.5156434710845e-10,6.14258286863295e-12
1.1,2.54639864749606e-10,-2.16486248375294e-11,2.50699709889338e-10,4.97977209737454e-12
1.11,2.57900367728325e-10,-2.20118745522368e-11,2.49895028453281e-10,3.86503043071719e-12
1.12,2.64171795549828e-10,-2.24423580837989e-11,2.4901998401734e-10,2.80449198204383e-12
1.13,2.66200395060423e-10,-2.27182075293056e-11,2.48059350263402e-10,1.80929771824981e-12
1.14,2.71083600011934e-10,-2.30534936898143e-11,2.46924636227936e-10,8.85490373430988e-13
1.15,2.71946021257463e-10,-2.32378774493503e-11,2.45628617612876e-10,4.27762162640196e-14
1.16,2.75468536869994e-10,-2.34849892584349e-11,2.44107696090139e-10,-7.15113946774128e-13
1.17,2.75192313381467e-10,-2.35941132731888e-11,2.42382913786028e-10,-1.3820132696143e-12
1.18,2.77490919131651e-10,-2.37530610250271e-11,2.40412580531221e-10,-1.95700051188247e-12
1.19,2.7624924570091e-10,-2.37865073335069e-11,2.3825274072323e-10,-2.43573359294868e-12
1.2,2.77458056530122e-10,-2.38922173808517e-11,2.3600556386811e-10,-2.81035323544661e-12
1.21,2.7541968705691e-10,-2.38567119592537e-11,2.33390708133582e-10,-3.09230467709223e-12
1.22,2.75772293889531e-10,-2.38827803737383e-11,2.30595581174085e-10,-3.27696264438347e-12
1.23,2.73097988667814e-10,-2.38046172854377e-11,2.27770764219216e-10,-3.36402160600768e-12
1.24,2.72847522353459e-10,-2.3765288969605e-11,2.24891347868456e-10,-3.36522314549151e-12
1.25,2.69803734909146e-10,-2.36371085700257e-11,2.22001240435592e-10,-3.28892646661402e-12
1.26,2.69079869497091e-10,-2.35518337994298e-11,2.19045790755538e-10,-3.14935987461032e-12
1.27,2.68154387583763e-10,-2.34453515587582e-11,2.16061385410396e-10,-2.95588874897559e-12
1.28,2.64797073157297e-10,-2.32367121943171e-11,2.1304323964217e-10,-2.71933467622808e-12
1.29,2.63636223962749e-10,-2.30873875267802e-11,2.09957794473353e-10,-2.45233728220408e-12
1.3,2.60245158756334e-10,-2.28410245248212e-11,2.06830163536292e-10,-2.16271928177415e-12
1.31,2.58948418263572e-10,-2.26601232630187e-11,2.03647082751512e-10,-1.85989701618862e-12
1.32,2.55611531940758e-10,-2.23776885975467e-11,2.00423847992658e-10,-1.55131825308234e-12
1.33,2.54276599775949e-10,-2.21673229796157e-11,1.97165242615054e-10,-1.24439068199507e-12
1.34,2.51016984975649e-10,-2.18677125602066e-11,1.93876777455722e-10,-9.45600222145998e-13
1.35,2.49667841956125e-10,-2.16206442248328e-11,1.90551008502499e-10,-6.60856125712983e-13
1.36,2.46520137636708e-10,-2.13047961889615e-11,1.87207122743775e-10,-3.93281800124023e-13
1.37,2.45163001011406e-10,-2.10401750301962e-11,1.83819106327571e-10,-1.47637448575103e-13
1.38,2.42149411633363e-10,-2.07090577502669e-11,1.80400161686053e-10,7.44197241010335e-14
1.39,2.4079582772174e-10,-2.04285959397344e-11,1.76935276308748e-10,2.70619663949733e-13
1.4,2.37873720720927e-10,-2.00834521785291e-11,1.73437310815425e-10,4.40829873177777e-13
1.41,2.36481945137257e-10,-1.97978070704903e-11,1.69895612276252e-10,5.84266594620454e-13
1.42,2.3365842594103e-10,-1.9448789237756e-11,1.66314445652621e-10,7.01324136623557e-13
1.43,2.32241781361608e-10,-1.91597908871757e-11,1.62696375192755e-10,7.92897563067572e-13
1.44,2.29447572053232e-10,-1.8817000621391e-11,1.59049692819716e-10,8.60444037179983e-13
1.45,2.28012275726996e-10,-1.85084628898184e-11,1.55377636248587e-10,9.05367911099499e-13
1.46,2.25313989687947e-10,-1.81636882594981e-11,1.51714946653619e-10,9.31128555131195e-13
1.47,2.23817409050753e-10,-1.78716240795221e-11,1.48055386557086e-10,9.38162880459314e-13
1.48,2.21118234833284e-10,-1.75331006482285e-11,1.44428525231875e-10,9.33857198129526e-13
1.49,2.19571028026166e-10,-1.72485821977115e-11,1.40724133944142e-10,9.13622475674406e-13
1.5,2.1689405826919e-10,-1.69257682919874e-11,1.37045137213351e-10,8.84607072201201e-13
1.51,2.15342410569974e-10,-1.66316251766125e-11,1.33429459215722e-10,8.49004677981696e-13
1.52,2.12716955161341e-10,-1.63137521665199e-11,1.29907395415661e-10,8.08697525627475e-13
1.53,2.1112001036272e-10,-1.60338508393345e-11,1.26446117611537e-10,7.61962097930361e-13
1.54,2.09502637460446e-10,-1.57497081816568e-11,1.23043093373906e-10,7.08888779887001e-13
1.55,2.06901162869144e-10,-1.54409000711718e-11,1.19699922063988e-10,6.50363657665008e-13
1.56,2.05234940153787e-10,-1.51766073462321e-11,1.16395626588752e-10,5.85820846018133e-13
1.57,2.02683203553988e-10,-1.48750635329111e-11,1.1313513888071e-10,5.16446837536459e-13
1.58,2.01010763589693e-10,-1.46113137186234e-11,1.09930805116995e-10,4.44189648227438e-13
1.59,1.98498106840361e-10,-1.43324851508534e-11,1.06792821212822e-10,3.70734058356386e-13
1.6,1.96797245166636e-10,-1.40670464043861e-11,1.03716763167703e-10,2.96533804259977e-13
1.61,1.9432544462461e-10,-1.37904270747405e-11,1.00720993407559e-10,2.24994208956133e-13
1.62,1.92633464735081e-10,-1.35383740708726e-11,9.77808552662855e-11,1.56199935853023e-13
1.63,1.90270910138679e-10,-1.32522376288832e-11,9.48975478684698e-11,9.11446900120283e-14
1.64,1.8858070660599e-10,-1.3011381315808e-11,9.20783275504967e-11,3.02464511236222e-14
1.65,1.86134663238136e-10,-1.27574952656288e-11,8.93069692694578e-11,-2.79617273416406e-14
1.66,1.84440906991767e-10,-1.25169538800321e-11,8.65711523931482e-11,-8.44076625417888e-14
1.67,1.82184045627309e-10,-1.2257851158958e-11,8.3907015065851e-11,-1.36569280326781e-13
1.68,1.80383707970577e-10,-1.20421122197345e-11,8.13149490359173e-11,-1.84013799338696e-13
1.69,1.78204118128633e-10,-1.1783856975577e-11,7.87719094921246e-11,-2.28165821621126e-13
1.7,1.76411774077678e-10,-1.15816289591576e-11,7.63081159800779e-11,-2.67024322694077e-13
1.71,1.74306791222989e-10,-1.13304075872481e-11,7.3892056391489e-11,-3.02275176110492e-13
1.72,1.72561520628278e-10,-1.11303910038554e-11,7.15583664325739e-11,-3.31923122264753e-13
1.73,1.70487624018278e-10,-1.0901155835158e-11,6.92768760298701e-11,-3.57609800151749e-13
1.74,1.68830283087118e-10,-1.06920176932216e-11,6.70597446292386e-11,-3.7890246781006e-13
1.75,1.66714642091392e-10,-1.04998705305636e-11,6.49096201935663e-11,-3.95501955204707e-13
1.76,1.65230495952073e-10,-1.02793028462737e-11,6.27922180878794e-11,-4.09724467218356e-13
1.77,1.63214330939354e-10,-1.0077544062265e-11,6.07687098044596e-11,-4.17957970915148e-13
1.78,1.6165735416962e-10,-9.88746415409259e-12,5.87940285990488e-11,-4.22901815568542e-13
1.79,1.59734447890969e-10,-9.70001941078196e-12,5.6858325299122e-11,-4.25923280478439e-13
1.8,1.58323132382066e-10,-9.50311822949913e-12,5.4968773349542e-11,-4.27128989377332e-13
1.81,1.56540558293727e-10,-9.31027772551207e-12,5.31570107541617e-11,-4.24709648282107e-13
1.82,1.55123913714306e-10,-9.13090647800651e-12,5.13884333283901e-11,-4.20787236842996e-13
1.83,1.53704604599625e-10,-8.97678061506405e-12,4.96542103699432e-11,-4.16268859278858e-13
1.84,1.51982426643826e-10,-8.80239022728182e-12,4.79369366781582e-11,-4.12158490997294e-13
1.85,1.50654599906375e-10,-8.63728059689688e-12,4.62584422950362e-11,-4.0706551907233e-13
1.86,1.49016798900448e-10,-8.47971514894908e-12,4.46411030098602e-11,-3.99455098869161e-13
1.87,1.47743151046598e-10,-8.31954247458588e-12,4.30671211028208e-11,-3.90657602009647e-13
1.88,1.46230583197848e-10,-8.15891872055472e-12,4.15527652482918e-11,-3.79971133314696e-13
1.89,1.45059964040684e-10,-8.00165273176722e-12,4.00918034287459e-11,-3.68416173456197e-13
1.9,1.43623779536028e-10,-7.84451240204115e-12,3.86874575003985e-11,-3.56448934038641e-13
1.91,1.42481582088294e-10,-7.68809551211819e-12,3.73218217270452e-11,-3.45492452710203e-13
1.92,1.41114675500376e-10,-7.55015925103002e-12,3.59968688229308e-11,-3.35414380302203e-13
1.93,1.39888989281189e-10,-7.42850649463965e-12,3.46812022717486e-11,-3.2775520662967e-13
1.94,1.38591360610008e-10,-7.29111109314131e-12,3.33749322736424e-11,-3.22257201341139e-13
1.95,1.37569067248933e-10,-7.15054152361412e-12,3.21119129871401e-11,-3.16322472207825e-13
1.96,1.36322064747674e-10,-7.02124383461936e-12,3.09128107907716e-11,-3.0847544110119e-13
1.97,1.35353062091781e-10,-6.88647582783264e-12,2.97474426318811e-11,-3.00836233260536e-13
1.98,1.34173561150419e-10,-6.76328986174536e-12,2.86286825895475e-11,-2.92920409497793e-13
1.99,1.3325252012919e-10,-6.64161728830053e-12,2.75280594946748e-11,-2.85690604166815e-13
2,1.32131638963529e-10,-6.51441102774891e-12,2.64430565726483e-11,-2.79241402404125e-13
2.01,1.31271882253259e-10,-6.38738020545862e-12,2.5386260787671e-11,-2.72725128578371e-13
2.02,1.30086164062959e-10,-6.29944168779189e-12,2.43673339521459e-11,-2.65790938842425e-13
2.03,1.29222854639011e-10,-6.20140233670737e-12,2.33363997396738e-11,-2.61631123181702e-13
2.04,1.28232535701045e-10,-6.09010080589312e-12,2.23356236323554e-11,-2.57746077109791e-13
2.05,1.27485577650077e-10,-5.97615266722847e-12,2.13923999651178e-11,-2.52052719442966e-13
2.06,1.26553878487812e-10,-5.86629654303474e-12,2.05102891074366e-11,-2.4472381780625e-13
2.07,1.25827348540497e-10,-5.76975355780267e-12,1.96586376469876e-11,-2.38087186179604e-13
2.08,1.24948940083414e-10,-5.66845621747478e-12,1.88212172516853e-11,-2.33434450799488e-13
2.09,1.2427925355496e-10,-5.5706538817893e-12,1.79962117261184e-11,-2.30699700836284e-13
2.1,1.2344969491096e-10,-5.48612373953694e-12,1.71906809027109e-11,-2.2917726654488e-13
2.11,1.22665433366365e-10,-5.42193434242104e-12,1.63876381815906e-11,-2.2968348296709e-13
2.12,1.22049925721512e-10,-5.33011051780817e-12,1.55836358935108e-11,-2.322667408041e-13
2.13,1.21299414956866e-10,-5.24319529663464e-12,1.48329452343628e-11,-2.33246474386252e-13
2.14,1.20742527087714e-10,-5.15734910437331e-12,1.41267858469146e-11,-2.33007244789797e-13
2.15,1.20055076990866e-10,-5.08474955724204e-12,1.34573085569432e-11,-2.32458972414897e-13
2.16,1.19512399976429e-10,-5.00334554170447e-12,1.27992408625339e-11,-2.33214606401133e-13
2.17,1.18869358800566e-10,-4.93516019960002e-12,1.21676797921452e-11,-2.34326897780575e-13
2.18,1.18395959702866e-10,-4.85745128957939e-12,1.15457974697122e-11,-2.36238566402034e-13
2.19,1.17797327447988e-10,-4.79443683421424e-12,1.05208844241204e-11,-2.52305708848394e-13
2.2,1.17219123296763e-10,-4.75425091311467e-12,9.27557161457424e-12,-2.77641526645366e-13
2.21,1.16612497436108e-10,-4.71583163736268e-12,8.10667505443348e-12,-2.97519220325671e-13
2.22,1.16200382649367e-10,-4.663247997915e-12,7.05244450341281e-12,-3.10577193248835e-13
2.23,1.15648823850734e-10,-4.64567935521102e-12,6.16950483845587e-12,-3.13746913381574e-13
2.24,1.15261578059744e-10,-4.61064905312429e-12,5.42502937735153e-12,-3.09878682330004e-13
2.25,1.14751763646836e-10,-4.58125465888492e-12,4.83906722784831e-12,-2.98857701324731e-13
2.26,1.14388498673179e-10,-4.55780726957055e-12,4.39295182594104e-12,-2.82321137467461e-13
2.27,1.13890230579727e-10,-4.53735244040549e-12,4.06390087623909e-12,-2.62416052291297e-13
2.28,1.13534959211847e-10,-4.52041330520223e-12,3.8244523252052e-12,-2.41122873904757e-13
2.29,1.13089093645158e-10,-4.49591687550081e-12,3.66103243693188e-12,-2.19311458010374e-13
2.3,1.1275602673777e-10,-4.47331181971685e-12,3.56137184235848e-12,-1.97503673342715e-13
2.31,1.12308384814241e-10,-4.45971656953923e-12,3.50853046633478e-12,-1.76463788629775e-13
2.32,1.1198775240473e-10,-4.43820000391352e-12,3.47192815181975e-12,-1.57738642029588e-13
2.33,1.11607612041098e-10,-4.40762257125644e-12,3.45475433171944e-12,-1.4066924848289e-13
2.34,1.11352704834644e-10,-4.3687193243046e-12,3.45285737058219e-12,-1.24866824997851e-13
2.35,1.10973452649432e-10,-4.34704657337099e-12,3.45869274209235e-12,-1.10420528165517e-13
2.36,1.10718545442978e-10,-4.3170436025013e-12,3.43126494327048e-12,-9.94625761512122e-14
2.37,1.1047696091282e-10,-4.26933773192776e-12,3.37706727129418e-12,-9.11731045442956e-14
2.38,1.10270903519449e-10,-4.2403906494098e-12,3.31084971032001e-12,-8.39013255469295e-14
2.39,1.10037312595068e-10,-4.20345801219654e-12,3.20386550316915e-12,-7.90505386123816e-14
2.4,1.09696252081903e-10,-4.19393062965812e-12,3.05735137878447e-12,-7.63324865818306e-14
2.41,1.09501741007989e-10,-4.15120917519767e-12,2.85296019254988e-12,-7.63744489111956e-14
2.42,1.0920153670213e-10,-4.13671904784091e-12,2.64710473415906e-12,-7.54305931792273e-14
2.43,1.09047881835522e-10,-4.10707416682784e-12,2.42210954495916e-12,-7.42736571181032e-14
2.44,1.08774322882255e-10,-4.07927788766933e-12,2.20311051539822e-12,-7.17766271932663e-14
2.45,1.08643760654559e-10,-4.05403203221155e-12,1.99124254566558e-12,-6.79194111862803e-14
2.46,1.08404840659659e-10,-4.03929422746652e-12,1.78787913402913e-12,-6.31320895491295e-14
2.47,1.08415498800696e-10,-3.99164385953798e-12,1.58167761929372e-12,-5.84379268213974e-14
2.48,1.08202335979968e-10,-3.9719168316325e-12,1.41412061456838e-12,-5.16527182810831e-14
2.49,1.08099307283283e-10,-3.95440161453078e-12,1.237709514568e-12,-4.58412488772434e-14
2.5,1.0787104542942e-10,-3.93819638862209e-12,1.04764228155366e-12,-4.17695027606587e-14
2.51,1.07764464019056e-10,-3.91564414674602e-12,8.51731892116374e-13,-3.86668243138343e-14
2.52,1.0754330759255e-10,-3.92095220897172e-12,6.71229278946236e-13,-3.51404794848293e-14
2.53,1.07444719787964e-10,-3.91096266556597e-12,4.84084056902477e-13,-3.25497860815502e-14
2.54,1.07234221502495e-10,-3.90215007377965e-12,3.24035723139339e-13,-2.90293998041577e-14
2.55,1.07308828489749e-10,-3.85995471396704e-12,1.97415866306407e-13,-2.4121915514168e-14
2.56,1.07116093772675e-10,-3.85339195112708e-12,1.35834329691595e-13,-1.6290494357561e-14
2.57,1.07035269536482e-10,-3.8481527052889e-12,6.99014482241634e-14,-1.01295427949839e-14
2.58,1.0683276485679e-10,-3.8517692950096e-12,-9.23092141324821e-15,-6.62415742005252e-15
2.59,1.06768816010572e-10,-3.84812820534037e-12,-9.82155802937321e-14,-5.03729549004883e-15
2.6,1.06577857650336e-10,-3.8445448508022e-12,-1.69507518608475e-13,-3.36738024862246e-15
2.61,1.06505027019921e-10,-3.85117595317884e-12,-2.20376541669862e-13,-1.23782496978883e-15
2.62,1.06423314605308e-10,-3.82201120939185e-12,-2.54318179364363e-13,9.81346694123522e-16
2.63,1.06441966352122e-10,-3.81105902829622e-12,-2.51294571375115e-14,1.10449221936891e-14
2.64,1.06266995203441e-10,-3.81118191156658e-12,6.74694538050692e-13,4.03441333390741e-14
2.65,1.06231468066653e-10,-3.78805818440836e-12,1.27058832993189e-12,5.95804088127638e-14
2.66,1.06055608739553e-10,-3.77624385050746e-12,1.78142059075139e-12,7.16412018900373e-14
2.67,1.06042286063257e-10,-3.75201853513344e-12,2.17320501251926e-12,7.54407531449152e-14
2.68,1.06076925021625e-10,-3.70683824455749e-12,2.45366612645705e-12,7.20427723073171e-14
2.69,1.06020081602765e-10,-3.65836259749068e-12,2.64060442735056e-12,6.34519109256929e-14
2.7,1.05991659893334e-10,-3.63619745429406e-12,2.71844018817418e-12,4.92802188708959e-14
2.71,1.05837116848306e-10,-3.61293482803069e-12,2.66042778329206e-12,2.83043195765964e-14
2.72,1.05824682350431e-10,-3.5919793787129e-12,2.48605922421124e-12,2.51106121803634e-15
2.73,1.05695896479574e-10,-3.56330774542382e-12,2.23898201484366e-12,-2.45158956520775e-14
2.74,1.05785602499964e-10,-3.52114732575259e-12,1.73623910611337e-12,-5.63544987640335e-14
2.75,1.05695896479574e-10,-3.49511860684049e-12,7.74839694524868e-13,-1.04426829095182e-13
2.76,1.05662145699625e-10,-3.49721647142953e-12,-1.28206099492937e-13,-1.43851403857638e-13
2.77,1.05520037152473e-10,-3.50691494324732e-12,-9.76158906451912e-13,-1.76993496944004e-13
2.78,1.05464970090452e-10,-3.51689581779728e-12,-1.72665988151332e-12,-2.02008434365337e-13
2.79,1.05237596415009e-10,-3.55016412929884e-12,-2.33106759551843e-12,-2.1658047379796e-13
2.8,1.05231379166071e-10,-3.54558242185386e-12,-2.79270461496219e-12,-2.21974084012279e-13
2.81,1.04875219619771e-10,-3.58764246982294e-12,-3.05930173828439e-12,-2.16315231834538e-13
2.82,1.04626529662255e-10,-3.61510526299954e-12,-3.20006369365301e-12,-2.04936806373687e-13
2.83,1.04190434058182e-10,-3.65979678867145e-12,-3.20853368366465e-12,-1.88813711216202e-13
2.84,1.03829833619784e-10,-3.70508322038473e-12,-3.10472565523659e-12,-1.69394355242885e-13
2.85,1.0345679868351e-10,-3.72103469013348e-12,-2.88964215622093e-12,-1.47226406189972e-13
2.86,1.03097086423531e-10,-3.75296375097095e-12,-2.54605712870247e-12,-1.21331581071142e-13
2.87,1.02586383832204e-10,-3.78868715016701e-12,-2.11992887020721e-12,-9.47546922688277e-14
2.88,1.02191144435437e-10,-3.82099730081922e-12,-1.65318470241686e-12,-7.0299600443845e-14
2.89,1.01702646304602e-10,-3.84739789985258e-12,-1.15144530743598e-12,-4.78891969918878e-14
2.9,1.01527675155921e-10,-3.83424354415714e-12,-6.25901891903044e-13,-2.7528064900911e-14
2.91,1.01224806314804e-10,-3.84108624125511e-12,-5.37967281692367e-14,-7.28702208384653e-15
2.92,1.01051611522962e-10,-3.85176002856832e-12,7.10576678303363e-13,1.50022523738738e-14
2.93,1.00874864017442e-10,-3.8418841980248e-12,1.86989393556861e-12,5.07947134194505e-14
2.94,1.00863317697986e-10,-3.82217995415767e-12,2.89263665621781e-12,7.49060232293968e-14
2.95,1.01076480518714e-10,-3.75767086626134e-12,3.7666975259604e-12,8.91646985247793e-14
2.96,1.01063157842418e-10,-3.71954376752443e-12,4.49080173892432e-12,9.48210928062513e-14
2.97,1.0120526638957e-10,-3.66765442333062e-12,4.97961636753228e-12,8.7843062471519e-14
2.98,1.01228359028482e-10,-3.61996210262527e-12,5.23173191374506e-12,6.92493021542786e-14
2.99,1.01378461181412e-10,-3.57210009608925e-12,5.25517156786452e-12,4.14273904679734e-14
3,1.01588071288461e-10,-3.48863249101944e-12,5.08270922233586e-12,7.6860682771735e-15
3.01,1.0170975173196e-10,-3.45302285082417e-12,4.77796242642725e-12,-2.70645588875651e-14
3.02,1.01698205412504e-10,-3.41135701056119e-12,4.31188791793813e-12,-6.43914501913491e-14
3.03,1.01756825188204e-10,-3.38576157253038e-12,3.43536864610303e-12,-1.11252208271363e-13
3.04,1.01724850765095e-10,-3.35361191453244e-12,2.10848218748251e-12,-1.71323885323683e-13
3.05,1.01846531208594e-10,-3.31779621306315e-12,8.48995935733493e-13,-2.18757532153872e-13
3.06,1.01715968980898e-10,-3.33705665570536e-12,-2.84679251594329e-13,-2.52272918780215e-13
3.07,1.01639585636804e-10,-3.35047948636991e-12,-1.31436851907814e-12,-2.75223071847247e-13
3.08,1.01452179990247e-10,-3.38110876817469e-12,-2.17391989809099e-12,-2.85809316956962e-13
3.09,1.01457509060765e-10,-3.38493550354262e-12,-2.84181174391871e-12,-2.84047452721573e-13
3.1,1.01105790406564e-10,-3.43735158326893e-12,-3.27310902656089e-12,-2.69082641293298e-13
3.11,1.00830455096457e-10,-3.48528984613667e-12,-3.53634646888604e-12,-2.46862948271429e-13
3.12,1.00384589529767e-10,-3.54281101568925e-12,-3.62789975891929e-12,-2.18942551047572e-13
3.13,1.00028429983468e-10,-3.58354039873538e-12,-3.55257911406867e-12,-1.86191119723993e-13
3.14,9.9626973337763e-11,-3.62163577921719e-12,-3.29908684730833e-12,-1.48567069390094e-13
3.15,9.92024240531464e-11,-3.6660515125486e-12,-2.89262282529836e-12,-1.08089100559992e-13
3.16,9.86419834703156e-11,-3.72267016572232e-12,-2.38021260180535e-12,-6.81502625919457e-14
3.17,9.82165460072792e-11,-3.75684855595698e-12,-1.80686238396252e-12,-3.15825621235686e-14
3.18,9.77831149384656e-11,-3.76648802038446e-12,-1.16375033457042e-12,2.65232852595503e-15
3.19,9.74313962842643e-11,-3.78730087187806e-12,-2.41069132645739e-13,4.08500717145542e-14
3.2,9.70254987464614e-11,-3.80364877463612e-12,1.14498750696271e-12,9.34580549400043e-14
3.21,9.67723678968468e-11,-3.79849876455882e-12,2.41584585434283e-12,1.32024680096631e-13
3.22,9.65130197982944e-11,-3.78075592237409e-12,3.56121582638264e-12,1.58590178561025e-13
3.23,9.65876267855492e-11,-3.7263797327626e-12,4.54313619467454e-12,1.72743257010205e-13
3.24,9.6564534146637e-11,-3.67195717658248e-12,5.36036774741049e-12,1.75994744784038e-13
3.25,9.64961444083201e-11,-3.62765642731759e-12,5.95974120404584e-12,1.66753395640285e-13
3.26,9.65600932545385e-11,-3.58814372913016e-12,6.30018920401613e-12,1.43901445336232e-13
3.27,9.66586810591252e-11,-3.51073799331492e-12,6.39565030131363e-12,1.10162598592852e-13
3.28,9.68052304983757e-11,-3.44274207472632e-12,6.31145178394166e-12,7.12664763922093e-14
3.29,9.67963487141787e-11,-3.39373358073022e-12,6.055598522633e-12,2.88012063367753e-14
3.3,9.68629620956563e-11,-3.34875220931122e-12,5.6209356410223e-12,-1.74232153343689e-14
3.31,9.67945723573393e-11,-3.30848382982875e-12,5.05208970551548e-12,-6.43769580888344e-14
3.32,9.69864188959946e-11,-3.23987792477117e-12,4.17650545997493e-12,-1.15023081037363e-13
3.33,9.68647384524957e-11,-3.21847893328029e-12,2.83116219671429e-12,-1.78480653433875e-13
3.34,9.67919078220802e-11,-3.21069315523884e-12,1.52764431607953e-12,-2.30764740701042e-13
3.35,9.6582297715031e-11,-3.22406794150207e-12,3.02821841372118e-13,-2.72464360432385e-13
3.36,9.65725277524143e-11,-3.21392159234915e-12,-7.88784990871908e-13,-3.01354014735572e-13
3.37,9.63442658985514e-11,-3.23977163795312e-12,-1.6615300305303e-12,-3.13805465230302e-13
3.38,9.60653778747655e-11,-3.28238560781263e-12,-2.33798355071382e-12,-3.13076707137552e-13
3.39,9.56497103743459e-11,-3.33052157676718e-12,-2.82721693558639e-12,-3.02047621472617e-13
3.4,9.5255359155999e-11,-3.38261856445133e-12,-3.11790940246962e-12,-2.81510710554695e-13
3.41,9.48388034771597e-11,-3.41868178989737e-12,-3.20108018250523e-12,-2.52209782721492e-13
3.42,9.43769506989156e-11,-3.46330228863528e-12,-3.07082256384882e-12,-2.15012728694451e-13
3.43,9.3768548481421e-11,-3.51446702808372e-12,-2.76665191036207e-12,-1.73411726776885e-13
3.44,9.32480759274767e-11,-3.57065593306397e-12,-2.33482433192983e-12,-1.31045254902611e-13
3.45,9.26299037473655e-11,-3.62209485579817e-12,-1.7986739087272e-12,-8.9471037273879e-14
3.46,9.22515397405732e-11,-3.62317665352213e-12,-1.17589733836255e-12,-4.94562730870557e-14
3.47,9.16431375230786e-11,-3.65308492639e-12,-4.42757479936168e-13,-9.18274141952129e-15
3.48,9.12168118816226e-11,-3.68331218242441e-12,6.03558668885199e-13,3.51695507800622e-14
3.49,9.07602881738967e-11,-3.69160220649263e-12,2.01718596801677e-12,8.84081551198132e-14
3.5,9.04991637185049e-11,-3.68588291613089e-12,3.32412593862425e-12,1.28663567929662e-13
3.51,9.04636365817169e-11,-3.6234914859721e-12,4.50511288699026e-12,1.57308842227536e-13
3.52,9.02371510846933e-11,-3.5858475390741e-12,5.55575162655977e-12,1.75511843351563e-13
3.53,9.01678731679567e-11,-3.54724443193328e-12,6.37328926716111e-12,1.78495353692658e-13
3.54,9.00435281891987e-11,-3.49365134936992e-12,6.92609647329291e-12,1.65785661528994e-13
3.55,9.00701735417897e-11,-3.43528569139053e-12,7.23335482755254e-12,1.40916456903194e-13
3.56,9.01358987448475e-11,-3.34032309980263e-12,7.3203060026374e-12,1.07399681561664e-13
3.57,9.01625440974385e-11,-3.28909241005911e-12,7.23226497852123e-12,6.93075343461624e-14
3.58,9.00630681144321e-11,-3.23169393908291e-12,6.93324965258703e-12,2.52865500900567e-14
3.59,9.0042640010779e-11,-3.17762525056169e-12,6.45436763500804e-12,-2.24189979706397e-14
3.6,8.99103014262437e-11,-3.12981572409204e-12,5.85269019693667e-12,-6.96644380244032e-14
3.61,8.99937901976955e-11,-3.06126902155342e-12,5.09274846508939e-12,-1.13953591290814e-13
3.62,8.97744101280296e-11,-3.03171502064385e-12,3.67616356917738e-12,-1.79449166507025e-13
3.63,8.96172025477426e-11,-3.02414154845185e-12,2.30163366759714e-12,-2.33305519981724e-13
3.64,8.93409790592159e-11,-3.03081888751498e-12,1.00354952136203e-12,-2.76412337963543e-13
3.65,8.91109408485136e-11,-3.04881402565694e-12,-1.52327968031767e-13,-3.06100905902155e-13
3.66,8.8848928214702e-11,-3.0517423325743e-12,-1.1094625037668e-12,-3.2053908424721e-13
3.67,8.85131967720554e-11,-3.07960527915374e-12,-1.82051068461217e-12,-3.18866867386461e-13
3.68,8.79767370065565e-11,-3.12322337524474e-12,-2.30828018302677e-12,-3.04703368707715e-13
3.69,8.7495344303079e-11,-3.16952152616568e-12,-2.59961280556319e-12,-2.81813058188602e-13
3.7,8.68594085545737e-11,-3.23653282913176e-12,-2.68872290838796e-12,-2.51242714931354e-13
3.71,8.63265015027537e-11,-3.27557915524157e-12,-2.59896234992874e-12,-2.15351771697315e-13
3.72,8.57882653804154e-11,-3.29625256344166e-12,-2.30687318215751e-12,-1.7365186174531e-13
3.73,8.51532178103298e-11,-3.35584019606026e-12,-1.82804024855386e-12,-1.27644471201913e-13
3.74,8.44799785681971e-11,-3.39381628220183e-12,-1.25682370185229e-12,-8.36416804403538e-14
3.75,8.3902662595392e-11,-3.4241051769319e-12,-6.07662184375947e-13,-4.26012759387506e-14
3.76,8.32782731663428e-11,-3.4491360909224e-12,1.07881357214012e-13,-4.37378833948878e-15
3.77,8.29558643999917e-11,-3.436423639366e-12,1.38360147325891e-12,4.72267919677828e-14
3.78,8.25366441858932e-11,-3.43728682638386e-12,2.85397686684798e-12,1.00793000684963e-13
3.79,8.22408807721331e-11,-3.41349004995458e-12,4.19543001932604e-12,1.40306223574667e-13
3.8,8.20064016693323e-11,-3.38597993833599e-12,5.3676925497173e-12,1.65134204034062e-13
3.81,8.17816925291481e-11,-3.34974601225758e-12,6.32777277303039e-12,1.74771653954474e-13
3.82,8.16786638324629e-11,-3.29442859181295e-12,7.05226589264394e-12,1.6980209148593e-13
3.83,8.17061973634736e-11,-3.19082103497864e-12,7.55143580720424e-12,1.52922704189257e-13
3.84,8.16413603388355e-11,-3.14328588088244e-12,7.8593489391808e-12,1.27976738769718e-13
3.85,8.15445488910882e-11,-3.06952306758781e-12,7.89847168474426e-12,9.17769704832975e-14
3.86,8.14939227211653e-11,-3.0035470717162e-12,7.70665280216092e-12,4.76020812851537e-14
3.87,8.13447087466557e-11,-2.95146449437762e-12,7.32367353754397e-12,-5.369955700835e-16
3.88,8.12496736557478e-11,-2.89320731228895e-12,6.77555502536508e-12,-5.04467511979396e-14
3.89,8.11919420584672e-11,-2.80777417669334e-12,6.1242486114608e-12,-9.82821496275253e-14
3.9,8.10613798307713e-11,-2.76400997284494e-12,4.97497834443785e-12,-1.55230174895995e-13
3.91,8.07984790185401e-11,-2.73651156590116e-12,3.5242727480846e-12,-2.17313991278401e-13
3.92,8.05657762725787e-11,-2.73882443012484e-12,2.12016275481487e-12,-2.68671795947794e-13
3.93,8.0203399477341e-11,-2.74810512369695e-12,8.15225398161281e-13,-3.07921576506076e-13
3.94,7.99298405240734e-11,-2.75837027891231e-12,-3.19446443278796e-13,-3.32242787087284e-13
3.95,7.94884158494824e-11,-2.78112673206085e-12,-1.22256053413044e-12,-3.39845970581187e-13
3.96,7.91811061162662e-11,-2.79147899410427e-12,-1.88761356025315e-12,-3.32627262315213e-13
3.97,7.86091192139793e-11,-2.84493514954603e-12,-2.29676097132027e-12,-3.11955843883796e-13
3.98,7.80557840585061e-11,-2.89002085451217e-12,-2.51368902255756e-12,-2.83505034712988e-13
3.99,7.74109665258038e-11,-2.93880063669112e-12,-2.53460486339918e-12,-2.48708807053315e-13
4,7.67848007399152e-11,-2.99292191622668e-12,-2.36651381029334e-12,-2.08694674573742e-13
4.01,7.60689289336369e-11,-3.03832087446983e-12,-2.03016765869898e-12,-1.65471844048956e-13
4.02,7.55502327365321e-11,-3.05011885167996e-12,-1.54241785301771e-12,-1.20548561124843e-13
4.03,7.48885398138555e-11,-3.08559138499968e-12,-9.01594907971845e-13,-7.40686588266591e-14
4.04,7.4256156779029e-11,-3.11132272958608e-12,-1.93822655295572e-13,-3.11213475292024e-14
4.05,7.36610772378299e-11,-3.13269085732596e-12,6.23301335712226e-13,6.11917525355529e-15
4.06,7.31921190322282e-11,-3.13859404506376e-12,2.12886351671925e-12,6.57462471282889e-14
4.07,7.27924387433632e-11,-3.12983800570439e-12,3.54779319960681e-12,1.11991458629986e-13
4.08,7.24478255165195e-11,-3.10184169888569e-12,4.84522995070316e-12,1.45599082881866e-13
4.09,7.23572313177101e-11,-3.03201911465146e-12,5.97500507199394e-12,1.65470989189018e-13
4.1,7.21467330322412e-11,-2.97274368506643e-12,6.92587384301989e-12,1.72599602158115e-13
4.11,7.20241644103226e-11,-2.91094833210094e-12,7.62352783207283e-12,1.6448063301165e-13
4.12,7.18625159379371e-11,-2.84695072871911e-12,8.04262588614523e-12,1.41457828144082e-13
4.13,7.17896853075217e-11,-2.77698794961626e-12,8.19181428312052e-12,1.0638713590127e-13
4.14,7.1664452150344e-11,-2.71018746616921e-12,8.10534883072601e-12,6.32432676604109e-14
4.15,7.15836279141513e-11,-2.64206122549554e-12,7.81044120711425e-12,1.50682722844979e-14
4.16,7.14166503712477e-11,-2.58125532926648e-12,7.34829672478306e-12,-3.49502129054877e-14
4.17,7.14592829353933e-11,-2.48702023765481e-12,6.75112463760794e-12,-8.45664857614826e-14
4.18,7.12647718614789e-11,-2.43818281670291e-12,5.93170018754023e-12,-1.32693218400942e-13
4.19,7.1063155360207e-11,-2.39866976769227e-12,4.41666310267946e-12,-2.02808662347202e-13
4.2,7.07807146227424e-11,-2.37769044274362e-12,2.92533853089434e-12,-2.61876054849445e-13
4.21,7.05018265989565e-11,-2.37658623282565e-12,1.51303356803827e-12,-3.08680104202124e-13
4.22,7.01536606584341e-11,-2.38359033709481e-12,2.45270981427514e-13,-3.40872720802486e-13
4.23,6.98454627467981e-11,-2.39858155483223e-12,-8.22530614763367e-13,-3.57011002363152e-13
4.24,6.9398709001689e-11,-2.42664740721771e-12,-1.65474548379263e-12,-3.57213825082987e-13
4.25,6.90896229116333e-11,-2.44032405321898e-12,-2.25151072215908e-12,-3.43823375939922e-13
4.26,6.85194123661859e-11,-2.48885367689427e-12,-2.59291372847266e-12,-3.17948662843871e-13
4.27,6.79509781775778e-11,-2.5270543074145e-12,-2.73866164964981e-12,-2.84830909007321e-13
4.28,6.72919497901603e-11,-2.58720499636332e-12,-2.69183059901947e-12,-2.46206660848295e-13
4.29,6.66577903984944e-11,-2.6331976087398e-12,-2.48235984425577e-12,-2.04465039195267e-13
4.3,6.59614585174495e-11,-2.68018285063607e-12,-2.10762747297266e-12,-1.60099709651535e-13
4.31,6.53122000926487e-11,-2.71854295664875e-12,-1.59089713207999e-12,-1.14680399248355e-13
4.32,6.46203091037023e-11,-2.74633550428529e-12,-9.55177591477362e-13,-6.98053534669992e-14
4.33,6.39994723883319e-11,-2.77191928203874e-12,-2.31331057843557e-13,-2.71740278253892e-14
4.34,6.36148911326018e-11,-2.75429608544486e-12,7.08664193982882e-13,1.44589762611349e-14
4.35,6.31050767196939e-11,-2.75357423977349e-12,2.3167439753593e-12,7.70035101216133e-14
4.36,6.27071727876682e-11,-2.74199121722661e-12,3.79955858683673e-12,1.23579811135951e-13
4.37,6.23474605276897e-11,-2.71197048788575e-12,5.10764301418244e-12,1.53838656838998e-13
4.38,6.21431794911587e-11,-2.65678261253765e-12,6.20898903212239e-12,1.68247268718316e-13
4.39,6.19166939941351e-11,-2.60499550099611e-12,7.09289294625233e-12,1.68365903158623e-13
4.4,6.1780802695921e-11,-2.55017289782855e-12,7.72147527446105e-12,1.54117409396689e-13
4.41,6.166533950136e-11,-2.46843909475988e-12,8.08925164254567e-12,1.27130151493968e-13
4.42,6.15774098378097e-11,-2.39750099948395e-12,8.23055346225637e-12,9.1331201467218e-14
4.43,6.1549876306799e-11,-2.30436058161975e-12,8.14432018612911e-12,4.82670393777657e-14
4.44,6.15543171988975e-11,-2.2175205205131e-12,7.86826435493826e-12,1.07882509587313e-15
4.45,6.14157613654243e-11,-2.14774581400954e-12,7.41566751204196e-12,-4.86349140075561e-14
4.46,6.12931927435056e-11,-2.08784263434801e-12,6.78887336509586e-12,-1.00382233229999e-13
4.47,6.10951289559125e-11,-2.03192329198331e-12,5.60872667645422e-12,-1.6418353004329e-13
4.48,6.09077233093558e-11,-1.99568955368023e-12,3.99369533688263e-12,-2.36990944744483e-13
4.49,6.06243943934714e-11,-1.98878745476282e-12,2.43235305999202e-12,-2.96229820065625e-13
4.5,6.03677108301781e-11,-1.98351565577822e-12,9.69842540682367e-13,-3.41548289967153e-13
4.51,6.00399729933088e-11,-1.9877651848609e-12,-3.09851337825004e-13,-3.69928781255378e-13
4.52,5.97335514385122e-11,-2.00771183388858e-12,-1.36137442655781e-12,-3.80869346502303e-13
4.53,5.93587401453988e-11,-2.04160742618784e-12,-2.17101759002267e-12,-3.76170729564369e-13
4.54,5.91233728641782e-11,-2.05093343370635e-12,-2.74118002476998e-12,-3.58407410686046e-13
4.55,5.8620663878628e-11,-2.09583922153554e-12,-3.04435060239301e-12,-3.28202406985961e-13
4.56,5.8108184930461e-11,-2.13783970020712e-12,-3.15106136591662e-12,-2.91310978344311e-13
4.57,5.75113290324225e-11,-2.19363210538141e-12,-3.07888415077529e-12,-2.50305809821234e-13
4.58,5.68993741012491e-11,-2.24290873877217e-12,-2.8509142932616e-12,-2.07008690217164e-13
4.59,5.62607738174847e-11,-2.28519708381957e-12,-2.47182513130655e-12,-1.62143389590084e-13
4.6,5.56115153926839e-11,-2.33558014627807e-12,-1.9544957981847e-12,-1.16600410538746e-13
4.61,5.49444933994891e-11,-2.36761188525682e-12,-1.33593138372291e-12,-7.26148908313903e-14
4.62,5.43218803272794e-11,-2.39662733695704e-12,-6.29443612079504e-13,-3.08613657844526e-14
4.63,5.37241362508212e-11,-2.40932661321106e-12,1.34712528563645e-13,7.34706131726846e-15
4.64,5.31725774521874e-11,-2.41480328081447e-12,1.76344535774392e-12,6.74033534957085e-14
4.65,5.28883603578834e-11,-2.37258264084238e-12,3.30685315825054e-12,1.16699088922446e-13
4.66,5.25020027453138e-11,-2.33841962304123e-12,4.75171425918594e-12,1.53613878606052e-13
4.67,5.22248910783674e-11,-2.30323342260175e-12,5.99203782617055e-12,1.73951098643788e-13
4.68,5.19877474403074e-11,-2.23588134088997e-12,6.96857755348755e-12,1.76116815151306e-13
4.69,5.18545206773524e-11,-2.17249925204771e-12,7.69008429992782e-12,1.6317337338687e-13
4.7,5.17212939143974e-11,-2.09992205477296e-12,8.14214048541375e-12,1.3681874985219e-13
4.71,5.16378051429456e-11,-2.01887346413656e-12,8.33075968365466e-12,9.93763155144039e-14
4.72,5.1550763657815e-11,-1.94271254934044e-12,8.27955876464886e-12,5.40296136435128e-14
4.73,5.15054665584103e-11,-1.86286780092548e-12,8.00509668496812e-12,3.1057317642446e-15
4.74,5.14175368948599e-11,-1.80115235218514e-12,7.54374876636497e-12,-5.04209747950978e-14
4.75,5.13473707997036e-11,-1.7306437295021e-12,6.91660098751464e-12,-1.04749860542271e-13
4.76,5.1207038609391e-11,-1.67441061225022e-12,5.66023808914127e-12,-1.72356897530879e-13
4.77,5.10924635932497e-11,-1.62830938406487e-12,4.04936435813662e-12,-2.44843284588558e-13
4.78,5.100275757286e-11,-1.58587293313527e-12,2.49395296782023e-12,-3.03720485344914e-13
4.79,5.08375563867958e-11,-1.57059287817259e-12,1.05455511171598e-12,-3.47651131643904e-13
4.8,5.05657737903675e-11,-1.57445851370682e-12,-2.40797104011724e-13,-3.7682231442937e-13
4.81,5.02957675507787e-11,-1.59368240967365e-12,-1.36569084343629e-12,-3.91767199950309e-13
4.82,4.99795760333654e-11,-1.6197805431787e-12,-2.28727598754895e-12,-3.92579779265705e-13
4.83,4.9604764740252e-11,-1.65710252992323e-12,-2.97960769660008e-12,-3.79839063457469e-13
4.84,4.91464646756867e-11,-1.70570588673719e-12,-3.43950149232026e-12,-3.55408731960825e-13
4.85,4.8665960150629e-11,-1.76084090072988e-12,-3.67607065853416e-12,-3.21727825701935e-13
4.86,4.81108486383164e-11,-1.80517164264692e-12,-3.69659709657356e-12,-2.80804659276811e-13
4.87,4.75495198770659e-11,-1.86045279749427e-12,-3.5038939121632e-12,-2.3408627574926e-13
4.88,4.69322358753743e-11,-1.90091078431286e-12,-3.13372260666486e-12,-1.8455677475221e-13
4.89,4.63309390852373e-11,-1.9486209220934e-12,-2.6055325937308e-12,-1.34052389931358e-13
4.9,4.57278659382609e-11,-1.99031283643264e-12,-1.961464673415e-12,-8.51429637616878e-14
4.91,4.5091042011336e-11,-2.02220836637208e-12,-1.23282141352296e-12,-3.95512955452076e-14
4.92,4.45306014285052e-11,-2.04044018155291e-12,-4.45760175572159e-13,1.70029690269193e-15
4.93,4.41513492432932e-11,-2.01873950024803e-12,9.94696692636189e-13,5.6830739779421e-14
4.94,4.37312408507751e-11,-2.00975426384663e-12,2.65481824494648e-12,1.12612664316451e-13
4.95,4.3384851267092e-11,-1.98212006608036e-12,4.16442844886351e-12,1.51950426372423e-13
4.96,4.3100634172788e-11,-1.95210238968417e-12,5.46919361962042e-12,1.73915206741438e-13
4.97,4.2907899455713e-11,-1.88994814926764e-12,6.52459248734086e-12,1.78419042578254e-13
4.98,4.27897717258929e-11,-1.83015620848229e-12,7.33466434410995e-12,1.68058975566551e-13
4.99,4.26974011702441e-11,-1.7610239209257e-12,7.87806143220065e-12,1.44032006834724e-13
5,0.000467698484279744,0.00348992195389389,8.15543028135122e-12,1.0836980307052e-13
5.01,0.0010532976850941,0.00581437699671964,0.00138762948052417,3.13971154192717e-05
5.02,0.00187536630565166,0.00811697574441128,0.00194516094645582,-3.96847421397658e-06
5.03,0.00289389940581675,0.0104171588365974,-0.000683717271535254,-0.000238815583483922
5.04,0.00406769650383332,0.0126256113728563,-0.00712179891983184,-0.000670255573717205
5.05,0.0054290065176037,0.014816842810654,-0.0173929732968835,-0.0012537853893845
5.06,0.00705077154750189,0.0169061079645862,-0.0310335053920171,-0.00192323890141748
5.07,0.00902980814187959,0.0190082834566665,-0.0474458056481927,-0.00261588996016782
5.08,0.0114834715960921,0.0210129430747017,-0.0658450370074119,-0.00327274944919158
5.09,0.0145285381557416,0.023063872346341,-0.0855710183023116,-0.00385358637858936
5.1,0.0182885630711889,0.0250152396530783,-0.105965750423021,-0.00432843313644529
5.11,0.0228441541044244,0.027028397716737,-0.126619326077435,-0.0046872097810874
5.12,0.0282971853570002,0.0289170148634649,-0.147104075913872,-0.00492351178954385
5.13,0.0346636939917566,0.0308609137557827,-0.167220045038102,-0.00504478065013222
5.14,0.0420385763079123,0.0326399438952736,-0.18670687398949,-0.00505563830789839
5.15,0.0503690697806762,0.0344587657025087,-0.205503953151374,-0.00496977969961484
5.16,0.0597727895572513,0.0360698546360636,-0.223437310026062,-0.00479357216078315
5.17,0.0701225318246301,0.0377065162623115,-0.240463732312488,-0.00453870652458293
5.18,0.0815884504058673,0.0390985781022253,-0.256438813523576,-0.00421014865620465
5.19,0.0939593668651968,0.0405096636331005,-0.27138581050799,-0.00382066986041653
5.2,0.10748252575905,0.0416478498069897,-0.285207800412025,-0.00337565222878375
5.21,0.121845331002126,0.0428051164929715,-0.297964855878148,-0.00288633121942651
5.22,0.137391813725235,0.0436672447006322,-0.309608760513826,-0.00235712140281183
5.23,0.153687320405485,0.0445523148193888,-0.320219304460793,-0.00179722213967192
5.24,0.171191231540263,0.0451236480746549,-0.329774450874694,-0.00120864628715278
5.25,0.189327645019066,0.0457236567602729,-0.338366436275118,-0.000599075234996105
5.26,0.208689950088398,0.0459935562218129,-0.345978221948738,2.8006979660079e-05
5.27,0.228543037957089,0.0462991156197724,-0.352690700416465,0.000665869187414526
5.28,0.24963297030234,0.04626075828424,-0.358489011214922,0.00131174230242662
5.29,0.271050908798774,0.0462669337420389,-0.363461279284487,0.00195946510516833
5.3,0.293714957887889,0.0459183674600969,-0.367612344466046,0.0026069057164985
5.31,0.316528789807927,0.0456248444120385,-0.371023878867569,0.00324986873560231
5.32,0.339946373848904,0.0451849097679888,-0.373716308998852,0.00388689215798754
5.33,0.364620564523376,0.0443770183791181,-0.375757161835791,0.00451549341058345
5.34,0.389149932987121,0.0436413397127855,-0.377253917082055,0.00513126544003254
5.35,0.414946110640384,0.0425307787786765,-0.378210622845666,0.00573488363204652
5.36,0.44039674859952,0.0415062862481845,-0.377349906279679,0.0063659779480816
5.37,0.466286776324273,0.0404058085926029,-0.366991341119793,0.00748930018809995
5.38,0.493640806788634,0.0390414665817344,-0.354219845312994,0.0086512645681745
5.39,0.520522953955523,0.0379057462804669,-0.340832631504484,0.00967593815529331
5.4,0.548913111185443,0.0365118145343835,-0.327114198273074,0.0105381557521276
5.41,0.576628809360846,0.03535865315157,-0.313282824447269,0.0112377242821567
5.42,0.604669502822523,0.0341992241808119,-0.299531823601565,0.0117829229514184
5.43,0.634279288505557,0.0327705229355882,-0.285987328669369,0.0121871042877729
5.44,0.66292463776236,0.0315888275351897,-0.272761222923627,0.0124626122300686
5.45,0.691796356302968,0.0303931359775629,-0.25999121097423,0.012622071169785
5.46,0.722334121012487,0.028908639143234,-0.24778647490425,0.0126753389811287
5.47,0.751642921178576,0.0276667374486089,-0.236236622178515,0.0126313364715614
5.48,0.781104220407499,0.0263944414005712,-0.225414818405724,0.0124997886344771
5.49,0.812351188259122,0.0248075007158353,-0.215394815389141,0.0122916212561745
5.5,0.842120466100176,0.0234505568355044,-0.206209161852186,0.0120162596258106
5.51,0.871986429301205,0.0220407811994059,-0.198317782430987,0.0116987078966101
5.52,0.90380394623698,0.0202608454780178,-0.195873826872998,0.0115707349850519
5.53,0.933973040134047,0.0186277790484779,-0.196685434553681,0.0115560003778164
5.54,0.964265613149905,0.0168445192798121,-0.19838434971032,0.0115828379072864
5.55,0.996695305227763,0.0146208066755652,-0.200356063297982,0.0116279095625466
5.56,1.02724457643203,0.012527147739748,-0.202480851900651,0.0116850091302435
5.57,1.05786076123904,0.0102782182681169,-0.204719329642324,0.0117524618389498
5.58,1.08852027212047,0.00787355586614505,-0.207049973750119,0.0118296161976912
5.59,1.12147463653347,0.00502356700949175,-0.209451099445059,0.0119163045029947
5.6,1.15218769606149,0.00230482348674541,-0.211914199740257,0.012011976180131
5.61,1.18283005945788,-0.000572124285461356,-0.214424041875428,0.0121161378134542
5.62,1.21580673358658,-0.00389693648657236,-0.216970714066601,0.0122290004354448
5.63,1.24616703864512,-0.00709553619913431,-0.21952382665449,0.0123527543014228
5.64,1.27620596765243,-0.0104583240606778,-0.221987662917504,0.0124918014923724
5.65,1.3057727955723,-0.0139877133918681,-0.22422193151725,0.0126525133070226
5.66,1.33736707631795,-0.0179698962802,-0.226084303399427,0.0128405312811064
5.67,1.36538875014804,-0.0218372207880623,-0.227426272149961,0.0130587061151584
5.68,1.39220447007213,-0.0258730523631089,-0.22791637353134,0.0133173813384605
5.69,1.4203812112978,-0.0303486733238314,-0.227162212809322,0.0136307513935127
5.7,1.44396406259723,-0.0346933825477234,-0.224720922069993,0.0140119234679888
5.71,1.46549578843158,-0.0391651383713696,-0.219954956135845,0.0144903923467166
5.72,1.48772163340032,-0.0440008605140997,-0.2112777779874,0.0150823832511575
5.73,1.50456343021156,-0.0486021840382735,-0.197442241582669,0.0158624172708297
5.74,1.52185646565858,-0.0534396525450504,-0.177873650536529,0.016815172479256
5.75,1.53352951441006,-0.0579166691061895,-0.152977269061426,0.0178710781395511
5.76,1.54560042054719,-0.0624886356852815,-0.123273952242665,0.018956922264197
5.77,1.55205560908771,-0.0665822595071119,-0.0898087117327918,0.0199872716030095
5.78,1.54882258416501,-0.0694809416603176,-0.0534988478261477,0.0208960225297133
5.79,1.54071748085645,-0.0718298304575545,-0.0149729356379813,0.021642406325941
5.8,1.53387934729833,-0.0740882758413771,0.0245789772587285,0.022163326619272
5.81,1.52547712025694,-0.0759989453151527,0.0639986061068838,0.0224047417620378
5.82,1.51283484104313,-0.0773392989321666,0.102540622330536,0.0223491226202251
5.83,1.50191410447403,-0.0785561197178672,0.139668530298478,0.0220021057845333
5.84,1.49002721496828,-0.0794309984603082,0.174818152943293,0.0213732107614103
5.85,1.4746689851199,-0.0797767836881215,0.207521358540078,0.020475286607031
5.86,1.46147567210273,-0.0800233057051997,0.236075716816215,0.0192877626008487
5.87,1.44780551412385,-0.0799982272423032,0.262065182872314,0.0177727237126361
5.88,1.43376660961239,-0.0796960382104042,0.287614294235698,0.0160402282522884
5.89,1.4169730501515,-0.0789759248029273,0.307555695425228,0.0141813399564741
5.9,1.40250417223226,-0.0782445072302084,0.322155499097345,0.0122319633523018
5.91,1.38785353865857,-0.0773707661532443,0.331331155642994,0.0102099644440386
5.92,1.37071847130978,-0.0762464863059898,0.335402313560883,0.00814690900182646
5.93,1.35575809485312,-0.0752397137758409,0.33498663680081,0.00609036866730071
5.94,1.3405925376684,-0.0742253634257086,0.330826771385739,0.00409021686173831
5.95,1.32520705881959,-0.0732345868900981,0.323848650001472,0.0021992947828267
5.96,1.30751748317159,-0.0721530249004534,0.315044791477514,0.000465408029808256
5.97,1.29173871835807,-0.071270327242046,0.305364148720566,-0.00107574724878644
5.98,1.27574959980438,-0.0704487477891382,0.295531517588561,-0.00240952991014125
5.99,1.25766341637184,-0.0695652436833543,0.28610489895716,-0.00353613327156404
6,1.24137632177113,-0.0688596774606517,0.277474200763705,-0.0044671248313362
6.01,1.22495274316964,-0.0681966787395208,0.269785529291342,-0.00522672380589499
6.02,1.20668026531949,-0.0674596248582059,0.263093327879525,-0.00584131855636295
6.03,1.19011897630029,-0.0668560895460615,0.257388710452594,-0.00633615571907773
6.04,1.17186710654165,-0.0661673751613847,0.252561621223518,-0.00673731484242694
6.05,1.15525846265407,-0.0655851591690265,0.248523027768846,-0.00706546427668478
6.06,1.13862651805424,-0.0649997686877436,0.245135654301202,-0.00733931681856911
6.07,1.12051889641172,-0.0643200684713027,0.242300198075941,-0.00757230824837077
6.08,1.10393845442535,-0.0637154430651726,0.239926299965439,-0.0077744704756477
6.09,1.08737523622157,-0.0630924997805281,0.237897699557783,-0.00795488051268
6.1,1.06952761141967,-0.0623748749417952,0.236131284586596,-0.00811911549468557
6.11,1.05307877514914,-0.061711128157129,0.234559679699805,-0.00827045407797185
6.12,1.0354636710707,-0.0609561104028323,0.233099635140478,-0.00841213481945932
6.13,1.01915985766409,-0.0602454114585893,0.231694377192941,-0.00854560020952691
6.14,1.00291321900571,-0.0595088543756999,0.23028145907828,-0.00867211229022671
6.15,0.985666185730805,-0.0586907139899876,0.228814660540086,-0.00879188690523476
6.16,0.969598306609082,-0.0579074891782938,0.227260617364984,-0.00890424241291989
6.17,0.952634608805433,-0.0570507553623328,0.225579110556505,-0.00900888455781808
6.18,0.936764516589531,-0.0562251802611111,0.223747500073832,-0.00910484710570846
6.19,0.920101454208678,-0.0553349835373726,0.221741263173513,-0.00919136473466042
6.2,0.904451873955046,-0.0544734550540865,0.219547924702521,-0.00926738360235196
6.21,0.888899380454498,-0.0535979470340278,0.215925972022353,-0.00936990653842359
6.22,0.87266221842983,-0.0527122700609634,0.207512734516369,-0.00970170067794472
6.23,0.857243672387614,-0.051915132556424,0.198362657309714,-0.0100210195354379
6.24,0.841200091113445,-0.0511390474300638,0.189150159542484,-0.0102498304867823
6.25,0.825915000877567,-0.0504483194091567,0.180096458437427,-0.0103779128611625
6.26,0.810120717322212,-0.0497797707058051,0.17135495420981,-0.0104112594164458
6.27,0.795042631448848,-0.0491853461209276,0.163060000317931,-0.0103584560802725
6.28,0.779572328169971,-0.0486079342291212,0.155326067414076,-0.0102285298960372
6.29,0.764783733645677,-0.0480888545707637,0.148224209391761,-0.0100304440782283
6.3,0.74971648643149,-0.0475777016662964,0.141802018542115,-0.0097732287427625
6.31,0.735297608746695,-0.0471072511649098,0.136086870614137,-0.00946645131185964
6.32,0.721070521613415,-0.0466459570701718,0.132218323308791,-0.00917865942774945
6.33,0.706691485628563,-0.0461498940662082,0.131557121738212,-0.00897648166276324
6.34,0.69287548697714,-0.0456288254396859,0.131919026095997,-0.00879651016292301
6.35,0.678989094353477,-0.04505139181798,0.13257787119695,-0.0086202256918766
6.36,0.665639001479983,-0.0444388605142374,0.133425181249015,-0.00844735448768061
6.37,0.652305954515767,-0.0437692994319205,0.134428773021533,-0.00828021574619094
6.38,0.639484100370468,-0.0430595354841847,0.13555688237825,-0.00812123195183051
6.39,0.626753600202307,-0.0422936330989972,0.136775422990739,-0.00797280668125325
6.4,0.614506272501014,-0.0414844619077481,0.138047334501794,-0.00783718113515048
6.41,0.602410440104098,-0.0406216108343704,0.139330071214316,-0.00771689700827183
6.42,0.59076581642723,-0.0397147421604656,0.140580165103124,-0.00761390714269995
6.43,0.579318138525878,-0.0387585346447517,0.141746983283137,-0.00753008890810668
6.44,0.568286131329124,-0.0377601417872782,0.142774892932937,-0.00746756251384347
6.45,0.557482822993165,-0.0367189834423977,0.143608433740846,-0.00742775695546117
6.46,0.547057489790173,-0.0356402781010238,0.144189163006558,-0.00741118553934431
6.47,0.536881680496417,-0.0345276988060282,0.144457327259146,-0.00741764600296601
6.48,0.527044995014767,-0.0333850998659593,0.144349387785873,-0.00744657505935899
6.49,0.517467957003871,-0.0322200549604097,0.143801129158402,-0.00749701541450882
6.5,0.50818997664246,-0.0310355883721939,0.142737725994027,-0.00756826060809101
6.51,0.499174214124965,-0.0298428560295089,0.141072037072189,-0.0076601285051971
6.52,0.490418230282024,-0.0286447744216229,0.138714224915897,-0.00777107272433325
6.53,0.481920812090632,-0.0274557787663088,0.135604320380703,-0.00789728910197714
6.54,0.473646326791392,-0.0262784871480319,0.131700296644336,-0.00803415121796309
6.55,0.46559495458217,-0.0251253849523104,0.12698853768277,-0.00817619385166965
6.56,0.45779336160591,-0.0240099470085189,0.121475409315504,-0.00831728957242285
6.57,0.450168655539738,-0.0229331818055901,0.115192149577977,-0.00845055406093871
6.58,0.442787451062751,-0.0219120301363819,0.108200407426997,-0.0085686757145544
6.59,0.435558578866885,-0.0209454006125688,0.100604351655905,-0.00866396900947681
6.6,0.428568021725541,-0.020048624472378,0.0925406777116691,-0.00872784964666176
6.61,0.421711204680262,-0.0192173607450973,0.084158780141097,-0.0087523558141991
6.62,0.415089839190672,-0.0184642084686513,0.0756150980893937,-0.00873101535686963
6.63,0.408589353017995,-0.0177814101471317,0.0670637825566881,-0.00865850867618604
6.64,0.402323036591344,-0.0171785518306679,0.0586545736424209,-0.00853120366752246
6.65,0.396168803785825,-0.0166448164803417,0.050518829496037,-0.00834796396483045
6.66,0.39024724855566,-0.0161870333851272,0.0427873782115147,-0.00810940229665959
6.67,0.384430697964332,-0.0157918398989936,0.0355743297040631,-0.00781834448017562
6.68,0.378843759251876,-0.0154635941054029,0.0289787486813009,-0.00747928268157979
6.69,0.373355061220746,-0.0151870823286953,0.0230834526019429,-0.0070982843490641
6.7,0.368090349867626,-0.0149647088687623,0.0179593580394047,-0.00668245566278546
6.71,0.362916299121256,-0.0147801109355291,0.0136521850000457,-0.00623989978486673
6.72,0.357958051811327,-0.0146344427959723,0.010177928127178,-0.00577889346028246
6.73,0.353082572767841,-0.0145112802981195,0.00752764782531475,-0.00530779602004024
6.74,0.348413412257813,-0.0144115276491889,0.00567005980512801,-0.00483459803778054
6.75,0.343819546321898,-0.0143197003231297,0.00455155519184141,-0.00436693746780895
6.76,0.339421904831788,-0.0142372866480321,0.00410286598619724,-0.00391171796527141
6.77,0.335092575728033,-0.014150548017307,0.00423795682071828,-0.00347510229829136
6.78,0.33094900461616,-0.0140621545573536,0.00486459116856596,-0.00306234458522135
6.79,0.326867183590654,-0.0139605941313415,0.00588224064991072,-0.00267778490525867
6.8,0.322960346655666,-0.0138499995330869,0.0071920926632036,-0.00232485698700043
6.81,0.319108845303328,-0.0137212321964228,0.00869297432164824,-0.00200604321098469
6.82,0.315421023865318,-0.0135799144725075,0.0102883305233422,-0.00172287946984451
6.83,0.311781901408735,-0.0134192023974273,0.011890838885761,-0.00147603344225384
6.84,0.308242620636557,-0.0132429513267862,0.0134233604011575,-0.00126515755043974
6.85,0.304848904066863,-0.0130552663680768,0.0148174112510305,-0.0010892383972656
6.86,0.301493105378875,-0.0128520698563079,0.016017228714027,-0.000946527132636649
6.87,0.298269819491739,-0.012641325892373,0.0169816717866411,-0.00083460485134418
6.88,0.295076609325893,-0.0124201694683164,0.0176820211700004,-0.000750606058391638
6.89,0.292002472975006,-0.0121966764292663,0.0181042966845805,-0.0006911745551795
6.9,0.288950528300341,-0.0119686536104625,0.018245123938708,-0.000652803918475597
6.91,0.28600442950317,-0.011743801697021,0.018114915673829,-0.000631725985979003
6.92,0.283073172943581,-0.0115201069731629,0.0177318952327462,-0.00062429601913623
6.93,0.280235380995301,-0.0113044888513792,0.0171244929323361,-0.000626922319559788
6.94,0.277406132780104,-0.0110947330291576,0.0163273843154067,-0.00063624731902873
6.95,0.274659330927902,-0.01089669118799,0.0153788224403383,-0.000649270317187796
6.96,0.271916184349686,-0.0107077328059909,0.0143186434852361,-0.000663423097811063
6.97,0.269246082159245,-0.0105325524105276,0.0131882084032239,-0.000676510790086498
6.98,0.266576257996191,-0.0103680323763528,0.0120272759347431,-0.000686825217119759
6.99,0.263971753334423,-0.0102177361686943,0.0108731989071112,-0.000693107086148394
7,0.261365580783355,-0.010078123158609,0.00975894480308163,-0.00069456639753149
7.01,0.258831291801633,-0.00994420007076524,0.0100675456160442,-0.000593607537154659
7.02,0.256323389134306,-0.00980672158070174,0.0103769959472118,-0.000485210968617912
7.03,0.253899322553035,-0.00966855270889199,0.0106668523963965,-0.000382082536515342
7.04,0.251502478550742,-0.00952741376534284,0.0108982796015735,-0.000287783095994338
7.05,0.249184202545233,-0.009386592312261,0.011047481414731,-0.000204709152130572
7.06,0.246890848160753,-0.00924455399215035,0.0111010185845934,-0.00013397195962659
7.07,0.244668472989569,-0.00910458850266371,0.0110548458687608,-7.57113362550976e-05
7.08,0.242467003787466,-0.00896549177123823,0.0109112436120484,-2.94511663774549e-05
7.09,0.240328130127568,-0.00883025145294998,0.0106787553779558,5.62829466762839e-06
7.1,0.238205608913636,-0.00869774017784659,0.0103686463734987,3.05244071578969e-05
7.11,0.236118145607082,-0.0085696570087584,0.00999387566704551,4.63393635337481e-05
7.12,0.23408085594405,-0.00844736014704448,0.00955550658634232,5.37210251163242e-05
7.13,0.232052676051806,-0.00833019018276437,0.00900842428397913,5.14464374435544e-05
7.14,0.230066161684147,-0.00822027846001941,0.00843382187049581,4.43717099891592e-05
7.15,0.22808473995036,-0.00811633632789547,0.00785348447962455,3.4143715993479e-05
7.16,0.226138619407231,-0.00801963290416795,0.00728616850677641,2.17257339258216e-05
7.17,0.224194940192062,-0.00792869139341465,0.00674831498786398,7.87628499609726e-06
7.18,0.222281316869412,-0.0078442802605512,0.00625383352306805,-6.82540395111525e-06
7.19,0.220368348341399,-0.00776481513064598,0.00581328735420049,-2.19627824052011e-05
7.2,0.21848124324241,-0.00769069690561785,0.00543355870297175,-3.72525454497745e-05
7.21,0.216593815973104,-0.00762035477340527,0.00511830850919458,-5.25137422381544e-05
7.22,0.214729028700561,-0.00755397328990055,0.00486790305254037,-6.76583750284977e-05
7.23,0.212863645839598,-0.00749011075949121,0.00468040562679746,-8.26462553460357e-05
7.24,0.211018514001103,-0.00742885621579521,0.00455209936436827,-9.74759067150482e-05
7.25,0.209173082078038,-0.00736896800564506,0.00447792293365894,-0.000112143460735584
7.26,0.207346211689823,-0.00731051692060289,0.00445126312243682,-0.00012664834845461
7.27,0.205519785405494,-0.00725250489444354,0.00446488157411788,-0.000140992282425427
7.28,0.203710789186666,-0.00719503831385324,0.00451122987737953,-0.000155171951457003
7.29,0.201903286277858,-0.00713736796755291,0.00458359153720245,-0.000169139243714297
7.3,0.200112522198198,-0.00707963775697654,0.00467523973711099,-0.000182774878190989
7.31,0.198324545548646,-0.00702133220541226,0.00477821622330182,-0.000195990543179302
7.32,0.196552959041717,-0.00696265447462746,0.00488633370043851,-0.000208629045810752
7.33,0.194785584505949,-0.00690329696683557,0.00499488157314477,-0.000220502092323274
7.34,0.193034513943387,-0.00684348174370026,0.00509958526327216,-0.000231449833373446
7.35,0.191289163332243,-0.00678305787098535,0.00519728768876219,-0.000241319830601406
7.36,0.189560211612593,-0.00672224428970947,0.00528508608085373,-0.000250007189538256
7.37,0.187838472048698,-0.00666101320337483,0.0053609258272736,-0.000257451037372943
7.38,0.186129269252904,-0.00659953595433167,0.00542419876868073,-0.000263595803578231
7.39,0.184436691985319,-0.00653793154198986,0.00547453208606005,-0.000268426532992488
7.4,0.182753354823306,-0.00647627723276653,0.00551209780070378,-0.00027194764965842
7.41,0.181086793469675,-0.00641469101237689,0.00553721020088203,-0.000274200917507504
7.42,0.179430646111921,-0.00635329036376817,0.00555101945612734,-0.000275226913120408
7.43,0.177791356922335,-0.00629212846124563,0.00555472295084916,-0.000275094327662885
7.44,0.176163480608957,-0.00623134011653253,0.00555006935619562,-0.000273872601123005
7.45,0.174552482713834,-0.00617090742099938,0.00553855009187017,-0.000271660429985952
7.46,0.172953723200634,-0.00611097132992654,0.00552199566743608,-0.000268555937468047
7.47,0.171371775943167,-0.00605144666522763,0.00550171126515188,-0.000264685724149013
7.48,0.16980270799172,-0.00599247967656828,0.00547922237753698,-0.000260181555436211
7.49,0.16825028431542,-0.00593392783961787,0.00545565271916881,-0.000255197945193569
7.5,0.166711189220611,-0.00587594204366195,0.00543228478353948,-0.000249878573165405
7.51,0.165188460719836,-0.00581833196648894,0.00540978481909382,-0.000244376062318229
7.52,0.163679330095025,-0.00576125860347894,0.00538882910715628,-0.000238820198088088
7.53,0.162186192519112,-0.00570449888588553,0.00536951782408598,-0.000233344769685076
7.54,0.160706767460392,-0.00564823117083184,0.00535213452513059,-0.00022805516204229
7.55,0.159242890518744,-0.00559221002877654,0.00533655438666171,-0.000223032462225844
7.56,0.157792726336074,-0.00553663704672398,0.00532204535790018,-0.000218352820713287
7.57,0.156357626148779,-0.00548126341346889,0.00530787189574029,-0.000214075150009835
7.58,0.154936151871228,-0.00542632015807906,0.0052935938230834,-0.00021023399407181
7.59,0.15352923288852,-0.00537155574567595,0.00527871712237774,-0.000206867034255871
7.6,0.152135782256485,-0.00531722242946961,0.0052631225357283,-0.000203983502481805
7.61,0.150756373619367,-0.00526306434445197,0.00524602252502969,-0.000201607513423473
7.62,0.14939023457794,-0.00520935683683415,0.00522688256631707,-0.000199737938685263
7.63,0.148037632371794,-0.00515584782143732,0.00520501391591502,-0.000198368851079588
7.64,0.146698071321703,-0.00510283203245459,0.00518025756961091,-0.000197463416888946
7.65,0.145371557010052,-0.00505019761406942,0.0051521873432621,-0.000196983891467772
7.66,0.144057872477465,-0.00499783005702972,0.00512073435490715,-0.000196877115735006
7.67,0.142756882399916,-0.00494603779160806,0.00508609018442087,-0.000197074296207459
7.68,0.141468303589581,-0.00489456250400383,0.00504822593943556,-0.000197521916356702
7.69,0.140192196118092,-0.00484371499337294,0.00500752651755029,-0.000198151976618135
7.7,0.138928113147127,-0.00479322907225686,0.00496415545758761,-0.000198911412855036
7.71,0.137676289342935,-0.00474341278312377,0.00491862389631825,-0.00019973691622617
7.72,0.136436154329805,-0.00469399059644409,0.00487117496794162,-0.000200581750781528
7.73,0.135208089474168,-0.0046452650506173,0.00482237419275018,-0.000201394105112699
7.74,0.133991423971012,-0.00459695113641576,0.00477254383338247,-0.000202140988637708
7.75,0.132786659682714,-0.00454934349627485,0.00472229205130467,-0.000202783539262892
7.76,0.131593046331502,-0.00450214786574867,0.00467191198606371,-0.000203300692006368
7.77,0.130411183335007,-0.00445565080159824,0.00462191974131447,-0.000203664954695622
7.78,0.129240259397859,-0.00440955123818845,0.00457249770383129,-0.000203866631275172
7.79,0.128080950480867,-0.00436412914677488,0.00452404187438305,-0.000203889831993976
7.8,0.126932399001876,-0.00431907966446356,0.00447661797934022,-0.000203735868351086
7.81,0.125795337780595,-0.00427467797574301,0.00443050337263242,-0.000203399114831013
7.82,0.124668874605617,-0.00423061829907575,0.00438565196943515,-0.000202889796739077
7.83,0.123553781505014,-0.00418717282797952,0.00434223169213886,-0.000202210000122623
7.84,0.122449142170131,-0.0041440370025239,0.00430016802885706,-0.000201376755665022
7.85,0.121355754960045,-0.00410148119910069,0.00425951745021528,-0.000200398366302019
7.86,0.120272690340593,-0.00405920416734532,0.00422008868529969,-0.000199295910441642
7.87,0.119200758437077,-0.00401747557089576,0.00418189787151263,-0.000198079007012995
7.88,0.118139020414193,-0.00397599944307654,0.0041446518107011,-0.00019676822097207
7.89,0.117088284700109,-0.00393504663415679,0.00410825249106034,-0.000195374844410021
7.9,0.116047607096569,-0.00389432843002891,0.00407239665253972,-0.000193921834739731
7.91,0.115017786625155,-0.00385411648685177,0.00403713722447139,-0.000192415813395976
7.92,0.113998313110391,-0.00381426478133217,0.00400215656796642,-0.000190876038401813
7.93,0.112988687455737,-0.00377463424144745,0.00396725749559327,-0.000189315318800234
7.94,0.111989684699902,-0.00373549628995236,0.00393247906001827,-0.000187733645845006
7.95,0.111000387929603,-0.00369657750117173,0.00389757676382184,-0.000186144732506874
7.96,0.110021548137068,-0.00365814889443648,0.003862580484646,-0.000184551205393277
7.97,0.109052260850841,-0.00361994196512162,0.00382732023240507,-0.000182965164197809
7.98,0.108093252680297,-0.00358222581486625,0.00379190195883712,-0.000181386956197727
7.99,0.10714364203182,-0.00354473537771523,0.00375620164547573,-0.000179825868001302
8,0.106204126846423,-0.00350773697472064,0.00372035205758831,-0.000178278873173438
8.01,0.105273851069362,-0.00347096832272493,0.00368425109644904,-0.000176751212065827
8.02,0.104353482699588,-0.0034346925941349,0.00364803450258395,-0.000175236548127433
8.03,0.103442194456524,-0.00339865020737987,0.00361159576623705,-0.000173738106154482
8.04,0.102540622931591,-0.00336310123101314,0.00357507715039772,-0.000172248490432252
8.05,0.101647971327703,-0.00332778841964778,0.00353842315549168,-0.000170769166216595
8.06,0.100764844240883,-0.00329296813579273,0.0035017796771297,-0.000169291524768183
8.07,0.0998904768896169,-0.00325838536813708,0.0034650432642385,-0.000167818405652118
8.08,0.0990254410022451,-0.00322429331611021,0.00342839456571423,-0.000166341084705163
8.09,0.0981690047875203,-0.00319043859037398,0.00339179147261407,-0.000164861576258782
8.1,0.09732170770152,-0.00315707034797441,0.0033554208693653,-0.000163372822501478
8.11,0.096482851393964,-0.00312393653451957,0.00331922336414927,-0.000161879304730103
8.12,0.0956529429654824,-0.00309128264512449,0.00328336274862493,-0.000160376424047385
8.13,0.0948313171590647,-0.00305885831917115,0.00324774807470112,-0.000158871146308798
8.14,0.0940184485614424,-0.00302690613468881,0.00321251284408709,-0.000157362229793759
8.15,0.093213704149697,-0.00299517760715035,0.00317760271933935,-0.000155857031582931
8.16,0.0924175261330098,-0.00296391212538133,0.00314314878270189,-0.000154354366425722
8.17,0.0916293133250869,-0.00293286317884943,0.00310903554158457,-0.000152863129486401
8.18,0.0908494778294673,-0.00290226787770382,0.00307537187084801,-0.000151380910044388
8.19,0.0900776809384898,-0.00287200109294382,0.00304203366824678,-0.000149914335107122
8.2,0.0893136153907643,-0.00284194136924476,0.00300903724383927,-0.000148463223640461
8.21,0.0885576490794109,-0.00281232155019875,0.00297652562064004,-0.000147020191486692
8.22,0.0878092632739769,-0.00278290119468346,0.00294434980073684,-0.000145592616614462
8.23,0.0870687957220622,-0.00275391178105836,0.0029125958203461,-0.000144177186441074
8.24,0.0863357528903637,-0.00272511546812034,0.00288112819367241,-0.000142779781402051
8.25,0.0856104480123259,-0.0026967422866537,0.00285004353096884,-0.000141395806639717
8.26,0.0848924187362137,-0.002668556543784,0.0028192148700082,-0.000140030182193578
8.27,0.084181953908391,-0.0026407867875671,0.0027887456015525,-0.000138677641594418
8.28,0.0834786202621991,-0.00261319922740346,0.00275851537434507,-0.000137342622925075
8.29,0.0827826832701171,-0.0025860209196957,0.00272863297769164,-0.000136019574440473
8.3,0.0820937372787756,-0.00255901975815561,0.00269898317636025,-0.000134712769811983
8.31,0.0814120250231658,-0.00253242133721083,0.00266967855680814,-0.000133416626494409
8.32,0.0807371666556862,-0.0025059950540996,0.00264060722268974,-0.000132135457516933
8.33,0.0800693829735271,-0.00247996509720411,0.00261188384483507,-0.000130863801415194
8.34,0.0794083182117844,-0.00245410221885257,0.00258339821057088,-0.000129606119164261
8.35,0.0787541722521929,-0.00242862928071202,0.00255526562539454,-0.00012835713655604
8.36,0.0781066118265517,-0.00240331827351619,0.00252737421216177,-0.000127121558108292
8.37,0.0774658169671743,-0.00237839094972149,0.00249982190625419,-0.000125895562113436
8.38,0.0768314750972121,-0.00235362051138687,0.00247252144048704,-0.000124683955647152
8.39,0.0762037477431949,-0.00232922738165104,0.00244558983336796,-0.000123482501473097
8.4,0.0755823419630723,-0.00230498571213463,0.00241890686838791,-0.00012229709462593
8.41,0.0749674020403028,-0.00228111505459843,0.0023925769459019,-0.00012112354353084
8.42,0.0743586531528786,-0.00225739069806063,0.00236648343555054,-0.000119967018778012
8.43,0.0737562240713798,-0.00223403135854906,0.00234073661141557,-0.000118822509964109
8.44,0.0731598579802943,-0.00221081324275234,0.00231522433988748,-0.000117694465967464
8.45,0.0725696702220167,-0.00218795421050854,0.00229005914510576,-0.000116577321894987
8.46,0.0719855025359981,-0.00216534087569016,0.00226512976988746,-0.000115475122303804
8.47,0.07140721208024,-0.00214286192867406,0.00224046357979988,-0.000114385991440799
8.48,0.0708348952505768,-0.00212073273914711,0.00221620927992242,-0.000113301334799743
8.49,0.070268337911884,-0.00209873157325576,0.00219222888827616,-0.000112227093624488
8.5,0.069707623082534,-0.0020770735495008,0.00216861225424228,-0.0001111589188694
8.51,0.0691525457252444,-0.00205553806258804,0.00214523180278045,-0.000110101636219672
8.52,0.0686031808269318,-0.00203433990065292,0.00212218642388704,-0.00010905001069914
8.53,0.0680593383862249,-0.00201325923568395,0.00209935519592995,-0.000108008340965609
8.54,0.0675210851327475,-0.00199251046994632,0.00207684211567162,-0.000106971124502172
8.55,0.0669882441207628,-0.00197187440750699,0.002054530333557,-0.000105942578983299
8.56,0.066460874287549,-0.00195156504325883,0.00203252695032119,-0.000104917261851794
8.57,0.0659388105546932,-0.00193136370704811,0.00201071747221077,-0.000103899549383446
8.58,0.0654221041255008,-0.00191148400591616,0.0019892106011146,-0.000102884229264387
8.59,0.0649106003220179,-0.0018917077294891,0.00196789282844407,-0.000101875953059119
8.6,0.0644043427458714,-0.00187224813717263,0.00194687328081011,-0.000100869808138367
8.61,0.0639031858144932,-0.00185288743528373,0.00192603846013464,-9.98707507204665e-05
8.62,0.0634071658548867,-0.00183383858626367,0.00190549718619502,-9.88741620787266e-05
8.63,0.0629161452860458,-0.0018148841831123,0.00188513545790499,-9.78852693929201e-05
8.64,0.0624301537130181,-0.0017962369431948,0.00186506149325824,-9.68996917103392e-05
8.65,0.0619490607009914,-0.00177767982041203,0.00184516067661809,-9.59228552310318e-05
8.66,0.0614728898589674,-0.00175942533359338,0.00182554067218517,-9.4950534181246e-05
8.67,0.0610015172469036,-0.00174125677025128,0.00180608641460633,-9.39882659760008e-05
8.68,0.0605349612784665,-0.00172338648852087,0.00178690527094086,-9.30318911090089e-05
8.69,0.0600731039746636,-0.00170559807755586,0.00176788202479659,-9.20869721036428e-05
8.7,0.0596159593965044,-0.00168810376038443,0.00174912406704209,-9.11493349628162e-05
8.71,0.0591634151883287,-0.00167068739103238,0.00173051634272096,-9.02244941234198e-05
8.72,0.0587154817004056,-0.00165356108205533,0.00171216654958246,-8.93081967489677e-05
8.73,0.0582720789171987,-0.00163661564904782,0.00169396001219185,-8.84058555357365e-05
8.74,0.0578331315118101,-0.00161974339368631,0.00167592038892998,-8.7517028636759e-05
8.75,0.0573986446569281,-0.00160315498416824,0.00165819292749645,-8.66345535564018e-05
8.76,0.056968520610166,-0.0015866349740362,0.00164063832281625,-8.57656733124822e-05
8.77,0.0565427597510246,-0.00157039436052499,0.00162334498452926,-8.49072695703949e-05
8.78,0.0561212635210651,-0.00155421831321468,0.00160618558676246,-8.40652287322116e-05
8.79,0.0557040323225264,-0.00153831800489242,0.00158925924114592,-8.32352452452458e-05
8.8,0.0552909734069518,-0.00152247888406356,0.0015724467120358,-8.24223422234196e-05
8.81,0.054882086403135,-0.00150691218243017,0.00155585362199267,-8.16215779743488e-05
8.82,0.0544772830569962,-0.00149140349979156,0.0015393659248703,-8.08375151407334e-05
8.83,0.0540765622464994,-0.00147616404769211,0.00152309339394296,-8.00648820996995e-05
8.84,0.0536798397408409,-0.00146097948676636,0.00150692511958868,-7.93080172804646e-05
8.85,0.0532871133724568,-0.00144606097397996,0.00149097319046586,-7.85615031638613e-05
8.86,0.0528983021969192,-0.00143119418232205,0.00147512817229642,-7.78295989208426e-05
8.87,0.0525134028127521,-0.00141659020812256,0.00145950301254957,-7.71068532546366e-05
8.88,0.0521323369446871,-0.00140203471614828,0.00144398852025582,-7.63975300025414e-05
8.89,0.0517550999618552,-0.00138773875491969,0.00142869751451365,-7.56962040867822e-05
8.9,0.0513816157999749,-0.00137348797794635,0.00141352029849482,-7.50071843345569e-05
8.91,0.0510118788235605,-0.00135949340722057,0.00139856903064709,-7.43250968175581e-05
8.92,0.0506458149051352,-0.00134554068954722,0.00138373317694326,-7.36543083045971e-05
8.93,0.0502834177924969,-0.00133184084271535,0.00136912406838922,-7.29895009578815e-05
8.94,0.0499246151753119,-0.00131817951281564,0.00135463030802598,-7.23350990450585e-05
8.95,0.0495694006257228,-0.00130476773374752,0.00134036246568409,-7.16858379571957e-05
8.96,0.0492177035631307,-0.00129139115593733,0.00132620842252216,-7.10461957495463e-05
8.97,0.0488695178106748,-0.00127826084369063,0.00131227815861619,-7.04109583276793e-05
8.98,0.0485247745469972,-0.00126516245099609,0.00129845902297678,-6.97846559389892e-05
8.99,0.0481834682217825,-0.00125230708208611,0.00128486059155546,-6.91621251458854e-05
9,0.0478455468051719,-0.00123958656040715,0.00127136984698061,-6.85479502972071e-05
9.01,0.0475109596141023,-0.00122689400456968,0.00125801161418926,-6.79409567477856e-05
9.02,0.0471797016083526,-0.00121443929162406,0.00124493192626087,-6.7333346459416e-05
9.03,0.0468517102977377,-0.00120200827197399,0.00123199199522202,-6.67318366526556e-05
9.04,0.0465269787152882,-0.00118981129676303,0.00121928021834053,-6.61328952814761e-05
9.05,0.0462054409076875,-0.00117763468996391,0.00120666898071269,-6.55421060947223e-05
9.06,0.0458870930383883,-0.00116568911061693,0.00119425673264532,-6.49549694875517e-05
9.07,0.0455718721342255,-0.0011537610563925,0.0011819233905455,-6.43764198084359e-05
9.08,0.0452597758871167,-0.00114206137942227,0.00116977334518866,-6.38015289965866e-05
9.09,0.0449507432399485,-0.0011303766471339,0.00115769121328204,-6.32349686298433e-05
9.1,0.0446447731286881,-0.00111891781949046,0.0011457851332618,-6.26716650347067e-05
9.11,0.0443418060739043,-0.00110747146562136,0.00113394254893668,-6.21162335640431e-05
9.12,0.0440418416308901,-0.00109624861272617,0.00112227369296607,-6.15636051457027e-05
9.13,0.0437448213122571,-0.00108503580110932,0.0011106673605068,-6.10184469086567e-05
9.14,0.0434507448146222,-0.00107404411119587,0.0010992346056285,-6.04757674150001e-05
9.15,0.043159554174262,-0.00106306004630322,0.00108786452712287,-5.99403290678586e-05
9.16,0.042871248990453,-0.00105229474160049,0.00107666818527383,-5.94072371358901e-05
9.17,0.0425857715225593,-0.00104153466710707,0.00106553439534183,-5.88813488241542e-05
9.18,0.0423031212899583,-0.00103099102010534,0.00105457383862461,-5.83578511782669e-05
9.19,0.0420232406575507,-0.00102045024428014,0.00104367484793999,-5.78416709374183e-05
9.2,0.0417461292726509,-0.00101012360587486,0.00103294766764842,-5.73280458151824e-05
9.21,0.0414717296293019,-0.000999797527270227,0.00102228020571453,-5.68219381157766e-05
9.22,0.0412000418002314,-0.000989683346855465,0.0010117824034932,-5.6318602805628e-05
9.23,0.0409310085072554,-0.000979567466929755,0.00100134192458344,-5.582300661619e-05
9.24,0.0406646305342404,-0.000969661297169423,0.000991068596472375,-5.53303948425744e-05
9.25,0.0404008509465144,-0.000959751217143128,0.000980850025820566,-5.48457165003072e-05
9.26,0.0401396714664499,-0.000950048704025216,0.000970796082496811,-5.43641904876491e-05
9.27,0.0398810501432312,-0.000940446206527127,0.00096079443640406,-5.38907364130001e-05
9.28,0.0396249454677589,-0.000930837440157069,0.000950870660840383,-5.34244735986807e-05
9.29,0.0393713600881933,-0.00092143267131148,0.000941171661806784,-5.29578507145141e-05
9.3,0.0391202407310962,-0.000912018389990304,0.000931559901913501,-5.24977814616985e-05
9.31,0.0388715885821835,-0.000902805328969795,0.000922124971449835,-5.20408889761329e-05
9.32,0.0386253457091015,-0.00089358041965385,0.000912740804540859,-5.15928619306078e-05
9.33,0.0383815162613876,-0.000884554695563708,0.000903507201482747,-5.11492687315065e-05
9.34,0.0381400446476952,-0.000875515220564847,0.000894305730181756,-5.0715065705922e-05
9.35,0.0379009368052754,-0.000866673201100319,0.000885242276356091,-5.02853128787516e-05
9.36,0.037664138471869,-0.000857815731150247,0.000876203227910428,-4.9864627705437e-05
9.37,0.0374296570294099,-0.000849154099836566,0.000867298289262986,-4.94478549917795e-05
9.38,0.0371974393456134,-0.000840475363170472,0.000858416717514687,-4.90394932702944e-05
9.39,0.0369674936079698,-0.000831990848460363,0.0008496703079308,-4.86343374696845e-05
9.4,0.0367397673176122,-0.000823487545155693,0.000840949629284455,-4.82368913357889e-05
9.41,0.036514268950915,-0.00081517680316011,0.000832367212100965,-4.78419896514957e-05
9.42,0.0362909462423173,-0.000806845541007159,0.000823813810375369,-4.74542017568693e-05
9.43,0.0360698076733967,-0.000798705133495171,0.000815401800362256,-4.70684380049381e-05
9.44,0.0358508009627641,-0.000790542437408641,0.000807021469180171,-4.66893489163558e-05
9.45,0.0356339345727104,-0.000782568862343456,0.00079878460170075,-4.63119206956239e-05
9.46,0.0354191561341439,-0.000774571216713767,0.000790580776934826,-4.59408739027307e-05
9.47,0.0352064742603675,-0.000766760955486933,0.000782521101496407,-4.557125241615e-05
9.48,0.0349958365504279,-0.000758924850452141,0.000774494492973315,-4.52078246439802e-05
9.49,0.0347872520469892,-0.000751274408692132,0.000766611510662618,-4.48456692406466e-05
9.5,0.0345806684661836,-0.000743596372271535,0.000758760601667017,-4.4489580466251e-05
9.51,0.0343760955536176,-0.000736102302920872,0.00075105199235917,-4.41346527147991e-05
9.52,0.0341734812808294,-0.000728578916003714,0.000743373873571502,-4.37856907269852e-05
9.53,0.0339728362843974,-0.000721237827472074,0.000735836326534808,-4.34377936880662e-05
9.54,0.0337741244749457,-0.000713971768360864,0.000728327440872847,-4.30957699132912e-05
9.55,0.0335773101875185,-0.00070667473998795,0.00072087294240256,-4.27586512164247e-05
9.56,0.0333824048961837,-0.000699557131886617,0.00071361971928906,-4.24188195153917e-05
9.57,0.0331893601101612,-0.000692405774696528,0.000706430506826059,-4.2083129299277e-05
9.58,0.0329981857373223,-0.000685431514498801,0.00069939480647305,-4.17481726966811e-05
9.59,0.0328088285869226,-0.000678421629308222,0.000692386721924886,-4.14196162181785e-05
9.6,0.0326213013610284,-0.00067158725822729,0.000685505878614365,-4.10930331443425e-05
9.61,0.0324355531445955,-0.000664715819615677,0.000678633943864675,-4.0773391855439e-05
9.62,0.0322515982424458,-0.00065801861861135,0.000671876566874212,-4.04557898828851e-05
9.63,0.032069386995903,-0.000651283113236538,0.000665120191085518,-4.014488686132e-05
9.64,0.0318889349257829,-0.000644720685957186,0.000658474248137279,-3.98355929507687e-05
9.65,0.0317101934113277,-0.000638118767807639,0.000651828030756594,-3.95324736858846e-05
9.66,0.0315331785300415,-0.000631688774967557,0.000645293047235947,-3.92304113216633e-05
9.67,0.0313578422031111,-0.000625218083143956,0.000638759907088642,-3.8933995104835e-05
9.68,0.0311842005432164,-0.000618918126700337,0.000632340865444633,-3.86381624624037e-05
9.69,0.0310122056199118,-0.00061257622108173,0.00062592674636772,-3.83475799523523e-05
9.7,0.0308418732981333,-0.000606403820583537,0.000619629690322921,-3.80572691460989e-05
9.71,0.0306731555531765,-0.000600188188349591,0.000613340105058225,-3.77719829459312e-05
9.72,0.0305060679781912,-0.000594140807562831,0.000607169597901089,-3.74868210754719e-05
9.73,0.0303405623845869,-0.000588048900670394,0.000601007934177446,-3.7206605841274e-05
9.74,0.0301766542669915,-0.000582123988830285,0.000594966112947236,-3.69264916168437e-05
9.75,0.0300142953386251,-0.000576153263278189,0.00058893331074485,-3.6651343042274e-05
9.76,0.0298535012669403,-0.000570348288806989,0.00058302004992655,-3.63763417707565e-05
9.77,0.0296942238019209,-0.000564496230755945,0.000577115107900876,-3.61063689454305e-05
9.78,0.0295364790536736,-0.000558808699137347,0.000571328737544118,-3.58366112213758e-05
9.79,0.0293802189518004,-0.000553072834754988,0.000565549522313103,-3.55719480825384e-05
9.8,0.0292254602422835,-0.00054750029176937,0.000559887625577789,-3.53075577732959e-05
9.81,0.0290721551305428,-0.000541878185810309,0.000554231581607753,-3.50483091662561e-05
9.82,0.0289203210872537,-0.000536418213279525,0.000548691565926589,-3.47893673229567e-05
9.83,0.0287699268091244,-0.000531013422172511,0.000543156121900195,-3.45355890811414e-05
9.84,0.0286209414305107,-0.000525558132525104,0.000537651241011985,-3.42860553004262e-05
9.85,0.028473382859304,-0.000520262798422002,0.000532323960698641,-3.40331946726107e-05
9.86,0.0283272066578841,-0.000514914651401163,0.000527037537700088,-3.37838897362525e-05
9.87,0.0281824288598433,-0.000509724591449584,0.000521881656917039,-3.3534765700298e-05
9.88,0.0280390002141189,-0.000504480297691571,0.00051673090776484,-3.32915061542155e-05
9.89,0.0278969392179744,-0.000499392954238639,0.000511685074662404,-3.30497054873348e-05
9.9,0.0277561987005619,-0.000494250383005863,0.000506626294431616,-3.28143366058564e-05
9.91,0.0276167984938198,-0.000489263924806121,0.000501660369711054,-3.25805054104285e-05
9.92,0.0274786926751756,-0.000484221439388288,0.000496674230599614,-3.23528629017437e-05
9.93,0.0273419021085517,-0.000479334333967614,0.000491777500998169,-3.21263142825375e-05
9.94,0.0272063818741122,-0.000474390438833305,0.000486860012277245,-3.1905403830723e-05
9.95,0.0270721532373981,-0.000469601182762045,0.000482033521261211,-3.16849977721179e-05
9.96,0.0269391718204004,-0.000464754336182358,0.000477189225824279,-3.1469654739722e-05
9.97,0.0268074587998264,-0.000460061332640482,0.000472439675389673,-3.12542888055228e-05
9.98,0.0266769699591238,-0.000455309876426154,0.000467676317699342,-3.10435306740754e-05
9.99,0.0265477261035707,-0.000450711407417997,0.000463011604519382,-3.08323754695293e-05
10,0.0258049792260837,-0.00397374136727769,0.000458336569346981,-3.06255391789923e-05
10.01,0.0250986009086227,-0.0062764317246194,-0.00045512731385126,-1.21582350357709e-05
10.02,0.0241718218543514,-0.00858977222752215,-0.000309415865406641,7.94921873207203e-05
10.03,0.023068281910972,-0.0108391149515788,0.00314957553529089,0.000346767555668885
10.04,0.0218305326560286,-0.0130571026102593,0.0103607119293257,0.000773621849510642
10.05,0.0204231727671205,-0.0151690194139242,0.0209284052832597,0.00129787365699796
10.06,0.0187655110822798,-0.0172790682132123,0.0341049024608411,0.00184749556673634
10.07,0.0167477461459637,-0.0192992724116785,0.0490862148763475,0.00236083183186116
10.08,0.0142452418453767,-0.0213693344780997,0.065259243996913,0.00279891792010039
10.09,0.01112160150025,-0.0233697730244382,0.0820828988172659,0.00313610249567823
10.1,0.00725489847016059,-0.0253735023555574,0.0991956157859044,0.0033623199298403
10.11,0.00255575401314112,-0.0274733051382449,0.116276735697825,0.00347347913192828
10.12,-0.00308271338674304,-0.0294851510120682,0.133048410655338,0.00346936928220894
10.13,-0.00968152422591984,-0.0315893139005827,0.149371885687582,0.00335711290743237
10.14,-0.0173398274050023,-0.0335660120446497,0.165095359333058,0.00314344375575574
10.15,-0.0260092536824899,-0.0356188693078822,0.180152386585658,0.0028378516264988
10.16,-0.0358132034349625,-0.0375003352304728,0.194448579051533,0.00244738346198706
10.17,-0.0466301576171615,-0.0394420726204703,0.207946672006086,0.00198010385107931
10.18,-0.0586370143112365,-0.0411733370349377,0.220562082240449,0.00144078683415684
10.19,-0.0716295485981064,-0.042955795513698,0.232261443882328,0.000834663076675333
10.2,-0.085863421202822,-0.044497040896838,0.242996908511701,0.000165877348445702
10.21,-0.10103487283708,-0.0460872889545815,0.252733831768956,-0.000563021615546279
10.22,-0.117498110282495,-0.0474122151821259,0.261510885466883,-0.00134571495039129
10.23,-0.1348278892507,-0.0487876028530635,0.26939335851901,-0.00217550309852171
10.24,-0.153493173836144,-0.0498761221871309,0.27640810211159,-0.00304792619547355
10.25,-0.172927076518495,-0.0510176751996287,0.282597270660843,-0.00395809857453255
10.26,-0.193362027327282,-0.0520392469961195,0.287991520800376,-0.00490105447520515
10.27,-0.215181775927436,-0.0527449185943554,0.292632407991817,-0.00587160483190832
10.28,-0.237574505061846,-0.0535104337614554,0.296568817137683,-0.00686431049883016
10.29,-0.261377541132237,-0.0539440841298855,0.299862418065685,-0.00787327831600421
10.3,-0.28559771553562,-0.0544433632621235,0.302575587243985,-0.00889449296521582
10.31,-0.311250589482139,-0.0545966842925015,0.304774893794701,-0.00992511011638116
10.32,-0.337146896815304,-0.0548218234491558,0.306481775683936,-0.0109623743908307
10.33,-0.363791903233917,-0.0549104916934819,0.307722563748531,-0.0120028691736255
10.34,-0.391896465251477,-0.054634949115672,0.308534236277003,-0.0130445021050784
10.35,-0.419959337574463,-0.0544437738491502,0.308940573435972,-0.0140857682864652
10.36,-0.449506016782203,-0.053880045948017,0.308991586920582,-0.015123939236814
10.37,-0.478817914441059,-0.0534101952914777,0.308716942368283,-0.0161568795328053
10.38,-0.508664241177638,-0.0528045046623837,0.308161807385131,-0.0171818488137435
10.39,-0.540044625811172,-0.0518162357273897,0.307362269164228,-0.0181966345373055
10.4,-0.570899738820301,-0.0509372631535418,0.3063490879696,-0.0192000890452451
10.41,-0.6033330942471,-0.0496712709448859,0.305145232820373,-0.020189879051464
10.42,-0.635050373102407,-0.0485244163091385,0.303765501327784,-0.0211645634152444
10.43,-0.667116047789416,-0.0472478513079759,0.302230541906242,-0.0221224893532039
10.44,-0.700839320856971,-0.0455789198242704,0.30054329307634,-0.0230619338846419
10.45,-0.733565630437083,-0.0440444462972253,0.298710196673961,-0.0239818369156267
10.46,-0.766545670062095,-0.042385646193829,0.296752703452282,-0.0248806673571884
10.47,-0.801278891213649,-0.0403317188920227,0.294676119686872,-0.0257569035696446
10.48,-0.834742673167987,-0.0384266295427734,0.292483543376159,-0.0266095241909528
10.49,-0.868376955346562,-0.0364027931566874,0.290202093573856,-0.0274373196219167
10.5,-0.903873357967566,-0.0339826504757658,0.287845609151982,-0.0282393875134274
10.51,-0.93783773039406,-0.0317238040259792,0.285418056660675,-0.0290151213843395
10.52,-0.971901245146591,-0.0293512066419838,0.282936712538896,-0.0297632750445578
10.53,-1.00794760766657,-0.0265821090437614,0.280420601379188,-0.0304833877530595
10.54,-1.0422092114844,-0.0239840703452854,0.27788607581049,-0.0311757920253428
10.55,-1.07650953881043,-0.0212760486358993,0.275352182735825,-0.031839851023883
10.56,-1.11292396890826,-0.0181717306778799,0.272827673547969,-0.0324751482096097
10.57,-1.14730944364555,-0.0152448754291151,0.270316210441115,-0.0330815628295887
10.58,-1.18167521466963,-0.0122100686683699,0.267839244583799,-0.033658133602842
10.59,-1.21599436292949,-0.00906704818487591,0.2654177929518,-0.0342044810839732
10.6,-1.25253351282919,-0.00548694958769816,0.271583514096385,-0.0343534359246523
10.61,-1.28651267134568,-0.00197291785571779,0.281413147944781,-0.0342949113515389
10.62,-1.32012986272771,0.00177699083886121,0.291711554874578,-0.0343014537814629
10.63,-1.35583230912395,0.00605529022248777,0.302336604085305,-0.0344044829745308
10.64,-1.38851869609506,0.0102933913147364,0.313258966128296,-0.0346114325178757
10.65,-1.42050265658363,0.0147853593939184,0.324389411260884,-0.0349284694041564
10.66,-1.4515818093512,0.0195369517806419,0.335363187319166,-0.0353736592994135
10.67,-1.48427113558278,0.0248311088408658,0.345540898077272,-0.0359764121015046
10.68,-1.51284099416179,0.0300954647113022,0.354067080334754,-0.0367687116556918
10.69,-1.53972567819584,0.0355932287295684,0.359410348627607,-0.0378045016472005
10.7,-1.56758309053092,0.0415578679784131,0.359429500147013,-0.0391575517873601
10.71,-1.59045443470384,0.0473709580849713,0.352223445319741,-0.0408660332274825
10.72,-1.61104331888964,0.0532246585767448,0.336379872665237,-0.042916071651663
10.73,-1.63223665689284,0.0592900258522859,0.311725880896237,-0.0452256111837421
10.74,-1.64799104456603,0.064938603361022,0.279371770721721,-0.047655442022465
10.75,-1.66425222894128,0.0706176778757546,0.240160598649798,-0.0500336857996498
10.76,-1.6749064554415,0.0756711294806168,0.184654073287266,-0.0516492920092413
10.77,-1.68591495466131,0.0804692787629656,0.121527303662798,-0.0526080088726247
10.78,-1.68108290921462,0.0832810629991163,0.0569026649968049,-0.0529655940605496
10.79,-1.67720930331535,0.0857625182117596,-0.00747332918414864,-0.0527093968704826
10.8,-1.67139408463797,0.0876640034933874,-0.0703006814722805,-0.0518226441802996
10.81,-1.66087688957545,0.0887724690324046,-0.130666784142023,-0.0503173976498884
10.82,-1.65165268617302,0.0895643405126034,-0.187846034509623,-0.0482403410270524
10.83,-1.64097359555456,0.0898355094360383,-0.240689521409937,-0.0456490222289924
10.84,-1.62628349389645,0.0894212276759756,-0.287724934569133,-0.0426092179917845
10.85,-1.61334092564865,0.0887982550929921,-0.327344511677349,-0.0391861441534898
10.86,-1.59950910332218,0.0878292389059158,-0.357742778186302,-0.0354254051253931
10.87,-1.58491604206648,0.0866074409729378,-0.377486513269748,-0.0313732567845448
10.88,-1.56710984865806,0.0850566254770617,-0.385850327682922,-0.0270954640615503
10.89,-1.55126535033453,0.0836531242809226,-0.38325513347598,-0.0226974126551836
10.9,-1.53481141936838,0.0823068122365431,-0.371226943338875,-0.0183180491935384
10.91,-1.51539728270513,0.080930760309059,-0.352419458884865,-0.0141247202004499
10.92,-1.4978253036744,0.0799055786402466,-0.330126178041593,-0.0102837970963369
10.93,-1.47971114534675,0.0790760024420921,-0.307545057971105,-0.00692268570224032
10.94,-1.45891685314372,0.0782808054657118,-0.287363509435975,-0.00411316188250045
10.95,-1.43994545113697,0.0777836136987737,-0.271340943598386,-0.00186016664799792
10.96,-1.42061962834717,0.0773852301383507,-0.259995602083299,-0.000100193202163679
10.97,-1.40100410368341,0.0770391642254495,-0.253038170547983,0.00126469783088812
10.98,-1.37919165758015,0.0765791112595213,-0.249728623988248,0.00234087051358851
10.99,-1.35920941465009,0.0762291788100843,-0.249225427713407,0.00322348300019198
11,-1.33907423853682,0.075835037745341,-0.250580042461262,0.00399302876336115
11.01,-1.31701994471244,0.0752711994053886,-0.253006625189295,0.00470667623214101
11.02,-1.29669298807856,0.074775437002382,-0.251902394938126,0.00557644881142269
11.03,-1.2745250158997,0.0741628796105311,-0.24885271605557,0.00653839910608775
11.04,-1.25394083332746,0.0736516465232823,-0.245189333949327,0.00746209969329064
11.05,-1.23321671384432,0.073140025405957,-0.241042832909301,0.00832703586609596
11.06,-1.21084911989668,0.0725431878355269,-0.236484219833758,0.00912638032723959
11.07,-1.18994987421692,0.0720475762269125,-0.231546010501722,0.00985628743138815
11.08,-1.16896124507641,0.0715632338234464,-0.226261425971123,0.0105155520078248
11.09,-1.14653564401317,0.0710163179068744,-0.220655856741171,0.0111046418276954
11.1,-1.12546231671324,0.070568348936617,-0.214728631713521,0.0116234065000998
11.11,-1.10307915255683,0.0700715320462862,-0.208487815546555,0.0120703235162146
11.12,-1.08196728836172,0.0696723550019501,-0.201961451336665,0.0124440083063361
11.13,-1.06081570018525,0.0692862091216671,-0.198265410374026,0.0128641294813797
11.14,-1.03849346111205,0.0688257759663018,-0.196226914534893,0.013328390333984
11.15,-1.0172731521014,0.0684086433376603,-0.194146341452543,0.0137655175173168
11.16,-0.994990216783843,0.0679203930791406,-0.191910922656116,0.0141643467430764
11.17,-0.973732257946472,0.0674716737460426,-0.189576207866119,0.014525407771456
11.18,-0.952447343373927,0.0670069958198349,-0.187180564636654,0.0148508827479999
11.19,-0.930269483847588,0.0664827243900963,-0.184762193207516,0.0151434052220713
11.2,-0.909007755122966,0.0659900345420368,-0.182358485039613,0.0154058892893491
11.21,-0.886962797715965,0.0654428386635744,-0.179996833550525,0.0156404129619506
11.22,-0.865766570521754,0.0649207980743248,-0.177686186015272,0.0158483329890497
11.23,-0.843896823776813,0.0643481903909467,-0.175426439285284,0.0160310147077453
11.24,-0.822816848992423,0.0637943780526325,-0.173213599380249,0.0161898392457228
11.25,-0.801174777736408,0.0631935836613705,-0.171037255120023,0.0163265198199091
11.26,-0.780271440233657,0.0626057692295899,-0.168898107069314,0.0164421000736087
11.27,-0.759463779281327,0.0619990120498973,-0.166802650331562,0.0165372646115597
11.28,-0.738265782858168,0.0613500642815592,-0.164759739084694,0.0166125505389213
11.29,-0.717751397451959,0.0607055583884287,-0.162775961233893,0.0166685702530722
11.3,-0.696961257233993,0.0600212211959756,-0.160856858605517,0.0167060034446782
11.31,-0.676823879212113,0.0593359863939432,-0.159007774237168,0.0167255890052865
11.32,-0.656518485819873,0.0586129696214063,-0.157230193471114,0.0167280679257877
11.33,-0.636837492532668,0.0578840897785327,-0.155528176250521,0.0167144718408685
11.34,-0.617087793764446,0.0571191956878527,-0.153908874498168,0.0166856493709958
11.35,-0.597934744161636,0.0563438436460027,-0.152373420554162,0.0166423161197025
11.36,-0.578801890178124,0.0555340836523728,-0.150920728177702,0.0165852089693801
11.37,-0.560237583262503,0.0547098681939153,-0.149554802536535,0.0165152219327742
11.38,-0.541770739709113,0.053852827642574,-0.148276247766976,0.0164331895228593
11.39,-0.523842838462054,0.0529779797439391,-0.14708086018033,0.016339655043892
11.4,-0.506077212440172,0.0520720774457487,-0.145963610709305,0.0162350556804428
11.41,-0.488819513249289,0.0511458949398559,-0.14491992883731,0.0161197987410036
11.42,-0.471776252641845,0.0501907678827202,-0.1439459877105,0.0159943145734117
11.43,-0.455208521316091,0.0492137447761331,-0.143040796679183,0.0158591441489229
11.44,-0.438895905105438,0.0482101149539276,-0.142202693417629,0.0157148343582249
11.45,-0.423026237085615,0.0471836727529595,-0.141429845309352,0.0155619212225378
11.46,-0.407499285596742,0.0461329462141232,-0.140721089962351,0.0154009889388552
11.47,-0.392272843026308,0.0450590532942674,-0.140377468974501,0.015232996429502
11.48,-0.377501674846384,0.0439103799511502,-0.149818921849636,0.0146014487940843
11.49,-0.363221857138316,0.0426196374015546,-0.162214631853682,0.0138449304037037
11.5,-0.349501699792335,0.0411755760890023,-0.174847398795519,0.0132030742483853
11.51,-0.336305736462892,0.039584093056694,-0.187256149907712,0.0127081578472208
11.52,-0.323636376017813,0.0378455610406813,-0.199141131475489,0.0123666078859462
11.53,-0.311489560468608,0.0359738360808478,-0.210216142345336,0.0121799765883881
11.54,-0.299831692771335,0.0339736372748237,-0.220162091840269,0.0121512016088038
11.55,-0.288684610725356,0.0318665598958128,-0.228593485613058,0.0122841380574359
11.56,-0.277982991211265,0.0296665591823413,-0.23393534190248,0.0125439275037149
11.57,-0.267793743147982,0.0274410625080368,-0.232188557720485,0.0127871759842405
11.58,-0.258032415497471,0.0252364117751449,-0.226404061789225,0.0131389233068824
11.59,-0.248739696200603,0.0231002878302142,-0.216961292198706,0.0135989707335846
11.6,-0.239787983324929,0.0210589010385213,-0.20432201886409,0.0141114694315655
11.61,-0.231242505184714,0.0191509142307227,-0.189141645064544,0.0146120832467972
11.62,-0.222979365764076,0.0173890711908691,-0.172210034921317,0.0150416532973198
11.63,-0.215093781730528,0.0157966002831317,-0.154355613036497,0.0153536109637359
11.64,-0.207467575465663,0.0143698688528432,-0.136330429026363,0.015516053404594
11.65,-0.200216527379492,0.0131172294573485,-0.118789932695355,0.0155120185534307
11.66,-0.193223041691192,0.0120221609839817,-0.102240244075344,0.0153410285162403
11.67,-0.186611668362532,0.0110831044964121,-0.0870013932002194,0.0150132719317929
11.68,-0.180259960962202,0.0102770166679799,-0.0732883402797824,0.0145468133587163
11.69,-0.174292942629033,0.0095979657588402,-0.0612057455959766,0.0139631465323853
11.7,-0.168582032160689,0.00902093669421824,-0.0507793306554289,0.0132859885433788
11.71,-0.1632489348548,0.00853917599514709,-0.0419728312394032,0.0125388813688963
11.72,-0.15816059149515,0.00812868644784644,-0.0346891299666745,0.0117446854366931
11.73,-0.153434443412953,0.00778406098216178,-0.02882663747176,0.0109234927073616
11.74,-0.14893581683613,0.00748369189306683,-0.0242625443931338,0.0100930639446644
11.75,-0.144717202418018,0.00722013857413154,-0.0208578409370936,0.00926851358302082
11.76,-0.140827707588468,0.00698695043044804,-0.0184602953044612,0.00846277596293414
11.77,-0.137134726555926,0.00676738880691923,-0.0169097980143603,0.00768664262000403
11.78,-0.133745523736557,0.00656189087463999,-0.0160506816167213,0.00694884560415766
11.79,-0.130530662994158,0.00635719522889043,-0.0157280379109184,0.00625607904346951
11.8,-0.127593077815347,0.00615629628471383,-0.015797358207991,0.00561293309624836
11.81,-0.124807488986147,0.00594919360527637,-0.0161213709618312,0.00502252310560937
11.82,-0.122272198927466,0.00574111471672887,-0.0165730789433878,0.00448635065635919
11.83,-0.119866699771197,0.00552495726144371,-0.0170390714030383,0.00400454586181309
11.84,-0.117684563919263,0.00530766175516301,-0.0174313843011713,0.00357573659234932
11.85,-0.115610485981795,0.00508429973661028,-0.0176762590819561,0.00319769701884832
11.86,-0.11373312986739,0.00486277121029761,-0.0177220204007685,0.00286724821625985
11.87,-0.111942796595049,0.00463956398125676,-0.0175356489187558,0.0025803857357831
11.88,-0.110323450768017,0.00442277569450359,-0.0171031128622768,0.00233254852792037
11.89,-0.108771525534272,0.00420955198300131,-0.0164263467110134,0.00211900104742978
11.9,-0.107366538357215,0.00400751486213702,-0.0155233500446939,0.00193483205899999
11.91,-0.106011422691035,0.0038138346391456,-0.0144215239763796,0.00177530783168844
11.92,-0.10478151300617,0.00363517810179357,-0.0131569943809403,0.00163600865728239
11.93,-0.103586413793932,0.0034683526845006,-0.0117725251980009,0.0015129205006458
11.94,-0.102497455275001,0.00331879359858107,-0.0103148066223166,0.00140248676313212
11.95,-0.101430928742833,0.00318274127082122,-0.00882825256258263,0.00130183186785871
11.96,-0.100454239478435,0.00306438331204855,-0.00735500646952974,0.00120871224557844
11.97,-0.0994901225786071,0.00295944956117151,-0.00593450173863558,0.00112146500370744
11.98,-0.098602060556261,0.00287101456724995,-0.00459989111143176,0.00103896330779111
11.99,-0.0977189035350809,0.00279447576033048,-0.00337579333357505,0.000960644129508249
12,-0.0968700200424992,0.00273047131955425,-0.00228191275388842,0.000886308367339672
12.01,-0.0960804160245514,0.00267915652573593,-0.00133145591203214,0.000816021971340517
12.02,-0.0952873530230995,0.00263591656943256,-0.00052946861497179,0.000750130883990612
12.03,-0.0945444323146605,0.00260227379166928,0.000124752871329678,0.000689082452719606
12.04,-0.0937940354438718,0.00257391115440598,0.000637614154359822,0.000633393257090055
12.05,-0.0930858665999628,0.002552200092698,0.00101927940934351,0.000583536504074038
12.06,-0.0923670920921111,0.00253329233977254,0.00128344850974299,0.000539924405283742
12.07,-0.0916836505403378,0.00251857063266464,0.00144563721190529,0.000502836420006041
12.08,-0.0909871977443037,0.00250474522123783,0.00152298124139561,0.000472421020673362
12.09,-0.0903200548012046,0.00249329483700873,0.00153248495891589,0.000448647871654614
12.1,-0.089638127679236,0.00248149077298837,0.00148923760052442,0.000431197490860062
12.11,-0.0889803591876976,0.0024709149381324,0.00141189299959679,0.00041974199848621
12.12,-0.0883066888573945,0.00245939288795771,0.00131499026176448,0.000413723226016269
12.13,-0.0876528839740072,0.00244858858633182,0.00120940679996102,0.000412375387482743
12.14,-0.0869827504992591,0.0024367473325012,0.00110421959323599,0.000414877206687338
12.15,-0.0863291198048408,0.00242551956976186,0.00100683260081203,0.000420386718710032
12.16,-0.0856594191565554,0.00241347968656946,0.000922636829983164,0.000428097443710403
12.17,-0.0850036922900594,0.00240220256275349,0.000854694175453579,0.000437243564496377
12.18,-0.084332707146614,0.00239049243460389,0.00080413909612896,0.00044712458852958
12.19,-0.0836738570920881,0.0023797794719834,0.000770355800570192,0.000457111822137148
12.2,-0.0830009756642465,0.00236901072971142,0.000751440222888057,0.000466660907846917
12.21,-0.0823389445975371,0.00235942614428242,0.000744577951660992,0.000475313826871613
12.22,-0.0816643966167723,0.00235005785768351,0.000746225485538559,0.000482712284128347
12.23,-0.0809998357561801,0.00234193672678253,0.000752501302924342,0.000488596535818464
12.24,-0.0803244318640566,0.00233414735516992,0.000759493611463366,0.000492800464512644
12.25,-0.0796584408063525,0.00232751712639569,0.000763537767048775,0.000495248070395772
12.26,-0.0789833217837499,0.00232117582934947,0.000761365501431362,0.000495942906962351
12.27,-0.078309060234047,0.00231543903289192,0.000750319761839017,0.000494961646141908
12.28,-0.0776436239867637,0.00231049192007594,0.000728373365187199,0.000492439385185374
12.29,-0.0769714775541743,0.00230555354001334,0.000694160213722447,0.000488556900210164
12.3,-0.0763078327952043,0.00230107235594722,0.00064722392480296,0.000483542456270907
12.31,-0.075638910106024,0.00229634743803144,0.000587376464655565,0.000477631991136083
12.32,-0.0749781195789181,0.00229174016002809,0.000515242298987274,0.000471079132158239
12.33,-0.0743132595254057,0.00228664391876444,0.000431997745635559,0.000464136546893524
12.34,-0.0736560895162048,0.00228136710257634,0.000339321048164828,0.000457048606135546
12.35,-0.0729958412242668,0.00227540985299853,0.000239077293587815,0.000450034739260922
12.36,-0.0723427730894457,0.00226905024444021,0.000133392725783624,0.000443291686144186
12.37,-0.0716874201463975,0.00226189739739279,2.45804873207141e-05,0.00043699293593439
12.38,-0.0710386748933223,0.00225421417380522,-8.52602628341293e-05,0.000431286730855492
12.39,-0.0703882742650155,0.00224570800518888,-0.000194797254469298,0.000426251084194008
12.4,-0.0697439101214856,0.00223662237704255,-0.000301602334308717,0.000421966735121129
12.41,-0.069098423349371,0.00222675974658209,-0.000403659621874508,0.000418472232895021
12.42,-0.0684584263311425,0.00221635575085834,-0.000499638489767859,0.000415761235023287
12.43,-0.06781777056898,0.00220528554877641,-0.000588785787892753,0.000413794530758529
12.44,-0.0671821167567241,0.00219375932554398,-0.000670505314775665,0.000412521803094761
12.45,-0.0665462336189773,0.00218170414002712,-0.000744587279908983,0.000411879129272536
12.46,-0.0659149310893996,0.00216929908625992,-0.000810888529948648,0.000411798788165836
12.47,-0.0652837995515441,0.00215650925866412,-0.00086952367794185,0.000412208526451861
12.48,-0.0646568869186837,0.0021434802587753,-0.000920705882229558,0.000413034284253102
12.49,-0.0640305168169064,0.00213020380483412,-0.000964937503279202,0.000414197218605832
12.5,-0.063408058686286,0.00211678863132609,-0.00100275509670219,0.000415627023892253
12.51,-0.0627864886352887,0.00210324290653406,-0.00103483789806887,0.000417260367409098
12.52,-0.0621685700641859,0.00208963739778088,-0.00106206717657126,0.000419039375679787
12.53,-0.0615518565441695,0.00207598731706781,-0.00108532432295359,0.00042091379209734
12.54,-0.0609376547350289,0.0020623295607025,-0.00110525524731395,0.000422848624484276
12.55,-0.0603267790726711,0.00204867623063549,-0.00112246991451188,0.000424814512918361
12.56,-0.0597175198140123,0.00203505268878202,-0.00113756402757788,0.000426785721463373
12.57,-0.0591114072297598,0.00202144991147886,-0.00115096014072804,0.000428747683612784
12.58,-0.0585071480237769,0.00200790011065103,-0.00116313193546985,0.000430686302220636
12.59,-0.0579058718429453,0.00199437135142648,-0.00117456859290742,0.000432596468191231
12.6,-0.0573066504130457,0.00198090289264847,-0.00118521683424974,0.000434471220378904
12.61,-0.0567102740383554,0.00196744888199132,-0.0011952810182967,0.000436310614331428
12.62,-0.0561161377020101,0.00195405665733301,-0.00120493197189412,0.000438111849133067
12.63,-0.0555247380307238,0.00194066848052292,-0.00121425031283742,0.00043987569004893
12.64,-0.0549357474602274,0.0019273382315314,-0.00122338621001521,0.000441597880830604
12.65,-0.0543494109585287,0.00191399897519776,-0.00123234500951596,0.000443276675405261
12.66,-0.0537656401677866,0.00190070932981074,-0.00124133780409862,0.000444917187305275
12.67,-0.0531844586052843,0.00188739817375907,-0.00124987080299503,0.000446519991876835
12.68,-0.0526059731972657,0.00187413577502876,-0.00125769672883595,0.000448079041139538
12.69,-0.0520300194316441,0.00186085172093803,-0.00126466864056801,0.000449594485787588
12.7,-0.0514568704099032,0.00184762268827922,-0.00127082042647746,0.000451059944186349
12.71,-0.0508862060482933,0.00183437608003051,-0.00127622626422998,0.000452464096955031
12.72,-0.0503184430918511,0.00182118954244069,-0.00128102638303554,0.00045379076135426
12.73,-0.0497531382486125,0.00180798666587745,-0.00128535127197938,0.000455028418164327
12.74,-0.049190828685715,0.00179484379646575,-0.00128939212490156,0.000456167788640083
12.75,-0.0486309707730888,0.00178168101779544,-0.00129323308690223,0.000457204064504811
12.76,-0.048074198494592,0.00176857318195611,-0.00129701688562208,0.00045813368874515
12.77,-0.0475198872906057,0.0017554387565162,-0.00130075001609525,0.000458963920806113
12.78,-0.046968744744925,0.00174235112352124,-0.00130461821839163,0.000459698920582091
12.79,-0.0464200816373355,0.0017292272867949,-0.00130872357261024,0.00046034592251985
12.8,-0.0458746618878632,0.0017161367945154,-0.00131321545516849,0.0004609159829285
12.81,-0.0453321406775808,0.0017030346446286,-0.00131798117354002,0.000461422520479584
12.82,-0.0447921338783557,0.00168988108395547,-0.00132258078974776,0.000461875878979983
12.83,-0.0442554567409701,0.00167674831366651,-0.0013270038478944,0.000462284375685814
12.84,-0.0437213182777727,0.00166356281215568,-0.00133117865697157,0.000462655419644912
12.85,-0.0431905536224608,0.00165039644670959,-0.001335095251825,0.000462991442785882
12.86,-0.0426623548825482,0.00163717875287056,-0.00133872982035909,0.000463294311317255
12.87,-0.0421375699383102,0.00162397970696755,-0.00134209836152575,0.00046356308051648
12.88,-0.0416153842875113,0.00161073172020904,-0.00134518101592642,0.000463797470343954
12.89,-0.0410966473165653,0.00159750267173902,-0.00134798327879923,0.000463995437639391
12.9,-0.0405805444056622,0.00158422820890915,-0.00135047388511023,0.000464156077578104
12.91,-0.0400679209640131,0.00157097402136739,-0.0013526613995411,0.000464277251962378
12.92,-0.0395579722764197,0.00155767915545433,-0.00135449350479768,0.000464357971408222
12.93,-0.0390515338861741,0.00154440724876471,-0.00135595698992322,0.000464396100514421
12.94,-0.0385478157759911,0.0015311009806065,-0.0013570188243355,0.00046439069682748
12.95,-0.0380476374008198,0.00151782170673662,-0.00135767335711102,0.000464339879137302
12.96,-0.0375502272684676,0.00150451554490119,-0.00135789676150977,0.000464242925247068
12.97,-0.0370563832390527,0.00149124133186386,-0.00135769246122347,0.000464098389630391
12.98,-0.036565355195413,0.00147794842781945,-0.00135704791167919,0.000463906032167654
12.99,-0.0360779148070058,0.00146469292468424,-0.00135597543253683,0.000463665097407163
13,-0.0359243224585297,-0.0020597614369284,-0.0013544724926477,0.000463376058695728
13.01,-0.0360476968988852,-0.00439037784104903,-0.00404412967200712,0.000339654210198008
13.02,-0.0364395221985783,-0.00674924800544312,-0.00568710120186555,0.000277751553316227
13.03,-0.0370602868248309,-0.00906224872101319,-0.00401305323039345,0.000394111060840078
13.04,-0.0378683369713917,-0.0113602886426918,0.0017601754195072,0.000690825126214053
13.05,-0.0388931039853446,-0.0135624015075119,0.0116873780901626,0.00112773229004792
13.06,-0.0402022827147315,-0.0157623132902417,0.0254104224594218,0.00164777175134678
13.07,-0.0418890370088842,-0.0178594954456538,0.0421796233389066,0.00218450591864198
13.08,-0.0440615701726683,-0.0199821656708753,0.0612077181275977,0.0026814681854682
13.09,-0.0468429094446732,-0.0220020031618555,0.0816215414985641,0.00309062957187763
13.1,-0.0503451563360224,-0.0239865108714653,0.102767575321675,0.00338480659186965
13.11,-0.054650247002809,-0.0260256958877829,0.124077142960211,0.00354893069824959
13.12,-0.0598594410719953,-0.0279349417565347,0.145046485397731,0.00357566851473529
13.13,-0.0659888056173878,-0.029895548314074,0.165465322482861,0.00347363023734426
13.14,-0.0731324976191035,-0.0316893716706055,0.185081078069942,0.00324984844070453
13.15,-0.0812363951146944,-0.0335220170757763,0.203872341360693,0.00292112782124078
13.16,-0.090416780762661,-0.0351476207817662,0.221690958643649,0.00249771250927281
13.17,-0.10054396644321,-0.0367996787642645,0.238563699691728,0.00199575561663614
13.18,-0.11178553511115,-0.0382090102142666,0.25432972572314,0.0014215290679033
13.19,-0.123927497535046,-0.0396391194054967,0.269042958593997,0.000788248366893349
13.2,-0.137214722096201,-0.0407990144778322,0.282603212935299,0.00010244756057211
13.21,-0.151331518563827,-0.0419801803630748,0.295099360965334,-0.00062330379303921
13.22,-0.166619268161264,-0.0428692102593141,0.306471267246061,-0.00138382802777621
13.23,-0.182640166382049,-0.0437834461313509,0.31682878099532,-0.00216930237338235
13.24,-0.199850833726315,-0.0443868999682902,0.326134208521577,-0.00297700067402409
13.25,-0.217672390875217,-0.0450211312389782,0.334491472354113,-0.00380038459481667
13.26,-0.236325863229372,-0.0455145312972706,0.341869476704404,-0.00463697833685042
13.27,-0.256184636542227,-0.0456730125364002,0.34830563882975,-0.00548146241701074
13.28,-0.276425924589086,-0.0458740689222425,0.353884935157977,-0.00632627648619803
13.29,-0.29787766997926,-0.0457278704000835,0.358565944178781,-0.00717021445947901
13.3,-0.319537938653585,-0.0456346216885713,0.362420704283721,-0.00800864605601915
13.31,-0.342414954789137,-0.0451853968267351,0.365449245142134,-0.00883988292158886
13.32,-0.365311870630023,-0.0448009343208812,0.367743407934888,-0.00965956406398334
13.33,-0.388727727230099,-0.0442752595622343,0.369325726906585,-0.0104664290061868
13.34,-0.413368233468549,-0.0433828597677218,0.370267191715252,-0.0112584003326819
13.35,-0.437726285435862,-0.04257423282878,0.370659283197506,-0.0120316800644555
13.36,-0.463323138048176,-0.0413938539843478,0.370523874191998,-0.012786769720187
13.37,-0.488437374448557,-0.0403124624745272,0.368444642260483,-0.0135618182695707
13.38,-0.513916043456304,-0.039168138913683,0.356443828001906,-0.0147752443172079
13.39,-0.540844435464558,-0.037769382984237,0.342283182904876,-0.0159776167736845
13.4,-0.567169417510403,-0.0366152649093508,0.327647780506071,-0.0170257635588236
13.41,-0.594989955645209,-0.0352106646875768,0.312754949357275,-0.0179035397948279
13.42,-0.622005966679199,-0.0340617647253005,0.297775419047063,-0.0186119021014735
13.43,-0.649278196887145,-0.0329179821739043,0.282870397732501,-0.0191577611710313
13.44,-0.678114095812729,-0.0315135183714727,0.268173626546077,-0.0195508270876019
13.45,-0.705859324240617,-0.0303711645340511,0.253809245339543,-0.0198040475391985
13.46,-0.73376738948412,-0.0292269058197769,0.239851978459977,-0.0199283159738274
13.47,-0.763342009269217,-0.0278042808485942,0.226364976422767,-0.0199334641860971
13.48,-0.791565745505886,-0.0266410416982382,0.213447463790905,-0.0198277008285132
13.49,-0.819884402466462,-0.025462254933753,0.201199003049698,-0.0196191828429369
13.5,-0.84999584419147,-0.0239822097286172,0.189714917296653,-0.0193170722558746
13.51,-0.878512723234429,-0.0227499298503331,0.179172897713374,-0.0189304038219082
13.52,-0.907098637081122,-0.021455009525583,0.174841399030364,-0.0187054803698762
13.53,-0.937694578936813,-0.0197558025161721,0.174506155949484,-0.0186042043966857
13.54,-0.966549601319696,-0.0181988896094992,0.175245413712606,-0.0185376652376085
13.55,-0.995490331716648,-0.0164972244146854,0.176324209242619,-0.018484139569114
13.56,-1.02659158969388,-0.014362040130739,0.177594319362498,-0.0184371541276573
13.57,-1.05570949466432,-0.0123658067932514,0.179014039260618,-0.0183947707062495
13.58,-1.08485125828172,-0.0102218663420139,0.180560897563468,-0.0183562645871737
13.59,-1.11398812790671,-0.00792925517731755,0.182218901550139,-0.0183216166258207
13.6,-1.14542597183702,-0.00519779445263344,0.183979354845078,-0.0182911480165709
13.61,-1.17449375090987,-0.00260325391584693,0.185841000080055,-0.0182651084420979
13.62,-1.2034110399496,0.00014494475232818,0.187800896156235,-0.0182436111196447
13.63,-1.23462451225836,0.00333683925765366,0.18985062468539,-0.018226861902923
13.64,-1.26303179146967,0.0064012545286132,0.191982748358108,-0.0182160266582929
13.65,-1.29094401451479,0.00963042568213388,0.194177402898393,-0.0182133267391037
13.66,-1.31815502387358,0.0130300410165194,0.19638555482681,-0.0182220260872733
13.67,-1.3471692821876,0.0168876920263595,0.198493444903927,-0.0182467068046891
13.68,-1.37223977110334,0.0206411709129629,0.200351843657221,-0.0182929047832236
13.69,-1.39576897116872,0.0245741525786838,0.201730068983394,-0.0183672518665844
13.7,-1.42036037941828,0.0289577357857036,0.202336135481822,-0.0184777302613879
13.71,-1.43996822488692,0.0332404490968716,0.205048073594364,-0.0185367232926146
13.72,-1.45715670695909,0.0377111382421215,0.206438961940097,-0.0185720424389838
13.73,-1.47473476805947,0.0425904273219409,0.202939043488552,-0.0188518303596566
13.74,-1.48662606607578,0.0472741206044513,0.193120178668489,-0.019391203805092
13.75,-1.49877479676774,0.0522119032193946,0.176357797746707,-0.0201611910132059
13.76,-1.50515900926589,0.0567977982845531,0.152882611770606,-0.0210878017149307
13.77,-1.5118824468051,0.0614642621370439,0.12321794011715,-0.0220833150670051
13.78,-1.50281685714371,0.0644611345621244,0.0885486743873876,-0.0230400547955922
13.79,-1.49482644555034,0.0674030561912602,0.0497289226665597,-0.023885321856132
13.8,-1.48506324341996,0.0699993278161093,0.0086998985888035,-0.0245117922637246
13.81,-1.47080407229247,0.0720034159668201,-0.0329221176095848,-0.0248409216784956
13.82,-1.45806979196583,0.0738632854659603,-0.0741815175099633,-0.024840308904252
13.83,-1.44412474856322,0.0753450255455251,-0.114280233194408,-0.0244980523127045
13.84,-1.42641168611724,0.0762479403478188,-0.152695433576079,-0.0237567130137649
13.85,-1.41064484040249,0.0769750446455659,-0.194300685008845,-0.0224905774668358
13.86,-1.39418489513864,0.0772933273809466,-0.233494412498839,-0.0208906385820979
13.87,-1.37719254739889,0.0772417875569402,-0.267361300716023,-0.019033612628646
13.88,-1.35725707516162,0.0766903894594268,-0.29503803902541,-0.0169472110857239
13.89,-1.33959375817723,0.0760687489976003,-0.315913041134232,-0.0146578608869391
13.9,-1.32165389512526,0.0752550875785512,-0.329604049763378,-0.0121959508419475
13.91,-1.30108500047257,0.0741538072538863,-0.33621109805289,-0.00961041320794681
13.92,-1.28266246706032,0.0731635792047766,-0.336404584841611,-0.00697131350908738
13.93,-1.26394709344823,0.0721708662226818,-0.331224651226224,-0.00435885209216431
13.94,-1.24492194214522,0.071219918663472,-0.322134424916204,-0.00186205322886195
13.95,-1.22344741413322,0.0701980998363162,-0.310778574773936,0.000435790868314807
13.96,-1.20385894898009,0.0694063807518833,-0.298732571009848,0.00247057831843132
13.97,-1.18399086102413,0.0686967464108562,-0.287205218082963,0.00421161946780277
13.98,-1.16191596216609,0.067932494599599,-0.277065224573323,0.00565668426122983
13.99,-1.14166073166232,0.0673529604834649,-0.268783539362511,0.00682850615464008
14,-1.12124996265307,0.0668075910385899,-0.262375790709673,0.00777123401880438
14.01,-1.09893035408259,0.0661670137679323,-0.257657408788153,0.00853404931597974
14.02,-1.078383574036,0.0656426492891919,-0.254352354166324,0.00916294935586235
14.03,-1.05610575227667,0.0650037511895743,-0.252094343638495,0.00969964121591207
14.04,-1.03554471578389,0.0644504016620982,-0.250590730895165,0.0101752456226908
14.05,-1.01498175005457,0.0638694511755528,-0.249574957384696,0.0106127398571209
14.06,-0.992913241333429,0.0631678495453189,-0.248849242987991,0.0110268629895078
14.07,-0.972450153844988,0.0625261154734071,-0.248289694500349,0.0114254443214325
14.08,-0.952031193183094,0.0618495308969083,-0.247784634959777,0.0118135198275952
14.09,-0.930305326463987,0.0610608183596093,-0.247255820799141,0.0121933410607469
14.1,-0.910060532364676,0.0603189370757132,-0.246656266125276,0.0125646207768599
14.11,-0.888631925759753,0.0594737568825606,-0.245935177299092,0.0129269294139335
14.12,-0.86859997503419,0.0586702562378853,-0.245071509469678,0.013278922452988
14.13,-0.848643238770656,0.0578553687837292,-0.239972897144455,0.0137814017189706
14.14,-0.827607313539795,0.0570046701142426,-0.233165583429016,0.0143416880605025
14.15,-0.807759769847779,0.0562471576237556,-0.226028700131485,0.0148353260142175
14.16,-0.786933698731683,0.0554692125017965,-0.218716391756978,0.015246312383238
14.17,-0.767216513141007,0.0547814997755781,-0.211335342719995,0.0155735409108023
14.18,-0.747555276147291,0.0541278939768633,-0.203973992034138,0.0158194329543869
14.19,-0.727082981688708,0.0534637084975527,-0.196707400146292,0.0159878165161503
14.2,-0.707608377723096,0.052878888859994,-0.189595722033211,0.016083166423209
14.21,-0.687430635586111,0.0522857555578305,-0.182690476951877,0.0161102645781973
14.22,-0.668178167189815,0.0517596114057988,-0.176899964224586,0.0161104071824074
14.23,-0.648309042777717,0.0512042361969425,-0.173312406754001,0.0161371896544262
14.24,-0.6292776043354,0.0506789868373106,-0.169995927801491,0.0161388997805634
14.25,-0.609731176510319,0.0501182131845878,-0.16664904745036,0.0161073330205172
14.26,-0.590970796049479,0.0495823605694178,-0.163312758971989,0.0160432691759669
14.27,-0.572353176816334,0.0490395715908055,-0.160026115579841,0.0159478078813385
14.28,-0.553392269768029,0.0484663895341764,-0.15682303037114,0.0158220446810427
14.29,-0.535161700995351,0.0479090227587545,-0.153733596723698,0.0156672165011043
14.3,-0.516702533546265,0.0473224948729349,-0.150787634209937,0.015484940207875
14.31,-0.498942655841326,0.0467448225106257,-0.148014388643589,0.0152774085139665
14.32,-0.481061669642305,0.0461379744968376,-0.145434908042195,0.0150471336100564
14.33,-0.463850818946312,0.0455325591897456,-0.143065971329316,0.0147968162793459
14.34,-0.446617582110846,0.0448970190003293,-0.140926204207642,0.0145291425661887
14.35,-0.43002565411488,0.0442553286635143,-0.139032639070622,0.0142469003845028
14.36,-0.413499349818153,0.0435818728273946,-0.13739189618161,0.0139527252364933
14.37,-0.397584817560402,0.042894847430254,-0.136012901626029,0.0136493331047075
14.38,-0.381812110211277,0.042174093418781,-0.13490572252981,0.0133396307259554
14.39,-0.366620015378416,0.0414327040719505,-0.134071561294726,0.0130261017458842
14.4,-0.351633275223289,0.040655553653024,-0.133507104072495,0.0127111249133411
14.41,-0.337194502442932,0.039851401795964,-0.133215229222801,0.0123971897509518
14.42,-0.323011907726199,0.0390096347941105,-0.13318993072427,0.0120864953281426
14.43,-0.309343244100262,0.0381353042802728,-0.133424451836363,0.0117809756353712
14.44,-0.295970340546919,0.0372218670515853,-0.13390993633349,0.0114825338141742
14.45,-0.283077429067452,0.0362712539135083,-0.134639069097369,0.0111932268178114
14.46,-0.270565344462035,0.0352802738075053,-0.135601616885135,0.0109146940933221
14.47,-0.258393381238365,0.0342487441841177,-0.13678568479933,0.0106482309879036
14.48,-0.246655358875406,0.0331748688256839,-0.138180306429132,0.0103949718582592
14.49,-0.235277840814973,0.0320600884549044,-0.139771766030769,0.0101560511123114
14.5,-0.224306552612664,0.0309007528360635,-0.141535373442431,0.00993300345194529
14.51,-0.213712983521868,0.0297008860915318,-0.143432137338514,0.00972785493282712
14.52,-0.203503222982871,0.0284557383077389,-0.145424691147139,0.00954240306341299
14.53,-0.193686232559957,0.027171721934286,-0.147474305568098,0.00937801533551365
14.54,-0.184236269040824,0.0258433804986985,-0.149529830780335,0.00923614696565502
14.55,-0.175193947940913,0.0244793879300462,-0.151521369112635,0.00911861608884067
14.56,-0.166507394793095,0.0230745068665435,-0.153353509633029,0.00902777506590681
14.57,-0.158242005922993,0.0216402434875884,-0.154894935337223,0.00896674558201825
14.58,-0.15032239231021,0.0201732514118222,-0.155941965120161,0.00894119669342456
14.59,-0.142830030371616,0.0186897237200302,-0.156239001542134,0.00895717181857321
14.6,-0.135666881834217,0.0171904697128229,-0.155565896812704,0.00901622197566849
14.61,-0.128925179331208,0.0156963420526739,-0.153753670391287,0.00911582551850484
14.62,-0.122489190180515,0.0142110860456266,-0.150674070681883,0.00925106380452697
14.63,-0.116458893637873,0.0127582506307372,-0.146239589647172,0.00941461552094678
14.64,-0.110704775426468,0.0113430564219809,-0.140400298499251,0.00959735455602579
14.65,-0.105331758050283,0.0099898402295209,-0.13318520392711,0.00978837649554078
14.66,-0.100200800500206,0.00870307585394697,-0.124716888534011,0.00997287455453903
14.67,-0.0954220306111626,0.00750442252160903,-0.115207354610305,0.0101335086566577
14.68,-0.0908540202353798,0.00639417038024096,-0.104930951579474,0.0102528438964358
14.69,-0.0866132606107612,0.00538823983376848,-0.0942063647388279,0.0103153305703707
14.7,-0.0825601119484869,0.00448084309457858,-0.0833484407908873,0.0103094936932073
14.71,-0.0788155787998051,0.00368138444886094,-0.0726419813378403,0.0102284053550818
14.72,-0.0752430449498611,0.00297864628568504,-0.0623377316813381,0.0100692125861117
14.73,-0.0719015541302692,0.00237250118130874,-0.0526385932650386,0.00983373966458775
14.74,-0.0688489560738557,0.00186051960160215,-0.0437112274340266,0.00952704613456949
14.75,-0.0659532710219786,0.0014265181868704,-0.0356666441603632,0.00915662507782893
14.76,-0.0633347988117343,0.00106974408480746,-0.0285741732567575,0.00873195185692943
14.77,-0.0608644731621322,0.000772968951631508,-0.0224670756092172,0.00826411054249216
14.78,-0.0586584335877447,0.000534330229275224,-0.0173416583319878,0.00776446559355985
14.79,-0.0565906809868064,0.000337023911035292,-0.013165786617245,0.00724408234768095
14.8,-0.0547723527584196,0.000179328214030511,-0.00988474888469375,0.00671352379827263
14.81,-0.0530811316539541,4.59468739355466e-05,-0.00741974961441601,0.00618258781462086
14.82,-0.0516226228340102,-6.38116761299985e-05,-0.00568103177936629,0.00566011661398875
14.83,-0.0502786605645262,-0.000163014785023537,-0.00456269806161526,0.00515382607873803
14.84,-0.0491491012441045,-0.000250790291850916,-0.00395822674311065,0.00467026781872967
14.85,-0.0481202072501077,-0.000337651118452829,-0.00375561240128307,0.00421468690146087
14.86,-0.0472858081465333,-0.000420984178999611,-0.00384429775187298,0.00379098998454824
14.87,-0.0465369128344069,-0.000508716208026952,-0.00412055099198591,0.00340193821693084
14.88,-0.0459613773806122,-0.000596623078327266,-0.00449003192576592,0.00304893140243446
14.89,-0.0454553714214718,-0.000690372267133407,-0.00486894940894355,0.00273230359975357
14.9,-0.0451010516837158,-0.000784506392255524,-0.00518669275598855,0.00245140139397418
14.91,-0.0448001504316071,-0.000882927814951446,-0.00538957576932072,0.0022046099158427
14.92,-0.044629548426224,-0.000979522522032463,-0.00543919576362536,0.00198956665489955
14.93,-0.0444969908004484,-0.00107707517687721,-0.00531334645900569,0.00180328805582176
14.94,-0.0444746094609929,-0.00116942974459886,-0.00500529752139968,0.00164233898105255
14.95,-0.0444765159468297,-0.00125887852871115,-0.00451926225600603,0.00150320831236047
14.96,-0.0445705198286088,-0.0013397374182166,-0.00387187386532289,0.00138230682305592
14.97,-0.0446772004140961,-0.00141429014888399,-0.00308814049968718,0.00127620626048549
14.98,-0.0448603538988159,-0.00147770459220609,-0.00219939210430246,0.00118179101234867
14.99,-0.0450469088384757,-0.00153256070722971,-0.00123966326111478,0.00109634576212684
15,-0.0452661402469285,-0.00157656410198455,-0.000243761285795653,0.0010175980060055
15.01,-0.0455429708881532,-0.00160808750390983,0.000754314369267061,0.000943716692351103
15.02,-0.0458132627559316,-0.00163026616691546,0.00172334794553906,0.00087333668201755
15.03,-0.046131218582623,-0.0016407068033437,0.00263572204682991,0.000805523921490291
15.04,-0.0464381175402195,-0.00164280329506903,0.00346929644361189,0.000739754497897749
15.05,-0.0467843982664462,-0.0016348817611064,0.00420743147544358,0.000675849560869233
15.06,-0.047116395190999,-0.00162039721779653,0.00483928212297253,0.000613928486294851
15.07,-0.0474807574128651,-0.00159815023759364,0.00535966414610044,0.000554321236642423
15.08,-0.0478284001534508,-0.00157144502816841,0.00576860681430328,0.000497493075633059
15.09,-0.0482022421226613,-0.0015393252089004,0.00607051685674163,0.000443976193379781
15.1,-0.0485574177024866,-0.00150477042837421,0.00627343872793047,0.000394313947765222
15.11,-0.0489332281686909,-0.00146689189092547,0.00638812890841977,0.000349003136381377
15.12,-0.0492887378892384,-0.00142823648543838,0.00642713345961009,0.000308452457619865
15.13,-0.0496598112482349,-0.0013878776981,0.00640416126156193,0.000272953981848653
15.14,-0.0500092117788391,-0.00134788890625499,0.00633271074931292,0.000242642663621574
15.15,-0.0503696021145927,-0.00130727287315232,0.00622605226452807,0.000217483552773308
15.16,-0.0507072610462291,-0.00126764560557024,0.00609789385436479,0.000197350011513323
15.17,-0.051051885906638,-0.00122793355257014,0.00595875002345314,0.000181922026175561
15.18,-0.0513730980843849,-0.00118936683997142,0.00581739638680918,0.000170754474091244
15.19,-0.0516978977233187,-0.00115086591845494,0.00568110456849533,0.000163333157440368
15.2,-0.0519990643416293,-0.00111336187884266,0.00555515045656431,0.000159095681206989
15.21,-0.0523011055030604,-0.00107582455566968,0.00544309946064865,0.000157472826131877
15.22,-0.0525797319285282,-0.00103897281896666,0.00534658850945498,0.000157889882281979
15.23,-0.0528571324561149,-0.00100188475241686,0.0052657765992284,0.000159807370710611
15.24,-0.053111711980808,-0.000965147322087721,0.00519920423581293,0.000162715187002488
15.25,-0.05336349650144,-0.000927993762229092,0.00514462067209107,0.000166165499094908
15.26,-0.0535933515214673,-0.000890938592213109,0.00509886787784186,0.000169761846235557
15.27,-0.0538110527984426,-0.00085362164594047,0.00505863716093796,0.000173188343266028
15.28,-0.0540243967169793,-0.000815825562883366,0.00502033882422871,0.000176195306481582
15.29,-0.0542175086522754,-0.000778008726110265,0.00498035708435742,0.000178598724495811
15.3,-0.0544056312086116,-0.000739838221119018,0.00493576765199278,0.000180301319639758
15.31,-0.0545747976199493,-0.000701740374972057,0.00488381783219727,0.000181257188558302
15.32,-0.0547385308839097,-0.000663521158736762,0.00482263468619721,0.000181488692304075
15.33,-0.054884569112664,-0.000625562955547401,0.00475066555283423,0.000181052383866132
15.34,-0.0550248523834558,-0.000587777291690765,0.00466731705994582,0.000180054408561944
15.35,-0.0551486503075669,-0.000550485796612027,0.00457229831433739,0.00017861453894989
15.36,-0.0552664446371089,-0.000513671603108418,0.00446620385337699,0.000176881903602863
15.37,-0.0553688794201204,-0.000477579682946942,0.00434979544267404,0.000174999578630651
15.38,-0.0554650943251218,-0.000442235734555352,0.00422457232383077,0.000173122341062136
15.39,-0.0555469790536449,-0.000407797585835299,0.00409208298955861,0.000171388350625737
15.4,-0.0556224663088081,-0.000374311639802632,0.00395430546280314,0.000169938099931511
15.41,-0.0556845708394675,-0.000341846788521636,0.00381280937401845,0.000168873435120809
15.42,-0.0557401352997768,-0.000310461863707782,0.00366968622712263,0.000168292276683427
15.43,-0.0557831871827439,-0.000280140410390223,0.00352670432740799,0.000168255079882921
15.44,-0.0558195881219365,-0.000250945833723516,0.00338574614079998,0.000168810904131011
15.45,-0.0558442760095392,-0.000222786532140908,0.00324792066479088,0.000169964448187423
15.46,-0.055862237936994,-0.000195736589792772,0.00311456166334951,0.000171713353571492
15.47,-0.0558692315379439,-0.000169644529480822,0.00298650055821615,0.000174025648423973
15.48,-0.0558694644921598,-0.00014459789522857,0.00286447559370429,0.000176860947626182
15.49,-0.0558594301931024,-0.000120401158461373,0.00274862218677151,0.000180153814051466
15.5,-0.0558426470220166,-9.71639614539623e-05,0.00263920406228226,0.000183846215578682
15.51,-0.0558162665391801,-7.46607191512278e-05,0.00253597109092525,0.000187864226679017
15.52,-0.0557831959786963,-5.30271331067415e-05,0.00243886635933134,0.000192145102403476
15.53,-0.0557411720938976,-3.2017525170759e-05,0.0023474414676122,0.000196615609813329
15.54,-0.0556916558846048,-1.16832376196047e-05,0.00226151153463161,0.000201221176821942
15.55,-0.0556356138137986,7.9028869374279e-06,0.00218055958923635,0.000205903892693252
15.56,-0.0555715318066206,2.7002572732901e-05,0.00210382369625539,0.000210604417462281
15.57,-0.0555010828460887,4.54128232001352e-05,0.00203090444729884,0.000215289606496639
15.58,-0.0554231738598414,6.34005652087148e-05,0.00196107915332342,0.000219921031703569
15.59,-0.0553390704558794,8.07382761457156e-05,0.00189396268939309,0.000224480432914157
15.6,-0.0552480501486059,9.76958146565018e-05,0.00182890374586703,0.00022894433292896
15.61,-0.0551510375435491,0.000114024524106741,0.0017656238126831,0.000233308588363193
15.62,-0.0550476354817775,0.000129999404075987,0.00170618783974073,0.000237560176242377
15.63,-0.0549380160650959,0.000145796038676781,0.00173216118028639,0.000244693028632309
15.64,-0.0548213537786459,0.000162293467802121,0.00178032784767506,0.000251468451965688
15.65,-0.054698071294494,0.000179254970351763,0.0018288709871177,0.000256544269746217
15.66,-0.0545684478875827,0.000196915643363096,0.00186989488108336,0.000259838138377242
15.67,-0.0544328124853752,0.000214872935649716,0.00189669804039097,0.000261441977697498
15.68,-0.0542916676182283,0.000233226751661553,0.00190274753742381,0.000261513497338406
15.69,-0.0541451562734796,0.000251453413948895,0.00188441976331969,0.000260328090083754
15.7,-0.0539939263467524,0.000269584143037187,0.00184055029995881,0.000258231645216886
15.71,-0.0538379093054893,0.000287072876634875,0.00177242412549131,0.000255620608372594
15.72,-0.0536778164133089,0.00030397688386541,0.00168267499929039,0.000252883306105774
15.73,-0.0535133600475923,0.000319803650124467,0.00157526816895633,0.000250389152732726
15.74,-0.0533452755340775,0.000334688012417018,0.00145443819478901,0.000248443287422701
15.75,-0.05317308491062,0.000348224083152803,0.00132502823548156,0.000247297403250342
15.76,-0.0529975409978292,0.000360641716829602,0.00119178581747791,0.000247130702536703
15.77,-0.0528180163904715,0.000371630568931361,0.0010592413937625,0.000248055907654672
15.78,-0.0526352883203476,0.000381508029929523,0.000931167479697738,0.000250103534497214
15.79,-0.0524486310003631,0.000390042178016485,0.000811052792893835,0.000253254515275204
15.8,-0.0522588590743194,0.000397615912648491,0.00070144424423427,0.000257427052485971
15.81,-0.0520656091318585,0.000404196290754488,0.000604386498973195,0.000262509337281674
15.82,-0.0518684844631707,0.000409768579353898,0.000520968880490781,0.000268351970741758
15.83,-0.0516683666342033,0.000414756641744646,0.0004514041321334,0.000274778354312203
15.84,-0.0514644529736561,0.000419008331572645,0.000395574208882641,0.000281615875017834
15.85,-0.0512576689790638,0.000422940378084848,0.00035253169292882,0.000288679299679475
15.86,-0.0510472194053229,0.000426386764725881,0.000321133054412166,0.000295800151849533
15.87,-0.050834075492654,0.000429736600464087,0.000299639017541282,0.000302813276056018
15.88,-0.0506174685763821,0.000432794553049684,0.000286350515702382,0.000309583072415649
15.89,-0.0503984015313854,0.000435911151378445,0.000279210832982246,0.000315987052411592
15.9,-0.0501761332379935,0.000438855799912779,0.000276421292066198,0.000321938580370348
15.91,-0.0499516853973194,0.000441938401369928,0.000276025795415785,0.000327367542834771
15.92,-0.0497243466515833,0.000444895178723792,0.000276487648377822,0.000332240022665688
15.93,-0.049495142477431,0.000448000546098583,0.000276242351730341,0.000336536566656766
15.94,-0.049263386134097,0.000450965422298601,0.000274238480364014,0.000340269553764328
15.95,-0.0490300903754886,0.00045403834842973,0.000269463822244739,0.000343460215633046
15.96,-0.0487945871847515,0.000456915893127667,0.000261444332249064,0.000346154938759973
15.97,-0.0485578617708811,0.000459832178762287,0.000249742006401736,0.000348402368302646
15.98,-0.0483192592163668,0.000462480653012865,0.000234394361773067,0.000350267801580709
15.99,-0.0480797258178249,0.000465091245288043,0.000215428810524428,0.000351810954494143
16,-0.0478386164785558,0.000467363562980147,0.000193307044917098,0.000353101711404849
16.01,-0.0475968314211421,0.000469531556004589,0.00016838961976836,0.000354197681976595
16.02,-0.0473537348923063,0.000471307493149632,0.000141375683085769,0.000355161066320668
16.03,-0.0471101779453544,0.000472934046078404,0.000112777815256589,0.000356037711266748
16.04,-0.0468655360462815,0.000474139044045727,8.3366286470245e-05,0.000356875076086223
16.05,-0.0466206110275422,0.000475175293174192,5.36550444988606e-05,0.000357702547441593
16.06,-0.0463747929622311,0.000475786083532059,2.43525361032811e-05,0.000358550297365848
16.07,-0.0461288364254919,0.000476233154357459,-4.13818420590555e-06,0.000359430631955095
16.08,-0.0458824684933141,0.000476398900109523,-3.1252589679608e-05,0.000360357759302498
16.09,-0.0456354437433504,0.000476173824168241,-5.66740415017635e-05,0.00036133307685405
16.1,-0.0453884508697797,0.000475825900703472,-8.03083860073891e-05,0.00036234631403324
16.11,-0.0451409365106699,0.000475124704660029,-0.000101866833875452,0.000363395838404067
16.12,-0.0448935474981766,0.000474338941911928,-0.000121392405194297,0.000364466912344953
16.13,-0.0446457527790241,0.000473242264527563,-0.000138781099602715,0.000365551549600022
16.14,-0.04439816465257,0.000472100589086371,-0.000154236536699726,0.000366631286950582
16.15,-0.0441502832841127,0.000470688256684226,-0.000167788858314825,0.000367696759610436
16.16,-0.0439026865959367,0.000469265902784602,-0.00017974549873385,0.00036873020823347
16.17,-0.0436549053108504,0.000467606405809621,-0.000190211053468182,0.000369724597112863
16.18,-0.0434074854281015,0.000465963732016386,-0.000199537186024496,0.000370665798529954
16.19,-0.0431599886232306,0.000464108301105939,-0.000207847373810071,0.000371551214036063
16.2,-0.0429129281543528,0.000462287195537182,-0.000215488947771873,0.000372371449434214
16.21,-0.042665894134398,0.000460268427488726,-0.000222553756912661,0.000373128789771358
16.22,-0.0424193669667385,0.000458293013230409,-0.000229325583213117,0.000373819276502804
16.23,-0.0421729631008088,0.000456127559750389,-0.000235846034323749,0.000374450281240033
16.24,-0.0419271300754893,0.00045400817980421,-0.000242358228585156,0.000375021785753444
16.25,-0.0416815088258922,0.000451700911123314,-0.000248833064121121,0.000375544588464163
16.26,-0.0414365147549329,0.000449438391417128,-0.000255438930090819,0.000376021305763122
16.27,-0.0411918116635981,0.000446987395599694,-0.000262088863950466,0.000376463940937682
16.28,-0.0409477842757209,0.00044457837005598,-0.000268900448358324,0.000376875444911775
16.29,-0.0407041182657011,0.000441979715151034,-0.000275742507808011,0.000377267437743855
16.3,-0.0404611695016666,0.000439420672806133,-0.000282695757699972,0.000377641924376027
16.31,-0.0402186447422306,0.000436671864896826,-0.000289602147599154,0.000378008932841277
16.32,-0.0399768731244734,0.000433961989443795,-0.000296519246255806,0.000378368521345973
16.33,-0.0397355819273635,0.000431064226011315,-0.000303271012479204,0.00037872863570925
16.34,-0.0394950756474142,0.000428207159126177,-0.000309907872730115,0.000379087285957701
16.35,-0.0392552297788793,0.000425279046484392,-0.000316260652690552,0.000379450442621791
16.36,-0.0390159402187393,0.000422171231927869,-0.000322311563265932,0.000379817545899106
16.37,-0.0387774773369589,0.000419110642781156,-0.00032816728070587,0.000380181870534925
16.38,-0.038539618974184,0.000415876312689329,-0.000333663485834975,0.000380548463494893
16.39,-0.0383026129103836,0.000412695002747276,-0.000338876920373353,0.000380912332693751
16.4,-0.0380662498383604,0.000409347598519477,-0.00034367320562129,0.000381276455566815
16.41,-0.0378307609109623,0.000406060225323725,-0.000348157090459511,0.000381634291256768
16.42,-0.0375959553286389,0.000402614879193884,-0.000352217540478411,0.000381987851020132
16.43,-0.0373620478246703,0.000399236681165289,-0.000355980108222472,0.000382330115775258
16.44,-0.0371288646508479,0.000395708224858845,-0.000359354662027595,0.000382662827721132
16.45,-0.0368966054382547,0.00039225330409292,-0.000362483406945007,0.000382979006236343
16.46,-0.0366651118303558,0.000388654719308175,-0.00036528736316959,0.000383280814632502
16.47,-0.0364345683861416,0.000385134813911465,-0.000367915234786687,0.000383561936701865
16.48,-0.0362048303872236,0.000381476406818831,-0.0003702903629463,0.000383825350094188
16.49,-0.0359760678309851,0.000377900428118035,-0.00037256008090143,0.000384065647856702
16.5,-0.0357481480561521,0.000374189686659431,-0.000374643253681276,0.000384286741270963
16.51,-0.0355212271352041,0.000370563863709353,-0.000376680296909734,0.000384484139383319
16.52,-0.0352951830932238,0.000366805855890065,-0.000378573544204218,0.000384662597092306
16.53,-0.0350701589442153,0.000363134528360717,-0.000380441791298993,0.000384818228727348
16.54,-0.0348460422904679,0.000359332893681536,-0.000382230331814317,0.000384956504586299
16.55,-0.0346229641906923,0.000355618660635357,-0.00038404028626528,0.000385074228629438
16.56,-0.0344008210262405,0.000351775225371186,-0.000385758961636254,0.0003851770941423
16.57,-0.0341797330446401,0.000348019928079405,-0.000387497670047085,0.000385262133818895
16.58,-0.0339596045813657,0.000344136620433585,-0.000389139366390469,0.000385335231341444
16.59,-0.0337405460623312,0.000340342304446681,-0.000390790333929208,0.000385393386654708
16.6,-0.0335224691016105,0.000336421352257484,-0.000392329569966493,0.00038544234225662
16.61,-0.0333054752828854,0.000332590544310736,-0.000393860959683769,0.000385478890774143
16.62,-0.0330895248226923,0.000328742396138141,-0.00039526235304406,0.000385508516257637
16.63,-0.0328745849858958,0.000324771124227747,-0.000396554247860452,0.000385531026814384
16.64,-0.0326607450308476,0.000320891974335214,-0.000397871988373917,0.000385540935237904
16.65,-0.0324479346945932,0.000316890749173976,-0.000399072961906642,0.000385544967709176
16.66,-0.0322362338595763,0.000312982938596638,-0.000400245267559087,0.000385540400008249
16.67,-0.0320255724893581,0.000308955143848389,-0.000401258940411866,0.000385532729225738
16.68,-0.0318160261664602,0.000305022911350028,-0.000402213961067074,0.000385518213694805
16.69,-0.031607531475073,0.000300973270802796,-0.000402989576768377,0.000385501562559205
16.7,-0.0314001591698769,0.000297021685941884,-0.000403694742240842,0.000385478439395102
16.71,-0.0311938510727465,0.000292955426802793,-0.000404216581065629,0.000385453129865563
16.72,-0.0309886733317839,0.000288989756184884,-0.00040467081022474,0.0003854210195742
16.73,-0.0307845721829469,0.000284912038672721,-0.0004049499091381,0.000385386237898262
16.74,-0.0305816089458499,0.000280937273598771,-0.000405173713526071,0.000385344114001972
16.75,-0.0303797334667806,0.000276852823950327,-0.00040523738828175,0.0003852987995352
16.76,-0.0301790024445268,0.000272873400797802,-0.000405262423773873,0.00038524570259617
16.77,-0.0299793686652254,0.000268786317688778,-0.000405144426220116,0.000385189091882336
16.78,-0.0297808843881988,0.000264806015992227,-0.000405004609571479,0.000385124512787047
16.79,-0.0295835047130524,0.00026071975189928,-0.000404737471529537,0.000385056378447653
16.8,-0.0293872778210638,0.000256741740748236,-0.000404462746959618,0.000384980372864031
16.81,-0.02919216069348,0.000252659194810013,-0.000404072988569701,0.000384901033917895
16.82,-0.0289981979647678,0.000248686156826824,-0.000403685983716839,0.000384814148903755
16.83,-0.0288053482372419,0.00024460981617279,-0.000403192202605227,0.000384724334935261
16.84,-0.0286136532086179,0.000240644093863484,-0.000402707595603595,0.000384627432219388
16.85,-0.0284230729516306,0.000236576173996857,-0.000402120854786431,0.00038452808578148
16.86,-0.0282336468163589,0.000232619897391773,-0.000401546567868202,0.000384422140376738
16.87,-0.0280453362438688,0.000228562452333834,-0.000400872214653438,0.000384314226204171
16.88,-0.0278581787307672,0.000224617629380431,-0.000400211594776261,0.000384200157577758
16.89,-0.0276721547489398,0.000220679055802791,-0.000399451548185481,0.00038408452341962
16.9,-0.0274872464236076,0.000216641649885558,-0.00039862194431796,0.000383966363071805
16.91,-0.0273034884705172,0.000212717865069633,-0.000397866403628297,0.000383839621391665
16.92,-0.0271208477250031,0.000208695100527865,-0.00039704885370559,0.000383710493874386
16.93,-0.0269393552606463,0.00020478618477717,-0.000396264461156374,0.000383575870650118
16.94,-0.0267589737423783,0.000200778937547736,-0.000395386432293882,0.00038344094239139
16.95,-0.0265797352031871,0.000196886408205963,-0.000394518076213997,0.000383301779959044
16.96,-0.0264016048789806,0.000192896560830063,-0.000393539550943888,0.000383162957014792
16.97,-0.0262246147255869,0.00018902255739286,-0.000392560520172182,0.000383020086122433
16.98,-0.0260487314863962,0.000185052391500303,-0.000391466526659048,0.000382877420005751
16.99,-0.0258739869062588,0.000181199241383442,-0.000390371833191178,0.000382730363838458
17,-0.0257003488605729,0.000177251044628226,-0.000389165524514254,0.000382583057037405
17.01,-0.0255484717710335,0.000161596353031664,-0.00250518850204879,0.000253049221785179
17.02,-0.0254446236597214,0.00012508542436659,-0.00455131483598848,0.000121222640028333
17.03,-0.0253906909385151,6.90610713994687e-05,-0.00642092444036026,6.0551725118594e-06
17.04,-0.0253862227608668,-4.20443399844023e-06,-0.00799133987972736,-8.69591222239314e-05
17.05,-0.0254288561219305,-9.10480094095115e-05,-0.00918640557338263,-0.000155627251846211
17.06,-0.0255148605254902,-0.000187677353957557,-0.00996612385123171,-0.000200419464220766
17.07,-0.0256397979383021,-0.000289662154029304,-0.0103238324610699,-0.000223658162530203
17.08,-0.0257988047958424,-0.000393077911403019,-0.0102780356577414,-0.000228716837632061
17.09,-0.0259869771580448,-0.000493880666204009,-0.0098694636432257,-0.000219494670855584
17.1,-0.0261995059056002,-0.000588958746555981,-0.00915473075441288,-0.000200175311941652
17.11,-0.0264319557037247,-0.000675385451135128,-0.00819775692295764,-0.000174725794169706
17.12,-0.0266802360698009,-0.000751320487068351,-0.0070659312297478,-0.000146682525956438
17.13,-0.0269407726429627,-0.000815180012935123,-0.00582741083164517,-0.000119048326074246
17.14,-0.0272104095857788,-0.000866468723212161,-0.00454641331388519,-9.41452101881983e-05
17.15,-0.0274865040379559,-0.000904878129880652,-0.00328113846774819,-7.3564920447327e-05
17.16,-0.0277667708217475,-0.000930946040811188,-0.00208018137369587,-5.81682983226042e-05
17.17,-0.0280492957791676,-0.000945663696057396,-0.000985735977737671,-4.8306290747468e-05
17.18,-0.0283325360806703,-0.000950059988544026,-2.75926769661495e-05,-4.37541239317275e-05
17.19,-0.0286151490027429,-0.000945818486533235,0.000776416477515903,-4.38110958891351e-05
17.2,-0.0288960443300734,-0.000934320899590404,0.00141831384934965,-4.7492127165827e-05
17.21,-0.0291742270783644,-0.000917402857936723,0.00189899493693407,-5.36367914487874e-05
17.22,-0.0294488815932894,-0.000896427294875366,0.00222628152261293,-6.10281149252856e-05
17.23,-0.0297192226457081,-0.000873066068860852,0.002414615435468,-6.84787428960003e-05
17.24,-0.0299845981574549,-0.000848396062928505,0.00248280587093613,-7.49309840050998e-05
17.25,-0.0302443570662749,-0.000823711703398281,0.00245287652207315,-7.94954904732755e-05
17.26,-0.0304979626982025,-0.000799651337362758,0.00234872019627541,-8.14933009082137e-05
17.27,-0.0307448610742327,-0.000777040905170554,0.00219324701020437,-8.04517844972785e-05
17.28,-0.0309846159090039,-0.000756069392652345,0.00200599261621325,-7.62396970870548e-05
17.29,-0.0312168323509585,-0.000737163738054924,0.00180647855964997,-6.89859830400305e-05
17.3,-0.0314412628217671,-0.000720126109370002,0.00161310867991934,-5.89886481096005e-05
17.31,-0.0316577116951056,-0.000705033772254503,0.00143857314277411,-4.67988166004948e-05
17.32,-0.0318661714115436,-0.000691435220068096,0.00129148972410113,-3.30979631196923e-05
17.33,-0.032066699715342,-0.000679233241665157,0.00117795541240865,-1.85914503640212e-05
17.34,-0.0322595192345467,-0.00066786048792238,0.00110054635243296,-3.97677425139705e-06
17.35,-0.0324448973102776,-0.000657173019343839,0.00105823136591904,1.00473818240284e-05
17.36,-0.0326232486608102,-0.000646618671430465,0.00104869053947196,2.28832629805862e-05
17.37,-0.032794992901783,-0.000636101025582396,0.00106829323760393,3.40323202305857e-05
17.38,-0.0329606601735115,-0.000625144081002645,0.00111173823545238,4.30809297641595e-05
17.39,-0.0331207559383238,-0.000613754822850155,0.00117298978830019,4.9728573859786e-05
17.4,-0.0332758692701383,-0.000601579664797909,0.00124526508851215,5.37769445378508e-05
17.41,-0.0334265364835922,-0.0005887573856293,0.0013220451743207,5.51508160785576e-05
17.42,-0.0335733504615288,-0.000575065629365688,0.00139699582721465,5.38763911233084e-05
17.43,-0.0337168389015492,-0.000560659643511962,0.0014647720253512,5.00912975965044e-05
17.44,-0.0338574985422504,-0.000545742863381938,0.00152085204318553,4.40166936186987e-05
17.45,-0.0339958294416771,-0.000530239290633549,0.00156200384657963,3.5950258121228e-05
17.46,-0.0341322152320593,-0.000514523205026678,0.00158605335343684,2.6266727958784e-05
17.47,-0.0342670330758548,-0.000498561733244192,0.00159164460797942,1.53672439287281e-05
17.48,-0.034400529008197,-0.000482753096134696,0.00157870356968283,3.67554743646029e-06
17.49,-0.0345329458774106,-0.000467067129689129,0.00154797653192045,-8.40154865115866e-06
17.5,-0.0346643964488109,-0.00045188424360046,0.00150136096546744,-2.04709313544493e-05
17.51,-0.0347949948250932,-0.000437138535450801,0.00144121886840761,-3.21837151608986e-05
17.52,-0.0349247323632369,-0.000423160889637926,0.00137064197183563,-4.32269389948235e-05
17.53,-0.0350536119794764,-0.000409826256422351,0.0012927519008371,-5.33491897082284e-05
17.54,-0.0351815259714545,-0.000397401177905058,0.0012109829518201,-6.23468737753781e-05
17.55,-0.0353083919161818,-0.000385694893380938,0.00112841805808816,-7.00842144005214e-05
17.56,-0.0354340328899365,-0.000374911336373983,0.00104787703202825,-7.64838878353539e-05
17.57,-0.0355583203170049,-0.000364805914476821,0.000971676009455535,-8.1544012855063e-05
17.58,-0.0356810482044612,-0.00035553147603015,0.000902576659894986,-8.52790705639186e-05
17.59,-0.0358020672219901,-0.000346795130537391,0.000842240531434026,-8.77597605490683e-05
17.6,-0.0359211599055911,-0.000338714615975852,0.000791650936590537,-8.90739239154745e-05
17.61,-0.036038179013687,-0.000330981532367315,0.000750549391105051,-8.93567963433844e-05
17.62,-0.0361529227838684,-0.00032371260041832,0.00071908730899818,-8.87310192066917e-05
17.63,-0.0362652632140588,-0.000316600123620199,0.00069698122710328,-8.73343219194097e-05
17.64,-0.0363750212315068,-0.000309765029869187,0.000683808609656015,-8.53029837443755e-05
17.65,-0.0364820983094649,-0.000302910930148701,0.000678505785584395,-8.27863793701783e-05
17.66,-0.0365863512809241,-0.000296177685523814,0.000679947629016063,-7.99221839217583e-05
17.67,-0.0366877230276881,-0.000289293675949207,0.00068658146280325,-7.68482816005687e-05
17.68,-0.0367861142205435,-0.000282427242021998,0.000697005619951109,-7.36797290715894e-05
17.69,-0.036881513237633,-0.000275336959256143,0.000709592879999755,-7.05262183986276e-05
17.7,-0.0369738817759657,-0.000268114552071357,0.000723142263573702,-6.74694331268298e-05
17.71,-0.0370632014510264,-0.000260862369422297,0.000736517521637945,-6.4573191499982e-05
17.72,-0.0371495186446769,-0.000253377168534134,0.000748495321924405,-6.18850845891838e-05
17.73,-0.0372328305342489,-0.000245889386395035,0.000758298672128435,-5.94213091865244e-05
17.74,-0.0373132058263881,-0.000238213429904268,0.000765105513106241,-5.71931268301071e-05
17.75,-0.0373906570464975,-0.000230593351807077,0.00076857792585705,-5.51914656491565e-05
17.76,-0.037465272099956,-0.000222852564215648,0.000768365156873686,-5.34074279389952e-05
17.77,-0.0375370787669027,-0.000215239610801906,0.00076456898298329,-5.18160592839348e-05
17.78,-0.0376061759428961,-0.000207578219023069,0.000757220761452836,-5.03970361550884e-05
17.79,-0.037672598934213,-0.000200113850827355,0.00074673825278085,-4.91185386393885e-05
17.8,-0.0377364512284117,-0.000192664302157383,0.000733399441391435,-4.7957697332725e-05
17.81,-0.0377977703585071,-0.0001854670823859,0.000717799579332007,-4.68839050243915e-05
17.82,-0.0378566596794805,-0.000178330558020694,0.000700326779874354,-4.58785244930477e-05
17.83,-0.0379131558950245,-0.000171482572990435,0.000681494032138118,-4.49227457105419e-05
17.84,-0.0379673633132125,-0.000164722983213889,0.000661688318160367,-4.40131154980427e-05
17.85,-0.0380193187375255,-0.000158268781850858,0.000641789322193948,-4.31298366052238e-05
17.86,-0.0380691208403388,-0.000151906635653208,0.000622053637688981,-4.22698638694659e-05
17.87,-0.038116802218104,-0.000145846311746906,0.000602675312267015,-4.14310924172735e-05
17.88,-0.0381624589880047,-0.000139871263615241,0.000583792048476304,-4.06139307954432e-05
17.89,-0.0382061187551663,-0.000134186661449893,0.0005657864471221,-3.98096237899237e-05
17.9,-0.038247870731448,-0.000128570984823273,0.000548724147030488,-3.90206266977842e-05
17.91,-0.038287735481795,-0.000123225781738532,0.000532831120529426,-3.82424380941116e-05
17.92,-0.0383257958070775,-0.00011792749176824,0.000518009275554538,-3.74814438328841e-05
17.93,-0.0383620664393387,-0.000112877219122766,0.000504342823421283,-3.67358152055977e-05
17.94,-0.0383966253090371,-0.000107852151903864,0.000491622026610821,-3.60131305226581e-05
17.95,-0.0384294827558236,-0.000103055341077089,0.000479810965645545,-3.53125038744433e-05
17.96,-0.0384607138208324,-9.82666229282361e-05,0.000468683845692326,-3.4642446085064e-05
17.97,-0.0384903260608098,-9.36913305893243e-05,0.000458265646354795,-3.39989737952219e-05
17.98,-0.0385183913729659,-8.91114137919561e-05,0.000448290176519432,-3.33855028452995e-05
17.99,-0.0385449296807572,-8.46290701148417e-05,0.000438722326227957,-3.27942342357904e-05
18,-0.037954952881341,0.00344392774015125,0.000429382610710155,-3.22222755127965e-05
18.01,-0.0373773729659987,0.00576515566660327,0.00340561995788351,8.05027240882255e-05
18.02,-0.036530287045025,0.00811620218508607,0.00508206587043424,0.000125749348391734
18.03,-0.0354571437681113,0.0104201919073418,0.00317792429650127,1.17343963939208e-05
18.04,-0.0342029763375358,0.0127055824542516,-0.00301247077304931,-0.000252710735299332
18.05,-0.0327399158654966,0.0148909190211446,-0.0133578150149631,-0.000618976537332033
18.06,-0.0309987425485634,0.0170713545719615,-0.0272253339524912,-0.00102258669590855
18.07,-0.0288815282560488,0.019150790864298,-0.0436213448756932,-0.0013955499993317
18.08,-0.0262728777919961,0.0212629880989891,-0.0616577571686326,-0.00168754707812173
18.09,-0.0230428130836131,0.0232856303597331,-0.0805454151362257,-0.00186416051326777
18.1,-0.0190835312859985,0.0253758208872716,-0.0997541342404232,-0.00191032766970164
18.11,-0.0142794369853867,0.0273707646404883,-0.118824413649759,-0.00181941988263811
18.12,-0.00857891021829182,0.0294430440019985,-0.137486508360115,-0.00159510596262428
18.13,-0.00188540624591838,0.0313911187671449,-0.155465565070216,-0.00124220741680858
18.14,0.00578544537565051,0.0334090134514775,-0.172581480761418,-0.000768946202953379
18.15,0.0145399526169925,0.0352654050687345,-0.188665790450243,-0.000183957026184016
18.16,0.0242930135182196,0.0371812864655413,-0.20369094009678,0.000499204101157106
18.17,0.0351892290985987,0.0389000165678736,-0.217541817266818,0.00127115665108869
18.18,0.047065873604728,0.0406722180549753,-0.230174737887308,0.00212120212538725
18.19,0.0601345732425429,0.042219623241168,-0.241501475930582,0.0030407859024223
18.2,0.0741418098887596,0.0438224615351889,-0.251496534680158,0.00402009384332846
18.21,0.0893881053462433,0.0451807783232044,-0.260130056582413,0.00505056242377057
18.22,0.105509714185491,0.0466021596580677,-0.267413582867667,0.00612268009089243
18.23,0.12291404813975,0.0477642491788981,-0.273385209315025,0.00722744628925149
18.24,0.141106336495731,0.048999516628839,-0.278088406315111,0.00835733851823678
18.25,0.160619493969961,0.0499629711253948,-0.281572195734692,0.0095055064764884
18.26,0.180809406982908,0.0510104308061592,-0.283909662931725,0.0106644208715884
18.27,0.202352702722685,0.0517746894808141,-0.285183327718446,0.0118253853006547
18.28,0.224438149626287,0.0526337126324379,-0.285459113436583,0.0129807309678486
18.29,0.24740209202659,0.0534016207114552,-0.284846494699304,0.0141214010858841
18.3,0.271757398369928,0.0538701165820737,-0.283489803830661,0.0152378074539495
18.31,0.296414035773861,0.0544489164227712,-0.281478610551193,0.0163242922072871
18.32,0.322481451672337,0.0547174823899411,-0.278891590756283,0.017377189187933
18.33,0.348667847235188,0.0551048581325249,-0.275786960020086,0.0183939876416111
18.34,0.376283527265425,0.0551719949931901,-0.272230279867664,0.0193722205287909
18.35,0.403827649236289,0.0553667137717513,-0.268266590439731,0.0203096882182564
18.36,0.431959646493896,0.0554678053858452,-0.26395933403134,0.0212038354533603
18.37,0.461561707178827,0.0552358980551079,-0.259372845208088,0.0220529649078477
18.38,0.490804139350448,0.0551458579408625,-0.254556417891882,0.0228561509636212
18.39,0.521554683236069,0.0547160267966636,-0.249551151114454,0.0236118101262036
18.4,0.551755030633573,0.0544368105702363,-0.244386344723745,0.0243190938174569
18.41,0.582350505495988,0.0540661485148166,-0.239098765092544,0.0249770080212657
18.42,0.614526337082375,0.0533466926837539,-0.233712438473449,0.0255847613664796
18.43,0.645870274485418,0.0527911561318172,-0.228242274099326,0.0261418122627403
18.44,0.677510207630454,0.05214639517729,-0.222717486776239,0.0266471187347854
18.45,0.710820141068339,0.0511458314775266,-0.217164725482874,0.0270999199301657
18.46,0.743024497003382,0.0503212427240053,-0.211617495540387,0.0274993044588563
18.47,0.775437514549489,0.0494091803318553,-0.206105811563082,0.0278445153352991
18.48,0.809623301871286,0.0481348324089563,-0.200639451514055,0.0281359028987575
18.49,0.84243659223984,0.0470457617827126,-0.195226026882308,0.0283739962750419
18.5,0.875382047522287,0.0458702283063977,-0.189871061690126,0.0285593443202938
18.51,0.910216245393831,0.044327377824385,-0.18457976716671,0.0286926218712294
18.52,0.943421401497344,0.0429774466020686,-0.179360799141285,0.0287745847884624
18.53,0.976693869256448,0.0415419185768402,-0.17422183397691,0.0288060101767458
18.54,1.01198261893242,0.0397354652289389,-0.169170754888555,0.0287877587553894
18.55,1.0453964919759,0.0381273068746535,-0.164213261926944,0.0287210034442429
18.56,1.07882394995384,0.036433827215243,-0.159352840361472,0.0286070993808045
18.57,1.11440412101376,0.0343669902365516,-0.154597311451997,0.0284472965046583
18.58,1.14786737579161,0.0325008645743057,-0.149957930248016,0.0282429198000968
18.59,1.18128131995055,0.0305462031447723,-0.146382997256576,0.0279734438963045
18.6,1.21456312778154,0.0284613876790901,-0.148508129731984,0.0274321929281974
18.61,1.25002498013425,0.0259266242455027,-0.15152441095034,0.026867822825127
18.62,1.28285847036839,0.0235145298405314,-0.154678430935426,0.0263396463009489
18.63,1.31533245687376,0.0209338551401857,-0.157936585242055,0.025852374526429
18.64,1.34993102336769,0.0178947237198001,-0.161287328826004,0.0254063447030775
18.65,1.38139156199376,0.014965063607295,-0.164716308341857,0.0250015659698264
18.66,1.41203712031885,0.0118523417184392,-0.168194699255654,0.0246374190578821
18.67,1.44161884071701,0.0085503938060771,-0.171725831202483,0.0243119338213249
18.68,1.47266333033113,0.00477286305878305,-0.175387490794859,0.0240197717895898
18.69,1.49929652811304,0.00107585663444076,-0.179243987001176,0.02375733784603
18.7,1.52397000634446,-0.00282621286063481,-0.183347750522457,0.0235228735060725
18.71,1.5493325496871,-0.00720773812696157,-0.187749838131204,0.0233155539792778
18.72,1.56927004312512,-0.0115075359264728,-0.189662261422664,0.0230396062028178
18.73,1.58642452465916,-0.0159704900185655,-0.190638312610887,0.0227052111949713
18.74,1.60361447063546,-0.0208536991687967,-0.192333603044059,0.0223668453619024
18.75,1.61469092417961,-0.0256221014093932,-0.194716793854283,0.0220377556419695
18.76,1.62559382090137,-0.0307892917162192,-0.197717952395894,0.0217250776717611
18.77,1.63024653344881,-0.0358284318538323,-0.2009991966986,0.021443243925975
18.78,1.62453437673088,-0.0400559848534048,-0.203740884953822,0.0212231599663393
18.79,1.61620431645077,-0.044366661260189,-0.204616525087838,0.0211059689116534
18.8,1.6024741417547,-0.0484928375669592,-0.201769745010659,0.0211430389783529
18.81,1.58946184607024,-0.0528453760152084,-0.192860954006117,0.0213932199403311
18.82,1.57444855903555,-0.0571054316165553,-0.176199638345678,0.021858504247938
18.83,1.55491863728871,-0.0609680318244813,-0.151046053863685,0.0224828237255031
18.84,1.53683774397871,-0.0647712708093209,-0.117750244311286,0.0231705039332914
18.85,1.51763554829734,-0.0682129845093102,-0.0778754042338378,0.0237939287315267
18.86,1.49755643443123,-0.0712298408842627,-0.0334536116147187,0.0242321641997897
18.87,1.47420368269574,-0.0735935401206764,0.0133308086540393,0.0243834481659036
18.88,1.45296554759418,-0.0756655641247102,0.060708984879906,0.0241828434698893
18.89,1.43129493196676,-0.077248648380855,0.107285580399544,0.0236017695632467
18.9,1.40683687102117,-0.0781827055633304,0.152040341946612,0.0226435071470351
18.91,1.38453057343952,-0.0788322566118882,0.194178839808761,0.0213315559371126
18.92,1.36192001980422,-0.0790494437550378,0.232842388828438,0.0196930436616166
18.93,1.33901178708642,-0.0788714033405019,0.26721362804649,0.0177589130308145
18.94,1.31361121635589,-0.0781971741060177,0.296486315456143,0.0155610169275478
18.95,1.29014443988846,-0.0773797803779752,0.319901523286196,0.0131315400935713
18.96,1.26634538472008,-0.0763284963235583,0.33673467459293,0.0105028544380496
18.97,1.24016662888296,-0.0749853299270241,0.345732607667685,0.00768787350764103
18.98,1.21567746526473,-0.0736869346615364,0.348401436875847,0.00480223138449001
18.99,1.19079587660467,-0.0723566394815611,0.345317368666999,0.00192578405311428
19,1.16367627599349,-0.0709304961603287,0.337502467544174,-0.000866091970735428
19.01,1.13809405294576,-0.0696842611156889,0.326410377163294,-0.00349262836494129
19.02,1.11217932789941,-0.0685210453270483,0.313539804295705,-0.00588486119216264
19.03,1.08430012018726,-0.0673483012894421,0.300325446420451,-0.00799247353598181
19.04,1.05794024159542,-0.066371569995768,0.287786231564499,-0.00979560791446459
19.05,1.02985157019568,-0.0653813073940794,0.276307305514494,-0.0113110164421457
19.06,1.00329367736334,-0.064554011278349,0.267414342452308,-0.0126148995811884
19.07,0.976654947800488,-0.0637434284457161,0.263758677370239,-0.0138881019761129
19.08,0.948539693086634,-0.0628381259363373,0.261694322803175,-0.0150766357993179
19.09,0.921856657845716,-0.0619949174541687,0.260211929084216,-0.0161982140538798
19.1,0.89516097028894,-0.0611250375933604,0.258962175778631,-0.0172719356126415
19.11,0.867210674309749,-0.0601572509707256,0.257823179716833,-0.0183110258703754
19.12,0.840590011240782,-0.0592342086215885,0.256701853638118,-0.0193235057566508
19.13,0.812840583297079,-0.058219837422508,0.255541663609096,-0.0203145366895288
19.14,0.786340837999555,-0.0572438702081923,0.254314306714274,-0.0212867036639964
19.15,0.758827511676764,-0.0561845237897116,0.253005990633462,-0.0222417986663779
19.16,0.732480859044665,-0.0551585492312291,0.251608255551659,-0.0231811122193715
19.17,0.706197207762908,-0.0541074435160087,0.250092467370023,-0.0241060716345756
19.18,0.679061485772049,-0.0529855518390537,0.248447259061438,-0.025017086644923
19.19,0.652970430837707,-0.051891234121562,0.246676254820357,-0.025914412980494
19.2,0.626131799332443,-0.0507341750187106,0.244802400951881,-0.0267976626804354
19.21,0.600262314627188,-0.04960085703937,0.24286653423614,-0.0276668010687583
19.22,0.573749364554818,-0.048411255071503,0.240889349486407,-0.0285218078016728
19.23,0.548137093004511,-0.0472407202445616,0.238886739722239,-0.0293624560385951
19.24,0.522650018146507,-0.0460504868577516,0.236873270734196,-0.0301882676048074
19.25,0.496680210488878,-0.0448115886524654,0.234857475908075,-0.0309986635564762
19.26,0.471527160485851,-0.0435842365288982,0.232841607173528,-0.0317929174081292
19.27,0.44600225984579,-0.0423122697726905,0.230828729620051,-0.0325703986915429
19.28,0.421253025323276,-0.0410469382374661,0.228834773514221,-0.033330446937123
19.29,0.396247604211826,-0.0397402846611581,0.226863471891629,-0.0340722343794909
19.3,0.372019931953785,-0.0384031673063809,0.232504340091561,-0.0345318827675137
19.31,0.347795318734379,-0.0369199762894533,0.242306239227961,-0.0348265145963647
19.32,0.324456108842143,-0.0353158089037526,0.252255182820984,-0.035215964884031
19.33,0.30124252920179,-0.033559358888782,0.261878500402503,-0.0357287358348973
19.34,0.278872245269716,-0.0316849999013039,0.270879172995791,-0.0363729348205112
19.35,0.256708030276605,-0.0296886924571213,0.273988436973181,-0.037012808919468
19.36,0.235428137486379,-0.0277065421403003,0.265719834479442,-0.0373625579977379
19.37,0.214751487323605,-0.0257884119725493,0.254090705726894,-0.0377005263784131
19.38,0.19444994499226,-0.0239520378865152,0.240546711150113,-0.0380369199536837
19.39,0.174933653965453,-0.0222269141990112,0.226081690651034,-0.0383125397290849
19.4,0.155809869602396,-0.0206047698113251,0.211575861786418,-0.0384759289511214
19.41,0.13742033429614,-0.0190938112400914,0.197655732220151,-0.038495898181682
19.42,0.119476129534873,-0.0176780260533369,0.184686663946273,-0.0383600065997098
19.43,0.10224657522637,-0.0163546573074603,0.172814230251217,-0.0380702382960149
19.44,0.0855208786515318,-0.0151086397422855,0.162038944275757,-0.0376376739077467
19.45,0.0694950089014297,-0.0139338068338511,0.152288268720997,-0.037078477172813
19.46,0.0540193240573208,-0.0128198123656067,0.143452101577311,-0.0364096982670101
19.47,0.0392225502433394,-0.0117598705225838,0.135403519412606,-0.035647892817205
19.48,0.0250048216968581,-0.0107487701512987,0.128059527533434,-0.0348080848933129
19.49,0.0114363709091423,-0.00977925533949392,0.121332449856108,-0.0339034189484069
19.5,-0.00153918872165004,-0.00885004612557163,0.11516363935416,-0.0329455992320182
19.51,-0.0138982493226409,-0.00795304633615586,0.109513590436401,-0.0319453380409734
19.52,-0.0256595702625919,-0.0070896690443218,0.104345552627716,-0.0309116545270675
19.53,-0.0368372620280617,-0.00625078906937405,0.0996403157042528,-0.0298537653293539
19.54,-0.0474174907402043,-0.00543975060827752,0.0953658460467801,-0.0287796901935862
19.55,-0.0574447138875209,-0.00464643679599803,0.0915292668398832,-0.0276981776737605
19.56,-0.0668778380849648,-0.00387539245614623,0.0881046841390174,-0.0266166501503619
19.57,-0.0757858929198729,-0.00311582756442602,0.0850571913025537,-0.0255422428667447
19.58,-0.0841058775104555,-0.00237388086479417,0.0823119514118536,-0.024481357853671
19.59,-0.0919270127018672,-0.00163934711729683,0.0797886765381232,-0.0234395594371823
19.6,-0.0991694929379658,-0.000920364613830063,0.077422999043334,-0.0224217794712207
19.61,-0.105939163520156,-0.000207562372110176,0.0751415533380666,-0.0214315306360317
19.62,-0.112199255584894,0.00049400685928117,0.0728794490101371,-0.0204713490667801
19.63,-0.117902809874724,0.00117849812671829,0.070570121305986,-0.0195426122167226
19.64,-0.123174528721309,0.00185370134591434,0.0681560492032576,-0.0186462615705684
19.65,-0.127911154631017,0.00250806774359111,0.0656035719261785,-0.01778248711333
19.66,-0.132246618399217,0.0031486435159627,0.0628702888001456,-0.0169507502977632
19.67,-0.136073766577253,0.0037632904100702,0.0599348048706407,-0.0161494349457403
19.68,-0.139532413503379,0.00435857348888366,0.0567909129322559,-0.0153768254113069
19.69,-0.142513539012281,0.00492249497077977,0.0534501493648007,-0.0146307423780875
19.7,-0.145160162094405,0.0054616796427579,0.049933798275902,-0.0139087519720768
19.71,-0.147362814467357,0.00596493157524459,0.0462796170722378,-0.013208318898134
19.72,-0.149264823201677,0.00643932230102521,0.0425182046705595,-0.0125273404575675
19.73,-0.150757044598835,0.00687475203865028,0.0386910210033074,-0.0118638150510125
19.74,-0.151980966278165,0.00727888315008638,0.0348539273347848,-0.0112160319821532
19.75,-0.152828543910646,0.00764315566077613,0.0310642305339226,-0.0105825462830811
19.76,-0.153437840714868,0.00797601088263926,0.0273650676582235,-0.00996241531832445
19.77,-0.153702760583537,0.00827028891172131,0.023800267232277,-0.00935531206837419
19.78,-0.153757122079106,0.00853492333360761,0.0204035287050646,-0.0087618211642322
19.79,-0.153497905985898,0.00876392492482373,0.0171994103324396,-0.00818270632666983
19.8,-0.153054262411618,0.0089663359813076,0.0142015514100587,-0.00761895189848459
19.81,-0.152326945215239,0.00913699141750854,0.0114267003326751,-0.00707194211365107
19.82,-0.151440205607646,0.00928484800822372,0.00888331375931248,-0.00654326027391231
19.83,-0.150299165379093,0.00940538301191855,0.00656819080911867,-0.00603432104777788
19.84,-0.149022814631848,0.00950710537444253,0.00446921633147511,-0.00554665977254871
19.85,-0.147521170867636,0.0095857470249398,0.00257316376925436,-0.0050818301866602
19.86,-0.145908038776216,0.00964915913342607,0.000864343424577318,-0.00464093198493517
19.87,-0.144098516259059,0.0096932052488882,-0.000676220624586628,-0.00422483607050628
19.88,-0.142200870419893,0.00972495852247896,-0.00207170958574827,-0.00383410160063398
19.89,-0.140179497880149,0.00974282512014437,-0.00334297827350912,-0.00346886127919804
19.9,-0.138003893401903,0.00974541566877503,-0.00451220582562975,-0.00312884942722037
19.91,-0.135773356241136,0.0097385675448117,-0.00560076421429568,-0.00281350996125658
19.92,-0.133414967812667,0.00971813518911622,-0.00662457340766183,-0.00252187564176956
19.93,-0.131021653490984,0.00968927037487019,-0.00759658987269988,-0.0022527568737711
19.94,-0.128524727841167,0.00964796297481072,-0.0085242335093417,-0.00200476477638934
19.95,-0.126010571330985,0.00959886031164183,-0.00941300080382807,-0.00177638358875889
19.96,-0.123414436984654,0.00953821074394974,-0.010265015351108,-0.00156601579104322
19.97,-0.120816136633191,0.00947029591202182,-0.0110785701020568,-0.00137201501630382
19.98,-0.118154617440799,0.00939173393319999,-0.011850623119016,-0.00119278809986513
19.99,-0.115503261459137,0.00930654644705907,-0.0125785137633881,-0.00102686154327284
20,-0.112804591382599,0.00921173698624131,-0.0132581869317983,-0.000872823859230739
20.01,-0.110125846882833,0.00911110047435192,-0.0138860748921859,-0.00072941117361397
20.02,-0.10741303739862,0.00900203433855321,-0.0144555875903845,-0.000595361326072078
20.03,-0.104727578542505,0.00888814269517721,-0.0149655764229301,-0.000469680716803743
20.04,-0.102018921786546,0.00876715965589953,-0.015414040269044,-0.000351469188681962
20.05,-0.0993430930261168,0.00864245234695644,-0.0157990337996448,-0.000239955912547778
20.06,-0.0966529604569093,0.00851206285440793,-0.0161189700228162,-0.000134473670966127
20.07,-0.0939995364671153,0.00837912365415827,-0.0163753270796723,-3.4480793208152e-05
20.08,-0.0913390748543321,0.00824189729046128,-0.016571967411049,6.03918804991229e-05
20.09,-0.0887180260482721,0.00810320497520978,-0.0167133517538365,0.000150410087063479
20.1,-0.0860960416742813,0.00796145442374356,-0.0168041314351949,0.000235775050348938
20.11,-0.083515399036453,0.00781914797802678,-0.0168497764696786,0.000316595432711348
20.12,-0.0809390866578639,0.0076748055204055,-0.0168553401095645,0.00039293305281146
20.13,-0.0784055557698773,0.00753062113041754,-0.0168254965460242,0.000464836529855472
20.14,-0.0758810112486561,0.00738522164661968,-0.0167651219892839,0.000532332460703461
20.15,-0.0734003617084786,0.00724051192073739,-0.0166790434598416,0.00059544071236698
20.16,-0.0709477118440613,0.00709590804326271,-0.0165713915138702,0.000654197449146459
20.17,-0.0685101649399629,0.00695096786605268,-0.016445816878661,0.000708656197713721
20.18,-0.0661177653826561,0.00680721515754966,-0.0163054569853066,0.000758891402336316
20.19,-0.0637440076410805,0.00666352866931327,-0.0161528202369004,0.000804999791675696
20.2,-0.0614159585419101,0.00652122709414273,-0.015989957608488,0.000847092417052325
20.21,-0.0591096863242528,0.00637930056774762,-0.0158184584240118,0.000885294026961893
20.22,-0.0568494792734553,0.00623889475491162,-0.0156395390535455,0.000919739042638576
20.23,-0.0546137742055839,0.00609911438057737,-0.0154541147648557,0.000950568650005563
20.24,-0.0524242876897709,0.00596095803470985,-0.0152628395489058,0.000977929268957953
20.25,-0.0502616434854524,0.00582364364458733,-0.0150660150239153,0.00100197553541221
20.26,-0.0481451762894221,0.00568804867479114,-0.0148634600025051,0.00102289681283654
20.27,-0.0460575087222219,0.00555349984106502,-0.014656289478926,0.00104083855457726
20.28,-0.0440157913927504,0.00542075439966177,-0.0144448152027644,0.0010559639334384
20.29,-0.0420044990945359,0.00528923003910963,-0.0142297259314609,0.00106839698079358
20.3,-0.0400387817199883,0.00515958278366632,-0.0140103577591892,0.00107828431603463
20.31,-0.0381048102506094,0.00503132693663318,-0.013786688599221,0.00108574825944533
20.32,-0.0362159217046543,0.00490503180969101,-0.0135594711598417,0.00109088759065399
20.33,-0.0343598659391784,0.00478027896398509,-0.0133297936048484,0.00109379594818816
20.34,-0.0325483367126402,0.00465754009448399,-0.0130984621543235,0.00109458545323573
20.35,-0.0307705120509372,0.00453645112685702,-0.0128664527108992,0.00109338318935754
20.36,-0.0290365650475879,0.00441739587461421,-0.0126345474277564,0.00109032806264464
20.37,-0.0273369601698654,0.00430005769445625,-0.0124034907343787,0.00108554840932707
20.38,-0.0256804853177579,0.0041847446455803,-0.0121735214243896,0.00107917978205463
20.39,-0.0240587522576083,0.00407119144885791,-0.01194473336286,0.00107135300601604
20.4,-0.0224792687860864,0.00395964866817205,-0.0117170850474418,0.00106220013992285
20.41,-0.0209346702382796,0.00384990127824493,-0.0114906616286729,0.00105184902447912
20.42,-0.0194313010807692,0.0037421496218511,-0.0112654496132854,0.00104043034040977
20.43,-0.0179654263129621,0.00363629382992183,-0.0110415719474813,0.00102806686327182
20.44,-0.016534197937899,0.00353227453427211,-0.0108190899846,0.0010148792616804
20.45,-0.0151424285164996,0.00343022582453562,-0.0105980181156118,0.00100098490878161
20.46,-0.0137848701216683,0.00333003147776699,-0.0103785248786836,0.000986488777879015
20.47,-0.0124654538020508,0.00323178713973751,-0.0101606381476573,0.000971492740890605
20.48,-0.0111796423342208,0.00313540652603075,-0.0099445131219531,0.000956087515413698
20.49,-0.00993058459684448,0.00304095139960008,-0.00973021653778272,0.000940361910508599
20.5,-0.00871437484007043,0.00294836553135646,-0.00951643825827896,0.00092443904439234
20.51,-0.00753344035785464,0.00285771090161466,-0.00930145983169921,0.000908435927981177
20.52,-0.00638443301470115,0.00276896588617781,-0.00908809091705907,0.000892304605479293
20.53,-0.00526921082200893,0.00268213466144804,-0.00887748049875802,0.000876074310617028
20.54,-0.00418496519619271,0.00259718984309643,-0.00867009136128178,0.000859805766213169
20.55,-0.00313303016019262,0.00251410563996193,-0.00846607545416818,0.000843565258782697
20.56,-0.00211105689601077,0.00243286741232782,-0.00826567952598244,0.000827405838707584
20.57,-0.00111992106398251,0.00235342811382193,-0.00806900727800598,0.000811374437425056
20.58,-0.000157689153558849,0.00227578455242569,-0.00787627655943683,0.000795502727523036
20.59,0.000775147125130715,0.00219987176006422,-0.00768745312237533,0.000779815540810841
20.6,0.00168014607987477,0.00212569940367025,-0.00750230564073682,0.000764342498242559
20.61,0.00255715490545239,0.00205319392252595,-0.00732075301986142,0.000749100525967474
20.62,0.00340740584370192,0.00198237636698672,-0.00714285561147394,0.000734094426335459
20.63,0.00423102858732971,0.00191316326022092,-0.00696851590903364,0.000719328252025831
20.64,0.00502896167303657,0.00184558481136427,-0.00679765642036963,0.000704799893803411
20.65,0.00580157101732315,0.001779551961986,-0.00663006739264288,0.000690507997613895
20.66,0.00654954020013321,0.00171510448299119,-0.00646560866924478,0.000676445547709799
20.67,0.00727343051649587,0.00165215059195308,-0.0063040630854416,0.000662606124959502
20.68,0.00797369942717197,0.00159073810195072,-0.00614531771236046,0.000648978041223252
20.69,0.00865106722760167,0.00153077342995249,-0.00598921686790996,0.000635550608678321
20.7,0.00930598360448887,0.00147227174273483,-0.00583576046634341,0.000622306968570062
20.71,0.0099387380653928,0.00141525086016687,-0.00568486267527847,0.000609230718224805
20.72,0.0105502340798695,0.00135961473176135,-0.00553644054216096,0.000596306953114026
20.73,0.0111404962520556,0.00130542031254323,-0.00539051686441598,0.000583518794230444
20.74,0.0117105196342688,0.00125256995579297,-0.00524708706397755,0.000570854562488551
20.75,0.0122602018248799,0.00120112044708507,-0.00510624579918602,0.000558303143305899
20.76,0.0127906117427896,0.00115097207081582,-0.00496804851070726,0.000545858701377906
20.77,0.0133015462702817,0.00110217954210392,-0.00483263078643005,0.00053351605687439
20.78,0.0137941299727364,0.00105464042285287,-0.00470019171445541,0.000521268418539777
20.79,0.0142680770188175,0.00100840557029156,-0.00457072546907962,0.000509115814286011
20.8,0.014724551687415,0.000963372489463224,-0.00444422159347851,0.000497061470472281
20.81,0.0151632053403974,0.000919590040316471,-0.00432080997107272,0.000485106664701856
20.82,0.015585227863391,0.000876954974203125,-0.00420057114669483,0.000473257264171166
20.83,0.0159902222296235,0.000835512127536837,-0.00408358506604101,0.000461521000561048
20.84,0.0163793929164688,0.000795158768193393,-0.00396981901766417,0.000449911116828719
20.85,0.016752309823131,0.000755937325426829,-0.00385926779198443,0.000438440291148632
20.86,0.017110184367799,0.000717747890014755,-0.00375180359471329,0.000427122549590622
20.87,0.0174525657593083,0.000680632141483133,-0.00364730760102171,0.000415970259108692
20.88,0.017780662209903,0.000644495101328627,-0.00354559908697059,0.000404996728622587
20.89,0.0180940095099356,0.000609378630853361,-0.00344653681736655,0.000394213319856652
20.9,0.0183938040198406,0.000575193204477084,-0.00334995438322539,0.000383631688031443
20.91,0.0186795785702616,0.000541980600816423,-0.00325573292008304,0.000373260827356968
20.92,0.0189525145218639,0.000509656532118459,-0.00316373500444622,0.000363109296722845
20.93,0.019212148663434,0.000478262106240966,-0.00307386931468153,0.000353182795048944
20.94,0.0194596404327481,0.000447717819064168,-0.00298602971535868,0.000343486417399951
20.95,0.0196945345723583,0.000418063498449248,-0.0029001537339918,0.000334022588123196
20.96,0.0199179623214292,0.000389223912751019,-0.00281616592466202,0.000324793220218613
20.97,0.0201298600318642,0.000361210355995193,-0.00273403014438225,0.000315797893840107
20.98,0.0203301817757096,0.000334031282714949,-0.00265370500015347,0.000307035565161304
20.99,0.0205200062278665,0.000307617179989307,-0.00257514895431158,0.000298504543152345
21,0.0206989076457846,0.00028200221710442,-0.00249835557591604,0.000290201054755657
21.01,0.0208951853933312,0.000272016286443148,0.000241997408668986,0.000445242309032917
21.02,0.0211431842801746,0.000289106424668543,0.00292456575774026,0.000603832496686912
21.03,0.0214463604938775,0.000331992081069779,0.00538801077677179,0.000741011598599459
21.04,0.0218033901576087,0.000397404446004426,0.00744184852811644,0.000848867857257839
21.05,0.0222114746697448,0.000480501544403439,0.00896941713166396,0.000924518417313623
21.06,0.0226646650360243,0.000575722797580377,0.00991920491884979,0.000968940968485443
21.07,0.0231573401772929,0.000677223314668113,0.010294446062487,0.000985893346833432
21.08,0.0236823259689762,0.000779517596951811,0.0101406545524446,0.000980727350870501
21.09,0.0242338593929992,0.000877680711038166,0.00953446987173356,0.000959469799916857
21.1,0.0248054514333287,0.000967711568857429,0.00856528744471939,0.000927920099761753
21.11,0.0253923925643385,0.00104648110294821,0.00733102417489474,0.000891371014317126
21.12,0.0259895487029249,0.00111191550607271,0.0059290030878314,0.000854267610341624
21.13,0.0265935881190282,0.0011628086085424,0.0044490912080056,0.000820027442879216
21.14,0.0272007660097167,0.00119886321719725,0.00297075418133133,0.000791004362852954
21.15,0.0278089490378379,0.00122044560776861,0.00156100055540519,0.000768589890843538
21.16,0.0284155136029076,0.00122857440731763,0.00027145470157955,0.000753326965784872
21.17,0.0290192046471471,0.00122462609719238,-0.000863185615141783,0.000744958528889066
21.18,0.0296181454081994,0.00121031464091673,-0.00182006727671311,0.000742735432252009
21.19,0.030211615395384,0.0011874607153384,-0.00258870575561968,0.000745523348636498
21.2,0.0307982011219909,0.00115797605918129,-0.00317012775707057,0.000751955640763528
21.21,0.0313774677451804,0.00112365804914886,-0.0035748776747035,0.000760568999659257
21.22,0.0319482481087681,0.00108620590391279,-0.00382039048800303,0.000769910506148068
21.23,0.0325102171343525,0.00104706967259176,-0.00392914716943379,0.000778650146373137
21.24,0.0330625011751966,0.00100748920654958,-0.00392670863430294,0.000785659112836903
21.25,0.0336042814774045,0.000968438818287968,-0.00383967420761658,0.000790060001623632
21.26,0.0341352861729014,0.000930600459979594,-0.00369414856498244,0.000791269750211438
21.27,0.0346546087899,0.000894443677648227,-0.00351403719826554,0.000789011722492539
21.28,0.0351620619283208,0.000860171475257653,-0.0033215334503446,0.000783314014329818
21.29,0.0356569165727914,0.00082781761269514,-0.003135463105448,0.000774457427048682
21.3,0.0361391295891975,0.000797208501521436,-0.00297223060068655,0.00076283423306973
21.31,0.0366081586285967,0.000768075602692169,-0.00284041053635076,0.000749049382015942
21.32,0.0370641256257169,0.000740063983807661,-0.00274457170987383,0.000733793020330328
21.33,0.0375067184617297,0.000712811148144173,-0.00268721810687172,0.000717741792061479
21.34,0.0379362234118439,0.000685918637485801,-0.00266794775133492,0.000701573229383043
21.35,0.0383525304519754,0.00065903432823864,-0.00268330747255682,0.000685953552396037
21.36,0.038756088640274,0.000631829975443457,-0.0027276688448069,0.000671501340928722
21.37,0.0391469901047223,0.000604064254145857,-0.00279397562428371,0.000658750121939559
21.38,0.0395258361717525,0.000575552246576858,-0.00287384806345998,0.000648144704976888
21.39,0.0398929028295578,0.000546216430296808,-0.00295881197310001,0.000640020954024143
21.4,0.0402489151984913,0.000516036696528434,-0.00304160188627794,0.000634556328304238
21.41,0.0405942712489988,0.000485082928565447,-0.00311520188418798,0.000631808110167783
21.42,0.0409297472376409,0.000453472547034843,-0.00317368678595578,0.000631705419327247
21.43,0.0412557888639373,0.000421390386826109,-0.00321263954235774,0.000634059395993019
21.44,0.0415731476756669,0.000389041096304529,-0.00322925840599122,0.000638583939492562
21.45,0.0418822389809836,0.000356663249892391,-0.0032222923699369,0.000644921320840754
21.46,0.0421837217330205,0.000324486384392051,-0.00319186985779476,0.000652668638714826
21.47,0.0424779236347765,0.000292744969745814,-0.00313930062721562,0.000661402532998135
21.48,0.04276537069304,0.000261642717157663,-0.00306684922858435,0.000670701184950379
21.49,0.043046274700723,0.000231367877128448,-0.00297751516210839,0.000680162988902627
21.5,0.0433210157088686,0.000202065074469226,-0.0028747788493502,0.000689421741567683
21.51,0.043589736236112,0.000173850374589413,-0.00276237803111395,0.000698158119216409
21.52,0.0438525300606321,0.000146801405951447,-0.00264409314222357,0.000706107570919807
21.53,0.0441095807604244,0.000120952350533182,-0.00252355540945086,0.000713064670523287
21.54,0.0443608368095223,9.63116597964224e-05,-0.00240393245082769,0.000718887681459996
21.55,0.044606388813226,7.28497631843833e-05,-0.00228818149805523,0.000723498027055907
21.56,0.0448461317169073,5.05169046466311e-05,-0.00217883933428973,0.000726871265324184
21.57,0.0450800989256042,2.92339186042021e-05,-0.00207791194981873,0.000729025197365249
21.58,0.0453081579843895,8.91031565438315e-06,-0.00198701194122825,0.000730000471151065
21.59,0.0455303051463298,-1.05605960522882e-05,-0.00190653333313846,0.000729881719245568
21.6,0.0457464049257368,-2.92783221600105e-05,-0.00183604083866435,0.000728785348519692
21.61,0.0459564530678183,-4.73438147614122e-05,-0.00177534492840388,0.000726832896727109
21.62,0.0461603357578593,-6.48513916967071e-05,-0.00172403117406747,0.000724151958051266
21.63,0.0463580618422883,-8.18920208237059e-05,-0.00168115634726503,0.000720881193401497
21.64,0.0465495540618495,-9.85421442423313e-05,-0.00164557329176638,0.000717155930716804
21.65,0.0467348491107593,-0.000114869737338892,-0.00161606233426011,0.000713102070234698
21.66,0.0469139121272706,-0.000130927330568947,-0.00159140219544395,0.000708832700808218
21.67,0.0470868095597261,-0.000146758350112479,-0.00157041782009359,0.000704446231908697
21.68,0.0472535464157691,-0.000162392262270381,-0.00155201445047757,0.000700025671629659
21.69,0.0474142153568415,-0.000177850520474623,-0.00153520570367313,0.000695638607036789
21.7,0.0475688552076958,-0.000193143276607036,-0.00151913242382646,0.000691337844349799
21.71,0.0477175789995288,-0.000208274747204341,-0.00150307607167442,0.000687162418714677
21.72,0.0478604517947696,-0.000223241081738411,-0.0014864628740959,0.000683139007787698
21.73,0.0479976000517883,-0.00023803497006003,-0.00146886332540439,0.000679283488167304
21.74,0.0481291073066066,-0.000252644274995325,-0.00144998378153539,0.000675602688422839
21.75,0.0482551071420634,-0.00026705572900748,-0.00142964987273311,0.000672096112173904
21.76,0.0483756951474845,-0.000281253643784261,-0.00140774129290074,0.000668759278739133
21.77,0.0484910078873675,-0.000295222917693117,-0.00138431624273894,0.00066558492866264
21.78,0.0486011491937681,-0.000308948866086029,-0.00135952565133276,0.000662563480922686
21.79,0.0487062549942854,-0.000322419345994452,-0.00133358954713536,0.000659681572614783
21.8,0.0488064374047417,-0.000335623933979901,-0.00130671101534152,0.000656924197702754
21.81,0.0489018092928779,-0.000348554348366935,-0.00127908797265384,0.000654275553118079
21.82,0.0489924970452424,-0.000361204314573897,-0.00125091065649461,0.000651720475066276
21.83,0.0490786035156372,-0.00037356934073879,-0.00122236312357672,0.000649245184953893
21.84,0.0491602471041475,-0.000385646725471687,-0.00119361933857306,0.000646837472559164
21.85,0.0492375270318979,-0.000397435499511488,-0.0011648371043627,0.00064448678306565
21.86,0.0493105538557996,-0.000408936016219484,-0.00113615530215582,0.000642184160109763
21.87,0.0493794229611089,-0.000420150115567167,-0.00110769085698293,0.000639922202186559
21.88,0.049444237579066,-0.000431080404658198,-0.00107953892560471,0.000637694910445486
21.89,0.0495050893682514,-0.000441730699660118,-0.00105179348354311,0.000635496899357052
21.9,0.0495620738694615,-0.000452105684271711,-0.00102457035101381,0.000633320228467033
21.91,0.049615277858778,-0.000462210379565622,-0.000997779333276302,0.000631163730052776
21.92,0.049664790779345,-0.000472048774837882,-0.000971412619602938,0.000629024001233979
21.93,0.0497106961104432,-0.000481625631857635,-0.000945511038360956,0.00062689705092726
21.94,0.0497530775067903,-0.000490945360349411,-0.000920069439296142,0.000624782641471175
21.95,0.0497920159899303,-0.00050001318058576,-0.000895151779338817,0.000622680349150829
21.96,0.0498275912704402,-0.000508834231303344,-0.00087077536006663,0.000620591621485012
21.97,0.0498598828225099,-0.000517414097446557,-0.000846906969013842,0.000618519416053617
21.98,0.0498889680449102,-0.000525757354724288,-0.00082350998737967,0.00061646647811153
21.99,0.049914925823888,-0.000533868923451785,-0.000800560333998427,0.000614434915252791
22,0.0504060544659293,0.00295051846672361,-0.000778054858642079,0.000612426061442858
22.01,0.0510266511918989,0.00527770827109626,0.00209547784780013,0.000717065035758721
22.02,0.051911135405696,0.00759556189453914,0.00374860031860191,0.000759227212354524
22.03,0.053018081594951,0.0099204075850321,0.00193865858816132,0.000649185952211464
22.04,0.0543043510377474,0.0121597139099979,-0.00402787765722927,0.000394879789245284
22.05,0.0557980000261002,0.0143844819393023,-0.0141819289761814,3.66412125493691e-05
22.06,0.0575671985206974,0.0165069489190818,-0.027937402877301,-0.000364235616086494
22.07,0.0597065655990088,0.0185770296539032,-0.0444794908732452,-0.000746766571096978
22.08,0.0623279933581076,0.0206769055424196,-0.0628488826068788,-0.00105632885961515
22.09,0.0655594675184039,0.0226834324729146,-0.082108850269327,-0.00125068697558842
22.1,0.0695097581896063,0.024754222631573,-0.101606077754374,-0.00130905060271923
22.11,0.0742965344416193,0.0267283399337196,-0.120733353321407,-0.00121914445898483
22.12,0.0799749655317266,0.0287806899930036,-0.139209303384212,-0.00098565882962554
22.13,0.086645477595269,0.0307125155222864,-0.156754495310719,-0.000615528669939185
22.14,0.0942956752834556,0.0327194952165896,-0.173337978845185,-0.000124944840406683
22.15,0.103032897612768,0.0345710689120777,-0.188862217138693,0.000473133778054716
22.16,0.112772030561509,0.0364877805241121,-0.203394208566019,0.00116131690148228
22.17,0.123655992877136,0.0382120167401079,-0.216892656509875,0.00192787704019411
22.18,0.135519347334089,0.0399920661771542,-0.229423264636654,0.00275925544920079
22.19,0.148569635949825,0.0415470123177027,-0.240942855887139,0.00364767915737573
22.2,0.162548978911408,0.0431533575907021,-0.251514170351373,0.00458365186458458
22.21,0.177752520942117,0.0445075008145107,-0.261092442071527,0.00556104693189473
22.22,0.193810781402961,0.0459129521982716,-0.269712149224384,0.00657122943101349
22.23,0.211124848018646,0.0470440279043009,-0.27732957846388,0.00760887256994765
22.24,0.229193534660583,0.0482299679940854,-0.28397796106684,0.00866666724306877
22.25,0.248542392796703,0.0491233236951583,-0.289640795302186,0.00973886050775133
22.26,0.268519759309473,0.0500775201522247,-0.294350155283357,0.0108189396767506
22.27,0.289382795606362,0.0509160472145702,-0.298089049472559,0.011902366410124
22.28,0.311549975580096,0.0514405643111281,-0.300836763558734,0.0129850079739217
22.29,0.334116545878313,0.0520415031085245,-0.302552103104832,0.0140645150516664
22.3,0.35800544225907,0.0523213366247016,-0.303214200660337,0.0151369180421876
22.31,0.382126351860182,0.0526930213307686,-0.302852205644739,0.0161965573532974
22.32,0.407588830758439,0.0527401226806955,-0.301530017636683,0.0172362624943569
22.33,0.433100879886127,0.0528951718006045,-0.299323758300952,0.0182492175260792
22.34,0.459216569497414,0.052949191748815,-0.296342798538109,0.0192286353687756
22.35,0.486702047557638,0.0526737126816577,-0.292671499945437,0.0201685115856412
22.36,0.513948417203481,0.0525293562913608,-0.288403642497238,0.0210647138161962
22.37,0.542593194052963,0.0520529869643747,-0.28362187706747,0.021912929430115
22.38,0.570806316870057,0.0517216074097386,-0.27835365880292,0.0227109788745654
22.39,0.599415432416067,0.0513034563919752,-0.272631572064107,0.0234570022923609
22.4,0.629483223911322,0.0505507217562935,-0.266207673815855,0.0241488827353266
22.41,0.658891515943957,0.0500122505265831,-0.250554276516274,0.0251286141974056
22.42,0.688743887662428,0.0495056887801661,-0.232249691095619,0.0260831946551092
22.43,0.720297393287037,0.0487781771160737,-0.213630286038269,0.0268491956941404
22.44,0.751015787133669,0.0483509915357159,-0.194933752701343,0.0274151403822246
22.45,0.783487951777174,0.0476994864752576,-0.176309118363242,0.0277841478813262
22.46,0.814936445482908,0.0473536002860814,-0.157878848775823,0.027965259250429
22.47,0.846675328124864,0.0470476728520617,-0.139776870685916,0.0279682917958834
22.48,0.880270385320931,0.0465032820207427,-0.122168579418462,0.0278022253968528
22.49,0.912580517493953,0.0462625072684107,-0.105177983444245,0.0274757397544584
22.5,0.9451142626038,0.0460475001920782,-0.088932795760059,0.0269993667448097
22.51,0.979633087395518,0.045569964098441,-0.073576483244783,0.0263856212753433
22.52,1.01262690117415,0.0453809070296717,-0.0592257976413613,0.0256476517251654
22.53,1.04579899412435,0.0451922310105493,-0.0459644888658608,0.024798596897914
22.54,1.07913900963658,0.0449925211995362,-0.0344617461616896,0.0238660575341454
22.55,1.11469609327254,0.0444549328222981,-0.0285159917207663,0.023026452741177
22.56,1.14849096013066,0.0441141632878887,-0.0246271107652962,0.0221941148469561
22.57,1.18248013637007,0.0436751353650608,-0.0213401162267709,0.0213373598530484
22.58,1.21886283090212,0.042845269204885,-0.0184444785386313,0.0204537028814611
22.59,1.25324123577982,0.0421974366858718,-0.0159376813310348,0.0195464325985824
22.6,1.28773860095329,0.041439804823031,-0.0138361569023984,0.0186200321194329
22.61,1.32471708866283,0.0402791082701376,-0.0121720695150186,0.0176798132469036
22.62,1.35937508002209,0.0392862016114658,-0.0109819466470622,0.0167315358548997
22.63,1.39398026969883,0.0381661978514162,-0.0102980304670362,0.0157813617499068
22.64,1.42843017454903,0.0369110802703169,-0.0101503685997856,0.0148358401893285
22.65,1.46522324423417,0.0352259136486376,-0.0105738456903144,0.0139013402364904
22.66,1.49892553841866,0.0336709332030611,-0.011600506654523,0.0129845528177885
22.67,1.53187585821527,0.0319482936878584,-0.0132399225389176,0.0120923270429339
22.68,1.56660531643183,0.0297665840687748,-0.0154942662482265,0.0112315284140364
22.69,1.5972505738519,0.0276773517000043,-0.0183476791320799,0.0104087502689517
22.7,1.62626660484369,0.0253914301238552,-0.0217599417814078,0.00963008417205618
22.71,1.65630706045332,0.0226318048806288,-0.0256855618671227,0.00890063390985271
22.72,1.68127672551462,0.0199453643939646,-0.0300740620439524,0.00822446070765507
22.73,1.70385051088721,0.0170600089827006,-0.0348641552819914,0.00760466221243425
22.74,1.7268576257082,0.0137181883383463,-0.0399924668409451,0.0070435431429171
22.75,1.74415403278138,0.0104587791035609,-0.0453898990452681,0.00654254244604959
22.76,1.76168414936269,0.00677265747182119,-0.0509859489332722,0.00610220525262328
22.77,1.77337377327223,0.00318972678998448,-0.0567151404427119,0.005722650381184
22.78,1.77509844368422,0.000391756720380068,-0.0625092536452867,0.00540342812477313
22.79,1.77459487258064,-0.00252861797804819,-0.0683002876013673,0.00514349779450094
22.8,1.76903974476459,-0.0053365300132792,-0.076336548990008,0.00488310064292015
22.81,1.76440194448378,-0.00856008778378192,-0.0921622040069992,0.00436640088019523
22.82,1.75780400202218,-0.0119837579100551,-0.10826645295253,0.00395079926968045
22.83,1.74661445153973,-0.0153829475726489,-0.124095987750982,0.00368237562123288
22.84,1.73668378042678,-0.0191785998487539,-0.139933014631944,0.00354565243857292
22.85,1.72532921422245,-0.0231428492137363,-0.155891996387013,0.00352983154956114
22.86,1.71004968875433,-0.0270745478767337,-0.171968314277874,0.00362926804178942
22.87,1.6963201666222,-0.0313609102078488,-0.187977136784365,0.00384603359741645
22.88,1.68152787176064,-0.0357915562788284,-0.203225182294226,0.00419833912118879
22.89,1.66574533154889,-0.040345424656156,-0.216022689620742,0.00473934353688265
22.9,1.64662431794228,-0.0448092335064174,-0.223321415479512,0.00556018526693482
22.91,1.6291638522538,-0.0494387211305441,-0.219357133265987,0.00673852268377045
22.92,1.61101994817871,-0.0539228514061937,-0.201591890145442,0.00832815350845357
22.93,1.59009547902125,-0.0579681435786365,-0.170212139148747,0.0102061645270624
22.94,1.57106794427425,-0.0617631874694668,-0.128326554715895,0.012114390288891
22.95,1.55169811078264,-0.0650692821147888,-0.0806575908859605,0.0137772735903349
22.96,1.52992612273156,-0.0677136860287075,-0.0310209486821014,0.0150265854662249
22.97,1.50995796114599,-0.0699678900079659,0.0181963111948753,0.0157995485781936
22.98,1.48964789990115,-0.0717034724405273,0.0652264498028916,0.0160792848203374
22.99,1.46707506725389,-0.0728288758320182,0.108653307796675,0.0158730465430014
23,1.44609742864731,-0.0736323805539624,0.14752052290787,0.0152149483168306
23.01,1.42474333252966,-0.0740367106056598,0.181193139505924,0.0141580944438884
23.02,1.40127103606641,-0.0739885694902951,0.209400210308669,0.0127693871364012
23.03,1.37921987513899,-0.0737609371646665,0.232092288411261,0.0111193120772274
23.04,1.3568044585808,-0.0732971202529471,0.24930550896691,0.00927317877058017
23.05,1.33246264942564,-0.0725573502627771,0.261262280702345,0.00729436579677714
23.06,1.30941608820498,-0.0717832065563441,0.268377083108149,0.00524475144653024
23.07,1.28605554086199,-0.0709224112640006,0.271159141757153,0.00318083158749318
23.08,1.26098919003704,-0.069933545659233,0.270297264858985,0.00115688647490375
23.09,1.23712800416343,-0.0690147713487804,0.266623394571189,-0.000776265753504544
23.1,1.21172490217114,-0.0680307645705353,0.260982900603976,-0.00257740141106767
23.11,1.18749206403176,-0.0671473972230039,0.254247720219977,-0.00421286376044399
23.12,1.16310881311247,-0.0662938174375055,0.247182080045495,-0.00566177836405354
23.13,1.1374597029655,-0.0654069271255197,0.240429470870072,-0.00691663749678208
23.14,1.1129609357438,-0.0646099445682235,0.234484274152714,-0.00798092398027854
23.15,1.08738366642657,-0.063770494788854,0.22961521505152,-0.00886977619027803
23.16,1.06294430773105,-0.0629931430749512,0.225916917170966,-0.00960515038904671
23.17,1.03760057513607,-0.0621566558525897,0.223338964254373,-0.0102129452871474
23.18,1.01337047374969,-0.0613538696099866,0.22176364082859,-0.0107192857409199
23.19,0.989268300230688,-0.0605225115160811,0.221001079985207,-0.0111492374173188
23.2,0.964487500004868,-0.0596142086126961,0.220846063248788,-0.0115244933995791
23.21,0.940760715041502,-0.0587097646010616,0.221085668143964,-0.0118632117372991
23.22,0.916484356535622,-0.057725959101553,0.221492038131695,-0.0121803240094093
23.23,0.89320151073716,-0.0567476280722108,0.219182905365183,-0.0125737037378605
23.24,0.869431800373017,-0.0557378832936427,0.214629842416065,-0.0130418261134257
23.25,0.846545379792859,-0.0547696612799856,0.209758636542927,-0.0134650058889439
23.26,0.823856993257249,-0.0538110461691928,0.204760375069454,-0.0138287121027248
23.27,0.800844152537893,-0.0528377871384655,0.199763588957049,-0.0141310325116664
23.28,0.778659351209319,-0.0519006612477086,0.194874394364104,-0.0143732652676597
23.29,0.756273291137625,-0.0509504098634977,0.190162335214111,-0.0145587472377571
23.3,0.734689356593283,-0.0500283951962802,0.185672742494626,-0.0146917332375486
23.31,0.71301322101881,-0.0490834740385082,0.183861147953207,-0.0148573238718114
23.32,0.692072368774192,-0.0481144301288715,0.185125460082547,-0.01511291560644
23.33,0.671102766506572,-0.0470746255551708,0.186950397174833,-0.01538560754376
23.34,0.650834037979514,-0.0459913390241863,0.188826469567506,-0.0156698714982255
23.35,0.630635435224505,-0.0448388188076723,0.19059061336174,-0.0159686367430501
23.36,0.611112674281837,-0.0436423372347253,0.192140758178707,-0.0162849192127525
23.37,0.591744117590037,-0.0423841268440824,0.193411488910524,-0.0166186905324188
23.38,0.573021501358126,-0.0410855495635908,0.194348298982946,-0.0169687360666228
23.39,0.554521976234847,-0.0397353050754691,0.194902619672103,-0.0173333902865279
23.4,0.5366344186933,-0.0383510759134597,0.195028775760029,-0.0177105882182267
23.41,0.519023764699583,-0.0369272719276402,0.194678850559652,-0.0180978861967056
23.42,0.501986483750582,-0.0354784846782795,0.193801986096701,-0.0184926858906595
23.43,0.48536504358281,-0.0340063711048516,0.192356373240001,-0.0188917806236268
23.44,0.469073406025358,-0.0325166441334296,0.190305650887469,-0.0192913108245863
23.45,0.453290942373796,-0.0310200670294551,0.187596007444228,-0.0196878976042687
23.46,0.437857216212954,-0.0295227971479324,0.184190862059872,-0.0200770708037872
23.47,0.422887272691785,-0.0280334886976797,0.180076218177378,-0.0204533082603037
23.48,0.408275062778028,-0.0265614002176897,0.175258019845447,-0.0208103210678137
23.49,0.394080897954211,-0.0251127561161481,0.169757552332509,-0.0211414095957227
23.5,0.380245957190331,-0.0236986976600383,0.163618487212459,-0.0214394089082802
23.51,0.366787591171752,-0.0223225540432187,0.156901697841948,-0.0216970561371457
23.52,0.353688713273437,-0.0209960579528199,0.149689216223283,-0.0219070208721312
23.53,0.340932462916706,-0.0197192512138022,0.142075947568792,-0.0220624940189231
23.54,0.328538375703841,-0.0185033241541406,0.134176005990784,-0.0221571797671507
23.55,0.316463247393444,-0.0173447322615514,0.126103075554216,-0.0221859609210364
23.56,0.304758095168929,-0.0162533867662735,0.117975038070876,-0.0221446900481416
23.57,0.293359015905649,-0.0152223872176721,0.109898027155368,-0.0220308172435491
23.58,0.282342499689599,-0.0142602227783381,0.101971132503178,-0.0218432856162049
23.59,0.271627603265893,-0.013357268779192,0.094277921556043,-0.0215828117182825
23.6,0.261310253974314,-0.0125207893010184,0.0868927945132344,-0.0212515012361138
23.61,0.251295123715093,-0.0117392020558087,0.0798669374817354,-0.0208526011256566
23.62,0.241692166469978,-0.0110189687188947,0.0732387758847057,-0.0203900519416496
23.63,0.232393932496417,-0.0103474474704112,0.0670297210975319,-0.0198688893287387
23.64,0.223519382097198,-0.00973072496754139,0.0612547070816104,-0.0192945869203767
23.65,0.214950817715306,-0.00915572066658849,0.0559243419031409,-0.018673238897622
23.66,0.206811904636238,-0.00862820425246352,0.0510537132753486,-0.0180113482738622
23.67,0.1989768933951,-0.0081348736978089,0.0466443816975367,-0.017315593191595
23.68,0.191571332186091,-0.00768121713884232,0.0426987762002055,-0.0165926082735195
23.69,0.184463927009031,-0.0072540184658654,0.0392142898621808,-0.015849244698967
23.7,0.17771499176102,-0.00685409387749737,0.0361766419382858,-0.0150919891916328
23.71,0.171384273713899,-0.00648209791599022,0.033565244478204,-0.0143273286941564
23.72,0.165336361627492,-0.00612567182106504,0.0313525561799339,-0.0135617561022736
23.73,0.159693067397796,-0.00579019684149602,0.0295084328191281,-0.0128011413822842
23.74,0.15431893150326,-0.00546420672317091,0.027997548796262,-0.0120510419912084
23.75,0.149332423893653,-0.00515333593046126,0.0267768486032869,-0.0113167296848832
23.76,0.144599349065415,-0.00484729065323194,0.0257984707405802,-0.0106027708464784
23.77,0.140233866135649,-0.00455217497010032,0.0250110553975689,-0.00991310122471186
23.78,0.136104194076733,-0.00425904805586381,0.0243623342939513,-0.00925101916917978
23.79,0.132319605761016,-0.00397455825678453,0.0237991629575772,-0.0086190453286094
23.8,0.128751654874885,-0.00369121736029576,0.0232650902434728,-0.00801887994516455
23.81,0.125504386075796,-0.00341622211001895,0.0227147745933897,-0.00745145088084695
23.82,0.122453404322484,-0.00314340200624598,0.0221088468748996,-0.00691687479024879
23.83,0.119697485069546,-0.00288016792388877,0.0214265354333358,-0.00641449348895393
23.84,0.117117153045211,-0.00262119097929784,0.0206527229948412,-0.00594314080043272
23.85,0.114805909849545,-0.00237369736932191,0.0197768252856251,-0.00550151725116476
23.86,0.112649476983768,-0.00213297272519437,0.0187903553315804,-0.00508795723979645
23.87,0.110736005501752,-0.00190589073410298,0.0176994318486105,-0.00470062033053753
23.88,0.108956833798722,-0.00168804424408885,0.0165149422656369,-0.00433743572052731
23.89,0.107394995781268,-0.00148561576676302,0.0152579510018127,-0.00399633665865869
23.9,0.105947875343733,-0.00129419207092035,0.0139512771704004,-0.0036753384417861
23.91,0.104693675423252,-0.0011190760044499,0.0126198527287003,-0.00337242461041675
23.92,0.103536172094338,-0.00095572243958016,0.0112919849495798,-0.00308596288551381
23.93,0.10254898478949,-0.000808492732773591,0.00999361629211233,-0.00281455606427469
23.94,0.101642333109316,-0.000672689563639612,0.00874735641322543,-0.00255716600247644
23.95,0.100885376896463,-0.000551835177444789,0.00757494909702606,-0.00231310075729904
23.96,0.10019465288012,-0.00044117973307876,0.00648921758329095,-0.00208190667260038
23.97,0.0996005972609271,-0.000341857108216629,0.00549748700058011,-0.00186333383376381
23.98,0.0991288756681288,-0.000254599067091594,0.00460326297012405,-0.00165741751101883
23.99,0.0987050201860951,-0.000174996670904824,0.00380575236883499,-0.00146420158711462
24,0.108809367862398,-0.00492438232031613,0.00309951569122085,-0.00128371606509068
24.01,0.107294461720209,-0.00711472365597142,-0.00101469776425161,-0.00124630223384045
24.02,0.105600014248722,-0.00934646449277535,-0.00313378138447698,-0.00112911662128576
24.03,0.103769313839749,-0.0115344209693169,-0.00102314405262016,-0.0008419899289051
24.04,0.101849909672837,-0.0137047519214232,0.00560109531091064,-0.000416370166718766
24.05,0.0997862627913264,-0.0157821315271031,0.0161098635638143,7.78986765446231e-05
24.06,0.0974934398167553,-0.0178696870295783,0.0294920952573749,0.000564893702700752
24.07,0.094845217037663,-0.0198778879151209,0.0447639423755213,0.000984804352649621
24.08,0.091720256713768,-0.0219451701146274,0.0611943966799592,0.00130228950741711
24.09,0.0879691252284722,-0.0239508537734664,0.0781569334719511,0.00149589751558063
24.1,0.0834896352872285,-0.0260523392600681,0.095239236289559,0.00155910679933361
24.11,0.0781520529642281,-0.0280855581079368,0.112072585088727,0.00149098113840686
24.12,0.0719159249240566,-0.0302219588161204,0.128462710946991,0.00129898413309332
24.13,0.0646702710910096,-0.0322580214491218,0.144217101359463,0.000990959313834002
24.14,0.0564447321683808,-0.0343857816323993,0.15926910663781,0.000578869340210998
24.15,0.0471180509021576,-0.0363707562030882,0.173523862417,7.22168831706402e-05
24.16,0.0367920758803475,-0.0384310438974552,0.187001524421835,-0.000516913885728668
24.17,0.0253052161550489,-0.0403062375110151,0.199665202306672,-0.00118010518998288
24.18,0.0128390637946076,-0.0422430120100106,0.211555856589393,-0.00190814399765496
24.19,-0.000836464713042107,-0.0439582207427199,0.222623423236869,-0.00269643322617647
24.2,-0.0154474284470272,-0.045727490325608,0.232862717013999,-0.00354115432702168
24.21,-0.0313153269210222,-0.0472458154578072,0.242233013403312,-0.00443972761637519
24.22,-0.0480557340084287,-0.0488165087881873,0.250701892846812,-0.00539033382387741
24.23,-0.0661001492961399,-0.0501129254262153,0.258285718184476,-0.00638911917594297
24.24,-0.0849314145282976,-0.0514633231929887,0.265067506283038,-0.00742890878146846
24.25,-0.105105977512076,-0.0525181148627241,0.271072882140987,-0.00850441288477968
24.26,-0.12595358334734,-0.0536290846590615,0.276318930504123,-0.00961148515689292
24.27,-0.148175026666988,-0.0544255747658798,0.28082589632078,-0.0107456949884802
24.28,-0.170931710947912,-0.0552825363156387,0.284624795199821,-0.0119026660786286
24.29,-0.194572116854019,-0.0560114704478872,0.287778233243709,-0.013078211686462
24.3,-0.21962357787709,-0.0564022205892704,0.290356742632363,-0.0142683866140929
24.31,-0.244968324898476,-0.0568630402842685,0.292384349749327,-0.0154687208107095
24.32,-0.271745467202509,-0.0569728956916101,0.29390744141029,-0.0166756169352443
24.33,-0.298633748251837,-0.0571599884534053,0.29495745239332,-0.0178867482293637
24.34,-0.326973501930027,-0.0569853332221967,0.295571368582086,-0.0190991948719074
24.35,-0.355231977826047,-0.0568962148228567,0.295775425284833,-0.0203107631589099
24.36,-0.384083243240331,-0.0566716557734464,0.295619975741094,-0.0215191982656105
24.37,-0.414425624893423,-0.05607290878068,0.295139461376974,-0.0227224554479184
24.38,-0.444395735964719,-0.0555747709959468,0.294357821030677,-0.0239187326560516
24.39,-0.474836765576867,-0.0549437314295823,0.293309648631067,-0.0251047569469001
24.4,-0.506827274517077,-0.0539300415615368,0.29202648005723,-0.0262780877762229
24.41,-0.53815588411551,-0.0530329551210043,0.290518621002107,-0.027436364598533
24.42,-0.57108224062182,-0.051749935565227,0.288820517482089,-0.0285773465812067
24.43,-0.603156071196856,-0.0505935631737982,0.286934985709423,-0.0296992749217461
24.44,-0.635521669609487,-0.0493123450724378,0.284865225454724,-0.0308010871240836
24.45,-0.669571303514932,-0.0476417272889755,0.28262744226481,-0.0318814278255838
24.46,-0.702490355503946,-0.0461136682460759,0.280232308767727,-0.0329385261020475
24.47,-0.735611620034149,-0.044466993948617,0.277716671601916,-0.0339706069762014
24.48,-0.770519007478661,-0.0424292286458431,0.275100803867365,-0.0349762910757512
24.49,-0.804026561700817,-0.0405477278959594,0.272394237513132,-0.035954466067033
24.5,-0.837658332482477,-0.0385528468042454,0.269629678253048,-0.0369039353790685
24.51,-0.873191432244909,-0.0361658376522763,0.266825280716926,-0.0378239385821419
24.52,-0.907065342289272,-0.0339459794882919,0.263987862653166,-0.0387139494913784
24.53,-0.940996368758853,-0.031616673068194,0.261146250313143,-0.0395733043603046
24.54,-0.97695448342512,-0.0288945272657557,0.258324019399374,-0.0404021496227606
24.55,-1.01100355387319,-0.0263470620131507,0.255524471458198,-0.0412006656168001
24.56,-1.04505146115887,-0.02369241081149,0.252756930245647,-0.0419684877742194
24.57,-1.07905260952588,-0.0209053857197786,0.256700715651473,-0.0424929580797667
24.58,-1.11511186101595,-0.0176186302143994,0.265755324694679,-0.0427977112160453
24.59,-1.14874615756722,-0.0143927228944715,0.274934074653427,-0.0431701856531643
24.6,-1.18209267476643,-0.01093983757916,0.28427987949443,-0.0436304393445797
24.61,-1.21752723899241,-0.00696953656107621,0.293955247265723,-0.0441790218084932
24.62,-1.25018463698377,-0.00305017998520671,0.304007974737979,-0.0448188673678068
24.63,-1.28233580531611,0.00111116154243213,0.314455988440683,-0.0455521659953699
24.64,-1.31384930960068,0.0055219374849387,0.325279260008998,-0.0463834699110983
24.65,-1.34721274597749,0.0104735900798456,0.336311285428244,-0.0473211057198939
24.66,-1.3769177674865,0.015403840502216,0.347041812993748,-0.0483845218786893
24.67,-1.40531934957703,0.0205949764072437,0.356607320166765,-0.0496022783556511
24.68,-1.43498295481597,0.0263114407957268,0.363705590999607,-0.0510122344748171
24.69,-1.46005321519819,0.03196308693023,0.366210436800694,-0.0526738485979701
24.7,-1.48309862765994,0.0377679924441315,0.361385828155399,-0.0546531488185403
24.71,-1.50691625096963,0.0439060013445495,0.346057805823654,-0.0569333588385053
24.72,-1.52545828510367,0.0496454206348143,0.306369453529988,-0.058899791232616
24.73,-1.54146887438954,0.0550439827577454,0.25143152110425,-0.0606941873960066
24.74,-1.55790509744412,0.0602504424120628,0.189708056824221,-0.0621652962277482
24.75,-1.56869123080331,0.0646905350291138,0.126689983526833,-0.0630601941038606
24.76,-1.57978854061787,0.0688735486490312,0.0660818186018011,-0.0632537971097563
24.77,-1.58812512198977,0.072559070315311,0.0102364469199504,-0.0626987544549297
24.78,-1.58058895438037,0.0743674624924453,-0.0402002033964644,-0.0614192278554682
24.79,-1.57383123075048,0.0760041567999999,-0.0862828252131061,-0.0595130448256476
24.8,-1.5620050788714,0.0770268325346512,-0.128012872214487,-0.0570417706381306
24.81,-1.55109755699028,0.0779348538414026,-0.165374526361892,-0.0540742555006651
24.82,-1.53827680450106,0.0785288134460791,-0.197998574166325,-0.0506840170101334
24.83,-1.52091664500272,0.0786393811229024,-0.225396074337351,-0.0469571820972385
24.84,-1.50481649635458,0.0787386271287845,-0.247030720529991,-0.0429896863367075
24.85,-1.48731736030458,0.0786617539398084,-0.26240364239914,-0.0388671280240509
24.86,-1.46857940669653,0.0784636000984811,-0.271552674775666,-0.0346787838795479
24.87,-1.44617470559989,0.0780121922991108,-0.27501469320563,-0.0305145580759699
24.88,-1.42541887264297,0.0777287215669276,-0.273836226713562,-0.0264627547409696
24.89,-1.40378865911738,0.0774568603138422,-0.269252482013736,-0.0225963266339187
24.9,-1.38136937157218,0.0772182802098679,-0.262803746562072,-0.0189787813928456
24.91,-1.3558989182812,0.0768587839043573,-0.256063449408163,-0.0156573041755688
24.92,-1.33218106709326,0.0766981805193732,-0.250438057618713,-0.0126580730357393
24.93,-1.30788656192054,0.0765510436833004,-0.246812771496158,-0.00997681494413363
24.94,-1.28091287576168,0.0762485234458944,-0.245699268250467,-0.00758962586886241
24.95,-1.25570504571057,0.0760574731140836,-0.246991342068976,-0.00545382014546326
24.96,-1.23008730887852,0.0758122358000466,-0.249083954455446,-0.00346671275143803
24.97,-1.20209673778068,0.0753772270895982,-0.251722399023271,-0.00158928190199594
24.98,-1.17580391752862,0.0750113493791049,-0.25438657965942,0.000204580050898798
24.99,-1.14918649652632,0.0745823204377563,-0.256678956053003,0.00193405025273533
25,-1.12044812214435,0.0739812948370882,-0.258369339332763,0.00360671046789035
25.01,-1.09331885102544,0.0734468306465973,-0.259294239034642,0.00522394164746732
25.02,-1.06594634404856,0.0728691389888766,-0.259181319800045,0.00679006774146458
25.03,-1.03669846224889,0.072159483915123,-0.257915082131631,0.00830336047744035
25.04,-1.00896710779064,0.0715332848891966,-0.255518024369316,0.00975560970166338
25.05,-0.981061258721737,0.0708938132819901,-0.253069481926566,0.0111739379665402
25.06,-0.9514905513414,0.0701443235599584,-0.251693107278623,0.0126041559145351
25.07,-0.923307349286395,0.0694610390878092,-0.24998121060635,0.0140055324776715
25.08,-0.893590235230556,0.0686786113149189,-0.247710222568069,0.0153710235926458
25.09,-0.865182404344472,0.0679648664355856,-0.244908018604665,0.0166955959803472
25.1,-0.836656197033345,0.0672416799675444,-0.241624340014328,0.0179745534190719
25.11,-0.806789859588905,0.0664457002645243,-0.237924177092458,0.0192035966035429
25.12,-0.778115948505038,0.0657205080944487,-0.233831840703953,0.0203749369331826
25.13,-0.748227157726234,0.0649373464593004,-0.229349646990841,0.0214833726410553
25.14,-0.719455627052253,0.0642257453335233,-0.224498951845214,0.0225244956167464
25.15,-0.690629539628215,0.0635247502584687,-0.219300896433342,0.0234949268471409
25.16,-0.660769893536526,0.0627862503052766,-0.213820934609068,0.0243943256985879
25.17,-0.631917340181288,0.0621187164206557,-0.208113558797305,0.0252243431419404
25.18,-0.602145191721771,0.0614243100968287,-0.202185452466316,0.0259858012531292
25.19,-0.573307832348922,0.0607993298510349,-0.196026596184448,0.0266790774688792
25.2,-0.543662234329648,0.0601575374609215,-0.189643200927346,0.0273038746356352
25.21,-0.514883307915383,0.0595837326168656,-0.183094406681399,0.0278613159943441
25.22,-0.486128950902153,0.0590362203459863,-0.176462583628258,0.0283540515932653
25.23,-0.45672977733707,0.058483222384863,-0.169784712808687,0.0287832061695776
25.24,-0.428105104156552,0.0579922280705029,-0.163076700087958,0.0291498261512341
25.25,-0.398948163734755,0.0574951014600101,-0.158965850306203,0.0293875300786373
25.26,-0.370614293744033,0.0569720103318955,-0.164000459342546,0.0292007377927324
25.27,-0.342030103907974,0.0563296626520277,-0.169585323722225,0.0290125212086186
25.28,-0.314306778615038,0.0556178569734044,-0.174999115885478,0.0288944364421065
25.29,-0.286446345030243,0.0547918931549163,-0.180393717311185,0.0288494185830231
25.3,-0.259405157111165,0.0538928212420522,-0.185841535762761,0.0288756785694085
25.31,-0.232326076331857,0.0528820620175623,-0.191383403721901,0.0289723449770972
25.32,-0.206042438146061,0.0518097041567191,-0.192130082218812,0.0289696706287619
25.33,-0.179900115568137,0.0507186076470251,-0.186950300449495,0.0287607945136046
25.34,-0.154606920262111,0.0496517989976986,-0.182242206174255,0.0285154565982458
25.35,-0.129818925520981,0.0485886651610299,-0.178134794567599,0.0282575067484182
25.36,-0.105303861035926,0.0475152091367914,-0.174549792349749,0.0279919871793013
25.37,-0.0815709005814922,0.0464458637913622,-0.171414733871508,0.0277206063524326
25.38,-0.0581695605763093,0.0453605869442096,-0.168659102362536,0.0274432379817326
25.39,-0.0355069873780867,0.0442704507216781,-0.166212521949938,0.0271589003051279
25.4,-0.0132271939388957,0.0431617185182638,-0.164004148145038,0.0268662334518746
25.41,0.00835391087948345,0.0420426535175376,-0.161975618055141,0.0265634121281486
25.42,0.0295094836741594,0.0409049728941913,-0.160090324861511,0.0262480793795803
25.43,0.0500035091590609,0.0397540930310663,-0.158310698650177,0.0259182536436362
25.44,0.0700364528409958,0.0385863314815779,-0.156582882627222,0.0255715151073065
25.45,0.0894410207741601,0.0374048677125965,-0.15487580875406,0.0252059957422856
25.46,0.108354471152317,0.0362098147151251,-0.153187710649465,0.0248211289031379
25.47,0.126669277166755,0.0350016701952572,-0.151543629014052,0.0244169917066463
25.48,0.144470385111161,0.0337828485815368,-0.149978435161539,0.0239945123310409
25.49,0.161701486615682,0.032550910627238,-0.148535218255904,0.023555448740695
25.5,0.178401732529149,0.0313096192674505,-0.147257187185715,0.0231022651008268
25.51,0.194556426282263,0.0300537362927387,-0.1461884977673,0.0226379077286849
25.52,0.210166149126933,0.0287878557731097,-0.145379568201906,0.0221657811973476
25.53,0.225249776085848,0.0275041623120837,-0.144877619623514,0.0216899316388209
25.54,0.239774896134325,0.0262076824575856,-0.144707521809748,0.0212141767010543
25.55,0.253786954033303,0.0248887839315591,-0.144882806303407,0.0207424331791892
25.56,0.267225695157486,0.0235531333919306,-0.145416477330826,0.020278248926057
25.57,0.280157801281223,0.0221898530533107,-0.146318462333338,0.0198247206046177
25.58,0.292500344636013,0.0208050538715299,-0.147597742634352,0.0193849010292128
25.59,0.304336855543377,0.0193869583291622,-0.14926050561556,0.0189619649023491
25.6,0.315619544913774,0.0179372567507582,-0.151301163030131,0.018559149107709
25.61,0.326293335380663,0.0164634398529528,-0.152056493294968,0.0182457827928514
25.62,0.336502183215432,0.01498049921434,-0.150786871389934,0.0180516988716796
25.63,0.346143311841778,0.0135062746316826,-0.149340506840441,0.0178579178133154
25.64,0.355332216708904,0.0120329626690874,-0.147798499936434,0.0176573782757099
25.65,0.363948197601461,0.0105699832957221,-0.147009022468577,0.017467097644028
25.66,0.372127364046618,0.0090902755708333,-0.148024268075443,0.0173465817910349
25.67,0.379755733395523,0.00759770481725464,-0.149099603410926,0.0172688823080308
25.68,0.386966863806128,0.00608421614392156,-0.150026943877957,0.0172265861593428
25.69,0.393638805877585,0.00456224500501415,-0.150635154606747,0.0172163740647256
25.7,0.39990688075951,0.0030272893052831,-0.150771964998621,0.0172353062654973
25.71,0.405650057185046,0.00149443794357789,-0.150310607726442,0.0172803174975818
25.72,0.411005086582044,-3.80234869125987e-05,-0.149141319391716,0.0173475110727581
25.73,0.415853760815315,-0.00155331918155481,-0.147186271298472,0.0174313349120467
25.74,0.420332306194639,-0.00305133753142417,-0.14439327914249,0.0175251209269214
25.75,0.424325862253783,-0.00451476729637773,-0.140735606633977,0.0176220361116657
25.76,0.427968810453869,-0.00594259752859686,-0.13620206590861,0.0177149670833683
25.77,0.431150331791557,-0.00731794924214538,-0.130832613431295,0.0177949564048773
25.78,0.434000702124431,-0.00864036426721472,-0.124731126414862,0.0178511478513119
25.79,0.43641147267269,-0.00989544923394203,-0.118020981504159,0.0178732898709725
25.8,0.438506413053525,-0.0110849019962034,-0.110851411747169,0.0178521537549832
25.81,0.440179539592758,-0.0121976287441573,-0.103346184749734,0.0177812577511573
25.82,0.441548528946957,-0.0132371875644781,-0.095551140303219,0.0176570369212103
25.83,0.442511982881554,-0.0141940868948063,-0.087497419472777,0.0174765005996467
25.84,0.443182459592199,-0.0150722108454626,-0.079235238480266,0.0172363400196142
25.85,0.443463496564743,-0.015863778925671,-0.0708795334031335,0.0169333001728334
25.86,0.443461678718366,-0.0165744930073449,-0.062575735196678,0.0165653858294258
25.87,0.443132069968677,-0.0172026828081536,-0.0544936168264731,0.0161331040203795
25.88,0.442435113703475,-0.0177487931899067,-0.0467948526034659,0.0156389372904124
25.89,0.441468920422039,-0.0182227067589289,-0.0396196750724011,0.0150876592763432
25.9,0.440150236844418,-0.0186251223455781,-0.0330790866797387,0.0144861551161686
25.91,0.438572402490328,-0.0189676781156544,-0.0272417239685982,0.0138427035003875
25.92,0.436658687840964,-0.0192528536095355,-0.0221467963421459,0.0131667836855617
25.93,0.434498270423065,-0.0194926588745421,-0.0177999277569594,0.0124682776435033
25.94,0.432021216006648,-0.0196900258127737,-0.0141724494365264,0.0117568531046612
25.95,0.429312687648844,-0.0198560549948257,-0.0112118555941468,0.0110420900584212
25.96,0.426309463868892,-0.0199929372118452,-0.00883744168110209,0.0103327793422974
25.97,0.423092867815138,-0.0201098397950465,-0.00695055266207311,0.00963672362976519
25.98,0.419606128970577,-0.0202073691759874,-0.00544971265735338,0.00896064112434694
25.99,0.415926816270277,-0.0202923089551982,-0.00422469705746656,0.00831020756914954
26,0.412004326050734,-0.0203634472439056,-0.00317347227638248,0.00768943744774184
26.01,0.407912347125986,-0.0204252330366989,-0.00220301545377466,0.00710101928401127
26.02,0.403605802114821,-0.0204749233989223,-0.00123282573269099,0.00654659874337988
26.03,0.399154366731599,-0.0205151052699031,-0.000201214761309327,0.00602649200549226
26.04,0.394517807593288,-0.0205421270564416,0.000930481515290373,0.00553987407309907
26.05,0.389761358354827,-0.0205575103029407,0.00218872696865575,0.00508517823722983
26.06,0.384848805891776,-0.020557373829594,0.00358429978208458,0.00466026446815793
26.07,0.379840699989587,-0.0205427898708043,0.00511105264790046,0.00426263886522303
26.08,0.374704171474161,-0.0205102880787269,0.00674165242298663,0.00388930536092828
26.09,0.369494750206403,-0.0204612298469614,0.00843812586864577,0.00353733203473293
26.1,0.364182200080309,-0.0203931021490904,0.0101607530572747,0.00320401271492223
26.11,0.358816946361997,-0.0203079571117219,0.0118507772318208,0.00288711605533281
26.12,0.353371076798093,-0.0202044169311292,0.0134804541017169,0.00258509618998809
26.13,0.347890262510119,-0.0200850635331787,0.0150143466626162,0.00229683102966108
26.14,0.342364916287168,-0.0199501240767277,0.0164238109191075,0.00202171787027262
26.15,0.336788232252545,-0.019800270898683,0.017687535245084,0.0017596208498901
26.16,0.331199532722876,-0.0196385110056735,0.0187961564566783,0.0015107615373518
26.17,0.325576645241405,-0.019465033067919,0.0197485115511723,0.00127555234977583
26.18,0.319955198871085,-0.0192826791681464,0.0205535294120044,0.00105457839789221
26.19,0.314315328258462,-0.0190916350450108,0.0212252709479417,0.000848377164537536
26.2,0.308689323248847,-0.0188943048997106,0.021781997300665,0.000657391964842591
26.21,0.303059517697447,-0.0186906278425384,0.0222480755018917,0.000482036400987503
26.22,0.297455201534444,-0.0184825725131247,0.0226229374570004,0.000322518137816507
26.23,0.29186069727864,-0.0182699038179897,0.0229422699163582,0.00017839442140578
26.24,0.286302250286525,-0.0180539906341602,0.0232232661677583,4.91540252730842e-05
26.25,0.280765845806783,-0.0178343205015645,0.0234815177624789,-6.5944921737894e-05
26.26,0.275274877960261,-0.0176118425976294,0.0237286723529873,-0.000167890682235899
26.27,0.269816741029534,-0.0173859286276908,0.0239722154870327,-0.000257851696999491
26.28,0.264412051529571,-0.0171572782323052,0.0242154508134576,-0.000337130313654315
26.29,0.259049339453124,-0.0169252995946953,0.0244580586803218,-0.000407084223571871
26.3,0.253746530888115,-0.0166906059680318,0.0246968068420594,-0.000469065415172227
26.31,0.248493102642223,-0.0164527591729518,0.0249264736505212,-0.000524356341010204
26.32,0.243304479693389,-0.0162123920435285,0.0251403826057535,-0.000574132122457738
26.33,0.238170979535454,-0.0159692764033922,0.025331683364572,-0.000619437389747395
26.34,0.233105736303445,-0.015724102446641,0.0254942230348866,-0.000661153465679624
26.35,0.228099854233855,-0.0154768337487482,0.0256227855913925,-0.000699975691848821
26.36,0.223164443654712,-0.0152281955988855,0.0257131153485081,-0.00073642384450179
26.37,0.218291415752951,-0.0149782956979631,0.0257623975715034,-0.000770848524427886
26.38,0.213490136709744,-0.0147278534686406,0.0257691806840334,-0.000803461533875874
26.39,0.208753326209347,-0.0144770594698183,0.0257333594665749,-0.000834364581298157
26.4,0.204088848153386,-0.0142265781605081,0.0256564941322339,-0.000863567968419774
26.41,0.199493271641315,-0.0139767024113912,0.0255414325428091,-0.000891012612244398
26.42,0.194964072398329,-0.0137277390202536,0.0253916061743927,-0.000916611642855266
26.43,0.190507274015921,-0.01348018874834,0.0252109813918401,-0.000940264269168625
26.44,0.186117583937355,-0.0132342113962187,0.0250040097095176,-0.000961864555180345
26.45,0.181800012795385,-0.012990180624673,0.0247750948097107,-0.000981325862431349
26.46,0.177550001906198,-0.012748203011512,0.0245285704417863,-0.000998582610988578
26.47,0.173371674053067,-0.0125085325118701,0.0242682710559799,-0.00101360463405718
26.48,0.169261132064239,-0.0122712294808663,0.0239976179200066,-0.00102639079269243
26.49,0.165221711797777,-0.0120364506870603,0.0237193165188897,-0.00103697577923118
26.5,0.161250102360191,-0.0118042285958693,0.0234355609901823,-0.00104541779490444
26.51,0.15734893245285,-0.011574651069288,0.0231478427382383,-0.00105180084771169
26.52,0.153515402124104,-0.0113477429488595,0.0228572480167903,-0.00105621976210497
26.53,0.149751504365983,-0.0111235486747537,0.0225643073137702,-0.00105878108139378
26.54,0.146054882765515,-0.0109021012881324,0.0222692977346545,-0.00105959164594626
26.55,0.142426961687423,-0.0106834204763111,0.0219722396025426,-0.00105875625003715
26.56,0.138865771123651,-0.0104675548412149,0.0216730663629602,-0.00105636979446795
26.57,0.135372232293586,-0.0102545096105124,0.0213715072608471,-0.00105252181199341
26.58,0.131944714632246,-0.0100443511982559,0.0210674043129875,-0.00104729003695945
26.59,0.128583701802865,-0.00983707448646646,0.0207606045145121,-0.00104074786600904
26.6,0.125287855103405,-0.00963275922370738,0.0204511905075085,-0.00103295783930023
26.61,0.122057268694131,-0.00943138789178282,0.0201393082519668,-0.00102397957322519
26.62,0.118890853995375,-0.00923304568531138,0.0198253395392653,-0.0010138649709321
26.63,0.115788370811514,-0.00903769891327113,0.0195097041811403,-0.001002666876751
26.64,0.112748949128636,-0.00884543090883749,0.0191930007443193,-0.000990434931925744
26.65,0.109772061485125,-0.00865618951937123,0.0188758030279833,-0.000977223605947137
26.66,0.106857023119691,-0.0084700515578743,0.0185587856276565,-0.000963087626021019
26.67,0.104003064680272,-0.0082869464896587,0.0182425403955196,-0.000948088461480124
26.68,0.101209510526441,-0.00810690441333701,0.0179277373161792,-0.000932287260988417
26.69,0.0984758367127396,-0.00792995244764721,0.0176148942097947,-0.000915752469823985
26.7,0.0958009767672774,-0.00775599769587028,0.0173043916389267,-0.000898558719459925
26.71,0.0931845874306587,-0.00758509768319936,0.0169965932739283,-0.000880779684143318
26.72,0.090625439525633,-0.00741715064199327,0.0166916958843163,-0.000862492682499293
26.73,0.0881232807218737,-0.00725221056782403,0.0163898691659432,-0.000843772249828151
26.74,0.0856767440842994,-0.00709017162762851,0.0160911420856086,-0.000824693234178695
26.75,0.0832856458114337,-0.00693108673245843,0.0157955409189425,-0.000805324876773876
26.76,0.0809485069203832,-0.0067748496845357,0.0155029843379119,-0.000785733893301572
26.77,0.07866519641916,-0.00662151362012847,0.0152134393228859,-0.000765979508793348
26.78,0.0764341478002626,-0.0064709739444574,0.0149267881312819,-0.000746116834866954
26.79,0.0742552710067796,-0.00632328417274693,0.0146429686281107,-0.000726193001567389
26.8,0.072126935474734,-0.00617834222557607,0.0143618965911779,-0.000706250054412716
26.81,0.0700490838385335,-0.00603620089632481,0.0140835618451274,-0.000686321766533487
26.82,0.0680200439189367,-0.00589676006836163,0.0138079381052755,-0.000666437756733227
26.83,0.0660397850306653,-0.0057600702455065,0.0135350715009515,-0.0006466208058078
26.84,0.0641066133035118,-0.00562603252707398,0.0132649920716215,-0.000626890727530347
26.85,0.0622205192302658,-0.00549469372570468,0.0129978031797807,-0.000607262092061388
26.86,0.0603798024580628,-0.00536595544777501,0.0127335804533158,-0.000587747867492324
26.87,0.0585844700440559,-0.00523985967625494,0.0124724544760991,-0.000568357307813261
26.88,0.0568328311000297,-0.0051163081203298,0.0122145133939765,-0.000549099220839211
26.89,0.0551249073807005,-0.00499533747439337,0.0119598813844761,-0.000529979850528044
26.9,0.0534590285539736,-0.00487684980761981,0.0117086439045986,-0.000511005771732935
26.91,0.0518352232816151,-0.00476087666209791,0.0114609070521674,-0.000492181804003752
26.92,0.0502518479788172,-0.00464732098202157,0.0112167330290754,-0.000473513470110668
26.93,0.0487089340895652,-0.00453620961193738,0.0109761972189345,-0.000455004970223763
26.94,0.0472048721849703,-0.00442744706624247,0.0107393315152737,-0.000436661302927449
26.95,0.0457392961342258,-0.00432102799996358,0.010506178500116,-0.000418486315325874
26.96,0.0443118274463608,-0.00421694349805406,0.0102767499688412,-0.000400484253845548
26.97,0.0429209186740565,-0.00411510192828003,0.0100510350831254,-0.000382659590372278
26.98,0.0415665946754524,-0.00401552088477083,0.00982904076512534,-0.000365015373195629
26.99,0.0402473551595088,-0.00391811168707773,0.00961074430127707,-0.000347555212698953
27,0.0389632188797977,-0.00382288904401772,0.00939613772845239,-0.000330281726156954
27.01,0.0377127354919962,-0.00372976741213469,0.00918521146290205,-0.000313198089806116
27.02,0.03649591566493,-0.00363875820046294,0.00897804972336776,-0.000296307504175363
27.03,0.0353113619108711,-0.00354977705126607,0.00877478027125006,-0.000279616295176157
27.04,0.0341590770556381,-0.00346283076700186,0.00857537422011326,-0.000263131876609086
27.05,0.0330377187390134,-0.00337783827951361,0.00837970393585542,-0.000246863572077404
27.06,0.0319472793398399,-0.00329480755267577,0.00818721407650986,-0.000230816786104861
27.07,0.0308864680923202,-0.00321366678336008,0.00799797031377955,-0.000214994569937761
27.08,0.0298552622003525,-0.003134424022471,0.00781181289114202,-0.000199400787893903
27.09,0.0288524218030526,-0.00305701089116954,0.00762870478299655,-0.000184038322950781
27.1,0.0278779093814148,-0.00298143433219391,0.00744858355452705,-0.000168905626895777
27.11,0.0269305375288029,-0.00290763079148522,0.00727119721091183,-0.000153998455098914
27.12,0.026010254832582,-0.00283560777154221,0.00709643286207036,-0.000139309685423601
27.13,0.025115925407686,-0.00276530466751684,0.00692459725038811,-0.000124833121455912
27.14,0.0242474845502914,-0.00269672454768166,0.00675566602498253,-0.000110562317948692
27.15,0.0234038500023237,-0.00262980444651376,0.00659065247286625,-9.64978297619546e-05
27.16,0.0225849484834262,-0.00256453352512777,0.00642889708298987,-8.26495117509811e-05
27.17,0.0217897512383169,-0.00250085773666714,0.00626976298484751,-6.90204066969962e-05
27.18,0.0210181652579609,-0.00243878034071094,0.00611272640101329,-5.56243516805069e-05
27.19,0.0202691991592312,-0.00237825514276824,0.00595774755307919,-4.24589078445992e-05
27.2,0.0195427381852458,-0.00231928775253309,0.00580460739227437,-2.95201911843897e-05
27.21,0.0188378314208331,-0.00226183429996602,0.00565370597793221,-1.68070915482544e-05
27.22,0.0181541567058483,-0.00220588033912371,0.00550583471141802,-4.31717398990835e-06
27.23,0.0174913732850079,-0.00215140882772085,0.00536046847512261,7.96290366037034e-06
27.24,0.0168486014474833,-0.00209836533571506,0.00521896761347674,2.00395791891761e-05
27.25,0.0162256980006106,-0.00204673156183711,0.00508135572961001,3.19150780115649e-05
27.26,0.0156218347148105,-0.00199644865683303,0.00494777967390589,4.35878823989789e-05
27.27,0.0150368649475947,-0.00194749424089429,0.00481821561569371,5.50538030683727e-05
27.28,0.0144700086585265,-0.00189981140069779,0.00469277716759193,6.63071902805574e-05
27.29,0.0139211166739708,-0.00185335799420695,0.00457403689531857,7.73234380242248e-05
27.3,0.0133894621800748,-0.00180808390449375,0.00445642044270383,8.81018283130855e-05
27.31,0.0128748911364989,-0.00176398584511594,0.00434103528573546,9.86270521827895e-05
27.32,0.0123767050599435,-0.00172103304625288,0.0042271141628305,0.000108899678292644
27.33,0.0118947351338781,-0.00167922995107713,0.00411366055914541,0.000118935139708928
27.34,0.0114283188726798,-0.00163855576180392,0.00400115809403149,0.000128755222843163
27.35,0.010977282971564,-0.00159901195604769,0.00388983181602222,0.000138389792958953
27.36,0.010541008865931,-0.00156057335023457,0.00378002454553045,0.000147870073234739
27.37,0.0101193292484538,-0.00152323348658404,0.00367209287051854,0.000157223848241165
27.38,0.00971167181996435,-0.00148696135361144,0.00356637101700891,0.000166473795143679
27.39,0.00931787602406597,-0.00145174277511617,0.0034631500620561,0.000175637000336269
27.4,0.00893741224950251,-0.00141754207764715,0.00336266325420429,0.000184724867540697
27.41,0.00857012495309739,-0.001384339470364,0.00326507718906667,0.000193743606831936
27.42,0.00821552252327962,-0.00135209700802338,0.00317048904368848,0.000202694812958178
27.43,0.00787345134465234,-0.00132079208082001,0.00307892873412352,0.000211576362216654
27.44,0.00754345224876918,-0.00129038708182937,0.00299037674943507,0.000220383048862065
27.45,0.00722537102047127,-0.00126085872077622,0.00290481448752845,0.000229105621962659
27.46,0.00691877645545524,-0.00123217102131522,0.00282213563374061,0.000237735021742435
27.47,0.00662351252663473,-0.00120430200263631,0.00274216961721013,0.000246263079120519
27.48,0.00633917386628724,-0.00117721973420055,0.0026647260977523,0.000254682081590261
27.49,0.00606554845769036,-0.00115090289263511,0.00258960699052093,0.000262985292755415
27.5,0.00580241723156938,-0.00112533143324609,0.00251661927513091,0.000271167437645201
27.51,0.00554940957496353,-0.00110048021841802,0.00244558582008877,0.000279224942917612
27.52,0.00530636571697585,-0.00107633484368304,0.00237635247357051,0.000287155952362826
27.53,0.00507293672274312,-0.00105287381288543,0.0023087921872112,0.000294960176765866
27.54,0.00484896265801282,-0.00103008467215481,0.00224280716093093,0.000302638644780281
27.55,0.00463411577188033,-0.00100794823444031,0.00217837489996688,0.000310195276399247
27.56,0.0044282385133938,-0.000986451887616005,0.00211553703913354,0.000317635836649445
27.57,0.00423102496246397,-0.00096557660947334,0.00205427313247483,0.000324961237623323
27.58,0.00404231852320436,-0.000945310783480358,0.00199418648248081,0.000332166355369751
27.59,0.0038618283090841,-0.000925641197985762,0.00193542761773407,0.000339249957732321
27.6,0.00368939529244106,-0.000906552694715662,0.00187846660073521,0.000346206860957739
27.61,0.00352474384408819,-0.000888025571708529,0.00182325740368362,0.000353032266356694
27.62,0.00336771545606496,-0.000870044441571921,0.00176975239235411,0.000359721385196351
27.63,0.00321804977927442,-0.000852590803092295,0.00171785300386952,0.000366270491186718
27.64,0.00307558967015442,-0.000835650900931054,0.00166743843914776,0.000372677543311613
27.65,0.0029400897366294,-0.00081920891255297,0.00161838569167561,0.000378942044995093
27.66,0.00281139535455033,-0.000803253302262186,0.00157055942551306,0.000385065463306001
27.67,0.00268927599501101,-0.000787771105382009,0.00152384561689955,0.000391050485962855
27.68,0.00257358040029043,-0.000772752765172126,0.00147815983947465,0.000396900243025723
27.69,0.00246409190410368,-0.000758187448200891,0.00143338413054643,0.000402616499131412
27.7,0.0023606613969136,-0.000744067340605617,0.00138948973435767,0.000408201513854426
27.71,0.00226308467016079,-0.000730382265083728,0.00134653941261858,0.000413661316994354
27.72,0.00217121684692589,-0.000717123600190598,0.00130449755657063,0.000418998381997095
27.73,0.00208486587927759,-0.000704281823451838,0.00126331903764964,0.000424215116512675
27.74,0.00200389013046287,-0.000691848963306911,0.00122297159418659,0.000429314617935779
27.75,0.00192810872709615,-0.000679816283352073,0.00118344041694984,0.000434300781024048
27.76,0.00185737584259904,-0.000668175819850274,0.0011447236307957,0.000439178012632156
27.77,0.00179154629356226,-0.000656919435981025,0.00110682809262923,0.000443950912455207
27.78,0.00173045603554645,-0.000646038557781298,0.00106976529779524,0.000448623931387987
27.79,0.00167397456865714,-0.000635524900994096,0.0010335489409173,0.000453201039023688
27.8,0.00162194845028285,-0.000625369787864306,0.000998185358759733,0.000457685632275657
27.81,0.00157425189687732,-0.00061556467961274,0.000963677561123546,0.000462080358853018
27.82,0.00153074104507223,-0.000606100944331083,0.000930024172739855,0.000466387157116545
27.83,0.00149129433324102,-0.00059696999530433,0.00089721950637411,0.000470607230282068
27.84,0.00145577626962279,-0.00058816397241171,0.000865102297665592,0.000474741631236196
27.85,0.00142406865527445,-0.000579675617879523,0.000833835846925925,0.000478790344687661
27.86,0.00139604289668771,-0.000571495737786055,0.000803479820768702,0.000482752327094174
27.87,0.00137158404376159,-0.000563614979946646,0.000774045026479192,0.000486626249980014
27.88,0.00135056974204595,-0.000556024528803415,0.000745495302922448,0.00049040771079903
27.89,0.00133288739626547,-0.000548715009850131,0.000717875814078029,0.000494095151312805
27.9,0.00131842027046769,-0.000541677441216831,0.000691151134035462,0.000497684775069587
27.91,0.0013070580144996,-0.000534903030031463,0.000665237885551311,0.000501171950339179
27.92,0.00129868792529386,-0.000528384396956442,0.000640045975410761,0.000504552858102272
27.93,0.0012932011605935,-0.000522114456285227,0.000615497970870375,0.000507825253467874
27.94,0.00129048919230712,-0.000516087368948335,0.000591536121735988,0.000510988707344365
27.95,0.00129044593636873,-0.000510297167795443,0.000568120768968918,0.000514044440739685
27.96,0.00129296823684566,-0.000504738827414128,0.00054522695438842,0.000516995068125692
27.97,0.00129795416320544,-0.000499406842527081,0.000522844295923279,0.000519844245489154
27.98,0.0013053069350546,-0.000494293456641443,0.00050147464610482,0.000522595065696847
27.99,0.00131492358765328,-0.000489303077406403,0.000496235911941752,0.000525116953027487
28,0.00132670401658075,-0.000484405743385737,0.000486208173993414,0.000527425063363154
28.01,0.00131330617402181,-0.00049453326037621,-0.00219504491573038,0.000359927996148934
28.02,0.00123950357704672,-0.000531452741897569,-0.00488174114813684,0.000185594386332807
28.03,0.00110218112482041,-0.000594391975708691,-0.00736929275590478,3.23718062555727e-05
28.04,0.000902419247219122,-0.000679965997178225,-0.00942094658912497,-8.86558341078803e-05
28.05,0.000644887301272767,-0.00078287099618046,-0.0108785548978901,-0.000172591764580744
28.06,0.000336585795642108,-0.000896682256779797,-0.011668208292126,-0.000219746055998192
28.07,-1.42976663237704e-05,-0.00101466172860255,-0.0117888881028117,-0.000234422350594272
28.08,-0.00039937617217678,-0.00113039559732263,-0.0113034890310237,-0.000223539342552303
28.09,-0.000810873881067486,-0.001238278516946,-0.0102882078741476,-0.000195708531442903
28.1,-0.00124211015334552,-0.00133358385880402,-0.00886111314103755,-0.000159512927363607
28.11,-0.00168755781116481,-0.00141306716321922,-0.00717918461080396,-0.000122287286968724
28.12,-0.00214296212647369,-0.00147504297308089,-0.00539702441587397,-9.00683317478857e-05
28.13,-0.00260530207566934,-0.00151928440821369,-0.00365080261259305,-6.71067809169133e-05
28.14,-0.00307264702134269,-0.00154678516359815,-0.00205018234982914,-5.57286642753824e-05
28.15,-0.00354385671452206,-0.00155946719715286,-0.000675344272824276,-5.62501459309493e-05
28.16,-0.00401833384566697,-0.00155991044680232,0.000420845048192425,-6.75479670636299e-05
28.17,-0.00449573195842845,-0.00155104138177177,0.00121836347992461,-8.71154686908782e-05
28.18,-0.00497569737896253,-0.00153581461216026,0.00172691490214142,-0.000111602694935273
28.19,-0.00545766311813711,-0.00151696314126115,0.00197790701957043,-0.000137352468422615
28.2,-0.00594075606388689,-0.00149682471057328,0.00201593686703098,-0.000160861872383848
28.21,-0.00642373352096559,-0.00147721993064088,0.00189836763697685,-0.000178984635483957
28.22,-0.00690499053593285,-0.00145937405301206,0.00168380519620049,-0.000189360970564243
28.23,-0.00738266455886105,-0.00144395314011002,0.00142734380014316,-0.000190624792371018
28.24,-0.00785475113559464,-0.00143109011470489,0.00117919391776896,-0.000182278346087559
28.25,-0.00831921556911297,-0.00142047609812865,0.000977400046671498,-0.000164809906453482
28.26,-0.00877418607902491,-0.0014114896057981,0.000850235878706506,-0.000139530904822364
28.27,-0.00921801870196415,-0.00140327656934446,0.000813574282808077,-0.000108257837036373
28.28,-0.00964943796842466,-0.00139492918006297,0.000866337515552989,-7.33013450776726e-05
28.29,-0.010067594144652,-0.0013856027007161,0.000997647776772157,-3.70508441663907e-05
28.3,-0.0104721222151012,-0.00137462035871883,0.00118760751936343,-1.87563014859658e-06
28.31,-0.0108631234010836,-0.00136151290609722,0.00141418515500507,3.02064512859712e-05
28.32,-0.0112411209620742,-0.0013460450884088,0.0016544338777505,5.75839319364742e-05
28.33,-0.0116069862736232,-0.00132819044432044,0.00188888692389218,7.91935204983648e-05
28.34,-0.0119618324664286,-0.00130809956697786,0.00210144739686354,9.44589812915224e-05
28.35,-0.0123069382719008,-0.00128606213763633,0.00228000194353073,0.000103239774942412
28.36,-0.012643655238497,-0.00126246769147595,0.00241625283469575,0.000105761017379226
28.37,-0.0129733426536811,-0.00123776274829297,0.0025067683380753,0.00010256982158611
28.38,-0.0132972853801787,-0.00121240554775807,0.00255188086674661,9.44502678995462e-05
28.39,-0.0136166502906105,-0.00118683318340372,0.00255514655945045,8.23258250655116e-05
28.4,-0.013932438632998,-0.00116143311579518,0.00252249656425207,6.71759607758048e-05
28.41,-0.0142454752679848,-0.00113652406932872,0.00246139578968705,4.99627929811551e-05
28.42,-0.0145563916322455,-0.00111234562919724,0.00238004168535716,3.157650550057e-05
28.43,-0.0148656395413242,-0.00108905454280024,0.00228663701388181,1.27972501147623e-05
28.44,-0.0151734946344861,-0.00106672874485268,0.00218874870359672,-5.72829788300383e-06
28.45,-0.0154800842391962,-0.00104537563558291,0.00209299381738793,-2.34899975640588e-05
28.46,-0.0157853965643566,-0.00102494304289151,0.00200454218387403,-4.01068584564722e-05
28.47,-0.0160893198460421,-0.00100534018735257,0.00192638392376157,-5.53565739701976e-05
28.48,-0.016391662779629,-0.000986452756214956,0.00186049019542055,-6.91249618046792e-05
28.49,-0.0166921818301535,-0.000968149906094716,0.00180808113984303,-8.13708131510331e-05
28.5,-0.0169905945719266,-0.000950297967691671,0.00176874014794128,-9.2141329154566e-05
28.51,-0.0172866141517893,-0.000932777817249278,0.00173998049794731,-0.00010158500271178
28.52,-0.0175799720711174,-0.000915495443670776,0.00172017574927047,-0.000109864652142234
28.53,-0.0178704122648883,-0.000898364563939167,0.0017085493965102,-0.00011708186147041
28.54,-0.0181576868113895,-0.000881319106897756,0.00170177766909438,-0.000123378764498001
28.55,-0.0184415831744973,-0.000864332504153019,0.0016961483628611,-0.000128893908929677
28.56,-0.0187219111517196,-0.000847406290431265,0.0016895806034107,-0.000133698458534264
28.57,-0.0189984984201184,-0.000830554429754681,0.00168139805997824,-0.000137807437697157
28.58,-0.0192711740952616,-0.000813795886213844,0.00167097427399025,-0.000141217930643662
28.59,-0.0195397793023062,-0.00079715742551323,0.00165770334994775,-0.00014394194074072
28.6,-0.0198041612605904,-0.000780664784893577,0.00164215134962951,-0.000145960813866308
28.61,-0.0200641690003502,-0.000764337726549797,0.00162481300541759,-0.000147275369603036
28.62,-0.0203196627750533,-0.000748192744309012,0.00160597318600932,-0.00014790377484005
28.63,-0.0205705103121518,-0.000732242097523895,0.00158608790575379,-0.000147864721824813
28.64,-0.0208165906791464,-0.000716494717645253,0.00156546387600082,-0.000147183145782282
28.65,-0.0210577917991905,-0.000700955884750794,0.00154446346095367,-0.000145894694110079
28.66,-0.0212940164413604,-0.00068562740845001,0.0015234563647376,-0.0001440452717676
28.67,-0.0215251807511807,-0.00067050727046793,0.00150279237953658,-0.000141695758164403
28.68,-0.0217512210631909,-0.000655590754896123,0.00148268574065068,-0.000138919218356771
28.69,-0.0219720922766502,-0.000640871546030846,0.00146326218009024,-0.00013579564134392
28.7,-0.022187772222523,-0.000626342539270454,0.00144454901257911,-0.000132408546615054
28.71,-0.0223982588631335,-0.000611996946589206,0.00142648316020207,-0.000128841718223632
28.72,-0.0226035730548393,-0.000597828950787549,0.00140893361468177,-0.00012517630679226
28.73,-0.0228037549419264,-0.00058383428225094,0.00139173649762232,-0.000121488970769135
28.74,-0.0229988653615125,-0.000570010580909647,0.00137467355708545,-0.000117848382037235
28.75,-0.0231889818187083,-0.000556358349505264,0.00135731213637024,-0.000114322167839494
28.76,-0.0233742058310362,-0.000542883992298616,0.00133928559242815,-0.000110985766628952
28.77,-0.0235546485541009,-0.000529588808594483,0.0013214672741949,-0.00010784588029012
28.78,-0.0237304289844307,-0.000516474163839727,0.0013030754675782,-0.000104950046857624
28.79,-0.0239016781626047,-0.000503549129297418,0.00128363050728378,-0.000102324024075441
28.8,-0.0240685330044075,-0.000490824518113962,0.00126311730430192,-9.99655037091658e-05
28.81,-0.0242311292843542,-0.000478310286165754,0.00124168522967778,-9.78589107385699e-05
28.82,-0.0243896002912267,-0.000466014546113705,0.00121952643788763,-9.59811462786282e-05
28.83,-0.0245440727692463,-0.0004539431807044,0.001196914758818,-9.43035712230011e-05
28.84,-0.024694667309479,-0.00044209931734681,0.00117407991995992,-9.27990669840248e-05
28.85,-0.0248414968339423,-0.000430484229128815,0.0011511933347917,-9.14421271134466e-05
28.86,-0.0249846678588099,-0.000419097611676336,0.00112839458564947,-9.02096145755547e-05
28.87,-0.0251242805803846,-0.000407938388701914,0.00110570819114954,-8.90815537300484e-05
28.88,-0.0252604287231408,-0.000397005394750141,0.00108315346602041,-8.80392805518754e-05
28.89,-0.0253932016426148,-0.000386296270378473,0.00106092852063966,-8.70687878290675e-05
28.9,-0.0255226825069776,-0.000375807460359124,0.00103905423502625,-8.6151351081471e-05
28.91,-0.0256489484630871,-0.000365535127534582,0.00101759548901256,-8.5267615538029e-05
28.92,-0.0257720695821346,-0.000355475123374155,0.000996544413674691,-8.43988743335176e-05
28.93,-0.0258921103180949,-0.000345623511878392,0.000975873200014258,-8.35290745549372e-05
28.94,-0.0260091295389957,-0.000335976660696775,0.000955553991859616,-8.26449979758601e-05
28.95,-0.0261231821343531,-0.000326531164013505,0.000935566220501714,-8.17358641981148e-05
28.96,-0.0262343189612277,-0.00031728378487311,0.000915898439446567,-8.07929954246423e-05
28.97,-0.0263425881209898,-0.000308231339686017,0.00089654792332771,-7.98096353082249e-05
28.98,-0.0264480348493645,-0.000299370640462385,0.000877519176523286,-7.87808560549877e-05
28.99,-0.0265507025967677,-0.000290698414446655,0.00085882198361537,-7.77034992208553e-05
29,-0.0266506329349072,-0.000282211279682061,0.000840469168369089,-7.65761109444634e-05
29.01,-0.0267478664899663,-0.000273905713149907,0.000822474342881742,-7.53988500129465e-05
29.02,-0.0268424425835114,-0.000265777872769313,0.000804883378121762,-7.41713971408273e-05
29.03,-0.0269344001572973,-0.000257824008623054,0.000787643140374834,-7.28982754542392e-05
29.04,-0.0270237780228317,-0.000250040491583334,0.000770779776517076,-7.15826160398923e-05
29.05,-0.0271106150389668,-0.000242423449218942,0.000754309240286042,-7.02287357583001e-05
29.06,-0.0271949501210837,-0.000234968934695708,0.000738233023443172,-6.88421228626372e-05
29.07,-0.027276822799629,-0.000227673046263866,0.000722542102740063,-6.74290373912846e-05
29.08,-0.0273562731284489,-0.000220532010956615,0.00070722145742668,-6.59961656934796e-05
29.09,-0.0274333420444011,-0.000213542235084682,0.000692250594529336,-6.45503236675214e-05
29.1,-0.0275080711955402,-0.000206700334957184,0.000677608781055064,-6.30982274433099e-05
29.11,-0.0275805031429464,-0.000200003144171673,0.000663273538411777,-6.16463158407567e-05
29.12,-0.0276506811413979,-0.000193447720766409,0.000649222558467612,-6.02006053665621e-05
29.13,-0.0277186492100032,-0.000187031341646454,0.000635434493723509,-5.87665837537166e-05
29.14,-0.0277844519627228,-0.000180751485881093,0.000621890896888428,-5.73491518154326e-05
29.15,-0.0278481344020438,-0.000174605692245953,0.000608591564318786,-5.59519051540389e-05
29.16,-0.027909741337087,-0.000168591831143766,0.000595483214700639,-5.45752828898327e-05
29.17,-0.0279693168981199,-0.000162708131121792,0.000582533963432853,-5.32192540533238e-05
29.18,-0.0280269050300666,-0.000156953113150918,0.000569735311841087,-5.18858806922941e-05
29.19,-0.0280825498272028,-0.000151325270089125,0.000557087108806245,-5.05778816675531e-05
29.2,-0.0281362956478723,-0.000145822977754235,0.000544613269274882,-4.92979330577793e-05
29.21,-0.0281881868838703,-0.000140444335885289,0.000532341654053124,-4.80479860424477e-05
29.22,-0.0282382677152233,-0.000135187185831422,0.000520296516058651,-4.68293406890085e-05
29.23,-0.0282865818994154,-0.00013004916077768,0.00050849430547136,-4.56429349570866e-05
29.24,-0.0283331726666134,-0.000125027786127709,0.000496942735624097,-4.44895080302089e-05
29.25,-0.0283780827453723,-0.000120120615776668,0.000485613087030217,-4.33709824252908e-05
29.26,-0.0284213554461772,-0.000115325826246811,0.000474471483103687,-4.22924809957304e-05
29.27,-0.0284630331687854,-0.000110640502789044,0.000463693674560697,-4.1248742720506e-05
29.28,-0.0285031568342342,-0.000106061441301369,0.000453167445748098,-4.02427270367892e-05
29.29,-0.0285417675859865,-0.000101586699245071,0.000442805957430718,-3.92762120489788e-05
29.3,-0.0285789058474117,-9.72148065194608e-05,0.000432586095526782,-3.83470830248597e-05
29.31,-0.0286146107382717,-9.29442816171925e-05,0.000422520268760942,-3.7451628745905e-05
29.32,-0.0286489198010464,-8.87735006915913e-05,0.000412623803034822,-3.65858598346255e-05
29.33,-0.0286818690153892,-8.4700699887318e-05,0.000402908615418752,-3.57459718240299e-05
29.34,-0.0287134928033543,-8.07240118061672e-05,0.000393384254727447,-3.49285646269648e-05
29.35,-0.0287438241871651,-7.68414917783062e-05,0.000384056588095993,-3.41307080700937e-05
29.36,-0.0287728948446517,-7.30511537149265e-05,0.000374928983996596,-3.33499377357739e-05
29.37,-0.0288007352869109,-6.93509865564369e-05,0.000366002713494124,-3.25842260717078e-05
29.38,-0.0288273749061965,-6.57389793844653e-05,0.00035727735656018,-3.18319414890597e-05
29.39,-0.0288528421456675,-6.22131301657558e-05,0.000348751122051813,-3.10918058676889e-05
29.4,-0.0288771645372057,-5.87714633884563e-05,0.000340421127767234,-3.03628526568149e-05
29.41,-0.0289003688137104,-5.54120373749141e-05,0.000332283520693017,-2.96443859213723e-05
29.42,-0.0289224810146047,-5.21329518517788e-05,0.000324334055093965,-2.89359411471008e-05
29.43,-0.0289435264984013,-4.89323563448148e-05,0.00031656454334274,-2.82373145829672e-05
29.44,-0.0289635302070126,-4.58085125712233e-05,0.000308969285001293,-2.75493017569784e-05
29.45,-0.0289825168215767,-4.27596465519701e-05,0.000301552097838276,-2.68730843380761e-05
29.46,-0.0290005107732982,-3.97839445890368e-05,0.000294316479408036,-2.62092044350149e-05
29.47,-0.0290175359700502,-3.68796270407354e-05,0.000287258558778216,-2.5557622892902e-05
29.48,-0.0290336157770961,-3.40449390833506e-05,0.000280371559275675,-2.49180278120189e-05
29.49,-0.0290487729484905,-3.12782388935379e-05,0.000273643598163607,-2.42901682361431e-05
29.5,-0.0290630297385581,-2.85779771632789e-05,0.000267072460565583,-2.36735702155174e-05
29.51,-0.0290764074622674,-2.5942460160753e-05,0.000260671329139163,-2.30660210951609e-05
29.52,-0.0290889268614549,-2.33703426747146e-05,0.00025437067175232,-2.24686238673425e-05
29.53,-0.029100608652965,-2.08607597593303e-05,0.000248166857902252,-2.1881576513595e-05
29.54,-0.0291114729215858,-1.84124394960056e-05,0.000242107695568955,-2.13033831390886e-05
29.55,-0.0291215391957591,-1.60238675751118e-05,0.000236201376210151,-2.07344042162952e-05
29.56,-0.0291308268161901,-1.36935660202491e-05,0.000230437013744716,-2.01757421388216e-05
29.57,-0.0291393549950607,-1.14202037082233e-05,0.000224799009251374,-1.96285811269344e-05
29.58,-0.0291471428831791,-9.20258357498348e-06,0.000219275885200566,-1.90938525896737e-05
29.59,-0.0291542094553181,-7.03959870907055e-06,0.000213861004505173,-1.8572147990953e-05
29.6,-0.029160573502371,-4.9301827340862e-06,0.000208551725790178,-1.80637679017984e-05
29.61,-0.0291662535164416,-2.87328434385919e-06,0.00020334756003801,-1.75688112682701e-05
29.62,-0.0291712677082581,-8.67849973883174e-07,0.000198248819651703,-1.70872500453559e-05
29.63,-0.0291756339192597,1.08718619449456e-06,0.000193258896598741,-1.66188938757391e-05
29.64,-0.0291793695694116,2.99291790901123e-06,0.000188376188077729,-1.61630345484484e-05
29.65,-0.0291824915234811,4.85040059871077e-06,0.000183598311584007,-1.57188307227796e-05
29.66,-0.0291850161389036,6.66066014479726e-06,0.000178921358214103,-1.52854523419789e-05
29.67,-0.0291869592643152,8.42467546099968e-06,0.000174338574115532,-1.48622749920902e-05
29.68,-0.0291883363874739,1.01433594205609e-05,0.000169847732901655,-1.44492760928491e-05
29.69,-0.0291891627791321,1.18176479952499e-05,0.0001654506335477,-1.40466858263795e-05
29.7,-0.0291894534782022,1.3448497587483e-05,0.000161151442590743,-1.36547752371977e-05
29.71,-0.0291892233106559,1.50369131743294e-05,0.000156954432276411,-1.32736884582361e-05
29.72,-0.0291884868004066,1.65839300058385e-05,0.000152861741879697,-1.29034410681879e-05
29.73,-0.0291872581817678,1.80905924992855e-05,0.000148873126307698,-1.25439757761875e-05
29.74,-0.0291855513478492,1.95579292323211e-05,0.000144985604513994,-1.21952148125015e-05
29.75,-0.0291833800048105,2.09868637002005e-05,0.000141183235218516,-1.1857886675805e-05
29.76,-0.0291807576806749,2.23782963144207e-05,0.000137477682594588,-1.15318216390502e-05
29.77,-0.0291776975903408,2.37332215613517e-05,0.00013387312722905,-1.12169137235367e-05
29.78,-0.0291742125593251,2.50526343003981e-05,0.000130360470560812,-1.09128718962748e-05
29.79,-0.0291703152100711,2.63372964400457e-05,0.00012691499708896,-1.06198551149059e-05
29.8,-0.0291660178310291,2.75878505112347e-05,0.000123533228190396,-1.03370237442801e-05
29.81,-0.0291613322655939,2.88049476867982e-05,0.000120217953854581,-1.00632492746703e-05
29.82,-0.0291562698464389,2.99892747455669e-05,0.000116973135211902,-9.79740134754448e-06
29.83,-0.0291508414370449,3.11415534985745e-05,0.000113801614523272,-9.53847093568499e-06
29.84,-0.0291450574351702,3.22625264748785e-05,0.000110704962870696,-9.28561550881201e-06
29.85,-0.0291389278432437,3.33529459622834e-05,0.000107683587349052,-9.03816408870308e-06
29.86,-0.0291324622845579,3.44135623138393e-05,0.000104736984327449,-8.79560195849802e-06
29.87,-0.0291256700678311,3.54451176550973e-05,0.00010186397115537,-8.55754852846816e-06
29.88,-0.0291185601986346,3.64483387858938e-05,9.90628788869694e-05,-8.32373452167812e-06
29.89,-0.0291111414337362,3.74239330517371e-05,9.63311950000598e-05,-8.09397865090155e-06
29.9,-0.0291034222848747,3.83725852846806e-05,9.36678336323182e-05,-7.86817370629896e-06
29.91,-0.0290954110629196,3.92949653234185e-05,9.10699609474139e-05,-7.64626758208947e-06
29.92,-0.0290871158745736,4.01917158604043e-05,8.85354186315336e-05,-7.4282492923188e-06
29.93,-0.0290785446588355,4.10634581945147e-05,8.60620173328778e-05,-7.21414052230154e-06
29.94,-0.0290697051826312,4.19107922892453e-05,8.36477111469256e-05,-7.00398457769476e-06
29.95,-0.0290606050588949,4.27342984160689e-05,8.12906038732793e-05,-6.79783923721804e-06
29.96,-0.0290512517344457,4.35345593949023e-05,7.89942464785912e-05,-6.59549306827383e-06
29.97,-0.0290416523853736,4.43121816557534e-05,7.67547739285408e-05,-6.39671157265577e-06
29.98,-0.029031814042952,4.50676765288018e-05,7.45637337678127e-05,-6.20150709652688e-06
29.99,-0.0290217435786939,4.58015010828257e-05,7.24159215440558e-05,-6.00992904253561e-06
30,-0.0294791456444132,-0.00344248363395323,7.03196833864191e-05,-5.82186477357829e-06
30.01,-0.0301088272390722,-0.00579190699367902,-0.00594522758805992,-0.000432638258389851
30.02,-0.0310986836800842,-0.00816437212769063,-0.0108845095439451,-0.000826215332496527
30.03,-0.0324121217734534,-0.0105746257274891,-0.0118889441380145,-0.00100733378026145
30.04,-0.0340005020195724,-0.0129222526051976,-0.00772105014246298,-0.000948125675975403
30.05,-0.035879594516194,-0.0152664176676777,0.00186510913824778,-0.000682199556325059
30.06,-0.0381038527881943,-0.0175078410337899,0.0161028567554762,-0.000290597731937042
30.07,-0.0407563709364922,-0.0197520926409571,0.0337149301263061,0.000131894339601657
30.08,-0.0439492627507647,-0.0218870461594064,0.0531709852804968,0.000495234645246648
30.09,-0.0478017075275545,-0.0240611168062471,0.07325170622425,0.000741661386817033
30.1,-0.0524449009053205,-0.026137535461816,0.0930001593586813,0.000836909086059518
30.11,-0.0579698879826838,-0.0282891804170729,0.111672095208142,0.000776280616307349
30.12,-0.0644898790722497,-0.0303429964182332,0.128997725211283,0.000567584269511256
30.13,-0.0720314714804182,-0.0324892153968977,0.144924391383078,0.000233070296684054
30.14,-0.0806983388693396,-0.034517893124763,0.159322088573253,-0.000203968588705083
30.15,-0.0904440139690053,-0.0366414327230408,0.172309871757358,-0.000711884802351444
30.16,-0.101389627675577,-0.0386171839181874,0.184152982939753,-0.00126835695659052
30.17,-0.113408892494594,-0.0406794239172733,0.195127454174662,-0.00185050768135929
30.18,-0.126670526284631,-0.0425564311478655,0.20531189480947,-0.00244710755752976
30.19,-0.14096104560776,-0.0445081479877605,0.214868613181624,-0.00304803495879373
30.2,-0.156525466515555,-0.0462382719837799,0.223793058848318,-0.00365225443814813
30.21,-0.173049608442504,-0.0480337676295057,0.232124874431551,-0.00425720846925876
30.22,-0.190876782374531,-0.0495756759874563,0.239852394955927,-0.00486460554500272
30.23,-0.209572467686746,-0.0511770835754814,0.246996459743177,-0.00547409317897161
30.24,-0.229596904159127,-0.0524971416866792,0.253516075688072,-0.00608800966715196
30.25,-0.250375716632089,-0.0538741252748197,0.25943096751783,-0.00670646570083127
30.26,-0.272504729814052,-0.054945962788818,0.264715204756118,-0.00733121560438894
30.27,-0.295252259080401,-0.0560750454020106,0.269382813263818,-0.0079631791155382
30.28,-0.319368773665667,-0.0568794088693936,0.273366522435475,-0.0086049393535937
30.29,-0.343951117610095,-0.0577460226322981,0.276567480777826,-0.0092576621238681
30.3,-0.369374077659994,-0.0584831591141601,0.278943894412699,-0.00991927355086603
30.31,-0.396197414330001,-0.0588785840513929,0.28049692490128,-0.0105854506620375
30.32,-0.423232195652651,-0.0593539987389414,0.281278343274813,-0.0112517011020432
30.33,-0.451687056350025,-0.0594807109451047,0.281409991522401,-0.0119125208762032
30.34,-0.480166440517026,-0.0596989794759698,0.280937149536097,-0.0125636383222924
30.35,-0.510087052741597,-0.0595621451734248,0.27993912530547,-0.0132002747272627
30.36,-0.539839719381611,-0.0595285239504511,0.278465527786314,-0.0138186009486209
30.37,-0.570138231917456,-0.0593739014068096,0.276555398757595,-0.0144149217445664
30.38,-0.601923048371432,-0.0588567528297218,0.27421242175209,-0.01498712893479
30.39,-0.633250330695499,-0.0584624755185146,0.271432967443949,-0.0155343693280779
30.4,-0.665006595095175,-0.0579550798435532,0.268253795795199,-0.0160537417657437
30.41,-0.698315470701048,-0.0570826658632548,0.264705108682003,-0.0165423531911938
30.42,-0.730884203736364,-0.0563541256674876,0.260829985593816,-0.0169979985783307
30.43,-0.765069662742765,-0.0552698946655418,0.25334987534381,-0.0175594996760715
30.44,-0.798433789922182,-0.0544178949117508,0.239101039337198,-0.0184279455188357
30.45,-0.832214283367875,-0.0535718357341631,0.223802898183615,-0.0191975572251134
30.46,-0.867848900312162,-0.0524669218635294,0.208265001319281,-0.0198015099966634
30.47,-0.902435856031955,-0.0516419045633092,0.192647886260329,-0.0202370797389787
30.48,-0.937349966948412,-0.050830791022033,0.177112664106168,-0.0205105933235309
30.49,-0.97421884621832,-0.0497554648070158,0.161824838074362,-0.0206310453908777
30.5,-1.00977486700021,-0.0489652019722555,0.146933101741811,-0.0206063975990373
30.51,-1.04558814320586,-0.0481818450507969,0.132571806775419,-0.0204457159964756
30.52,-1.08348197866592,-0.0471177055659961,0.118849275464494,-0.0201589184220653
30.53,-1.11981881093504,-0.0463301384258084,0.105853748333196,-0.0197569349310443
30.54,-1.15636376389751,-0.0455318945998248,0.093673981641114,-0.0192518966860611
30.55,-1.19310490187413,-0.0447152833622857,0.0823994429525363,-0.0186560997392035
30.56,-1.23212498519462,-0.0435838890189219,0.0721094236316929,-0.0179819124041536
30.57,-1.26929059640428,-0.0427027360232489,0.0628537555142218,-0.0172411815138825
30.58,-1.30662052860677,-0.0417742712764768,0.0552361033108547,-0.0164635381794052
30.59,-1.34639671478982,-0.0404790158553067,0.0513626863177909,-0.0157690682458501
30.6,-1.38410843968048,-0.0393698115832725,0.0487107831847382,-0.0150823160730346
30.61,-1.42193454744054,-0.0381513602229493,0.0464908295280341,-0.0143807065768703
30.62,-1.46228583528108,-0.0365305296568593,0.0446735484419185,-0.013665216679223
30.63,-1.50021754164395,-0.0350772460438956,0.043275145684012,-0.0129406247591339
30.64,-1.5380295614062,-0.0334965685297704,0.0423139774607622,-0.0122123923995929
30.65,-1.57557507990264,-0.0317799530783103,0.0418118051543895,-0.0114862658167446
30.66,-1.61535564695522,-0.0296335430395836,0.0417848685330665,-0.010768055063417
30.67,-1.65177235343776,-0.027615500546162,0.042243627378668,-0.0100635674452067
30.68,-1.68719001041125,-0.0254308288984535,0.0431957005068471,-0.00937808370102166
30.69,-1.72416892473533,-0.0227928349012939,0.0446283294599066,-0.00871726458141115
30.7,-1.75674248411123,-0.0202524935473657,0.046519423845085,-0.00808636588494499
30.71,-1.78743237262999,-0.0175267908046618,0.0488408119676209,-0.0074898745179897
30.72,-1.81895260047491,-0.0143459728533593,0.0515560698206516,-0.00693138268725567
30.73,-1.84517070063588,-0.0112554307419984,0.0546348046131795,-0.00641403524002099
30.74,-1.86883855255831,-0.00798925197586994,0.0579956895289958,-0.00594145541367084
30.75,-1.89284772908753,-0.00429721745233863,0.0615861460355229,-0.0055149908495692
30.76,-1.91108432437617,-0.000715274647921205,0.0653662060468931,-0.00513425527996412
30.77,-1.92956199571546,0.00325615335695016,0.0692858392360254,-0.00479874717530321
30.78,-1.93507595422585,0.00616820434333848,0.073292134394884,-0.00450798895011412
30.79,-1.935422669597,0.00894695139247707,0.0773303805729394,-0.004261287760803
30.8,-1.936697237523,0.0120674452544228,0.0813529505377626,-0.00405749451111839
30.81,-1.93603882119359,0.0152756436488562,0.0853181698090111,-0.00389519070211912
30.82,-1.93074595419374,0.018342976753364,0.0892531391170512,-0.00376948547933474
30.83,-1.92675620457705,0.0217042492372842,0.093199719799527,-0.00367529424666638
30.84,-1.92135937863266,0.0251240002080392,0.097144712220506,-0.00361106317711263
30.85,-1.91202959529201,0.0283926801249034,0.101080040109857,-0.00357522020816387
30.86,-1.90434741243647,0.0319484832478451,0.113709943409733,-0.00319535660539403
30.87,-1.8955745443824,0.0356511390797934,0.129996792812718,-0.0026486839069938
30.88,-1.88578298228707,0.0395063567489848,0.146632176486968,-0.00221648489927843
30.89,-1.87255921062085,0.0433322161946035,0.162634801881622,-0.00195959622838705
30.9,-1.86097457402083,0.0474654848030957,0.176001645180427,-0.0019546824884971
30.91,-1.84855438611189,0.0516774278176062,0.183377672191988,-0.0023320855288773
30.92,-1.83309032031035,0.05572321994036,0.180651628283029,-0.00324969745342882
30.93,-1.81938806626096,0.0598039906938679,0.16505242627865,-0.0047361056859158
30.94,-1.80522607746606,0.0636245614357148,0.136969394111623,-0.00663683840708507
30.95,-1.78858281782969,0.0669332370623367,0.0995379536952871,-0.00866594488888179
30.96,-1.77384622554969,0.069948054353235,0.0570354545671329,-0.0105299338313215
30.97,-1.75884367677964,0.0724906315805251,0.0130105497889333,-0.0120347362276901
30.98,-1.74160303229778,0.0744329884636778,-0.0302951320016723,-0.0130619268523807
30.99,-1.72607127652626,0.0760389535559557,-0.0725837522621835,-0.013489879075231
31,-1.71018814348317,0.0772106504570405,-0.109624844121531,-0.0133649303776711
31.01,-1.69212130870384,0.0778988794434573,-0.139784446310847,-0.0127305316562425
31.02,-1.67548045271246,0.0784040752863704,-0.162450475486769,-0.0116642217888519
31.03,-1.65838618188036,0.0786839696900442,-0.17783663110425,-0.0102748387111043
31.04,-1.63919317247282,0.0787091682031169,-0.186791708546025,-0.00868669530268478
31.05,-1.62121489979405,0.0787374323431909,-0.19051497221466,-0.00701988491700886
31.06,-1.60278218254299,0.0787114525577673,-0.190307450399844,-0.0053763626164065
31.07,-1.58245543130618,0.0785778615842929,-0.187528563283733,-0.00383961449752124
31.08,-1.56326331073827,0.0785294452356747,-0.183478565480795,-0.00247195443623817
31.09,-1.5423690772563,0.0784057721577517,-0.179278320159547,-0.00131122787151933
31.1,-1.52260391447143,0.0783617968812209,-0.175853465851874,-0.000373963265284045
31.11,-1.50260850155974,0.0783046641011616,-0.173825377680617,0.000345514545819049
31.12,-1.48122793574052,0.0781521103895873,-0.173525939305608,0.000869259665016059
31.13,-1.46098409924278,0.0780226426147409,-0.17500428537463,0.00123145125383175
31.14,-1.43955043682785,0.0777700780300542,-0.178029813782646,0.00147521467438958
31.15,-1.41923631670757,0.0775034652786824,-0.182253755859649,0.00164288713599204
31.16,-1.39891187102333,0.0771502276966715,-0.187234934569563,0.00177367176442324
31.17,-1.37763194635551,0.0766553661636061,-0.192529323665311,0.00189938905202529
31.18,-1.35739827970311,0.0761212623362068,-0.197724972391769,0.00204305667752305
31.19,-1.33633163163723,0.0754537555648439,-0.202427109492074,0.00222125489063316
31.2,-1.31624177066398,0.0747509795232247,-0.206331288732835,0.00244210568730679
31.21,-1.29542551346872,0.0739361686097637,-0.209219861121664,0.00270660210736397
31.22,-1.27551122483116,0.0731005785814614,-0.210979960813444,0.00300969150303856
31.23,-1.25567429140396,0.0722141200169407,-0.211579168567601,0.0033419644421474
31.24,-1.23526172327667,0.0712568454774399,-0.211069278175666,0.00369077098729468
31.25,-1.21565118263899,0.0703042161415331,-0.209570562521487,0.00404217343129762
31.26,-1.19556988453155,0.0693045488315653,-0.207247439002546,0.00438224784105895
31.27,-1.17624065420303,0.0683208120376949,-0.204294303724216,0.0046982565510133
31.28,-1.15655500235114,0.0673062516424329,-0.200909394994783,0.00497986535577786
31.29,-1.13758855979127,0.0663114660314814,-0.197277106209364,0.00521988438917031
31.3,-1.11838414206419,0.0652942219023362,-0.193562217368108,0.00541468972770475
31.31,-1.09987268265614,0.0642942935747645,-0.189895963446057,0.00556386191307425
31.32,-1.08123575747359,0.0632744089151748,-0.186365166641119,0.00566975183465692
31.33,-1.06326736869709,0.0622656575137596,-0.183014318487244,0.00573681697540991
31.34,-1.045585044833,0.0612490899130636,-0.179853442823736,0.00577095834089016
31.35,-1.0279263775179,0.0602122561909326,-0.176859637642384,0.00577884522323393
31.36,-1.01089483458105,0.0591771977840411,-0.17398771846256,0.00576712727278322
31.37,-0.993966709590824,0.0581227831709084,-0.171180996108517,0.00574171623723621
31.38,-0.97763074183792,0.0570669274928052,-0.16837317942256,0.00570776577938495
31.39,-0.961461042191821,0.0559951208722196,-0.165503025215365,0.0056691747016498
31.4,-0.945842432981355,0.0549218773570725,-0.162512724335065,0.00562885118690023
31.41,-0.93043606899518,0.0538385556545226,-0.159358313810754,0.00558847511003417
31.42,-0.915534076548018,0.0527565177156442,-0.156005989712975,0.00554866330585549
31.43,-0.900874286248955,0.0516727606443608,-0.152272874608285,0.00551478670383411
31.44,-0.886666175051088,0.0505965624876613,-0.148296773835372,0.00548327651052977
31.45,-0.87271633565615,0.0495276468753721,-0.14414916112077,0.0054453234441053
31.46,-0.859168794474749,0.0484703560383605,-0.139880999423471,0.00539813223108479
31.47,-0.845891043847278,0.047426475246171,-0.135537543994752,0.00533970809740221
31.48,-0.832969223646558,0.046396909949769,-0.131157978181841,0.00526886475870078
31.49,-0.820321561472927,0.0453852740775526,-0.126781358772492,0.00518479741882304
31.5,-0.807985864607757,0.0443895792252811,-0.122437195368678,0.00508751936092771
31.51,-0.795925174789859,0.04341487723048,-0.11815368442341,0.00497750413439407
31.52,-0.784137914846762,0.042456836570424,-0.113947984265698,0.00485584249316335
31.53,-0.772624670312635,0.0415216220291658,-0.109898936583449,0.00472770628021737
31.54,-0.761349998562443,0.0406006293313272,-0.106282391597315,0.00460284322868429
31.55,-0.750346196321505,0.0396997996186652,-0.102760641228615,0.00447204435899775
31.56,-0.739555744756821,0.0388121941409854,-0.0992761948610309,0.00433592891661642
31.57,-0.729038587481337,0.037946937716847,-0.0957891693993791,0.00419704190799655
31.58,-0.718715820026766,0.0370968475611637,-0.09228382591589,0.00405728239946387
31.59,-0.708619510418755,0.0362673814999242,-0.0887631285556919,0.00391730448003267
31.6,-0.698798512134889,0.0354643510721029,-0.0852376948259756,0.00377693746380276
31.61,-0.689150149146734,0.0346795139666812,-0.0817256814007988,0.00363571685300165
31.62,-0.679777446641948,0.0339228347239017,-0.0782595616635959,0.00349281166077174
31.63,-0.670566279681537,0.0331851694409837,-0.0748673390531524,0.00334778828978191
31.64,-0.661629807173801,0.0324759682148134,-0.0715781768830052,0.00320014729199333
31.65,-0.652845000092201,0.0317854003130492,-0.068414578933768,0.00304993123401807
31.66,-0.644331249241828,0.0311223757673549,-0.0653989055335125,0.00289748995734347
31.67,-0.635959114912886,0.0304766713699518,-0.0625419834254882,0.00274368638934063
31.68,-0.627851457588363,0.0298567624061054,-0.0598491520752479,0.0025893752087222
31.69,-0.619874892252712,0.0292524613825011,-0.0573159085292457,0.00243572913096997
31.7,-0.612153349313699,0.0286720078702627,-0.0549375517065304,0.00228392924797245
31.71,-0.604551535127451,0.0281055395714249,-0.0527026154846238,0.00213538653171729
31.72,-0.59719287276036,0.0275611256940888,-0.0505990731548979,0.00199116530962867
31.73,-0.589942511031632,0.0270294162081606,-0.0486105933009413,0.00185226196756477
31.74,-0.58292243418901,0.0265183305448862,-0.0467233784870956,0.00171934073654546
31.75,-0.575999982800475,0.0260191045896683,-0.044923062418796,0.0015929824085596
31.76,-0.569294716618327,0.0255394364792806,-0.0431995704120632,0.00147335642234039
31.77,-0.562677377464361,0.0250711145508529,-0.0415425073284774,0.00136043534706328
31.78,-0.55626440594553,0.0246215127199913,-0.0399467680423278,0.00125389874665851
31.79,-0.549930899967769,0.024182898643982,-0.0384077155826845,0.00115336801819945
31.8,-0.543789599267662,0.0237622036489871,-0.0369259099985373,0.00105827872875738
31.81,-0.537720561244253,0.023352077076715,-0.0355025093558183,0.000968146797000345
31.82,-0.531832260787054,0.0229589110219641,-0.0341409224123859,0.000882393296802195
31.83,-0.526010100096672,0.0225756878541531,-0.032842875404461,0.000800543284898916
31.84,-0.520357951363408,0.0222082552219896,-0.0316113102594411,0.000722133591196743
31.85,-0.514766670001437,0.0218499439502663,-0.030447214909932,0.000646863086629673
31.86,-0.509285739020809,0.0215033078321653,-0.0293515999736077,0.000574475215872688
31.87,-0.503959274874799,0.0211704427361208,-0.0283234165946096,0.000504842577099192
31.88,-0.498686378170104,0.0208452991571642,-0.0273601395722444,0.000437952642510603
31.89,-0.493557701028861,0.0205325852659777,-0.0264597827794249,0.000373774916515432
31.9,-0.488477946677451,0.0202266894245016,-0.025618302575097,0.000312345128514459
31.91,-0.483532349955945,0.0199319771678695,-0.024831707999288,0.000253648014830819
31.92,-0.478631324068845,0.0196432971690629,-0.0240948791039541,0.000197688186977831
31.93,-0.473854817562273,0.0193647167506509,-0.0234031369911558,0.000144430921342676
31.94,-0.469119021648281,0.0190915214746259,-0.0227565674132797,9.3647121084422e-05
31.95,-0.464498886887659,0.0188273894759607,-0.0221607041249402,4.49198995011822e-05
31.96,-0.459916499391515,0.0185678881186914,-0.0216137044546136,-1.75040561611661e-06
31.97,-0.455441881138958,0.0183164075959712,-0.0210998461382919,-4.57405123964217e-05
31.98,-0.451002476530071,0.0180691110560421,-0.0206054021656858,-8.66537460995251e-05
31.99,-0.446663333539815,0.0178292984994816,-0.0201242971581138,-0.000124654555102172
32,-0.442357238445734,0.017593591542649,-0.0196499715084414,-0.000159894537282322
32.01,-0.438144610344986,0.0173650861855881,-0.0191798001314661,-0.000192700827987203
32.02,-0.43396340747702,0.0171407527335701,-0.0187141984926405,-0.000223496573185742
32.03,-0.429869675476619,0.0169233751214518,-0.0182564292895965,-0.000252756053412286
32.04,-0.425806346536488,0.016710143462158,-0.0178111903943333,-0.000280916238069607
32.05,-0.421825291258624,0.0165034656033073,-0.0173841272997067,-0.000308344151007806
32.06,-0.417874129767268,0.0163006902608694,-0.0169804276178659,-0.000335289350170418
32.07,-0.414000691022368,0.0161038587923077,-0.0166045722440916,-0.000361882496705151
32.08,-0.410156961211067,0.0159104849011836,-0.0162594859435067,-0.000388147334630529
32.09,-0.406386840511681,0.0157223100509504,-0.0159459144432207,-0.000413991650752127
32.1,-0.402646342110794,0.0155370669473783,-0.0156631554907139,-0.000439251170387833
32.11,-0.398975561029882,0.0153562831336744,-0.0154091725604452,-0.000463714277433596
32.12,-0.395334250243275,0.0151779515061244,-0.0151807741441715,-0.000487148975612946
32.13,-0.391741433874419,0.0150027157832461,-0.0149738429475186,-0.00050932578351456
32.14,-0.388212667563963,0.0148310580739473,-0.0147838186864409,-0.000530044670937341
32.15,-0.384712858549772,0.0146614017997522,-0.0146061830620561,-0.000549158141429602
32.16,-0.381273419267469,0.0144949642080105,-0.0144366581005294,-0.000566574969351327
32.17,-0.377862446183268,0.0143304310811766,-0.0142717112748964,-0.000582275598800747
32.18,-0.37450828030145,0.0141689151941569,-0.0141084995564396,-0.000596298078147371
32.19,-0.371182050486903,0.0140093208537204,-0.0139452346061374,-0.000608742530288491
32.2,-0.367909298670064,0.0138526360335248,-0.0137808250450604,-0.000619745098675506
32.21,-0.364664010712199,0.0136979349089677,-0.0136151491931442,-0.000629479125279842
32.22,-0.361469162002988,0.0135460617815195,-0.0134485366087465,-0.00063812389948112
32.23,-0.358301409738365,0.0133962195555072,-0.0132819929333055,-0.000645868737286781
32.24,-0.355181370085562,0.0132491003119324,-0.0131165913274896,-0.000652882721243214
32.25,-0.352088170446891,0.0131040088833372,-0.0129537359643006,-0.000659325432169467
32.26,-0.34904024944454,0.012961490294601,-0.0127945418115995,-0.000665320758678649
32.27,-0.346018999774836,0.0128209389812936,-0.0126401889246934,-0.00067097537662469
32.28,-0.34304084267727,0.0126827695983753,-0.0124913357985539,-0.000676356934681655
32.29,-0.340089230528291,0.0125464645939918,-0.0123485249381715,-0.000681515076089189
32.3,-0.337178725215066,0.0124123308704432,-0.0122118565303452,-0.000686471094225915
32.31,-0.334294656906026,0.0122799401099785,-0.0120813645135307,-0.000691241455125187
32.32,-0.331449857587112,0.0121495134879239,-0.0119564691718511,-0.000695817824946516
32.33,-0.328631344603355,0.0120207154430792,-0.0118366541880702,-0.00070019714034554
32.34,-0.325850361155846,0.011893701608949,-0.0117210366465327,-0.000704364944594171
32.35,-0.323095464644078,0.0117682265310865,-0.0116089946605498,-0.000708324568332518
32.36,-0.32037645979455,0.0116443915607085,-0.0114996310218742,-0.000712075009141475
32.37,-0.317683310301801,0.0115220339748318,-0.0113923931095872,-0.000715637335037755
32.38,-0.315024518605464,0.0114012075414799,-0.0112865278663709,-0.000719028420145378
32.39,-0.312391343968176,0.0112818217838657,-0.0111816900310476,-0.000722285109471858
32.4,-0.309787681064028,0.0111638878520354,-0.0110773346416931,-0.00072543337014922
32.41,-0.3072163418163,0.0110473699610652,-0.0109733571923066,-0.000728514019680192
32.42,-0.304670319363932,0.0109322625010424,-0.0108699107880085,-0.000731576244190505
32.43,-0.302155460934554,0.0108185070664391,-0.0107668357398966,-0.000734647132367096
32.44,-0.299665770424442,0.0107061425292043,-0.0106643391634544,-0.000737763618410624
32.45,-0.297206204818272,0.0105950698596951,-0.0105623662527256,-0.00074094392959141
32.46,-0.294771676262735,0.0104853650846903,-0.0104612125122487,-0.000744213272448457
32.47,-0.292366350011134,0.0103768915578897,-0.0103609189417836,-0.000747579295727283
32.48,-0.289985940345671,0.0102697564966924,-0.0102617564828684,-0.00075105599777803
32.49,-0.287633895999305,0.010163790518457,-0.0101636636517508,-0.000754638354351339
32.5,-0.285306637243762,0.0100591293278922,-0.0100668586758328,-0.000758329991920493
32.51,-0.283006967993236,0.0099555761030584,-0.00997121187282126,-0.000762116504685435
32.52,-0.280731928173935,0.0098532925402039,-0.00987682324376372,-0.000765991833626789
32.53,-0.278483741955059,0.00975206022178403,-0.00978345027004181,-0.000769934034195191
32.54,-0.276259801917785,0.00965226255972053,-0.00963722832122738,-0.000771868261747674
32.55,-0.27406096553427,0.0095543869742755,-0.0094404237065956,-0.000772172927933095
32.56,-0.271885148157427,0.00945880211172297,-0.00924071347480776,-0.000773875370287105
32.57,-0.269733738474944,0.00936523227863149,-0.00904978431323048,-0.000777371513553309
32.58,-0.267605434053145,0.0092737598569098,-0.00887847587927408,-0.000782776723688223
32.59,-0.265501347903944,0.00918389029289585,-0.00873385534641835,-0.000789957998592421
32.6,-0.263420600465171,0.00909557811909363,-0.00861984524663384,-0.000798622746366196
32.61,-0.261363955691305,0.00900824625236203,-0.00853655527318932,-0.000808333175946714
32.62,-0.259330799793977,0.00892185776212489,-0.00848121765881808,-0.000818582625681086
32.63,-0.257321493535454,0.00883588482775537,-0.00844841872265657,-0.00082883163934635
32.64,-0.255335565997981,0.00875040422968327,-0.00843156302446831,-0.00083858828727755
32.65,-0.253372972133569,0.00866501363384882,-0.00842323003605412,-0.000847429919610314
32.66,-0.251433338378677,0.00857994020545443,-0.00841652516448024,-0.00085505595125809
32.67,-0.24951636333213,0.00849505704494162,-0.00840516135455306,-0.000861278419742667
32.68,-0.2476215102316,0.00841028903643943,-0.00838431447135114,-0.000866040797728
32.69,-0.245748574181309,0.00832603025783583,-0.00835084744941069,-0.00086940794209402
32.7,-0.243896829855478,0.0082421248121931,-0.00830288112509588,-0.000871520466061207
32.71,-0.242066231012219,0.00815900385843302,-0.00824028619554149,-0.000872598119605536
32.72,-0.240255937867083,0.00807651389334355,-0.00816397135652149,-0.000872890043971457
32.73,-0.238466092910809,0.00799506740485972,-0.00807609450522905,-0.000872670503195643
32.74,-0.236695813663196,0.00791446948887736,-0.00797921881916767,-0.000872193067677098
32.75,-0.234945427707107,0.00783508070463671,-0.00787648212256401,-0.000871693585910342
32.76,-0.233214038465555,0.00775664666845208,-0.007770784923841,-0.000871354746153665
32.77,-0.231502131486234,0.00767946886150919,-0.00766502419179533,-0.000871320108360743
32.78,-0.229808800130694,0.00760323910336407,-0.00756140952720491,-0.00087167051465249
32.79,-0.228134645388812,0.00752821282471461,-0.00746183990276818,-0.000872449043043502
32.8,-0.226478740577409,0.00745404859741007,-0.00736732694564246,-0.0008736440053929
32.81,-0.224841756433731,0.00738097897042675,-0.00727849455808959,-0.00087521946154193
32.82,-0.223222733071623,0.00730865473048995,-0.00719516869979569,-0.000877105165235819
32.83,-0.221622372052595,0.00723730843379954,-0.00711695636654272,-0.000879228170754935
32.84,-0.220039674214487,0.00716660341204048,-0.00704289813004967,-0.000881502000902027
32.85,-0.218475346207281,0.00709678720348616,-0.00697207217131139,-0.000883855653554313
32.86,-0.216928354531243,0.00702754620726579,-0.00690325558828228,-0.000886219483399388
32.87,-0.215399399929392,0.00695914769463875,-0.00683550311828755,-0.000888549765332096
32.88,-0.213887426069295,0.00689130173293905,-0.00676777581803937,-0.000890810419810473
32.89,-0.212393122551742,0.00682429151348044,-0.00669945951366676,-0.000892992838097797
32.9,-0.210915424685613,0.00675784439788601,-0.00662994136788193,-0.000895094075850152
32.91,-0.209455014334795,0.00669225085589637,-0.00655907250107047,-0.000897133877323597
32.92,-0.208010838297762,0.00662724635046145,-0.00648670173002399,-0.000899131209257266
32.93,-0.206583574106718,0.00656311940008381,-0.00641309206509893,-0.000901120015401125
32.94,-0.20517261133728,0.00649974147438257,-0.00633842956136349,-0.000903125796707175
32.95,-0.203777363836082,0.00643698502639595,-0.00626313043052248,-0.000905177695951758
32.96,-0.202398498454375,0.0063751228421893,-0.00618778407316567,-0.000907307199074468
32.97,-0.201035035022418,0.00631388323072086,-0.0061126974122975,-0.00090952490114454
32.98,-0.199687624368405,0.00625352792891268,-0.00603835542023296,-0.00091184378013965
32.99,-0.198355312856702,0.00619378103365349,-0.00596495888648445,-0.000914260095012538
33,-0.197038732145884,0.00613489538323908,-0.00589284113071718,-0.000916772958825548
33.01,-0.195696747307339,0.00609462957681237,-0.00260314828761056,-0.000615501390861872
33.02,-0.194277834725142,0.00608681043347922,0.000591262223897139,-0.00028698767175619
33.03,-0.192775915198771,0.00610929383971533,0.00346194632928398,2.37502128691174e-05
33.04,-0.191191906985722,0.00615750182393613,0.00573569356240236,0.000297870109413579
33.05,-0.189530323861403,0.00622420550882787,0.00724841987964755,0.000525450762281623
33.06,-0.187800340230458,0.00630162448274199,0.00793866962829588,0.000704485373114725
33.07,-0.186011445217698,0.00638137208744678,0.00783665394505141,0.000838959036839639
33.08,-0.184174858992966,0.00645627540412142,0.00704217749541835,0.000936532098682558
33.09,-0.182300014825055,0.00651998088218178,0.00571013783747082,0.00100660155962283
33.1,-0.180396485712532,0.0065683527709094,0.00402204753808081,0.00105885303464805
33.11,-0.178471195804686,0.00659861661747417,0.00216437239278157,0.00110152091362133
33.12,-0.17653085888692,0.00661032072152372,0.000314489122662684,0.0011408974895328
33.13,-0.174579730832717,0.00660414943063542,-0.00137889882865286,0.00118067459863368
33.14,-0.172622246288618,0.00658255479708301,-0.00280716031538786,0.00122183856280027
33.15,-0.170661145454584,0.00654833298547329,-0.00390556367494255,0.00126308346780472
33.16,-0.168699950241121,0.00650521363024752,-0.00464680365510411,0.00130163433180891
33.17,-0.166741123969979,0.00645648020828249,-0.00504531873305834,0.00133351004911518
33.18,-0.164788404453434,0.00640554922823828,-0.00515084596867221,0.00135407375655093
33.19,-0.162844948664768,0.00635475569822733,-0.00502951446179378,0.0013591654841215
33.2,-0.160915255460358,0.00630617418960865,-0.00476100216963594,0.00134539192999283
33.21,-0.159003469909965,0.00626069778017493,-0.00442776345667582,0.00131053395228498
33.22,-0.157113976871015,0.0062184280940594,-0.00410542653297175,0.00125387840177402
33.23,-0.155251793153855,0.00617913679096006,-0.00385534814970782,0.00117629604456595
33.24,-0.153420870038724,0.00614161356386511,-0.00372028864757134,0.00108013846547196
33.25,-0.151625492636331,0.00610479773268857,-0.00372314553722042,0.00096894934592397
33.26,-0.149868504229209,0.0060670311374367,-0.00386959196417117,0.000847100238916547
33.27,-0.148152679728524,0.00602717385945535,-0.00414498027078844,0.0007195549348147
33.28,-0.146479119379581,0.00598383385042461,-0.00452598505576616,0.000591264516611841
33.29,-0.144848701202639,0.00593635107842285,-0.00498038583110202,0.000466798316135481
33.3,-0.143260706375354,0.00588398503749952,-0.00546759233567853,0.000350300068630884
33.31,-0.14171420696824,0.00582685968490727,-0.00594769427952286,0.00024509504106062
33.32,-0.140206918631828,0.00576502097271074,-0.00638520448202726,0.000153569151484906
33.33,-0.138736593546431,0.00569927730133626,-0.00675371565277995,7.70344893486606e-05
33.34,-0.137300049695641,0.00563018812814689,-0.00703720400309946,1.57498608424917e-05
33.35,-0.135894481702039,0.00555888902495157,-0.00722632993191569,-3.07260215043414e-05
33.36,-0.13451651646238,0.00548610457684286,-0.00732138670492428,-6.34886360155894e-05
33.37,-0.133163403015226,0.00541295979884499,-0.00733081048443606,-8.40946048440151e-05
33.38,-0.13183211535541,0.00534001336736103,-0.0072686471691905,-9.43444801929559e-05
33.39,-0.130520389769787,0.00526811088297153,-0.00715215172676276,-9.60931945448653e-05
33.4,-0.129225826305055,0.00519747402903152,-0.00699924040140388,-9.10874744675721e-05
33.41,-0.127946795741751,0.00512858827323101,-0.00682789300166462,-8.09517139565644e-05
33.42,-0.126681569584036,0.00506133856039702,-0.00665156866909446,-6.69876662655071e-05
33.43,-0.125429104746493,0.00499593100114954,-0.00648173893542313,-5.02707563742934e-05
33.44,-0.12418822637841,0.0049320298584537,-0.00632692451373917,-3.16406488446699e-05
33.45,-0.12295834992193,0.0048696733432385,-0.0061924316677406,-1.17254901988108e-05
33.46,-0.121738714763751,0.004808425050843,-0.0060802148024851,9.03941119716745e-06
33.47,-0.120529050645251,0.00474828463695143,-0.00598932446665722,3.03265706821648e-05
33.48,-0.119328954188184,0.00468894671666649,-0.00591620045326183,5.19057240692691e-05
33.49,-0.118138130853612,0.00463015230323723,-0.00585579544832501,7.35845186885017e-05
33.5,-0.116956580235357,0.00457202213956375,-0.00580271882940629,9.5183092532519e-05
33.51,-0.115784076012671,0.00451429539382576,-0.00575161240237592,0.00011652802234189
33.52,-0.114620715517708,0.00445719514526574,-0.00569809123702939,0.000137415366022128
33.53,-0.11346637724524,0.00440054852026554,-0.00563874908442144,0.000157620471109879
33.54,-0.112321239476522,0.00434464517025455,-0.00557098740797246,0.000176923824807793
33.55,-0.111185266302698,0.00428935783098744,-0.00549461125082524,0.000195098136249044
33.56,-0.110058703338275,0.00423497863670249,-0.00541141098516827,0.00021187750245432
33.57,-0.108941610311826,0.00418135278145326,-0.00532269897484213,0.000227064114439906
33.58,-0.107834301597181,0.00412873859583718,-0.00523083809924378,0.000240443127494442
33.59,-0.10673692114349,0.00407694416845689,-0.00513715790884392,0.00025187902777862
33.6,-0.105649838260025,0.00402619128263058,-0.00504399659810513,0.000261251756317928
33.61,-0.104573258177895,0.00397624480750243,-0.00495398181491497,0.000268489777392428
33.62,-0.10350758715804,0.00392727386027156,-0.00486969621715786,0.000273577736479319
33.63,-0.102453063449758,0.00387899627223801,-0.00479276333837597,0.000276585384164627
33.64,-0.101410084326243,0.00383154724621467,-0.00472421340148406,0.000277647340737905
33.65,-0.100378863929519,0.00378462723888438,-0.00466409601961922,0.000276963747948572
33.66,-0.0993597367353019,0.0037383683651366,-0.00461201614200586,0.000274762500337403
33.67,-0.0983528475758355,0.00369248170629015,-0.00456681843220021,0.000271298190305406
33.68,-0.0973584370665961,0.00364712006363335,-0.00452718243186314,0.000266817513654192
33.69,-0.0963765605480091,0.00360202302183118,-0.0044913738818069,0.000261565393442188
33.7,-0.0954073568930038,0.00355737491712353,-0.00445794331146343,0.000255753543314446
33.71,-0.0944507946063631,0.00351294664776069,-0.00442528765565195,0.000249565493703657
33.72,-0.0935069256143048,0.00346895182101517,-0.0043921422662979,0.000243143308359482
33.73,-0.0925756499672872,0.00342518874856151,-0.00435723029040999,0.000236606734457631
33.74,-0.0916569518246604,0.00338189329098449,-0.0043198634355495,0.000230041000137318
33.75,-0.090750705030759,0.00333898591680332,-0.00427955163477483,0.000223519177677195
33.76,-0.0898567656675677,0.00329639019772268,-0.00423631353190669,0.00021709046982505
33.77,-0.0889750471548005,0.00325434614477704,-0.0041905971621795,0.000210783006798294
33.78,-0.0881053524425255,0.00321266358282941,-0.0041427883382302,0.000204629575785711
33.79,-0.0872475649945681,0.00317157260785769,-0.00409360582150102,0.000198648659673267
33.8,-0.0864014659281107,0.00313087133974465,-0.00404350217877407,0.000192870152886103
33.81,-0.0855669172685509,0.00309078003939378,-0.00399291240783205,0.000187338274628505
33.82,-0.0847436831460815,0.00305108561936905,-0.0039427402498816,0.000182081094177784
33.83,-0.0839316077823877,0.00301199350803612,-0.00389351169528516,0.000177135161879705
33.84,-0.0831304451842492,0.00297328005610136,-0.00384544802426396,0.000172530729381968
33.85,-0.0823400270581747,0.00293514781022521,-0.00379823030323536,0.00016830051117926
33.86,-0.0815601002242996,0.00289737760785257,-0.00375154897773732,0.000164465649332149
33.87,-0.0807904896210907,0.00286017638417059,-0.0037054938302209,0.000161019050553733
33.88,-0.0800309477285772,0.00282332583575773,-0.0036599364706882,0.000157953620294317
33.89,-0.0792813059683244,0.00278703348758603,-0.00361491146026615,0.000155247063184594
33.9,-0.0785413294673916,0.0027510825298711,-0.00357019505862111,0.000152882211853995
33.91,-0.0778108605422005,0.00271568277569731,-0.00352575616846463,0.00015082886069813
33.92,-0.0770896792004709,0.00268062035301287,-0.00348130954086558,0.000149064987739335
33.93,-0.0763776397771956,0.00264610799929287,-0.00343687961129093,0.000147558678639318
33.94,-0.0756745367230902,0.00261193370366687,-0.00339233051330898,0.000146285360606681
33.95,-0.0749802373255619,0.00257831068214225,-0.00334780081519982,0.000145208634496706
33.96,-0.0742945524015326,0.00254502611565044,-0.00330329531819985,0.000144297496491408
33.97,-0.0736173664104776,0.00251229145043078,-0.00325899785470161,0.000143506995018327
33.98,-0.0729485110986161,0.00247989215004016,-0.00321485835135369,0.000142801894350657
33.99,-0.0722878910821816,0.00244803871520674,-0.00317100771589712,0.000142139733274119
34,-0.0710204841449311,0.00594569433686589,-0.00312737875706738,0.000141492212627673
34.01,-0.0698285086718577,0.00821251621591987,-0.00400026782437262,-0.000123593854788741
34.02,-0.06849595243248,0.010473085598643,-0.00577048854158377,-0.000486436677932334
34.03,-0.067069764375141,0.0126542936614859,-0.0106877770786927,-0.00102091062208817
34.04,-0.0655949069126613,0.0147481232107147,-0.0193133476974128,-0.00171093809000346
34.05,-0.0640388076979956,0.0168047306528794,-0.0314222821331877,-0.00249676864282605
34.06,-0.0623227789527689,0.0187450571970105,-0.0462287169587144,-0.00329798849182663
34.07,-0.0603384968327347,0.0206924172724509,-0.0628368687823758,-0.00404297289298653
34.08,-0.0579535977563808,0.0225469670790016,-0.0803326886193615,-0.00467519993604359
34.09,-0.0550345645590689,0.024463114290308,-0.0980458609347746,-0.00516318515702094
34.1,-0.051440545580558,0.0263057953444641,-0.115373228568705,-0.00548906173646431
34.11,-0.0470733779614019,0.028246134259253,-0.131956816860465,-0.00565225831958938
34.12,-0.0418134935795145,0.0301072491024841,-0.147508597051787,-0.00565885954361484
34.13,-0.0356283342660539,0.0320761595873658,-0.162009209152053,-0.00552853552488764
34.14,-0.0284079559389081,0.0339384663574997,-0.17544123187954,-0.00528034424682762
34.15,-0.0201926171930396,0.0359013546445792,-0.188017504324605,-0.00494180403706471
34.16,-0.0108547979537246,0.037717802277089,-0.1998594862017,-0.0045328676019257
34.17,-0.000515371569923317,0.0396177746679426,-0.211241455591751,-0.00407705109048264
34.18,0.0109991151886675,0.041325848232232,-0.222253686630928,-0.00358590762052194
34.19,0.0234782592402034,0.0430976083754341,-0.233070787839642,-0.00307180297552819
34.2,0.037168907271548,0.0446329496144724,-0.243668239023062,-0.00253591169865303
34.21,0.0517571608632483,0.0462143161088973,-0.254105105732997,-0.00198264379539344
34.22,0.0675855615990706,0.0475193665865684,-0.264280433925189,-0.00140862982402656
34.23,0.0842179768070288,0.0488575564693009,-0.274195621582646,-0.000815325412486918
34.24,0.102112023554003,0.0498856841938374,-0.28372670083465,-0.000199494800139697
34.25,0.120690104402652,0.050939399767745,-0.292869538410302,0.000437317506302685
34.26,0.140543749248058,0.0516553241562659,-0.301519776473254,0.0010970197907983
34.27,0.160936789550307,0.0523942812633953,-0.309659301611775,0.00177840974155485
34.28,0.182157904909038,0.0529709297130309,-0.31721959909888,0.00248191494356122
34.29,0.204666039827954,0.0531790222927247,-0.324175178161115,0.00320645424475174
34.3,0.227460321688365,0.0534162906754134,-0.330529090716456,0.00394947978527014
34.31,0.251548864395589,0.0532716149301574,-0.336240140973942,0.00471079583477539
34.32,0.275736006286765,0.0531644959168797,-0.34132364064209,0.00548780413570844
34.33,0.301223106954202,0.0526660507617033,-0.345754826797318,0.00627888736164745
34.34,0.326609564793188,0.0522164596981469,-0.349511639527828,0.0070834484089684
34.35,0.352496245009862,0.0516012391936448,-0.352626179570447,0.00789710009963351
34.36,0.37970191867257,0.0505874901412564,-0.355137296162497,0.00871520035889685
34.37,0.40650373622978,0.0496444162494577,-0.357093070649688,0.00953309186775982
34.38,0.434648096010513,0.0483011885924646,-0.358528278632204,0.0103464637214502
34.39,0.462186352740241,0.0470431319758562,-0.359490366275234,0.0111516509713925
34.4,0.489999162057903,0.0456348250862075,-0.360019124206509,0.0119453561234557
34.41,0.51920463033694,0.0438249645353377,-0.360155660556664,0.0127247475864927
34.42,0.547505044643747,0.0421219451376556,-0.359944454120107,0.0134880017741843
34.43,0.575961935333603,0.0402783977342521,-0.359417721356119,0.0142335568687379
34.44,0.605881976107213,0.0380328769326487,-0.358614215507475,0.0149607856286101
34.45,0.6346086388311,0.0359137126781943,-0.357560811507974,0.015669404630029
34.46,0.663391051061267,0.0336630801859505,-0.356250796692769,0.0163593131345951
34.47,0.693727905899703,0.0310113683147839,-0.354676243438185,0.0170310337003237
34.48,0.722596840404972,0.028504431509864,-0.352831395654308,0.0176855411526691
34.49,0.751439063705481,0.0258766057161042,-0.350620556044736,0.0183256445657304
34.5,0.781949354349432,0.0228535696234304,-0.347928832287078,0.0189555136129626
34.51,0.810739153999348,0.0199981505083612,-0.34461902393504,0.0195793344257893
34.52,0.839448410264727,0.0170422537336419,-0.340382099583351,0.0202069351843027
34.53,0.869974118123995,0.013713203048552,-0.334971237538103,0.0208432961042411
34.54,0.898561862392918,0.0105878817855509,-0.329176086149148,0.0214485134272773
34.55,0.927037350816333,0.00738861616316891,-0.322316138155733,0.022021764795951
34.56,0.957499837694772,0.00384843758220091,-0.313146366535037,0.0226401664680807
34.57,0.985840444019416,0.00056588545945252,-0.301551233053923,0.0232884402288503
34.58,1.01410400625401,-0.0027192790659965,-0.287363366451424,0.0239517656084551
34.59,1.04458121193393,-0.00627038861132156,-0.270834241468952,0.0245962371038349
34.6,1.07276884954941,-0.00949121431518252,-0.252589774572942,0.0251700731703801
34.61,1.1008647488381,-0.0126548250734117,-0.232928971336592,0.0256422178287525
34.62,1.12883098065787,-0.0157510142286168,-0.212383916935882,0.0259775293816763
34.63,1.15913034612843,-0.0190634276996397,-0.191530441750207,0.0261443085145935
34.64,1.18666806736833,-0.0220200987629086,-0.1709393567911,0.0261157407350332
34.65,1.21376193500863,-0.0249158968837168,-0.15068184863305,0.025895508806274
34.66,1.24021271959509,-0.0277603055688358,-0.130942118217999,0.0254873568652115
34.67,1.26853088537964,-0.0308476704560471,-0.111907540474964,0.0248969389986491
34.68,1.29297091729959,-0.0336236834710041,-0.0929501054709771,0.024098110729838
34.69,1.31591567485621,-0.0363585057288198,-0.0715627832029813,0.0230139649074931
34.7,1.33996830448479,-0.0393229474979253,-0.0509779381790334,0.0217939694482493
34.71,1.35910717211048,-0.0419780118199295,-0.0322848323885799,0.0204754274955343
34.72,1.37595294495738,-0.0446173302858549,-0.0156601757386634,0.0190831788725253
34.73,1.39330178318759,-0.047521627665559,-0.00111518254609683,0.0176410401301178
34.74,1.4050268197534,-0.0501652433457346,0.0114611261881452,0.0161722326187309
34.75,1.41701276067566,-0.053081388541722,0.022713576889294,0.0147201103246322
34.76,1.42318060043526,-0.0557430693804107,0.0331676195408083,0.0133160150963697
34.77,1.42958665298151,-0.0586510935714966,0.0436184860615307,0.011995843074102
34.78,1.42007718837625,-0.0601080717526643,0.0545868147247402,0.0107759034800305
34.79,1.4114990026201,-0.0617624871834576,0.0672114323702877,0.00969514267090596
34.8,1.40100996281701,-0.0633391430296145,0.0811597015960634,0.00871841192731081
34.81,1.38590350915444,-0.0645940763781598,0.0958609342896004,0.00779671479493154
34.82,1.37221976703987,-0.0659705331592725,0.110880393412299,0.0068986881984153
34.83,1.35724312993274,-0.0672264890900198,0.125634040747418,0.00599307472107271
34.84,1.34119515636163,-0.0683571691551388,0.139731060512,0.00506312522101855
34.85,1.32158145935045,-0.0691616179607166,0.152897649945293,0.00410315339140404
34.86,1.30405287044269,-0.0700473561298199,0.165024415837392,0.00311775938996034
34.87,1.28601084792881,-0.0708117079321212,0.175944573181946,0.00210988623167942
34.88,1.26504328011357,-0.0712789705107627,0.185655939144177,0.00108946875072328
34.89,1.24637150337264,-0.0718247614049589,0.19426100580772,7.07680919863092e-05
34.9,1.22746755977524,-0.0722676845101574,0.201778296518219,-0.000938890501882112
34.91,1.20836993485936,-0.0726144694504766,0.208338209021669,-0.00193023022372233
34.92,1.18679238590818,-0.0727144638880608,0.213417612776537,-0.00291111013192807
34.93,1.16737578196531,-0.0729237287669537,0.213594189851845,-0.0040683206999981
34.94,1.14771270008797,-0.073109982287106,0.21185143185965,-0.00522001472949996
34.95,1.12565387564624,-0.0731446267602361,0.208929847733729,-0.00629593387322156
34.96,1.10551401786645,-0.0733253692878298,0.205045109196882,-0.00728108024624149
34.97,1.08509876656831,-0.0735134001920925,0.200280344960523,-0.00817213779783276
34.98,1.0624447188728,-0.0735908702071599,0.194683526623082,-0.00897060145431313
34.99,1.0415366241346,-0.0738218961442851,0.188330116124499,-0.00967828149229895
35,1.02036191017847,-0.0740817730331849,0.181360875474254,-0.0102945331886863
35.01,0.997136721032525,-0.0742640139122648,0.173974688798641,-0.0108167442812231
35.02,0.975517376337346,-0.0745987446466244,0.166321085121536,-0.0112470257990599
35.03,0.953666864748551,-0.0749716148383714,0.158562371542937,-0.0115907341366804
35.04,0.929957417817456,-0.0752724867428578,0.153482593812986,-0.0119718700744145
35.05,0.907688624221117,-0.0756771113971404,0.149704475612796,-0.0123641775200277
35.06,0.883663775817507,-0.0759907125311892,0.14582362699584,-0.0127206283062566
35.07,0.860989668285581,-0.0763976807273669,0.141777351183654,-0.013034405404338
35.08,0.838103884822807,-0.0768056189918206,0.13763363531723,-0.0133051783826173
35.09,0.813654743738171,-0.0771380147455149,0.133444197522032,-0.0135337126535602
35.1,0.790427866860621,-0.0775535468072248,0.129244882016408,-0.0137215238428585
35.11,0.767017371266961,-0.077970961025527,0.125060391031632,-0.0138706865914205
35.12,0.74222150948034,-0.0783239241790044,0.120910567345293,-0.0139835398297638
35.13,0.718515396576845,-0.0787480011050342,0.116817300460659,-0.0140624027208826
35.14,0.693533852519411,-0.0791132166689833,0.112814115553799,-0.0141097905531484
35.15,0.669551232361121,-0.0795409185019953,0.108925592425087,-0.0141276328062962
35.16,0.644397092360687,-0.0799139110566752,0.10517032188266,-0.0141171267871083
35.17,0.620152538654828,-0.0803402725093327,0.101562891443539,-0.0140792590576611
35.18,0.595760020145059,-0.0807621743517887,0.098108691557509,-0.0140153561951349
35.19,0.570348721555454,-0.081134032029489,0.0948044875119003,-0.0139268040895602
35.2,0.545723493265525,-0.0815455921375135,0.0916490371390269,-0.0138148505726297
35.21,0.520181766152054,-0.0819094348028692,0.088663295190829,-0.0136798221419776
35.22,0.495352711848632,-0.0823038987716933,0.0858744916788028,-0.0135221643635388
35.23,0.46971196346443,-0.0826516997874301,0.0832887780242615,-0.013343623951273
35.24,0.444720676593372,-0.0830207313690473,0.080903439422826,-0.0131459534071471
35.25,0.419661540611432,-0.0833581700177074,0.0830647117165892,-0.01275180635797
35.26,0.394063826557235,-0.0835675464532383,0.0908916500280669,-0.0120503959776518
35.27,0.369190564053709,-0.0836839358907887,0.0992205141837434,-0.0113949443933049
35.28,0.343935031937914,-0.083653554851849,0.107648481428919,-0.0108328331400364
35.29,0.319368173634468,-0.0835229055621069,0.116128333003541,-0.010367521233545
35.3,0.294528027617974,-0.0832481123269341,0.124597855089716,-0.00999665906965073
35.31,0.270340532745377,-0.0828693153862898,0.132982419667511,-0.00971649566586339
35.32,0.245983564265381,-0.0823515947297555,0.141206984235987,-0.00952257620550818
35.33,0.222248690767376,-0.0817295527897796,0.149213142939747,-0.00941015590218229
35.34,0.19844320020694,-0.0809762572581134,0.156957674760697,-0.00937424331995127
35.35,0.17523307988264,-0.0801208946750208,0.16442781544288,-0.00940989086874134
35.36,0.152051935054253,-0.0791511388121794,0.169502220780699,-0.0094216712923679
35.37,0.129469135481513,-0.0781140321408343,0.173032583847037,-0.00942373827792727
35.38,0.107019288553054,-0.0769978033836239,0.17617093015639,-0.00944897879637917
35.39,0.0851455989363856,-0.0758217466680621,0.178995875585617,-0.00949781540738929
35.4,0.0636318805583409,-0.0745814871698234,0.1814962190944,-0.00956676901683807
35.41,0.0423494342463204,-0.0732772506460779,0.183671301766098,-0.00965206081934616
35.42,0.0216017353098819,-0.0719218063331612,0.1855251296824,-0.00975028024436377
35.43,0.00113499981944898,-0.0705124046022284,0.187070426554528,-0.00985827818555108
35.44,-0.0188265594989154,-0.0690580460997135,0.188327726677113,-0.00997337924081221
35.45,-0.0384680507987243,-0.067559205983575,0.189318685954214,-0.010093360478648
35.46,-0.0576332182072372,-0.0660213992605381,0.19006741427924,-0.0102162831430709
35.47,-0.0764479632689694,-0.0644477106951219,0.190598138057314,-0.010340597794254
35.48,-0.0948146621757111,-0.0628406072269414,0.190936790160734,-0.0104649995194805
35.49,-0.112809453411103,-0.0612052918240136,0.191111087008973,-0.0105884499502569
35.5,-0.130383070031525,-0.0595414941429386,0.191154103657757,-0.0107100484852325
35.51,-0.147567220274192,-0.0578557341570695,0.191121231573118,-0.010827554071078
35.52,-0.164351399536444,-0.0561448808704228,0.191060294821725,-0.010939290938298
35.53,-0.180729006253783,-0.0544162408849334,0.190985908809396,-0.0110458458226456
35.54,-0.196720980836326,-0.0526647680222126,0.190912332561553,-0.0111478539961127
35.55,-0.212288695765273,-0.0508986535620874,0.19086410700793,-0.0112452955170727
35.56,-0.227477848555819,-0.0491111331487855,0.190873489159027,-0.0113377264485402
35.57,-0.24222269929037,-0.0473106353371071,0.190976466472627,-0.0114245799457056
35.58,-0.256588646790393,-0.0454887423397456,0.191210640558925,-0.0115053597813848
35.59,-0.270487935073076,-0.0436537326617354,0.191613133808855,-0.0115797510151352
35.6,-0.284001551296734,-0.0417957827602219,0.19221789486669,-0.011647748810021
35.61,-0.297026257837044,-0.0399244021636016,0.192427101741424,-0.0117404811293899
35.62,-0.309681355384191,-0.0380457646992988,0.190848859455607,-0.0119429230489329
35.63,-0.321867554666283,-0.0361795458175107,0.188935798992332,-0.0121371770782225
35.64,-0.333691726086711,-0.0343185039503704,0.18695499183254,-0.0123026538332544
35.65,-0.345030905995622,-0.0324734998326483,0.18493099764966,-0.0124392664191746
35.66,-0.355999442003501,-0.030636162606737,0.182882545575623,-0.0125484553449812
35.67,-0.366533191687743,-0.0288121545620509,0.180835505337462,-0.0126316926331133
35.68,-0.376565211614374,-0.0270066542596042,0.178817938758667,-0.0126904941660185
35.69,-0.386218273226984,-0.025210639759811,0.176857546190147,-0.0127266572875599
35.7,-0.395366435801115,-0.023427145829592,0.17656849970864,-0.0127745325522995
35.71,-0.404146759776363,-0.021627078095978,0.177768708919474,-0.012879141843358
35.72,-0.412440039825364,-0.0198132740061113,0.179320541961381,-0.0130173561981538
35.73,-0.42037502205141,-0.0179754031702302,0.181007885723863,-0.0131804903511397
35.74,-0.427828058287447,-0.0161220718050002,0.182640519431226,-0.0133671973348542
35.75,-0.434925030699826,-0.014247247221815,0.183986443258353,-0.0135797207451522
35.76,-0.441546611805918,-0.0123634843125388,0.184846014072518,-0.0138208838170685
35.77,-0.44781881210807,-0.0104689839487217,0.185061797230909,-0.0140910980729195
35.78,-0.453628747356702,-0.00857900534929329,0.184495781236198,-0.0143892143197463
35.79,-0.459101710255676,-0.00669485726444408,0.183023644012517,-0.0147131149952203
35.8,-0.464132014626882,-0.00483377502752739,0.180536470195184,-0.0150595268902312
35.81,-0.468843807128782,-0.0029995928397878,0.176942224174737,-0.0154236016661835
35.82,-0.473138902504384,-0.00121082355401235,0.172178638121843,-0.0157987115133442
35.83,-0.477139155328187,0.000527136094880732,0.166224046103706,-0.0161765069682202
35.84,-0.480752875950973,0.00219604272091501,0.159144721134618,-0.0165451843069056
35.85,-0.484096835485246,0.0037915743544362,0.151104001614858,-0.0168890309989206
35.86,-0.487082148140897,0.00529923798045701,0.142339893852442,-0.017190195095077
35.87,-0.489815945925771,0.00671916546860692,0.133162044510872,-0.0174304844281887
35.88,-0.492208821680245,0.00804339614929192,0.123907009422356,-0.017594321022672
35.89,-0.494356372981367,0.00927833766226836,0.114912999110761,-0.0176707294956551
35.9,-0.49616882963008,0.010423186003678,0.106502119887381,-0.0176538320541805
35.91,-0.497731932939891,0.0114898092172763,0.0988469711755252,-0.0175465924504571
35.92,-0.498959630229545,0.0124812068059491,0.0919814401483011,-0.0173597422680803
35.93,-0.499933761385706,0.0134093065740778,0.0857866154184114,-0.0171084359040499
35.94,-0.500614866648487,0.0142774769662006,0.0800945538696005,-0.016807289802172
35.95,-0.500970746036881,0.0150878934100639,0.0747623610389972,-0.0164678020498764
35.96,-0.501080891451093,0.0158476408293253,0.0696911449727117,-0.0160981637641996
35.97,-0.500880474400904,0.0165550085137803,0.0648182321246921,-0.0157043707126079
35.98,-0.500445546942894,0.0172154587069074,0.0600942260158346,-0.0152906569463529
35.99,-0.499717307483045,0.0178265221275958,0.055456917104828,-0.0148590064911984
36,-0.487429345387749,0.0206082717434514,0.0508584490212753,-0.0144099765561695
36.01,-0.486260118190482,0.0235151648770415,0.0474669862457381,-0.0138914806832858
36.02,-0.484578963932943,0.0263503338243045,0.0438020584948609,-0.0133649928729334
36.03,-0.482405890591589,0.029146170467914,0.0383947964736248,-0.0129010779057398
36.04,-0.479776183946266,0.0318239514866824,0.0301495287794769,-0.012541933185933
36.05,-0.476663579587524,0.0344571927996124,0.0181774182782567,-0.0123009765101477
36.06,-0.473021506848124,0.0369562178752721,0.00242656753379412,-0.0121490240881093
36.07,-0.468765396690433,0.0394327961499405,-0.0162087228766602,-0.0120411137509424
36.08,-0.463804752566765,0.0417781639338017,-0.0367378584648382,-0.0119134691736629
36.09,-0.458023984765168,0.0441398955986053,-0.058239121286239,-0.0117078584720899
36.1,-0.451313375358407,0.0463801760400083,-0.0797346686704148,-0.0113818378359279
36.11,-0.44357880905658,0.0486706124740471,-0.100579726878235,-0.01092183392157
36.12,-0.434726135630629,0.0508370095220388,-0.120284446426321,-0.0103279653686871
36.13,-0.424721851964723,0.0530701532652607,-0.138688191896877,-0.00961933840265963
36.14,-0.41348336500666,0.0551598670300549,-0.155702202743968,-0.00881802751190863
36.15,-0.401049392401743,0.0573177965402957,-0.171480603668857,-0.00795538417672005
36.16,-0.387323088723844,0.0593012908299955,-0.186130699325166,-0.00705523520119326
36.17,-0.372422512159452,0.0613448395071335,-0.199894045688848,-0.00614297461002894
36.18,-0.356206506815272,0.0631772505413058,-0.212869248532786,-0.00523108608115358
36.19,-0.338880118705867,0.065058361859648,-0.225234916975933,-0.00433213882212432
36.2,-0.320229762293603,0.0666915490453966,-0.237021254835446,-0.00344769444948607
36.21,-0.300561048062792,0.0683624653534134,-0.24836025113251,-0.00258181654998213
36.22,-0.279564568879723,0.0697506800969714,-0.259214917167756,-0.00172941626602109
36.23,-0.257664300475132,0.0711679202553355,-0.269592306036268,-0.000885577432423891
36.24,-0.234433743973441,0.0722722539418775,-0.279421713731329,-4.16532707304974e-05
36.25,-0.210433178084607,0.0734010621638919,-0.288707682686417,0.000807057928340543
36.26,-0.185099921997985,0.0741916363433118,-0.297379968490377,0.00166753752789407
36.27,-0.159148493651054,0.0750063031908034,-0.305418288627246,0.00254391385795702
36.28,-0.131861243217116,0.0754630374114331,-0.31275946489366,0.00344028702667315
36.29,-0.104122209678446,0.0759485362778586,-0.319372729356397,0.00435718792106157
36.3,-0.0750407674732108,0.076062780205424,-0.32520135809541,0.0052944367835878
36.31,-0.0456863780309398,0.0762153891487903,-0.330267121984391,0.00624925260934347
36.32,-0.0156185752747682,0.0762049449574088,-0.334621910478074,0.00721999742426297
36.33,0.0158012896597697,0.0758093106425054,-0.338364025702235,0.00820534030772282
36.34,0.0472016348101159,0.0754688781004193,-0.341518609816506,0.00920279711782579
36.35,0.0799659672105477,0.0747365145866142,-0.344132927422047,0.0102097822468996
36.36,0.112511143406211,0.0740712001784449,-0.346266434919597,0.0112241184670752
36.37,0.145533004356859,0.0732484468835706,-0.347970750484542,0.0122429817321243
36.38,0.179953362770672,0.0720259957488841,-0.349306889198673,0.0132648122794549
36.39,0.213856360370285,0.0708889702381326,-0.350341043077826,0.0142889353318651
36.4,0.249193626220975,0.0693483206930701,-0.351132719765376,0.0153149906599163
36.41,0.283819785102794,0.0679038063511752,-0.351722028065108,0.0163432466651425
36.42,0.318722441844237,0.0663099703966864,-0.352132495598269,0.0173734330116899
36.43,0.35513107591795,0.0643069851316629,-0.352306032770396,0.0184072845588065
36.44,0.390546699817639,0.062417331111598,-0.35221924005066,0.0194446773636853
36.45,0.426142528578382,0.0603861135339049,-0.351878383249683,0.0204833582845283
36.46,0.463338179885719,0.0579457111419183,-0.35128559220697,0.0215206946561522
36.47,0.499270998187131,0.0556373013684381,-0.350467362164534,0.022554379540322
36.48,0.535301244906342,0.0531964421980893,-0.349445507794232,0.0235813135857067
36.49,0.573038758917116,0.0503478400089142,-0.348239803367935,0.0245987047978529
36.5,0.609252020639851,0.0476475298483966,-0.346878105628667,0.025604687630468
36.51,0.6454909130369,0.0448227077718161,-0.345382426910074,0.0265967335127588
36.52,0.683555951150957,0.0415918212344757,-0.343775622810901,0.0275722547946401
36.53,0.719843706005338,0.0385221150654739,-0.342089848076353,0.0285293612997936
36.54,0.75609432387614,0.0353337978680123,-0.340351354660893,0.0294661989032028
36.55,0.794298950733155,0.0317407066148605,-0.338572303083692,0.0303821082646557
36.56,0.830482566749405,0.0283178920698005,-0.336744884051584,0.0312777308958074
36.57,0.866576415000699,0.024781032995582,-0.334836753008376,0.0321543348105644
36.58,0.904760767676784,0.0208425106656083,-0.332783927628075,0.0330140986609462
36.59,0.940684436065418,0.0170827471892792,-0.330533741355109,0.0338579471349173
36.6,0.976456171346745,0.0132156683861944,-0.328007803541426,0.0346864795521357
36.61,1.01204210052666,0.00924423900525137,-0.325067100940734,0.0355036540770785
36.62,1.04984230861581,0.00488330855670463,-0.321472927534694,0.0363153581750429
36.63,1.08497381194408,0.000718478018871566,-0.316974103796537,0.0371267851128375
36.64,1.11974344505492,-0.00353068564149109,-0.311144617842223,0.0379490892877971
36.65,1.15404728285591,-0.00785140428959868,-0.303481944159242,0.0387941586829785
36.66,1.19041804256047,-0.0125125966093074,-0.293382723827857,0.0396719380213498
36.67,1.22335177000005,-0.0169198246123556,-0.280314022120235,0.0405848854817753
36.68,1.25524264440296,-0.0213321384455568,-0.263658667426256,0.0415365536365206
36.69,1.28868217039056,-0.0259977142392081,-0.243394091066989,0.0424954633711491
36.7,1.31777390295356,-0.03032456424249,-0.220126324796798,0.0433967958817729
36.71,1.34503819822794,-0.0345677757307275,-0.194369015482373,0.0441823342130282
36.72,1.37318392079819,-0.03897600316182,-0.166876285251754,0.0447902159933667
36.73,1.39609376198311,-0.042984083665854,-0.138518047277032,0.0451621678377918
36.74,1.41949838630268,-0.0471174205694008,-0.109716896475176,0.0452734698783316
36.75,1.43723688402295,-0.0508297579844686,-0.0809602631555796,0.0451023382143755
36.76,1.4552229331041,-0.0546341628888655,-0.0523316717496348,0.0446499977970632
36.77,1.46735352804167,-0.0579981001081977,-0.0240292701442505,0.0439164475808435
36.78,1.46940479126214,-0.0602466845844993,0.00401400541047955,0.0429178655742835
36.79,1.46619456969062,-0.0620418084673754,0.0321244303324342,0.0416896814718646
36.8,1.4638371370161,-0.0638658119613352,0.0597745792143118,0.0402292753222046
36.81,1.4594641395395,-0.0654724145642047,0.0860391367122189,0.0385174475833872
36.82,1.4503612708856,-0.0666484730784744,0.110304543276864,0.0365554075061994
36.83,1.44250534186348,-0.0678558597471859,0.13224843848558,0.0343634443025173
36.84,1.43318172404861,-0.0688814906626452,0.151585133940725,0.0319514120267334
36.85,1.41983391766546,-0.0695215784535608,0.171968968659781,0.029203398253429
36.86,1.40813636090041,-0.0701800909362647,0.189838664685694,0.0263384670516477
36.87,1.39549275553541,-0.0706816882276439,0.203028436237839,0.0234530877894226
36.88,1.37949077174352,-0.070883695488126,0.211250484721132,0.0205737107353812
36.89,1.36541115356643,-0.0712034427725687,0.214931904222351,0.0177387818045578
36.9,1.3507154093006,-0.0714864729219784,0.21489976336087,0.0149965625581574
36.91,1.33545620745338,-0.0717592559587898,0.212449482211657,0.012407100604063
36.92,1.31734451385343,-0.0718742178791857,0.209056077522276,0.010027638996597
36.93,1.30113148575708,-0.0721576399284085,0.206120897644517,0.00789968145290997
36.94,1.28446416705515,-0.0724308623072767,0.204575200374684,0.00603276284008553
36.95,1.26521703212285,-0.0725314015594439,0.204948530772606,0.00441195754182771
36.96,1.24779383392646,-0.0727316229863457,0.207333668402203,0.00300203934567867
36.97,1.23001038596658,-0.0728627892778905,0.211325376137247,0.00174841165264786
36.98,1.20990507344617,-0.072783019510766,0.216359169005411,0.000597554987947748
36.99,1.19153246230089,-0.0727463145898878,0.221842441471419,-0.000494117071803899
37,1.17286966488988,-0.0726173782653582,0.22719018698614,-0.00156095681033733
37.01,1.15211656433184,-0.0722860081627251,0.232008807169192,-0.0026224882591687
37.02,1.13298606045345,-0.0719904484162083,0.236057583291061,-0.00368555580459963
37.03,1.11362196238228,-0.0716205027999034,0.239177576812466,-0.00475203183916012
37.04,1.09238933917511,-0.0710859313397364,0.241309683697375,-0.00581590201950766
37.05,1.07266878027364,-0.0706002453709254,0.242499420189387,-0.00686561665728746
37.06,1.05277174206191,-0.0700680071676048,0.242806265734774,-0.00788981616370261
37.07,1.03122749600218,-0.0694104556891953,0.242344437038111,-0.00887593203383332
37.08,1.01109468335726,-0.0688124265434789,0.241270880272309,-0.00981123629547493
37.09,0.989464020449904,-0.0681089561804293,0.239699426171759,-0.0106872147694825
37.1,0.969182343873246,-0.0674665923648204,0.237756839587969,-0.011497263291122
37.11,0.948832693449257,-0.0668054044959089,0.235514923745227,-0.0122383733709554
37.12,0.927203312193223,-0.0660601227967654,0.233044739138899,-0.0129096085818065
37.13,0.906829719548923,-0.0653723613930424,0.230391534560357,-0.0135117194101298
37.14,0.885313312006388,-0.0646110732187949,0.22757364549284,-0.0140460700564133
37.15,0.864978669989174,-0.0639123310594885,0.221592881363961,-0.0146352635983652
37.16,0.844577142809897,-0.0632727236642068,0.209641836604038,-0.0154604416595983
37.17,0.823086670905423,-0.0626689657132871,0.196562118714367,-0.0161951891968256
37.18,0.802540716475658,-0.0622134463711548,0.183084901591861,-0.0167811808781245
37.19,0.781016424448195,-0.061808455096666,0.169472687742294,-0.0172134828177433
37.2,0.760367437864013,-0.061548171554435,0.155972883033536,-0.0174955638102556
37.21,0.738853918675172,-0.0613413832207681,0.142832223930955,-0.0176352484420268
37.22,0.718148806246002,-0.0612665240633806,0.130203588621949,-0.0176457564354183
37.23,0.697409998952851,-0.0612751010208152,0.118165573042326,-0.0175403989453465
37.24,0.675966565933414,-0.0613283503790087,0.106784386996122,-0.0173318878488994
37.25,0.655224524725163,-0.0614760649153081,0.098779280295085,-0.0171426055151596
37.26,0.633838169523999,-0.0616162848030229,0.0936903933447298,-0.0170078556795997
37.27,0.613055226327502,-0.0617945826267407,0.0890223153253418,-0.0168403166726939
37.28,0.591728818666756,-0.0619551734705057,0.0844656126332839,-0.016626230446588
37.29,0.570968520961744,-0.0621460064257629,0.0800731925648385,-0.0163659843679
37.3,0.549781140462708,-0.0623194080004132,0.0758964771108571,-0.0160637621919123
37.31,0.529128295540024,-0.0625145572236425,0.0719709967865377,-0.0157247606681153
37.32,0.508155740550084,-0.06269079072403,0.0683127560302481,-0.0153535431461623
37.33,0.487686110382767,-0.0628797600838264,0.0649395247845555,-0.0149543938310516
37.34,0.467318659980417,-0.0630605639135186,0.0618675619756123,-0.0145314191461955
37.35,0.446775672285738,-0.0632187103714614,0.0591094605285707,-0.0140887263071176
37.36,0.426688732050042,-0.0633759077433497,0.0566839085997094,-0.0136303755987671
37.37,0.406507721961506,-0.0635070602117822,0.0546075003263986,-0.0131602755386892
37.38,0.386749885441513,-0.0636281421976593,0.0528876575553437,-0.0126823185008551
37.39,0.36696752771009,-0.0637193778731729,0.0515260517279225,-0.0122003394484217
37.4,0.347573518095348,-0.0637919375577354,0.0505207569020471,-0.0117181612712963
37.41,0.328211586951586,-0.0638309760253441,0.0498675055588081,-0.0112394741821066
37.42,0.309201119317805,-0.0638435993493695,0.0495530479286893,-0.0107673768224249
37.43,0.2902665427153,-0.063819545308857,0.0495593687142968,-0.0103047012458365
37.44,0.27164550730675,-0.0637626381716653,0.0498660996999937,-0.0098537507905351
37.45,0.253133478310368,-0.0636667495533903,0.0504595596518404,-0.00941649504619195
37.46,0.234898204257733,-0.0635328445195346,0.0513246062631238,-0.00899421018673616
37.47,0.216797857265579,-0.063358317113587,0.0524411344645597,-0.00858833863364992
37.48,0.198940394581632,-0.0631418500991771,0.0537834911271571,-0.00820060947080188
37.49,0.181236698278779,-0.062884106719324,0.0553205194101904,-0.00783233879452381
37.5,0.16374386369585,-0.0625821469192284,0.0570217726160381,-0.00748459240893075
37.51,0.14641930265752,-0.0622394041429131,0.0588631011659106,-0.00715838564210922
37.52,0.129279199803605,-0.0618515190501604,0.0608197202116738,-0.00685451861280848
37.53,0.11232047205533,-0.0614241543342583,0.062866941581174,-0.0065734746852
37.54,0.0955263180595416,-0.0609518472287953,0.0649807841949005,-0.00631559712861839
37.55,0.07892757917878,-0.060442034185132,0.0671396223407385,-0.00608113248984639
37.56,0.0624812249101754,-0.0598883808567919,0.0693246223765772,-0.0058702089169985
37.57,0.0462097587897248,-0.0592954921164237,0.0715183986095249,-0.005682941303779
37.58,0.0301585831650182,-0.0586688644619588,0.0737081450920423,-0.00551920726088078
37.59,0.0142541799772846,-0.0580012459961639,0.0758809090846676,-0.00537883285183884
37.6,-0.0014125315668394,-0.0573026738025226,0.0780248728361438,-0.0052615645217709
37.61,-0.0169307002846757,-0.0565655195809598,0.0801306925909359,-0.00516696531260584
37.62,-0.0321941948782416,-0.0558003225295005,0.0821866641520858,-0.00509455731784853
37.63,-0.0473049637818395,-0.0549993437830629,0.0841716997034871,-0.00504427599646038
37.64,-0.0621465603589682,-0.0541736164871351,0.086070409883649,-0.00501543948761355
37.65,-0.0768311339431609,-0.0533155108066382,0.087873896139465,-0.00500686976779024
37.66,-0.0912355545067454,-0.0524362259097125,0.0895757248718448,-0.0050172099478541
37.67,-0.105479418428983,-0.0515282237823,0.0911711168112209,-0.00504501438209131
37.68,-0.119435599351059,-0.0506026235103576,0.092661806659145,-0.00508856509713941
37.69,-0.133228257810424,-0.049651915135667,0.0940558054822811,-0.00514601622723488
37.7,-0.146728421967362,-0.0486868366924578,0.0953561058574493,-0.00521581021528564
37.71,-0.160062614737705,-0.0476999861445771,0.0965627217142804,-0.00529646607491708
37.72,-0.173101831664401,-0.0467017513119755,0.097674595358481,-0.00538658462341605
37.73,-0.185972641412077,-0.0456849620723759,0.0986937828524332,-0.0054849330438267
37.74,-0.198547107406827,-0.0446595615611341,0.0996206444687324,-0.00559031244949151
37.75,-0.210950072780132,-0.0436186432104925,0.100454589949333,-0.00570147422888828
37.76,-0.223055718266932,-0.0425716873539926,0.101195980395096,-0.00581718483121257
37.77,-0.234985979567141,-0.0415120972227779,0.101845676714252,-0.00593623395171918
37.78,-0.246618113770385,-0.0404488343888423,0.102407157629109,-0.00605750477187006
37.79,-0.258070317579627,-0.0393755824051407,0.102884919937815,-0.00617994559957919
37.8,-0.269223712407746,-0.0383007035440684,0.103285684566877,-0.00630264175267067
37.81,-0.280192214849116,-0.0372181236835023,0.103615499678845,-0.00642474610697081
37.82,-0.290861472300565,-0.0361355883023023,0.103878567963649,-0.0065454040440657
37.83,-0.301340750464715,-0.0350473099437754,0.104079445241058,-0.00666383167675004
37.84,-0.311572757482101,-0.0339574179269783,0.104222586387415,-0.00677934728602542
37.85,-0.321505440386999,-0.032869520208539,0.104313003191002,-0.00689136227100419
37.86,-0.331240747029052,-0.0317782842719059,0.104355905993638,-0.00699936104024466
37.87,-0.340677521550876,-0.0306899990454845,0.104357709103958,-0.00710301363429149
37.88,-0.349912753645019,-0.0295996052172605,0.104323043021944,-0.00720204318074488
37.89,-0.358851033185072,-0.0285128620359448,0.104255136767533,-0.00729619150538078
37.9,-0.367584217618338,-0.0274250240404301,0.104157487098975,-0.00738523192334782
37.91,-0.376022593484578,-0.0263413636663551,0.10403421912579,-0.0074689662282776
37.92,-0.384252723068685,-0.0252574280818388,0.10388933485756,-0.00754724934898624
37.93,-0.392190458954328,-0.0241780171004176,0.103725918815482,-0.00762002696470134
37.94,-0.399916996654236,-0.0230989749136348,0.103546686471799,-0.00768730120328178
37.95,-0.407353602640632,-0.0220246686173448,0.1033543869284,-0.00774910592780343
37.96,-0.414576103139548,-0.0209512317773243,0.103151918887431,-0.00780549605101162
37.97,-0.421510979890084,-0.019882611532478,0.102943055131198,-0.00785656709784788
37.98,-0.428228763635218,-0.018815197150992,0.102731800783859,-0.00790243704079798
37.99,-0.434660950918692,-0.0177525145812579,0.102522427052526,-0.00794322867819787
38,-0.430296759097734,-0.0215221549195848,0.10231934945161,-0.00797912094977417
38.01,-0.437416905791634,-0.0226933144747618,0.106093805246226,-0.00760936995902529
38.02,-0.444370325931959,-0.023797132323011,0.109589538129801,-0.00721622575760834
38.03,-0.451141411587413,-0.024878346307005,0.112981135628641,-0.00683701133312179
38.04,-0.457743911232937,-0.0258853160819689,0.116442356509922,-0.0064706487384024
38.05,-0.464267436740529,-0.026936284623987,0.120075180500566,-0.0061207776342937
38.06,-0.470848940813766,-0.0279833570467579,0.123885575440949,-0.00579419835422053
38.07,-0.477621954438164,-0.0291707245475684,0.12785222421279,-0.00549742465092228
38.08,-0.48474846556233,-0.0304083863632272,0.131968600595218,-0.00523397447463584
38.09,-0.492361308435525,-0.0318528614495861,0.136256646332498,-0.0050056569011663
38.1,-0.500613648409418,-0.033362810045251,0.140755037200911,-0.00481335967453207
38.11,-0.509610836142566,-0.0350066856617618,0.145476348874935,-0.00465946128257228
38.12,-0.519414992782224,-0.0368713253385287,0.150419923554007,-0.00454633154602869
38.13,-0.530148305163379,-0.038745721667027,0.155570336057757,-0.00447635336284245
38.14,-0.541793811633874,-0.0408129856549933,0.160900804173382,-0.00445204304063847
38.15,-0.554486021895708,-0.0428295108246132,0.166387110440823,-0.00447441491767696
38.16,-0.568136531248805,-0.0450037147791801,0.171978518918876,-0.00454458821602598
38.17,-0.582922141440054,-0.0470668080982626,0.177621178481078,-0.00466332564088466
38.18,-0.598676044192946,-0.0492569272371966,0.183259019743999,-0.00483094494246587
38.19,-0.615643780736977,-0.0512838369984016,0.188823781194829,-0.00504726932890141
38.2,-0.633564833389362,-0.0534156097445011,0.194238048149172,-0.00531200426778199
38.21,-0.652773895148195,-0.0553412436943887,0.199424046810532,-0.00562495083739432
38.22,-0.672897146618779,-0.0573573123466245,0.204331281234252,-0.00598426015894609
38.23,-0.694375284916199,-0.0591314796406409,0.208971182948229,-0.00638418499535083
38.24,-0.716697965929694,-0.0609857713295028,0.213341286925444,-0.00682068490733119
38.25,-0.740086006657588,-0.0627471157731518,0.217400762786454,-0.00729162872103322
38.26,-0.764903085800774,-0.0642198445500617,0.221109598557727,-0.00779431347536039
38.27,-0.790401351942856,-0.0657643464695979,0.224425493998374,-0.00832551392324033
38.28,-0.817365771888255,-0.0669962726094988,0.227283708518486,-0.00888301380781059
38.29,-0.84487241524726,-0.0683003575697474,0.229655815721729,-0.00946352941560948
38.3,-0.873878109298855,-0.0692740693672519,0.231528256002955,-0.0100626863057011
38.31,-0.903267914094757,-0.0703243961606934,0.232909327150517,-0.010676009943076
38.32,-0.93351917009191,-0.0712474432694419,0.233830219425616,-0.011299526927102
38.33,-0.965308200989554,-0.0718193991037197,0.234302413641825,-0.0119292589601049
38.34,-0.997210365110909,-0.0724788097666863,0.234336344414494,-0.0125607458549548
38.35,-1.03067439833044,-0.07277751409575,0.233970814709094,-0.0131901483265284
38.36,-1.06405987486982,-0.073172479620476,0.233252271664617,-0.0138144103144388
38.37,-1.09809675888368,-0.0734382079421322,0.232219951809456,-0.0144309249496001
38.38,-1.13374296485777,-0.0733318037408604,0.230916036567287,-0.0150376236338115
38.39,-1.16902055679403,-0.0733364954093436,0.229378059350248,-0.0156325819071188
38.4,-1.20594935122575,-0.0729637127909288,0.227639294567978,-0.0162140251119816
38.41,-1.24231845865924,-0.0727114383527829,0.225738603676636,-0.0167807304888254
38.42,-1.27915009136813,-0.0723342239682692,0.223719873771955,-0.0173318227295361
38.43,-1.31771016234333,-0.0715719886426751,0.221621289774078,-0.017866510611362
38.44,-1.35542860823326,-0.0709433466821352,0.219474600584225,-0.0183841922190765
38.45,-1.39351333504838,-0.0701919540522492,0.217304240473437,-0.0188844212108006
38.46,-1.43342118502719,-0.0690488796763201,0.215133211221707,-0.0193672384986152
38.47,-1.47221444778792,-0.0680503971640156,0.212978222785696,-0.0198325453064878
38.48,-1.51129002480641,-0.0669307529944163,0.210850537011057,-0.0202801757387032
38.49,-1.5522971384525,-0.0654138532686266,0.208760268364535,-0.0207100159497023
38.5,-1.59192567094177,-0.064050607313283,0.206714603822057,-0.0211219430980321
38.51,-1.63176442554447,-0.0625676941187512,0.204715365170817,-0.0215158718098849
38.52,-1.67365555091004,-0.0606836638613004,0.202769945703719,-0.0218919102228908
38.53,-1.71391355727243,-0.0589605717386311,0.200881210444487,-0.0222501520780508
38.54,-1.75431975534371,-0.0571191333369636,0.199046776112434,-0.0225906475607643
38.55,-1.79690885346104,-0.0548744041033804,0.197264385621914,-0.0229135061203318
38.56,-1.83761835949645,-0.0527959742079444,0.195531316004118,-0.0232188312794339
38.57,-1.87841767924945,-0.0506002522630862,0.193840237577715,-0.02350669642606
38.58,-1.91928162544172,-0.0482871572111175,0.192185725724231,-0.0237772034903946
38.59,-1.96248287502236,-0.0455687125980301,0.190565094313651,-0.0240303308311821
38.6,-2.00343364026644,-0.0430186933415863,0.188974291985239,-0.0242660455519784
38.61,-2.04432363367685,-0.040349041661993,0.187397715973872,-0.0244846546055507
38.62,-2.08757479946383,-0.0372717714150236,0.18582499692514,-0.0246863703798348
38.63,-2.12817516415618,-0.0343573220939657,0.184250378503583,-0.0248710171796823
38.64,-2.16842272895827,-0.0313158148132996,0.182667563244833,-0.0250382007821741
38.65,-2.20813889972072,-0.0281425229700676,0.181073578310635,-0.0251875836721044
38.66,-2.24981908033682,-0.0245499284002431,0.179466768269848,-0.0253188935354744
38.67,-2.28780105293946,-0.0210976359181875,0.177845080467708,-0.0254318710654061
38.68,-2.3244644368277,-0.0174983023830565,0.176203356945971,-0.0255262384425501
38.69,-2.36238709794451,-0.0134736804499573,0.17453999022743,-0.0256017569241754
38.7,-2.39557655359254,-0.00957696193715613,0.172859647551481,-0.0256584339827568
38.71,-2.42658932402121,-0.00553346812125301,0.171162181693321,-0.0256963512383896
38.72,-2.45816479407532,-0.00108152748960023,0.169445762865923,-0.0257154601043786
38.73,-2.48416995861536,0.00323301665568047,0.167711047746415,-0.0257157346393818
38.74,-2.51040367395721,0.0079294736121938,0.165954398638294,-0.0256971794390346
38.75,-2.53074387792848,0.0124703005878714,0.164174039031064,-0.0256598019348019
38.76,-2.55116253286554,0.0173548995317486,0.162365617356341,-0.0256036371573733
38.77,-2.56561327579557,0.022057106307605,0.160527565689134,-0.0255287026905167
38.78,-2.57007705858184,0.0258873422254326,0.158655146593821,-0.0254350733879248
38.79,-2.57222015035828,0.0297587295985157,0.156738275738053,-0.0253228812884032
38.8,-2.56924830292385,0.0334342116972096,0.154777957290362,-0.0251921692367498
38.81,-2.56718456627436,0.0373682019942627,0.152780464089693,-0.0250431310031353
38.82,-2.56322585259107,0.0413158655300469,0.150752493956109,-0.0248759561442458
38.83,-2.55476199889422,0.045057964447073,0.148699185800565,-0.0246907516600899
38.84,-2.54759594494358,0.0490105035028089,0.146694141079176,-0.0244849130314078
38.85,-2.53906188544906,0.0529497352406128,0.144879988903722,-0.0242527620724337
38.86,-2.5266801932094,0.0566790275236897,0.143310314414985,-0.0239945822171154
38.87,-2.51587299326169,0.0605821724081067,0.142038310966095,-0.023711179134417
38.88,-2.50404280491948,0.0644651575486135,0.143919588562684,-0.0233323711838187
38.89,-2.49115097518337,0.0684093346596682,0.155803964427917,-0.0224902182639812
38.9,-2.4747520209233,0.0722865344125332,0.16803041416123,-0.0216420269646803
38.91,-2.45970645512781,0.0764237597502493,0.178379642346289,-0.0209830742141818
38.92,-2.44360261280659,0.0806078325377976,0.182908355684678,-0.0206974253743373
38.93,-2.42432746233293,0.0845952406012595,0.175755386596042,-0.0210372915558009
38.94,-2.40656229686683,0.0885441349156437,0.152576346703885,-0.0220886557657967
38.95,-2.38822668204311,0.0921415696017899,0.114900774200747,-0.0236202188182124
38.96,-2.36741161880601,0.0951427523425221,0.0691949120974938,-0.0251710657380839
38.97,-2.34832805960437,0.0977729108537564,0.0212779511170605,-0.0263939461404863
38.98,-2.3288710671658,0.0998928772505701,-0.024738745317499,-0.0271043167293468
38.99,-2.30711882657551,0.101426651359954,-0.0644532182181582,-0.0271395709456638
39,-2.28679243791676,0.102702753371506,-0.093854166378609,-0.0263817838863325
39.01,-2.26583267526271,0.103710737222917,-0.11158325465475,-0.0248751077361678
39.02,-2.24239748049725,0.104452236477208,-0.120845830834979,-0.0226896315359151
39.03,-2.2198485634319,0.105177230384971,-0.12837663515061,-0.0200827886505889
39.04,-2.19640434652176,0.105816925671547,-0.130732121700231,-0.0174499471387303
39.05,-2.17055481386267,0.106321525535729,-0.12976607035407,-0.0149620406885421
39.06,-2.14550813484013,0.106901945970331,-0.127149319874856,-0.0127099389966709
39.07,-2.11973698455562,0.10746922796879,-0.124635748254546,-0.0107539196115332
39.08,-2.09193863819931,0.107934341198743,-0.123802261269957,-0.00912529144944783
39.09,-2.06503404171812,0.108435688043187,-0.125785087864452,-0.00782159452777084
39.1,-2.03639117532486,0.108787428616377,-0.131034933701827,-0.00680293802764801
39.11,-2.00871829123299,0.10910424984131,-0.139405642424636,-0.00600351322732546
39.12,-1.98075492869377,0.109283010086963,-0.150215624196548,-0.00534205619591445
39.13,-1.95142625501018,0.109243695997026,-0.162501234306559,-0.00473848890586521
39.14,-1.92309481215101,0.109102756453193,-0.175229746499102,-0.00412636422049672
39.15,-1.8935678406524,0.108742526617816,-0.187389271037263,-0.0034558908858995
39.16,-1.86498731905585,0.108285823419513,-0.198164188494145,-0.00269869031311068
39.17,-1.83533283715587,0.10764363295745,-0.206985316907831,-0.00184640274129915
39.18,-1.8065453572095,0.106937465353628,-0.213545924683222,-0.000907875169253751
39.19,-1.7776394792414,0.106138933928028,-0.217784491431452,9.56969367221934e-05
39.2,-1.74781333849432,0.105230624837136,-0.219867548662471,0.00113375347519774
39.21,-1.71874117407481,0.104314960599755,-0.220135431452354,0.00217218961944218
39.22,-1.6888628329841,0.103330240918813,-0.219005118941549,0.00317852893650681
39.23,-1.65969067881496,0.102360037700835,-0.216943733354975,0.00412445330286472
39.24,-1.62984671786405,0.101343597869041,-0.21439270352882,0.0049880461481715
39.25,-1.60068720030926,0.100346078063186,-0.211732257083147,0.00575561571418425
39.26,-1.5710055444618,0.0993086140601583,-0.209251376596657,0.00642193066563175
39.27,-1.54200583499063,0.0982817348176032,-0.20712774203258,0.00698914273572725
39.28,-1.51312951470733,0.0972332942104913,-0.205440912392101,0.00746517950148623
39.29,-1.48396556007679,0.0961391203503658,-0.204189878395268,0.00786203968054704
39.3,-1.45549122896956,0.0950373012303269,-0.202770561900783,0.00820484558769179
39.31,-1.42684452988187,0.0939093153992887,-0.198580107116194,0.0086307533074549
39.32,-1.39882899615114,0.0928036036993466,-0.193956031746784,0.00903457729819321
39.33,-1.37072531851311,0.09169156227515,-0.189212100775936,0.00937591581502151
39.34,-1.34323255791867,0.0906011049783094,-0.184510699813819,0.00964921262310786
39.35,-1.31575579687103,0.0895067202287687,-0.179972334927432,0.00985734849174369
39.36,-1.28887349373931,0.0884282014924998,-0.175677270672428,0.0100058903533398
39.37,-1.26209773793969,0.0873441971671862,-0.171675219207258,0.0101013978511916
39.38,-1.23589525029939,0.0862684248538242,-0.167993145620964,0.0101507472969434
39.39,-1.20987294157519,0.0851841712636214,-0.164646866642567,0.010160419926807
39.4,-1.18439704478502,0.0841002372417123,-0.16174636279098,0.0101396432641094
39.41,-1.15914623607597,0.0829919794219531,-0.161617753593046,0.0102022508912545
39.42,-1.13437666389563,0.0818417266130859,-0.163252562320592,0.0103165773305925
39.43,-1.10985079065901,0.0806367284487716,-0.165190207694759,0.0104503714637133
39.44,-1.08577016449226,0.0793809881765774,-0.167136630480756,0.0106003083405674
39.45,-1.06202914870058,0.0780736959454449,-0.16901933537086,0.0107678679648013
39.46,-1.03858172690182,0.0767176315892118,-0.170785304103525,0.0109543568600539
39.47,-1.01553440278494,0.0753150943939296,-0.172370401893118,0.0111608988831484
39.48,-0.992800813537901,0.0738713341154274,-0.173704946049878,0.0113881052705205
39.49,-0.970435098594867,0.0723877724734259,-0.174728024427856,0.0116354806884118
39.5,-0.948395988094139,0.0708730246381973,-0.175390754708073,0.0119017132624023
39.51,-0.926695395583769,0.069327605463092,-0.175646248286997,0.0121849360348792
39.52,-0.905330072333687,0.0677627784306733,-0.175452627779034,0.0124828126881031
39.53,-0.884277894002096,0.0661783124836006,-0.174769498044151,0.0127927736344875
39.54,-0.863568020079111,0.0645875881945665,-0.173552270501831,0.013111857902397
39.55,-0.843150889403564,0.0629900039419505,-0.171748453938554,0.0134373937837114
39.56,-0.823082162580665,0.0614009021895257,-0.169309173562537,0.0137661718896686
39.57,-0.803289617497597,0.0598195469352154,-0.166215773535061,0.014093101872535
39.58,-0.783850562029897,0.0582622205385177,-0.162491578944654,0.014411509019441
39.59,-0.764675646136977,0.0567270124914858,-0.158187059451477,0.0147139159912111
39.6,-0.745860243253199,0.0552295661057838,-0.153380945720026,0.0149924041359594
39.61,-0.727302398699651,0.0537658996821472,-0.148175921071641,0.0152390826272881
39.62,-0.709111805219682,0.0523498157542313,-0.142689366677119,0.0154464579333482
39.63,-0.69117748875201,0.050974724320731,-0.137045265009299,0.0156080596272595
39.64,-0.673619668451063,0.0496520082096208,-0.131366619930788,0.0157188605940812
39.65,-0.656320646299937,0.0483725740474777,-0.12576211244372,0.0157756244553937
39.66,-0.639407364183082,0.0471455417579219,-0.120325488078635,0.0157768148402905
39.67,-0.622757513323132,0.0459600313494192,-0.115125978927616,0.0157228621748683
39.68,-0.606501379716837,0.0448235453462082,-0.110214716038593,0.0156155947572238
39.69,-0.590513409413886,0.0437243862449151,-0.105613218856463,0.015458156913878
39.7,-0.574924130611203,0.0426692905083345,-0.101327049964887,0.0152545282941348
39.71,-0.559606186631648,0.0416466502993201,-0.0973533307837628,0.0150094475270509
39.72,-0.54468847909488,0.0406628528497324,-0.0936835245043066,0.0147278042868921
39.73,-0.53004353390268,0.0397067413816202,-0.0903011481471291,0.0144146251429727
39.74,-0.515735064521299,0.038780437097308,-0.0871892980958451,0.0140747633403877
39.75,-0.501823542500342,0.0378857718097793,-0.0843299478605016,0.0137128929569753
39.76,-0.488183674018742,0.0370125990856213,-0.081705519676603,0.0133335166263608
39.77,-0.474935112215279,0.036166923053397,-0.0792978976318246,0.0129406058961466
39.78,-0.461955322264508,0.035339328493069,-0.0770852988632346,0.0125378538651909
39.79,-0.4493590574185,0.0345357245949047,-0.0750477138134817,0.0121285048463631
39.8,-0.437027271363153,0.0337474724925612,-0.0731652923156396,0.0117155175435924
39.81,-0.425069326141584,0.0329803596678322,-0.0714213475673536,0.0113015279325766
39.82,-0.413370154629986,0.0322265037623065,-0.0697940563344055,0.010889013626506
39.83,-0.402033414166913,0.0314915673988607,-0.068269581646444,0.0104801386892757
39.84,-0.390948345723499,0.0307683845349004,-0.0668308886534935,0.0100767446952287
39.85,-0.380212546472732,0.0300624591866428,-0.0654629498303707,0.00968045265774135
39.86,-0.369719772890977,0.02936732624113,-0.0641508083472999,0.00929257334102409
39.87,-0.359561775766054,0.0286874286738244,-0.0632728279895802,0.00890862635093325
39.88,-0.349644822466678,0.0280100511716306,-0.0628912594240592,0.00850263070017694
39.89,-0.340059903680951,0.0273391996916965,-0.0625722679187995,0.00811432693669606
39.9,-0.330709152431879,0.02667069314542,-0.0620566777003746,0.00775514411375698
39.91,-0.321668744139552,0.0260120700562455,-0.0612411892954883,0.00742804416792544
39.92,-0.312843164850369,0.0253619824783912,-0.0600703823550643,0.00713174441223815
39.93,-0.304301980316554,0.024728636503099,-0.0585451627400126,0.00686197782744075
39.94,-0.295955488052919,0.0241109740738126,-0.0567172543334692,0.00661282614990868
39.95,-0.28786951473805,0.0235156076220138,-0.054770317628212,0.00637543762061707
39.96,-0.279965907126733,0.0229426584358345,-0.0519021298456549,0.00611938226151561
39.97,-0.27231113710842,0.0224029596091042,-0.0488863444215972,0.00585881510854478
39.98,-0.264829296212432,0.0218917215025896,-0.0460568358325807,0.00559474881923249
39.99,-0.257549172777382,0.0214076871593009,-0.0436310334594773,0.00532113312125523
40,-0.261672261523995,0.0187132402535123,-0.0417355292943596,0.00503585725478961
40.01,-0.25475241997217,0.015899252888867,-0.0411112209055822,0.00473955146955819
40.02,-0.248288144424988,0.0130871192664549,-0.0407524636166201,0.00446700387409098
40.03,-0.242243917212549,0.0103361654354181,-0.0383423679667365,0.00432002917238923
40.04,-0.236582224467597,0.00760874473552228,-0.0323901397171383,0.00434056433747346
40.05,-0.231304038753091,0.00498935193555694,-0.0222156460587471,0.00451996672295487
40.06,-0.226460806714457,0.00239012140834077,-0.00786010187719529,0.00481252386254774
40.07,-0.222118733631063,-8.50410806582554e-05,0.00984491364259269,0.00514282233027488
40.08,-0.218383511422345,-0.00256380342733341,0.0297411682900381,0.00543324368803865
40.09,-0.215366772704875,-0.00492387075284869,0.0504287811604848,0.00561226562389572
40.1,-0.213189501804011,-0.00732886883580446,0.0707351385958303,0.00563477606235845
40.11,-0.211968664442259,-0.00962932641787732,0.0896170917322676,0.00547525729213752
40.12,-0.211786975149256,-0.0120145784183307,0.106539496550644,0.00513880586368626
40.13,-0.212748233545565,-0.0143012548028665,0.121183326189268,0.00464395491609332
40.14,-0.214868041311592,-0.0166983229464395,0.133800538282629,0.00403234514606877
40.15,-0.218247695508889,-0.0189845180164635,0.1447188831108,0.00334474766871887
40.16,-0.222820174366579,-0.0213838993642899,0.154652372306583,0.00263051604764479
40.17,-0.228705880457132,-0.0236358451679291,0.16414996926987,0.00192387349565369
40.18,-0.235744049835314,-0.0259793315954319,0.173921834757079,0.00125673010535933
40.19,-0.244103594620229,-0.0281186929919255,0.184290465563213,0.000637781912672967
40.2,-0.253522160638417,-0.0303126250097821,0.19560304583696,7.0988422400351e-05
40.21,-0.264249196482578,-0.0322385067358428,0.20773370004546,-0.000461236851263255
40.22,-0.275913288520827,-0.0341824307045132,0.220568808502136,-0.000975440319963225
40.23,-0.288873717864744,-0.0358039593486512,0.233633541689425,-0.0015009247794081
40.24,-0.302636750942838,-0.0374217542906973,0.246656486860332,-0.00205356018338018
40.25,-0.317692841153922,-0.0386808512418264,0.259209819588141,-0.0026511719751501
40.26,-0.333405723071335,-0.0399308187543356,0.271136419570372,-0.00329701815592487
40.27,-0.350412668426648,-0.0408007485574182,0.282187614679876,-0.00399584662400353
40.28,-0.367914832497136,-0.0416673100435148,0.292335332552633,-0.00474240617986798
40.29,-0.386224039034413,-0.0423446783527914,0.301453691481165,-0.00553507206238957
40.3,-0.405829862553079,-0.0426264256241615,0.309563305125675,-0.00636733459759174
40.31,-0.425659353799849,-0.0429251588885576,0.316751205693351,-0.00722846098463433
40.32,-0.446784960413297,-0.0428232426285003,0.322955623429648,-0.00811400603489924
40.33,-0.467932941112688,-0.0427541272141166,0.328250039447621,-0.00901538692070964
40.34,-0.490375730776199,-0.042282673383247,0.332597297961,-0.00992800837568865
40.35,-0.512631664539109,-0.0418619472882697,0.336093888931401,-0.0108433237379472
40.36,-0.53533664032512,-0.0412753100749224,0.338720939246178,-0.0117573599201561
40.37,-0.559349316974011,-0.0402883647412276,0.340540259805583,-0.0126645234917436
40.38,-0.582861629697857,-0.0393817048001637,0.341663145330963,-0.0135572465350164
40.39,-0.607702840140693,-0.0380778983390955,0.342067671351056,-0.0144345733292984
40.4,-0.631839154442104,-0.0368733048592451,0.341849520179527,-0.0152916508776194
40.41,-0.656234491722232,-0.0355673468514453,0.333054992174696,-0.0164371820383095
40.42,-0.682152944883072,-0.0339732252593438,0.32054801048501,-0.0176737891883448
40.43,-0.70722714455475,-0.0326183598589915,0.307377210481039,-0.0187736459300788
40.44,-0.73256170109426,-0.0312530763856316,0.293850920739841,-0.019713898905782
40.45,-0.759505396920442,-0.0296121986535049,0.280172249511549,-0.0204933972027815
40.46,-0.785310566512404,-0.0282292514452529,0.266538353746909,-0.0211155390590969
40.47,-0.811269720884056,-0.026839306160747,0.253064057641791,-0.021590382291946
40.48,-0.838926969912672,-0.0251649268439029,0.239864797262852,-0.0219310612010132
40.49,-0.865174359511994,-0.0237526738038102,0.227025700849361,-0.0221471054343832
40.5,-0.891500363937517,-0.0223266395617482,0.214610724519693,-0.0222461019081458
40.51,-0.919644939401208,-0.0206009495100807,0.202697818390992,-0.0222362494450633
40.52,-0.946132630148081,-0.0191331555884258,0.191351667600273,-0.0221257870390056
40.53,-0.972644976081657,-0.017638642478144,0.180625999770991,-0.021922504498113
40.54,-1.00112744778069,-0.0158100437078134,0.174715663261434,-0.0217792222709464
40.55,-1.02779216195195,-0.0141551952768904,0.174052549576111,-0.0218038244988888
40.56,-1.05452895543095,-0.0123664489083583,0.174397467002025,-0.0218556418963832
40.57,-1.08345809908984,-0.0101506841140951,0.174990196186366,-0.0219100210646205
40.58,-1.11035335810809,-0.00808436628067821,0.175715238205628,-0.0219608892139193
40.59,-1.13726288588868,-0.00587880187847714,0.176557099126778,-0.0220067335628107
40.6,-1.1641555710592,-0.00353294217298916,0.177501972969672,-0.0220477449341968
40.61,-1.19337279093467,-0.000755177552439396,0.178532838585177,-0.0220845827734494
40.62,-1.22015825764415,0.00187596545249585,0.179632775741887,-0.0221179195677756
40.63,-1.2467639799304,0.00465245054754021,0.180789270660638,-0.0221481687462691
40.64,-1.27566324903071,0.00786497000335268,0.181978493475645,-0.0221770211560865
40.65,-1.30165990382764,0.0109402508555541,0.183141360127915,-0.0222076505409464
40.66,-1.32707922578869,0.0141704379470373,0.184153871750656,-0.0222449653158253
40.67,-1.35169090038632,0.0175589902990775,0.18490683883449,-0.0222939512366916
40.68,-1.37801474240097,0.0213907192768064,0.185264262476597,-0.0223581315014105
40.69,-1.40022464173155,0.0250989695767956,0.184942438365772,-0.0224453878365735
40.7,-1.42075660548563,0.0289610461276566,0.183435879102129,-0.0225709992999198
40.71,-1.44225239593802,0.0332377362530336,0.180328151136499,-0.02275035513983
40.72,-1.45863649595146,0.037362419798622,0.175767264153166,-0.0229409882946162
40.73,-1.47557470561577,0.0418375914917219,0.166092569472659,-0.0232936352894268
40.74,-1.48698335541503,0.0460585538861895,0.150566010825896,-0.0238082453311131
40.75,-1.49574169556938,0.0502258677218975,0.129003255667315,-0.0244360629183176
40.76,-1.50485397474237,0.054526241147881,0.102013693832434,-0.0250937170648457
40.77,-1.50828431296997,0.0583764540961904,0.0709749107315781,-0.0256724012040057
40.78,-1.50185994250484,0.0610681901277064,0.0373018901942462,-0.0260811217185386
40.79,-1.49340668205396,0.0634816385346851,0.00212847578567532,-0.0262573718551491
40.8,-1.48010060454381,0.065369650827816,-0.0327285634438311,-0.0261229130256745
40.81,-1.46801410078655,0.0672117350712878,-0.0656693903692565,-0.0256239846432326
40.82,-1.45430500933231,0.068784578939131,-0.0953074102089975,-0.0247332527166017
40.83,-1.43630554711142,0.0699010767917837,-0.120823398771507,-0.023460670755242
40.84,-1.4198802171898,0.071029642186343,-0.142791676560657,-0.0218046612557543
40.85,-1.40230415970478,0.0719621303265932,-0.162310045240554,-0.0198029588737793
40.86,-1.38106922317146,0.0725367291966513,-0.176450412603913,-0.0176357395105256
40.87,-1.36172615039553,0.0731982471631967,-0.185417542328296,-0.0153898180526025
40.88,-1.34167876490735,0.0737857707520833,-0.189747927623662,-0.013131637836706
40.89,-1.3210278009661,0.0743337098592422,-0.190645379337193,-0.0109392920082597
40.9,-1.29741144904144,0.0746907707793854,-0.189709637061382,-0.00889143815660454
40.91,-1.27584628270847,0.0752124288490745,-0.188666104014157,-0.00705331061262375
40.92,-1.25389299833024,0.0757103327512361,-0.188870829967252,-0.00545722425837329
40.93,-1.22933403611084,0.0760088692571528,-0.191290707042406,-0.0041063781808709
40.94,-1.20681803571456,0.0763971729233942,-0.196337494924033,-0.00297448037508901
40.95,-1.18405651870095,0.0766878194063653,-0.203694476476767,-0.00200463982149005
40.96,-1.16107922852611,0.0768603935557047,-0.212651580322461,-0.00113027257704923
40.97,-1.13586283806691,0.0767696607408005,-0.222348186439154,-0.000290454031375374
40.98,-1.11256570778755,0.0766838450085761,-0.231951134559798,0.000561434517015031
40.99,-1.08909635058021,0.0764690611005853,-0.240689163951127,0.00145802841858399
41,-1.06358601755723,0.0760185637642564,-0.248029558211747,0.00241344161080438
41.01,-1.03984698011999,0.0755889143841037,-0.253672798695728,0.00342554061857146
41.02,-1.0141922475261,0.0749656547610452,-0.257466682596942,0.00448468509679274
41.03,-0.990213826012269,0.0743892463795679,-0.259474720100481,0.00557113521101088
41.04,-0.966105196084365,0.0737625460962995,-0.259898177536151,0.00666119398694163
41.05,-0.940282774720527,0.0730040574863574,-0.259078197830648,0.00772880553889418
41.06,-0.916018775847508,0.0723189827669854,-0.257434378140096,0.00874835853935088
41.07,-0.891684047717473,0.0716134363470209,-0.255330529831584,0.00970070152436552
41.08,-0.865867182514923,0.0708071137669322,-0.253108213214225,0.0105724292826786
41.09,-0.841521507821438,0.070074782489012,-0.249636628037991,0.0114101166707933
41.1,-0.815822908772075,0.0692701739711345,-0.245034455867953,0.0122269596589078
41.11,-0.791506723198384,0.068551884398837,-0.240291719722437,0.012958330737653
41.12,-0.767208116732956,0.0678409240182985,-0.235592097679566,0.0135976082808235
41.13,-0.741765587007947,0.0670720006348232,-0.231015624639307,0.0141480419111783
41.14,-0.7176126517471,0.0663763125740675,-0.226556248631662,0.0146181857243138
41.15,-0.692447282799174,0.0656273085572905,-0.222136026719667,0.0150200910364263
41.16,-0.668499092502532,0.0649440045930255,-0.21769864879347,0.0153630892057747
41.17,-0.644644623131024,0.0642655380265831,-0.213226472936247,0.0156531759640783
41.18,-0.6199474750024,0.0635414046085541,-0.209605565495222,0.0159223927485569
41.19,-0.596331546626484,0.0628532007676315,-0.207865121350101,0.0162335665989257
41.2,-0.571954537458302,0.0620988033211981,-0.206251861015358,0.0165350187006817
41.21,-0.54857595833162,0.0613671817255923,-0.204528492513273,0.0168167620003825
41.22,-0.524544123384356,0.0605763124443788,-0.202700281979285,0.0170767636713801
41.23,-0.501445294935897,0.0598047234524649,-0.200781796020869,0.0173143738537995
41.24,-0.478485027763494,0.0590130497100974,-0.19878581489824,0.0175296523957315
41.25,-0.455037977774339,0.0581718394564172,-0.196730314804767,0.0177226589570661
41.26,-0.432442486221284,0.0573440730589188,-0.194633768102413,0.0178937257124841
41.27,-0.409472697026933,0.0564717473243381,-0.192513154806145,0.0180430585561644
41.28,-0.387311975923215,0.0556085090869859,-0.190384229755131,0.018170811429434
41.29,-0.364893324701672,0.054704619788639,-0.188253738082142,0.0182774718478042
41.3,-0.343251341868013,0.0538053638382981,-0.186126068989966,0.0183635985581324
41.31,-0.321464063024234,0.0528689111713572,-0.184011147637071,0.0184294189943495
41.32,-0.300422868623022,0.0519329289879696,-0.181920984681155,0.0184750707572717
41.33,-0.279341726085686,0.0509626486741358,-0.179868108837333,0.0185008627507765
41.34,-0.258978560735908,0.0499886818250202,-0.177866888550395,0.01850718548792
41.35,-0.238672392595406,0.0489826644293191,-0.17592885886722,0.0184944957420432
41.36,-0.219056577824476,0.0479688959885058,-0.174063422403032,0.0184633545775651
41.37,-0.199823828699884,0.046933814733001,-0.172278781791748,0.0184144268267197
41.38,-0.180774014714025,0.0458693527114653,-0.170585383526057,0.0183484915635583
41.39,-0.162372822720894,0.044791572264819,-0.168993294599616,0.0182663989762905
41.4,-0.144222836195357,0.0436857707295316,-0.167509626382841,0.0181689673277225
41.41,-0.126691589192301,0.0425633760714195,-0.166140651158518,0.0180570152194342
41.42,-0.109467684169363,0.0414141617224139,-0.164895210801384,0.0179313726109692
41.43,-0.0928310622251534,0.0402454901191879,-0.163781043814444,0.0177929243089183
41.44,-0.0765460950428452,0.0390510222023419,-0.162804187092168,0.0176426685205173
41.45,-0.0608163815945595,0.0378346133472034,-0.161970707253506,0.0174816431453829
41.46,-0.0454730417735831,0.0365932702884376,-0.161287669092492,0.0173109643607749
41.47,-0.030654715249776,0.0353277825099414,-0.160761878304434,0.0171319709936877
41.48,-0.0162498918021008,0.0340380124422504,-0.160391031114399,0.0169462777608131
41.49,-0.00234093724268369,0.0327223810346481,-0.160161821989179,0.016755880004306
41.5,0.0111353644521959,0.0313835174667327,-0.160053492497233,0.0165629646772027
41.51,0.0241425007320881,0.0300181285504946,-0.160045874821294,0.0163694662574248
41.52,0.0367015415918761,0.0286312126950505,-0.160114878059693,0.016177270176948
41.53,0.0488138190189389,0.0272182419217638,-0.160225802872,0.0159884484266701
41.54,0.060464814120559,0.0257864439708604,-0.160329025839481,0.0158054141247365
41.55,0.0716867685030937,0.0243308701112243,-0.160353728518381,0.0156312091403672
41.56,0.0824361451735616,0.0228613357547729,-0.160196587763287,0.0154694033600648
41.57,0.092771710126037,0.0213739400760171,-0.159696793180308,0.0153249569607437
41.58,0.102629125170385,0.0198826127386255,-0.158636080233636,0.0152041114513327
41.59,0.112092071345989,0.0183867153224775,-0.156817048865242,0.0151099665584412
41.6,0.121081599733399,0.0169045048143882,-0.154096932011787,0.0150414025724573
41.61,0.129701099802912,0.0154375718327557,-0.150380822954326,0.0149941156415409
41.62,0.137914353015155,0.0140015524303653,-0.145642760147311,0.0149605886414381
41.63,0.14567384480139,0.0126121545307795,-0.139923644759674,0.0149305540937191
41.64,0.153101833559713,0.0112700904441379,-0.133350319509206,0.0148918061924875
41.65,0.160091395537238,0.00999308914529191,-0.126123759700807,0.0148305084877989
41.66,0.166770131966132,0.00877774163226754,-0.118495139492806,0.0147323873458405
41.67,0.173021023873964,0.00763662833592265,-0.110755853576172,0.0145844196261066
41.68,0.178972238805052,0.00656065617156629,-0.103196332795718,0.0143774254914767
41.69,0.184498956959599,0.00555654868752853,-0.0960618662871586,0.0141070484256758
41.7,0.189729102817108,0.00461058313324623,-0.0895297003419016,0.0137741957774963
41.71,0.194535122193841,0.00372569149621758,-0.0837087202776777,0.0133845885117115
41.72,0.199045950689715,0.00288631978189954,-0.078627541418747,0.0129477024566998
41.73,0.203136025580594,0.00209442204163638,-0.0742574182917121,0.0124754886092483
41.74,0.206936016702006,0.00133530101927217,-0.0705235620652338,0.0119802629192538
41.75,0.210325268023954,0.000611932809032038,-0.0673218474606468,0.0114742203684304
41.76,0.213435704275296,-8.79998015074449e-05,-0.0645265183954791,0.01096847059592
41.77,0.216153039630782,-0.000759485642668287,-0.0619976527970015,0.010472419338388
41.78,0.218609286594871,-0.00141178351029775,-0.059602000666359,0.00999323828825798
41.79,0.220696683490715,-0.00203773670679088,-0.0572182149061077,0.00953596491603666
41.8,0.222545620484077,-0.00264385773471334,-0.0547439513533422,0.00910310256987767
41.81,0.224054233064676,-0.00322154246928464,-0.0521129150352799,0.00869489133828668
41.82,0.225349294864522,-0.0037755935489709,-0.049286440658925,0.00830943482054147
41.83,0.226333695581657,-0.00429724749800096,-0.0462717188885991,0.00794325877932934
41.84,0.227128544368744,-0.00479105410303771,-0.0431065342375299,0.00759189610467308
41.85,0.227640418956129,-0.00524948782286996,-0.0398502361785027,0.00725047609056404
41.86,0.22798356876754,-0.00567792608640372,-0.036583850670634,0.00691448043146497
41.87,0.228067936127639,-0.00607087813853424,-0.0333928344321635,0.00658014115848785
41.88,0.228000493138993,-0.00643499996466124,-0.0303547345169543,0.00624478837446324
41.89,0.22774023713421,-0.00676928002224017,-0.0275336720525255,0.0059073978405121
41.9,0.227251103329998,-0.00707366563120743,-0.0249717462424182,0.00556862535062526
41.91,0.226630331046746,-0.00735571861852964,-0.0226828795761652,0.00523043779763154
41.92,0.225798916489659,-0.00761334792775606,-0.020659230772879,0.00489577878054583
41.93,0.224848877209885,-0.00785356046594548,-0.0188703420317321,0.00456835542687098
41.94,0.223707270124882,-0.00807404407388775,-0.0172699856341102,0.00425177910714513
41.95,0.222461486955995,-0.00828054345966642,-0.0158041854533665,0.00394926401765448
41.96,0.221044715327775,-0.00847005627069976,-0.0144189178991063,0.00366348596744616
41.97,0.219539774160499,-0.00864692998773047,-0.0130660366499078,0.00339616833098478
41.98,0.217885510598709,-0.00880757393016042,-0.0117073341109947,0.00314792906361519
41.99,0.216159713620005,-0.00895526495400645,-0.010316792738536,0.00291848659167426
42,0.214306007989437,-0.00908627232419702,-0.00888831340247252,0.00270668341538725
42.01,0.212396613194855,-0.00920343823590273,-0.00742957815441253,0.00251071897723044
42.02,0.210379023911546,-0.00930350156429835,-0.00595851091961166,0.00232840712997382
42.03,0.208319496806629,-0.00938938084334477,-0.00450252498987249,0.00215746041537254
42.04,0.206168773455461,-0.00945864776234353,-0.00309353444685139,0.00199575197843511
42.05,0.203987180706722,-0.00951456466852975,-0.00176172151041075,0.00184166507963853
42.06,0.201728582884492,-0.00955556037381504,-0.000530574515407103,0.00169416176771411
42.07,0.199447909558687,-0.00958508965454273,0.000585653885702076,0.00155273883490605
42.08,0.197102331853099,-0.00960211314576376,0.00158216890727347,0.00141736582086388
42.09,0.194742052773377,-0.00960992307452748,0.00246421892474935,0.00128843332367072
42.1,0.192327810204819,-0.00960761146370918,0.00324511276750703,0.00116656157907422
42.11,0.189905722768499,-0.00959797990727739,0.00394282498683914,0.00105242767484047
42.12,0.187440178114311,-0.00957998645673682,0.00457799958260293,0.000946599591890083
42.13,0.184973583655708,-0.00955581250828916,0.00517171362359403,0.000849388456197657
42.14,0.182473778145409,-0.00952421391609069,0.00574244330325878,0.000760810615585125
42.15,0.1799795822461,-0.00948681415078725,0.00630420483365049,0.000680533740982471
42.16,0.177477241835735,-0.00944290956622892,0.00686509174273649,0.000607886290191163
42.17,0.17495593410642,-0.00939193587006943,0.00742682810548813,0.000541933575208738
42.18,0.172449048995103,-0.00933510623816971,0.00798557556265093,0.000481576582430272
42.19,0.169931222424722,-0.00927139658920312,0.00853351135392967,0.00042567680829777
42.2,0.167432261763924,-0.00920201658772982,0.00906012309369184,0.000373151856799496
42.21,0.164928913237446,-0.00912630290767414,0.00955433966962259,0.000323084378360773
42.22,0.162447599435618,-0.00904553904434522,0.0100055808728621,0.000274752213522332
42.23,0.159967039360561,-0.00895940057023186,0.0104071355432135,0.000227718527087168
42.24,0.157510633083715,-0.00886917398051413,0.0107550948585904,0.000181772353167882
42.25,0.155059085479641,-0.00877473574925288,0.0110491942227186,0.000136926081788416
42.26,0.152633185521355,-0.00867725424036822,0.0112924622895003,9.33450062446397e-05
42.27,0.150215644674349,-0.00857665936536365,0.0114911554764187,5.13081326697091e-05
42.28,0.147825013410515,-0.00847388686870479,0.0116532270384644,1.11179027721541e-05
42.29,0.145445981533079,-0.00836881423426147,0.0117875931819708,-2.69379311005685e-05
42.3,0.143095128536,-0.00826210499655098,0.0119025499145387,-6.26577811628904e-05
42.31,0.140758982027608,-0.00815356804432721,0.0120053229288919,-9.59390424392421e-05
42.32,0.138452313273435,-0.00804363886347146,0.0121008679285537,-0.000126809600097584
42.33,0.136163301262034,-0.00793211287074248,0.0121921177537525,-0.000155398061556549
42.34,0.133904997265356,-0.00781929089988684,0.0122794316511819,-0.000181930905064654
42.35,0.131666997587594,-0.00770503505858176,0.0123615518869531,-0.000206671987514166
42.36,0.129460698667815,-0.00758960136227798,0.0124355305992551,-0.000229908488392006
42.37,0.127276919021472,-0.007472973702942,0.0124980237442158,-0.000251889285001731
42.38,0.125125513597212,-0.00735541055198701,0.0125453379236375,-0.000272821096026905
42.39,0.122998391282975,-0.0072370236074132,0.0125746694590836,-0.000292824408917892
42.4,0.120904000518317,-0.00711807069057956,0.0125837375756743,-0.00031196090814794
42.41,0.118838572268244,-0.00699874715083878,0.0125720990884385,-0.000330204272960852
42.42,0.116799356590661,-0.00687929285466056,0.012540601369069,-0.000347468307887626
42.43,0.114793024870794,-0.00675988763744026,0.0124908700233204,-0.000363642987861651
42.44,0.112813893477618,-0.00664076265678123,0.0124257694700404,-0.000378585234849531
42.45,0.110867656120421,-0.00652200095995358,0.01234839325325,-0.000392171877275239
42.46,0.108949504069829,-0.00640380770633273,0.0122622966578143,-0.000404294735857247
42.47,0.10706426493784,-0.00628616087733661,0.012170630286293,-0.000414899127072608
42.48,0.10520790454626,-0.0061692346738536,0.0120762886894378,-0.000423962444891332
42.49,0.103384469730113,-0.00605292181086388,0.0119807880792695,-0.000431536524221357
42.5,0.10159059425313,-0.00593739156946484,0.0118852824837984,-0.000437699645553378
42.51,0.0998295977084425,-0.00582248895516537,0.0117898061361306,-0.000442577193563624
42.52,0.0980986760024987,-0.0057084052800302,0.0116939655445782,-0.000446304447274352
42.53,0.0964004725045111,-0.00559497145155677,0.0115964951653851,-0.000449037163656836
42.54,0.0947326558379959,-0.00548242185684834,0.0114962194200554,-0.000450908323327167
42.55,0.093097254529571,-0.00537059218964982,0.0113915643657039,-0.000452041541291051
42.56,0.0914923498864191,-0.00525976253979988,0.0112814669125452,-0.000452518481143193
42.57,0.0899194318851926,-0.00514977344278799,0.0111649422638857,-0.000452401661744189
42.58,0.0883769550012303,-0.00504093615744999,0.0110418529890431,-0.00045171185871783
42.59,0.0868659533267753,-0.00493308052004712,0.0109123143010096,-0.000450458172721569
42.6,0.0853852307145324,-0.00482652488704875,0.0107772512016971,-0.000448621243155074
42.61,0.0839354373664953,-0.00472107045920911,0.0106376621343246,-0.000446187333567696
42.62,0.0825156886096199,-0.00461702349964161,0.0104950802419685,-0.000443132792870876
42.63,0.0811263076573958,-0.00451414749636285,0.010350748879294,-0.000439458627378851
42.64,0.0797666841891917,-0.00441273009029319,0.0102060700851239,-0.000435171902501077
42.65,0.078436857848363,-0.00431250169194039,0.0100618801960602,-0.000430311850331282
42.66,0.0771364441868361,-0.00421373773680946,0.00991896546677667,-0.000424925272642095
42.67,0.0758652256638861,-0.00411614952821449,0.00977744081670567,-0.000419086873057961
42.68,0.0746228953932242,-0.00401987000227411,0.00963725095719495,-0.000412877423019848
42.69,0.0734093123298347,-0.00392503694369088,0.00949814633617206,-0.000406381149726594
42.7,0.0722239227755956,-0.00383136182505621,0.00935943198202433,-0.000399689845746765
42.71,0.0710667147401107,-0.00373913756179514,0.00922064544176122,-0.000392873409735187
42.72,0.0699369467284381,-0.00364808411288978,0.00908108748874984,-0.000385998754391716
42.73,0.068834712186403,-0.00355850675976653,0.00894049405343948,-0.000379103521119598
42.74,0.0677591136090481,-0.00347013110233867,0.00879853660582815,-0.000372217038597206
42.75,0.0667103320150702,-0.00338326681205217,0.00865537170580088,-0.000365341010797725
42.76,0.0656873558881657,-0.00329763783602132,0.00851106431511358,-0.000358476345240911
42.77,0.0646904488251572,-0.00321354964655426,0.00836610790417923,-0.000351604914200306
42.78,0.0637185190785186,-0.0031307187942142,0.00822082712033953,-0.000344715627222871
42.79,0.0627719037180885,-0.0030494408817688,0.00807585814932277,-0.00033778676503467
42.8,0.0618494564292913,-0.00296942298328364,0.00793155176035505,-0.000330810577072487
42.81,0.0609515749266141,-0.00289094980874206,0.00778845596361219,-0.000323773995617076
42.82,0.0600770755435178,-0.0028137212393716,0.00764674975693061,-0.000316680692528904
42.83,0.0592264009311361,-0.00273801401285494,0.00750675108162974,-0.00030952981066836
42.84,0.0583983411468338,-0.00266352574656723,0.00736839338787884,-0.000302335760164696
42.85,0.0575933679895719,-0.00259052965296461,0.00723176118294686,-0.000295105730969502
42.86,0.0568102532882406,-0.00251872600337645,0.0070966014012258,-0.000287858371059025
42.87,0.0560494830297191,-0.00244838788218316,0.00696287168929141,-0.000280601356525407
42.88,0.0553098194718196,-0.00237922089879774,0.00683026642923318,-0.000273350226565164
42.89,0.054591755601658,-0.00231149872424026,0.00669875713083515,-0.000266107053491116
42.9,0.0538940563364996,-0.00224493211445013,0.00656811317285674,-0.000258880199059772
42.91,0.0532172162638069,-0.00217979372348709,0.00643841885521431,-0.000251664455772064
42.92,0.0525600095631891,-0.00211579747863793,0.00630957811448596,-0.000244461750823856
42.93,0.051922926062975,-0.0020532123981209,0.00618180410356202,-0.000237262404907213
42.94,0.0513047579309163,-0.00199175319932779,0.00605511102935536,-0.000230066179852594
42.95,0.0507055748298146,-0.0019315472792994,0.00592978845222981,-0.000222863889662112
42.96,0.0501254314894499,-0.00187271579649305,0.00580598131829816,-0.000215654079423311
42.97,0.0495631597192201,-0.00181497414818478,0.00568368292929535,-0.000208444514034891
42.98,0.0490192197161008,-0.00175857594712301,0.00556315534144153,-0.00020123217696881
42.99,0.0484924760912016,-0.00170323663896219,0.00544438144734753,-0.000194026701000962
43,0.048738766954191,0.00186211865544354,0.00532753809052675,-0.00018683090094671
43.01,0.0488411966970492,0.00423208727848345,0.00809920989290652,-6.00418589076552e-05
43.02,0.0492295674875702,0.00663183952121261,0.00993459935645367,1.24872527484179e-05
43.03,0.0498636172126332,0.00898666109827244,0.00822337959893152,-8.81258371713223e-05
43.04,0.0506954996438598,0.011322738490752,0.00182481870969432,-0.000375678009069284
43.05,0.0517462714286889,0.0135537133580216,-0.0092139932350947,-0.000801274912883317
43.06,0.0530805585444813,0.0157714846373976,-0.0239385743952374,-0.00127912051352108
43.07,0.0547970427663476,0.0178806708005468,-0.0409440880869918,-0.00171812660257488
43.08,0.0570170267696248,0.0200194062846798,-0.0590210908841345,-0.00205471966118368
43.09,0.0598794725683032,0.0220723806835854,-0.0771488553776764,-0.00224976979019771
43.1,0.0635037652925288,0.024205693796324,-0.0946390349859897,-0.00228909076190004
43.11,0.0680185315813322,0.0262667248627575,-0.110930469211942,-0.00217008529416433
43.12,0.0734897730465995,0.0284387495788823,-0.125772738708737,-0.00190595772508027
43.13,0.0800277840866972,0.0305301454018826,-0.138989385474769,-0.00151353772239424
43.14,0.0876291883657814,0.0327428238005099,-0.1507197747668,-0.00102073843145384
43.15,0.0964082072718782,0.0348496915710572,-0.16115055943599,-0.000454615621931684
43.16,0.106283824344059,0.0370721428671909,-0.170685742227831,0.000153839961427822
43.17,0.117399731933597,0.0391496585626608,-0.17959253703836,0.000784177991707703
43.18,0.129588651882804,0.0413253370583561,-0.188202186667085,0.00141849697630666
43.19,0.143054147792263,0.0433104738314445,-0.196603489010512,0.00205266973410287
43.2,0.157533912620424,0.0453736690893176,-0.204888258527055,0.00268464670674512
43.21,0.173319062766142,0.0472031451849939,-0.212918074336697,0.00332226657756006
43.22,0.190038983971272,0.0490964488694605,-0.22051917963469,0.00397505952404116
43.23,0.208096633446328,0.0507236023591767,-0.227427519150007,0.00465349747820207
43.24,0.22699558829329,0.0524120755051828,-0.23350711299216,0.00536038998371465
43.25,0.24726729821802,0.0538131429259739,-0.238668566874405,0.00609500282984241
43.26,0.268267246118983,0.0552803259646014,-0.242876001928745,0.00685430094121391
43.27,0.290671699566449,0.0564449964779298,-0.246100349909333,0.00763386635796774
43.28,0.313670448833506,0.0576848834392329,-0.24833657020221,0.00842937976344342
43.29,0.338102871373593,0.0586117929689839,-0.249641739019721,0.00923336877062902
43.3,0.362978237605779,0.0596255057662685,-0.25006162422609,0.0100391449323644
43.31,0.388715056197707,0.060530298884801,-0.249676270634102,0.0108385694921523
43.32,0.415922131314737,0.0611091185480731,-0.248612020015201,0.0116217580605055
43.33,0.443308251098184,0.0617919569691819,-0.246960525753119,0.0123822609822449
43.34,0.472183430440207,0.0621403335131284,-0.244787127094671,0.013116165873086
43.35,0.50104673153624,0.0626028953089006,-0.242139551584447,0.0138207172749981
43.36,0.53055708639001,0.0629590587743429,-0.239072115890657,0.0144932167649888
43.37,0.561596241257067,0.0629702243099446,-0.235631668843091,0.0151311810932492
43.38,0.592334363674333,0.0631123740157348,-0.231864832675255,0.0157325146306378
43.39,0.62463853852386,0.0629046041592043,-0.227821496271135,0.0162947499687628
43.4,0.656450332551358,0.0628383229445713,-0.223537465680612,0.0168163162448488
43.41,0.688714618507013,0.0626721464618225,-0.219061143775882,0.0172958665189643
43.42,0.722616336657306,0.0621492599943256,-0.21442915883995,0.0177327130152522
43.43,0.75574347312121,0.0617830789730037,-0.209664683710612,0.0181262294583615
43.44,0.789223838610607,0.0613207954787698,-0.204812262474169,0.0184750017805914
43.45,0.824431221491849,0.0604958995945906,-0.199931955146669,0.0187772187203528
43.46,0.85859003877011,0.0598402270753469,-0.195070650384055,0.0190319877860566
43.47,0.89301439864794,0.059090189491104,-0.190246904626061,0.0192399064016962
43.48,0.929268497191662,0.0579708314078891,-0.185476458939418,0.0194018808966844
43.49,0.964207706608702,0.057029789337462,-0.180774287130771,0.0195189273729565
43.5,0.999336974811299,0.0559950339907934,-0.176153379384069,0.0195920980324111
43.51,1.03641320942295,0.0545853389278463,-0.171627631569069,0.0196225251532249
43.52,1.071919503075,0.0533607745584154,-0.167214802284824,0.0196115809017
43.53,1.10755265912469,0.0520422865363681,-0.16292805550816,0.0195606964541093
43.54,1.14526211632881,0.0503439685445041,-0.158777394406028,0.0194713937269584
43.55,1.18115778866207,0.0488347593281134,-0.154770037590818,0.0193453824320413
43.56,1.21712863076876,0.0472304379224991,-0.150910835570011,0.0191844879508118
43.57,1.25531426413444,0.04524233290891,-0.14721046227793,0.0189906816836685
43.58,1.29144627644313,0.0434442013190902,-0.143678647256048,0.0187658714524484
43.59,1.32759383193147,0.041547805732423,-0.140324131167917,0.0185119561384826
43.6,1.36372529448822,0.0395511052167438,-0.137159636345357,0.0182310281296362
43.61,1.40220322658111,0.0371627856385403,-0.134198059682947,0.0179253763133394
43.62,1.43822390859015,0.0349567225715917,-0.131447367607927,0.0175972147143287
43.63,1.4740553349144,0.0326405457754352,-0.128914190833693,0.0172487938729854
43.64,1.5121808702371,0.0299230120355489,-0.126611963821128,0.0168826660519628
43.65,1.54733842496256,0.0273701280748576,-0.125021028707484,0.0164935261316022
43.66,1.58181050640341,0.0246539364975092,-0.129138422075425,0.0158418483706319
43.67,1.61529297586761,0.0217323984116149,-0.134643917360069,0.0151613919854464
43.68,1.65030808937404,0.0183143937939325,-0.140431933436588,0.0145424528649793
43.69,1.68098691038288,0.0149557331607631,-0.14641381816627,0.013992936890095
43.7,1.70978641629665,0.0113712716353317,-0.152538294518142,0.0135137082366542
43.71,1.739361261406,0.00728807165954153,-0.15875533800366,0.0131039499472337
43.72,1.76361509333093,0.00325768761201452,-0.165053300879927,0.0127606783119203
43.73,1.78821352143817,-0.00125560119953995,-0.17156860600827,0.012472908817927
43.74,1.80699853709672,-0.00571012575984634,-0.178457998813038,0.0122306842440592
43.75,1.82279799860017,-0.0103667573619202,-0.18583254817156,0.0120290071476983
43.76,1.83855160231807,-0.0154717675777306,-0.193759929293395,0.0118660710639745
43.77,1.85119376010887,-0.0207496089739954,-0.202203963532214,0.0117465590932793
43.78,1.84752396726022,-0.0247658333153582,-0.209953170621426,0.0116384282931674
43.79,1.84431965207439,-0.0291691145385834,-0.216649886177828,0.0115742241502407
43.8,1.83574987668615,-0.0334543570025337,-0.221133097394815,0.0116481098544891
43.81,1.8279063975234,-0.0380464389630257,-0.220486876767428,0.0119676835882131
43.82,1.81806407843217,-0.0426249628681688,-0.211078699781086,0.0126540976333619
43.83,1.80373549557099,-0.0468628774973992,-0.19021375291286,0.0137252057778932
43.84,1.79092860064779,-0.0510643685983941,-0.157699075980536,0.0150673742810214
43.85,1.77710670508203,-0.0548969334965872,-0.116135109182573,0.0164534649642999
43.86,1.76252192911893,-0.058284043793299,-0.0696851066185931,0.0176319298490744
43.87,1.74475533928987,-0.0610059730061102,-0.0226883752611827,0.0184047823771041
43.88,1.72914818942114,-0.0634531710939661,0.0211708867308102,0.0186475910220671
43.89,1.71308298325887,-0.0654756674671459,0.0587424558693904,0.0182937395979315
43.9,1.69411472663695,-0.0669751735824282,0.0879359170969837,0.0173508522772106
43.91,1.67708557918317,-0.0683820355050324,0.108167402081508,0.0159098300093502
43.92,1.65945221912875,-0.0696048405805127,0.120013785116735,0.014112763085029
43.93,1.64115738058655,-0.070717090015194,0.12506715713333,0.0121285861746493
43.94,1.61997433675267,-0.0716270302772006,0.125399140864824,0.0101192642433693
43.95,1.60033201964168,-0.0726673237298025,0.123255283426354,0.00822162206179879
43.96,1.58000126350401,-0.0736974406621485,0.120717874583232,0.00653445488473471
43.97,1.55700717736613,-0.0745785997078986,0.119739453593256,0.00512397179359919
43.98,1.53551258032356,-0.0755525267102986,0.121847743276416,0.00401844663693141
43.99,1.51352523819143,-0.0764466854629853,0.12776790473496,0.00319791428983559
44,1.48928301809001,-0.0771061581650989,0.137464376097183,0.00260493819790462
44.01,1.46662503139407,-0.0777330502429016,0.1502253201232,0.00215776754106256
44.02,1.44371497612568,-0.0781820195629959,0.164804219056076,0.0017642224886104
44.03,1.4189217868426,-0.0783402243966974,0.179847584627865,0.00134475159282341
44.04,1.39570306307453,-0.0784183741658374,0.194119909588826,0.000842018019932615
44.05,1.37076702411421,-0.0782299940957434,0.206562985277988,0.000221246805915613
44.06,1.3473233468162,-0.0779931918618379,0.215203716738318,-0.000571577512957645
44.07,1.32372321454493,-0.0776551075103897,0.21981685402047,-0.00153398959778399
44.08,1.29855047150848,-0.0771638833166828,0.221932077125893,-0.00254010572167759
44.09,1.27469756395767,-0.0767083644041975,0.222011421488148,-0.0035430627472878
44.1,1.2507131218361,-0.0762208298987781,0.220571742703727,-0.00450741949622432
44.11,1.22535769091679,-0.0756437238819799,0.218173693522165,-0.00540409941125132
44.12,1.20122560557301,-0.0751269265035066,0.215340970115862,-0.00621252570235412
44.13,1.17587276836505,-0.0745362678893553,0.212447968478801,-0.00692363236255235
44.14,1.15169466248265,-0.0740001272900659,0.209742565401566,-0.00753713133806146
44.15,1.12750740258478,-0.0734495785787618,0.207336117488862,-0.00806051751222562
44.16,1.1023182263281,-0.072826797083632,0.205976482071276,-0.00852828371775881
44.17,1.07820648423161,-0.0722179029969863,0.207317449092467,-0.00903888040438721
44.18,1.05319326785132,-0.071504014617536,0.209370387795691,-0.00954440306454953
44.19,1.02918420972582,-0.0707793078942821,0.211513000434898,-0.0100439620471283
44.2,1.00439424751382,-0.0699525228912431,0.213559196959717,-0.0105466241743456
44.21,0.980545384318439,-0.0691108994474229,0.215415628415181,-0.0110579471072409
44.22,0.956774129019011,-0.0682123610245437,0.217025803851392,-0.0115803948000656
44.23,0.932390814089238,-0.0672258841004323,0.218362354840721,-0.0121143151394101
44.24,0.908858755671726,-0.0662240364406888,0.219414612434597,-0.0126589964944585
44.25,0.884825794462362,-0.0651443977425365,0.220180341241248,-0.0132132697815091
44.26,0.861592549629242,-0.0640500662974941,0.22066063877951,-0.0137753357110227
44.27,0.837970901713123,-0.062887709873108,0.220854936085885,-0.0143431511780605
44.28,0.815108439282806,-0.0617115824333291,0.220764933276521,-0.0149146299410051
44.29,0.791972670805665,-0.0604767543610445,0.220392092824264,-0.0154874922071495
44.3,0.769562657710111,-0.0592294572642529,0.219736425216921,-0.0160591284302855
44.31,0.746988497466259,-0.0579326390958028,0.21879716951241,-0.0166269732886464
44.32,0.725108498959341,-0.0566252320485057,0.217577089169571,-0.0171884980474312
44.33,0.703166069251387,-0.0552772914492558,0.216078347617965,-0.0177409933665107
44.34,0.681887790970358,-0.0539210594604207,0.214305766993462,-0.018281957464359
44.35,0.660920110440646,-0.0525439679635827,0.212263653447992,-0.0188090026997594
44.36,0.640024698084875,-0.0511394916778514,0.209955358083723,-0.0193196300138979
44.37,0.619748638016324,-0.0497310383822883,0.207383159464224,-0.0198113397918407
44.38,0.599619651736101,-0.0483037903149815,0.204546725508698,-0.0202817746276063
44.39,0.580077843837068,-0.0468762210345299,0.201448165724637,-0.0207285656551558
44.4,0.560745329467258,-0.045438487476514,0.198096229558121,-0.0211490735900573
44.41,0.541966096615681,-0.0440045754857929,0.194500724174095,-0.0215407258682747
44.42,0.523445270007403,-0.0425689157791909,0.190675099899456,-0.0219009801869683
44.43,0.50544213898815,-0.0411414565402117,0.186633443749916,-0.022227530376408
44.44,0.487734870991904,-0.0397202221028177,0.182398311940772,-0.0225180498201001
44.45,0.470509490034393,-0.0383114605774075,0.177992873943934,-0.0227704997200966
44.46,0.453608566566423,-0.036916072413933,0.17344013039017,-0.0229832739000441
44.47,0.43715544803301,-0.0355370529623724,0.168759503685779,-0.0231550025575816
44.48,0.421047395951343,-0.0341777469142414,0.163972847047162,-0.023284299635049
44.49,0.405353977713186,-0.0328384165492044,0.159100528830616,-0.0233700018404285
44.5,0.390020154247703,-0.0315243069354562,0.154166341880337,-0.0234111010095937
44.51,0.375072691331448,-0.0302329027483869,0.149413047711063,-0.0234043225724521
44.52,0.360511648372974,-0.0289580230823175,0.146520331642722,-0.0232678222862023
44.53,0.346348482264817,-0.0276848613560847,0.144018472896173,-0.0230787770265274
44.54,0.332605691226385,-0.0264204450661355,0.141356522878605,-0.0228762612089186
44.55,0.319242029084966,-0.0251624676170332,0.138218686445942,-0.0226744682448782
44.56,0.306299219338253,-0.0239256924597916,0.134410212306488,-0.0224784955949368
44.57,0.293717707507763,-0.0227228305526334,0.126352325073207,-0.0221614340524024
44.58,0.281605373394216,-0.0216244047056148,0.113211588634387,-0.0216603422891089
44.59,0.26987637979078,-0.0206432658093904,0.0994718796468142,-0.0211055040846524
44.6,0.258556038067531,-0.0197819649695504,0.0867277146716344,-0.0204616274714742
44.61,0.247700672786528,-0.0190284450799263,0.0762944177521353,-0.0196866847539453
44.62,0.237223717220519,-0.0183466181986786,0.0689126577109683,-0.0187718333212728
44.63,0.227255075644056,-0.017714882790885,0.0647525484488021,-0.0177391914956527
44.64,0.217702652247854,-0.0170937864375476,0.0635081821847845,-0.0166318405817046
44.65,0.208697419731355,-0.0164677154656521,0.0645660955545891,-0.0155009396136766
44.66,0.200125298135374,-0.0158091606480076,0.0671545702951469,-0.0143959517022336
44.67,0.192105000012373,-0.0151175307536546,0.0704613004961725,-0.0133584753887054
44.68,0.184500124295297,-0.014381329398314,0.0737165849450243,-0.0124188146335056
44.69,0.177416399503493,-0.013614844104992,0.0762559468447468,-0.0115951551582643
44.7,0.170701869238561,-0.0128197874986995,0.0775546835221996,-0.0108938512986475
44.71,0.164453502819782,-0.0120202836161332,0.0772741215483235,-0.0103095611527582
44.72,0.158513706386991,-0.0112247396385081,0.0752896159124807,-0.00982666812430758
44.73,0.152978315222764,-0.0104589750292795,0.0717227679198378,-0.00942075975046595
44.74,0.147695234658749,-0.00972920080402523,0.0668845842392282,-0.00906305428377713
44.75,0.142766581739497,-0.00905448724386728,0.0612303362957518,-0.00872287180535463
44.76,0.13805373031163,-0.00843239618633206,0.0552822680431805,-0.00837286932878855
44.77,0.133667869676382,-0.00787119589988073,0.049569985732271,-0.00799209761929864
44.78,0.129485065862866,-0.00735858634878134,0.0445328567476536,-0.00756849522690093
44.79,0.125621851438761,-0.00689376426774251,0.0404855074531658,-0.00710001830435466
44.8,0.121963972597168,-0.00645880988697967,0.0375759528622579,-0.00659409544822016
44.81,0.118625362520554,-0.00604964708886069,0.0357849428877144,-0.00606533431876766
44.82,0.115494307208976,-0.00564918665486188,0.034955297219945,-0.00553300732608479
44.83,0.112675097758479,-0.0052560204950251,0.0348277124444953,-0.00501745562233291
44.84,0.110054156673017,-0.0048585759567411,0.0350829457638013,-0.00453744375396733
44.85,0.107723144406114,-0.0044612331652955,0.0353909871494638,-0.00410786054189408
44.86,0.105566271697385,-0.00405925248469022,0.0354547555118055,-0.00373844384186464
44.87,0.103616788178137,-0.00365957475686135,0.0350478647268885,-0.00343264663685719
44.88,0.101901104075925,-0.0032704521610118,0.0340377234175178,-0.00318784404666399
44.89,0.100306987624256,-0.00289286932616908,0.0323935205378473,-0.00299619612902498
44.9,0.0989059058357267,-0.00253810613237568,0.0301869046451289,-0.00284575947916593
44.91,0.0975941268083007,-0.00220607457059313,0.0275668874580704,-0.00272270454588815
44.92,0.0964425747968081,-0.00190467482123345,0.0247365790194722,-0.00261308943653582
44.93,0.0953588088404498,-0.00163020259472414,0.0219158308922795,-0.00250486651273272
44.94,0.0944145108387184,-0.00138588741478235,0.0193085302298485,-0.00238913232354249
44.95,0.0935281270129638,-0.00116442638814725,0.0170731626125613,-0.00226104401021379
44.96,0.0927704845923589,-0.000965631799316727,0.0153060084897616,-0.0021198714905482
44.97,0.092068071535242,-0.000780718043251128,0.0140311660031552,-0.00196864117780038
44.98,0.0914877834130099,-0.000608713626063266,0.0132094186190131,-0.00181296812313897
44.99,0.0909608212929065,-0.000441979625004316,0.0127458920487354,-0.00165997787295274
45,0.0905476557299503,-0.000281099429124988,0.0125104343515801,-0.00151692231204061
45.01,0.0901690021806045,-0.000129324309910496,0.0109214494433777,-0.00147629449541748
45.02,0.0898609594280178,3.66860924193367e-06,0.00923626984999865,-0.0014609975459872
45.03,0.0895579956886836,0.00012010462032568,0.0075330613940831,-0.00145531949178522
45.04,0.0893089664637046,0.000217810676292536,0.00596519298530853,-0.00144868252974271
45.05,0.0890585081165458,0.000301559025594305,0.00464756351821653,-0.00143409421076875
45.06,0.0888561454068304,0.000371674958467702,0.00364908348239346,-0.00140816246007436
45.07,0.0886541471958022,0.000433979979701893,0.00298722898451032,-0.00137070437360141
45.08,0.0884998349656039,0.000489357143457333,0.00263217008185993,-0.00132397144941011
45.09,0.0883499680092328,0.000542777735254556,0.00251671328897871,-0.00127169272995178
45.1,0.08824740915811,0.000594025510883616,0.00255007225464692,-0.0012180725085573
45.11,0.0881514110651231,0.000646065561312588,0.00263343318945158,-0.00116690862236526
45.12,0.0880815763054237,0.000697853787105807,0.00267560496304508,-0.00112087983403834
45.13,0.0880533261413898,0.000747739719235801,0.00260434335828516,-0.00108121529070538
45.14,0.088029255633268,0.000796039026258939,0.0023767887785784,-0.00104752625443742
45.15,0.0880406815934824,0.000839502061491382,0.00198250056782319,-0.0010180023791818
45.16,0.0880535368531872,0.000878078832212217,0.00144109450677589,-0.000989836083683545
45.17,0.0880966723906731,0.000909105769113406,0.000796934501873506,-0.00095977779492407
45.18,0.0881401672100459,0.000933243349691346,0.000109925423631569,-0.000924681304630983
45.19,0.0882112817088112,0.000949164088661534,-0.000556056065818201,-0.00088205521257465
45.2,0.0882842443096585,0.000958617870168103,-0.00114313347306032,-0.000830441196712811
45.21,0.0883846828042882,0.000961552124303651,-0.00160689310585968,-0.000769610023177913
45.22,0.0884901325254397,0.000960418277700081,-0.00192347119659724,-0.000700648540470684
45.23,0.0886238775303756,0.000955770611354436,-0.00208740940858513,-0.000625612871655952
45.24,0.0887655678990553,0.000950001619123091,-0.00211489259126117,-0.000547334799117351
45.25,0.0889354047313233,0.000943462590346364,-0.00203941478736566,-0.000469016381020446
45.26,0.0891141848376646,0.000937769362122096,-0.00190388948198063,-0.000393741834194306
45.27,0.0893187244524372,0.000932546858518773,-0.00175324981781057,-0.000324073772553608
45.28,0.089530675956766,0.000928427638895574,-0.00162819975406213,-0.000261785754425553
45.29,0.0897638729970129,0.000924345977341767,-0.00156067603042871,-0.000207783886866947
45.3,0.0900011399608758,0.000920230143105811,-0.0015688414329396,-0.000162066343838541
45.31,0.0902541404376471,0.000914760942133056,-0.00165634143584325,-0.000123861873873427
45.32,0.0905074102981338,0.00090771812338943,-0.00181360266583742,-9.18466494022741e-05
45.33,0.0907712661034861,0.000898057995415019,-0.00202104072100488,-6.44168640328227e-05
45.34,0.0910323634539374,0.000885870251913768,-0.00225293399137794,-3.99512480287975e-05
45.35,0.0913001949850258,0.000870687111433128,-0.00248208118562012,-1.70519320129183e-05
45.36,0.091563563140566,0.000853058407451084,-0.00268380020857658,5.2941122861865e-06
45.37,0.0918312289220378,0.000833057466959934,-0.00283946255753012,2.76184769984693e-05
45.38,0.0920937981821828,0.000811529729507316,-0.00293839177937343,4.99735036936856e-05
45.39,0.0923554208124573,0.000788922244779547,-0.00297871240991709,7.19941346024888e-05
45.4,0.0926191220963215,0.000765708619059194,-0.00296660475088818,9.30273651811263e-05
45.41,0.092877325335273,0.000742583429204227,-0.00291461729477492,0.000112279903649468
45.42,0.0931361080184132,0.000719676989492537,-0.00283915225221814,0.000128975158161688
45.43,0.0933886779980231,0.00069731646535172,-0.00275753486730102,0.000142499986037735
45.44,0.0936399173856604,0.00067533494157502,-0.00268568067319029,0.000152494743412197
45.45,0.0938837611053103,0.00065371090717285,-0.00263579509562123,0.000158913091175697
45.46,0.0941241393021794,0.000632078248148051,-0.00261520516636565,0.000162016087359938
45.47,0.0943558211345676,0.000610241088812344,-0.00262565211623042,0.00016233609665768
45.48,0.0945821074197859,0.000587834202957572,-0.00266383967423196,0.000160588835585147
45.49,0.0947987354991247,0.000564697816593107,-0.0027224912656871,0.000157572466222524
45.5,0.0950086321327204,0.000540638462196559,-0.00279169545755906,0.000154056321426621
45.51,0.0952085285545179,0.000515666279393217,-0.00286007253311234,0.000150727865812697
45.52,0.0954010912120324,0.000489829047252895,-0.00291767983053899,0.000148078642489936
45.53,0.0955839296279883,0.000463307632370194,-0.00295678891555339,0.000146389427446817
45.54,0.0957594041514866,0.000436318581401013,-0.00297280883992509,0.000145724132521236
45.55,0.0959257810956853,0.000409110467679256,-0.0029643618674985,0.000145966764848949
45.56,0.0960850086399478,0.000381940387191719,-0.00293339948241504,0.000146860742011376
45.57,0.0962357882424874,0.000355000108946131,-0.00288438729663672,0.000148074127014815
45.58,0.0963795758656749,0.000328471616802749,-0.00282359525017152,0.000149254410478136
45.59,0.0965153502624885,0.000302409416869996,-0.00275784749648509,0.000150093109283106
45.6,0.0966440750938604,0.000276873545501374,-0.00269366530226362,0.000150363518767287
45.61,0.0967649616202486,0.000251780513389449,-0.00263622405455263,0.000149954546390609
45.62,0.0968785758735793,0.000227099781237404,-0.00258893472736654,0.000148870577312775
45.63,0.0969843875013723,0.000202673573125317,-0.00255301726303483,0.000147226026335737
45.64,0.0970826930444479,0.000178456256526442,-0.00252773865936618,0.000145211748818822
45.65,0.097173266192768,0.00015429844264525,-0.00251061132279224,0.000143065110976769
45.66,0.0972562756443844,0.000130174820940632,-0.00249810854231023,0.000141024605912771
45.67,0.0973317319179614,0.000106103630771087,-0.00248619768862979,0.000139298760615975
45.68,0.0973998679650299,8.20367826071845e-05,-0.00247098983486362,0.000138038476340666
45.69,0.0974606762582519,5.81032260431251e-05,-0.00244942253108606,0.000137315704207341
45.7,0.0975146238581139,3.43103419238751e-05,-0.00241951057347021,0.000137125278181289
45.71,0.0975615836231558,1.0826734848589e-05,-0.00238063897276926,0.000137386732451621
45.72,0.0976021680628785,-1.23313407607569e-05,-0.00233338697935508,0.000137966256735487
45.73,0.0976360968597616,-3.50066572303293e-05,-0.00227943451911108,0.000138694997692423
45.74,0.097664049184595,-5.72169772231113e-05,-0.00222097976096332,0.000139406169736537
45.75,0.0976855793156508,-7.88502033333647e-05,-0.00216087861502175,0.000139939892964602
45.76,0.0977013906723245,-9.99790275130516e-05,-0.00210176716540506,0.000140169704131603
45.77,0.0977108902116788,-0.000120542501915209,-0.00204559837628049,0.000140024033860388
45.78,0.0977148054423136,-0.000140652082106536,-0.00199375986139905,0.000139477231833865
45.79,0.0977124469554127,-0.000160274643464401,-0.00194695186199167,0.00013854638082365
45.8,0.0977045844538109,-0.000179533598711055,-0.00190505666003229,0.000137287059727537
45.81,0.0976904852209861,-0.000198395117953664,-0.00186733401076943,0.000135776940389891
45.82,0.0976709795265229,-0.000216966217344705,-0.00183251536842185,0.000134105040117227
45.83,0.0976453314396775,-0.000235190655123887,-0.00179914012614882,0.000132355060044706
45.84,0.0976144344007439,-0.000253145055103001,-0.0017657384487562,0.000130596189763061
45.85,0.0975775655027702,-0.00027074737069453,-0.00173109276867786,0.000128871582239166
45.86,0.0975356643149317,-0.000288048419588381,-0.00169431661436828,0.000127198937788874
45.87,0.0974880170922319,-0.000304952191778479,-0.00165500814043686,0.000125569045013427
45.88,0.0974355789103445,-0.000321499560206133,-0.00161319752428494,0.000123953984702132
45.89,0.0973776307656866,-0.000337598754661561,-0.00156935841230029,0.00012231178292811
45.9,0.0973151149599119,-0.000353297524307558,-0.00152423273520703,0.000120597369016521
45.91,0.0972473027169229,-0.000368522094525166,-0.00147875270494842,0.000118768236863113
45.92,0.0971751118412651,-0.000383335619523353,-0.00143383368192309,0.000116793596403456
45.93,0.0970982126320186,-0.000397715156842661,-0.00139029938880359,0.000114656648143153
45.94,0.0970162856582322,-0.00041164798740029,-0.00134873694165056,0.000112358258113913
45.95,0.0969302111215642,-0.000425213023183591,-0.00130944357266564,0.000109916203707891
45.96,0.0968392762247658,-0.00043837533490823,-0.0012724584803407,0.000107360147839108
45.97,0.0967443448291174,-0.000451211393027036,-0.00123753979128845,0.000104729423402148
45.98,0.0966447363510659,-0.000463684713286203,-0.00120427269264217,0.0001020659183696
45.99,0.0965413032312679,-0.000475860606246623,-0.00117212907691695,9.94097484957159e-05
46,0.0964334041740678,-0.000487695642097556,-0.00114059387009532,9.67911522952625e-05
46.01,0.0963218768288474,-0.000499241454577902,-0.00110907872202534,9.42354936006139e-05
46.02,0.0962061187195005,-0.000510447081867929,-0.00107720337154007,9.17545560612175e-05
46.03,0.0960869451463902,-0.000521353768427264,-0.00104476547697279,8.93496139967677e-05
46.04,0.0959637857033284,-0.00053190983129668,-0.00101176397423575,8.70123928124645e-05
46.05,0.0958374227397503,-0.00054215356307982,-0.000978316812216591,8.47290486486469e-05
46.06,0.0957073111593738,-0.000552038711277991,-0.000944646012074256,8.24832688745981e-05
46.07,0.0955741939249339,-0.000561605128564637,-0.000911029968119356,8.02605593747137e-05
46.08,0.0954375491021278,-0.000570815187253778,-0.00087782059663121,7.80474105500786e-05
46.09,0.095298078461278,-0.000579712570169456,-0.000845297210113097,7.5836594299586e-05
46.1,0.0951552846268564,-0.000588267998117365,-0.000813679771364913,7.36259357089414e-05
46.11,0.0950098310201923,-0.000596526736677752,-0.000783094626470792,7.14188058582081e-05
46.12,0.0948612487397913,-0.000604464679350468,-0.000753591668488258,6.92223531938949e-05
46.13,0.0947101668627468,-0.000612125404422017,-0.000725126715140254,6.70470947825567e-05
46.14,0.0945561485871513,-0.00061948652730261,-0.000697595105367661,6.49046190977001e-05
46.15,0.0943997918944737,-0.000626587056073265,-0.000670834850243134,6.28067425255214e-05
46.16,0.0942406929375226,-0.000633403964878146,-0.00064467121232157,6.07633325395509e-05
46.17,0.0940794199752446,-0.000639970455585716,-0.000618927159430256,5.87818135925962e-05
46.18,0.093915602689715,-0.000646262439733622,-0.000593462407921132,5.68658456529088e-05
46.19,0.0937497792180748,-0.000652308126117125,-0.000568175252150056,5.50157246177923e-05
46.2,0.0935818129930599,-0.000658095512579635,-0.000543024651225099,5.32281388468262e-05
46.21,0.0934115954464252,-0.000663614667602002,-0.00051801913283402,5.14972972592914e-05
46.22,0.0932396146664738,-0.000668890161642068,-0.000493210207613168,4.98158816855293e-05
46.23,0.0930655664015294,-0.000673902391018583,-0.000468688679833157,4.81756578458094e-05
46.24,0.0928899042184419,-0.000678675718737149,-0.000444544377196348,4.65695597771283e-05
46.25,0.0927123459642694,-0.000683194328832194,-0.000420882492239392,4.49919226655278e-05
46.26,0.0925333120741856,-0.000687482851423686,-0.000397808856223516,4.34383543331729e-05
46.27,0.0923525418256981,-0.000691529224997135,-0.000375385534522002,4.19069995288032e-05
46.28,0.0921704249686872,-0.000695357585983967,-0.00035363440622208,4.03979867233837e-05
46.29,0.0919867226670963,-0.000698958007132856,-0.000332547973234913,3.89125866578484e-05
46.3,0.0918017967129225,-0.000702352842782167,-0.000312087018781914,3.74529579433232e-05
46.31,0.0916154300980017,-0.000705533005357765,-0.000292198048920516,3.60213790691176e-05
46.32,0.0914279588836191,-0.000708518290130102,-0.000272815759698604,3.46198971106005e-05
46.33,0.0912391871185756,-0.000711299838651395,-0.000253883960730706,3.32494552442716e-05
46.34,0.0910494262826891,-0.000713894977870563,-0.000235352829411816,3.19094437948749e-05
46.35,0.0908584996106363,-0.000716295112262686,-0.000217162051015207,3.05990786788726e-05
46.36,0.0906666948681307,-0.000718515295618605,-0.000199288479358525,2.93159952613438e-05
46.37,0.0904738526000193,-0.000720547706357585,-0.000181733578830654,2.80570148890882e-05
46.38,0.0902802373100169,-0.000722406234037899,-0.000164511752421896,2.68188056111122e-05
46.39,0.0900857050252508,-0.000724084500947726,-0.000147647263385165,2.5598185670535e-05
46.4,0.0898904981357598,-0.000725595779851886,-0.000131166663223144,2.43925335350777e-05
46.41,0.0896944869438325,-0.000726935281084239,-0.000115096298172033,2.31999079499404e-05
46.42,0.0894978929959258,-0.000728115791150203,-9.94564191438413e-05,2.20192244897889e-05
46.43,0.0893006003585501,-0.000729133876205695,-8.42599594539489e-05,2.08501930854259e-05
46.44,0.0891028122320066,-0.000730001632546917,-6.95095304711348e-05,1.96932934682285e-05
46.45,0.0889044261831486,-0.000730716544714191,-5.51985533021856e-05,1.85495771362919e-05
46.46,0.0887056283924821,-0.000731289725527345,-4.13114589432764e-05,1.74205133422949e-05
46.47,0.0885063909424284,-0.000731722004595464,-2.78267941869012e-05,1.6307744076203e-05
46.48,0.0883066987414507,-0.000732014740290184,-1.47194308131854e-05,1.52129068828145e-05
46.49,0.088106715190361,-0.000732177214457326,-1.96368976656481e-06,1.41374624158007e-05
46.5,0.0879063678091079,-0.000732207752402118,1.04637316682998e-05,1.30825613803792e-05
46.51,0.0877058061813489,-0.000732114518569659,2.25797425257958e-05,1.20489117106007e-05
46.52,0.087504967991868,-0.000731896169178604,3.4391377992602e-05,1.10363863537342e-05
46.53,0.0873039896070491,-0.000731560019210339,4.5917229076834e-05,1.00450681175573e-05
46.54,0.087102817731842,-0.000731105031015012,5.71620803901777e-05,9.07454954822624e-06
46.55,0.0869015764000514,-0.000730537857804649,6.81210788308095e-05,8.12419691743777e-06
46.56,0.0867002203041984,-0.000729858057249477,7.87863674501504e-05,7.19343796405684e-06
46.57,0.0864988619281224,-0.00072907192379029,8.915070780246e-05,6.28190766521794e-06
46.58,0.0862974632032767,-0.000728179613986183,9.92100520173896e-05,5.38953721417885e-06
46.59,0.0860961260861144,-0.000727187043443072,0.000108963823849917,4.51652877382009e-06
46.6,0.085894819251207,-0.000726094793578281,0.000118415595778158,3.6633297544854e-06
46.61,0.0856936351804762,-0.000724908298263298,0.000127572046882189,2.8305314221001e-06
46.62,0.0854925488272666,-0.000723628379528259,0.000136442975378239,2.01881341810948e-06
46.63,0.085291644119156,-0.000722259910701086,0.00014503961534763,1.22883049619338e-06
46.64,0.0850909017538122,-0.00072080382694286,0.000153374390309675,4.61171174867645e-07
46.65,0.0848903978430373,-0.000719264430282476,0.000161459039151316,-2.83733652714207e-07
46.66,0.0846901182041435,-0.000717642724228057,0.000169304581553938,-1.00561403236995e-06
46.67,0.0844901317035545,-0.000715942504253797,0.00017691976523882,-1.70441334320725e-06
46.68,0.0842904285923316,-0.000714164867931178,0.000184311633501991,-2.38024744220543e-06
46.69,0.0840910709238605,-0.000712313215082611,0.000191484558258691,-3.03342081035503e-06
46.7,0.083892052734404,-0.000710388789123557,0.000198441457824534,-3.66435467494364e-06
46.71,0.0836934297774317,-0.000708394702194594,0.000205183308950117,-4.2735858718377e-06
46.72,0.0834951992285156,-0.000706332383665387,0.000211710729337455,-4.86168789264212e-06
46.73,0.0832974107693794,-0.000704204736709289,0.000218023622317853,-5.42927546812237e-06
46.74,0.0831000744238599,-0.00070201360937647,0.000224122724329493,-5.97693925312382e-06
46.75,0.0829032033080743,-0.000699761008052539,0.000230009247178631,-6.50526151435608e-06
46.76,0.0827068390583285,-0.000697449545576316,0.000235685191984097,-7.0148113886807e-06
46.77,0.0825109845987191,-0.000695081010099918,0.000241154299794355,-7.50610840636594e-06
46.78,0.0823156768177311,-0.000692657797660387,0.000246420865423741,-7.97968082489827e-06
46.79,0.082120920385699,-0.000690181732410247,0.000251490463545785,-8.43604153349844e-06
46.8,0.0819267478221306,-0.000687654979445117,0.000256368646049372,-8.87574152362635e-06
46.81,0.0817331651812996,-0.000685079358304711,0.000261061517654709,-9.29934422062417e-06
46.82,0.0815402009767645,-0.000682456812310667,0.000265574454658176,-9.70746974221605e-06
46.83,0.081347862343212,-0.000679789143724478,0.000269912754062136,-1.01007585449896e-05
46.84,0.0811561741149944,-0.000677078105685955,0.000274080560041422,-1.04799013416786e-05
46.85,0.080965144228113,-0.000674325491677178,0.00027808170016023,-1.0845591758363e-05
46.86,0.0807747941506127,-0.000671532906271987,0.000281918870650659,-1.11985451242412e-05
46.87,0.0805851323812474,-0.000668702148442627,0.000285594634844476,-1.1539446558989e-05
46.88,0.0803961773088018,-0.000665834718192691,0.00028910880195598,-1.18690603031828e-05
46.89,0.0802079377482228,-0.000662932448448243,0.0002924643456863,-1.2188085348661e-05
46.9,0.0800204292695517,-0.000659996731661025,0.000295665517604264,-1.24970868785249e-05
46.91,0.0798336608991148,-0.00065702936803217,0.000298713969160094,-1.27966419039647e-05
46.92,0.0796476456934627,-0.000654031668624552,0.000301610961972468,-1.30872503779423e-05
46.93,0.0794623927704237,-0.000651005433685128,0.000304358917441172,-1.33692841705789e-05
46.94,0.0792779129923762,-0.000647951892209135,0.000306960874619853,-1.36430162370643e-05
46.95,0.0790942155344725,-0.000644872804932551,0.000309421046676676,-1.39086092252972e-05
46.96,0.0789113093401896,-0.000641769292965733,0.000311743879244152,-1.41661664715109e-05
46.97,0.0787292036242215,-0.000638643043120646,0.000313934398457652,-1.4415731645386e-05
46.98,0.0785479057709759,-0.000635495056423795,0.000315997291581221,-1.46573365693637e-05
46.99,0.0783674250222726,-0.000632326935450818,0.000317937285040969,-1.48909942659094e-05
47,0.0781877673363773,-0.000629139574484114,0.000319758379515362,-1.51167342797747e-05
47.01,0.0780089418559777,-0.000625934502031215,0.000321464336147869,-1.53345856578557e-05
47.02,0.0778309532724046,-0.000622712529481454,0.000323058111983814,-1.55446000529424e-05
47.03,0.0776538091774404,-0.000619474953957983,0.000324542460786932,-1.5746827642795e-05
47.04,0.0774775172648514,-0.000616223050090232,0.000325919415833831,-1.59413357700208e-05
47.05,0.0773020805757625,-0.000612957550241884,0.000327190981511972,-1.61282083183863e-05
47.06,0.0771275076824995,-0.000609679859664831,0.000328359455146806,-1.63075086504202e-05
47.07,0.0769538006819541,-0.000606390664967054,0.000329427026428633,-1.64792956767569e-05
47.08,0.0767809678333169,-0.00060309132225686,0.00033039615581598,-1.66436026850956e-05
47.09,0.0766090104118753,-0.00059978247275974,0.000331269162976122,-1.68004595077562e-05
47.1,0.076437936337479,-0.00059646541816232,0.000332048675642059,-1.6949882407079e-05
47.11,0.0762677461746284,-0.000593140753041039,0.000332737230504976,-1.70918965307568e-05
47.12,0.0760984474792989,-0.000589809718425859,0.000333337648780345,-1.72265258554597e-05
47.13,0.0759300401950957,-0.000586472860227776,0.000333852620647134,-1.7353813071031e-05
47.14,0.0757625314818373,-0.000583131354433207,0.000334285018751412,-1.74738090440257e-05
47.15,0.075595920724731,-0.000579785699430075,0.000334637472097823,-1.75865897470813e-05
47.16,0.0754302146502512,-0.000576437007044015,0.000334912559704545,-1.76922528941833e-05
47.17,0.0752654121288368,-0.000573085734236604,0.000335112661459445,-1.77909325132087e-05
47.18,0.0751015194079887,-0.000569732931788898,0.000335240322115491,-1.78827780357877e-05
47.19,0.074938534877405,-0.000566379017568898,0.000335298027429735,-1.79679470674337e-05
47.2,0.0747764642812419,-0.00056302498082081,0.000335287906486878,-1.80466054233312e-05
47.21,0.0746153055727028,-0.000559671209629117,0.000335211649805822,-1.81189286787756e-05
47.22,0.0744550639747903,-0.000556318645138699,0.000335070741201917,-1.81850954738124e-05
47.23,0.074295737040865,-0.000552967657781193,0.000334866698883097,-1.82452880354075e-05
47.24,0.0741373294614993,-0.000549619143189001,0.000334601295766181,-1.82996739177599e-05
47.25,0.0739798384329378,-0.000546273451547555,0.000334275986846408,-1.83484287413559e-05
47.26,0.0738232681122941,-0.00054293143345069,0.00033389229966676,-1.83917202000885e-05
47.27,0.0736676153763787,-0.000539593422149064,0.000333451691196673,-1.84297144001041e-05
47.28,0.0735128838626729,-0.00053626022298183,0.000332955779807955,-1.84625669816538e-05
47.29,0.0733590701726508,-0.00053293215048315,0.000332406297434193,-1.84904289120457e-05
47.3,0.0732061758100313,-0.000529609852360719,0.000331805103798399,-1.85134213056248e-05
47.31,0.073054201959379,-0.000526293945871405,0.000331153742916145,-1.85316621186303e-05
47.32,0.0729031448728943,-0.000522984717076915,0.000330453571246566,-1.85452713002212e-05
47.33,0.0727530069334801,-0.00051968285525678,0.000329706086687014,-1.8554374426518e-05
47.34,0.0726037842069047,-0.000516388630051616,0.000328912823607965,-1.85591090311211e-05
47.35,0.072455478601265,-0.00051310268532287,0.0003280754739895,-1.85596153723381e-05
47.36,0.0723080860092065,-0.000509825270264725,0.000327195702159101,-1.85560393170369e-05
47.37,0.0721616078726113,-0.000506556981343087,0.00032627521349725,-1.85485265686813e-05
47.38,0.0720160399276768,-0.000503298046725249,0.000325315589623633,-1.85372271737796e-05
47.39,0.0718713831637743,-0.000500049017642633,0.000324318366840773,-1.85222907156639e-05
47.4,0.0717276331748549,-0.00049681010412175,0.00032328491262019,-1.85038695513851e-05
47.41,0.0715847905113476,-0.000493581817903272,0.000322216339147878,-1.84821196472851e-05
47.42,0.0714428506330673,-0.000490364356365849,0.000321113876734383,-1.84572043264854e-05
47.43,0.0713018136592032,-0.00048715819578786,0.000319978721407363,-1.84292819143453e-05
47.44,0.0711616749241175,-0.00048396352055983,0.000318812026787635,-1.83985034561393e-05
47.45,0.0710224341376318,-0.000480780772210152,0.000317614901006398,-1.8365006192691e-05
47.46,0.0708840865277454,-0.000477610123893463,0.000316388336850153,-1.83289161960751e-05
47.47,0.0707466314232033,-0.000474451986150723,0.000315133300777356,-1.82903461471792e-05
47.48,0.0706100639682967,-0.000471306522916973,0.000313850695449711,-1.82493981531427e-05
47.49,0.0704743831382784,-0.000468174116243549,0.000312541445550877,-1.82061617156716e-05
47.5,0.0703395840100951,-0.000465054921143945,0.00031120646291524,-1.81607164902067e-05
47.51,0.0702056652334671,-0.000461949291616885,0.000309846712827295,-1.81131311869133e-05
47.52,0.0700726218374488,-0.000458857372353178,0.000308463172363847,-1.80634667809734e-05
47.53,0.0699404521735207,-0.000455779488784883,0.000307056873582264,-1.80117763452173e-05
47.54,0.0698091512389487,-0.000452715773390266,0.000305628853251993,-1.79581084836541e-05
47.55,0.0696787171123541,-0.000449666522452784,0.000304180178536988,-1.79025075846078e-05
47.56,0.0695491447712122,-0.00044663185503955,0.000302711894913085,-1.78450169022111e-05
47.57,0.0694204313712774,-0.000443612002697553,0.000301225043362831,-1.77856786423624e-05
47.58,0.0692925738929286,-0.000440607179305882,0.000299720620173187,-1.77245360471273e-05
47.59,0.0691655672974019,-0.000437617484541421,0.000298199569234875,-1.76616340480983e-05
47.6,0.0690394090678872,-0.000434643146184507,0.000296662798842208,-1.75970185502633e-05
47.61,0.0689140941591333,-0.000431684252354978,0.000295111152425053,-1.75307376555397e-05
47.62,0.0687896198424047,-0.000428741007644026,0.000293545433976,-1.74628405853634e-05
47.63,0.0686659810673067,-0.000425813490259729,0.000291966393854655,-1.73933781123673e-05
47.64,0.0685431749070782,-0.000422901883770419,0.000290374755873149,-1.73224013933469e-05
47.65,0.0684211963066454,-0.000420006257666588,0.00028877120935027,-1.72499622240273e-05
47.66,0.0683000421539255,-0.000417126776165349,0.000287156433467456,-1.7176112114756e-05
47.67,0.0681797073903754,-0.000414263500489437,0.000285531090646114,-1.7100902598722e-05
47.68,0.0680601887308621,-0.000411416576599369,0.00028389584319432,-1.70243846594622e-05
47.69,0.0679414811157226,-0.000408586057260845,0.000282251344682821,-1.69466091889054e-05
47.7,0.0678235810996775,-0.000405772070712171,0.000280598249644455,-1.68676266952331e-05
47.71,0.0677064836228727,-0.000402974661210302,0.000278937202044607,-1.67874877907464e-05
47.72,0.0675901850926035,-0.00040019393984231,0.000277268839034353,-1.67062430487331e-05
47.73,0.0674746804509407,-0.000397429942290507,0.000275593779971453,-1.66239433638842e-05
47.74,0.0673599659693922,-0.000394682763346198,0.000273912627557663,-1.65406397753065e-05
47.75,0.0672460365936107,-0.000391952430485301,0.00027222595940099,-1.64563836028138e-05
47.76,0.0671328884706837,-0.000389239023344294,0.000270534329747906,-1.63712261703022e-05
47.77,0.0670205165513025,-0.00038654256187224,0.000268838265897662,-1.62852186956105e-05
47.78,0.0669089168691457,-0.000383863111849014,0.000267138270853636,-1.61984119244097e-05
47.79,0.066798084382218,-0.000381200686048674,0.000265434897468377,-1.61108523389438e-05
47.8,0.066688015022959,-0.000378555336930306,0.00026372857741633,-1.60225858557704e-05
47.81,0.0665787037605741,-0.000375927067334298,0.000262020317265438,-1.59336621428493e-05
47.82,0.0664701464741659,-0.000373315905259014,0.000260311787399221,-1.58439901432234e-05
47.83,0.0663623383736072,-0.00037072184761438,0.000258602079855696,-1.57535945989443e-05
47.84,0.0662552755161263,-0.000368144876710476,0.000256897790363998,-1.56627635414726e-05
47.85,0.0661489541163123,-0.000365584892783554,0.000255208896429152,-1.55719284253197e-05
47.86,0.066043370015259,-0.000363041668202671,0.000253545577287938,-1.54815474268144e-05
47.87,0.0659385197948925,-0.000360514914121848,0.00025191888430818,-1.53919678342427e-05
47.88,0.0658343995643733,-0.000358004146428467,0.000250333559539,-1.53024612354295e-05
47.89,0.0657310055693694,-0.000355509278533954,0.000248744074552262,-1.52145319633691e-05
47.9,0.0656283333561873,-0.000353030323023933,0.000247153159489034,-1.51277931246396e-05
47.91,0.0655263788112377,-0.000350567347625664,0.000245544848417135,-1.50424445582449e-05
47.92,0.0654251369623999,-0.000348120611896061,0.000243911967453683,-1.49591403886594e-05
47.93,0.0653246031077392,-0.000345690406836381,0.00024224510668136,-1.4877988816128e-05
47.94,0.0652247719947789,-0.000343277055575968,0.000240545883123835,-1.47988850210243e-05
47.95,0.0651256387608248,-0.000340880884926663,0.000238815754356361,-1.47212800334512e-05
47.96,0.0650271982503359,-0.000338502168766583,0.00023706041149489,-1.46444665026857e-05
47.97,0.0649294457665981,-0.000336141118699239,0.00023528825604635,-1.45677330326078e-05
47.98,0.0648323766513093,-0.000333797875443706,0.000233508380496519,-1.4490634098766e-05
47.99,0.0647359875932985,-0.000331472235093892,0.000231764888555749,-1.44127082211926e-05
48,0.0646402749260808,-0.00032916381803064,0.000230063088770193,-1.43337588593704e-05
48.01,0.0645452351527869,-0.000326872203671929,0.000228400644626881,-1.42536851306001e-05
48.02,0.0644508644688004,-0.000324597034175389,0.000226770092677783,-1.41729394462805e-05
48.03,0.0643571591447172,-0.000322338048101585,0.000225161193761271,-1.4092193003735e-05
48.04,0.0642641150503032,-0.000320095125381124,0.00022355558527214,-1.40123581996309e-05
48.05,0.0641717279435507,-0.000317868241948992,0.000221952583607304,-1.39342517456245e-05
48.06,0.0640799932497629,-0.00031565743586131,0.00022034227921359,-1.3858213596613e-05
48.07,0.0639889064527184,-0.0003134628000472,0.000218719959435234,-1.37842336789599e-05
48.08,0.0638984628831274,-0.000311284481625995,0.000217080862390102,-1.37120285718135e-05
48.09,0.0638086580268693,-0.00030912267311408,0.000215421310742415,-1.36411644290447e-05
48.1,0.0637194873090996,-0.00030697757764729,0.000213741827968044,-1.35711304052058e-05
48.11,0.0636309463073141,-0.000304849378519238,0.000212045707923422,-1.35013702505516e-05
48.12,0.0635430306773248,-0.000302738212602981,0.000210338484460096,-1.34313219829252e-05
48.13,0.0634557361185264,-0.000300644156178848,0.000208625850446666,-1.33604655367977e-05
48.14,0.0633690585836124,-0.000298567364085084,0.000206881849135218,-1.32873926039026e-05
48.15,0.0632829943429201,-0.000296508202298005,0.000205113232230976,-1.32109507345107e-05
48.16,0.0631975395099511,-0.000294466673245903,0.000203357810137699,-1.31323599136307e-05
48.17,0.0631126900197847,-0.000292442545433655,0.000201633128503175,-1.30515828680854e-05
48.18,0.0630284419671892,-0.000290435438923519,0.000199949816227442,-1.29684663355056e-05
48.19,0.0629447915103656,-0.000288444938392736,0.000198308204619256,-1.28831400158881e-05
48.2,0.0628617348580063,-0.00028647062780423,0.000196707034975499,-1.27959112664894e-05
48.21,0.0627792682197583,-0.000284512166710136,0.00019513210839951,-1.27071642925152e-05
48.22,0.0626973875178205,-0.000282569496920793,0.000193543099193833,-1.26187149043304e-05
48.23,0.0626160883787126,-0.000280642831175162,0.000191938905450588,-1.25301951528742e-05
48.24,0.0625353665957729,-0.000278732221734914,0.000190332382919632,-1.24411336198586e-05
48.25,0.0624552179561082,-0.000276837683565542,0.000188725949307879,-1.2351580921427e-05
48.26,0.0623756382309661,-0.000274959193494095,0.00018712333548979,-1.22615113810223e-05
48.27,0.062296623177855,-0.000273096689874353,0.000185528733777401,-1.2170866427759e-05
48.28,0.0622181683902951,-0.000271250141684331,0.000183934225356472,-1.20798546349325e-05
48.29,0.0621402693774229,-0.0002694194797087,0.000182348906572539,-1.19886894097196e-05
48.3,0.0620629216365671,-0.000267604616203216,0.000180775618391704,-1.18975131813843e-05
48.31,0.0619861206636658,-0.000265805365525811,0.000179226107538348,-1.18066808592882e-05
48.32,0.0619098619050256,-0.000264021453114931,0.000177704849949999,-1.17164397562514e-05
48.33,0.0618341408900802,-0.000262252581269066,0.000176215307545052,-1.1626710242277e-05
48.34,0.0617589532675211,-0.000260498487666637,0.00017474504908938,-1.15372939843388e-05
48.35,0.061684294757848,-0.000258759038592952,0.000173281986800124,-1.14482540858091e-05
48.36,0.0616101610920472,-0.000257034279944622,0.000171806926754318,-1.13594468480891e-05
48.37,0.0615365479834651,-0.000255324369720804,0.000170314385373938,-1.12710625334529e-05
48.38,0.0614634509119956,-0.000253629568660818,0.000168789966071227,-1.11840145327189e-05
48.39,0.0613908652981552,-0.000251950000261611,0.000167269416850862,-1.10972056148467e-05
48.4,0.0613187867388838,-0.000250285666123344,0.00016574356603329,-1.1010848655967e-05
48.41,0.0612472107653179,-0.000248636613321584,0.000164214770779965,-1.09247312353044e-05
48.42,0.0611761330293525,-0.000247002831753706,0.000162690063715696,-1.08384747580211e-05
48.43,0.0611055492269532,-0.000245384246634316,0.000161177293508189,-1.0752002418524e-05
48.44,0.0610354551919903,-0.000243780632681011,0.000159693463712993,-1.06650211929439e-05
48.45,0.0609658477584292,-0.000242191902019678,0.000158215867699222,-1.05776890689361e-05
48.46,0.0608967260326674,-0.00024061707178861,0.000156893599078098,-1.04932016922547e-05
48.47,0.0608280888178809,-0.000239054572788706,0.000155740995861405,-1.04126987054346e-05
48.48,0.0607599350762209,-0.000237502535644717,0.000154769708000647,-1.03384577725576e-05
48.49,0.0606922635165397,-0.000235959448282187,0.000153941237323311,-1.02720928287626e-05
48.5,0.0606250713639023,-0.000234423939594069,0.000153216747047108,-1.02127565792059e-05
48.51,0.0605583510726913,-0.000232896653913885,0.000152281022298166,-1.0157353905955e-05
48.52,0.0604920950639354,-0.000231380352545648,0.000151034406905146,-1.01041548257864e-05
48.53,0.0604262953728609,-0.000229878770797188,0.000149411315034535,-1.00495015273601e-05
48.54,0.0603609470647903,-0.000228395471860862,0.000147403900386991,-9.99090898281357e-06
48.55,0.060296047415096,-0.00022693344782385,0.000145218022498111,-9.93075804215811e-06
48.56,0.0602315945618486,-0.000225492565920715,0.000143196369308007,-9.86406593485534e-06
48.57,0.0601675858767834,-0.000224070448777783,0.000141435283212238,-9.78476776495703e-06
48.58,0.0601040177532397,-0.000222665109244415,0.000139814387891223,-9.6884501098309e-06
48.59,0.0600408889720656,-0.000221275309513532,0.000138322553201914,-9.57694890608112e-06
48.6,0.0599781998951139,-0.000219899358666611,0.000137023368602446,-9.45699099598168e-06
48.61,0.0599159482808593,-0.000218535491310318,0.000135875727968067,-9.33320817625397e-06
48.62,0.0598541306289233,-0.000217182519017522,0.000134828157100263,-9.20850125785664e-06
48.63,0.0597927433938903,-0.000215839634278756,0.000133845587170867,-9.08712002702059e-06
48.64,0.0597317823176562,-0.000214506467824228,0.000132877228107085,-8.97243249736649e-06
48.65,0.0596712421734784,-0.000213183083441907,0.000131881622359669,-8.86628959620256e-06
48.66,0.0596111172385685,-0.000211869927035252,0.000130837300736974,-8.77002356074191e-06
48.67,0.0595514016621772,-0.0002105676232203,0.00012971730530753,-8.68337365011585e-06
48.68,0.059492089537323,-0.000209276958394147,0.000128516258612948,-8.60535156104461e-06
48.69,0.0594331749771095,-0.000207998768583518,0.000127238716210131,-8.53497203937886e-06
48.7,0.0593746525837613,-0.000206733589851967,0.000125918205870891,-8.46907996495238e-06
48.71,0.0593165174122436,-0.000205481849025104,0.00012455928182814,-8.40614565398131e-06
48.72,0.0592587649126859,-0.0002042438066968,0.000123184660735779,-8.3442111625492e-06
48.73,0.059201391020169,-0.00020301947584062,0.000121820358471922,-8.28156729420017e-06
48.74,0.0591443920933203,-0.000201808623224155,0.000120488947424067,-8.21693632010797e-06
48.75,0.0590877648777495,-0.000200610822248529,0.000119207075303596,-8.14957259439124e-06
48.76,0.0590315063588545,-0.000199425514431477,0.000117984597804489,-8.07927497913419e-06
48.77,0.0589756136868402,-0.000198252093645768,0.000116822673337745,-8.00630376105159e-06
48.78,0.0589200840363642,-0.000197089980518493,0.000115715491344448,-7.93125690640013e-06
48.79,0.0588649145538334,-0.000195938686581896,0.000114651887587288,-7.85491866787582e-06
48.8,0.0588101022660688,-0.000194797853079126,0.000113617649215162,-7.7781054545767e-06
48.81,0.0587556440869434,-0.000193667269705563,0.000112597939015835,-7.70153407184874e-06
48.82,0.0587015367880372,-0.000192546866819524,0.000111579470646161,-7.62572624267052e-06
48.83,0.0586477770559757,-0.000191436691760611,0.000110552172795437,-7.55095791568303e-06
48.84,0.0585943615055413,-0.000190336868858342,0.000109510191533906,-7.47725378245347e-06
48.85,0.0585412867567117,-0.000189247556675225,0.00010845216438517,-7.40442126578111e-06
48.86,0.0584885494548475,-0.000188168903326179,0.000107380820022404,-7.33211335626235e-06
48.87,0.0584361463347127,-0.000187101011794962,0.000106302046000302,-7.25990735149228e-06
48.88,0.0583840742201227,-0.000186043913739374,0.000105223633861623,-7.1873853974911e-06
48.89,0.0583323300561531,-0.000184997559433886,0.000104153905914593,-7.1142052993288e-06
48.9,0.0582809108802067,-0.000183961818421648,0.000103100447508607,-7.04015197789212e-06
48.91,0.0582298138243926,-0.000182936493640565,0.000102069118596724,-6.96516490689725e-06
48.92,0.0581790360668109,-0.000181921342871814,0.000101063293586759,-6.88933894322562e-06
48.93,0.0581285748216454,-0.000180916104014595,0.000100083846523932,-6.8129050588474e-06
48.94,0.0580784272918917,-0.000179920518372686,9.9130957323777e-05,-6.73619296660575e-06
48.95,0.0580285907869875,-0.000178934277791695,9.82062633029882e-05,-6.65883602908628e-06
48.96,0.0579790624947893,-0.000177957267601606,9.72861428492717e-05,-6.58209925355911e-06
48.97,0.057929839532374,-0.00017698940017851,9.63767705901492e-05,-6.50587091561687e-06
48.98,0.0578809190268856,-0.000176030568160182,9.54776107168384e-05,-6.43035548692329e-06
48.99,0.0578322980647421,-0.000175080687664613,9.45850803998843e-05,-6.35580126829856e-06
49,0.0577839736965231,-0.000174139716222389,9.36950149736038e-05,-6.28242201204962e-06
49.01,0.0577359429445101,-0.000173207627926069,9.28083901752496e-05,-6.2101891141016e-06
49.02,0.0576882029081043,-0.000172284431725325,9.19173418200694e-05,-6.13886055745375e-06
49.03,0.0576407507053691,-0.000171370151570591,9.10244654729517e-05,-6.06835837101288e-06
49.04,0.0575935834792007,-0.000170464814603079,9.01297862293218e-05,-5.99861856511935e-06
49.05,0.0575466983804223,-0.000169568410750688,8.92383060908426e-05,-5.92960821241928e-06
49.06,0.0575000925888327,-0.000168680885019687,8.83543075730881e-05,-5.86127371807073e-06
49.07,0.0574537633194101,-0.000167802137906015,8.7482000465298e-05,-5.79356520122651e-06
49.08,0.0574077078351056,-0.000166932034918077,8.66243658039342e-05,-5.72647272307501e-06
49.09,0.0573619234322376,-0.000166070419234659,8.57829730054092e-05,-5.6600425332492e-06
49.1,0.0573164074377264,-0.000165217126477775,8.49579745493313e-05,-5.59437484642041e-06
49.11,0.0572711571883309,-0.000164371997776786,8.41482843163921e-05,-5.52960629603007e-06
49.12,0.0572261700302219,-0.00016353489065034,8.33518909254867e-05,-5.46588548003733e-06
49.13,0.057181443305919,-0.00016270568590143,8.25662577434178e-05,-5.40334774500356e-06
49.14,0.0571369743615486,-0.000161884290754074,8.17887467484708e-05,-5.34209369662217e-06
49.15,0.0570927605452116,-0.000161070637375843,8.10170018056293e-05,-5.28217451045537e-06
49.16,0.0570487992206354,-0.0001602646787046,8.02492508419795e-05,-5.22358511177652e-06
49.17,0.0570050877725343,-0.000159466381018835,7.94844876399944e-05,-5.16626566789007e-06
49.18,0.0569616236228443,-0.000158675716187751,7.87225237935734e-05,-5.11011025703164e-06
49.19,0.0569184042328263,-0.000157892657560376,7.79613914683335e-05,-5.0550620541005e-06
49.2,0.0568754270211436,-0.000157117216564976,7.72034579307794e-05,-5.00123726416775e-06
49.21,0.0568326895550948,-0.000156349276152024,7.64578245426643e-05,-4.94808315214685e-06
49.22,0.0567901894236282,-0.000155588757730609,7.57183775680064e-05,-4.8957717671573e-06
49.23,0.0567479242487785,-0.000154835599985854,7.49853149943965e-05,-4.84418321031677e-06
49.24,0.0567058917086687,-0.00015408973052176,7.42602529375924e-05,-4.79316496381657e-06
49.25,0.0566640895476977,-0.000153351059527405,7.35449129273899e-05,-4.74257298247306e-06
49.26,0.0566225155708038,-0.000152619482130669,7.28405741591785e-05,-4.69229888880898e-06
49.27,0.0565811676389423,-0.000151894884970539,7.21477277932623e-05,-4.64228069481242e-06
49.28,0.0565400436541745,-0.000151177152957529,7.14662883110264e-05,-4.59250180857812e-06
49.29,0.056499141551444,-0.000150466175577219,7.07955588827942e-05,-4.54298082501674e-06
49.3,0.0564584592870192,-0.000149761851405437,7.01344648917555e-05,-4.49375823208025e-06
49.31,0.0564179948332466,-0.000149064093732463,6.94802306138369e-05,-4.44490304289116e-06
49.32,0.0563777461401704,-0.000148372838491243,6.8834333142781e-05,-4.39662632993195e-06
49.33,0.0563377111524987,-0.000147688008207557,6.81945961693679e-05,-4.34896982339151e-06
49.34,0.0562978878228879,-0.000147009535154045,6.7561991960552e-05,-4.30196386496248e-06
49.35,0.0562582741296964,-0.00014633735331315,6.69356319883008e-05,-4.25556419887963e-06
49.36,0.0562188680834455,-0.000145671404718891,6.6314702175918e-05,-4.20971793750543e-06
49.37,0.0561796677251403,-0.00014501163870195,6.56985900473251e-05,-4.16438035096292e-06
49.38,0.056140671121125,-0.000144358009043489,6.50870028901981e-05,-4.1195109396323e-06
49.39,0.056101876363404,-0.000143710473330379,6.44796084670286e-05,-4.07506744863697e-06
49.4,0.0560632815677859,-0.000143068982372839,6.38774346504463e-05,-4.03101770131388e-06
49.41,0.0560248848751206,-0.000142433484723435,6.32805876427063e-05,-3.98732573725884e-06
49.42,0.0559866844508976,-0.000141803923726512,6.26896257772971e-05,-3.94396676781303e-06
49.43,0.0559486784833387,-0.000141180237763177,6.21050351921364e-05,-3.90092953426634e-06
49.44,0.0559108651809401,-0.000140562360882819,6.15271916943001e-05,-3.85821506733034e-06
49.45,0.0558732427810957,-0.00013995021412048,6.09600397053773e-05,-3.81565749615214e-06
49.46,0.0558358096174816,-0.000139343690896464,6.0398174564449e-05,-3.77327750210423e-06
49.47,0.0557985639481773,-0.000138742781840716,5.98385897024581e-05,-3.7312544284957e-06
49.48,0.0557615040766288,-0.000138147429320104,5.9286531500587e-05,-3.68943984342474e-06
49.49,0.0557246283345352,-0.000137557548925277,5.87432482341754e-05,-3.64787470272867e-06
49.5,0.0556879350567447,-0.00013697305631986,5.82079204056711e-05,-3.60666826296199e-06
49.51,0.055651422568209,-0.000136393880697811,5.76789373527688e-05,-3.56595062799908e-06
49.52,0.0556150891804936,-0.000135819967432858,5.71547599414751e-05,-3.52583446073263e-06
49.53,0.055578933195287,-0.000135251274996613,5.66343013216778e-05,-3.48639575305147e-06
49.54,0.0555429529123552,-0.000134687769770015,5.61169936374895e-05,-3.44767073587915e-06
49.55,0.0555071466378134,-0.000134129421242931,5.56027089367214e-05,-3.409662130785e-06
49.56,0.0554715126907857,-0.000133576198308088,5.50916486494311e-05,-3.37234842473018e-06
49.57,0.0554360494092077,-0.000133028066552879,5.45842304803775e-05,-3.33569341235272e-06
49.58,0.0554007551672901,-0.00013248497254967,5.40829501097681e-05,-3.29952844865839e-06
49.59,0.0553656284066717,-0.000131946876601435,5.35851877254257e-05,-3.26370988467534e-06
49.6,0.055330667598497,-0.00013141373533998,5.30912290743342e-05,-3.22819628245966e-06
49.61,0.0552958712270462,-0.000130885513748735,5.26010738569569e-05,-3.19301683338031e-06
49.62,0.0552612377776489,-0.000130362168623076,5.21156498814573e-05,-3.15821985666873e-06
49.63,0.0552267657394916,-0.000129843646953278,5.16359717627955e-05,-3.12383929334031e-06
49.64,0.0551924536122863,-0.00012932988709031,5.11627224279836e-05,-3.0898953689763e-06
49.65,0.0551582999099036,-0.000128820822861466,5.06961837208437e-05,-3.05640623231022e-06
49.66,0.0551243031603299,-0.000128316387365867,5.02362528319908e-05,-3.02339478679112e-06
49.67,0.0550904619036086,-0.000127816516657433,4.97825218750355e-05,-2.99088818718637e-06
49.68,0.0550567746909714,-0.000127321151963319,4.93343773703135e-05,-2.95891333736688e-06
49.69,0.0550232400837114,-0.000126830241322688,4.88911163679808e-05,-2.92749092579694e-06
49.7,0.0549898566535143,-0.000126343739768992,4.84520506945879e-05,-2.89663069690016e-06
49.71,0.0549566229643652,-0.000125861624173589,4.8013066010888e-05,-2.86652948430876e-06
49.72,0.0549235375644335,-0.000125383866184666,4.75812734851448e-05,-2.8369703386057e-06
49.73,0.0548905990703252,-0.000124910399563267,4.71535628117409e-05,-2.80800850873809e-06
49.74,0.0548578060833842,-0.00012444120245488,4.67271977892002e-05,-2.77966897311244e-06
49.75,0.0548251572222833,-0.000123976257517278,4.63029633042698e-05,-2.75187711554772e-06
49.76,0.0547926511376007,-0.000123515542623423,4.58812116975686e-05,-2.72452102764286e-06
49.77,0.0547602865184373,-0.00012305902679133,4.54629843444649e-05,-2.69748699891229e-06
49.78,0.0547280620922397,-0.000122606669652165,4.5049187997859e-05,-2.67067725245974e-06
49.79,0.0546959766216473,-0.000122158422756997,4.46405220090627e-05,-2.64401738360501e-06
49.8,0.05466402889967,-0.000121714232192387,4.42374128673178e-05,-2.61746007210578e-06
49.81,0.0546322177437037,-0.000121274041375022,4.38399951177609e-05,-2.59098377281626e-06
49.82,0.0546005419896174,-0.000120837793947201,4.34481376183502e-05,-2.5645880993529e-06
49.83,0.0545690004871284,-0.00012040543602152,4.30614935145803e-05,-2.53828798638004e-06
49.84,0.0545375920955937,-0.000119976918078707,4.26795761413286e-05,-2.5121071861927e-06
49.85,0.0545063156808325,-0.00011955219590103,4.23018416785938e-05,-2.48607234729965e-06
49.86,0.0544751701147668,-0.000119131230583888,4.19277687232351e-05,-2.46020822273364e-06
49.87,0.0544441542742318,-0.000118713988045573,4.15569194085399e-05,-2.43453462150558e-06
49.88,0.0544132670417552,-0.000118300437855539,4.11889855833304e-05,-2.409064743988e-06
49.89,0.0543825073063404,-0.00011789055188513,4.08238066088366e-05,-2.38380524051164e-06
49.9,0.0543518739648157,-0.000117484302800738,4.04613654709254e-05,-2.35875743451795e-06
49.91,0.054321365922589,-0.000117081662733071,4.0101766214688e-05,-2.33391929017003e-06
49.92,0.0542909820948072,-0.000116682602284608,3.97451968145638e-05,-2.30928777085773e-06
49.93,0.0542607214250488,-0.000116287077012899,3.93944517305559e-05,-2.28469291908676e-06
49.94,0.054230582877933,-0.000115895054754425,3.9043909825245e-05,-2.26037030392278e-06
49.95,0.0542005653704969,-0.000115506527060907,3.86958963476064e-05,-2.23630601698693e-06
49.96,0.0541706678515981,-0.000115121449930515,3.83535486537538e-05,-2.2124466888876e-06
49.97,0.0541408892894895,-0.000114739761550307,3.80174271433124e-05,-2.18879716447721e-06
49.98,0.0541112286627561,-0.000114361403993801,3.76866245133385e-05,-2.16539976635361e-06
49.99,0.0540816849505488,-0.00011398633126781,3.73598271654418e-05,-2.14231626367672e-06
50,0.0540522571280668,-0.000113614510533399,3.70357761391781e-05,-2.11960352095461e-06
50.01,0.0540229441662188,-0.000113245919044017,3.67136861143575e-05,-2.09729812094938e-06
50.02,0.0539937449503629,-0.000112880562827258,3.63896356526071e-05,-2.07533692678801e-06
50.03,0.0539646580542525,-0.000112518428604161,3.60670069020127e-05,-2.05361717138914e-06
50.04,0.0539356819119012,-0.000112159559133852,3.57381194487452e-05,-2.03197141704806e-06
50.05,0.0539068151548543,-0.000111804000077395,3.54055868750485e-05,-2.0103339389161e-06
50.06,0.0538780564562877,-0.000111451785157588,3.50694741637295e-05,-1.98875937854902e-06
50.07,0.0538494044488615,-0.000111102918372866,3.473743805229e-05,-1.9669965917815e-06
50.08,0.0538208578572785,-0.000110757342815277,3.44105277622047e-05,-1.94501087833567e-06
50.09,0.0537924154447786,-0.00011041500465912,3.40899180636529e-05,-1.92282900494304e-06
50.1,0.0537640760172531,-0.000110075827037849,3.37770767725921e-05,-1.90034290822119e-06
50.11,0.0537358384210052,-0.000109739733373852,3.34726941481061e-05,-1.87757554838819e-06
50.12,0.0537077015344432,-0.000109406638193584,3.31764908843995e-05,-1.85457887223411e-06
50.13,0.0536796642494588,-0.000109076462435618,3.28880183618664e-05,-1.83147166962181e-06
50.14,0.053651725457911,-0.000108749129460438,3.26068629774695e-05,-1.80838821336494e-06
50.15,0.053623884052052,-0.000108424574064642,3.23316820253748e-05,-1.78544508458627e-06
50.16,0.0535961389479462,-0.000108102774068405,3.20536961833971e-05,-1.76247516667357e-06
50.17,0.0535684891189678,-0.000107783776262483,3.17734084778809e-05,-1.73950956595817e-06
50.18,0.053540933343144,-0.000107467653221739,3.14842743451484e-05,-1.71764381923296e-06
50.19,0.0535134704558358,-0.000107154298821624,3.12140191710562e-05,-1.69590908082676e-06
50.2,0.0534860993524031,-0.000106843614866901,3.09490240481287e-05,-1.67478067928531e-06
50.21,0.0534588189025031,-0.000106535573934567,3.06849179511448e-05,-1.65429744948989e-06
50.22,0.0534316279998146,-0.000106230160739237,3.04243480973354e-05,-1.63439197459508e-06
50.23,0.0534045255577933,-0.000105927296850908,3.01734394943808e-05,-1.61510143699448e-06
50.24,0.0533775105625116,-0.000105626912513377,2.99281411365279e-05,-1.59610765729913e-06
50.25,0.0533505820852236,-0.000105328950785305,2.96882284823923e-05,-1.57728141202373e-06
50.26,0.0533237392348225,-0.000105033361661715,2.94530072022295e-05,-1.5585948696331e-06
50.27,0.0532969811444328,-0.000104740102759285,2.92216582777126e-05,-1.54004253698248e-06
50.28,0.0532703069654934,-0.000104449139738654,2.89934070884928e-05,-1.52162688882056e-06
50.29,0.0532437158648174,-0.000104160445213869,2.87676382326695e-05,-1.50335165279097e-06
50.3,0.0532172070227652,-0.000103873996706676,2.85439677677725e-05,-1.48521848076439e-06
50.31,0.0531907796327431,-0.000103589774155299,2.83222675564047e-05,-1.46722620200405e-06
50.32,0.0531644329013385,-0.000103307757447941,2.81026427322886e-05,-1.44937233302434e-06
50.33,0.0531381660481687,-0.000103027924367566,2.7885377779342e-05,-1.43165580749674e-06
50.34,0.0531119783057319,-0.000102750249202946,2.76708615279145e-05,-1.41408013788529e-06
50.35,0.0530858689182923,-0.00010247470215936,2.74595054804815e-05,-1.39665617581034e-06
50.36,0.0530598371384157,-0.000102201253120451,2.72509449929058e-05,-1.37943217285078e-06
50.37,0.0530338822138994,-0.00010192986729883,2.70464503238217e-05,-1.36247687111186e-06
50.38,0.0530080033959361,-0.000101660504087335,2.68462405810801e-05,-1.34584249544712e-06
50.39,0.0529821999404714,-0.000101393117534034,2.66505929124649e-05,-1.32956706487809e-06
50.4,0.0529564711122497,-0.000101127663930262,2.64591217851128e-05,-1.31367967778005e-06
50.41,0.0529308161843067,-0.000100864104952127,2.62711835274e-05,-1.29821165390303e-06
50.42,0.052905234435543,-0.000100602409342566,2.60860390453125e-05,-1.28319489432667e-06
50.43,0.0528797251453454,-0.000100342553239401,2.5902942279032e-05,-1.26865329819866e-06
50.44,0.0528542876102778,-0.000100084519905079,2.57213571082227e-05,-1.25460913684599e-06
50.45,0.0528289211873387,-9.98282947851074e-05,2.55411533799638e-05,-1.24107994359315e-06
50.46,0.0528036252765469,-9.95738630245436e-05,2.53625442125449e-05,-1.22806931872726e-06
50.47,0.0527783992843212,-9.93212086090643e-05,2.51855327622609e-05,-1.21556512726508e-06
50.48,0.0527532426259425,-9.90703158613088e-05,2.50100515763275e-05,-1.20354710529142e-06
50.49,0.0527281547267071,-9.88211700119198e-05,2.48360048787272e-05,-1.19199078418748e-06
50.5,0.0527031350222211,-9.85737571718466e-05,2.46633163017093e-05,-1.18086874127448e-06
50.51,0.0526781829589691,-9.83280639707654e-05,2.44919557778953e-05,-1.1701514528562e-06
50.52,0.0526532979946097,-9.80840770321421e-05,2.43219486537091e-05,-1.1598082236602e-06
50.53,0.052628479598174,-9.78417824394208e-05,2.41533698528601e-05,-1.14980834970887e-06
50.54,0.0526037272500703,-9.76011653271597e-05,2.39863270075992e-05,-1.14012239897235e-06
50.55,0.0525790404425077,-9.7362208638404e-05,2.38216231616638e-05,-1.13070065478084e-06
50.56,0.052554418707361,-9.7124879290403e-05,2.36594004581438e-05,-1.12141632862601e-06
50.57,0.0525298615630447,-9.68891776316586e-05,2.34967387284793e-05,-1.11238766273008e-06
50.58,0.0525053685411505,-9.66550932710245e-05,2.33359490591017e-05,-1.10351292896229e-06
50.59,0.0524809391889871,-9.64226025740198e-05,2.31777769512314e-05,-1.09477646422121e-06
50.6,0.0524565730597821,-9.61916792930058e-05,2.30221449526803e-05,-1.08619308161605e-06
50.61,0.052432269707376,-9.59623004469956e-05,2.2868587680149e-05,-1.07779140275595e-06
50.62,0.0524080286834563,-9.57344482738022e-05,2.27165743955786e-05,-1.06959948984166e-06
50.63,0.052383849537768,-9.55081098604805e-05,2.25656703512487e-05,-1.06163628278398e-06
50.64,0.0523597318198252,-9.52832758666705e-05,2.24155815492993e-05,-1.05390879921252e-06
50.65,0.0523356750811192,-9.50599391381176e-05,2.22661466544162e-05,-1.04641289543539e-06
50.66,0.0523116788772233,-9.48380935096627e-05,2.2117312857476e-05,-1.03913565676086e-06
50.67,0.0522877427694839,-9.46177328580641e-05,2.19691112689492e-05,-1.032058170486e-06
50.68,0.0522638663167241,-9.43988504226881e-05,2.18215964450367e-05,-1.02515176369913e-06
50.69,0.0522400489985708,-9.4181441336983e-05,2.1674365220219e-05,-1.01836931973547e-06
50.7,0.0522162902874603,-9.39655035185042e-05,2.15272917646437e-05,-1.01166857147236e-06
50.71,0.0521925896086612,-9.37510369418391e-05,2.13802031972825e-05,-1.00500820074778e-06
50.72,0.0521689464592896,-9.35380386762293e-05,2.12337030226134e-05,-9.98360968896618e-07
50.73,0.0521453603606412,-9.3326498722052e-05,2.10885415355627e-05,-9.91702734604335e-07
50.74,0.0521218308554232,-9.31163998066266e-05,2.09453884819274e-05,-9.85017786461515e-07
50.75,0.0520983574957645,-9.29077221992885e-05,2.08040630558968e-05,-9.78343899491989e-07
50.76,0.0520749398524361,-9.27004365205699e-05,2.06666905581752e-05,-9.71590214174e-07
50.77,0.0520515775086068,-9.24945127234758e-05,2.05312707194528e-05,-9.64828981697183e-07
50.78,0.0520282700377592,-9.22899363199569e-05,2.03970197170807e-05,-9.58108735839216e-07
50.79,0.0520050170082715,-9.20866974474753e-05,2.02636592105924e-05,-9.51457990534407e-07
50.8,0.0519818179877243,-9.18847878572142e-05,2.01310815317704e-05,-9.44886265834079e-07
50.81,0.0519586725470749,-9.16842000782103e-05,1.99992271638385e-05,-9.38389068807087e-07
50.82,0.0519355802634376,-9.14849270494803e-05,1.98680714488225e-05,-9.31954234513754e-07
50.83,0.051912540721486,-9.12869617085853e-05,1.973763590342e-05,-9.25566595574713e-07
50.84,0.0518895535140009,-9.10902964874315e-05,1.96079941787148e-05,-9.192107538199e-07
50.85,0.0518666182419061,-9.08949228184024e-05,1.94792651648376e-05,-9.12872759278771e-07
50.86,0.0518437345140308,-9.0700830770552e-05,1.93515959254201e-05,-9.06541293844443e-07
50.87,0.0518209019466891,-9.05080088893956e-05,1.92251393723108e-05,-9.0020858215554e-07
50.88,0.0517981201627222,-9.03164442639261e-05,1.91000322690918e-05,-8.93870989392438e-07
50.89,0.0517753887912464,-9.01261227909486e-05,1.8976377366027e-05,-8.87529225693301e-07
50.9,0.0517527074662016,-8.99370295882222e-05,1.88542315026696e-05,-8.81188143871845e-07
50.91,0.0517300758257768,-8.9749149482888e-05,1.87336014257439e-05,-8.74856116834772e-07
50.92,0.051707493511266,-8.95624675032152e-05,1.8614446484197e-05,-8.68544114940795e-07
50.93,0.0516849601669529,-8.93769693092242e-05,1.84966871451711e-05,-8.62264604900454e-07
50.94,0.0516624754391284,-8.91926415167261e-05,1.83802171674539e-05,-8.56030427854457e-07
50.95,0.0516400389735407,-8.9009474493112e-05,1.82645379561415e-05,-8.49874916526736e-07
50.96,0.0516176504115178,-8.88274571731364e-05,1.81500398545143e-05,-8.43822239409402e-07
50.97,0.0515953093949335,-8.86465779841355e-05,1.80368342494078e-05,-8.37887548783135e-07
50.98,0.0515730155690486,-8.8466823831799e-05,1.79248844061049e-05,-8.32069250910589e-07
50.99,0.051550768584943,-8.82881830189483e-05,1.781402296698e-05,-8.26361111111514e-07
51,0.0515285680991839,-8.81106457828716e-05,1.77040502768914e-05,-8.20758011775001e-07
51.01,0.0515064137735184,-8.79342042386687e-05,1.75947915949812e-05,-8.15255859646437e-07
51.02,0.0514843052734939,-8.77588520004566e-05,1.74861193302505e-05,-8.09850089364622e-07
51.03,0.0514622422692845,-8.75845836471333e-05,1.73779626367941e-05,-8.04534728144033e-07
51.04,0.0514402244349492,-8.74113941465135e-05,1.72703075141932e-05,-7.99302304315024e-07
51.05,0.0514182514495873,-8.72392783241246e-05,1.71631890790238e-05,-7.94144368596446e-07
51.06,0.0513963229966095,-8.70682304422154e-05,1.70566782043508e-05,-7.89052326963133e-07
51.07,0.0513744387646975,-8.6898243933381e-05,1.69508648850485e-05,-7.84018339480505e-07
51.08,0.0513525984467833,-8.67293113036498e-05,1.68458413367586e-05,-7.79036078660496e-07
51.09,0.0513308017407912,-8.65614241980437e-05,1.67416866790892e-05,-7.74101251307876e-07
51.1,0.0513090483477816,-8.6394573598224e-05,1.66384556296556e-05,-7.69211797071087e-07
51.11,0.0512873379735312,-8.62287501074127e-05,1.65361719386493e-05,-7.64367779182033e-07
51.12,0.0512656703261367,-8.60639442714746e-05,1.64348271272527e-05,-7.59571001090874e-07
51.13,0.0512440451166087,-8.59001468867969e-05,1.63343837265249e-05,-7.54824443626136e-07
51.14,0.0512224620582025,-8.5737349253257e-05,1.62347824295093e-05,-7.50131598995733e-07
51.15,0.0512009208665365,-8.55755433415512e-05,1.61359514923721e-05,-7.45495811894541e-07
51.16,0.0511794212592758,-8.54147218614258e-05,1.60378168251945e-05,-7.4091971654282e-07
51.17,0.0511579629559167,-8.52548782326899e-05,1.59403111744531e-05,-7.36404838892297e-07
51.18,0.0511365456781396,-8.50960064747411e-05,1.58433813571567e-05,-7.31951392615229e-07
51.19,0.051115169150326,-8.49381010381461e-05,1.57469927494368e-05,-7.27558274026304e-07
51.2,0.0510938330989559,-8.47811566087177e-05,1.5651130699142e-05,-7.23223235119239e-07
51.21,0.0510725372537095,-8.46251679135016e-05,1.55557990725693e-05,-7.18943187696723e-07
51.22,0.0510512813467052,-8.4470129554902e-05,1.5461016482085e-05,-7.14714581769598e-07
51.23,0.0510300651134834,-8.43160358919455e-05,1.53668109346856e-05,-7.10533800071845e-07
51.24,0.0510088882922783,-8.41628804640555e-05,1.52734734357136e-05,-7.06393457986668e-07
51.25,0.0509877506302159,-8.40106540269978e-05,1.51807601738783e-05,-7.02263583165292e-07
51.26,0.0509666518797856,-8.38593513491877e-05,1.50886112278544e-05,-6.98139548732332e-07
51.27,0.0509455917971753,-8.37089687156238e-05,1.49967412379761e-05,-6.94018742477271e-07
51.28,0.0509245701379832,-8.35595029670347e-05,1.49052241131024e-05,-6.8991198137127e-07
51.29,0.0509035866568874,-8.34109497665823e-05,1.48142128357058e-05,-6.85829661588276e-07
51.3,0.0508826411079744,-8.32633031705119e-05,1.47238623923594e-05,-6.81777809165205e-07
51.31,0.0508617332468653,-8.31165558875593e-05,1.46342879520333e-05,-6.77759944671361e-07
51.32,0.0508408628303716,-8.29706997599996e-05,1.45455529396237e-05,-6.73779348518857e-07
51.33,0.0508200296174008,-8.28257262814218e-05,1.44576700561779e-05,-6.69840206015766e-07
51.34,0.0507992333678029,-8.26816270702872e-05,1.43706079975582e-05,-6.65947647175796e-07
51.35,0.0507784738430157,-8.25383942561036e-05,1.42843016125559e-05,-6.62107154913681e-07
51.36,0.0507577508050003,-8.23960207495225e-05,1.41986645026965e-05,-6.58323758236985e-07
51.37,0.050737064017123,-8.22545003792982e-05,1.41136026433439e-05,-6.54601282033291e-07
51.38,0.0507164132433937,-8.21138278947698e-05,1.40290274488557e-05,-6.50941794786129e-07
51.39,0.0506957982496159,-8.19739988486975e-05,1.39448666028352e-05,-6.47345322327733e-07
51.4,0.0506752188028168,-8.1835009390136e-05,1.38610714595216e-05,-6.43809839028835e-07
51.41,0.0506546746724998,-8.16968560058212e-05,1.3777620328283e-05,-6.40331511768876e-07
51.42,0.0506341656300755,-8.15595352515347e-05,1.36945177158207e-05,-6.36905137735987e-07
51.43,0.0506136914500388,-8.14230435111232e-05,1.36117900689893e-05,-6.33524702147006e-07
51.44,0.0505932519092385,-8.12873768130579e-05,1.35294790114805e-05,-6.30183973470273e-07
51.45,0.0505728467878512,-8.11525307226314e-05,1.34476333376828e-05,-6.26877055199995e-07
51.46,0.0505524758680771,-8.10185010842571e-05,1.33660492013282e-05,-6.23604973490748e-07
51.47,0.0505321389307181,-8.08852841490092e-05,1.32851235192278e-05,-6.20380173666322e-07
51.48,0.0505118357573,-8.07528732426581e-05,1.32048716192822e-05,-6.17202451354851e-07
51.49,0.0504915661318268,-8.06212600004051e-05,1.31254883936601e-05,-6.14069488769916e-07
51.5,0.0504713298417432,-8.0490436088898e-05,1.30469068027888e-05,-6.10973265588147e-07
51.51,0.0504511266790173,-8.03603941600363e-05,1.29690004521943e-05,-6.07907467365162e-07
51.52,0.0504309564381948,-8.02311282549197e-05,1.28916262349778e-05,-6.04868653931765e-07
51.53,0.0504108189164443,-8.01026338049081e-05,1.28146520584666e-05,-6.01854590858682e-07
51.54,0.050390713912237,-7.99749074112583e-05,1.27379751015264e-05,-5.98862776832944e-07
51.55,0.0503706412261842,-7.98479464890583e-05,1.26615321856427e-05,-5.95889685657695e-07
51.56,0.0503506006602619,-7.97217488453576e-05,1.25853033100606e-05,-5.92930653503497e-07
51.57,0.0503305920189092,-7.95963122587586e-05,1.25093086943074e-05,-5.89980230343197e-07
51.58,0.0503106151082955,-7.94716341181271e-05,1.24336007228046e-05,-5.87032785655893e-07
51.59,0.0502906697372962,-7.93477111637619e-05,1.23582522404986e-05,-5.84083205821139e-07
51.6,0.0502707557165483,-7.92245393554404e-05,1.2283343414234e-05,-5.81127531143221e-07
51.61,0.0502508728591886,-7.91021138709037e-05,1.22089490510714e-05,-5.78163430865808e-07
51.62,0.0502310209796786,-7.8980429219487e-05,1.21351282631395e-05,-5.7519044457607e-07
51.63,0.0502111998943722,-7.88594794414486e-05,1.20619174091184e-05,-5.7220998069511e-07
51.64,0.0501914094202558,-7.87392583556083e-05,1.1989327135841e-05,-5.69225079505446e-07
51.65,0.050171649375506,-7.86197598145158e-05,1.19173432789053e-05,-5.66239999147032e-07
51.66,0.0501519195783127,-7.85009779314889e-05,1.1845931118451e-05,-5.63259691722036e-07
51.67,0.0501322198475931,-7.83829072511264e-05,1.17750419480523e-05,-5.60289249836092e-07
51.68,0.0501125500019857,-7.82655428464189e-05,1.17046208773685e-05,-5.57333393856216e-07
51.69,0.050092909860779,-7.81488803370534e-05,1.16346145329643e-05,-5.54396065882469e-07
51.7,0.0500732992430981,-7.80329158365899e-05,1.15649776230235e-05,-5.51480169905197e-07
51.71,0.0500537179689688,-7.79176458434812e-05,1.14956776445606e-05,-5.48587470256298e-07
51.72,0.0500341658586185,-7.78030670981333e-05,1.14266972284533e-05,-5.45718645523179e-07
51.73,0.0500146427335828,-7.76891764297097e-05,1.13580341165797e-05,-5.42873467853004e-07
51.74,0.0499951484159835,-7.75759706149322e-05,1.12896991070413e-05,-5.40051064937808e-07
51.75,0.0499756827295785,-7.74634462660648e-05,1.12217125220424e-05,-5.37250217457717e-07
51.76,0.0499562454989544,-7.73515997600797e-05,1.11540997403619e-05,-5.34469652511133e-07
51.77,0.0499368365504695,-7.72404272133904e-05,1.10868866847188e-05,-5.31708286258139e-07
51.78,0.0499174557113324,-7.71299244994888e-05,1.10200957824171e-05,-5.28965394410919e-07
51.79,0.0498981028104559,-7.7020087301931e-05,1.09537429084827e-05,-5.26240696457204e-07
51.8,0.0498787776775469,-7.69109109684045e-05,1.08879501271536e-05,-5.23532791766015e-07
51.81,0.0498594801471075,-7.68023889350191e-05,1.08226942938502e-05,-5.20823201995321e-07
51.82,0.0498402100567779,-7.669451755768e-05,1.0757792572777e-05,-5.18110360100225e-07
51.83,0.0498209672461485,-7.6587294342398e-05,1.06930466800044e-05,-5.1539328980238e-07
51.84,0.0498017515536926,-7.6480717699264e-05,1.06284743097161e-05,-5.12680420240087e-07
51.85,0.0497825628162438,-7.63747854408184e-05,1.05641647759394e-05,-5.09979589942201e-07
51.86,0.0497634008701286,-7.62694943493754e-05,1.05002228123953e-05,-5.07295155598862e-07
51.87,0.0497442655520377,-7.61648402422345e-05,1.04367357517394e-05,-5.04629183314951e-07
51.88,0.0497251566987718,-7.60608182163504e-05,1.03737626546125e-05,-5.01983177008174e-07
51.89,0.0497060741488333,-7.59574229475979e-05,1.03113320764776e-05,-4.99359120793564e-07
51.9,0.0496870177408431,-7.58546489885005e-05,1.02494438450558e-05,-4.96759725454285e-07
51.91,0.0496679873149706,-7.57524910344045e-05,1.01880732159813e-05,-4.94188185142716e-07
51.92,0.0496489827107558,-7.56509441354466e-05,1.0127177250894e-05,-4.91647713087644e-07
51.93,0.0496300037691144,-7.55500038362715e-05,1.00667025688812e-05,-4.89141052367971e-07
51.94,0.0496110503308964,-7.54496662336485e-05,1.00065937820458e-05,-4.86670057471468e-07
51.95,0.0495921222380389,-7.53499279530042e-05,9.94680111309654e-06,-4.84235422826167e-07
51.96,0.0495732193329479,-7.52507860567538e-05,9.88728651462823e-06,-4.8183657095017e-07
51.97,0.0495543414589505,-7.51522379038275e-05,9.82802742141193e-06,-4.79471708126328e-07
51.98,0.0495354884613208,-7.50542809861522e-05,9.76901793091164e-06,-4.77138024153799e-07
51.99,0.049516660185887,-7.49569127667209e-05,9.71026760434134e-06,-4.74831993976915e-07
52,0.0494978564809969,-7.48601305414706e-05,9.65179825535729e-06,-4.72549737467956e-07
52.01,0.0494790771960361,-7.4763931340304e-05,9.5936395494096e-06,-4.70287379972246e-07
52.02,0.0494603221823295,-7.46683119259207e-05,9.53579520707174e-06,-4.68041709481353e-07
52.03,0.0494415912917381,-7.45732696957061e-05,9.47819979920423e-06,-4.65818281036075e-07
52.04,0.0494228843752227,-7.44788010985973e-05,9.42104742303856e-06,-4.63621828265318e-07
52.05,0.049404201284232,-7.4384901137859e-05,9.36446246250938e-06,-4.61451848343538e-07
52.06,0.0493855418757674,-7.42915618510496e-05,9.30881493811869e-06,-4.59282186075357e-07
52.07,0.0493669060109916,-7.41987773058432e-05,9.25335893602909e-06,-4.57123087933956e-07
52.08,0.049348293550012,-7.41065466081593e-05,9.19811158720829e-06,-4.5496982158628e-07
52.09,0.0493297043565084,-7.40148657864551e-05,9.14335063896153e-06,-4.52810668422852e-07
52.1,0.0493111382963285,-7.39237297959339e-05,9.08908286820171e-06,-4.5064733542007e-07
52.11,0.0492925952353875,-7.38331342741669e-05,9.03519694952071e-06,-4.48486037113994e-07
52.12,0.0492740750386229,-7.37430761370802e-05,8.98156377035484e-06,-4.46333467167839e-07
52.13,0.0492555775708601,-7.36535534033638e-05,8.92809325628111e-06,-4.44194246489322e-07
52.14,0.0492371026959013,-7.35645646819062e-05,8.87475150787868e-06,-4.42070072717169e-07
52.15,0.0492186502780614,-7.34761086329542e-05,8.82155439826196e-06,-4.39960104754201e-07
52.16,0.0492002201824882,-7.33881835533479e-05,8.76855203594051e-06,-4.37861922333469e-07
52.17,0.049181812275318,-7.33007871274982e-05,8.71581216960645e-06,-4.35772569236939e-07
52.18,0.0491634264247534,-7.3213916332909e-05,8.66340585311084e-06,-4.33689414075104e-07
52.19,0.049145062499715,-7.31275674725688e-05,8.61139619003675e-06,-4.31610732535485e-07
52.2,0.0491267203704009,-7.30417363011735e-05,8.55983040887338e-06,-4.29535998191171e-07
52.21,0.0491083999087696,-7.29564182127803e-05,8.50873518799485e-06,-4.27465919657244e-07
52.22,0.0490901009869491,-7.28716084562914e-05,8.45811536125199e-06,-4.25402266791656e-07
52.23,0.0490718234779282,-7.27873023469579e-05,8.40795560904575e-06,-4.23347553692776e-07
52.24,0.0490535672551582,-7.27034954456336e-05,8.35822481323131e-06,-4.21304634009243e-07
52.25,0.0490353321922123,-7.26201836848459e-05,8.30888196574317e-06,-4.19276287838987e-07
52.26,0.04901711816367,-7.25373634308156e-05,8.25988285193498e-06,-4.17264851612476e-07
52.27,0.0489989250437883,-7.2455031479554e-05,8.21118638404649e-06,-4.15271942911978e-07
52.28,0.0489807527075179,-7.23731849960171e-05,8.16275968769409e-06,-4.13298312508295e-07
52.29,0.0489626010304081,-7.22918214115376e-05,8.11458147957347e-06,-4.11343825438542e-07
52.3,0.0489444698885544,-7.22109382984326e-05,8.06664347728049e-06,-4.09407559649083e-07
52.31,0.0489263591596485,-7.21305332415461e-05,8.01894979700609e-06,-4.07488000321943e-07
52.32,0.048908268721755,-7.20506037152101e-05,7.9715159681315e-06,-4.05583205655934e-07
52.33,0.0488901984544956,-7.19711467726145e-05,7.92440808777863e-06,-4.03689201925392e-07
52.34,0.0488721482395853,-7.18921591535714e-05,7.87763829058981e-06,-4.01800587929519e-07
52.35,0.0488541179609028,-7.18136374489453e-05,7.83119290254978e-06,-3.99910898227663e-07
52.36,0.048836107505112,-7.17355786873664e-05,7.78502079291298e-06,-3.98016316839946e-07
52.37,0.0488181167591648,-7.16579803000268e-05,7.73908235513588e-06,-3.9611614373896e-07
52.38,0.0488001456111142,-7.15808398963453e-05,7.69339589297077e-06,-3.9421321465e-07
52.39,0.048782193948111,-7.15041547821284e-05,7.64800539086632e-06,-3.92311393116048e-07
52.4,0.0487642616573529,-7.14279216852164e-05,7.60296736500901e-06,-3.90414260082972e-07
52.41,0.0487463486261044,-7.13521368098978e-05,7.55832751138718e-06,-3.88524854175336e-07
52.42,0.0487284547419131,-7.12767960195821e-05,7.514110193651e-06,-3.86645987770145e-07
52.43,0.0487105798926573,-7.12018950586835e-05,7.47031758890782e-06,-3.84780600189464e-07
52.44,0.0486927239662771,-7.11274297596134e-05,7.42693277467089e-06,-3.82931815564818e-07
52.45,0.0486748868513942,-7.10533962066713e-05,7.38392485265252e-06,-3.81102737432609e-07
52.46,0.0486570684368184,-7.09797908424726e-05,7.34125500351791e-06,-3.7929612713673e-07
52.47,0.0486392686111312,-7.09066105129602e-05,7.29888260973326e-06,-3.77514096008793e-07
52.48,0.0486214872634596,-7.08338524537913e-05,7.25677079863436e-06,-3.7575788312396e-07
52.49,0.048603724283395,-7.07615142271594e-05,7.21489087343918e-06,-3.74027749062231e-07
52.5,0.0485859795611665,-7.06895936226052e-05,7.17322514612324e-06,-3.72322993410352e-07
52.51,0.0485682529878284,-7.06180885405716e-05,7.13176776954985e-06,-3.70642090295795e-07
52.52,0.0485505444551873,-7.05469968819344e-05,7.09052270171624e-06,-3.68982949980219e-07
52.53,0.0485328538568144,-7.0476316484428e-05,7.04949681044507e-06,-3.67343356160756e-07
52.54,0.0485151810864446,-7.04060451214634e-05,7.00869675980719e-06,-3.65721167611747e-07
52.55,0.0484975260398421,-7.0336180478821e-05,6.96813360962823e-06,-3.64114129346746e-07
52.56,0.048479888613266,-7.02667200903337e-05,6.92782590268448e-06,-3.62519805358547e-07
52.57,0.0484622687044469,-7.01976612738087e-05,6.88779713432356e-06,-3.60935810106585e-07
52.58,0.048444666212383,-7.0129001095534e-05,6.84807336247752e-06,-3.59360014064064e-07
52.59,0.0484270810372989,-7.00607363671087e-05,6.80867880803387e-06,-3.57790778762945e-07
52.6,0.0484095130803261,-6.99928636935736e-05,6.76963159702641e-06,-3.56227167110239e-07
52.61,0.0483919622442528,-6.99253795597547e-05,6.73094055146286e-06,-3.54669109305741e-07
52.62,0.0483744284319396,-6.98582804385108e-05,6.69260031173509e-06,-3.53117480040703e-07
52.63,0.0483569115470255,-6.97915628400459e-05,6.65460290825112e-06,-3.51573925645404e-07
52.64,0.0483394114933144,-6.97252233877555e-05,6.61693665328936e-06,-3.50040506304519e-07
52.65,0.0483219281755849,-6.96592588648699e-05,6.57958576517487e-06,-3.48519362136877e-07
52.66,0.0483044614981978,-6.95936662031488e-05,6.54253339566993e-06,-3.47012331942401e-07
52.67,0.0482870113660905,-6.95284424932394e-05,6.50576375544755e-06,-3.45520670993688e-07
52.68,0.0482695776844668,-6.94635849994468e-05,6.46925926234395e-06,-3.44044821656624e-07
52.69,0.0482521603598611,-6.93990911712225e-05,6.43300187127052e-06,-3.42584386995014e-07
52.7,0.048234759298948,-6.93349586267873e-05,6.39697536853289e-06,-3.41138239040094e-07
52.71,0.0482173744095462,-6.92711851319417e-05,6.36116731178336e-06,-3.39704701059601e-07
52.72,0.0482000056002576,-6.92077685534022e-05,6.32557047823203e-06,-3.38281748551083e-07
52.73,0.0481826527814135,-6.91447067983174e-05,6.29018359507648e-06,-3.36867172091092e-07
52.74,0.048165315863745,-6.90819977535269e-05,6.25501109709513e-06,-3.3545874089354e-07
52.75,0.0481479947592911,-6.90196392288585e-05,6.2200631836231e-06,-3.34054286445246e-07
52.76,0.0481306893809386,-6.89576289095607e-05,6.18535274166127e-06,-3.32651825189892e-07
52.77,0.0481133996433076,-6.88959643399834e-05,6.15089408378469e-06,-3.31249652963767e-07
52.78,0.0480961254613419,-6.88346429261243e-05,6.11670009968734e-06,-3.29846426698938e-07
52.79,0.0480788667511352,-6.87736619688511e-05,6.08277969066075e-06,-3.28441312609037e-07
52.8,0.0480616234293798,-6.87130186933079e-05,6.0491376899131e-06,-3.27033926672364e-07
52.81,0.0480443954141556,-6.86527103159253e-05,6.01577391919375e-06,-3.25624449340127e-07
52.82,0.0480271826234295,-6.85927340959235e-05,5.98268212462611e-06,-3.24213683358111e-07
52.83,0.0480099849757911,-6.85330873443392e-05,5.94985392132764e-06,-3.22802968644115e-07
52.84,0.0479928023898495,-6.84737674376185e-05,5.91728432617058e-06,-3.21394050235763e-07
52.85,0.0479756347850682,-6.84147717903138e-05,5.88496977208162e-06,-3.19988875820986e-07
52.86,0.0479584820803556,-6.83560978504952e-05,5.8529104275898e-06,-3.18589509798163e-07
52.87,0.0479413441949514,-6.82977431011635e-05,5.82110324913356e-06,-3.17198020262344e-07
52.88,0.0479242210480058,-6.82397050355627e-05,5.7895466286322e-06,-3.15816294348038e-07
52.89,0.0479071125595034,-6.81819811704718e-05,5.75823819400413e-06,-3.14446120562133e-07
52.9,0.0478900186489515,-6.81245690451291e-05,5.72717445262041e-06,-3.13089035607908e-07
52.91,0.0478729392363357,-6.80674662361672e-05,5.69635081535587e-06,-3.11746330242771e-07
52.92,0.047855874241729,-6.80106703727727e-05,5.66576181852776e-06,-3.10418983902793e-07
52.93,0.047838823586253,-6.79541791416659e-05,5.63540133763801e-06,-3.09107685684927e-07
52.94,0.0478217871907836,-6.78979902918147e-05,5.60526341410387e-06,-3.0781284859712e-07
52.95,0.0478047649769042,-6.78421016258902e-05,5.57534306506706e-06,-3.06534612406613e-07
52.96,0.0477877568665006,-6.77865109916081e-05,5.54563623153769e-06,-3.05272886117092e-07
52.97,0.0477707627827249,-6.77312162712038e-05,5.51613991672616e-06,-3.04027372708167e-07
52.98,0.0477537826486616,-6.76762153706753e-05,5.48685241816982e-06,-3.02797590517097e-07
52.99,0.0477368163882854,-6.76215062021482e-05,5.45777381147034e-06,-3.0158288310438e-07
53,0.0477198639260372,-6.75670866731599e-05,5.42890491149815e-06,-3.00382503400977e-07
53.01,0.0477029251877541,-6.7512954676088e-05,5.40024769615013e-06,-2.99195623116732e-07
53.02,0.0476860000993229,-6.74591080821754e-05,5.37180427314477e-06,-2.98021404560044e-07
53.03,0.0476690885875932,-6.74055447433807e-05,5.34357635098662e-06,-2.96859041293754e-07
53.04,0.0476521905799121,-6.73522624994569e-05,5.31556473699469e-06,-2.95707787675629e-07
53.05,0.0476353060050263,-6.7299259183725e-05,5.28777003743836e-06,-2.94566930303065e-07
53.06,0.0476184347917012,-6.72465326276919e-05,5.26019193405588e-06,-2.93435824499567e-07
53.07,0.0476015768696225,-6.71940806694211e-05,5.23282968103829e-06,-2.92313877231036e-07
53.08,0.0475847321689189,-6.71419011565469e-05,5.20568203644188e-06,-2.91200550356891e-07
53.09,0.0475679006210559,-6.70899919529126e-05,5.17874711072276e-06,-2.90095371302594e-07
53.1,0.0475510821574527,-6.70383509442987e-05,5.15202244760157e-06,-2.88997926762323e-07
53.11,0.047534276710369,-6.69869760421906e-05,5.12550562482008e-06,-2.87907835567502e-07
53.12,0.0475174842124471,-6.6935865178898e-05,5.09919464511804e-06,-2.8682473305397e-07
53.13,0.0475007045976046,-6.68850163068465e-05,5.07308768422854e-06,-2.85748292037664e-07
53.14,0.047483937799659,-6.68344273916472e-05,5.04718371904965e-06,-2.84678198656386e-07
53.15,0.0474671837532279,-6.67840964081224e-05,5.02148188684998e-06,-2.83614188802639e-07
53.16,0.0474504423932611,-6.67340213393056e-05,4.99598135728629e-06,-2.82556054998558e-07
53.17,0.0474337136559244,-6.66842001777419e-05,4.9706811539105e-06,-2.81503651792969e-07
53.18,0.0474169974772369,-6.66346309223491e-05,4.94558088565209e-06,-2.80456858294565e-07
53.19,0.0474002937939533,-6.65853115775964e-05,4.92067981169386e-06,-2.79415619890589e-07
53.2,0.0473836025430971,-6.65362401590165e-05,4.89597727069516e-06,-2.7837996102815e-07
53.21,0.0473669236628478,-6.6487414685715e-05,4.87147258124258e-06,-2.77349961579714e-07
53.22,0.0473502570911704,-6.64388331822472e-05,4.8471649884014e-06,-2.76325753207274e-07
53.23,0.047333602766698,-6.63904936845016e-05,4.82305296387965e-06,-2.75307499691699e-07
53.24,0.0473169606282839,-6.63423942458734e-05,4.79913476615545e-06,-2.74295356767181e-07
53.25,0.0473003306159017,-6.62945329385255e-05,4.77540825238071e-06,-2.73289481261864e-07
53.26,0.0472837126692758,-6.62469078579508e-05,4.75187114658395e-06,-2.72290024992472e-07
53.27,0.0472671067287926,-6.61995171205227e-05,4.72852134904047e-06,-2.71297118785932e-07
53.28,0.0472505127350384,-6.61523588649979e-05,4.70535660530291e-06,-2.70310892733649e-07
53.29,0.0472339306297078,-6.61054312530587e-05,4.68237454460714e-06,-2.69331469202713e-07
53.3,0.0472173603542334,-6.60587324702492e-05,4.65957294151102e-06,-2.68358952654708e-07
53.31,0.0472008018506997,-6.60122607200897e-05,4.63695024391828e-06,-2.67393404170636e-07
53.32,0.0471842550616222,-6.59660142216789e-05,4.61450496635192e-06,-2.66434875465787e-07
53.33,0.0471677199297167,-6.59199912047737e-05,4.59223632204591e-06,-2.65483381667413e-07
53.34,0.0471511963988167,-6.58741899067801e-05,4.57014357129026e-06,-2.64538937113614e-07
53.35,0.0471346844124971,-6.58286085727887e-05,4.54822589883558e-06,-2.63601560947078e-07
53.36,0.0471181839147654,-6.57832454578339e-05,4.52648215600289e-06,-2.62671287171293e-07
53.37,0.047101694850725,-6.57380988297923e-05,4.50491141969709e-06,-2.61748153550667e-07
53.38,0.0470852171652139,-6.56931669661441e-05,4.48351258266271e-06,-2.60832220168939e-07
53.39,0.047068750803704,-6.56484481525556e-05,4.46228492204361e-06,-2.59923540670246e-07
53.4,0.0470522957120822,-6.56039406805806e-05,4.44122775442993e-06,-2.59022157937698e-07
53.41,0.0470358518364176,-6.55596428509673e-05,4.42033997452175e-06,-2.5812811069556e-07
53.42,0.0470194191238651,-6.5515552978459e-05,4.39961990639102e-06,-2.57241436361999e-07
53.43,0.0470029975213118,-6.5471669396305e-05,4.37906575165693e-06,-2.56362151334706e-07
53.44,0.0469865869760477,-6.54279904542918e-05,4.35867580793509e-06,-2.55490241965001e-07
53.45,0.0469701874364574,-6.53845145208182e-05,4.33844825529034e-06,-2.54625680758592e-07
53.46,0.0469537988506552,-6.5341239979565e-05,4.3183817178577e-06,-2.53768402530188e-07
53.47,0.0469374211673985,-6.52981652280613e-05,4.29847479691542e-06,-2.52918331136255e-07
53.48,0.0469210543356295,-6.52552886779286e-05,4.27872605510209e-06,-2.52075382153841e-07
53.49,0.0469046983053891,-6.52126087560722e-05,4.25913396450154e-06,-2.51239465934659e-07
53.5,0.0468883530264428,-6.51701239012419e-05,4.23969760734569e-06,-2.50410457155967e-07
53.51,0.0468720184492035,-6.51278325617362e-05,4.22041596244364e-06,-2.49588232722323e-07
53.52,0.0468556945242717,-6.5085733193878e-05,4.2012884552191e-06,-2.48772651885674e-07
53.53,0.046839381203343,-6.50438242591672e-05,4.18231452894405e-06,-2.47963578585209e-07
53.54,0.0468230784378445,-6.50021042254662e-05,4.16349347793437e-06,-2.47160891585109e-07
53.55,0.0468067861798307,-6.49605715696273e-05,4.14482420913153e-06,-2.46364492786053e-07
53.56,0.0467905043815326,-6.49192247795121e-05,4.12630576451156e-06,-2.45574281794749e-07
53.57,0.0467742329962562,-6.48780623521238e-05,4.10793709817328e-06,-2.44790164661091e-07
53.58,0.0467579719770184,-6.48370827957829e-05,4.08971717317238e-06,-2.44012052986142e-07
53.59,0.0467417212774537,-6.47962846278625e-05,4.07164507480791e-06,-2.43239857611392e-07
53.6,0.0467254808515802,-6.47556663760829e-05,4.05371968037469e-06,-2.42473506215359e-07
53.61,0.046709250653568,-6.47152265806518e-05,4.0359396095084e-06,-2.4171294244761e-07
53.62,0.0466930306386368,-6.46749637970279e-05,4.01830335066794e-06,-2.40958118019692e-07
53.63,0.0466768207616974,-6.46348765931688e-05,4.00080977156532e-06,-2.40208967599142e-07
53.64,0.0466606209780247,-6.45949635496052e-05,3.98345758201915e-06,-2.39465436834698e-07
53.65,0.0466444312439416,-6.45552232574292e-05,3.96624589284066e-06,-2.3872745809791e-07
53.66,0.0466282515154504,-6.45156543164559e-05,3.94917381026202e-06,-2.37994970992856e-07
53.67,0.0466120817491378,-6.44762553360519e-05,3.93224031498262e-06,-2.37267928070842e-07
53.68,0.0465959219019458,-6.44370249372665e-05,3.9154441287894e-06,-2.36546298619025e-07
53.69,0.0465797719309302,-6.43979617524659e-05,3.89878431857022e-06,-2.35830038659685e-07
53.7,0.0465636317944087,-6.43590644234461e-05,3.88225982179935e-06,-2.35119113012292e-07
53.71,0.0465475014494467,-6.43203316019384e-05,3.86586981959959e-06,-2.34413480743075e-07
53.72,0.0465313808548196,-6.42817619471855e-05,3.84961351076801e-06,-2.33713104634023e-07
53.73,0.0465152699694089,-6.4243354127285e-05,3.83348995238572e-06,-2.3301796001499e-07
53.74,0.0464991687519767,-6.42051068210338e-05,3.81749793183539e-06,-2.3232803635821e-07
53.75,0.0464830771618363,-6.41670187201779e-05,3.80163623197091e-06,-2.31643323212562e-07
53.76,0.0464669951586272,-6.41290885270221e-05,3.78590378669943e-06,-2.30963800756179e-07
53.77,0.0464509227023111,-6.40913149557117e-05,3.77029944485854e-06,-2.30289453285562e-07
53.78,0.0464348597531767,-6.40536967298635e-05,3.75482234594492e-06,-2.2962025157332e-07
53.79,0.0464188062718236,-6.40162325822551e-05,3.73947152299743e-06,-2.28956172706923e-07
53.8,0.0464027622189516,-6.39789212560203e-05,3.72424586397685e-06,-2.28297200827764e-07
53.81,0.0463867275560137,-6.39417615068908e-05,3.70914405459914e-06,-2.27643327159459e-07
53.82,0.0463707022447855,-6.39047521014744e-05,3.69416520432543e-06,-2.2699452019957e-07
53.83,0.0463546862468958,-6.38678918148296e-05,3.67930845284433e-06,-2.26350745819235e-07
53.84,0.0463386795245073,-6.38311794311152e-05,3.66457284108565e-06,-2.25711975416368e-07
53.85,0.0463226820400857,-6.37946137453124e-05,3.64995718016537e-06,-2.2507818995923e-07
53.86,0.0463066937564074,-6.37581935632914e-05,3.63546056309166e-06,-2.24449355308249e-07
53.87,0.0462907146363154,-6.37219176994804e-05,3.62108204911737e-06,-2.23825436767137e-07
53.88,0.0462747446436405,-6.36857849776843e-05,3.60682082714875e-06,-2.23206394540426e-07
53.89,0.0462587837416004,-6.36497942284623e-05,3.59267623498119e-06,-2.22592182607827e-07
53.9,0.0462428318946246,-6.36139442899147e-05,3.57864744422895e-06,-2.21982764939011e-07
53.91,0.0462268890667499,-6.35782340094174e-05,3.56473341777219e-06,-2.21378115090421e-07
53.92,0.0462109552225343,-6.35426622457715e-05,3.55093304768909e-06,-2.20778207820559e-07
53.93,0.0461950303268184,-6.35072278671245e-05,3.53724543069915e-06,-2.20183005056515e-07
53.94,0.0461791143442802,-6.3471929751869e-05,3.52366953659521e-06,-2.19592473674048e-07
53.95,0.0461632072412437,-6.34367667869145e-05,3.51020460932576e-06,-2.19006567459094e-07
53.96,0.0461473089834108,-6.34017378668454e-05,3.49684986068691e-06,-2.18425242804524e-07
53.97,0.0461314195354001,-6.33668418947492e-05,3.48360436897873e-06,-2.17848463248545e-07
53.98,0.0461155388648375,-6.33320777846697e-05,3.47046693137762e-06,-2.17276204600594e-07
53.99,0.0460996669378018,-6.32974444607177e-05,3.45743674432171e-06,-2.16708421961533e-07
54,0.0460838037211007,-6.3262940855422e-05,3.44451286442355e-06,-2.16145075576964e-07
54.01,0.046067949181821,-6.32285659098499e-05,3.43169458844959e-06,-2.1558611640787e-07
54.02,0.0460521032873169,-6.31943185714511e-05,3.4189812579449e-06,-2.15031495281177e-07
54.03,0.0460362660052152,-6.31601977948749e-05,3.40637210522166e-06,-2.14481171436918e-07
54.04,0.0460204373029551,-6.31262025435247e-05,3.39386613909836e-06,-2.1393511534183e-07
54.05,0.0460046171500537,-6.30923317909193e-05,3.38146245200545e-06,-2.13393293311129e-07
54.06,0.0459888055131081,-6.30585845181822e-05,3.36916027801189e-06,-2.1285566377302e-07
54.07,0.0459730023621594,-6.30249597152469e-05,3.3569587480347e-06,-2.12322191698717e-07
54.08,0.0459572076656869,-6.29914563789333e-05,3.3448572571453e-06,-2.1179283140304e-07
54.09,0.0459414213928824,-6.29580735127398e-05,3.33285507276852e-06,-2.11267545775668e-07
54.1,0.0459256435131898,-6.29248101283107e-05,3.32095129674449e-06,-2.10746307163961e-07
54.11,0.0459098739958508,-6.28916652474664e-05,3.3091448901572e-06,-2.10229094070769e-07
54.12,0.0458941128121682,-6.28586379007457e-05,3.29743507537458e-06,-2.09715871225726e-07
54.13,0.0458783599305095,-6.28257271270488e-05,3.28582099199363e-06,-2.09206607078847e-07
54.14,0.0458626153226707,-6.27929319728527e-05,3.27430196215196e-06,-2.08701263029707e-07
54.15,0.0458468789588746,-6.27602514910845e-05,3.26287734667664e-06,-2.08199800929587e-07
54.16,0.0458311508100389,-6.27276847416177e-05,3.25154638831577e-06,-2.07702190286615e-07
54.17,0.045815430847318,-6.26952307931169e-05,3.24030810815142e-06,-2.07208411427996e-07
54.18,0.0457997190421011,-6.26628887233244e-05,3.22916173997584e-06,-2.06718433965998e-07
54.19,0.0457840153660118,-6.26306576172785e-05,3.21810648141594e-06,-2.06232228199421e-07
54.2,0.0457683197904526,-6.25985365679772e-05,3.20714164600021e-06,-2.05749760537168e-07
54.21,0.0457526322888739,-6.25665246743055e-05,3.19626664369533e-06,-2.05270994288103e-07
54.22,0.0457369528317795,-6.25346210413024e-05,3.18548084718361e-06,-2.04795897207483e-07
54.23,0.0457212813930736,-6.25028247815132e-05,3.17478336495117e-06,-2.04324450171959e-07
54.24,0.0457056179450746,-6.24711350168504e-05,3.16417334198844e-06,-2.0385663210005e-07
54.25,0.0456899624607674,-6.24395508762937e-05,3.15365008798817e-06,-2.03392412039716e-07
54.26,0.0456743149133647,-6.24080714967447e-05,3.14321280592434e-06,-2.02931764800801e-07
54.27,0.0456586752758428,-6.23766960215382e-05,3.13286093722169e-06,-2.02474654811526e-07
54.28,0.0456430435232136,-6.23454235999985e-05,3.1225938364444e-06,-2.020210523802e-07
54.29,0.045627419627527,-6.23142533881153e-05,3.11241081370736e-06,-2.01570931141988e-07
54.3,0.0456118035642206,-6.2283184550347e-05,3.10231090846811e-06,-2.01124276935278e-07
54.31,0.045596195307132,-6.22522162592384e-05,3.09229347954327e-06,-2.00681059403289e-07
54.32,0.0455805948307564,-6.22213476941025e-05,3.0823577604181e-06,-2.00241252891514e-07
54.33,0.045565002109802,-6.21905780412518e-05,3.07250317150418e-06,-1.99804824319848e-07
54.34,0.045549417118731,-6.21599064922805e-05,3.0627291661518e-06,-1.99371740234518e-07
54.35,0.0455338398340297,-6.21293322448446e-05,3.05303509197207e-06,-1.9894197433993e-07
54.36,0.0455182702292056,-6.20988545036659e-05,3.04342018059761e-06,-1.98515505771754e-07
54.37,0.0455027082811448,-6.20684724816636e-05,3.03388365734356e-06,-1.98092313148184e-07
54.38,0.045487153965575,-6.20381853982396e-05,3.02442488630086e-06,-1.97672367449805e-07
54.39,0.0454716072570562,-6.20079924796551e-05,3.01504322727856e-06,-1.97255640197236e-07
54.4,0.0454560681330758,-6.19778929576541e-05,3.00573813881066e-06,-1.96842099641804e-07
54.41,0.0454405365694921,-6.19478860695289e-05,2.99650906946887e-06,-1.96431716332763e-07
54.42,0.0454250125428235,-6.19179710586667e-05,2.98735532922676e-06,-1.96024467936478e-07
54.43,0.0454094960293157,-6.18881471764117e-05,2.9782761043795e-06,-1.95620337686693e-07
54.44,0.0453939870072242,-6.18584136808847e-05,2.96927079296076e-06,-1.95219297429561e-07
54.45,0.0453784854522672,-6.18287698366485e-05,2.96033873510361e-06,-1.94821321480731e-07
54.46,0.0453629913417108,-6.17992149140402e-05,2.95147941665501e-06,-1.94426378321891e-07
54.47,0.0453475046539245,-6.17697481885706e-05,2.94269229799261e-06,-1.94034439398937e-07
54.48,0.0453320253665463,-6.17403689412809e-05,2.93397681215284e-06,-1.93645478817915e-07
54.49,0.0453165534560345,-6.17110764598546e-05,2.92533220259953e-06,-1.93259479384967e-07
54.5,0.0453010889017573,-6.16818700393729e-05,2.91675781247387e-06,-1.92876418920804e-07
54.51,0.0452856316814394,-6.1652748980864e-05,2.90825302755733e-06,-1.92496271901007e-07
54.52,0.0452701817734429,-6.16237125914377e-05,2.89981731479443e-06,-1.92119009942775e-07
54.53,0.0452547391558467,-6.15947601827634e-05,2.89145022192938e-06,-1.91744602074682e-07
54.54,0.0452393038087315,-6.15658910715708e-05,2.88315120049959e-06,-1.91373024097319e-07
54.55,0.0452238757096195,-6.15371045803936e-05,2.87491962750653e-06,-1.91004255696096e-07
54.56,0.0452084548375673,-6.15084000389262e-05,2.86675478105039e-06,-1.9063828075923e-07
54.57,0.04519304117317,-6.14797767828762e-05,2.85865609493889e-06,-1.9027507489699e-07
54.58,0.0451776346940003,-6.14512341539795e-05,2.85062299891041e-06,-1.89914613790225e-07
54.59,0.0451622353809906,-6.14227714988172e-05,2.84265502963028e-06,-1.89556869117375e-07
54.6,0.0451468432129634,-6.13943881686018e-05,2.83475173157238e-06,-1.89201814085281e-07
54.61,0.0451314581711797,-6.1366083519655e-05,2.82691252563908e-06,-1.88849428681384e-07
54.62,0.045116080234334,-6.13378569147826e-05,2.8191367388338e-06,-1.88499697300409e-07
54.63,0.0451007093826519,-6.13097077228462e-05,2.81142382874499e-06,-1.88152597284342e-07
54.64,0.045085345597875,-6.12816353184992e-05,2.80377316122439e-06,-1.87808109922864e-07
54.65,0.0450699888587245,-6.12536390817075e-05,2.79618433832922e-06,-1.87466205943352e-07
54.66,0.0450546391472662,-6.12257183964274e-05,2.78865689771161e-06,-1.87126860411187e-07
54.67,0.0450392964434476,-6.11978726514246e-05,2.7811903646747e-06,-1.8679005084046e-07
54.68,0.0450239607296457,-6.11701012409937e-05,2.77378408739895e-06,-1.86455763160232e-07
54.69,0.045008631985203,-6.11424035657955e-05,2.76643753740098e-06,-1.8612397699676e-07
54.7,0.0449933101928064,-6.11147790310446e-05,2.75915024074587e-06,-1.85794668954913e-07
54.71,0.0449779953339204,-6.10872270467318e-05,2.75192173739799e-06,-1.85467816292587e-07
54.72,0.0449626873888,-6.10597470277987e-05,2.74475147144839e-06,-1.85143400845173e-07
54.73,0.0449473863405796,-6.10323383957636e-05,2.73763876797523e-06,-1.84821410149773e-07
54.74,0.0449320921711696,-6.1005000577253e-05,2.73058321039409e-06,-1.84501818629018e-07
54.75,0.0449168048612671,-6.09777330036523e-05,2.72358429574714e-06,-1.8418460495346e-07
54.76,0.0449015243939872,-6.09505351106856e-05,2.7166416331182e-06,-1.83869744079043e-07
54.77,0.0448862507525893,-6.0923406337866e-05,2.7097548477929e-06,-1.83557211771082e-07
54.78,0.0448709839182024,-6.08963461285767e-05,2.70292352833491e-06,-1.83246986683447e-07
54.79,0.0448557238734582,-6.08693539316312e-05,2.69614702238773e-06,-1.82939059112103e-07
54.8,0.0448404706020451,-6.0842429201779e-05,2.68942483956379e-06,-1.82633411193949e-07
54.81,0.0448252240868685,-6.08155713984064e-05,2.68275648208173e-06,-1.82330024114651e-07
54.82,0.0448099843096141,-6.07887799856235e-05,2.67614155112726e-06,-1.82028875163537e-07
54.83,0.044794751254833,-6.07620544314082e-05,2.66957961975579e-06,-1.81729943927264e-07
54.84,0.0447795249053922,-6.07353942080362e-05,2.66307027160747e-06,-1.81433210947737e-07
54.85,0.0447643052447484,-6.07087987925509e-05,2.65661294939747e-06,-1.81138662969821e-07
54.86,0.0447490922564882,-6.06822676678946e-05,2.65020711536566e-06,-1.80846285602113e-07
54.87,0.044733885923872,-6.06558003214358e-05,2.64385233032954e-06,-1.80556058600944e-07
54.88,0.0447186862321152,-6.06293962455493e-05,2.6375481082043e-06,-1.80267964369363e-07
54.89,0.044703493163377,-6.06030549360563e-05,2.63129418237954e-06,-1.79981975651463e-07
54.9,0.044688306703585,-6.05767758921419e-05,2.62509014156079e-06,-1.79698073743579e-07
54.91,0.0446731268351552,-6.0550558617156e-05,2.61893557389621e-06,-1.79416241099797e-07
54.92,0.0446579535438154,-6.05244026196841e-05,2.61282987772041e-06,-1.7913646858915e-07
54.93,0.0446427868135961,-6.04983074130652e-05,2.60677269441067e-06,-1.78858735211339e-07
54.94,0.0446276266291052,-6.04722725147035e-05,2.60076355443465e-06,-1.78583024538872e-07
54.95,0.0446124729750741,-6.04462974460858e-05,2.5948021288407e-06,-1.78309314704984e-07
54.96,0.0445973258359071,-6.04203817318177e-05,2.58888808544679e-06,-1.78037585095328e-07
54.97,0.0445821851979442,-6.03945249003024e-05,2.58302100784347e-06,-1.77767820334575e-07
54.98,0.0445670510444618,-6.03687264844225e-05,2.5772004141426e-06,-1.77500008079848e-07
54.99,0.0445519233620377,-6.03429860221598e-05,2.57142582325872e-06,-1.77234135271039e-07
55,0.0445368021355499,-6.03173030555694e-05,2.56569683302498e-06,-1.76970184470538e-07
