Time,e_y,e_yaw,e_yawrate,e_beta
0,-7.57870211032241e-09,4.06005699178523e-10,0,0
0.01,-7.64067475955699e-09,4.10903585660438e-10,5.76536872942704e-10,-6.23481099227827e-11
0.02,-7.81385001147328e-09,4.14902573662156e-10,9.82399538098544e-10,-2.04741743316406e-10
0.03,-8.08298405985397e-09,4.16844398313026e-10,1.40355911583863e-09,-4.02137095086555e-10
0.04,-8.41118463767998e-09,4.17964192783127e-10,1.8589277846689e-09,-6.2886233412835e-10
0.05,-8.76116068582178e-09,4.18808662457184e-10,2.30729340442399e-09,-8.65808550370671e-10
0.06,-9.08266173382799e-09,4.20821713820156e-10,2.71167051920553e-09,-1.09878982654106e-09
0.07,-9.34413524333877e-09,4.24391384090874e-10,3.04783021913464e-09,-1.31717041077412e-09
0.08,-9.51807965776652e-09,4.29346778669019e-10,3.30352840722917e-09,-1.51316806896267e-09
0.09,-9.58724744037909e-09,4.36734987443286e-10,3.47513632857845e-09,-1.68142806387706e-09
0.1,-9.54151158083505e-09,4.45560628014449e-10,3.5642160148898e-09,-1.8186609576157e-09
0.11,-9.38741440137392e-09,4.566287599841e-10,3.57488561171093e-09,-1.92330864759472e-09
0.12,-9.1290814907552e-09,4.6849448966149e-10,3.51230141402473e-09,-1.99521539426493e-09
0.13,-8.78855388464217e-09,4.81922520265307e-10,3.38177651367233e-09,-2.0353291683434e-09
0.14,-8.3794367000678e-09,4.95027912278333e-10,3.1885111205281e-09,-2.04542822037463e-09
0.15,-7.92979459873777e-09,5.08633542704284e-10,2.93750471143111e-09,-2.02789124352031e-09
0.16,-7.45610506669436e-09,5.20654951363978e-10,2.63378640412268e-09,-1.98549333839692e-09
0.17,-6.98485624894829e-09,5.31927108589192e-10,2.28254961121839e-09,-1.92124605565443e-09
0.18,-6.53046416942971e-09,5.40231071036343e-10,1.88945693785555e-09,-1.83825768341922e-09
0.19,-6.11179817866514e-09,5.46599314010858e-10,1.46073411518062e-09,-1.73963199021381e-09
0.2,-5.73767344747012e-09,5.48929304591767e-10,1.00339198405475e-09,-1.62837948859089e-09
0.21,-5.41572386936195e-09,5.48659331779953e-10,5.25153107252491e-10,-1.50736402735746e-09
0.22,-5.14703923926163e-09,5.43912903898583e-10,3.44979881302109e-11,-1.37925537419605e-09
0.23,-4.93016205638241e-09,5.3641378534833e-10,-4.59625565808789e-10,-1.24651360099214e-09
0.24,-4.76044625941086e-09,5.2455985160137e-10,-9.47922408550634e-10,-1.11137110321723e-09
0.25,-4.63071003764526e-09,5.10252786849422e-10,-1.42116231593916e-09,-9.75838829352503e-10
0.26,-4.53322979154791e-09,4.92108723971165e-10,-1.87036589374202e-09,-8.4170355326431e-10
0.27,-4.45875514287764e-09,4.72152730974363e-10,-2.28722666498015e-09,-7.10543517832382e-10
0.28,-4.39913172556317e-09,4.49143950501936e-10,-2.66426629757849e-09,-5.8373113874628e-10
0.29,-4.34569447094191e-09,4.25148445970383e-10,-2.99518679534427e-09,-4.62450811574274e-10
0.3,-4.29223856457384e-09,3.99046091644727e-10,-3.27493067862043e-09,-3.47701947855201e-10
0.31,-4.23231227841825e-09,3.72797142872548e-10,-3.49991701874788e-09,-2.40315598083929e-10
0.32,-4.16287893045819e-09,3.4542826393277e-10,-3.66798389451878e-09,-1.40956301318889e-10
0.33,-4.08002165386279e-09,3.18692876295484e-10,-3.77848957916701e-09,-5.01363791152409e-11
0.34,-3.98452026928453e-09,2.9168484435094e-10,-3.83215023214733e-09,3.17826471690661e-11
0.35,-3.87380527655523e-09,2.65966584413962e-10,-3.83033359497127e-09,1.04601596875592e-10
0.36,-3.75280428954738e-09,2.40698444823206e-10,-3.7769821098879e-09,1.68203232103626e-10
0.37,-3.61866181464165e-09,2.17370516572343e-10,-3.6563915663719e-09,2.24084428685873e-10
0.38,-3.47366935216087e-09,1.95658321042283e-10,-3.51775463548427e-09,2.71439838493326e-10
0.39,-3.32546257197919e-09,1.75028260785084e-10,-3.34467634814458e-09,3.11689574718661e-10
0.4,-3.16961390467441e-09,1.56552782561334e-10,-3.13892302786424e-09,3.45608178804754e-10
0.41,-3.0180924426304e-09,1.39414973739647e-10,-2.90558636585617e-09,3.72859266958676e-10
0.42,-2.86347656697217e-09,1.24459848808847e-10,-2.6518509638386e-09,3.92921314939001e-10
0.43,-2.71814393215664e-09,1.10992178466282e-10,-2.38474172629369e-09,4.05531122367087e-10
0.44,-2.57160692740399e-09,9.96256127780286e-11,-2.11030368830244e-09,4.10758798965509e-10
0.45,-2.43664199928162e-09,8.97972337338565e-11,-1.83355605303185e-09,4.08944040154966e-10
0.46,-2.300385659737e-09,8.1929668842993e-11,-1.55890714257074e-09,4.00599339645321e-10
0.47,-2.17590656603761e-09,7.55994617083561e-11,-1.29033919098097e-09,3.86346254093423e-10
0.48,-2.04878958243171e-09,7.09878406111873e-11,-1.03158343452737e-09,3.66869490335001e-10
0.49,-1.93248883562092e-09,6.7833951885712e-11,-7.86025322610043e-10,3.42896430040946e-10
0.5,-1.81173209767849e-09,6.61258059629825e-11,-5.56700609062249e-10,3.15176249560535e-10
0.51,-1.70061120741138e-09,6.57262908657002e-11,-3.46180522207159e-10,2.84468058120197e-10
0.52,-1.58353152812651e-09,6.64543104122471e-11,-1.56599024028974e-10,2.51523049254445e-10
0.53,-1.47549439333261e-09,6.82193251169395e-11,1.04004845312939e-11,2.17073533418607e-10
0.54,-1.36084032931194e-09,7.07301400747857e-11,1.53608289442268e-10,1.81817968297066e-10
0.55,-1.25538601736253e-09,7.39929429059743e-11,2.72283706033357e-10,1.46413658912225e-10
0.56,-1.14356257796544e-09,7.76088488472394e-11,3.66095951758512e-10,1.11466111665248e-10
0.57,-1.0419078932955e-09,8.16005287089289e-11,4.35147561197582e-10,7.75250982678102e-11
0.58,-9.34821997589097e-10,8.55389430954795e-11,4.79918201503951e-10,4.50780715785322e-11
0.59,-8.39339264757655e-10,8.94910065068673e-11,5.01288697945902e-10,1.45499683762621e-11
0.6,-7.39675876104684e-10,9.30074302698428e-11,5.00055299220585e-10,-1.3714893537233e-11
0.61,-6.53219700552654e-10,9.618820091285e-11,4.78009030310246e-10,-3.94151597384715e-11
0.62,-5.63761481942038e-10,9.86186009912856e-11,4.37310898972089e-10,-6.2306514329076e-11
0.63,-4.88445728308307e-10,1.00434916397302e-10,3.8445468993221e-10,-8.17883619587806e-11
0.64,-4.10848244314366e-10,1.01232873951262e-10,3.09658221066763e-10,-9.829579377171e-11
0.65,-3.48278739181751e-10,1.01169182036029e-10,2.24177288068465e-10,-1.113574442854e-10
0.66,-2.83938206280254e-10,9.99085222745488e-11,1.32309667177279e-10,-1.20986801497638e-10
0.67,-2.26208385356585e-10,9.75624051553297e-11,3.59359658895791e-11,-1.27396723999139e-10
0.68,-1.83586479352016e-10,9.4201410220716e-11,-6.28661629646563e-11,-1.30843662312763e-10
0.69,-1.38520306336432e-10,8.96567794669401e-11,-1.62070962263507e-10,-1.31490825105029e-10
0.7,-1.07477582389492e-10,8.4141067478485e-11,-2.59751672905046e-10,-1.29615007803957e-10
0.71,-7.30242533109049e-11,7.75082593219309e-11,-3.54400842569656e-10,-1.25453921957882e-10
0.72,-5.11590769747272e-11,7.00303838101149e-11,-4.43178919176375e-10,-1.19314453340119e-10
0.73,-2.47997178348669e-11,6.15697093200193e-11,-5.23339673613344e-10,-1.11519677522536e-10
0.74,-9.43156663879563e-12,5.24938540059038e-11,-5.92549508979121e-10,-1.02381691647464e-10
0.75,1.14246390126027e-11,4.26778041249519e-11,-6.48974464878918e-10,-9.21948313037804e-11
0.76,2.27258212248671e-11,3.25235306644726e-11,-6.912118598498e-10,-8.12314796780341e-11
0.77,4.01705335661973e-11,2.19267823401569e-11,-7.18289778992594e-10,-6.97444588228585e-11
0.78,4.91793272772156e-11,1.13247562078796e-11,-7.2960512145111e-10,-5.79656127500622e-11
0.79,6.47064624104132e-11,5.73085974456729e-13,-7.24938778621789e-10,-4.61082904537812e-11
0.8,7.25641768895002e-11,-9.87008870989983e-12,-7.04406149938923e-10,-3.43658055706666e-11
0.81,8.7033491524835e-11,-2.01512193884365e-11,-6.68463988042139e-10,-2.29130084261201e-11
0.82,9.43396472052882e-11,-2.98128495025367e-11,-6.17857111745517e-10,-1.19046119299174e-11
0.83,1.08199671444709e-10,-3.90343647763349e-11,-5.53618445225087e-10,-1.47683002583051e-12
0.84,1.15176312931453e-10,-4.73697905597793e-11,-4.76940006090325e-10,8.25388167335295e-12
0.85,1.28512311903251e-10,-5.50466895871769e-11,-3.88771067769847e-10,1.72162777846006e-11
0.86,1.35242927967738e-10,-6.16110175790642e-11,-2.91469746359447e-10,2.52959037782364e-11
0.87,1.48086876095022e-10,-6.73471593712904e-11,-1.86816954053263e-10,3.243407947013e-11
0.88,1.54481760716862e-10,-7.18299620955639e-11,-7.66887071727543e-11,3.85888917603764e-11
0.89,1.66828328929114e-10,-7.53819551505549e-11,3.69639886010494e-11,4.37339400688261e-11
0.9,1.72987846269734e-10,-7.76163252404076e-11,1.521741139885e-10,4.78591044897272e-11
0.91,1.84893877985814e-10,-7.8895293710065e-11,2.66977444077666e-10,5.09687477717962e-11
0.92,1.90854443360422e-10,-7.88708809788008e-11,3.79463454014245e-10,5.30815816798089e-11
0.93,2.02488692480074e-10,-7.79071446775298e-11,4.87889652029031e-10,5.42397250963821e-11
0.94,2.08418171609992e-10,-7.57477145485079e-11,5.9014700230861e-10,5.44637560376996e-11
0.95,2.19912088539331e-10,-7.27569962654997e-11,6.85007290220562e-10,5.38177905302442e-11
0.96,2.25995222535857e-10,-6.87338296746522e-11,7.71094689021731e-10,5.23582665989784e-11
0.97,2.37595720875561e-10,-6.40338291711935e-11,8.47056160127478e-10,5.01438549875682e-11
0.98,2.49285925235654e-10,-5.86244147257343e-11,9.11741108912803e-10,4.72440515809658e-11
0.99,2.56012100408043e-10,-5.24931857395707e-11,9.64238775048734e-10,4.37383864299617e-11
1,2.68035371675523e-10,-4.60205522643683e-11,1.00388779629598e-09,3.97139806050531e-11
1.01,2.75385936276962e-10,-3.90705345569887e-11,1.03010786988474e-09,3.52522719050575e-11
1.02,2.87778689767038e-10,-3.20411278342798e-11,1.04288938996397e-09,3.04407680354516e-11
1.03,2.95736768407551e-10,-2.48150734818121e-11,1.04247399652838e-09,2.53678360264817e-11
1.04,3.08512326796517e-10,-1.77431132171317e-11,1.02912778007e-09,2.01293480568832e-11
1.05,3.17027293306182e-10,-1.07094950825276e-11,1.00324304218423e-09,1.48268278631099e-11
1.06,3.29976046486991e-10,-4.10265007653368e-12,9.65391149999298e-10,9.55926623206216e-12
1.07,3.3877523009096e-10,2.25120368048696e-12,9.16360457251926e-10,4.41982489784522e-12
1.08,3.51610296434046e-10,7.96808881920549e-12,8.57128115721057e-10,-5.06397658816898e-13
1.09,3.60318885839206e-10,1.32091762806779e-11,7.88837207178802e-10,-5.14276822344783e-12
1.1,3.72705422080344e-10,1.76627347890292e-11,7.12758971756622e-10,-9.42209002661747e-12
1.11,3.80964593205135e-10,2.14755334834855e-11,6.30277259998918e-10,-1.32863750764132e-11
1.12,3.92463839204993e-10,2.43723019627868e-11,5.42158185314331e-10,-1.67124359894331e-11
1.13,3.99856148192157e-10,2.6532143561009e-11,4.50711281686056e-10,-1.9632428581253e-11
1.14,4.1015457696858e-10,2.77174360960355e-11,3.57469728211795e-10,-2.20184368403113e-11
1.15,4.16395806723813e-10,2.81308126503068e-11,2.63977984019553e-10,-2.38547518095744e-11
1.16,4.25169233153611e-10,2.75664481611539e-11,1.7175884799312e-10,-2.51351841153574e-11
1.17,4.299387512674e-10,2.6248175952846e-11,8.22920724381752e-11,-2.58629490874191e-11
1.18,4.3698822338456e-10,2.40257212582003e-11,-3.0179915233188e-12,-2.60507590755854e-11
1.19,4.40135039525558e-10,2.11255103686155e-11,-8.28566374677186e-11,-2.57197640261934e-11
1.2,4.45290915251917e-10,1.74102681511384e-11,-1.56518441682446e-10,-2.49370856003366e-11
1.21,4.46688019906105e-10,1.3168599832836e-11,-2.21747067568202e-10,-2.3701247834805e-11
1.22,4.49909443034358e-10,8.28852922525789e-12,-2.78207378336423e-10,-2.20845144725695e-11
1.23,4.49480452857642e-10,3.0261889262773e-12,-3.25505216625839e-10,-2.01492210304907e-11
1.24,4.50804726881415e-10,-2.66622401235355e-12,-3.63037634711364e-10,-1.79358081325517e-11
1.25,4.48641124251026e-10,-8.5600629599708e-12,-3.90295983501703e-10,-1.54831394024019e-11
1.26,4.48081571846615e-10,-1.46821853332651e-11,-4.06982364720314e-10,-1.28342861734749e-11
1.27,4.46604531134653e-10,-2.08615879195576e-11,-4.13011448498299e-10,-1.00357635197098e-11
1.28,4.41986003352213e-10,-2.69109938187813e-11,-4.0850590838379e-10,-7.13672517570086e-12
1.29,4.38881819775361e-10,-3.2887563202949e-11,-3.93776400782265e-10,-4.18763251838949e-12
1.3,4.32899049940261e-10,-3.85354185468576e-11,-3.69392826902269e-10,-1.24709414463451e-12
1.31,4.28408419850257e-10,-4.39222385219273e-11,-3.35854881225952e-10,1.63695957027353e-12
1.32,4.21326973309988e-10,-4.87927885255325e-11,-2.93851970599083e-10,4.41594638162955e-12
1.33,4.15762535510567e-10,-5.32396946382948e-11,-2.43973744111103e-10,7.06260734608973e-12
1.34,4.0787284660837e-10,-5.70268759749225e-11,-1.87357555033598e-10,9.54270190034592e-12
1.35,4.0156500347166e-10,-6.02377345110604e-11,-1.25528698203312e-10,1.18061017122245e-11
1.36,3.93220567218577e-10,-6.27049526926231e-11,-5.96611423870997e-11,1.38268140133667e-11
1.37,3.86515708328261e-10,-6.45145511640736e-11,9.02233840150115e-12,1.55801202326341e-11
1.38,3.78094000552665e-10,-6.55270760005134e-11,7.92787731199679e-11,1.70445236882048e-11
1.39,3.71362496309757e-10,-6.58504461766203e-11,1.49860941881858e-10,1.82025225238426e-11
1.4,3.6317882035064e-10,-6.537243455837e-11,2.19540030132712e-10,1.90413055647157e-11
1.41,3.56725315953099e-10,-6.42324916435816e-11,2.87121297404234e-10,1.95529094364222e-11
1.42,3.49118955966787e-10,-6.23346075113285e-11,3.51466379791677e-10,1.97345605252888e-11
1.43,3.43272077429901e-10,-5.98400912363474e-11,4.11509064068486e-10,1.95886931453697e-11
1.44,3.36466854378159e-10,-5.66832755227808e-11,4.6627302931131e-10,1.91229356585909e-11
1.45,3.31491278870999e-10,-5.30096190806374e-11,5.14885424640212e-10,1.83499185016917e-11
1.46,3.2577052166971e-10,-4.8814325602174e-11,5.56590804382291e-10,1.7287106852689e-11
1.47,3.21810134096268e-10,-4.42591237593923e-11,5.90679238311069e-10,1.59562338683936e-11
1.48,3.17219139844838e-10,-3.93267612778493e-11,6.1646903845172e-10,1.43384771692023e-11
1.49,3.14366310760761e-10,-3.41952832834388e-11,6.34537132838103e-10,1.25166801288083e-11
1.5,3.10977021911185e-10,-2.88549514316169e-11,6.43959372755771e-10,1.04858788215511e-11
1.51,3.09285930200076e-10,-2.34617441941363e-11,6.44446334755691e-10,8.28100434208934e-12
1.52,3.0708147136238e-10,-1.80528354998917e-11,6.36148531910041e-10,5.95542994013113e-12
1.53,3.06433101115999e-10,-1.27767378368785e-11,6.19417609897151e-10,3.56435589203871e-12
1.54,3.06260794502577e-10,-7.67371858633684e-12,5.94703487679086e-10,1.15883798594732e-12
1.55,3.05559133551014e-10,-2.80097588251281e-12,5.6252801983814e-10,-1.21524364583464e-12
1.56,3.06203951083717e-10,1.70044647943299e-12,5.23493879925657e-10,-3.5164594066578e-12
1.57,3.06323855170376e-10,5.84709205644296e-12,4.78298695573537e-10,-5.70672732677804e-12
1.58,3.07626812912076e-10,9.50606901596729e-12,4.27732636968868e-10,-7.7511704627621e-12
1.59,3.08329362042059e-10,1.2679574973484e-11,3.72310280725654e-10,-9.63013372824583e-12
1.6,3.10019565574748e-10,1.52937884568632e-11,3.13097129493431e-10,-1.13135052166491e-11
1.61,3.11045411649502e-10,1.73430635642122e-11,2.51421217681865e-10,-1.2752698297995e-11
1.62,3.12891934584059e-10,1.87716679608613e-11,1.88243654860137e-10,-1.39266589571021e-11
1.63,3.14046566529669e-10,1.96278454639204e-11,1.24519364880579e-10,-1.48181024145701e-11
1.64,3.1579183712438e-10,1.98316802640532e-11,6.1256604813145e-11,-1.54177594989555e-11
1.65,3.16636494801514e-10,1.94510822538797e-11,-5.40690224427909e-13,-1.57234505504142e-11
1.66,3.18030046742024e-10,1.84792819430681e-11,-5.99072128341401e-11,-1.57386756000694e-11
1.67,3.18606474536409e-10,1.69770161000192e-11,-1.15933344422549e-10,-1.54717501496127e-11
1.68,3.19329451770045e-10,1.49196673345822e-11,-1.67784919745183e-10,-1.4935823726467e-11
1.69,3.19319681807428e-10,1.24384661085401e-11,-2.14711854143897e-10,-1.41484210481913e-11
1.7,3.19310800023231e-10,9.48718996486716e-12,-2.56055395944239e-10,-1.31307338193664e-11
1.71,3.18562065615424e-10,6.22916806069538e-12,-2.91261704568986e-10,-1.19075111905166e-11
1.72,3.17721848830388e-10,2.62750078357463e-12,-3.19884589023767e-10,-1.05061881859845e-11
1.73,3.16084047824461e-10,-1.17036328425832e-12,-3.41596461353473e-10,-8.95667451519908e-12
1.74,3.14380521615476e-10,-5.14392508454991e-12,-3.56187458419652e-10,-7.29046042259436e-12
1.75,3.1173197356793e-10,-9.21895852616066e-12,-3.63568775440601e-10,-5.54013402942774e-12
1.76,3.09235304030153e-10,-1.32785263728598e-11,-3.63772983024138e-10,-3.73887184681853e-12
1.77,3.05732328342856e-10,-1.72994098779683e-11,-3.56946044842549e-10,-1.91945321640377e-12
1.78,3.02232017190818e-10,-2.12063052337415e-11,-3.43353943966633e-10,-1.14455629899546e-13
1.79,2.97936786353148e-10,-2.49252489045977e-11,-3.23480727443319e-10,1.63684025934321e-12
1.8,2.9375346599636e-10,-2.83833227773557e-11,-2.97498174269401e-10,3.31461266661943e-12
1.81,2.8883828662174e-10,-3.15365433084794e-11,-2.6609147610922e-10,4.8885417163265e-12
1.82,2.83965739811265e-10,-3.43437487766225e-11,-2.29626264731239e-10,6.34442836945589e-12
1.83,2.78824074939621e-10,-3.67696872655184e-11,-1.89002010421257e-10,7.66043673563117e-12
1.84,2.73161049335613e-10,-3.87339591253055e-11,-1.45227237349816e-10,8.80981938651462e-12
1.85,2.67729838299147e-10,-4.02389075031044e-11,-9.90469760673114e-11,9.78442911994126e-12
1.86,2.618847361191e-10,-4.12636414581682e-11,-5.12627861538908e-11,1.05758326072418e-11
1.87,2.56359378170146e-10,-4.17870641259655e-11,-2.70634936424873e-12,1.11766656248135e-11
1.88,2.50608422902587e-10,-4.18082791158583e-11,4.58977315133007e-11,1.15862726679169e-11
1.89,2.45275799670708e-10,-4.13361864733959e-11,9.36105957145935e-11,1.18096064453164e-11
1.9,2.39812614211132e-10,-4.0381374753306e-11,1.39596263054596e-10,1.18522851701771e-11
1.91,2.34833485990293e-10,-3.89670753383944e-11,1.83026652010854e-10,1.17194405963335e-11
1.92,2.29875674051527e-10,-3.71407854147095e-11,2.23224794645026e-10,1.14134425933011e-11
1.93,2.25349516824735e-10,-3.49361919225853e-11,2.59597605146032e-10,1.09373904215633e-11
1.94,2.21084484053335e-10,-3.23625337814755e-11,2.9161915714137e-10,1.02970294513486e-11
1.95,2.1745893974412e-10,-2.94787188275145e-11,3.18836757836238e-10,9.50126669742677e-12
1.96,2.14001261156227e-10,-2.63499273410069e-11,3.40875670192737e-10,8.56176770368212e-12
1.97,2.11223927237825e-10,-2.30133730999581e-11,3.57445166916306e-10,7.49261924169163e-12
1.98,2.08652650712793e-10,-1.95426253789879e-11,3.68201118847583e-10,6.3019765254835e-12
1.99,2.06759054321992e-10,-1.59872758071423e-11,3.73242696717875e-10,5.00040235833998e-12
2,2.05073291681401e-10,-1.23943594087153e-11,3.72857391568724e-10,3.62484861370345e-12
2.01,2.04043004714549e-10,-8.82648440420414e-12,3.66691827727994e-10,2.17744126947028e-12
2.02,2.03061567560781e-10,-5.38051942207544e-12,3.54833197040207e-10,6.85167156807511e-13
2.03,2.02748928757046e-10,-2.0625853578012e-12,3.37622166686785e-10,-8.16466834171463e-13
2.04,2.02625471956708e-10,1.07932665520573e-12,3.15507737825497e-10,-2.29268849891341e-12
2.05,2.03026040423993e-10,3.98773086826834e-12,2.8897633727924e-10,-3.71316146380146e-12
2.06,2.03487005023817e-10,6.6139029845883e-12,2.58539673377605e-10,-5.05227576943567e-12
2.07,2.04355643518284e-10,8.91007764893894e-12,2.24248333239289e-10,-6.30531437025462e-12
2.08,2.05229611083269e-10,1.08592494882805e-11,1.87053523216811e-10,-7.44034782699991e-12
2.09,2.06427763771444e-10,1.24294757449235e-11,1.47804426954975e-10,-8.42950432025047e-12
2.1,2.07533545903971e-10,1.35937754782874e-11,1.07143844438205e-10,-9.26094405783971e-12
2.11,2.08705941417975e-10,1.43345222180716e-11,6.57410409250949e-11,-9.92443407824726e-12
2.12,2.10026662728069e-10,1.4696012500607e-11,2.42745019853285e-11,-1.0412245862333e-11
2.13,2.11146655715311e-10,1.46485120814754e-11,-1.65824804840942e-11,-1.07195237456018e-11
2.14,2.12351025652424e-10,1.42050094715297e-11,-5.61817734762466e-11,-1.0844926709974e-11
2.15,2.13275619387332e-10,1.33689345446343e-11,-9.39074311622274e-11,-1.07903338505563e-11
2.16,2.14160245093353e-10,1.21840368258799e-11,-1.29184376064285e-10,-1.05605903212101e-11
2.17,2.14726014746702e-10,1.06561031544014e-11,-1.61367355713012e-10,-1.0157436413618e-11
2.18,2.15215401055957e-10,8.84072546752324e-12,-1.90099959363796e-10,-9.58329566637898e-12
2.19,2.15313100682124e-10,6.75155165486749e-12,-2.15068547507579e-10,-8.84568893299262e-12
2.2,2.15152340388158e-10,4.42424489638214e-12,-2.35987712348435e-10,-7.95862701987912e-12
2.21,2.14675388576779e-10,1.92174372528468e-12,-2.52548138738634e-10,-6.94403234779376e-12
2.22,2.14098072603974e-10,-6.95907712282247e-13,-2.64498364214968e-10,-5.82685513913499e-12
2.23,2.13078443778159e-10,-3.43235118082687e-12,-2.7168872477864e-10,-4.63265889857529e-12
2.24,2.11922035475709e-10,-6.18877196227109e-12,-2.74074896688056e-10,-3.38693635718959e-12
2.25,2.10344630602322e-10,-8.94184740773279e-12,-2.71700205196149e-10,-2.11430403002655e-12
2.26,2.08624229003362e-10,-1.16464403376647e-11,-2.6469246989197e-10,-8.3867989447469e-13
2.27,2.06490824439243e-10,-1.42555881534755e-11,-2.53255190667664e-10,4.16917473433294e-13
2.28,2.04235739431624e-10,-1.672798887804e-11,-2.37661254642521e-10,1.63073304017475e-12
2.29,2.01653804765556e-10,-1.90136093320421e-11,-2.18246152560146e-10,2.78259291974237e-12
2.3,1.98968841402802e-10,-2.10864970648522e-11,-1.95402407665132e-10,3.85409440391989e-12
2.31,1.95981897377351e-10,-2.29204303425276e-11,-1.69078896962771e-10,4.84588507871363e-12
2.32,1.92969196177728e-10,-2.44670982362153e-11,-1.4012498994399e-10,5.73075077348979e-12
2.33,1.89781523829424e-10,-2.57040793982549e-11,-1.09278886009397e-10,6.48551877502084e-12
2.34,1.86636484045266e-10,-2.66162409708774e-11,-7.70679651036959e-11,7.10278514063879e-12
2.35,1.83317361290847e-10,-2.72186342648717e-11,-4.40456528717545e-11,7.57620945536969e-12
2.36,1.8011014901731e-10,-2.74805413247628e-11,-1.07742855648129e-11,7.90156077134967e-12
2.37,1.769402402374e-10,-2.73928249286769e-11,2.21918825002336e-11,8.07738905515355e-12
2.38,1.73865366548398e-10,-2.69978118145607e-11,5.43119460161693e-11,8.1048033443842e-12
2.39,1.70857106240874e-10,-2.62798475694662e-11,8.5064705525783e-11,7.98715059793372e-12
2.4,1.67869274037002e-10,-2.52902848660724e-11,1.13961516880941e-10,7.73024631098714e-12
2.41,1.6518164613899e-10,-2.39891015130982e-11,1.40553999675518e-10,7.34219448885017e-12
2.42,1.62571289763491e-10,-2.24626893799352e-11,1.64443608389679e-10,6.83336659571308e-12
2.43,1.60316204755873e-10,-2.06966093377071e-11,1.85279401460747e-10,6.21562660842675e-12
2.44,1.58167701158618e-10,-1.87399664147387e-11,2.02768808409773e-10,5.50242124821167e-12
2.45,1.56408219709192e-10,-1.66283242209273e-11,2.16713289573166e-10,4.70833042714942e-12
2.46,1.54797064055856e-10,-1.44056838391294e-11,2.26950375263365e-10,3.85910885464886e-12
2.47,1.53704604599625e-10,-1.20669222617357e-11,2.33318285400544e-10,2.96995410386175e-12
2.48,1.52661883134897e-10,-9.71261475121838e-12,2.35678201417011e-10,2.06110582602375e-12
2.49,1.52005519282739e-10,-7.35706639005229e-12,2.34082467513025e-10,1.1458191283725e-12
2.5,1.51494816691411e-10,-5.03808597271544e-12,2.28664926719642e-10,2.35174091733217e-13
2.51,1.51370471712653e-10,-2.78516331750221e-12,2.19611706451776e-10,-6.5990056406649e-13
2.52,1.51382906210529e-10,-6.67682219896099e-13,2.07153421683994e-10,-1.52823848292689e-12
2.53,1.51752388433124e-10,1.32487322660841e-12,1.91562622528657e-10,-2.35864517652202e-12
2.54,1.52218682103467e-10,3.14633486893221e-12,1.73157026343072e-10,-3.13984313520278e-12
2.55,1.5315571033625e-10,4.80397445177447e-12,1.52003466611489e-10,-3.87001300498234e-12
2.56,1.53979051731312e-10,6.20065108839752e-12,1.28406472573802e-10,-4.54552643725328e-12
2.57,1.55032431337077e-10,7.35164272792072e-12,1.03236979013462e-10,-5.13469506128038e-12
2.58,1.56055612876571e-10,8.23609340874557e-12,7.69075609815682e-11,-5.63237824287853e-12
2.59,1.5727330548998e-10,8.86103318127857e-12,4.98588916465807e-11,-6.03284243767377e-12
2.6,1.58388857585123e-10,9.21439459309305e-12,2.25424046259002e-11,-6.33115507389102e-12
2.61,1.59618096517988e-10,9.28559593403936e-12,-4.59444536170024e-12,-6.52401903245585e-12
2.62,1.60790492031992e-10,9.12467926895977e-12,-3.11141278284712e-11,-6.60985574585213e-12
2.63,1.61995750147526e-10,8.6853831589042e-12,-5.65957573255025e-11,-6.58875891379923e-12
2.64,1.62904356670879e-10,7.98200026904784e-12,-8.06470593036598e-11,-6.46285097380198e-12
2.65,1.6382006862159e-10,7.06449306811067e-12,-1.02904899704366e-10,-6.23587582377415e-12
2.66,1.6444179351538e-10,5.91904602862878e-12,-1.23036268251041e-10,-5.9127542213851e-12
2.67,1.65051083911294e-10,4.59329594391957e-12,-1.40749286835662e-10,-5.49996464143646e-12
2.68,1.65514713046377e-10,3.12256270404037e-12,-1.5579491851103e-10,-5.00527620703861e-12
2.69,1.6568435512454e-10,1.51800816149381e-12,-1.679733196434e-10,-4.43776654854805e-12
2.7,1.65669256091405e-10,-2.19452083981953e-13,-1.77139064427311e-10,-3.80788110217334e-12
2.71,1.65306879296168e-10,-2.03015560826675e-12,-1.83130346759459e-10,-3.12353833992998e-12
2.72,1.64869007335255e-10,-3.88471973154847e-12,-1.85987865350018e-10,-2.39447945318394e-12
2.73,1.64102509359054e-10,-5.74067217249148e-12,-1.85737741186542e-10,-1.62868619011492e-12
2.74,1.63342228631791e-10,-7.5607521637092e-12,-1.82464896609832e-10,-8.39361734755925e-13
2.75,1.62210689325093e-10,-9.33961152378291e-12,-1.76257405284635e-10,-4.24605400561831e-14
2.76,1.60957469574896e-10,-1.1059662157105e-11,-1.67237701173312e-10,7.44662865402048e-13
2.77,1.59430690871432e-10,-1.26736852561464e-11,-1.55580071950662e-10,1.50559449022431e-12
2.78,1.57842627857008e-10,-1.41499524299424e-11,-1.4150863562289e-10,2.2258613099913e-12
2.79,1.55952584179886e-10,-1.54898024438341e-11,-1.25145716024496e-10,2.89586135707324e-12
2.8,1.54178003697325e-10,-1.66089407638889e-11,-1.06408892461753e-10,3.5244716379393e-12
2.81,1.51969992145951e-10,-1.75757208242418e-11,-8.62558463401895e-11,4.07097760471387e-12
2.82,1.49803724980302e-10,-1.83182315081386e-11,-6.50235686877086e-11,4.53006106277433e-12
2.83,1.47411860496049e-10,-1.88606692829391e-11,-4.30669622757093e-11,4.89691105894381e-12
2.84,1.45083944858015e-10,-1.91824125882375e-11,-2.07515598821726e-11,5.16783507826495e-12
2.85,1.42748923792624e-10,-1.92530473958559e-11,1.55812721891862e-12,5.34085443902883e-12
2.86,1.40457423469798e-10,-1.91211393622148e-11,2.35029096266773e-11,5.41570383600956e-12
2.87,1.38069111699224e-10,-1.87811760784159e-11,4.47296492133377e-11,5.3934391623355e-12
2.88,1.35869981932046e-10,-1.82355641369449e-11,6.49031075520059e-11,5.2767696782597e-12
2.89,1.33674404878548e-10,-1.74944229119857e-11,8.37136822823413e-11,5.07018889907823e-12
2.9,1.31907818001764e-10,-1.65396093227891e-11,1.00879320702261e-10,4.77960892366947e-12
2.91,1.30144783838659e-10,-1.54488902252836e-11,1.16148008365325e-10,4.41212425566428e-12
2.92,1.28656196807242e-10,-1.42268940725536e-11,1.2929573744355e-10,3.9754558804116e-12
2.93,1.27317711928754e-10,-1.28760772072131e-11,1.40139021707928e-10,3.47842713314519e-12
2.94,1.26306964887135e-10,-1.14311796044036e-11,1.48538280001777e-10,2.93095472038103e-12
2.95,1.25688792707024e-10,-9.88084030006442e-12,1.54395779207268e-10,2.34352045761058e-12
2.96,1.2501999435699e-10,-8.32050148638249e-12,1.57654699010424e-10,1.72688483338845e-12
2.97,1.24683374735923e-10,-6.73421392688985e-12,1.58295878879771e-10,1.09163197136939e-12
2.98,1.24402710355298e-10,-5.16355707477247e-12,1.56348123217329e-10,4.48756961039289e-13
2.99,1.24420473923692e-10,-3.627371452408e-12,1.51884767653401e-10,-1.90652741480851e-13
3,1.2466472298911e-10,-2.11264688801819e-12,1.45021444463224e-10,-8.15718725347326e-13
3.01,1.24978249971264e-10,-7.24361596895836e-13,1.3592413739367e-10,-1.4154185963778e-12
3.02,1.25305987808133e-10,5.71361304452799e-13,1.24752128883805e-10,-1.98015570397489e-12
3.03,1.25837118503114e-10,1.73493540746229e-12,1.11646820626084e-10,-2.50129669528127e-12
3.04,1.26397559085945e-10,2.77336461741545e-12,9.63150158439829e-11,-2.99847014794363e-12
3.05,1.27213795053649e-10,3.66804430062643e-12,7.97484427567288e-11,-3.43033934375008e-12
3.06,1.27859500764771e-10,4.34843096746175e-12,6.22247064332028e-11,-3.7949869750449e-12
3.07,1.28615340599936e-10,4.86591272201876e-12,4.39683328658947e-11,-4.09623946783597e-12
3.08,1.29300126161525e-10,5.19133796662179e-12,2.5461595673157e-11,-4.32620669828537e-12
3.09,1.30189192759644e-10,5.36573670522953e-12,6.93294833285681e-12,-4.48792457435613e-12
3.1,1.30712329848848e-10,5.31274274734475e-12,-1.13547167946221e-11,-4.58265032773877e-12
3.11,1.31278099502197e-10,5.08737183138509e-12,-2.91099394453426e-11,-4.60989852865202e-12
3.12,1.31615607301683e-10,4.68088619502001e-12,-4.60368928713463e-11,-4.56904023349835e-12
3.13,1.31969102312723e-10,4.12798002327922e-12,-6.18035109342906e-11,-4.45834418812483e-12
3.14,1.3218581784713e-10,3.42562691162572e-12,-7.62092846284958e-11,-4.27541772691346e-12
3.15,1.32271082975421e-10,2.57795224863826e-12,-8.9067049903592e-11,-4.02078117874814e-12
3.16,1.32098776362e-10,1.59400000052924e-12,-1.00228021061324e-10,-3.69773435849617e-12
3.17,1.31928246105417e-10,5.25533808934056e-13,-1.09519239209635e-10,-3.31351627060983e-12
3.18,1.31612942766424e-10,-6.06397727586188e-13,-1.16786633994871e-10,-2.87692267692347e-12
3.19,1.3123813147331e-10,-1.8177682399862e-12,-1.21924660021106e-10,-2.39748985937181e-12
3.2,1.30656374608407e-10,-3.07672304682906e-12,-1.24877164904924e-10,-1.88518946658654e-12
3.21,1.30077282278762e-10,-4.34487823212273e-12,-1.25635254956774e-10,-1.3498396333519e-12
3.22,1.29340982368831e-10,-5.60822048311118e-12,-1.24250015126583e-10,-8.02480148381867e-13
3.23,1.28792976283876e-10,-6.81998803044431e-12,-1.20757873920871e-10,-2.53386719777421e-13
3.24,1.28007826560861e-10,-7.99453720138667e-12,-1.15244716093305e-10,2.88253551027334e-13
3.25,1.27049482046004e-10,-9.12059577952021e-12,-1.07839316239403e-10,8.13622477332614e-13
3.26,1.26104460207443e-10,-1.01722619796861e-11,-9.87033389629283e-11,1.31425301876772e-12
3.27,1.25090160452146e-10,-1.10881365455857e-11,-8.80376173959966e-11,1.78314412954431e-12
3.28,1.24035892667962e-10,-1.18966343922996e-11,-7.54789811388574e-11,2.23582879027675e-12
3.29,1.22764021170951e-10,-1.25896000992298e-11,-6.17694328247173e-11,2.64815464500871e-12
3.3,1.2152412409705e-10,-1.31415591595636e-11,-4.72971285717142e-11,3.00715376859004e-12
3.31,1.20121690372343e-10,-1.35452669784741e-11,-3.22967241827172e-11,3.31014671759282e-12
3.32,1.18969722961992e-10,-1.37622296968005e-11,-1.70149937314667e-11,3.55408521539281e-12
3.33,1.17519327602622e-10,-1.38609695746561e-11,-1.70200479674832e-12,3.73638093035628e-12
3.34,1.16149756479444e-10,-1.38080079902031e-11,1.33887059989047e-11,3.85484880048051e-12
3.35,1.14694920227976e-10,-1.36149926469258e-11,2.80152051410257e-11,3.9085554604129e-12
3.36,1.13508313859256e-10,-1.32442497739728e-11,4.19511085210049e-11,3.89782978709013e-12
3.37,1.12182263478644e-10,-1.27651748041565e-11,5.49858622126696e-11,3.82402900908434e-12
3.38,1.10899733840597e-10,-1.21707885611611e-11,6.69207395900917e-11,3.68902675744517e-12
3.39,1.09582565244182e-10,-1.14637088660836e-11,7.75813822506995e-11,3.49576579789829e-12
3.4,1.08399511589141e-10,-1.06578836451387e-11,8.68207058510539e-11,3.24835562064956e-12
3.41,1.07312381203428e-10,-9.75026002441422e-12,9.45180182040708e-11,2.95176986958842e-12
3.42,1.06304298697069e-10,-8.78351353758276e-12,1.00578076714792e-10,2.6116118615975e-12
3.43,1.05277564443895e-10,-7.77434185581524e-12,1.04932925092056e-10,2.23385116693887e-12
3.44,1.0446488118987e-10,-6.74000643625126e-12,1.07541440934623e-10,1.82496811300562e-12
3.45,1.03676178753176e-10,-5.68939848297383e-12,1.08395711602777e-10,1.39207026084711e-12
3.46,1.032489649333e-10,-4.59530337982859e-12,1.07517797442247e-10,9.42625106971496e-13
3.47,1.02705399740444e-10,-3.55496337843835e-12,1.04956940260118e-10,4.84206717971346e-13
3.48,1.02453157069249e-10,-2.55775170015744e-12,1.00780311882878e-10,2.38623543495509e-14
3.49,1.02267527779532e-10,-1.60228228190578e-12,9.50836892087923e-11,-4.31199341631047e-13
3.5,1.0235989833518e-10,-7.11122407787727e-13,8.79887285874437e-11,-8.73668215519769e-13
3.51,1.02750696839848e-10,1.46310528428857e-13,7.96369294729849e-11,-1.29660802951806e-12
3.52,1.03014485830499e-10,8.77427674036232e-13,6.98874405485772e-11,-1.70273669216998e-12
3.53,1.03478114965583e-10,1.49434412335812e-12,5.88192790829719e-11,-2.09303539993028e-12
3.54,1.03915986926495e-10,2.00509490193871e-12,4.70927821072129e-11,-2.43889768652857e-12
3.55,1.04525277322409e-10,2.39639162576461e-12,3.48847246626779e-11,-2.73796761141162e-12
3.56,1.0517453574721e-10,2.69862094118391e-12,2.2389063491546e-11,-2.98700271447639e-12
3.57,1.05776720715767e-10,2.83162719337584e-12,9.80437137114836e-12,-3.18312014826376e-12
3.58,1.06233244423493e-10,2.84739483914377e-12,-2.67611294048181e-12,-3.32451515146434e-12
3.59,1.06733288873784e-10,2.74054427541408e-12,-1.48573044971702e-11,-3.40989410464773e-12
3.6,1.07077013922208e-10,2.51368181936084e-12,-2.65471076955575e-11,-3.43859602474419e-12
3.61,1.07579722907758e-10,2.20079348655059e-12,-3.75643367614113e-11,-3.41095000060126e-12
3.62,1.07716502384392e-10,1.75490972682934e-12,-4.77404742303805e-11,-3.32821581955648e-12
3.63,1.07844400076829e-10,1.2045289135943e-12,-5.69284184298848e-11,-3.19286926712526e-12
3.64,1.07776898516931e-10,5.67471943390845e-13,-6.49941214594838e-11,-3.00792751631309e-12
3.65,1.07673869820246e-10,-1.42565990207646e-13,-7.18183852428128e-11,-2.77690074740578e-12
3.66,1.07449160680062e-10,-8.87998550104465e-13,-7.73047422516261e-11,-2.50396859191778e-12
3.67,1.07057473996974e-10,-1.69730676150831e-12,-8.13847302468739e-11,-2.19405937470596e-12
3.68,1.06370023900126e-10,-2.54933142841657e-12,-8.40096222241118e-11,-1.85293861700706e-12
3.69,1.05640829417553e-10,-3.41839117447847e-12,-8.51588261002288e-11,-1.48674507757879e-12
3.7,1.04662944977463e-10,-4.30971847559617e-12,-8.48306963414478e-11,-1.10163315459284e-12
3.71,1.0369305414315e-10,-5.16188386094402e-12,-8.30480413349563e-11,-7.03967120232458e-13
3.72,1.02631680931609e-10,-5.9720424390816e-12,-7.98532774997111e-11,-3.00109729627587e-13
3.73,1.01390895679287e-10,-6.78570890322478e-12,-7.53168976164218e-11,1.03228373910002e-13
3.74,1.00035535410825e-10,-7.53082445312555e-12,-6.9535078122451e-11,4.99085341869877e-13
3.75,9.87103732086325e-11,-8.2102333783669e-12,-6.26170989811273e-11,8.81114867493477e-13
3.76,9.72786295960759e-11,-8.81618312195099e-12,-5.45337728076314e-11,1.24646202716148e-12
3.77,9.61071222604915e-11,-9.3043424492355e-12,-4.50164767378917e-11,1.6098193862488e-12
3.78,9.48050526972111e-11,-9.72213632185241e-12,-3.48919078754129e-11,1.93347324232742e-12
3.79,9.36015709385174e-11,-1.00254578538129e-11,-2.43145711628902e-11,2.21504307043863e-12
3.8,9.24513798850057e-11,-1.02301054326802e-11,-1.34540215404953e-11,2.4513875958825e-12
3.81,9.13127351509502e-11,-1.03272787826129e-11,-2.48709081274783e-12,2.63948046247463e-12
3.82,9.03099817151087e-11,-1.03042604011544e-11,8.4082020807808e-12,2.77700342728032e-12
3.83,8.94653240379739e-11,-1.01312093310259e-11,1.9056861366629e-11,2.86254464558962e-12
3.84,8.85718165477556e-11,-9.91383704847124e-12,2.9286905869673e-11,2.89541607782934e-12
3.85,8.76951844475116e-11,-9.57268937327554e-12,3.89266349604885e-11,2.87535669423058e-12
3.86,8.69286864713104e-11,-9.14595720044831e-12,4.78246895852107e-11,2.80352837191724e-12
3.87,8.61346549640984e-11,-8.64586185663195e-12,5.58444677642947e-11,2.68211514953251e-12
3.88,8.54738502198416e-11,-8.06002113153011e-12,6.28658016002905e-11,2.51405801866516e-12
3.89,8.49382786327624e-11,-7.37665313621818e-12,6.87894236197517e-11,2.30316834643957e-12
3.9,8.44178060788181e-11,-6.67377028534969e-12,7.35332737404894e-11,2.05378402622752e-12
3.91,8.38644709233449e-11,-5.93238402655211e-12,7.70300268434675e-11,1.77040458644332e-12
3.92,8.34434743524071e-11,-5.17862470428029e-12,7.9237392526865e-11,1.45826656525944e-12
3.93,8.29922797151994e-11,-4.40337835014813e-12,8.01395719107526e-11,1.1233143330378e-12
3.94,8.27258261892894e-11,-3.61507343101898e-12,7.97453029374047e-11,7.71903332173011e-13
3.95,8.23838774977048e-11,-2.84009544999022e-12,7.80844795545357e-11,4.10492887222869e-13
3.96,8.22630852326256e-11,-2.06836169656853e-12,7.52037089056727e-11,4.53431285155233e-14
3.97,8.19584400346685e-11,-1.36970234728612e-12,7.11692373572571e-11,-3.17380993839359e-13
3.98,8.17408363218419e-11,-7.06004763252338e-13,6.60616108789202e-11,-6.71845300808484e-13
3.99,8.14930345427456e-11,-1.01402958147456e-13,5.99840932250474e-11,-1.01207731832201e-12
4,8.1317175215645e-11,4.29792710764217e-13,5.2585777136835e-11,-1.34745802973867e-12
4.01,8.10826961128441e-11,8.867387091965e-13,4.42364611761321e-11,-1.66551977534436e-12
4.02,8.10658207228698e-11,1.28685121219294e-12,3.54095751743915e-11,-1.94567410280111e-12
4.03,8.09237121757178e-11,1.56725968475748e-12,2.62371099667935e-11,-2.18606881119896e-12
4.04,8.08109135164159e-11,1.75759793950306e-12,1.68614253729133e-11,-2.38438852958187e-12
4.05,8.07265365665444e-11,1.85079190658294e-12,7.43306608037288e-12,-2.53839365621035e-12
4.06,8.07398592428399e-11,1.85316732140055e-12,-1.89516980564383e-12,-2.64634681539047e-12
4.07,8.0786932699084e-11,1.76358084824809e-12,-1.09731635762749e-11,-2.70730095305495e-12
4.08,8.0840223404266e-11,1.59093470685317e-12,-1.96579970709712e-11,-2.72119501312514e-12
4.09,8.10933542538805e-11,1.36397300897016e-12,-2.78153381084657e-11,-2.68880240657224e-12
4.1,8.11644085274565e-11,1.03803272252588e-12,-3.53230608230823e-11,-2.61172945302722e-12
4.11,8.12558909046857e-11,6.35431999250232e-13,-4.20771228088081e-11,-2.4926245535695e-12
4.12,8.1237239157872e-11,1.66638010467251e-13,-4.79844537473075e-11,-2.33455639806723e-12
4.13,8.12319100873538e-11,-3.52906238066148e-13,-5.29632740888146e-11,-2.14088098415022e-12
4.14,8.10986833243987e-11,-9.20137057435971e-13,-5.6946563007417e-11,-1.91534754161646e-12
4.15,8.09388112088527e-11,-1.51811666321409e-12,-5.98839001759233e-11,-1.66217292183396e-12
4.16,8.06164024425016e-11,-2.14296935528002e-12,-6.17425460607202e-11,-1.38595028440353e-12
4.17,8.04281086175251e-11,-2.74157025225897e-12,-6.25072022635748e-11,-1.09157863390695e-12
4.18,7.99342814161719e-11,-3.38061796164947e-12,-6.2180767983768e-11,-7.84177798276735e-13
4.19,7.93693999412426e-11,-4.00709404124792e-12,-6.07900260955931e-11,-4.69380959541753e-13
4.2,7.86686271680992e-11,-4.61745909200006e-12,-5.83740306425456e-11,-1.52536810337609e-13
4.21,7.79225572955511e-11,-5.20359251890143e-12,-5.49841815489662e-11,1.61314152301611e-13
4.22,7.70654651205405e-11,-5.74549946889745e-12,-5.06859420643829e-11,4.67272038458958e-13
4.23,7.62065965886904e-11,-6.23616466709407e-12,-4.5558372880066e-11,7.60632643022891e-13
4.24,7.51816386923565e-11,-6.67337727838676e-12,-3.92075761874475e-11,1.05221844504503e-12
4.25,7.42748085258427e-11,-7.01973331563213e-12,-3.19850191115767e-11,1.33027406434014e-12
4.26,7.30961957629006e-11,-7.32178698970068e-12,-2.43458013435721e-11,1.57481609516613e-12
4.27,7.19166948215388e-11,-7.53302990915473e-12,-1.63980064210765e-11,1.78443751773992e-12
4.28,7.06510405734662e-11,-7.68520758267425e-12,-8.26204469880236e-12,1.95701655072357e-12
4.29,6.94209134621815e-11,-7.74280930940646e-12,-6.35032756212857e-14,2.09067046458115e-12
4.3,6.81508183220103e-11,-7.72265725086123e-12,8.0741862113983e-12,2.18420432803283e-12
4.31,6.69544419906742e-11,-7.61797835993879e-12,1.602678647841e-11,2.23695680575274e-12
4.32,6.57518484104003e-11,-7.43063658822414e-12,2.36734387473558e-11,2.24883816190038e-12
4.33,6.46593889541691e-11,-7.17372751178381e-12,3.08972362915262e-11,2.22031871258861e-12
4.34,6.38520347706617e-11,-6.81201332051736e-12,3.75874829766264e-11,2.15242602944807e-12
4.35,6.2965632707801e-11,-6.41756793290365e-12,4.36422590295031e-11,2.04676903466615e-12
4.36,6.22417672957454e-11,-5.97112995469919e-12,4.8963199929385e-11,1.90515775592826e-12
4.37,6.16084960824992e-11,-5.47137449402157e-12,5.34687228575702e-11,1.73021484353924e-12
4.38,6.11866113331416e-11,-4.91815717464634e-12,5.70940956415828e-11,1.52533359961505e-12
4.39,6.08038064342509e-11,-4.34700088648522e-12,5.97887805050284e-11,1.29431260098068e-12
4.4,6.05711036882894e-11,-3.75862310041394e-12,6.15146861374838e-11,1.04113922940992e-12
4.41,6.04210015353601e-11,-3.13634674958345e-12,6.22513385207869e-11,7.70214896491565e-13
4.42,6.03659344733387e-11,-2.52536553499733e-12,6.19963320559149e-11,4.86294936127635e-13
4.43,6.04289951411374e-11,-1.90029873817306e-12,6.07603611862288e-11,1.94115437028877e-13
4.44,6.05799854724864e-11,-1.29722694693021e-12,5.85707082645683e-11,-1.01463903005143e-13
4.45,6.06412697834458e-11,-7.34436845995627e-13,5.54675875283563e-11,-3.95696468495071e-13
4.46,6.07682792974629e-11,-2.11817781529315e-13,5.15058364332849e-11,-6.83889406127857e-13
4.47,6.08668671020496e-11,2.70875555492709e-13,4.65882303751362e-11,-9.64433575775489e-13
4.48,6.10178574333986e-11,6.91961840482062e-13,4.03485570535937e-11,-1.25373454811227e-12
4.49,6.11031225616898e-11,1.03445325776914e-12,3.36218842655497e-11,-1.51332254632935e-12
4.5,6.12407902167433e-11,1.32090165752246e-12,2.64967047676588e-11,-1.74205755216158e-12
4.51,6.13233908097754e-11,1.53858229162765e-12,1.90843911630591e-11,-1.93737562375938e-12
4.52,6.14326367553986e-11,1.67698954627724e-12,1.15052909903138e-11,-2.09665289548014e-12
4.53,6.14708284274457e-11,1.73449687443902e-12,3.88104468317747e-12,-2.21788129706166e-12
4.54,6.1638694148769e-11,1.74743129066811e-12,-3.66576496628536e-12,-2.29967490797947e-12
4.55,6.15170137052701e-11,1.65455052976346e-12,-1.10129976296516e-11,-2.34126646717034e-12
4.56,6.13553652328847e-11,1.4946270138249e-12,-1.80475484414898e-11,-2.34286123983296e-12
4.57,6.10720363170003e-11,1.25288822409686e-12,-2.46577529510286e-11,-2.30505297328116e-12
4.58,6.07336403390946e-11,9.52803858504724e-13,-3.0736190973789e-11,-2.22888346499836e-12
4.59,6.03099792328976e-11,5.99198439949033e-13,-3.61834326780267e-11,-2.11592738899222e-12
4.6,5.98321392430989e-11,1.82343661744537e-13,-4.09111730271064e-11,-1.96840002226592e-12
4.61,5.92734750171076e-11,-2.64888405186035e-13,-4.48451090605466e-11,-1.78919081190734e-12
4.62,5.86997117579813e-11,-7.50470318650971e-13,-4.79237637941213e-11,-1.58164326965681e-12
4.63,5.80868686483882e-11,-1.25301475247414e-12,-5.01016386501261e-11,-1.34963891718792e-12
4.64,5.74544856135617e-11,-1.77753188784144e-12,-5.13506893493762e-11,-1.09751021412962e-12
4.65,5.70201663663283e-11,-2.27752443117214e-12,-5.16594473654826e-11,-8.29958452818077e-13
4.66,5.64153168625126e-11,-2.7984425960451e-12,-5.10334421204975e-11,-5.51905907544386e-13
4.67,5.58539881012621e-11,-3.32046677582395e-12,-4.95007269453136e-11,-2.68717102845577e-13
4.68,5.52740075931979e-11,-3.80116613553635e-12,-4.71010010629525e-11,1.44311792150201e-14
4.69,5.47419887197975e-11,-4.26565365653023e-12,-4.38845212163458e-11,2.92732481185129e-13
4.7,5.41637845685727e-11,-4.69033219239728e-12,-3.99170445536565e-11,5.61406535499971e-13
4.71,5.35953503799647e-11,-5.06527295294154e-12,-3.49271712645847e-11,8.25639132358252e-13
4.72,5.3002047195605e-11,-5.38883870546527e-12,-2.89029015956435e-11,1.08758981924575e-12
4.73,5.24309484717378e-11,-5.64457839947293e-12,-2.250140112028e-11,1.31799394556751e-12
4.74,5.18109999347871e-11,-5.84892372929541e-12,-1.58056465809791e-11,1.51619294981791e-12
4.75,5.12105913230698e-11,-5.97082750609407e-12,-8.91959936981652e-12,1.68020652647931e-12
4.76,5.05506747572326e-11,-6.02885502415919e-12,-1.95264396298846e-12,1.80817667271025e-12
4.77,4.99413843613183e-11,-6.01175602333363e-12,4.98337813879736e-12,1.89869642811928e-12
4.78,4.93889373842649e-11,-5.91381678525385e-12,1.17771800404466e-11,1.95097334467542e-12
4.79,4.88000750920037e-11,-5.76142152229867e-12,1.83192032894596e-11,1.96480905675537e-12
4.8,4.81481521319438e-11,-5.55101444148873e-12,2.45023632819251e-11,1.94049177805633e-12
4.81,4.75468553418068e-11,-5.28452897480225e-12,3.02279688642907e-11,1.8790619004924e-12
4.82,4.69535521574471e-11,-4.96043887888906e-12,3.54078163627174e-11,1.78233760120286e-12
4.83,4.63575844378283e-11,-4.5911701083419e-12,3.99651920108149e-11,1.65273889449917e-12
4.84,4.57376359008776e-11,-4.18570733348508e-12,4.38334027811201e-11,1.49312594998975e-12
4.85,4.51523263222953e-11,-3.74878080378184e-12,4.69584015051579e-11,1.30680837389854e-12
4.86,4.45510295321583e-11,-3.27291315044109e-12,4.93002429183568e-11,1.09753457600477e-12
4.87,4.40012470903639e-11,-2.78999253471733e-12,5.0832956671299e-11,8.69379644926314e-13
4.88,4.34550173622483e-11,-2.28438178149067e-12,5.15422099841895e-11,6.26527526378022e-13
4.89,4.29771773724497e-11,-1.78805840805091e-12,5.14282343360933e-11,3.7335314856988e-13
4.9,4.2543746303636e-11,-1.29728796772722e-12,5.0503572007261e-11,1.14263128781008e-13
4.91,4.21271906247966e-11,-8.17239744880937e-13,4.87948385203243e-11,-1.46278467032364e-13
4.92,4.18260981405183e-11,-3.52383894247661e-13,4.63413543993304e-11,-4.03829288694582e-13
4.93,4.17452739043256e-11,1.13415456883322e-13,4.31939020643287e-11,-6.54117273022034e-13
4.94,4.16431333860601e-11,5.1295662272225e-13,3.88777160520016e-11,-9.0918735808172e-13
4.95,4.16289225313449e-11,8.66332103785095e-13,3.37247048975119e-11,-1.15760366159203e-12
4.96,4.16822132365269e-11,1.15437248855632e-12,2.81821824415317e-11,-1.37926944506276e-12
4.97,4.18278744973577e-11,1.40557650393171e-12,2.2316731224729e-11,-1.57335292774961e-12
4.98,4.20419254965054e-11,1.58519130345415e-12,1.62161980901719e-11,-1.73772774883161e-12
4.99,4.22737400640472e-11,1.70563213926243e-12,9.97306051382779e-12,-1.87048448922878e-12
5,0.000467698484163392,0.00348992195734513,3.68312463511055e-12,-1.97015868817146e-12
5.01,0.00103713975591102,0.00580022711134992,-0.00130288507059644,-0.000112141530649052
5.02,0.00180399194296754,0.00806075665843179,-0.00310320643124166,-0.000261773719931691
5.03,0.0027482727925161,0.0103063288997645,-0.00599984470654284,-0.000466266976644642
5.04,0.00385984667304928,0.0124703396081893,-0.0104031471215363,-0.000735289302686326
5.05,0.00519985626926189,0.014649190145112,-0.0165969921681312,-0.00106745084129156
5.06,0.00686317926131341,0.01677527438927,-0.0247507185382224,-0.00145408896061057
5.07,0.00895950543813662,0.0189738541782697,-0.0349364306737845,-0.00188202851901291
5.08,0.0116105380476608,0.0211376353560552,-0.0471466726625198,-0.00233570808738914
5.09,0.0149296699758175,0.0234065459144383,-0.0613207531555521,-0.00279944844009806
5.1,0.019031641340141,0.0256253123543857,-0.0773428043909379,-0.00325786585696513
5.11,0.0239844008514742,0.0279418185140848,-0.0950733576862637,-0.00369724064086766
5.12,0.0298755149797882,0.0301539033254131,-0.114313116679267,-0.00410344893105978
5.13,0.036706107392388,0.0324246439506007,-0.134826840788401,-0.00446318560688384
5.14,0.0445569418292822,0.0345175019613486,-0.15634326436835,-0.00476443007680609
5.15,0.0533619384603572,0.0366220384740916,-0.178556210165346,-0.0049961648383276
5.16,0.063227296006013,0.0384778675028159,-0.201112817307142,-0.00514690162682426
5.17,0.074016113893733,0.0403079749486809,-0.223640496316502,-0.00520537245370345
5.18,0.0858914499618706,0.0418349480886529,-0.245708580358986,-0.00515986816767948
5.19,0.0986378209651697,0.0433186433902913,-0.26695584121353,-0.00500320141200242
5.2,0.112500561591534,0.0444661878048196,-0.28709636594505,-0.00473585996189689
5.21,0.127166173809679,0.0455709189903853,-0.305901920214541,-0.0043619370256498
5.22,0.142979132474429,0.0463220942547194,-0.32320820065633,-0.00388843475010506
5.23,0.159505543076567,0.0470424701104346,-0.33894083462739,-0.00332462814774624
5.24,0.177206003282613,0.0474009170347061,-0.353066860717557,-0.00268000062470773
5.25,0.195506191135713,0.0477460339001727,-0.365533226295575,-0.00196109041960049
5.26,0.215002782585865,0.0477264976416948,-0.37624865686834,-0.00117399223873506
5.27,0.234964751823504,0.0477162716095509,-0.385210084010276,-0.000329258365487227
5.28,0.256142579983656,0.0473439757730932,-0.392483068871835,0.00055980179519159
5.29,0.277631370136898,0.0470056991359418,-0.398165238257496,0.00147923925663655
5.3,0.300352924391094,0.0463092718756977,-0.402372144626986,0.002416209451317
5.31,0.323213903962338,0.0456707633968678,-0.405222085253018,0.00335928295810381
5.32,0.346670992308962,0.0448943969562177,-0.406832974909144,0.00429772323107544
5.33,0.371378979229847,0.0437635071625672,-0.407318992365801,0.00522270650236991
5.34,0.395938649550949,0.0427230150088063,-0.40679109204942,0.00612766658811505
5.35,0.421763996614969,0.0413298619238177,-0.405381203558227,0.00700747252539356
5.36,0.447243691967098,0.040046596028908,-0.402634427976909,0.00786946101853244
5.37,0.473139214433884,0.0386938764535207,-0.392164202227884,0.00908701361367027
5.38,0.500463883775931,0.0370783629663296,-0.379290836213035,0.0103390937916445
5.39,0.52728216189853,0.035692561775915,-0.36578134915947,0.0114572566815603
5.4,0.55557506200993,0.0340501208899867,-0.35186483243355,0.0124173906033832
5.41,0.583161175847428,0.0326512520687607,-0.337679321495806,0.0132171105462205
5.42,0.611040683327033,0.0312505841696683,-0.323404918111496,0.0138607135146467
5.43,0.640457766010878,0.0295868231591205,-0.309167306815961,0.0143566521320754
5.44,0.668878500246003,0.0281778892837961,-0.295084621060357,0.0147139911410346
5.45,0.697492819920882,0.0267645214372715,-0.28128022649176,0.0149410839323306
5.46,0.727739564848075,0.0250733841307649,-0.267922809633819,0.0150481515625478
5.47,0.756723314999496,0.0236368622964259,-0.255138535118619,0.0150449191038013
5.48,0.785825484567242,0.0221826053084526,-0.243020519710214,0.0149413897972614
5.49,0.816679136967316,0.020427054789182,-0.231639812176142,0.0147471975989571
5.5,0.846020903072734,0.0189152872716059,-0.22106547276765,0.0144727236369164
5.51,0.875424945748521,0.0173653624244289,-0.21134783709733,0.0141280487530307
5.52,0.906724144469923,0.0154810146319378,-0.204198625207719,0.0138072496463412
5.53,0.936314428877683,0.0137867561538145,-0.201106909546308,0.0135983675277865
5.54,0.965972979757164,0.011979241909167,-0.199179512407678,0.0134065241119968
5.55,0.997715123098697,0.00976757050808014,-0.197520238954095,0.0132021263911344
5.56,1.02752480823657,0.0077221326220282,-0.196044167671553,0.0129807916423232
5.57,1.05735123390306,0.00555711561002067,-0.194742979379788,0.0127429088402112
5.58,1.08717294210418,0.0032713259293744,-0.193619292676395,0.0124894684134229
5.59,1.11924369835126,0.000574120477497692,-0.192686775575485,0.0122218482774431
5.6,1.14902977770468,-0.00195925739938196,-0.191959807801964,0.0119420835723609
5.61,1.17870455894866,-0.00461985178475019,-0.191449312729193,0.011652511378007
5.62,1.21067604430468,-0.00769907587097657,-0.191158807534298,0.01135551441968
5.63,1.23999636573114,-0.0106248835701949,-0.191101551761934,0.0110540004879233
5.64,1.26896274834121,-0.0136904721794372,-0.19129079810847,0.01075105121073
5.65,1.29742534952349,-0.0169023933615435,-0.191732622342313,0.0104495504568725
5.66,1.3278826507318,-0.0205524676596765,-0.192424223789322,0.0101522041644692
5.67,1.35473177021977,-0.0240799306806698,-0.193360391066117,0.0098612300275326
5.68,1.38033381907626,-0.0277774545530279,-0.194544058251326,0.00957836980635461
5.69,1.4072449373166,-0.0319295413756624,-0.195989257082234,0.00930452358144933
5.7,1.42949305845785,-0.0359829325401472,-0.197699668715785,0.00904079039024729
5.71,1.44957578069749,-0.0402398235500551,-0.205211041244883,0.00856025821048759
5.72,1.47010624027875,-0.0450382565285647,-0.217741997329731,0.00779870517228696
5.73,1.48490981820376,-0.0498465224071956,-0.230918963695589,0.00709298923636943
5.74,1.49974137568724,-0.0551941299075728,-0.244240797979089,0.00651742760281913
5.75,1.50845651865449,-0.0605371681723313,-0.256896548241822,0.00611426484126141
5.76,1.51701482582213,-0.0663696699744134,-0.267890690169797,0.00591893910460215
5.77,1.51936502754493,-0.0721371662801693,-0.275830324379744,0.00598240723419643
5.78,1.51142880332175,-0.0771138289426275,-0.278640013916568,0.00638193577397606
5.79,1.49804925607606,-0.0819080818877091,-0.27452176447893,0.00716477222681906
5.8,1.48541721344113,-0.0869190175909876,-0.262349303599484,0.00830763770443266
5.81,1.47077256571695,-0.0918098349346454,-0.241745018254238,0.00974316758263368
5.82,1.45152036154922,-0.0962679639199406,-0.212754082019293,0.0113845404078282
5.83,1.43370430875192,-0.10064672272536,-0.175876663453949,0.0131309187531376
5.84,1.41471288241255,-0.104638314003028,-0.132470944577743,0.0148566551258762
5.85,1.39208084904227,-0.107963472767424,-0.0809715339530141,0.0162404558123573
5.86,1.37146380459745,-0.110953825372816,-0.0257114934175868,0.0172179985349255
5.87,1.35027303257884,-0.113384986096644,0.02925448750175,0.0177750474562045
5.88,1.32863761591886,-0.115263617197854,0.0821671226910547,0.0178971393799849
5.89,1.30417265879109,-0.116434982117672,0.13209710288921,0.0176171689566846
5.9,1.28196464628699,-0.117285420980453,0.17843127466782,0.0169911511605553
5.91,1.25952622091193,-0.117668031225245,0.220733797245185,0.0160746436608155
5.92,1.23458417837734,-0.117463675794723,0.258739755689594,0.0149219162770628
5.93,1.21182926339645,-0.11703793254293,0.29195980583727,0.0135622261460673
5.94,1.18890585225973,-0.116274468948175,0.320184165411373,0.0120218449088916
5.95,1.1658175123696,-0.115220757933712,0.343653251312296,0.0103467035782323
5.96,1.14049233752128,-0.113785267170818,0.362759696948123,0.00858028502928983
5.97,1.11715126809089,-0.112285755829121,0.377973658081797,0.00675957047167115
5.98,1.09367425049694,-0.110616397822667,0.389733738480657,0.00491567807560931
5.99,1.06817337511567,-0.108688154034586,0.39844208583679,0.00307466199947518
6,1.04454292265156,-0.106775530935561,0.404503798862015,0.00126068797536166
6.01,1.02084688607075,-0.104776656440098,0.408248756957127,-0.000507950759922825
6.02,0.995374239117806,-0.102606391985153,0.409937245410705,-0.00221993492398153
6.03,0.971687618044236,-0.100501434344097,0.409830065723951,-0.00386634849138105
6.04,0.946389101702866,-0.0982688491667214,0.408200039437381,-0.00544133770744891
6.05,0.922817304922732,-0.0961225370356122,0.405264056491375,-0.00694183450222189
6.06,0.899310806775383,-0.0939723513010305,0.40114320043575,-0.00836398850691819
6.07,0.874422930843162,-0.0917440880651643,0.395996959620466,-0.00970220602769053
6.08,0.851141268389022,-0.0896417799861126,0.385108716376368,-0.0111796789583683
6.09,0.827883691818257,-0.0876365033139129,0.370195809260737,-0.0127466488171907
6.1,0.803331528843449,-0.0856725230418555,0.354374363660297,-0.014160658482453
6.11,0.780171699495498,-0.0839071099397297,0.338036924612732,-0.0153906936695344
6.12,0.755844893411109,-0.0822008707623966,0.321333355380311,-0.0164345568776598
6.13,0.732833953567215,-0.080693252227944,0.304372592776955,-0.0172946617445523
6.14,0.709889115927941,-0.079316170618147,0.287279170236601,-0.0179748870171573
6.15,0.685955995578131,-0.0780141897745822,0.270181925187006,-0.0184816777780931
6.16,0.663215853849674,-0.0769023565687261,0.253218984861222,-0.0188226027677917
6.17,0.639593966298794,-0.0758689221900101,0.236560506674455,-0.0190071121525381
6.18,0.617078505594597,-0.0750129987666487,0.220463409926107,-0.0190464397592493
6.19,0.593762370392006,-0.074212145941171,0.20916929948817,-0.0191567946986501
6.2,0.571405336970618,-0.0735060551973666,0.201910972593274,-0.0193313088757154
6.21,0.549075226735548,-0.0728259047567314,0.195699288315287,-0.0194835298989793
6.22,0.526031936357706,-0.0721303266786916,0.189775206670584,-0.0195875769710922
6.23,0.503821182762772,-0.071492153266062,0.184027381062165,-0.0196367479458715
6.24,0.481005538749124,-0.0708395201890947,0.178442580635564,-0.0196291783887625
6.25,0.458967343963358,-0.0702357772256391,0.173025995555038,-0.0195646255119775
6.26,0.436437842451058,-0.0696185079625428,0.167779936665625,-0.0194430632739493
6.27,0.414642774631097,-0.069041745443156,0.162720572718709,-0.0192651833227888
6.28,0.392475316762849,-0.0684515534362247,0.157858555109675,-0.0190322741621734
6.29,0.371011689214637,-0.0678935013019385,0.153156677239763,-0.0187479729756717
6.3,0.349293763451272,-0.0673221920632458,0.148620984642266,-0.0184170121202307
6.31,0.328250859786643,-0.0667755793994712,0.144275134742368,-0.0180430104885894
6.32,0.307432784284958,-0.0662307378808278,0.140163416746379,-0.0176304545568081
6.33,0.286520587561357,-0.0656713690677929,0.136322684103879,-0.0171839128762887
6.34,0.266241237493082,-0.065124037622041,0.132776112409404,-0.0167074802721479
6.35,0.245961246572379,-0.0645595649206364,0.129536899645245,-0.0162050251358477
6.36,0.226284723305842,-0.0639983412039768,0.126609526380719,-0.0156800865242557
6.37,0.206689659173083,-0.0634169835749095,0.124000056871444,-0.0151362870585954
6.38,0.187667505247316,-0.0628304790162129,0.121717160243728,-0.0145772240580585
6.39,0.168795972548107,-0.0622206695318102,0.119762916609555,-0.0140061133463607
6.4,0.150464772092517,-0.0615978695105774,0.118133225053369,-0.0134260906645538
6.41,0.132340574820653,-0.0609487297041196,0.116826665469101,-0.0128404750185547
6.42,0.114721970404126,-0.0602795834573749,0.115836977841349,-0.0122523511057824
6.43,0.0973540974388281,-0.059581380698773,0.115158281377353,-0.0116648503406802
6.44,0.0804557999920947,-0.0588570809270851,0.114780117624042,-0.0110809394777854
6.45,0.0638409808945541,-0.0581014280204599,0.114698245281414,-0.0105037565654715
6.46,0.047660454257666,-0.0573144684189536,0.114902518912978,-0.00993625549682183
6.47,0.0317879220663537,-0.0564941880855548,0.115388017961156,-0.00938146531296085
6.48,0.01631576695586,-0.0556382110787541,0.116143491805647,-0.00884214825182834
6.49,0.00116804996636932,-0.0547473562167181,0.117160161408306,-0.00832082893640278
6.5,-0.0136114488011807,-0.053817263527592,0.118430295314007,-0.00782041456021872
6.51,-0.0280540684044885,-0.0528509898320413,0.119943036638507,-0.0073434732687326
6.52,-0.0421554608366035,-0.0518425405438071,0.121688695999594,-0.00689242584428831
6.53,-0.0559091017157369,-0.0507968066707796,0.123656961095525,-0.00646975784598001
6.54,-0.0693421527261231,-0.0497064833660339,0.125833902084846,-0.00607769438098245
6.55,-0.0824452311513693,-0.0485740325901154,0.128200148423803,-0.00571798569298111
6.56,-0.0951818379136247,-0.0474030938403917,0.130733694533113,-0.00539203536401759
6.57,-0.107614588234239,-0.0461852652697598,0.133413803593273,-0.00510103069694818
6.58,-0.119666355524323,-0.0449287340619309,0.13621995536982,-0.00484588582525253
6.59,-0.131417776015591,-0.0436247331688321,0.139126493476679,-0.00462705314501338
6.6,-0.14277266790573,-0.0422824394918923,0.142100881568974,-0.00444458729787344
6.61,-0.153826206210033,-0.0408932149972789,0.145100755095202,-0.00429858282413689
6.62,-0.164468122699235,-0.039467274108386,0.148090720658738,-0.00418839238664657
6.63,-0.174805263508804,-0.0379963591177586,0.151041307780546,-0.004112789300631
6.64,-0.184717446571524,-0.0364913569531142,0.153927495131868,-0.00407017003958781
6.65,-0.194320515291806,-0.0349443546508475,0.156729689574897,-0.00405876971391657
6.66,-0.203488119055858,-0.0333665835492115,0.159429128513372,-0.00407672406930299
6.67,-0.212342502463011,-0.0317505110590475,0.162005854767196,-0.00412192402454611
6.68,-0.22075375373876,-0.0301075518560959,0.164444294363731,-0.00419221027363165
6.69,-0.228847965065018,-0.028430594504212,0.166731369399234,-0.00428540786583203
6.7,-0.236494023014262,-0.026731039948984,0.168852887292706,-0.00439925479578814
6.71,-0.243819737613332,-0.0250022347252982,0.170799971613591,-0.00453136209176729
6.72,-0.250694107236019,-0.0232552714826402,0.172593373142982,-0.00467807785582015
6.73,-0.257243724789522,-0.021483408611876,0.174258611992962,-0.00483582985826382
6.74,-0.263338205773507,-0.0196968434967287,0.175808648279107,-0.00500234063438013
6.75,-0.269101591172873,-0.017888845821595,0.177251086385661,-0.00517611945594412
6.76,-0.274405891120312,-0.0160689948506208,0.178586790115314,-0.00535581786850607
6.77,-0.279371905856749,-0.01423084178603,0.179818673349661,-0.00554008460774569
6.78,-0.283874981883546,-0.0123834037106913,0.180952237409995,-0.00572750744019121
6.79,-0.288031844243252,-0.0105204587671952,0.181999345148016,-0.00591688420985986
6.8,-0.291721879145765,-0.00865027831325845,0.182976627418498,-0.00610706808537932
6.81,-0.295057188830463,-0.00676671189306775,0.183896811895417,-0.00629681395291726
6.82,-0.297921721020099,-0.00487729322328194,0.184764526012407,-0.00648533618681582
6.83,-0.300422685530835,-0.0029761650753157,0.185577805756288,-0.00667224243733415
6.84,-0.302501182514014,-0.00106738098016368,0.186334424406704,-0.0068572682433201
6.85,-0.304103799815486,0.000845473393766176,0.187034240818065,-0.00704023147449366
6.86,-0.305330555032708,0.00276759506467448,0.187672726308472,-0.00722088132939821
6.87,-0.306079364707307,0.00469243592832839,0.188220383959487,-0.00739894357123352
6.88,-0.306444886007119,0.00662471951257405,0.18874337005811,-0.00756987709542513
6.89,-0.306329270154064,0.00855937256216787,0.18932416572841,-0.00773008075542888
6.9,-0.305820445162874,0.0105019743529076,0.189944549098467,-0.00788157130277601
6.91,-0.304827305454245,0.0124472659913796,0.190450193896974,-0.00803298534441051
6.92,-0.303436820119836,0.0143972708391695,0.190559512094309,-0.00819735478457043
6.93,-0.301571311932925,0.0163413142535266,0.189852393934255,-0.00839156700640883
6.94,-0.29932422569518,0.0182723975734139,0.187743775798729,-0.00863937354783343
6.95,-0.296639355996418,0.0201688405869277,0.183602353548579,-0.00895730082452539
6.96,-0.293621287072705,0.0220109743298042,0.176830183309788,-0.00935298250176375
6.97,-0.290235204350608,0.0237651671066529,0.166806599092778,-0.00983294903890823
6.98,-0.286596731797774,0.0254004098398586,0.15319716849858,-0.0103879731316014
6.99,-0.282687695066006,0.0268770059320413,0.135983844377855,-0.0109889628904155
7,-0.278622474049477,0.0281632163843521,0.115372881174516,-0.01159710193653
7.01,-0.274373134658477,0.0292316397368442,0.0931363073219802,-0.012074312585541
7.02,-0.270028596122326,0.0300631442319754,0.0682467111292397,-0.012477908327539
7.03,-0.265572452716764,0.030631626910323,0.0413080297227037,-0.0127817925236326
7.04,-0.26109805882013,0.0309227148926845,0.0129361494744961,-0.0129540323249235
7.05,-0.25658642845326,0.0309228700828962,-0.0162550745279561,-0.0129693928041952
7.06,-0.252119715062366,0.0306296542195106,-0.0456661331713985,-0.012811048160095
7.07,-0.247677628972756,0.0300418132056572,-0.0747086465614922,-0.0124722491885111
7.08,-0.243334325741247,0.0291683924292699,-0.102814436890141,-0.0119549462153825
7.09,-0.239071249444987,0.0280195766629643,-0.129464621088784,-0.0112685281913884
7.1,-0.23495715254794,0.02661464647569,-0.154159446920045,-0.0104274251518863
7.11,-0.230994895743,0.0249747608375886,-0.176434505086226,-0.0094481582864232
7.12,-0.227189170497932,0.0231255804371103,-0.195893765982029,-0.00834777382583286
7.13,-0.223597583099346,0.0210988192317401,-0.212195666565597,-0.00714316034429357
7.14,-0.220200689780778,0.0189261389488476,-0.225057183416991,-0.00584997078503441
7.15,-0.217044001656067,0.0166447565147942,-0.234238218005562,-0.00448280835642721
7.16,-0.214101348048892,0.0142909852132765,-0.23960380031712,-0.00305949057039054
7.17,-0.211405261151226,0.0119045276153806,-0.241112976814875,-0.00160088630487263
7.18,-0.208923788764043,0.00952282226643695,-0.238766248702694,-0.000128523276231549
7.19,-0.206678009880452,0.00718530435806366,-0.232610098525932,0.00133561457225579
7.2,-0.204630831964836,0.00492865601021002,-0.222726270017339,0.0027680553596555
7.21,-0.202793274404491,0.0027904691967371,-0.209238874339022,0.00414595194253648
7.22,-0.201124171737797,0.000804824605387114,-0.192369099169382,0.00544602590379899
7.23,-0.199626259595559,-0.000995328290236946,-0.172429021187696,0.00664461208689339
7.24,-0.19825637370712,-0.00258189120701258,-0.149775483000388,0.00772066178840076
7.25,-0.197010959472351,-0.00392939277406039,-0.124847529461653,0.00865627202967331
7.26,-0.195845938870385,-0.00501840343190158,-0.0981424452018565,0.00943484031023851
7.27,-0.194753686035425,-0.00583329019392935,-0.070155474603194,0.0100431286145567
7.28,-0.193691268014154,-0.00636463089060725,-0.0414245362320154,0.0104718396351799
7.29,-0.192648942294242,-0.0066075819958556,-0.0125089516166299,0.0107137948267255
7.3,-0.191587054783762,-0.00656375183538015,0.016034727051043,0.0107646759267161
7.31,-0.190496419990207,-0.00623939642955031,0.0436852150093613,0.0106269335389395
7.32,-0.189341306931977,-0.00564645184773525,0.0699477852654331,0.010308164793369
7.33,-0.188112962520494,-0.00480111540182486,0.0943576094924071,0.0098197126376268
7.34,-0.186779821882424,-0.00372443544825614,0.116504379718456,0.00917626338709182
7.35,-0.185334687754041,-0.00244072697497289,0.136050893323342,0.00839499592775106
7.36,-0.183751326082097,-0.000977779869508415,0.152706148009764,0.00749331290625955
7.37,-0.182026229038925,0.000634327938236356,0.166239780674701,0.00648879540965301
7.38,-0.180144876786071,0.00236327282730484,0.17646521828047,0.0053986996593008
7.39,-0.178097973527595,0.00417517927605312,0.183248567393927,0.00424015605314573
7.4,-0.175891755489397,0.006035348494518,0.186540772416987,0.00303218536207371
7.41,-0.173521361336321,0.00790886823649705,0.18634659279067,0.00179428611758836
7.42,-0.170999722471948,0.00976110020118131,0.182712459795528,0.000545196021532011
7.43,-0.168330865978764,0.0115581150437762,0.175720848821667,-0.000696468955540821
7.44,-0.165534267719398,0.0132670312214158,0.16551414856125,-0.00191121814062407
7.45,-0.162621561588541,0.0148567669997325,0.152275609334986,-0.00307953057011979
7.46,-0.159617157790721,0.0162980887542819,0.136223943580365,-0.00418241707989626
7.47,-0.156538547706457,0.0175645566169327,0.117657341552324,-0.00520139911351673
7.48,-0.153413225048288,0.0186329462683103,0.096958804366777,-0.0061178710287849
7.49,-0.150261658399647,0.0194843551359021,0.074538600240384,-0.00691427864797246
7.5,-0.14711131670949,0.0201037827524454,0.0508307278589643,-0.00757416420835505
7.51,-0.143982577767494,0.0204810285721829,0.0262924157803356,-0.00808356010837571
7.52,-0.140900538426252,0.0206101974094254,0.00139150575409907,-0.00843190046699566
7.53,-0.137883806624152,0.0204904208897492,-0.0234076153463302,-0.00861300502464161
7.54,-0.134954496356314,0.0201249951073522,-0.0476589962869242,-0.00862617250347422
7.55,-0.132129513662552,0.0195220220242387,-0.0709292567268508,-0.00847459692531015
7.56,-0.129428139478792,0.0186933487867834,-0.0928119474263599,-0.00816491568217513
7.57,-0.126864962820668,0.0176551996945829,-0.112932656536164,-0.00770680558362689
7.58,-0.124455671749483,0.0164268248149827,-0.130955381111164,-0.00711241669691064
7.59,-0.122211524473432,0.0150311106650443,-0.146588828859527,-0.00639567500324584
7.6,-0.120143321477254,0.013493163163016,-0.159570771959041,-0.00557085743672339
7.61,-0.118257192540425,0.0118409875932729,-0.169687484334389,-0.00465335263098027
7.62,-0.11655738610734,0.010103933218752,-0.17677456083304,-0.00365955182587494
7.63,-0.115043828462432,0.00831314250875645,-0.180737330656038,-0.00260755138559397
7.64,-0.113714063889713,0.0064998475501634,-0.181538473589825,-0.00151648830438766
7.65,-0.11256204031714,0.00469581162886158,-0.179183337996242,-0.000405636544170208
7.66,-0.111578868264673,0.00293243600721782,-0.173736629269838,0.000705709586840019
7.67,-0.110752689441269,0.00123979319453229,-0.165308832971964,0.00179822446717876
7.68,-0.110069186160599,-0.000352858049300956,-0.154060442987204,0.0028527823506617
7.69,-0.10951143399326,-0.00181869344586335,-0.140197501537732,0.0038505728721759
7.7,-0.109061141125801,-0.00313266776425088,-0.123986919745775,0.00477361635620409
7.71,-0.108697844117225,-0.00427343388480416,-0.105773124917507,0.00560540570200608
7.72,-0.108400993234355,-0.00522275438895876,-0.0859377962800068,0.00633024310001731
7.73,-0.108148797038569,-0.00596688212190506,-0.0648820640998323,0.00693445526955831
7.74,-0.107920651584697,-0.00649558779232726,-0.0430197614142464,0.00740687164870653
7.75,-0.107695258622631,-0.00680342958084367,-0.0207765585256103,0.00773953664704692
7.76,-0.107453211932801,-0.00688863530535098,0.00142355025693567,0.00792799330891946
7.77,-0.107174657851686,-0.00675423865970516,0.0231620438351027,0.00797098569538102
7.78,-0.106842321449032,-0.00640673195177734,0.0440488474218747,0.00787018740178623
7.79,-0.106438771392785,-0.00585688002561353,0.0637355632874944,0.00763075784576943
7.8,-0.105949527135026,-0.00511816853644605,0.0818983038111414,0.0072603492731072
7.81,-0.10536024592592,-0.00420783630124864,0.0982312371319295,0.00676851298895958
7.82,-0.104660250517225,-0.00314540185180738,0.112466856324617,0.00616640370347297
7.83,-0.103839436420817,-0.00195332233077734,0.124393621278463,0.00546713413722258
7.84,-0.10289186551462,-0.000655435824380403,0.133825811717525,0.00468413023829264
7.85,-0.10181275121484,0.000722178885442054,0.140616817414523,0.0038315579753065
7.86,-0.100602008512359,0.00215281757096571,0.144668415067646,0.00292432224242855
7.87,-0.0992608664865324,0.00360853800757758,0.145942077124517,0.00197815484765834
7.88,-0.0977951937972634,0.00506189859764962,0.144453966004484,0.00100956555936268
7.89,-0.0962118647114767,0.00648527874153577,0.14025984518368,3.5202007718171e-05
7.9,-0.0945221414658091,0.00785237209342108,0.133451234326891,-0.000928545222581649
7.91,-0.0927379225869278,0.00913745402665563,0.124162004836614,-0.00186494006624492
7.92,-0.0908743741367222,0.0103168195774633,0.112572944409192,-0.00275717590646602
7.93,-0.0889482062102476,0.0113687797108968,0.0989039394688511,-0.00358907436012578
7.94,-0.0869761201535333,0.0122738026278781,0.083447172235347,-0.00434552609124762
7.95,-0.0849772054251057,0.0130160522892544,0.0665225896763935,-0.00501237461103634
7.96,-0.0829691562933204,0.0135823880636683,0.0484633950603102,-0.00557698470408432
7.97,-0.0809711546098699,0.013963651148166,0.0296190209692806,-0.00602867249569382
7.98,-0.0790002233827669,0.01415372199299,0.0103568161325677,-0.00635880650490881
7.99,-0.0770742310299666,0.0141507420972115,-0.00895318789527149,-0.00656226702491449
8,-0.0752086140985169,0.0139559447237442,-0.0279507872489014,-0.00663664166495986
8.01,-0.0734192848095787,0.0135746925038721,-0.046280605482461,-0.00658260231697917
8.02,-0.0717194312690983,0.0130152538913622,-0.0636078728964878,-0.00640350382894495
8.03,-0.0701222838214983,0.012289675818572,-0.0796172778334469,-0.00610497437016308
8.04,-0.0686379888008732,0.0114124419756563,-0.094028968105636,-0.00569498562939624
8.05,-0.0672762583081967,0.0104011814094853,-0.106596495167607,-0.00518310116590695
8.06,-0.0660434247929707,0.00927521374255541,-0.117119297658332,-0.00458091683096343
8.07,-0.0649450138304564,0.00805622474242661,-0.125421983290075,-0.00390051912472028
8.08,-0.0639827481888462,0.00676693712359129,-0.1313721058527,-0.00315502407387057
8.09,-0.0631578429207194,0.0054310230573123,-0.135037850290581,-0.00236475151716507
8.1,-0.0624690361433313,0.00407120677843969,-0.136314820649855,-0.00154022540787513
8.11,-0.061911842129454,0.00271244136409684,-0.135107050105996,-0.00069068888293213
8.12,-0.0614779433158723,0.0013790881632227,-0.131463595972867,0.000167619898733183
8.13,-0.0611582586535702,9.53051169561347e-05,-0.125470259003405,0.00101807567680799
8.14,-0.0609408122547728,-0.00111629220347022,-0.117249999159849,0.00184455308557868
8.15,-0.0608131759387998,-0.00223408433940006,-0.106971615143653,0.00263132330368215
8.16,-0.0607605875321395,-0.00323883609873115,-0.0948413301331106,0.00336347608738052
8.17,-0.060768306277768,-0.00411316294362137,-0.0811197032934922,0.00402732247646275
8.18,-0.0608199719670188,-0.00484305300166738,-0.066109760549132,0.00461035518328282
8.19,-0.0608996514909199,-0.00541719215963263,-0.0501207637383141,0.00510218345062409
8.2,-0.060991391084346,-0.00582741065273975,-0.0334694165242601,0.00549404905645727
8.21,-0.0610789293464469,-0.00606910500519145,-0.0164816352404869,0.00577909089872097
8.22,-0.0611474662417804,-0.00614045644685496,0.000520994325050847,0.00595340975777353
8.23,-0.0611820353980717,-0.00604328100593394,0.0172241391171822,0.00601528245387238
8.24,-0.0611694513130925,-0.00578204687872896,0.0333197234967545,0.00596548894427984
8.25,-0.0610967772944253,-0.00536465608521775,0.0485215338201509,0.00580710564260225
8.26,-0.0609531495758684,-0.00480129439381268,0.0625627012523666,0.00554503226878637
8.27,-0.0607284336804135,-0.00410516893126131,0.0751992905351978,0.0051860388342831
8.28,-0.0604149219653651,-0.0032912846913988,0.0862197405735796,0.00473813431405665
8.29,-0.0600060840290122,-0.00237703175035815,0.0954473256603146,0.00421091722676402
8.3,-0.0594980441733068,-0.00138093146013407,0.102738147297405,0.00361498736037432
8.31,-0.0588883907761883,-0.000323223413123561,0.107979258291464,0.00296173563475604
8.32,-0.0581775599696446,0.000775358370632315,0.111092255264943,0.00226320765243971
8.33,-0.0573675917966721,0.00189307297432936,0.112041258560338,0.00153235634112458
8.34,-0.056463192133491,0.00300849819801754,0.110830324623044,0.000782707883015576
8.35,-0.0554704997263342,0.00410000780033109,0.107502089750721,2.80085093385914e-05
8.36,-0.0543980109465887,0.00514707566422495,0.102137800824076,-0.00071788447081564
8.37,-0.0532553270221692,0.00612971795768837,0.0948524656788037,-0.0014412737924892
8.38,-0.052053923573339,0.00702973757233401,0.0857942972629112,-0.00212869616184705
8.39,-0.0508059057324424,0.00783016059764714,0.0751468449559375,-0.00276740045370965
8.4,-0.0495247188277745,0.00851652422000655,0.0631367429608253,-0.00334568816014749
8.41,-0.0482238921637073,0.00907637867185579,0.0500193786404966,-0.00385275062652548
8.42,-0.0469175729513056,0.00950030967993088,0.0360577507026076,-0.00427918780363578
8.43,-0.0456194047730494,0.00978116174442632,0.0215284759335981,-0.00461722557367202
8.44,-0.0443430812513133,0.00991504010846888,0.00671501896598619,-0.00486102031728568
8.45,-0.0431013814486698,0.00990044759482662,-0.00809714300976433,-0.00500681388396688
8.46,-0.0419066376052315,0.00973907572788154,-0.022624307884337,-0.00505304523656524
8.47,-0.0407703149136422,0.00943539604614018,-0.0365930296396783,-0.00500048183798843
8.48,-0.0397026137097352,0.00899621275314915,-0.0497441197874565,-0.00485160720839249
8.49,-0.0387128223875954,0.00843127030252866,-0.0618356279458634,-0.00461092940325854
8.5,-0.0378085914812463,0.0077521641682905,-0.0726498908480222,-0.00428459022470131
8.51,-0.0369963422800368,0.00697293846801991,-0.0819999646076688,-0.00388014389346502
8.52,-0.0362805858494204,0.00610890602890347,-0.0897289006500094,-0.00340650719715556
8.53,-0.0356643988874725,0.0051772264180579,-0.0957080445426195,-0.00287365550317818
8.54,-0.0351487882751891,0.00419572586337149,-0.0998437276696559,-0.00229231719496988
8.55,-0.0347331562489184,0.00318341767418857,-0.102075410568829,-0.00167392745009309
8.56,-0.0344148628047944,0.00215926716707898,-0.102383713202587,-0.00103066431089007
8.57,-0.0341897740474286,0.00114265978441609,-0.1007848290206,-0.000374972294981763
8.58,-0.0340519043950673,0.000152208926614184,-0.0973286303440946,0.000280575536877493
8.59,-0.0339939896446046,-0.000793747302440857,-0.0921022064583517,0.000923531890805781
8.6,-0.0340072172950285,-0.00167834984220016,-0.085224071177009,0.00154187119037222
8.61,-0.0340818182269138,-0.00248565647426678,-0.0768419999497854,0.00212403962725768
8.62,-0.0342068879341042,-0.00320177796799536,-0.0671308451866858,0.00265948617061333
8.63,-0.0343709428038805,-0.00381437269530744,-0.0563086587142561,0.00313840473206011
8.64,-0.034561915487036,-0.00431381693879926,-0.0446053652468306,0.00355231361935291
8.65,-0.0347676761060827,-0.004692368511207,-0.0322569105785399,0.00389404466046894
8.66,-0.0349760021102601,-0.00494515164246817,-0.0195117323890069,0.0041578599656601
8.67,-0.0351751017049184,-0.00506934912973804,-0.00661662477465705,0.00433967624031279
8.68,-0.03535349230396,-0.00506500002313478,0.00618770706815841,0.00443726499463701
8.69,-0.0355004608883105,-0.00493413830113456,0.0186580534486308,0.00444998140608913
8.7,-0.0356059563976727,-0.00468159511012258,0.0305648204593235,0.00437912444226301
8.71,-0.0356609729045865,-0.00431397657326413,0.0416954837582731,0.00422752935871167
8.72,-0.0356574863582169,-0.00384034649935072,0.0518543274420054,0.00399935451107485
8.73,-0.0355888286670591,-0.00327131569016864,0.0608629167500261,0.00370000563252544
8.74,-0.0354497117899646,-0.00261912213934792,0.0685732868016869,0.00333623228416268
8.75,-0.0352362230137502,-0.00189765181867536,0.0748625128533397,0.00291566958315018
8.76,-0.0349461328274845,-0.00112147553342501,0.0796310550879626,0.00244675984419298
8.77,-0.0345787068694532,-0.000306438478973574,0.0828055475244121,0.00193871797729969
8.78,-0.0341349326404707,0.000531483665707056,0.0843458052227855,0.00140131813079941
8.79,-0.0336172769856402,0.00137565657572431,0.0842422128247172,0.000844823767412512
8.8,-0.033029802789786,0.00220993961015558,0.0825144607842061,0.000279789971949347
8.81,-0.0323778757063067,0.00301813013303754,0.0792129011583525,-0.000283155355476755
8.82,-0.0316682172072029,0.00378510326355691,0.0744141448704804,-0.000833426515623348
8.83,-0.0309085765018551,0.00449623242088159,0.0682242971351917,-0.00136078584832883
8.84,-0.0301077218862287,0.00513852099036584,0.0607735130548152,-0.00185535987380766
8.85,-0.0292750974498177,0.0056999589551095,0.0522142787902404,-0.00230814500506774
8.86,-0.0284207870338853,0.00617068511638689,0.0427345488627858,-0.00271071339770137
8.87,-0.0275550911512594,0.00654236820887109,0.0325321500183324,-0.00305587303797384
8.88,-0.026688514265244,0.00680911301240012,0.0218115267681657,-0.00333761210636652
8.89,-0.0258313835144317,0.00696667674139276,0.010783021055374,-0.00355110283736918
8.9,-0.0249937907601121,0.00701336776555632,-0.000339413155769392,-0.00369288473709082
8.91,-0.0241852641568523,0.00694922135797963,-0.0113403278289105,-0.00376096109128339
8.92,-0.0234147933893902,0.0067768230862239,-0.0220104336204823,-0.00375516050739991
8.93,-0.0226905848813688,0.00650036942628616,-0.0321515174957622,-0.00367672955441871
8.94,-0.0220200159809849,0.00612640322902034,-0.0415757192154057,-0.00352816037765688
8.95,-0.0214093744151718,0.00566285464544032,-0.0501090924010252,-0.00331332573929332
8.96,-0.0208638946094881,0.00511968675793563,-0.0576022482108696,-0.00303742446409735
8.97,-0.0203875503649718,0.00450780915987683,-0.0639271200912265,-0.00270659255504114
8.98,-0.0199830812903117,0.00383972821095055,-0.0689763312132235,-0.00232786325889856
8.99,-0.019651825894764,0.00312845865688787,-0.072667799996674,-0.00190909157437353
9,-0.019393815892218,0.00238801283804933,-0.0749463023022067,-0.00145881326372847
9.01,-0.0192077530171713,0.00163279709886402,-0.0757849510567607,-0.000986098631624059
9.02,-0.0190910005650311,0.000877011901332007,-0.0751855615487355,-0.000500296458656377
9.03,-0.0190397520133145,0.000135104272688932,-0.0731786970157869,-1.08972792622308e-05
9.04,-0.0190490022662491,-0.000579346635443522,-0.0698194026372166,0.0004726851265107
9.05,-0.0191127745424222,-0.00125302340198344,-0.0651875610779397,0.000941211815647409
9.06,-0.0192241380216638,-0.00187396439515066,-0.0593868866819251,0.00138580101849555
9.07,-0.0193754681706779,-0.00243093339797697,-0.0525409923386275,0.00179822618136834
9.08,-0.0195584314598143,-0.00291448176491519,-0.0447988330852684,0.00217114092115467
9.09,-0.019764333253997,-0.00331638629016015,-0.0363341609084763,0.00249777065922868
9.1,-0.0199841581397966,-0.00363058342141043,-0.0273203742101458,0.00277266130381702
9.11,-0.0202088736731991,-0.00385235765367124,-0.0179376824142056,0.00299121193154522
9.12,-0.0204294992326262,-0.00397923380520189,-0.00836855653552768,0.00315004057740761
9.13,-0.0206373816280874,-0.00401015270629137,0.0012016258845552,0.00324689655696674
9.14,-0.0208242502330216,-0.00394633342851306,0.0105888958160428,0.00328081544192918
9.15,-0.0209824424866714,-0.00379035796198081,0.0196195011585314,0.00325220050188065
9.16,-0.0211049125431342,-0.00354691143913799,0.028130165593125,0.00316259836109332
9.17,-0.0211854790476136,-0.00322183001175568,0.0359680915784843,0.00301463072560979
9.18,-0.0212188283080477,-0.00282284157162729,0.0429926449879398,0.00281193168475796
9.19,-0.0212007086558257,-0.00235853778549886,0.0490850048035211,0.00255921457928409
9.2,-0.0211278996306494,-0.00183902065672755,0.0541448238174978,0.00226184155397722
9.21,-0.0209983929139541,-0.00127486572479496,0.0580909841600761,0.00192597891785092
9.22,-0.020811292992265,-0.00067776693971584,0.0608640671869803,0.0015584221434862
9.23,-0.0205669357574081,-5.94749091899063e-05,0.0624249920186983,0.00116645684804009
9.24,-0.0202667751195242,0.000567569381822857,0.0627579627267514,0.00075767403817963
9.25,-0.0199134330318489,0.0011913254222312,0.0618714928207226,0.000340079272140658
9.26,-0.0195105091222332,0.0017995474579604,0.0597982351570709,-7.83108201571835e-05
9.27,-0.0190625963709847,0.0023807463768799,0.0565905997909599,-0.000489490367588425
9.28,-0.0185751344863307,0.00292407378065941,0.0523228574756895,-0.000885714825315156
9.29,-0.0180542647978963,0.00341921959877937,0.0470890577227442,-0.00125960410666642
9.3,-0.0175067841998535,0.00385732542065442,0.0409987803305986,-0.00160427562204724
9.31,-0.0169399229863361,0.00423031947564446,0.0341842056754025,-0.00191348868310265
9.32,-0.0163612616428424,0.00453196598633391,0.0267899359866694,-0.00218170257959409
9.33,-0.0157784770927418,0.00475706745781491,0.0189647097110412,-0.00240427067668622
9.34,-0.0151992949117308,0.00490237483727863,0.0108634764605008,-0.0025774016227154
9.35,-0.0146312159735482,0.00496578554024977,0.00264486231983042,-0.00269829878794689
9.36,-0.014081498119382,0.00494722217816525,-0.00553061689518022,-0.00276524317093205
9.37,-0.0135569232872585,0.00484776718290542,-0.0135067189001442,-0.00277770393262354
9.38,-0.0130638210124858,0.00467045992048195,-0.021133243265512,-0.00273627037992559
9.39,-0.0126078270204122,0.00441936469670677,-0.0282696045273287,-0.00264246557726342
9.4,-0.0121938830710078,0.00410032906609661,-0.0347840269616061,-0.00249874755863401
9.41,-0.0118260472318761,0.00372001588075972,-0.0405599024302582,-0.00230863343828282
9.42,-0.0115075568590517,0.00328658741586238,-0.045496876279762,-0.00207642955931229
9.43,-0.0112406477658178,0.00280869860641091,-0.0495107614663007,-0.00180717845610396
9.44,-0.0110266335544513,0.00229616627472425,-0.052536475976578,-0.00150650730747888
9.45,-0.0108657747760372,0.00175892508290523,-0.0545288048487873,-0.00118063923011884
9.46,-0.0107574059884517,0.00120768275772812,-0.0554612777043287,-0.000836132084126438
9.47,-0.0106998404691134,0.000652872477111882,-0.055328638586654,-0.000479922408600035
9.48,-0.0106905552428775,0.000105285372445476,-0.0541471380239958,-0.00011910385426844
9.49,-0.0107261193074142,-0.00042498375079437,-0.0519527185640185,0.000239286067568493
9.5,-0.0108023886864705,-0.000927885878340385,-0.0488014842146557,0.000588346609792434
9.51,-0.0109144692699421,-0.00139445687067746,-0.0447671370287026,0.00092146435000593
9.52,-0.0110569501916142,-0.00181613123617167,-0.0399383764822057,0.00123240983989842
9.53,-0.0112238594487046,-0.00218572658766889,-0.0344181531339692,0.00151565400275145
9.54,-0.0114089057588924,-0.00249689108011956,-0.0283300029546683,0.00176603010172079
9.55,-0.0116055806851247,-0.00274453035043266,-0.0217996148029764,0.00197929317113717
9.56,-0.0118072245484291,-0.0029251511099731,-0.0149582448453759,0.00215186250042627
9.57,-0.0120072796858992,-0.00303617085136658,-0.0079406636939065,0.00228098929627124
9.58,-0.0121992924679672,-0.00307679317673622,-0.000884318811897317,0.00236479237551162
9.59,-0.0123771549139895,-0.00304717489884212,0.00607397497130351,0.00240232085128565
9.6,-0.0125350806648958,-0.00294923229055981,0.0128035795144366,0.00239356473818879
9.61,-0.0126678224986105,-0.00278572873532535,0.0191805009803499,0.00233945836472945
9.62,-0.012770636876027,-0.0025610475665796,0.0250888426923526,0.00224170189916042
9.63,-0.0128395108139672,-0.002280244989037,0.0304247028928354,0.00210280442463455
9.64,-0.0128710983590519,-0.0019497793174001,0.0350948162767803,0.00192593041239345
9.65,-0.0128629234754687,-0.00157654821335232,0.0390192856426307,0.00171492147703693
9.66,-0.012813276533715,-0.00116858612896664,0.0421339728872383,0.00147424706359558
9.67,-0.0127213661167895,-0.000734055233095816,0.0443909259138402,0.00120883168618677
9.68,-0.0125872065194987,-0.000281935345860132,0.0457583146199446,0.000924010013100834
9.69,-0.0124117083661133,0.00017900221580232,0.0462225547235068,0.000625507359538522
9.7,-0.0121965393691883,0.000639509437549485,0.0457852959634753,0.000319108151903121
9.71,-0.0119442023866885,0.00109087582242507,0.0444660145574416,1.08279180549243e-05
9.72,-0.0116578294349698,0.00152425431638814,0.0423009577792228,-0.000293374296296329
9.73,-0.011341256710941,0.00193167838337204,0.039343060397187,-0.000587735455082292
9.74,-0.0109988092320326,0.00230535974118812,0.0356582742916825,-0.000866717652558516
9.75,-0.0106353359192184,0.00263866423286834,0.0313252504533765,-0.00112514158126997
9.76,-0.0102560017012883,0.00292539175421113,0.0264365839831779,-0.00135838524249975
9.77,-0.00986628752611218,0.00316077842309827,0.0210983022290388,-0.00156221222028138
9.78,-0.00947175833301062,0.00334070373001255,0.0154179655979309,-0.00173316412970749
9.79,-0.0090780847839278,0.00346257699843812,0.00950865334708123,-0.00186836507281509
9.8,-0.00869078582243632,0.0035245402764022,0.0034879978000777,-0.00196561697990731
9.81,-0.00831525365854535,0.00352634453444503,-0.0025257545521317,-0.00202352771269809
9.82,-0.00795652950945747,0.00346848249260638,-0.00841759118579354,-0.00204150317154131
9.83,-0.00761933354205024,0.00335289171631996,-0.01407676458603,-0.00201975673079737
9.84,-0.00730793503649152,0.00318259618462304,-0.0193968508579842,-0.00195927264891782
9.85,-0.00702603414560032,0.0029613112605174,-0.0242818731799638,-0.00186178133159643
9.86,-0.00677680270811454,0.00269408611383695,-0.0286445842106028,-0.00172963253125231
9.87,-0.00656269551858757,0.00238637385957047,-0.0324060721235113,-0.00156579375346636
9.88,-0.0063855441984364,0.00204477276526255,-0.0355006979533625,-0.00137386389468695
9.89,-0.00624639663171034,0.00167602715881203,-0.0378783741773443,-0.00115789943696342
9.9,-0.00614563949776681,0.00128772977418369,-0.0395027552253538,-0.000922396547039818
9.91,-0.00608287400276386,0.000887328653556772,-0.0403533127559913,-0.000672172346326991
9.92,-0.00605707388058474,0.000482814103622189,-0.040424613910246,-0.000412298962620947
9.93,-0.00606647726778231,8.17385302522968e-05,-0.0397239642025034,-0.00014791603544654
9.94,-0.00610875882993001,-0.000308079876508636,-0.0382744430484266,0.000115774339541059
9.95,-0.00618096113293709,-0.000679564698356671,-0.0361145499819201,0.000373625496503893
9.96,-0.00627968779481658,-0.00102567220267256,-0.0332955999835541,0.000620713356773986
9.97,-0.00640104073236958,-0.00134036448999051,-0.0298812341325729,0.000852378883522075
9.98,-0.0065408223325456,-0.00161786793987879,-0.0259441391644193,0.00106445357882957
9.99,-0.00669446213124969,-0.00185362969687168,-0.0215708611446291,0.00125315181094392
10,-0.00747199012359889,-0.00557127709821326,-0.0168544477732117,0.00141515595595039
10.01,-0.0082008403412015,-0.00800429837084128,-0.00987294875762004,0.00170088703746238
10.02,-0.00910939904563057,-0.010368141455875,-0.00222669357230181,0.00198894411016677
10.03,-0.0101720412210291,-0.0126045541530311,0.00656758608698675,0.00228465474347621
10.04,-0.0113737952280188,-0.0147694934901114,0.0167788670651915,0.0025920407843688
10.05,-0.0127726996758717,-0.0168091529958753,0.028526431132089,0.00290530108558037
10.06,-0.0144610719040057,-0.0188417987737933,0.0418053048630678,0.00321266110260667
10.07,-0.0165495686460115,-0.020786233404906,0.0565005009169846,0.00349848244055996
10.08,-0.0191562857628698,-0.0227835112172204,0.072422350477239,0.0037461846216248
10.09,-0.0224072991407345,-0.0247120204356986,0.0893286417350518,0.00393969046237638
10.1,-0.0264127274852777,-0.0266406591340637,0.10696304885544,0.00406599169690893
10.11,-0.0312503289117512,-0.0286573956788577,0.125076621704084,0.00411521560063671
10.12,-0.0370156204436127,-0.0305728348063168,0.143428878477752,0.00408064956019429
10.13,-0.0437190971209411,-0.0325621464637922,0.16180117235377,0.00395871747730662
10.14,-0.0514507438479275,-0.0344012564433913,0.179964374857334,0.00374723073795835
10.15,-0.0601547304272432,-0.036290841841373,0.197675084242245,0.00344383246331915
10.16,-0.0699488882888952,-0.0379819327676029,0.21470380162226,0.00304821215378948
10.17,-0.0807080050383047,-0.0397065411477656,0.230809030288104,0.00255961388447229
10.18,-0.0926071013455441,-0.0411958032694935,0.245803974912957,0.00198028598439514
10.19,-0.1054410262002,-0.0427144620112398,0.259489890676569,0.00131311285679099
10.2,-0.119466331880053,-0.043974944500482,0.271675247586683,0.00056034338202368
10.21,-0.134380828343068,-0.0452730764150175,0.282286312046137,-0.000269616807120704
10.22,-0.150540210165537,-0.0463004342357667,0.291338023529586,-0.00116511290956412
10.23,-0.167520921287329,-0.0473788414104922,0.298897715266135,-0.0021137686848562
10.24,-0.18579317691717,-0.0481763823780219,0.305111575828484,-0.00310155633493357
10.25,-0.204789923564364,-0.0490369303436133,0.310161383100308,-0.004114323865491
10.26,-0.224742660476833,-0.0497903013592718,0.314170157039809,-0.00514266027586474
10.27,-0.246034044962852,-0.0502427336225639,0.317229884044631,-0.0061792712302582
10.28,-0.267851339902781,-0.0507717897481263,0.319411121491811,-0.00721796016075736
10.29,-0.291031389930619,-0.0509874796103776,0.320775592390611,-0.00825332020474868
10.3,-0.31458094200743,-0.0512890801037812,0.321379416349325,-0.00928027583041006
10.31,-0.33951548282246,-0.0512668388872421,0.321285156568773,-0.0102938546874823
10.32,-0.364645538303511,-0.0513401334340483,0.320569116552085,-0.0112890363470844
10.33,-0.390476080628312,-0.0513016488092478,0.31930558847986,-0.0122612616983411
10.34,-0.417717617526036,-0.050924304303192,0.317565244922263,-0.0132077064826861
10.35,-0.444868583694535,-0.0506568946581277,0.315412433028622,-0.0141266195011876
10.36,-0.473454259981847,-0.0500425854338759,0.312893807345694,-0.015016372081782
10.37,-0.501756182173185,-0.0495478012640884,0.310059935093207,-0.0158758254501462
10.38,-0.530543894064712,-0.0489426984416077,0.306961228092701,-0.0167034560364647
10.39,-0.560817579659683,-0.04798023756141,0.303661265081175,-0.017497468748383
10.4,-0.59051805871974,-0.0471516291541524,0.300235566662472,-0.0182549436957219
10.41,-0.621748712449309,-0.0459595706390673,0.296719463765691,-0.0189749484383201
10.42,-0.652215240939835,-0.0449092452630377,0.293121054865153,-0.0196571877008658
10.43,-0.682982172984713,-0.0437509524167181,0.289447561100662,-0.0203014064178963
10.44,-0.715358967342674,-0.0422212149803504,0.285707227902657,-0.0209073705580199
10.45,-0.746691398051853,-0.0408459743964925,0.281909289993108,-0.0214748453164516
10.46,-0.778230536175209,-0.0393656127114063,0.278067355481005,-0.0220037460671715
10.47,-0.811476405624869,-0.0375085101445877,0.274189930046545,-0.022493924737673
10.48,-0.843407002872695,-0.0358177725835387,0.270283015056543,-0.0229451787854013
10.49,-0.875462903874562,-0.0340250562826136,0.266352159427034,-0.0233573470128807
10.5,-0.909336438129745,-0.0318522157703139,0.262402533531893,-0.0237302976068706
10.51,-0.941634168565054,-0.0298562869222787,0.258438933232091,-0.0240639358108709
10.52,-0.973988044424103,-0.0277617086343885,0.254466496135586,-0.0243581647385253
10.53,-1.0082826591033,-0.0252853547360504,0.25049050964137,-0.0246129058761357
10.54,-1.04075117177569,-0.0229945397156063,0.246516449484979,-0.0248281259813731
10.55,-1.07321781555602,-0.0206080904704605,0.242549501517725,-0.0250038573008077
10.56,-1.10775888860942,-0.0178396617176516,0.238594386533119,-0.0251402449915357
10.57,-1.14023231480883,-0.0152629685116394,0.23465772449328,-0.0252374121146685
10.58,-1.17264849207292,-0.0125926126669396,0.230745351507609,-0.0252956152227299
10.59,-1.20497966581572,-0.00982534706695495,0.228362616492508,-0.0252649899424372
10.6,-1.23947530533065,-0.00662452713959152,0.231862567974263,-0.0248889382811619
10.61,-1.27141650505054,-0.00353754959886468,0.236139623499017,-0.024481712644365
10.62,-1.30302295905267,-0.000273081816174414,0.240415578921125,-0.0241192554884929
10.63,-1.33674759588142,0.00345762744471012,0.244674165355911,-0.0238086462951918
10.64,-1.3674925658613,0.00708274688149091,0.248923416090618,-0.0235488028036579
10.65,-1.39757395165227,0.0108934923570754,0.253147234749319,-0.0233379060899599
10.66,-1.42678911056984,0.0148947981653834,0.257326636663784,-0.023174298416935
10.67,-1.4576457706424,0.019373955269796,0.261442381185623,-0.0230562389463402
10.68,-1.48439712334693,0.023770083407147,0.26547531183717,-0.0229815699718742
10.69,-1.50944496662951,0.0283697194304014,0.269487952760648,-0.0229448482787438
10.7,-1.5353867990442,0.0334507948080381,0.273657910648495,-0.022934514828829
10.71,-1.55617291398919,0.0384615445643159,0.278076179513006,-0.0229464236361822
10.72,-1.57439428275575,0.0436779637096556,0.282828288694391,-0.022978331956732
10.73,-1.59281449293593,0.0493631125618145,0.287681502453421,-0.023021193929774
10.74,-1.60524206297987,0.0549433794835054,0.287022130425416,-0.0228225766826769
10.75,-1.6174835741622,0.0608947441132969,0.284982570546669,-0.0224989492829964
10.76,-1.62341334776181,0.0666832330313858,0.283736467609209,-0.0221399476487141
10.77,-1.62904393990221,0.0728130200917149,0.283109793951683,-0.0217762907746826
10.78,-1.61817882620885,0.0775914511813065,0.28213557599543,-0.0214593116498977
10.79,-1.60762966792907,0.0826677855836499,0.279480411477935,-0.0212461425957562
10.8,-1.5945342390985,0.0877551816665807,0.273021496248683,-0.0212164620114284
10.81,-1.57620855268006,0.0925672799822615,0.260191498073803,-0.0214606167351484
10.82,-1.55875148128946,0.0974778178589289,0.239204786401208,-0.0219920313356354
10.83,-1.53952692893957,0.102157943272684,0.20922280826989,-0.0227541579534059
10.84,-1.51608979939107,0.106301094759345,0.170245972217192,-0.023655382975761
10.85,-1.49430419089579,0.110230895857457,0.123113090496014,-0.0245777624197957
10.86,-1.47163082812818,0.113654808252418,0.0699567598727676,-0.0253722936333925
10.87,-1.44828226421081,0.116521026027938,0.0136984632191102,-0.0258769932997445
10.88,-1.42187623471376,0.118625325152855,-0.0431127499266392,-0.0259776385856711
10.89,-1.39764449053567,0.120336889198376,-0.09858323920506,-0.0256234079092656
10.9,-1.37306010340448,0.121483948690447,-0.151555277750094,-0.0248243446435781
10.91,-1.3458027369095,0.121928045764251,-0.201373919319701,-0.0236320597292544
10.92,-1.32068549393944,0.122034363550231,-0.24753553284627,-0.0221073461267906
10.93,-1.29531184600765,0.121669649328931,-0.289653975160676,-0.0203102867694772
10.94,-1.2674992084006,0.120740069861925,-0.323541365274156,-0.0181259516513463
10.95,-1.2416114822516,0.119652626530018,-0.347314086579992,-0.0154717039880551
10.96,-1.21537866704843,0.11832305259952,-0.365635957859436,-0.0127234687338133
10.97,-1.18881764450125,0.116799863166217,-0.379300337734783,-0.00997050873418273
10.98,-1.15999111885644,0.115000932384061,-0.388739997901554,-0.00725284833903727
10.99,-1.13291049930412,0.113221886850111,-0.394436053469494,-0.00459843152035542
11,-1.10558898514454,0.111366052548485,-0.396852610683631,-0.00203019025732468
11.01,-1.07626667967313,0.109352580707984,-0.396380212038121,0.000431705662724316
11.02,-1.04862212326959,0.107435192569415,-0.393347242478114,0.00277036334719571
11.03,-1.01915696442368,0.105419352230352,-0.388056307159649,0.00497055364581428
11.04,-0.991326601962464,0.103534985982807,-0.380739623009553,0.00701884228154028
11.05,-0.963424613887128,0.101694288901611,-0.371587393824478,0.00890260203605648
11.06,-0.933960230478958,0.099823481450162,-0.361661742170789,0.0106387525724152
11.07,-0.906029076996916,0.0980887708221242,-0.354677645999686,0.012400233919419
11.08,-0.878054167204767,0.0963811147568563,-0.347907356668965,0.0140950914395752
11.09,-0.848688349272717,0.0946270451869345,-0.340570670261853,0.0156917950479353
11.1,-0.820723937280147,0.0929903473769718,-0.332719710572639,0.0171873268170618
11.11,-0.791501338460502,0.091324979752813,-0.324385513348181,0.0185817695696763
11.12,-0.763603397286015,0.0897790906384678,-0.31560222084946,0.0198752571681922
11.13,-0.735730852589507,0.0882833202769622,-0.306417301869858,0.0210671051289221
11.14,-0.706782775943178,0.0867820546264544,-0.296897666786706,0.0221563468969074
11.15,-0.679037663620035,0.0854002340627509,-0.287185892458557,0.0231449953681149
11.16,-0.650327659291902,0.0840231080067308,-0.277415061298925,0.0240377094450708
11.17,-0.622735695858911,0.0827603173171591,-0.267645735163162,0.0248369741607906
11.18,-0.59520531192791,0.0815552821647295,-0.257933507947778,0.0255449626467597
11.19,-0.566866217923758,0.080363185046278,-0.248309653655144,0.0261648985746568
11.2,-0.53952341988205,0.0792742815715882,-0.238775901957987,0.0266991084638156
11.21,-0.51147390839169,0.0782018457383662,-0.229343099087877,0.0271486952848798
11.22,-0.484346275646149,0.0772248899849614,-0.22003929531047,0.0275149505486981
11.23,-0.456614922125612,0.0762665613210127,-0.210931296761743,0.0278009776586949
11.24,-0.429739620388855,0.0753942492184696,-0.202259397859891,0.0280104299764722
11.25,-0.40240221670977,0.0745078650766739,-0.199929963175847,0.0278530855693103
11.26,-0.375973447543619,0.0736215016570452,-0.199601464761903,0.0275459047042816
11.27,-0.349820564440535,0.0726966259267071,-0.199542853611497,0.0272403847520921
11.28,-0.323454442502245,0.0717084158921886,-0.199679107168937,0.0269534993237529
11.29,-0.297944485949076,0.0707019313266915,-0.200048750985139,0.0266871316044308
11.3,-0.272326830936349,0.0696309213984784,-0.200699405937539,0.0264435642450539
11.31,-0.247525586352531,0.0685321216251535,-0.201632322708503,0.026224396081971
11.32,-0.222716183145248,0.067366742373934,-0.202806834437406,0.0260294590630903
11.33,-0.198688042887396,0.0661653625082584,-0.204102932532419,0.0258580801080012
11.34,-0.174764983934443,0.0649182113422514,-0.200938591587548,0.0255110644414965
11.35,-0.151649933300432,0.0636930215704358,-0.195732166379829,0.025044934533656
11.36,-0.1287694464269,0.0624683282833912,-0.190942050656238,0.0245426801285264
11.37,-0.106667219688061,0.0612604452961958,-0.186624123578325,0.0240168206919678
11.38,-0.0848672561528598,0.0600473336546238,-0.182734002014639,0.0234700174923215
11.39,-0.0638068080951859,0.0588409354724599,-0.179208139819536,0.0229027379767961
11.4,-0.0431056937083163,0.057625495809421,-0.17598827472745,0.022315192844481
11.41,-0.0231066566081779,0.0564097447902884,-0.173029028496853,0.0217075952176918
11.42,-0.0035137663266589,0.0551832947089225,-0.170303055870392,0.0210805928422202
11.43,0.0154140549718145,0.0539516230785782,-0.167798174599622,0.020435533383035
11.44,0.0338992657218791,0.0527085251611516,-0.165508874933421,0.0197743091795763
11.45,0.0517561049962714,0.0514562816236261,-0.163441100393436,0.0190992916965626
11.46,0.0690869610253246,0.0501917506070021,-0.161614204727314,0.0184132626328757
11.47,0.0859363954171011,0.0489144219523411,-0.160061143774035,0.0177199212764858
11.48,0.102210132620481,0.0476217258830242,-0.158830837414599,0.0170238463361967
11.49,0.117988471853736,0.0463136337130284,-0.157959681134778,0.0163301170857622
11.5,0.13322582469657,0.0449847476752698,-0.157456742261513,0.0156436943315713
11.51,0.147958394939332,0.0436368337309071,-0.157328710139075,0.0149688919628848
11.52,0.162180236075482,0.0422625115563161,-0.157584518252563,0.0143096054600379
11.53,0.175889730522802,0.0408650393116035,-0.158224935077246,0.0136694283208933
11.54,0.189112116011284,0.0394354627124064,-0.159250340776512,0.013051838056002
11.55,0.201813290085724,0.0379782696173316,-0.160655190846679,0.0124600841940995
11.56,0.214043125141163,0.0364833670170394,-0.162433799205812,0.0118973862631609
11.57,0.225740561703279,0.0349562673330742,-0.164573581251195,0.0113666803963737
11.58,0.236975512197312,0.033386197404773,-0.167054925157116,0.0108705288503895
11.59,0.247665248901455,0.0317796548701041,-0.169853499293744,0.010411048291461
11.6,0.257895627273609,0.0301256926222555,-0.172939783803746,0.00998994741094807
11.61,0.267567051993283,0.0284317472769414,-0.176282736287186,0.00960853412603525
11.62,0.276778117098028,0.0266870607459081,-0.179849168183148,0.00926769397994083
11.63,0.285416606908911,0.0248996640075813,-0.183666231867967,0.00896519740115017
11.64,0.293589448176379,0.023058070492491,-0.187787157069184,0.00869649378972986
11.65,0.301174020717881,0.0211696153415176,-0.192202354181637,0.0084614322630596
11.66,0.308283703601348,0.0192227264985284,-0.196901256354815,0.00826018390403495
11.67,0.31479004007475,0.0172248019150505,-0.201881718589414,0.00809248786180521
11.68,0.320810382513803,0.0151643433484897,-0.207149425181861,0.00795763404716396
11.69,0.32621249226988,0.0130484393981519,-0.212706626014909,0.00785503513191429
11.7,0.33112553828941,0.01087443472412,-0.216399259464534,0.00788687572354316
11.71,0.335452795487283,0.00867472784581607,-0.218495848821321,0.00802992315357099
11.72,0.339324240525343,0.00644750902339752,-0.220319964021187,0.00818094342643201
11.73,0.342609036434103,0.00420373226094823,-0.222015290938232,0.00832894820153733
11.74,0.345426655724389,0.00193648307004989,-0.223606905321479,0.00847322312299397
11.75,0.347709722227106,-0.000351207219031435,-0.225795953752354,0.00862813689047253
11.76,0.349397152264371,-0.00266228230398228,-0.228725840186858,0.0087867968881927
11.77,0.35057828969407,-0.0050225457525501,-0.234221918168157,0.00880285036822299
11.78,0.351106107799317,-0.00744026243134112,-0.24036821603514,0.00884504807029382
11.79,0.35109889863462,-0.00992199984309579,-0.246004499800594,0.00897395547233118
11.8,0.350451821964168,-0.012451017742655,-0.250400935450084,0.00920873749455415
11.81,0.349295477017332,-0.0150176973216425,-0.252806377939552,0.00956432809465899
11.82,0.347546181645847,-0.0175904079976543,-0.252356598990164,0.0100582904669988
11.83,0.34535036812047,-0.0201423481330219,-0.24822971008612,0.0107015920572777
11.84,0.342649686135974,-0.0226270871106945,-0.239911838252579,0.011483197598455
11.85,0.339599951434703,-0.0250070928520265,-0.227117733033364,0.0123731562360454
11.86,0.336155363215131,-0.0272308040704372,-0.20975425363478,0.0133305763989467
11.87,0.332469193596349,-0.0292585717776222,-0.187910804962995,0.0143083763223208
11.88,0.328500337655175,-0.0310411879239028,-0.161840343273766,0.0152557654646397
11.89,0.324393676616067,-0.0325438902821413,-0.13197544356827,0.0161238230252472
11.9,0.32010927179949,-0.0337267111899515,-0.0989207088310323,0.0168672774561531
11.91,0.315781308502174,-0.0345665728613959,-0.0633940841583647,0.0174436994517393
11.92,0.311368019625196,-0.0350380700944363,-0.026162714846594,0.0178141722852469
11.93,0.3069894255728,-0.0351331254919186,0.011972694034713,0.0179480365394713
11.94,0.302600469833354,-0.0348426888521335,0.0501958080861717,0.017826911069577
11.95,0.298308903325663,-0.0341747498221305,0.0876617052658406,0.0174445574594346
11.96,0.294069751677059,-0.0331374460490529,0.123518340335511,0.0168053322148018
11.97,0.289981220429576,-0.0317553421787264,0.156945501485201,0.0159213225917525
11.98,0.285998942082218,-0.0300530811223675,0.187203157952462,0.0148110993629254
11.99,0.282210684326655,-0.0280695932470209,0.213648042935732,0.0134966476997225
12,0.278600317917829,-0.0258443518105953,0.235709655042551,0.0120029376499508
12.01,0.275151903372068,-0.023422062741157,0.252972606895002,0.0103568648120365
12.02,0.271932501709736,-0.020855541598446,0.265153348400041,0.00858747550380731
12.03,0.268888075423796,-0.0181934876280376,0.272105202797573,0.00672672958971757
12.04,0.266071045129118,-0.0154915020511594,0.273764788046173,0.00480717077341071
12.05,0.263421989680577,-0.0127995339502214,0.270191686681291,0.00286366582286144
12.06,0.260980160069628,-0.0101717168599446,0.2615483539059,0.000932712023051627
12.07,0.258682983139868,-0.00765494720275042,0.248086364089127,-0.000947720837559602
12.08,0.256559776145451,-0.00529811048835771,0.230119514199383,-0.00274091482305617
12.09,0.254547087179187,-0.00314180915067057,0.208072499152912,-0.00441251095602688
12.1,0.252666457617179,-0.00122596717538118,0.182508204167194,-0.00592968381048977
12.11,0.250855441860001,0.000419715630447708,0.154063452077345,-0.0072652053089394
12.12,0.249129792718683,0.00176808966237738,0.123392968652347,-0.00839742516994373
12.13,0.247429070720873,0.00280266987079189,0.0912351387234025,-0.00930877352110619
12.14,0.245765424096448,0.00351128736411872,0.0583966133980712,-0.00998553963253551
12.15,0.244083231310779,0.00389306711542118,0.0256571916222627,-0.0104203458490633
12.16,0.24239399580124,0.00395149225937688,-0.00626453461668918,-0.0106109274887649
12.17,0.240648700582672,0.00369971793281422,-0.0367281668187639,-0.0105613446775358
12.18,0.23885967351244,0.0031543446041664,-0.0651268937036334,-0.0102816057622112
12.19,0.236984719609357,0.00234030215642681,-0.0909207059251065,-0.00978751510028936
12.2,0.235037378426874,0.00128504395147472,-0.113645040313757,-0.00909894315912176
12.21,0.232982616044722,2.25481476430683e-05,-0.132921396596332,-0.00823869570394215
12.22,0.230836251208306,-0.00141221363510876,-0.148482563825104,-0.00723266112183194
12.23,0.228570805980782,-0.0029802157205593,-0.160178747416078,-0.00610893938076256
12.24,0.226204654410435,-0.0046433666461382,-0.167956339817932,-0.00489680232897174
12.25,0.22371756007731,-0.00636169785269962,-0.171831275391921,-0.0036251508436946
12.26,0.221130791481483,-0.00809736540443604,-0.171881328584257,-0.00232190005957237
12.27,0.21843967052924,-0.00981244814458083,-0.168244833555472,-0.00101446529983676
12.28,0.215644121404043,-0.011470784833019,-0.161107175218857,0.000271742568268763
12.29,0.212770091596347,-0.0130392198599104,-0.150691867663338,0.00151265763734746
12.3,0.209815141528146,-0.0144858075680413,-0.137259391477307,0.00268629759071558
12.31,0.20680800325062,-0.0157826550705751,-0.121132617892846,0.00377222248243051
12.32,0.20375204970345,-0.0169044041400654,-0.102693274543841,0.00475284129811963
12.33,0.200677928324133,-0.0178306773303517,-0.0823595640540378,0.00561318501903347
12.34,0.197593368371772,-0.018544698267207,-0.0606084494781593,0.00634005978527195
12.35,0.194528993247262,-0.0190355273736363,-0.0379552896148122,0.00692193423263112
12.36,0.191493846864387,-0.0192966240934886,-0.0149106626308502,0.00734956576955145
12.37,0.188515628807083,-0.019327161440193,0.00803009734068717,0.00761656511150974
12.38,0.185602221646876,-0.0191304993524102,0.0303986936445393,0.0077208559264141
12.39,0.182777124903922,-0.0187151116845122,0.0517496209046686,0.00766414158796548
12.4,0.180046116014327,-0.0180933093650833,0.0716584552047278,0.00745155720109407
12.41,0.177427859716307,-0.0172818697631221,0.0897483762216128,0.00709171931722345
12.42,0.174925219289403,-0.0163005893436428,0.105703698073165,0.00659643036085911
12.43,0.172551716644131,-0.0151724820276563,0.119262419496445,0.00597989216114297
12.44,0.170306783497599,-0.0139225967139651,0.130210894722704,0.00525784224282069
12.45,0.168198337642885,-0.0125780850263067,0.13839456492517,0.00444766551749748
12.46,0.166221897307152,-0.0111670394619664,0.143723280191762,0.00356827316796019
12.47,0.164379862687916,-0.00971837318388799,0.146159922695866,0.00263910830989235
12.48,0.162663906805827,-0.00826086145211975,0.145725095681648,0.00168018363883404
12.49,0.161071283795768,-0.00682296131436318,0.142489753685061,0.000711653117293797
12.5,0.159590291586647,-0.00543196912469529,0.136581515071419,-0.00024641349319606
12.51,0.15821388186439,-0.00411378262341838,0.128167895759008,-0.00117477062166724
12.52,0.156927742411669,-0.00289226147874038,0.117470955825833,-0.00205483241490981
12.53,0.155721649263135,-0.00178881368676792,0.104762752853416,-0.00286891770295934
12.54,0.154580956861505,-0.000821849149118837,0.0903577730470735,-0.0036006459769025
12.55,0.153491127326505,-6.42505738991911e-06,0.074612661004239,-0.00423598951225931
12.56,0.152440008099792,0.000646126814827549,0.0579049020354727,-0.00476388315268431
12.57,0.151412374008401,0.00112833194884493,0.0406343779927155,-0.00517511701200571
12.58,0.150396476177482,0.00143676590743732,0.0231940992084061,-0.00546336806652028
12.59,0.149378872556563,0.00157172904462134,0.00595232497675094,-0.0056258414078101
12.6,0.148349080222714,0.0015372040419704,-0.0107359260663282,-0.00566253445188957
12.61,0.147295936236151,0.00134053530756224,-0.026535888076978,-0.00557649456383291
12.62,0.146210841485103,0.000992338797810073,-0.0411451436458025,-0.00537334342416436
12.63,0.145085401582128,0.000505973345781736,-0.0542939127693047,-0.00506109036860923
12.64,0.143913439967058,-0.000102604153134928,-0.0657527267187837,-0.00464986707917729
12.65,0.142689729646643,-0.000815519389315061,-0.0753393890906091,-0.00415129391742606
12.66,0.141410940956117,-0.00161322268910743,-0.0829200358565303,-0.0035787421642591
12.67,0.140075151505225,-0.00247515772922251,-0.0883959519807772,-0.00294662814787626
12.68,0.138681975301886,-0.00337987749698152,-0.0917147308898696,-0.00226982295557189
12.69,0.137232851080425,-0.00430583657715849,-0.0928733801160741,-0.0015639608339465
12.7,0.135730248438269,-0.0052315523994367,-0.091912670275432,-0.000844679958891502
12.71,0.134178635839996,-0.00613635608915144,-0.0889196821402282,-0.000127301543118701
12.72,0.132583036944298,-0.00700049593816522,-0.0840157222091338,0.000573379171014898
12.73,0.130950479272752,-0.00780575855366162,-0.0773538715228319,0.00124334787238085
12.74,0.129288005341365,-0.00853549181450653,-0.0691207137355703,0.00186968042192482
12.75,0.127604559680876,-0.00917521417236331,-0.0595283409518192,0.00244078627978381
12.76,0.125908540173644,-0.00971257030022068,-0.0488201251260178,0.00294636209790904
12.77,0.124209978760701,-0.0101379347994408,-0.0372623147075042,0.00337791123173557
12.78,0.122517793293865,-0.0104442548283422,-0.0251319052911876,0.00372892982715693
12.79,0.120842249183048,-0.0106274213678666,-0.0127065263513433,0.00399448941654548
12.8,0.119191871842871,-0.0106858905589532,-0.000254663248866665,0.00417162379154129
12.81,0.117575802796512,-0.0106209076114234,0.0119571820999483,0.00425919029555018
12.82,0.11600254875053,-0.0104363505678569,0.0236700768551835,0.00425807017670613
12.83,0.114478612919862,-0.0101384528811933,0.034648749858075,0.00417109908388778
12.84,0.113011147348667,-0.00973581764085107,0.0446818426409578,0.00400275328556262
12.85,0.111604647591165,-0.00923885719923687,0.0535866164385617,0.00375926866030371
12.86,0.110264119909631,-0.00865979064177957,0.0612118536054747,0.00344813000891143
12.87,0.108991739917799,-0.00801202675460105,0.0674382368803293,0.00307804306009373
12.88,0.10779011277494,-0.00731013661957657,0.0721767669291758,0.00265849364333373
12.89,0.106658914380903,-0.00656928193741791,0.075369721833147,0.00219969926074567
12.9,0.105598260974552,-0.00580513329066,0.0769952048560468,0.00171250154810469
12.91,0.104605443516671,-0.00503326874457644,0.0770643293666026,0.00120801486963852
12.92,0.103678288542826,-0.00426910540753471,0.0756203747283976,0.000697252272123058
12.93,0.102811953760311,-0.00352732575685453,0.0727379288812816,0.000191135559288642
12.94,0.102002322527391,-0.00282185044237944,0.0685163533323837,-0.000299842165995061
12.95,0.101242895266668,-0.00216534790844939,0.0630801213796076,-0.000765733472294975
12.96,0.100528134372638,-0.0015692422672821,0.0565738350094604,-0.00119743402915618
12.97,0.0998504163647613,-0.00104329091840884,0.0491620516890853,-0.00158695163899226
12.98,0.0992032714929012,-0.000595618543205122,0.0410275597121714,-0.00192747328063901
12.99,0.0985785589900239,-0.000232271504197097,0.0323765662459559,-0.00221286908844648
13,0.0976387269415691,-0.00346855656645154,0.0234079312995855,-0.00243858779914448
13.01,0.0964503777402141,-0.00558685690789693,0.0143743530509558,-0.00259912748754073
13.02,0.0950380884659667,-0.00779589257494403,0.00608960924690146,-0.0026642949695266
13.03,0.0934153455288591,-0.0100350496703139,-0.000681785007537402,-0.00261106729903609
13.04,0.0915866190442367,-0.0123549649234102,-0.00536255482361409,-0.00243318302413219
13.05,0.0894861530653337,-0.0146930334312352,-0.0075106918359079,-0.00213495045040039
13.06,0.087016790398283,-0.0171556310874997,-0.00680298327402923,-0.00172818071234474
13.07,0.0840657806220664,-0.0196464635657629,-0.00303082739040882,-0.00123037826089151
13.08,0.0805164382316228,-0.0222885107672557,0.00391525973417883,-0.000662627843112837
13.09,0.0762470553126269,-0.0249393357500215,0.0140471236114167,-4.85169763380871e-05
13.1,0.0711549659310835,-0.027644952266782,0.0272976662076688,0.000587760776223685
13.11,0.0651724192360419,-0.0304691260083141,0.0434999463731333,0.00122072041004802
13.12,0.0582156582476472,-0.0331978330548696,0.0623978336786229,0.00182467301918441
13.13,0.0502871558156794,-0.0359824316830322,0.0836589148492229,0.00237497935851719
13.14,0.041310291610869,-0.0385763954239389,0.106886615335762,0.00284891950937504
13.15,0.0313553196970817,-0.0411598278951453,0.131629997214256,0.00322596398263341
13.16,0.0203192956146268,-0.0434655100065843,0.15737328665526,0.00348758608700002
13.17,0.00834265451062777,-0.0457102075867178,0.183578738504412,0.00361779308664962
13.18,-0.00473466934909439,-0.0476128239173087,0.209724008909805,0.00360456082884347
13.19,-0.0186928935128554,-0.0494291432053094,0.235343169696748,0.0034417196234086
13.2,-0.0337739918982454,-0.0508652012607499,0.25991690609266,0.00312405373059915
13.21,-0.0496623148682067,-0.0522143218112635,0.283024998456159,0.00265181648998021
13.22,-0.0667011309117269,-0.0531683050186091,0.3044143991683,0.00203567555842935
13.23,-0.0844545145101989,-0.0540520185896382,0.323906209734601,0.00128920303410346
13.24,-0.103381362773011,-0.0545386840959005,0.341419993818673,0.000428046506030552
13.25,-0.122904222337871,-0.0549798018406086,0.356927319349737,-0.000532298774483694
13.26,-0.143246336434516,-0.0552143542658333,0.370403924766259,-0.0015810608017652
13.27,-0.164783987103513,-0.0550591516603115,0.381814517981757,-0.00270574807102405
13.28,-0.186698188496816,-0.0549031880551414,0.391211432955063,-0.00389034890811644
13.29,-0.209820499976063,-0.0543674949938029,0.398693679484622,-0.00511796677352801
13.3,-0.233151503787219,-0.05386214770117,0.404376810201346,-0.00637227177288364
13.31,-0.257701373781758,-0.0529872425788613,0.408397603600771,-0.00763815777848796
13.32,-0.282274384791164,-0.0521715653986834,0.410896435414561,-0.00890248357499001
13.33,-0.307370405951359,-0.0512164506734267,0.411998698837478,-0.0101535283894854
13.34,-0.333708932622111,-0.0499171761600783,0.407555289873435,-0.0115531656692804
13.35,-0.359875858285138,-0.0487971399767098,0.396515488732159,-0.013191064993136
13.36,-0.387428404043751,-0.0474255884229802,0.384063071727913,-0.0147199256598843
13.37,-0.414642747967789,-0.0462758514923567,0.370770468926197,-0.016089296654563
13.38,-0.442280839369269,-0.045122498935225,0.356818844255367,-0.0172922410355215
13.39,-0.47133610947711,-0.0437216746115641,0.342404118086858,-0.0183288302402179
13.4,-0.499743887030242,-0.0425666544611607,0.327735650757072,-0.0192030865390903
13.41,-0.529605085906621,-0.0411605712766329,0.312972238591728,-0.0199200683200504
13.42,-0.558623503652564,-0.0400082732533149,0.298221153015323,-0.0204855912278614
13.43,-0.587863935126141,-0.038858689276748,0.283553058997621,-0.0209064562058417
13.44,-0.618637361510483,-0.0374461604258753,0.269083448053236,-0.0211899343651294
13.45,-0.648292112485001,-0.0362933597450854,0.254965803302175,-0.0213448092710164
13.46,-0.678083489231317,-0.0351361138677122,0.241270099116499,-0.0213803410690644
13.47,-0.709516867637224,-0.0336977389449561,0.228070427676295,-0.0213053905957414
13.48,-0.739576038523295,-0.0325157463025795,0.215468675246537,-0.0211269092737603
13.49,-0.769716627184544,-0.0313055236383848,0.206212411621427,-0.0209612687128403
13.5,-0.801680150539285,-0.0297385818680646,0.20165351590686,-0.0209061156292431
13.51,-0.832094237099072,-0.0283461041444575,0.198384085684316,-0.0208548859236354
13.52,-0.862595028996186,-0.0268460102309816,0.195436035580974,-0.0207816373857134
13.53,-0.895067299357313,-0.0249528825326902,0.192653394881538,-0.0206808403252012
13.54,-0.925743952913662,-0.0232327882692803,0.19001090895564,-0.0205516357891351
13.55,-0.956448060230009,-0.0214031294121476,0.187501769156383,-0.0203940810032973
13.56,-0.989254369180941,-0.0191761982488561,0.185127518469308,-0.0202085635510427
13.57,-1.02002001433371,-0.0171247287629589,0.182896883060326,-0.0199956933921029
13.58,-1.05075374551605,-0.0149619571780119,0.180814253936644,-0.0197568602544615
13.59,-1.081428755218,-0.0126866127123968,0.178882412348507,-0.0194936919565405
13.6,-1.11435313385253,-0.0100080144180965,0.177110880855966,-0.0192081225242809
13.61,-1.14485829738404,-0.0075012983885728,0.175508974526374,-0.0189021026576407
13.62,-1.17516663935872,-0.00487508168383197,0.17409603676796,-0.0185782545986857
13.63,-1.20772817876107,-0.00183832916190854,0.172878367520675,-0.0182399633984875
13.64,-1.23744450862211,0.00103873845184069,0.17182953663184,-0.0178916181740955
13.65,-1.26663094535795,0.00404927500571828,0.170947006059721,-0.0175359785385508
13.66,-1.29508514856096,0.00720024602236422,0.170233864520553,-0.0171754956537706
13.67,-1.32531449295465,0.01078136340924,0.169698088493479,-0.0168118996683227
13.68,-1.35157298757057,0.014234166483549,0.169368240870464,-0.0164456925841306
13.69,-1.37626158269427,0.0178481775425967,0.169260196193389,-0.016077984404476
13.7,-1.40197891564365,0.0219030044747918,0.169385361248217,-0.0157104167000125
13.71,-1.4226475374185,0.0258789996239571,0.176612170442128,-0.0150849556649289
13.72,-1.44077997754718,0.0301072230891559,0.186529518742272,-0.0143372811199938
13.73,-1.45912596863291,0.0348566643659198,0.196879803445355,-0.0136532145728463
13.74,-1.47152588359807,0.0395860969715279,0.207752414456883,-0.0130546283565894
13.75,-1.48382909841043,0.0448175388844734,0.219144674699586,-0.012550185586854
13.76,-1.48991416346406,0.0500185262071483,0.230936723478133,-0.0121447283059466
13.77,-1.49578971452419,0.055688969136169,0.242924027759589,-0.0118435261790321
13.78,-1.48524362681816,0.0601344814663839,0.254668923950173,-0.0116627953437681
13.79,-1.47507490730962,0.0650075387007863,0.265205152376789,-0.0116389706101584
13.8,-1.46239578040764,0.0700300617278585,0.273259866652412,-0.0118121848299168
13.81,-1.44448486401592,0.0749326268859889,0.276730036687704,-0.0122526757862346
13.82,-1.42741141910373,0.0801036205470986,0.273165312596243,-0.0130409340107211
13.83,-1.40852195531456,0.08521935526494,0.260180251943844,-0.0141453192066713
13.84,-1.38533640773028,0.089941425588126,0.233370037606618,-0.0153687176638405
13.85,-1.36370709979864,0.0945614843018046,0.196636284925815,-0.0167091340708745
13.86,-1.34110435237365,0.09876690946894,0.151368593563761,-0.0180642328421564
13.87,-1.31776338727299,0.102476519300085,0.0998966367232215,-0.0192757597317735
13.88,-1.29132377578152,0.105457095644684,0.0452707175625218,-0.0201839470137448
13.89,-1.26703345649601,0.108055949773641,-0.00991314866932189,-0.0206795245392249
13.9,-1.24236785555384,0.110086569520496,-0.0636980859845657,-0.0207146596150914
13.91,-1.21499890429136,0.111402479989237,-0.114945116028379,-0.0203010887004851
13.92,-1.18973106139599,0.112363772847183,-0.163023179522336,-0.0194897998267043
13.93,-1.16415673316864,0.112832596778848,-0.207460300767899,-0.0183385515636417
13.94,-1.13828751319031,0.112845615794373,-0.247937998832035,-0.0169055013049881
13.95,-1.11000448502549,0.112300516374782,-0.284330260979524,-0.0152491617685192
13.96,-1.08365146197589,0.111527534466002,-0.31616226591187,-0.0134003002772636
13.97,-1.05705381700682,0.110426729325861,-0.343124309377292,-0.0113808473469887
13.98,-1.02826668136194,0.108919384210808,-0.365433964301632,-0.00923403431195315
13.99,-1.00129726540442,0.107306326993768,-0.38344865838697,-0.00700022347972566
14,-0.974154202473052,0.105496513923414,-0.397601635647094,-0.00471481732004778
14.01,-0.945074492270769,0.103414751144688,-0.408306573339772,-0.00240856171828565
14.02,-0.917737053260863,0.101320114925408,-0.415967316973846,-0.00010862978841323
14.03,-0.888641712727415,0.0990224401922962,-0.420938485222821,0.0021631547230956
14.04,-0.861245062477153,0.0967557837197681,-0.423518642642273,0.00438868611135251
14.05,-0.833823069059844,0.0944522968961983,-0.419507621118299,0.00673372186306566
14.06,-0.804803119996238,0.0920992737652257,-0.409667623783295,0.00919357002505394
14.07,-0.777283077625607,0.0899094654685871,-0.397919713341925,0.0115057445903419
14.08,-0.749712803345198,0.0878057496197061,-0.384610280998844,0.0136339887389184
14.09,-0.720754178436022,0.0857258497011045,-0.369882099195933,0.0155665817346178
14.1,-0.69320743733375,0.083841186192087,-0.353961277475823,0.0172954940878859
14.11,-0.66441872047772,0.082011097602541,-0.337121165193782,0.0188180002600822
14.12,-0.636977564731858,0.0803869322655212,-0.319620237910201,0.0201359989122308
14.13,-0.60958882030226,0.0789003966723856,-0.301677578456855,0.0212529378346044
14.14,-0.581154392882601,0.077495679286341,-0.283444077007817,0.0221732918281807
14.15,-0.553936347719718,0.0762746864384206,-0.270274023808991,0.0231138087114463
14.16,-0.525712381847649,0.075066165959201,-0.261039624058017,0.024093797983813
14.17,-0.498551295788413,0.07396220726777,-0.252389793864552,0.0250023824926937
14.18,-0.47139736664076,0.0729054416013393,-0.243662879072293,0.025818349535063
14.19,-0.443383469343265,0.0718524589889389,-0.234905303302165,0.0265421688115481
14.2,-0.416318635393672,0.0708944424565628,-0.226172336861804,0.0271753470630825
14.21,-0.388502441318769,0.069945414873909,-0.217432969287032,0.0277228131637261
14.22,-0.36156550090516,0.0690856800751017,-0.208697577155564,0.0281880304161947
14.23,-0.333983489925801,0.0682396408613684,-0.200019192940054,0.0285699590056397
14.24,-0.30721896453028,0.067476425819999,-0.191433572686973,0.0288666504047653
14.25,-0.279919990202021,0.0667295582227238,-0.182964115922422,0.0290766098283092
14.26,-0.25338856767449,0.0660581635836539,-0.174623777955212,0.029198853809845
14.27,-0.226983094840131,0.0654293141182303,-0.166433493960366,0.0292334106518443
14.28,-0.200219579742736,0.0648186007874614,-0.158417036159285,0.0291812288558133
14.29,-0.174173764149318,0.0642714511513531,-0.150576148581161,0.0290456971347772
14.3,-0.147887670027142,0.0637424932012446,-0.142908565453213,0.0288347193592949
14.31,-0.122289054452187,0.0632694640173339,-0.135437867387888,0.0285529491853864
14.32,-0.0965570863673637,0.0628141135260733,-0.128183417251739,0.0282037135879865
14.33,-0.0714824503141323,0.0624068368562489,-0.121156939939373,0.0277901275314581
14.34,-0.0463719838218459,0.0620159050943989,-0.114385008961369,0.0273157227202702
14.35,-0.0218883427841323,0.0616647824420276,-0.107929049519845,0.0267855070286491
14.36,0.0025454730251333,0.0613271335482282,-0.101793295643396,0.026203054124865
14.37,0.0263845507539511,0.0610205873573758,-0.095967119184463,0.0255710632356065
14.38,0.050099887631557,0.0607245723930912,-0.0904495853710642,0.0248922095658862
14.39,0.073253660252325,0.0604518828256565,-0.0852297140946555,0.0241691690250223
14.4,0.0962220935858795,0.0601871620831648,-0.0803029502037028,0.0234046571167119
14.41,0.118663600641451,0.0599389343958491,-0.0756728522173412,0.0226016546859004
14.42,0.140871096717589,0.0596962954043128,-0.0713444003261821,0.0217632059725631
14.43,0.162588195471466,0.0594638292995538,-0.0673333889177175,0.0208928819020915
14.44,0.184034772969174,0.0592342450725041,-0.0636648085810009,0.0199946622492978
14.45,0.205028689017494,0.0590083077188889,-0.0603774365817423,0.0190734224334649
14.46,0.225671694176157,0.0587812169967567,-0.0575010734239012,0.0181343325806608
14.47,0.246007577491349,0.0585508563786905,-0.0550530313737324,0.0171824585158966
14.48,0.265946127025559,0.0583131703648735,-0.0530566300812139,0.0162232978874463
14.49,0.2855649715084,0.0580670220944361,-0.0515311332570073,0.015262602907983
14.5,0.304822984964373,0.0578057407595935,-0.0505063412728414,0.0143060086437512
14.51,0.323753536062222,0.0575296519361153,-0.05002195101983,0.0133602721855039
14.52,0.342355649313577,0.0572295159582735,-0.0501114320077695,0.0124323602857137
14.53,0.360625570801925,0.056906704956372,-0.0507835414254832,0.0115286785020121
14.54,0.378594176054648,0.0565501940542341,-0.0520443476830021,0.0106556088035983
14.55,0.396225599292753,0.0561624941866717,-0.0538899902898534,0.00981897149834508
14.56,0.413575651532621,0.055731469398486,-0.0563023595168849,0.00902405291743072
14.57,0.430581537739823,0.0552608031374748,-0.0592615777047328,0.0082758090642425
14.58,0.447319002424393,0.0547379261694886,-0.0627281281504904,0.00757826208199557
14.59,0.463703413724611,0.0541678480902836,-0.0666564688501281,0.00693474099274759
14.6,0.479826182907441,0.0535382726915243,-0.0709926684476265,0.00634781630524893
14.61,0.495585526451128,0.0528556292925108,-0.0756784661329191,0.00581926488503689
14.62,0.511085059261998,0.0521083321334923,-0.0806569691998975,0.00535032808379939
14.63,0.526210387978864,0.0513041298688737,-0.0858685266936712,0.00494156498527108
14.64,0.541074657303989,0.0504323949713704,-0.0912512805261356,0.00459287128469
14.65,0.555554909562071,0.0495021106960575,-0.0967442013635764,0.00430358416213592
14.66,0.56977142576849,0.0485037969810413,-0.102288363510163,0.00407251114252474
14.67,0.583595890053525,0.0474474800953649,-0.107827446374925,0.00389795365698224
14.68,0.597153023579697,0.0463248544737131,-0.113308416738827,0.00377776601253986
14.69,0.610311648599332,0.0451467715767392,-0.118678246167622,0.00370963536903433
14.7,0.623198870096122,0.0439061291127544,-0.12388695830927,0.0036909955124113
14.71,0.635682906523563,0.0426144325754971,-0.128890945103288,0.00371869447429035
14.72,0.647890993721123,0.0412656716336438,-0.133653245714039,0.00378933396401082
14.73,0.659755631020419,0.0398674504461273,-0.138147141542429,0.003899350656362
14.74,0.671210885659308,0.0384271928750683,-0.142346770104563,0.00404497980990104
14.75,0.682380811870004,0.036940138496345,-0.146231416324216,0.00422241233055803
14.76,0.69313705848222,0.0354180108640828,-0.149788949378331,0.00442794017194107
14.77,0.703600318499698,0.0338566264292432,-0.153012625065429,0.00465798440172516
14.78,0.713645564746491,0.0322673566691592,-0.155895618957335,0.00490881257087711
14.79,0.7233894308955,0.0306464945678739,-0.158435593100807,0.00517682826352017
14.8,0.732711042952706,0.0290049327940047,-0.160636842350737,0.00545877142209254
14.81,0.7417226392005,0.0273392835797787,-0.162502539027761,0.00575135392272918
14.82,0.750308240873304,0.0256598374102652,-0.16404270855207,0.00605153614270586
14.83,0.758575446967878,0.023963385096554,-0.165272789382067,0.0063566884112587
14.84,0.76641367768292,0.0222594605288343,-0.166202671080945,0.00666410867236297
14.85,0.773925790315651,0.0205450209607006,-0.166843604043139,0.00697119403155677
14.86,0.781007041161642,0.0188288733051347,-0.167214735235558,0.00727580568614905
14.87,0.787755528968047,0.0171080335642028,-0.167331212918417,0.00757585913653562
14.88,0.794072548276844,0.0153905462076452,-0.16720601613084,0.00786929483448039
14.89,0.800051206280802,0.0136735481408512,-0.166854347496009,0.00815428267663571
14.9,0.805598833730009,0.0119643374047114,-0.166295983987191,0.00842934396935385
14.91,0.81080348390727,0.0102600707812468,-0.165546657867766,0.00869303300978384
14.92,0.81557841617901,0.00856730991273008,-0.164622056177548,0.00894404527475734
14.93,0.820006477480463,0.00688327208475875,-0.163537209845334,0.00918128307105406
14.94,0.824006677201043,0.00521381282161843,-0.162310849618422,0.0094038148172124
14.95,0.827656654991465,0.00355613081503503,-0.160963654258718,0.00961098673244922
14.96,0.830881002516842,0.00191531346141385,-0.15951480892857,0.00980231378196207
14.97,0.833752213716151,0.000288516636169046,-0.157981257047129,0.00997741455539173
14.98,0.836200218177529,-0.00131986112593661,-0.156378532056245,0.0101360213852636
14.99,0.838292459873331,-0.00291265038752312,-0.15472059967447,0.0102780622239206
15,0.839994557459622,-0.00448769731351369,-0.15304757918683,0.0104025838794297
15.01,0.841277719417658,-0.00604909314205406,-0.152625283859308,0.0105261956871047
15.02,0.84220772508743,-0.00761174602217313,-0.152946114792035,0.0106754740940607
15.03,0.842732520601503,-0.00917843321323411,-0.153845809220839,0.0108496644698804
15.04,0.842911631681238,-0.0107575568603514,-0.155296847235177,0.0110488769311904
15.05,0.842694501124356,-0.0123515296444137,-0.157182880923345,0.0112742463005846
15.06,0.842133852735682,-0.0139663574896654,-0.15937448490479,0.0115250461194503
15.07,0.841181145584384,-0.0156023839161477,-0.161801155182183,0.0117999526848558
15.08,0.839882896263626,-0.0172638781256354,-0.164415684016464,0.0120985212714209
15.09,0.838193194360905,-0.018950409199034,-0.167170697183371,0.0124204529816591
15.1,0.836153597500976,-0.0206651077887872,-0.170028016305364,0.0127655366063149
15.11,0.833721317298531,-0.0224070237484294,-0.172960410193805,0.0131337092689285
15.12,0.830933669610346,-0.0241784979139054,-0.175942413982442,0.0135247578132273
15.13,0.827751117523919,-0.0259782695199723,-0.178942752752048,0.0139387090052574
15.14,0.824207242236628,-0.0278077609293434,-0.181921024626869,0.0143745907234057
15.15,0.820264872843586,-0.0296657659352844,-0.184961776104056,0.0148271483530822
15.16,0.815952171423952,-0.0315544668408601,-0.18808649102339,0.0152949860242977
15.17,0.811234275512982,-0.0334730032650672,-0.191186721290492,0.015782515023282
15.18,0.806138909382055,-0.0354209181962751,-0.193989086139024,0.0163004261126086
15.19,0.800640895009199,-0.0373920324075879,-0.19607941496641,0.016862621994632
15.2,0.794776350692826,-0.0393770018243582,-0.196834764501774,0.0174903279065262
15.21,0.788539927083853,-0.0413574666926784,-0.195511128534718,0.0182043306865959
15.22,0.781984798120476,-0.0433095865608049,-0.191393613748534,0.0190128911124036
15.23,0.775127535704298,-0.0452003894463715,-0.183712005958439,0.0199219086139099
15.24,0.76803768643008,-0.0469892056380208,-0.170665495011896,0.0209055705654966
15.25,0.760727496384451,-0.0485915443516106,-0.147988991378791,0.0217802862163477
15.26,0.753238585928374,-0.0499381717310535,-0.120919852031142,0.0225055339916266
15.27,0.74560070147129,-0.051002108226342,-0.0916225936267624,0.0231099528254485
15.28,0.737851921876455,-0.0517568595070679,-0.0596307103714153,0.0235662632526823
15.29,0.730048892353354,-0.0521804080053402,-0.0257885018735747,0.0238283322966279
15.3,0.722210357477024,-0.0522580907796677,0.0091569413218789,0.0238575891653703
15.31,0.714378152230722,-0.0519833684084093,0.0444525178736882,0.023626587295967
15.32,0.706561623998756,-0.0513564593555657,0.0793755477435242,0.0231192062173951
15.33,0.698791865740542,-0.0503851917838304,0.113239403381787,0.0223296080612838
15.34,0.691072575277595,-0.0490835905261241,0.145381223266326,0.0212613398378866
15.35,0.683427733878627,-0.0474729221166867,0.175089448089179,0.0199283877253632
15.36,0.675858621338474,-0.0455818290342497,0.201547246994781,0.0183544565280093
15.37,0.668384733589734,-0.0434472781083509,0.223985212706972,0.0165694704712485
15.38,0.661004717208783,-0.0411131656363348,0.241735833343302,0.0146071472638104
15.39,0.653731172365154,-0.0386294056577473,0.254291712895631,0.0125041782591407
15.4,0.646556857500309,-0.0360496516645045,0.261372434723958,0.0103002705939047
15.41,0.639485489388621,-0.0334292523940594,0.262904472328749,0.00803650883659586
15.42,0.632503244817521,-0.0308232244723669,0.259007598251366,0.00575547790827624
15.43,0.625606117117057,-0.0282843254524623,0.249980485839153,0.00350073334477364
15.44,0.6187763239218,-0.0258616126801373,0.236261309979177,0.00131613065048554
15.45,0.612006010514815,-0.0235990345326454,0.218394431671963,-0.000756725623156014
15.46,0.605276992611351,-0.02153475938862,0.197014634983694,-0.002679250282314
15.47,0.598580870763337,-0.0197000277640871,0.172814959989318,-0.00441689562398398
15.48,0.591901848429305,-0.0181192955846076,0.146499154388282,-0.00594127805956221
15.49,0.585232792645426,-0.016809890859898,0.11873374752734,-0.00723198072427383
15.5,0.578560059146676,-0.015783017965831,0.0901419814971354,-0.0082769481470514
15.51,0.571876584601348,-0.0150434348523945,0.0613333945707567,-0.00907006013467847
15.52,0.565169955865255,-0.0145902592600525,0.0328872157509487,-0.00961097600443462
15.53,0.558433237260491,-0.0144167863191708,0.00532720585877703,-0.00990512646405472
15.54,0.551656171617703,-0.0145114462722802,-0.0208400983423513,-0.00996218267032741
15.55,0.544829743528016,-0.0148578075581178,-0.0451395240132213,-0.00979539138043507
15.56,0.537948641893822,-0.0154344608944476,-0.067119185422719,-0.00942045475049864
15.57,0.531006254369071,-0.0162161099655411,-0.0863557178184378,-0.00885496451279174
15.58,0.524001419612693,-0.017172876532939,-0.102454749644782,-0.00811759359880327
15.59,0.516933892980241,-0.0182718326870918,-0.115098558277055,-0.00722925621658592
15.6,0.509808984036416,-0.0194767143325722,-0.124032797868216,-0.00621297603647389
15.61,0.502633814184739,-0.0207497736625054,-0.129105481185288,-0.00509494763461477
15.62,0.495419923396666,-0.0220517993755651,-0.130273696243752,-0.0039037862632954
15.63,0.488180385720231,-0.0233443552865894,-0.127614203745589,-0.00267017014931073
15.64,0.480930896722224,-0.0245897958742661,-0.121303815104835,-0.00142583532352381
15.65,0.473687943622943,-0.0257532712800054,-0.111604883414282,-0.000202327426037367
15.66,0.466468969351174,-0.0268024338055041,-0.0988571817811098,0.000969858501299493
15.67,0.459291624983463,-0.0277092179507997,-0.0834589907543789,0.00206255715616381
15.68,0.452173165720207,-0.0284494327731563,-0.0658906362160378,0.0030500064001552
15.69,0.445130497866563,-0.0290044557388081,-0.0466614984549112,0.00391034774902225
15.7,0.438179087573975,-0.02936032996144,-0.0263092619619301,0.00462603745847822
15.71,0.431333769392074,-0.029509051142012,-0.00536033791261017,0.0051835871612041
15.72,0.424607106826276,-0.0294471330607034,0.0156826786584042,0.00557453407360902
15.73,0.418011093702168,-0.0291766449304823,0.036331382912933,0.00579500662039353
15.74,0.411555095742134,-0.0287037419740329,0.0561363417530577,0.00584602206600368
15.75,0.405248198295498,-0.0280394723617402,0.0746835224763125,0.00573304240440769
15.76,0.399096632035235,-0.0271982156159757,0.0915984977257323,0.00546470198455018
15.77,0.39310622802882,-0.0261984598239031,0.106547364530389,0.00505271181683279
15.78,0.387279461842258,-0.0250612120799423,0.119240121566619,0.00451102684177013
15.79,0.381618166399207,-0.0238106796141178,0.129439995957694,0.00385584830612056
15.8,0.376120455505555,-0.0224725332214037,0.13696968419007,0.00310533043245379
15.81,0.370783446935906,-0.0210742789110996,0.141719991489624,0.00227918473503637
15.82,0.365602247004244,-0.0196441352696388,0.143650958061569,0.00139859342112667
15.83,0.360568866559364,-0.0182099089143997,0.14279174789018,0.000485477157584005
15.84,0.355675433501881,-0.0167993054456405,0.139240030479715,-0.000437820211293066
15.85,0.350911085819904,-0.0154381598708988,0.133151087735986,-0.00134924621311311
15.86,0.346265701750617,-0.0141510028324508,0.124737817336556,-0.00222755020706885
15.87,0.341726764102223,-0.012959419860853,0.114256604358837,-0.00305247338652582
15.88,0.337283223565718,-0.0118827743122918,0.102005117369847,-0.00380549116427848
15.89,0.332922231223979,-0.0109366121680656,0.0883318748283469,-0.00447039651869747
15.9,0.328632979113969,-0.0101333674187418,0.0736143483822749,-0.00503348460842771
15.91,0.324403482349277,-0.00948111034654956,0.0582319566858151,-0.00548387608057528
15.92,0.320224259672694,-0.00898473732437042,0.0425535840157565,-0.00581409406878249
15.93,0.316084922332772,-0.00864491810153525,0.0269434660068124,-0.00602011631472362
15.94,0.31197770076272,-0.00845935700944168,0.0117402825506927,-0.00610116623318824
15.95,0.307894064758344,-0.00842198122630316,-0.00274338373072524,-0.0060596565240101
15.96,0.303828160592706,-0.0085242003724536,-0.0162078995305743,-0.00590065526506309
15.97,0.299773650126905,-0.00875406687146685,-0.028388044159249,-0.00563139876369635
15.98,0.295727058792252,-0.00909774048829321,-0.0390607160339169,-0.00526177992531798
15.99,0.291684558748081,-0.00953880229760896,-0.048033582834437,-0.00480304145293059
16,0.287645412052228,-0.01005963147434,-0.0551517308686948,-0.00426758859984516
16.01,0.283608826793525,-0.0106407847428012,-0.0603069441288718,-0.00366942804000983
16.02,0.279577008360649,-0.011262497640334,-0.0634334872666713,-0.00302335283294474
16.03,0.27555209994288,-0.0119040915797101,-0.0645151024727349,-0.00234493567545799
16.04,0.271538983915407,-0.0125455220234123,-0.0635853247414266,-0.00165033087167324
16.05,0.267542159121408,-0.0131668341932156,-0.0607277526037131,-0.000955900565079551
16.06,0.263568352462755,-0.0137496886469241,-0.0560721437882801,-0.000277732555429995
16.07,0.259623507461074,-0.0142767438828149,-0.049787248984842,0.000368784039081879
16.08,0.255714954106033,-0.0147329459691707,-0.0420794056123314,0.000969365311911318
16.09,0.251850127043781,-0.015105452818312,-0.033182263192902,0.00151114890349576
16.1,0.248035438840089,-0.0153835136882069,-0.0233509902778653,0.00198301371116425
16.11,0.244278279467396,-0.0155595464831807,-0.0128643298028861,0.00237582978121017
16.12,0.240584363802327,-0.0156283155020409,-0.00200555530312874,0.00268272961486194
16.13,0.236960009698118,-0.015587878677527,0.00894751054055136,0.00289935456124569
16.14,0.233409736531822,-0.015438551110495,0.0197225648143711,0.00302379379755983
16.15,0.229938413203874,-0.0151837906703583,0.0300624780315916,0.00305640783421795
16.16,0.226548993278097,-0.0148290175795526,0.0397319522774772,0.00299981758563258
16.17,0.223244582667922,-0.0143823629056581,0.0485187210419684,0.00285866055142687
16.18,0.220026332668509,-0.0138534799449793,0.0562333620708474,0.00263948001345363
16.19,0.21689540328528,-0.0132542098118034,0.0627213039118524,0.00235038311205541
16.2,0.213851021239426,-0.012597265241894,0.0678631003709574,0.00200093693766657
16.21,0.210892386261619,-0.0118968472669355,0.0715733966439085,0.00160179409116329
16.22,0.208016883404786,-0.0111673243573434,0.0738047267173916,0.00116438945381049
16.23,0.205221884674488,-0.0104238058079109,0.0745479105266316,0.000700663239129676
16.24,0.202503166837449,-0.00968081237224961,0.0738308053916593,0.000222900784944605
16.25,0.199856645820788,-0.00895287740850294,0.0717134331773085,-0.000256788459614136
16.26,0.197276901000269,-0.00825329243299482,0.0682872747522105,-0.000726613563760654
16.27,0.194758842389572,-0.0075947335168934,0.0636734444031634,-0.0011753518217996
16.28,0.192296371038257,-0.00698806416837529,0.0580175796116217,-0.00159269270391351
16.29,0.189883914899104,-0.00644305189706677,0.0514820578591188,-0.00196956984619205
16.3,0.18751512267637,-0.00596728206499431,0.044249636093367,-0.00229829390852966
16.31,0.185184393806699,-0.005566840239485,0.0365231089502465,-0.00257226247223417
16.32,0.182885753096572,-0.00524535591937242,0.0284981572598103,-0.00278664250877979
16.33,0.180614157067639,-0.00500498162362446,0.0203674159403947,-0.00293814189916551
16.34,0.178364421547871,-0.00484549853500059,0.0123202458864865,-0.00302505362774461
16.35,0.176132313389664,-0.00476519677446961,0.00453471072254998,-0.00304725051645448
16.36,0.17391416089291,-0.00476064242967356,-0.00282211093167872,-0.00300615182746239
16.37,0.17170653716372,-0.00482647928409059,-0.00959960948151168,-0.00290467010006971
16.38,0.169507161851984,-0.00495639606191428,-0.0156652963492213,-0.00274697132342571
16.39,0.167313985411383,-0.00514240403679583,-0.0209047650082721,-0.00253830739510758
16.4,0.165126132210133,-0.00537594718914653,-0.0252279259185046,-0.00228495888877721
16.41,0.162943005132322,-0.00564725185294443,-0.0285672402155906,-0.00199393779206867
16.42,0.160765147103536,-0.00594643906911592,-0.03087931866643,-0.0016729168782189
16.43,0.158593356404742,-0.00626289790677938,-0.0321459884987865,-0.0013300515001689
16.44,0.156429438082037,-0.00658640029028865,-0.0323722219609658,-0.000973748170307423
16.45,0.15427536386407,-0.00690646492310823,-0.0315871828086844,-0.00061250008382443
16.46,0.152133936920853,-0.00721346573787313,-0.0298432264739631,-0.000254645379595599
16.47,0.150007996048933,-0.00749798354273653,-0.0272138759873681,9.17696126761181e-05
16.48,0.147900989220263,-0.00775187274440056,-0.0237906354086289,0.000419175161431749
16.49,0.145816216915783,-0.00796755387311602,-0.0196809757269093,0.000720606853315862
16.5,0.143757345541449,-0.00813903647974566,-0.0150053352262008,0.000989917478295118
16.51,0.141727742042807,-0.00826113985185317,-0.00989254272384928,0.00122202082848639
16.52,0.139730934124032,-0.00833049555776191,-0.00448651154604784,0.00141260361795769
16.53,0.137769936843458,-0.00834473000079591,0.00107258886529777,0.00155861527320444
16.54,0.135847735474943,-0.00830328913700249,0.00664674359632401,0.00165815375859546
16.55,0.133966704847595,-0.00820655537870655,0.0121002296446549,0.00171042830497798
16.56,0.132129027498747,-0.00805666790152792,0.0173042947705729,0.00171580362665837
16.57,0.130336195300572,-0.00785656646413474,0.0221401590774469,0.00167575525177904
16.58,0.128589441953904,-0.00761072138915228,0.0265080465982839,0.00159301532922107
16.59,0.126889377671647,-0.00732407255342068,0.0303200258734753,0.00147111099911514
16.6,0.125236236242895,-0.00700286339982638,0.0334943114665877,0.00131398882478805
16.61,0.123629503217993,-0.00665361312929978,0.035968747356539,0.00112653263466112
16.62,0.122068292747416,-0.00628367024954994,0.0377023700076565,0.000914280619004062
16.63,0.120551244339209,-0.00590068455157556,0.0386734637069256,0.000683236089788483
16.64,0.119076454366587,-0.00551209618033508,0.0388795067976148,0.000439670950299739
16.65,0.117641797586128,-0.00512569938782251,0.0383360779671724,0.000189911657490835
16.66,0.116244667521705,-0.00474860319781118,0.0370769323374306,-5.97346410715441e-05
16.67,0.114882354837949,-0.00438791549212862,0.0351521746144491,-0.000303123218450871
16.68,0.113551814023579,-0.00404974044569313,0.0326249842399857,-0.000534501365395715
16.69,0.112250008069138,-0.00373990876656212,0.029571505660036,-0.000748566650198396
16.7,0.110973716926754,-0.00346299976396206,0.0260781743836734,-0.000940581058818756
16.71,0.109719848275438,-0.00322311173019707,0.0222400548907364,-0.00110658050645856
16.72,0.108485256876046,-0.00302292027988442,0.0181589733646812,-0.00124326683987462
16.73,0.107267066083587,-0.00286450394838467,0.0139376495036655,-0.00134816354346542
16.74,0.10606249313461,-0.00274848943726946,0.00967800082244634,-0.0014196061407595
16.75,0.104869121435449,-0.00267492635869781,0.00547891438902125,-0.00145682622421319
16.76,0.103684712230091,-0.00264247511917346,0.00143396491744573,-0.00145991109385807
16.77,0.102507443822109,-0.00264932671366649,-0.00237048588333906,-0.00142975967116576
16.78,0.101335727680496,-0.00269242509242204,-0.00585595541852492,-0.00136803493804311
16.79,0.100168430865507,-0.00276839737822299,-0.00895206607727618,-0.00127703572392249
16.8,0.0990047038889745,-0.00287280856091567,-0.011600900264818,-0.00115967895272968
16.81,0.0978441673104786,-0.00300113532412088,-0.0137565609105001,-0.00101940188767345
16.82,0.0966867215607206,-0.00314804371594718,-0.0153864185106288,-0.00086008690923493
16.83,0.0955327039716583,-0.00330836573217608,-0.016470067868449,-0.000685927269235342
16.84,0.0943827103761397,-0.0034763726161803,-0.0169999152066039,-0.000501290657635039
16.85,0.093237727374758,-0.00364676348613027,-0.0169821343773175,-0.00031070910297993
16.86,0.0920989244213342,-0.00381394331701994,-0.0164358502895024,-0.000118730882509603
16.87,0.0909677721774198,-0.00397299898562203,-0.0153915509012854,7.02285759636044e-05
16.88,0.0898458527006643,-0.0041189539569491,-0.0138902572038017,0.000251969193167985
16.89,0.0887349345033872,-0.00424761853508525,-0.0119829850989681,0.000422533390920158
16.9,0.0876368538120094,-0.00435535777990584,-0.00972886205456211,0.000578334714149653
16.91,0.0865534187069681,-0.00443884205515608,-0.007192153830273,0.000716282807498577
16.92,0.0854864961607884,-0.00449583814739775,-0.00444343921397898,0.000833801331411474
16.93,0.0844378106221964,-0.0045244267476358,-0.00155799342515604,0.000928817004354818
16.94,0.0834090266309193,-0.00452386116901162,0.00139062814051554,0.000999883693392939
16.95,0.0824015865904233,-0.00449369128071558,0.00433067066111636,0.00104618070917584
16.96,0.0814168036403249,-0.00443460771351046,0.00719115237803612,0.00106743971652581
16.97,0.0804556887679322,-0.00434756822296558,0.00990464956967642,0.00106398141099071
16.98,0.0795190609063781,-0.00423460054366085,0.0124093249740655,0.00103671195161588
16.99,0.0786074026461812,-0.00409788728593999,0.0146505577343613,0.000987086433458655
17,0.0777209855327641,-0.00394053858228505,0.0165817129795041,0.000917058295919828
17.01,0.0768390765364479,-0.00377747275184356,0.0160513079434742,0.000699987666036653
17.02,0.0759359637542065,-0.00362068449534879,0.0153574064774502,0.000470793371805591
17.03,0.0750107024466526,-0.003471691197484,0.0144879936367134,0.000246526653900749
17.04,0.0740626861637406,-0.00333245836589409,0.0134459505436714,3.04726176411496e-05
17.05,0.0730917567483669,-0.00320441865328859,0.0122472406343158,-0.000173920370143889
17.06,0.0720983323418203,-0.00308922162987994,0.0109161668068544,-0.000363477561480014
17.07,0.0710832566085475,-0.00298783665483544,0.00947854332740927,-0.000535451009156588
17.08,0.0700478393618607,-0.00290138912463681,0.00796286771960644,-0.000687651820726746
17.09,0.0689936793588988,-0.00283027257086681,0.0064012548764052,-0.000818345148464498
17.1,0.0679227472729522,-0.00277496707421348,0.00482924338478004,-0.000926230452010666
17.11,0.0668372476668218,-0.00273516527027832,0.003282033955333,-0.00101048770574508
17.12,0.0657396671237098,-0.00271065393596559,0.00179233020339967,-0.00107089211778579
17.13,0.0646326096149288,-0.00270045728753713,0.000394355187318734,-0.00110766284294013
17.14,0.0635188878523376,-0.00270368067705833,-0.000877620503900505,-0.00112143641056897
17.15,0.0624013645668509,-0.00271869071400568,-0.001995446832388,-0.00111339325970046
17.16,0.0612829921425213,-0.00274391615595583,-0.00293472530192944,-0.00108512597929876
17.17,0.0601667261103351,-0.00277756016452441,-0.00367486493397638,-0.00103860270423787
17.18,0.0590554407773443,-0.00281732983614002,-0.00420038600773214,-0.000976107631088404
17.19,0.0579519871263905,-0.00286123265482588,-0.00450165243573144,-0.000900190365284303
17.2,0.056859040100278,-0.00290679012607878,-0.00457520371872272,-0.000813598396960344
17.21,0.0557791763220212,-0.00295194561407752,-0.00442347312423825,-0.000719191136621257
17.22,0.0547147226623004,-0.0029942743680824,-0.00405461984707191,-0.000619869707853206
17.23,0.0536678516781706,-0.00303188734107373,-0.00348211160354869,-0.0005185025337061
17.24,0.0526404410398094,-0.00306263427651079,-0.00272464864493121,-0.000417848883376777
17.25,0.0516341821576631,-0.00308500115379049,-0.00180510441598862,-0.000320488325042971
17.26,0.0506504555254192,-0.00309729536154742,-0.000747935414446117,-0.000228747461215471
17.27,0.0496908852801443,-0.00309813191730979,0.000493819727349155,-0.000142012952566304
17.28,0.048756963747449,-0.0030858786393734,0.00182212857241479,-6.52739707553877e-05
17.29,0.0478492319651185,-0.00306021874162456,0.00318752109600447,-9.30983941478e-07
17.3,0.0469678897958694,-0.00302075416814861,0.00455589246672398,5.01147951009388e-05
17.31,0.0461129899387398,-0.00296786509300614,0.00589043502573255,8.73027742547355e-05
17.32,0.045284285205172,-0.00290189207413294,0.00715290103069547,0.000110351138735814
17.33,0.0444813656984149,-0.00282394885237378,0.00831131282198203,0.000119478828173021
17.34,0.0437035762315183,-0.00273501652018967,0.00933847861426582,0.000115296362012419
17.35,0.0429501601354811,-0.00263675003452078,0.0102113831588188,9.87292592011665e-05
17.36,0.0422201555951638,-0.00253058674549288,0.0109111874050126,7.09679996919727e-05
17.37,0.0415125342734814,-0.0024185519021106,0.0114237145078965,3.34258911129383e-05
17.38,0.0408260964263452,-0.00230236256960249,0.0117393831728034,-1.23114977146134e-05
17.39,0.0401596111762892,-0.00218422771335895,0.011853922353455,-6.45217089709635e-05
17.4,0.0395117156185929,-0.00206594544961817,0.0117681766135111,-0.000121394217788344
17.41,0.0388810593245541,-0.00194970474359011,0.011487618676707,-0.000181083355445041
17.42,0.0382661986263653,-0.00183719061922264,0.0110221067279989,-0.000241766446071209
17.43,0.0376657240550369,-0.00173028307845179,0.0103861068327451,-0.000301674967014444
17.44,0.0370782340752633,-0.00163069406039578,0.00959811704435355,-0.000359133115871662
17.45,0.0365023131036271,-0.0015396158622405,0.00867954375956333,-0.000412596878573579
17.46,0.0359366559368279,-0.00145843652783366,0.00765433027220231,-0.000460687661991183
17.47,0.0353799680086375,-0.00138786969958317,0.00654827235254593,-0.00050221479477177
17.48,0.0348311050039527,-0.00132878788991412,0.00538842484902201,-0.000536195248180293
17.49,0.0342889598852096,-0.00128136497573785,0.00420241537710237,-0.000561870447724345
17.5,0.0337526065425759,-0.00124592323690012,0.00301774483900749,-0.00057871492748693
17.51,0.0332211820809594,-0.00122208870103891,0.00186123942275793,-0.000586441902082162
17.52,0.0326940250885741,-0.00120965030339439,0.000758409668159281,-0.000585001314371449
17.53,0.0321705525815066,-0.00120772680709179,-0.000266891580737437,-0.000574565185794881
17.54,0.0316504015032368,-0.00121563291372148,-0.00119306546630797,-0.000555499091906893
17.55,0.0311332937808473,-0.00123206637978783,-0.00200255109891697,-0.000528410349635854
17.56,0.0306191602312449,-0.00125598651611019,-0.00268009491943311,-0.00049406622392815
17.57,0.0301080091372459,-0.00128579278137699,-0.00321371819016819,-0.000453392468096593
17.58,0.0296000448498095,-0.00132020979767891,-0.00359520448426216,-0.00040745710966448
17.59,0.0290955251144904,-0.00135747784891853,-0.00382041343079525,-0.000357438473642206
17.6,0.0285948731347911,-0.00139624152361855,-0.00388900428067158,-0.000304595160632123
17.61,0.0280985271851684,-0.0014347406644782,-0.00380494546942985,-0.000250255702760399
17.62,0.0276070476614727,-0.00147169450025299,-0.00357460078477456,-0.000195730173408322
17.63,0.0271209788140379,-0.00150547962934836,-0.00320803948917926,-0.000142304273073706
17.64,0.0266409545136366,-0.00153501828132771,-0.00271878970209871,-9.12169240692026e-05
17.65,0.0261675509793005,-0.00155895806187012,-0.00212300204144479,-4.36111058343095e-05
17.66,0.0257014008265859,-0.00157654440939718,-0.00143882660660893,-5.05223957669801e-07
17.67,0.025243048316888,-0.00158678920318888,-0.000686168244729944,3.72191772926327e-05
17.68,0.0247930624943429,-0.00158933349786151,0.000114271017104202,6.88324966635877e-05
17.69,0.0243518931355844,-0.00158360345502608,0.000941271749127855,9.37734227581278e-05
17.7,0.023919974034758,-0.00156955708626867,0.00177353681020182,0.000111660078075842
17.71,0.0234976636803648,-0.00154736333046372,0.00259009484283284,0.000122296719181949
17.72,0.0230851926462794,-0.00151707900291426,0.00337081580229412,0.00012567431267178
17.73,0.0226827691669271,-0.00147937889229283,0.00409693739913087,0.000121966351971719
17.74,0.0222904522404264,-0.00143469203323481,0.00475148468502138,0.00011151785339605
17.75,0.0219082777298318,-0.00138402929703532,0.00531967798599668,9.48325657409003e-05
17.76,0.0215361265265788,-0.00132811121017077,0.00578939104200897,7.25640636414627e-05
17.77,0.0211738631729546,-0.00126819027165819,0.00615085377725351,4.54777226817923e-05
17.78,0.0208212040639459,-0.00120517683050599,0.00639732289048645,1.44399601646574e-05
17.79,0.0204778595935196,-0.00114045498146846,0.00652521702096731,-1.96065695633198e-05
17.8,0.0201434072365068,-0.00107500489225491,0.00653381477478812,-5.56748356041161e-05
17.81,0.0198174345940494,-0.00101022097874615,0.00642551127326915,-9.27523815601908e-05
17.82,0.0194994178815886,-0.000947034033894395,0.00620542628935679,-0.000129824506452133
17.83,0.0191888666278679,-0.000886734572691197,0.00588109851907571,-0.000165907127248378
17.84,0.0188852001424458,-0.000830100605119747,0.00546230626640154,-0.00020007761116613
17.85,0.0185878846767764,-0.000778226764148106,0.00496078499795346,-0.000231506632438422
17.86,0.0182963150981763,-0.000731650811773818,0.00439079764943608,-0.000259434033982812
17.87,0.0180099582869762,-0.00069118792337157,0.00376726320713331,-0.000283229144950149
17.88,0.0177282268029995,-0.000657075610330182,0.0031059528799405,-0.000302391543326182
17.89,0.0174506204732374,-0.000629813227478365,0.00242341140282167,-0.00031654215864159
17.9,0.0171766077474622,-0.000609308989086392,0.00173628037157624,-0.000325430180042042
17.91,0.0169057665022283,-0.000595731539529373,0.0010607645921886,-0.000328938984138926
17.92,0.0166376623686997,-0.000588666042597001,0.000412454961458099,-0.000327079298172521
17.93,0.0163719884289399,-0.000587971680361609,-0.000194117800488731,-0.000319989881835859
17.94,0.0161084385516332,-0.000592945567093741,-0.000745873754536934,-0.000307933964870534
17.95,0.0158468425666456,-0.00060318775971262,-0.00123145583258556,-0.000291288799659953
17.96,0.0155870353043639,-0.000617771107214759,-0.00164150977524808,-0.000270531930139999
17.97,0.0153289889056101,-0.000636110581555149,-0.00196870876383076,-0.000246229110037378
17.98,0.0150726769157448,-0.000657135190532424,-0.00220790558676276,-0.000219018941302223
17.99,0.0148181874596158,-0.000680053206600708,-0.00235617445990738,-0.000189594169627576
18,0.0151806725249699,0.00282021847281067,-0.00241294447024914,-0.000158683973072265
18.01,0.015512188512421,0.00509647510313972,-0.00245157425562083,-0.000129296554421474
18.02,0.0160710361853145,0.00737305047498094,-0.00316023372367781,-0.000127895009460305
18.03,0.0168362466682535,0.00959100226911907,-0.00514981594512522,-0.000172762074097914
18.04,0.0177965110509959,0.0118041333328353,-0.0088223049305556,-0.00026731285908257
18.05,0.0190119378066704,0.0139553224212321,-0.0144347557874585,-0.000405965737828287
18.06,0.0205753269084923,0.0161578610491893,-0.0221111316495159,-0.000576401063058764
18.07,0.022596476989742,0.018324808904604,-0.0318382679737606,-0.000761078935534887
18.08,0.0251916775967995,0.0205902486123134,-0.0434865171856382,-0.000939660527292062
18.09,0.0284848041832024,0.0228258079901234,-0.0568153610290552,-0.0010902439027562
18.1,0.0325742244059875,0.025178767787676,-0.0715390137813582,-0.00119255710717568
18.11,0.0375654119469822,0.0274745576320581,-0.0873699312321789,-0.00123011170537428
18.12,0.0435001081458104,0.0298732703217713,-0.104027142835794,-0.0011903906056203
18.13,0.0504659582112588,0.0321610038269658,-0.121237203392743,-0.00106416009580026
18.14,0.0584392787413943,0.0345200714302572,-0.13867838631073,-0.000842831466681803
18.15,0.0675204380498329,0.0367094178477562,-0.155930844480695,-0.000516860392693836
18.16,0.0776224788973963,0.0389441394128949,-0.172520095454316,-7.72112807742967e-05
18.17,0.0888918014331885,0.0409648993332844,-0.188126840721128,0.000476078232159753
18.18,0.101168887757586,0.0430214349404318,-0.202523704338693,0.00113768654669162
18.19,0.114669449859385,0.0448359852909394,-0.215516094140855,0.00189987950475096
18.2,0.129144571641568,0.0466904842331379,-0.226956462345946,0.00275320151620856
18.21,0.144899399584574,0.048287347644174,-0.236795241657254,0.00368486024987691
18.22,0.161574008692812,0.0499365120189719,-0.245056466935574,0.00468035934149583
18.23,0.179578599116528,0.0513174911597092,-0.251867847247208,0.0057236707736189
18.24,0.198418991041672,0.0527635388105803,-0.257373107059584,0.00679907118683118
18.25,0.21862708625908,0.0539296619055751,-0.261681646661407,0.00789627512287272
18.26,0.23955716134239,0.0551712647154813,-0.264898613362539,0.00900705266197914
18.27,0.261884241780464,0.0561205642471014,-0.267105678425161,0.0101242353370429
18.28,0.284795741598533,0.0571550083841157,-0.268367651710143,0.011241018798234
18.29,0.308626904246447,0.0580883376560202,-0.268751291650553,0.0123505732269365
18.3,0.333890402307524,0.0587125377757823,-0.268341175538397,0.0134460225446101
18.31,0.359496404863679,0.0594379193515673,-0.267213389710519,0.0145212062191648
18.32,0.386554473621928,0.0598446547834266,-0.26543148094674,0.0155714931352034
18.33,0.413772809045792,0.0603625585171486,-0.263059378400692,0.0165930742273611
18.34,0.442461638491706,0.0605532585062748,-0.260174851033744,0.0175828807023025
18.35,0.471119912311366,0.0608648477557164,-0.256891973488579,0.0185369801400052
18.36,0.500406061238152,0.0610756048960474,-0.253341358691386,0.0194506600073156
18.37,0.531200910061132,0.0609453912087833,-0.24958119487591,0.0203226946883748
18.38,0.561673347932333,0.0609484625365094,-0.245648054708335,0.0211526650061313
18.39,0.593689794047828,0.060602652078666,-0.241572212130599,0.0219401743221243
18.4,0.625190796753357,0.0603978789553063,-0.237388485191751,0.0226851827591587
18.41,0.657120631432708,0.0600916185342771,-0.233122719671922,0.0233876053859227
18.42,0.690663632956031,0.0594261064414427,-0.228802806681618,0.0240475714600169
18.43,0.723406756560685,0.0589135733449712,-0.224448485757189,0.0246651216053481
18.44,0.756477156562659,0.0583004636235037,-0.220071222485799,0.0252400954332363
18.45,0.791248269383264,0.0573199829947987,-0.215679728624328,0.0257724131967853
18.46,0.824944123218505,0.0565038865044446,-0.211284091569383,0.0262620272841379
18.47,0.858878892159996,0.0555889651420547,-0.206893485251622,0.0267089339822539
18.48,0.894616737621362,0.0543007270005236,-0.202515215467023,0.0271131518230077
18.49,0.92901239953124,0.0531870824743479,-0.198153633103076,0.02747467463873
18.5,0.96357049886276,0.0519766628303735,-0.193812757122053,0.0277935277587419
18.51,1.00004752271409,0.0503890001345701,-0.189496217239974,0.0280697919650369
18.52,1.03492554329651,0.0489847482003575,-0.185207850668925,0.0283037038938616
18.53,1.06990074132522,0.0474858466227639,-0.180953128139884,0.0284954236214728
18.54,1.10692186196658,0.0456074499738129,-0.176736158112361,0.0286451643224718
18.55,1.14209744770965,0.0439192948951181,-0.172560305562345,0.028753216341322
18.56,1.17731551769078,0.0421382895758701,-0.168429376107909,0.0288199324949583
18.57,1.21471464573836,0.0399769377564766,-0.164345925591404,0.0288457265335624
18.58,1.25002460517798,0.0380099525690719,-0.160308778416833,0.0288313165365324
18.59,1.28531340428845,0.0359504681336478,-0.156318293365572,0.028777344266255
18.6,1.32054798478676,0.0337977895120351,-0.152378841885047,0.0286843495725159
18.61,1.35808965139166,0.0312621397766023,-0.148496652151507,0.0285529126339504
18.62,1.39313253300795,0.0289186312307414,-0.144677837612064,0.0283836619498502
18.63,1.4279429056228,0.0264756999382211,-0.141492463827505,0.0281684873855138
18.64,1.46495452966614,0.0236050026619596,-0.144578478891568,0.0276553547936357
18.65,1.49883989986209,0.0208381956939447,-0.148781187355367,0.0271011662159216
18.66,1.5319154764168,0.01788068386972,-0.153001613703273,0.0265924251871301
18.67,1.56393373558922,0.0147268493280257,-0.157203445639029,0.0261351366536083
18.68,1.59742413110246,0.0110914130038237,-0.161391052657195,0.0257284036319225
18.69,1.62651669381194,0.00753234811806719,-0.165562468488807,0.0253705766020187
18.7,1.65366778966456,0.00376649544274149,-0.169710167641383,0.025059982885116
18.71,1.68153172960082,-0.00047753126354208,-0.173829939487304,0.0247953190812161
18.72,1.70401169730203,-0.00464733753248117,-0.1779116936463,0.0245750113372418
18.73,1.7237819439818,-0.00901032783103634,-0.18194271136413,0.0243972889397376
18.74,1.74367052830955,-0.0138198669631593,-0.185911806803846,0.0242604047238068
18.75,1.7575325667517,-0.0185331299166123,-0.189809395816155,0.0241626414901261
18.76,1.77130214863757,-0.0236475927240226,-0.191038220266191,0.0240106867063887
18.77,1.77886629781809,-0.0285891871844247,-0.1887250289175,0.0237457634127078
18.78,1.77609825571561,-0.0326656325675475,-0.186600324067031,0.0234603592005024
18.79,1.77073103261284,-0.0367867717139582,-0.184788312356819,0.02316788896462
18.8,1.75994912205207,-0.0407162159029053,-0.183284520350754,0.0228714559131859
18.81,1.74980648185796,-0.0449184335596602,-0.182075521972576,0.0225731025170191
18.82,1.73749092311553,-0.0491485309739003,-0.181148236280457,0.0222745437021622
18.83,1.72037921579246,-0.0531869239329006,-0.180487722941307,0.0219773183084142
18.84,1.70432698122783,-0.0574585428195737,-0.180154538918733,0.0216802874143307
18.85,1.68666044680285,-0.0617398274161245,-0.180504943416271,0.0213698770790856
18.86,1.66753477387306,-0.0660304087511541,-0.181772917530005,0.0210417613601987
18.87,1.64448158012075,-0.0701453058634791,-0.18407523143508,0.0206990664121572
18.88,1.62283592858762,-0.074469310888364,-0.187320792612069,0.0203549075086124
18.89,1.60001078522428,-0.0788118816969384,-0.19133932677082,0.0200235646857822
18.9,1.57362313338321,-0.0830022318844422,-0.195120246876708,0.0197465631606199
18.91,1.54860347307291,-0.0873705851089731,-0.196913104599711,0.0195873606570608
18.92,1.52251607356453,-0.0917044536395648,-0.193962493242927,0.0196307519039161
18.93,1.49543488236411,-0.0959359889388676,-0.183090916466303,0.0199645579613609
18.94,1.465272428352,-0.0998258065294299,-0.162338727466481,0.0205787243289446
18.95,1.43658116836461,-0.10356884760483,-0.131206064476629,0.0213886241016837
18.96,1.40722821516803,-0.106910884418086,-0.0904183717634218,0.0222672739861389
18.97,1.37529897548527,-0.10963354077286,-0.0419814683376885,0.0230585272796289
18.98,1.34496935698569,-0.111944287386832,0.0106422017261408,0.0235852062854984
18.99,1.31418083050525,-0.113709825914425,0.0589591035104207,0.0234976047142877
19,1.28104794601204,-0.114855188568895,0.104474031260098,0.0228997441972684
19.01,1.24933447386279,-0.11564141135677,0.147431882654524,0.0218938616624655
19.02,1.21715671077482,-0.115974770598693,0.187481235506317,0.0205350815973863
19.03,1.18286328526178,-0.115783872830884,0.224315995764464,0.0188767685655364
19.04,1.14991478490076,-0.115310620624413,0.257687425222378,0.0169699042388592
19.05,1.11504286299402,-0.114390241319466,0.287466098778924,0.0148646476022434
19.06,1.08149880503228,-0.113250071902763,0.313601604903549,0.0126070890675311
19.07,1.04770428695746,-0.111829141281549,0.335946440784511,0.010232583740748
19.08,1.01229167520463,-0.110085479070305,0.354334759596136,0.0077674346193372
19.09,0.978185513826305,-0.108224154513357,0.368922061204154,0.0052470211215364
19.1,0.943959810975896,-0.106195923510774,0.380131481894187,0.00269873609677883
19.11,0.908392972312718,-0.103962709278383,0.388324475552073,0.000147192754224683
19.12,0.874089984977535,-0.101695911946848,0.393894019971946,-0.00238974688053052
19.13,0.838611428698107,-0.0992826192570581,0.397374114840014,-0.00490234809985976
19.14,0.804352104779834,-0.096870410007755,0.39918952259849,-0.00738301202816854
19.15,0.769063566820201,-0.0943519015874345,0.399581912025838,-0.00982242860984368
19.16,0.734940129246421,-0.0918565990582152,0.398658856256978,-0.0122114036849057
19.17,0.700891590395599,-0.0893375895208066,0.396512307064312,-0.014541107905274
19.18,0.66601576465191,-0.0867596134740084,0.393256830578282,-0.0168041013397631
19.19,0.632221057764981,-0.0842298942117518,0.389076497641043,-0.0189974042843407
19.2,0.597724553166672,-0.0816649413916414,0.384191902900377,-0.0211219953269323
19.21,0.564250280324732,-0.0791567921965223,0.378716540095055,-0.0231775572044776
19.22,0.530191523503062,-0.0766303433174983,0.372736394768235,-0.0251633441956747
19.23,0.497097176219111,-0.0741653791417708,0.36630049018853,-0.0270780456098707
19.24,0.464195363109286,-0.07172693331014,0.359541938618626,-0.0289223443351048
19.25,0.430879747599167,-0.0692883348116385,0.352596113012751,-0.0307000207515355
19.26,0.398468113807214,-0.0668935617511024,0.350197379094498,-0.0322531027087582
19.27,0.365854806434946,-0.0644303740270814,0.351451097016287,-0.0335994829744177
19.28,0.334209444342648,-0.0619406942804276,0.352733413525014,-0.0349528041785987
19.29,0.302498933608173,-0.0593775865993491,0.353928749957236,-0.0363295572056552
19.3,0.271719721210487,-0.0567848667381172,0.355122117823475,-0.0377302274024337
19.31,0.240979309146626,-0.0541220417478584,0.356435944970214,-0.0391561235559034
19.32,0.211137817891332,-0.0514311387939383,0.354838789890959,-0.0405245342083799
19.33,0.181510047742498,-0.0487581637399279,0.344191407013176,-0.0415281001344571
19.34,0.152868265968139,-0.0461760202997129,0.332441710709012,-0.0423822660857808
19.35,0.124578521652177,-0.0436575683118988,0.321261076283421,-0.0431419144824702
19.36,0.0972388978714589,-0.0412198361294742,0.310736830525539,-0.0438188710290162
19.37,0.0705479885493325,-0.0388445315037577,0.300826418327081,-0.0444177725356628
19.38,0.0443090680926606,-0.0365190235176372,0.291523472071902,-0.0449424084329271
19.39,0.0189576781034893,-0.0342530670563901,0.28282903531168,-0.0453958854935236
19.4,-0.00588769044151949,-0.0320282385216795,0.274724864886096,-0.0457812411051184
19.41,-0.0298856043375801,-0.0298503432384963,0.267171166890546,-0.0461011630993997
19.42,-0.053332546282534,-0.0277062237571758,0.260114938671596,-0.0463578226566638
19.43,-0.0759700531147081,-0.0255989593965977,0.253494764627651,-0.0465529345616516
19.44,-0.0980199499297836,-0.0235205300830591,0.247244523674403,-0.0466877510076132
19.45,-0.119295552586973,-0.0214720968059347,0.241289251116094,-0.0467633346833401
19.46,-0.139952879489796,-0.0194502766268203,0.235589772075669,-0.0467792885027475
19.47,-0.159866191904495,-0.0174543064764712,0.230116879557374,-0.0467350140388803
19.48,-0.179135084194059,-0.0154843237712679,0.224824180059828,-0.0466299680484593
19.49,-0.19768597617963,-0.0135382183100238,0.219646571491342,-0.0464624426972383
19.5,-0.215569231592827,-0.0116195483197564,0.21455466614731,-0.0462314706244374
19.51,-0.232753053805188,-0.00972475184599307,0.20955034946038,-0.0459370091092631
19.52,-0.249246468474467,-0.00785924225270699,0.204648740716512,-0.0455798571879122
19.53,-0.265052574595378,-0.00601749284871055,0.199870718098409,-0.0451615965260323
19.54,-0.280145528872835,-0.00420588052052164,0.195245859239199,-0.0446847066942029
19.55,-0.29455705499532,-0.00241700382596056,0.190787495738057,-0.0441529565474932
19.56,-0.308232924722853,-0.000658011146669766,0.186495554005076,-0.0435707681138909
19.57,-0.321229091662232,0.0010796717008654,0.182380500084451,-0.0429436118497752
19.58,-0.333469840393004,0.00278817833182419,0.178413954128258,-0.042277954501492
19.59,-0.345040258076569,0.00448871698311769,0.177165635314412,-0.0416549448339961
19.6,-0.355874357021289,0.00618692807158443,0.175160825878502,-0.0411347813993118
19.61,-0.366107400715138,0.00786677028586144,0.170902065964242,-0.0407071824512571
19.62,-0.375704306444196,0.00951253726148844,0.166174337743574,-0.040256969476941
19.63,-0.384607173516532,0.0111148453249627,0.161092271284558,-0.0397743680769539
19.64,-0.39292951593942,0.0126785280461339,0.155611961782908,-0.0392588752008202
19.65,-0.400557375893907,0.0141890601918883,0.149695401713268,-0.0387094580147659
19.66,-0.407614474278321,0.0156506286232215,0.143320625522254,-0.0381246257823653
19.67,-0.413984168048831,0.017048309517446,0.136457783184564,-0.0375027145047835
19.68,-0.419797674269373,0.0183855444724955,0.129042609947137,-0.0368423566772025
19.69,-0.42493886522467,0.0196464120104028,0.121003433467757,-0.0361437078861711
19.7,-0.429546010300295,0.0208329312861646,0.112294632907882,-0.0354082349350872
19.71,-0.433507490509003,0.0219283520264197,0.102840951229176,-0.0346364326019194
19.72,-0.436967146918235,0.0229330678682099,0.0925580563087284,-0.0338280682637717
19.73,-0.439818898018559,0.0238290190227272,0.0813574533729401,-0.0329815937166565
19.74,-0.442209923505637,0.0246147894203282,0.0691945555523677,-0.0320944025815201
19.75,-0.444039880924831,0.0252720445534792,0.0561053930093539,-0.0311605450608989
19.76,-0.445455674323284,0.0257999076026167,0.0422143193682015,-0.0301718528321625
19.77,-0.446360151734422,0.0261829744323191,0.0277000439398632,-0.0291190624478123
19.78,-0.446895551926151,0.0264236206875171,0.0127919451000244,-0.0279935642999475
19.79,-0.446966391902899,0.0265116352803796,-0.0022268842026948,-0.0267889917076341
19.8,-0.44670828676202,0.0264545931575964,-0.0170521088847319,-0.0255007280074249
19.81,-0.44602711025816,0.0262488807020667,-0.0313570570652163,-0.024127368610206
19.82,-0.445051098990235,0.025908349504203,-0.0447800079454323,-0.0226721326369815
19.83,-0.443688461096495,0.025436928783476,-0.0569739452714436,-0.0211421589691179
19.84,-0.442060420991954,0.0248549710691003,-0.0676191490118049,-0.0195478892484673
19.85,-0.440078298625258,0.0241731563229259,-0.0764453250543541,-0.0179027396695594
19.86,-0.43785629124641,0.0234167009946763,-0.083257805643113,-0.0162222605457714
19.87,-0.435309033504669,0.0226006733386192,-0.0879132540266206,-0.0145238876699678
19.88,-0.432543612212512,0.0217525857174285,-0.0903488486813876,-0.012826545706793
19.89,-0.429522760712228,0.0208916588913384,-0.0905815493077349,-0.0111500283398681
19.9,-0.426214041208351,0.0200370827196488,-0.0886794456899586,-0.0095138410967113
19.91,-0.422714669988664,0.0192144959415949,-0.084770609859546,-0.00793711086294201
19.92,-0.418949772383702,0.018438098723852,-0.0790452372803962,-0.00643804462516405
19.93,-0.4150106966116,0.0177293964292773,-0.0717349960075703,-0.00503327395465948
19.94,-0.41082774525632,0.0170982902624014,-0.0631105307482482,-0.00373752141989589
19.95,-0.406487076195822,0.0165605527554948,-0.0534671804223099,-0.00256319672895303
19.96,-0.401924663645414,0.0161205109282445,-0.0431238927658673,-0.00152013354086408
19.97,-0.397222175902221,0.0157872553792239,-0.0324119559862219,-0.0006154384848848
19.98,-0.392321716654043,0.0155588485077288,-0.0216649393228795,0.000146594036598313
19.99,-0.387301196135378,0.0154374644243198,-0.0112017645330985,0.000764837613713157
20,-0.38210905942561,0.0154151220445819,-0.00132591639684785,0.00124101461704088
20.01,-0.376819930306187,0.0154876707218733,0.00768148603900387,0.00157956620534782
20.02,-0.371388642009884,0.0156418817398373,0.0155731801798411,0.00178774603467611
20.03,-0.365886797988302,0.0158684244930567,0.0221414338046961,0.00187531039867542
20.04,-0.360275194543661,0.0161502842989315,0.0272277842800226,0.00185441644358902
20.05,-0.354622168031333,0.0164747432875858,0.0307241588694462,0.00173913940286377
20.06,-0.348893612132878,0.0168229493672864,0.0325748877753453,0.00154506155342439
20.07,-0.343154028185245,0.0171808721045145,0.032776760051599,0.00128884107432438
20.08,-0.337373304478274,0.0175298924600567,0.0313771647701037,0.000987714041568619
20.09,-0.33161140129384,0.0178567168717981,0.0284691569367918,0.000658877136251653
20.1,-0.325841093479863,0.0181448515510783,0.0241870105315604,0.000319024782859098
20.11,-0.320117178739534,0.0183834795903404,0.018699049306738,-1.61033554737855e-05
20.12,-0.314414357011626,0.0185596932760901,0.0121998727542876,-0.000332177795367604
20.13,-0.308781844736861,0.0186663672728,0.00490499106068714,-0.000616475513844708
20.14,-0.303195482898236,0.0186951025838599,-0.00295577597643042,-0.000858059018860761
20.15,-0.297698589599865,0.018643145751067,-0.0111498141406133,-0.00104816771979904
20.16,-0.292282403964029,0.0185076148836606,-0.0194478149670062,-0.00118027147640781
20.17,-0.286939861954313,0.0182880587610308,-0.0276276741101193,-0.00125001794664706
20.18,-0.28170551878438,0.0179881957430033,-0.0354783250744551,-0.00125522331562387
20.19,-0.276556066186628,0.0176111448582659,-0.0428056743663632,-0.00119577307036487
20.2,-0.271520487210067,0.0171643164108223,-0.0494373558606643,-0.00107357886514731
20.21,-0.266575549099869,0.0166544010302634,-0.0552241937359824,-0.000892274027024466
20.22,-0.261745049120801,0.0160916176683754,-0.0600428736259397,-0.000657063891788039
20.23,-0.257005865756022,0.0154852228125167,-0.0637995476512354,-0.000374656234770861
20.24,-0.252377188237884,0.0148471664264407,-0.0664268133897522,-5.27865425081137e-05
20.25,-0.247836231667075,0.0141881242276771,-0.0678899718825986,0.000299900771336325
20.26,-0.243398206108087,0.0135205981911612,-0.0681859936639496,0.000674086050416447
20.27,-0.239041017131376,0.0128554288871631,-0.0673378560321139,0.001060168195516
20.28,-0.234776620336781,0.0122045175487562,-0.0653961169340025,0.00144851640364991
20.29,-0.230583969705637,0.0115777706660709,-0.062438648290125,0.00182958990144233
20.3,-0.226472521518809,0.0109854276083678,-0.0585661352791438,0.00219429035380871
20.31,-0.222422740420478,0.0104354489751197,-0.0539013831971535,0.00253407882008799
20.32,-0.218442415481048,0.00993552862302077,-0.048584979894459,0.00284113165911628
20.33,-0.214514079765921,0.00949091288940368,-0.0427669266083241,0.00310864904586161
20.34,-0.210644633002588,0.00910621052427282,-0.0366050199193018,0.00333104606215591
20.35,-0.206819014611525,0.00878358355619007,-0.030263376989743,0.00350391966882851
20.36,-0.203043828904554,0.0085243123856081,-0.0239047760613999,0.00362421557606902
20.37,-0.199306695869547,0.00832738546295872,-0.0176862708251106,0.00369035602907994
20.38,-0.195614309425238,0.00819089651748112,-0.0117559813838566,0.00370221186297535
20.39,-0.191956950983498,0.00811094910760419,-0.00625023300470613,0.00366105747898351
20.4,-0.188341548745712,0.00808288063476584,-0.00128976876727407,0.00356954414278027
20.41,-0.184760867677671,0.00810046044993166,0.00302362416454775,0.00343156246983568
20.42,-0.18122206226592,0.00815695338586359,0.00660628477385808,0.0032519959669622
20.43,-0.177722842938725,0.00824460830532818,0.00939683162767741,0.0030366594362605
20.44,-0.17426236301229,0.00835522901328075,0.01135698979427,0.00279212769449263
20.45,-0.17084789775608,0.00848055461283707,0.0124710617015119,0.00252554842581915
20.46,-0.167477037756482,0.00861204510198228,0.0127465369513277,0.00224434233720197
20.47,-0.164156841294735,0.00874157161901974,0.0122130233140009,0.00195603830646229
20.48,-0.160886085136793,0.00886123322794656,0.0109204614535433,0.00166808848154983
20.49,-0.157671305014224,0.00896389004037013,0.00893942739178878,0.00138774610445223
20.5,-0.154511925619761,0.00904307890602185,0.00635551909105294,0.00112183796197211
20.51,-0.151413585980482,0.00909334391873278,0.00326553405521077,0.000876531857202491
20.52,-0.14837589758568,0.0091101979095661,-0.00022167916237332,0.000657255704520962
20.53,-0.145403345518185,0.00909032492694524,-0.00399141226291509,0.00046845207086324
20.54,-0.142495415326614,0.00903155055489504,-0.00792489573650275,0.000313452438318754
20.55,-0.139655345969765,0.00893291837402252,-0.0119001360751299,0.00019461333165281
20.56,-0.13688226984954,0.00879467269356121,-0.0158015890362533,0.000113120917071571
20.57,-0.134178108702049,0.00861814365351518,-0.0195208613890092,6.9081619132051e-05
20.58,-0.131541527076659,0.00840574179608793,-0.0229589549994668,6.15866921662481e-05
20.59,-0.128973160415497,0.00816074794666251,-0.0260275755877097,8.8803197408172e-05
20.6,-0.126471137936313,0.00788733247857848,-0.0286510540951348,0.000148071888454966
20.61,-0.124034859857572,0.00759025485888364,-0.0307689061181849,0.0002359751496295
20.62,-0.121661925199833,0.00727488969733618,-0.0323359229074363,0.000348489116508821
20.63,-0.119350644628045,0.00694687286608736,-0.0333228989288617,0.000481112118677767
20.64,-0.117098179185922,0.0066121510217334,-0.0337176032056824,0.000628951744712886
20.65,-0.11490197940311,0.00627658231999828,-0.0335241163474746,0.000786895204096654
20.66,-0.112758955063303,0.00594602481555309,-0.0327620653364286,0.000949754093309392
20.67,-0.11066597659062,0.0056259274534911,-0.0314650961481758,0.00111242965138304
20.68,-0.108619902866013,0.00532147134170278,-0.0296799938500742,0.00127006796202497
20.69,-0.106617290151874,0.00503714752531529,-0.0274672107039612,0.00141809357365912
20.7,-0.104654982627032,0.00477690024505355,-0.0248957937456817,0.00155243609358661
20.71,-0.102730059651345,0.00454394802462329,-0.022041706357401,0.00166951883127626
20.72,-0.100839144931927,0.00434060403332275,-0.0189854575039675,0.00176630020029985
20.73,-0.0989799499875712,0.00416852645906963,-0.0158084082494472,0.00184041952965418
20.74,-0.0971494761213556,0.00402839333629958,-0.0125936960895401,0.00189016217057315
20.75,-0.0953461275019523,0.00392021227589489,-0.00942295245547184,0.00191452251112408
20.76,-0.0935674700648157,0.00384303719922378,-0.00637415268729344,0.00191323086701825
20.77,-0.0918126911992001,0.00379532918036921,-0.00351917922235221,0.00188670756330779
20.78,-0.0900800124264203,0.00377472205496965,-0.000920967771761375,0.00183604443679565
20.79,-0.088369416649817,0.00377842514951076,0.00136654023150146,0.00176294546174625
20.8,-0.086679781919182,0.00380300631265251,0.00329905337846809,0.00166963800256423
20.81,-0.0850118251958385,0.00384480075660009,0.00484294785786793,0.00155881496998443
20.82,-0.0833650213954202,0.00389971819645567,0.00597591797552879,0.00143355158209596
20.83,-0.0817406922255834,0.00396365830318087,0.00668731623085308,0.00129721417180602
20.84,-0.0801387760443824,0.00403233006271389,0.00697792695700286,0.00115335563829102
20.85,-0.0785610186582639,0.00410165646868119,0.00685961304805135,0.00100561857261786
20.86,-0.077007646991845,0.00416759365668138,0.00635448951992449,0.000857629404950134
20.87,-0.0754806267504673,0.00422651014312408,0.00549382423475707,0.000712893893477138
20.88,-0.0739802928579145,0.00427499514511204,0.00431704464787174,0.000574719670707684
20.89,-0.0725086346318173,0.00431020348088059,0.00287005487745677,0.00044612356006313
20.9,-0.0710659213165394,0.00432965322241648,0.00120541941567813,0.000329777037590058
20.91,-0.0696539771217379,0.00433154033379769,-0.000621002649538503,0.000227932557923388
20.92,-0.0682728387275366,0.00431450302873769,-0.00255106324178669,0.000142401690565705
20.93,-0.0669240012137875,0.0042778923916465,-0.00452584350364426,7.45314150843297e-05
20.94,-0.0656071269705603,0.00422152000725586,-0.00648791848808946,2.51442692500761e-05
20.95,-0.0643232689000506,0.00414587662721234,-0.00838251105779803,-5.4619856387197e-06
20.96,-0.0630716609615343,0.00405186471282508,-0.0101587215427183,-1.74990011436606e-05
20.97,-0.0618524965765577,0.00394095497707486,-0.0117706681535045,-1.1658642679514e-05
20.98,-0.0606657177274412,0.00381504135344658,-0.0131784981646183,1.09265463818626e-05
20.99,-0.0595099149191007,0.00367630041076596,-0.0143493035111738,4.87348641351312e-05
21,-0.0583849677338915,0.00352730073265286,-0.0152575703220423,9.99063641041805e-05
21.01,-0.057261900813768,0.00338563771993346,-0.0132160346754803,0.0003253247394606
21.02,-0.0561067640805355,0.00326460662747439,-0.0111333576722188,0.000555564449465473
21.03,-0.0549170830231178,0.00316457712439972,-0.00901950604016301,0.000769827566541577
21.04,-0.0536925232991505,0.00308570008281809,-0.00691403846635877,0.000964645639943693
21.05,-0.0524324855800371,0.0030275993648856,-0.00486235623621754,0.00113681307385711
21.06,-0.0511387166356121,0.00298954366009177,-0.002907106914167,0.00128396871229496
21.07,-0.0498125568567334,0.00297029310547372,-0.00108982057342213,0.00140467235767825
21.08,-0.0484573331176303,0.00296831721497658,0.000555185418824326,0.00149835084326403
21.09,-0.0470757464758735,0.00298167740061767,0.00199616698502274,0.00156508696992683
21.1,-0.0456721795289869,0.0030082255428619,0.00320782422244198,0.00160567679882636
21.11,-0.0442501984302908,0.00304552625852511,0.00417154203396737,0.00162160717762145
21.12,-0.0428147233211469,0.00309104992077177,0.00487258289556313,0.00161481501257919
21.13,-0.041369721408266,0.00314208768680458,0.00530316383293631,0.0015876509323549
21.14,-0.0399202674556953,0.00319595953852215,0.005463062505309,0.00154283155022181
21.15,-0.038470344538406,0.00324996106738225,0.0053588249228851,0.00148335862713504
21.16,-0.0370248155971513,0.00330152582682326,0.00499931665194161,0.00141226115993413
21.17,-0.0355874083516374,0.00334815122942627,0.00439972087590857,0.0013326483838416
21.18,-0.0341625616678218,0.0033875730866735,0.00358063521842656,0.00124762718716397
21.19,-0.0327535327755282,0.00341770526944415,0.00256719378616839,0.00116020781047874
21.2,-0.0313641464355223,0.00343678629288716,0.00138840600646527,0.00107323432047756
21.21,-0.0299970408059673,0.00344331214868501,7.62259173141783e-05,0.000989331108666332
21.22,-0.0286553106642815,0.00343616017754844,-0.00133478792383768,0.000910848871887275
21.23,-0.0273408831113606,0.00341452008770968,-0.00280807977870933,0.000839838245840819
21.24,-0.0260558797383501,0.00337798367265385,-0.00430672859124143,0.000777990661106449
21.25,-0.0248020058059835,0.00332650862728089,-0.00579405553076464,0.000726629239350745
21.26,-0.0235800632667189,0.0032603858291652,-0.00723464931521218,0.000686699792013144
21.27,-0.0223911562321559,0.0031802854070243,-0.0085952120570452,0.000658763073250711
21.28,-0.0212353679687523,0.00308716690681619,-0.00984399716005068,0.000643042506554315
21.29,-0.020113047318663,0.00298231939102166,-0.0109535049900983,0.000639419109647337
21.3,-0.0190236019073007,0.00286725277631856,-0.011900223215963,0.000647440613935311
21.31,-0.0179667057089477,0.00274371861412876,-0.0126650766872168,0.000666337473188801
21.32,-0.0169412031078764,0.00261360542191739,-0.0132335214517864,0.000695052733230624
21.33,-0.0159462411885256,0.00247894428019338,-0.0135963339366164,0.000732236503738504
21.34,-0.0149802638475629,0.0023418186222742,-0.0137469587453871,0.000776409602741819
21.35,-0.0140420388427476,0.00220436841456621,-0.0136852848942606,0.00082590047287734
21.36,-0.0131297549443161,0.00206867560787939,-0.013417566291099,0.000878916694414614
21.37,-0.0122419773011924,0.00193675295143394,-0.0129550653675836,0.000933631776084106
21.38,-0.0113768083475589,0.00181045757945173,-0.0123129196869767,0.00098825680826853
21.39,-0.0105327500123558,0.00169149480801941,-0.0115100294811826,0.0010410747921782
21.4,-0.00970793990070451,0.00158134237617651,-0.0105687128511845,0.00109047785930782
21.41,-0.00890093866751673,0.00148125751728107,-0.00951399707258659,0.00113500647098575
21.42,-0.00811003154008372,0.0013922181095659,-0.00837304986147687,0.00117338857350114
21.43,-0.00733394185111536,0.00131493597436026,-0.00717479381870114,0.0012045507353241
21.44,-0.00657119590302102,0.00124981449780362,-0.00594871231992302,0.00122765403570399
21.45,-0.00582076396970166,0.00119697921878366,-0.00472371857259688,0.00124210504622759
21.46,-0.00508147798497571,0.00115625713153216,-0.00352785918117619,0.00124756178999024
21.47,-0.00435260446124719,0.00112721610389851,-0.00238757520965102,0.00124393424609385
21.48,-0.00363331142366885,0.00110915852376893,-0.00132720405161385,0.00123138203333489
21.49,-0.00292317633373962,0.00110116898798057,-0.00036843673712705,0.00121030343172984
21.5,-0.00222169832993035,0.00110212148581533,0.000470216810531564,0.00118131725540154
21.51,-0.00152869811725242,0.00111073211868002,0.00117379794038972,0.0011452386991737
21.52,-0.000844122620607735,0.00112558760622549,0.00173117694073329,0.00110305112815196
21.53,-0.000167899153516338,0.00114517907948735,0.00213524718473944,0.0010558741294886
21.54,0.000499747523019067,0.00116795734912039,0.00238297671096361,0.0010049305131642
21.55,0.00115867928451951,0.00119235691366034,0.00247527461013538,0.000951506794647601
21.56,0.00180851558930328,0.00121685026186803,0.00241697749441267,0.000896919230327922
21.57,0.00244897939735811,0.00123997185534853,0.00221655506977134,0.000842476833199547
21.58,0.00307960744358393,0.00126036563817578,0.00188585033928627,0.000789446865963444
21.59,0.00370006091102404,0.00127680542106507,0.00143964102471948,0.000739030433200891
21.6,0.00430987206684907,0.0012882298711757,0.000894840255073692,0.000692329399558914
21.61,0.00490871661524839,0.00129375083228752,0.000269764084935797,0.000650301973534127
21.62,0.00549617899554544,0.00129267609654323,-0.000415356855281903,0.000613752856185368
21.63,0.00607200078044645,0.00128452270365372,-0.00113887042936724,0.00058333804858586
21.64,0.00663587427851553,0.0012690257294799,-0.00187953906843866,0.000559500801760195
21.65,0.00718764466939259,0.00124612546617377,-0.00261679523143424,0.00054249321724724
21.66,0.00772712974936418,0.00121596760264764,-0.00333075077472449,0.000532384691506097
21.67,0.00825429969484759,0.00117888739013379,-0.00400277473076891,0.000529071239515161
21.68,0.00876911980318962,0.00113539997327148,-0.00461595079348667,0.000532283309962368
21.69,0.00927170359598506,0.00108617578366732,-0.00515550839557787,0.000541599127296312
21.7,0.00976217372372989,0.00103202213052279,-0.00560905411557846,0.000556463271056273
21.71,0.0102407909021878,0.000973853648349641,-0.00596694506775959,0.000576201830254484
21.72,0.0107078287184761,0.000912667409975433,-0.00622235311070535,0.000600042852280243
21.73,0.0111636794123831,0.000849511971374823,-0.00637125588455234,0.000627141368893134
21.74,0.0116087438947607,0.000785461673752828,-0.00641248630222525,0.000656600839661477
21.75,0.0120435171112181,0.00072158590163525,-0.00634768872371354,0.000687495953317803
21.76,0.0124684906772368,0.000658923699013978,-0.00618117391120683,0.000718897185056949
21.77,0.0128842213446987,0.00059845658479915,-0.00591970249781942,0.00074989471489598
21.78,0.0132912468072162,0.000541086701351241,-0.00557223656993815,0.00077962094660696
21.79,0.0136901410164008,0.000487616361973873,-0.00514945545209179,0.000807274982416395
21.8,0.0140814503456159,0.000438731466173422,-0.00466382384110791,0.000832140402272731
21.81,0.0144657088235762,0.000394986184045143,-0.00412900732457187,0.000853599230645333
21.82,0.0148434412468044,0.00035679308059964,-0.00355949043206167,0.000871139893511353
21.83,0.0152151154633016,0.000324417758487867,-0.00297007812599651,0.00088436371886467
21.84,0.015581172540343,0.000297977821220023,-0.0023755215702492,0.000892993520158678
21.85,0.0159419844713931,0.000277444942041898,-0.00179027326645331,0.000896872582581255
21.86,0.0162978760380144,0.000262649249524514,-0.0012280594558535,0.000895962619730719
21.87,0.0166490981462273,0.000253292161284926,-0.000701113810455104,0.00089036381371535
21.88,0.0169958495781088,0.000248958031723446,-0.000220731216695167,0.000880281113396002
21.89,0.0173382554425867,0.000249125276044399,0.00020319863620413,0.000866025044721482
21.9,0.0176763854090707,0.000253183269964271,0.000562546560975766,0.000848006070072489
21.91,0.018010244646697,0.000260450273832651,0.000851129921241679,0.000826721834636941
21.92,0.0183397901180316,0.000270194304610077,0.00106479241993687,0.000802740787103541
21.93,0.018664929093557,0.000281652549758413,0.0012014196517351,0.000776684278413233
21.94,0.0189855320862078,0.000294052662622117,0.0012609018185347,0.000749208266468732
21.95,0.0193014370935005,0.000306631472502365,0.00124508875892669,0.000720985043973071
21.96,0.0196124592188838,0.000318655091895941,0.00115766077483033,0.000692685323256805
21.97,0.0199183994547605,0.000329435101615157,0.00100396002775811,0.000664961296528264
21.98,0.0202190510219049,0.000338345577854381,0.000790832716604204,0.000638430643266445
21.99,0.0205142111894236,0.000344835597345202,0.000526395880904299,0.000613661796025332
22,0.0212719078213679,0.00384071377936139,0.000219901197033762,0.000591166270715771
22.01,0.0221377149659743,0.0061599085559196,-0.000192870350902294,0.000569254480495065
22.02,0.023222777302367,0.00843679040019416,-0.00135419316190192,0.00052415128789932
22.03,0.024506556085421,0.010703932882772,-0.00382279861971233,0.000439591448889407
22.04,0.0259782843124885,0.0128927722355304,-0.00796983387569304,0.000312929479358402
22.05,0.0276979920907872,0.0150983307586096,-0.0140395164760506,0.000149521490342305
22.06,0.0297590576977687,0.0172518715172838,-0.0221475680362024,-3.90346153130747e-05
22.07,0.0322709381645492,0.0194144244295014,-0.0323020283333123,-0.000237228654292048
22.08,0.0353499100425498,0.0216707305902618,-0.0444078238426555,-0.000426936766173404
22.09,0.0391186452847379,0.0238919606340245,-0.0582977959905719,-0.000589555483053016
22.1,0.043673987704687,0.0262241899783274,-0.0737512849139058,-0.000707403451800407
22.11,0.0491180805147078,0.0284911865755654,-0.0904978985995827,-0.000763895848993667
22.12,0.0554892131037237,0.0308511225656193,-0.108232952337931,-0.000744433401008321
22.13,0.0628725377079959,0.0330892035424144,-0.12659665464159,-0.000634951035805138
22.14,0.0712429191252451,0.0353871902154176,-0.145233635047024,-0.000425210892694484
22.15,0.0806985786270262,0.037503582897678,-0.163794553652387,-0.000108133900905183
22.16,0.0911483162250901,0.0396511028240618,-0.181980292825971,0.000318905991921235
22.17,0.102731982764028,0.041567217934601,-0.199533601034066,0.000855263830465062
22.18,0.115282862257624,0.0434977844282714,-0.216238427463795,0.00149719146627586
22.19,0.129008811282441,0.0451614292079895,-0.231923938095184,0.00223920428130268
22.2,0.143652789411718,0.0468358796609102,-0.246451964638768,0.00307399712167046
22.21,0.159511619394326,0.0482198916105672,-0.259740815573965,0.00399402390246142
22.22,0.176217899919183,0.0496199705494688,-0.271723513795607,0.00499015357560394
22.23,0.194175096310486,0.0507140335556797,-0.282340249188448,0.00605249361238703
22.24,0.21288460264499,0.0518355365288167,-0.291499530924294,0.00717303439859821
22.25,0.232875999968622,0.0526425152838147,-0.299087310174492,0.00834463308228588
22.26,0.253502407566838,0.053494644870092,-0.305079643990717,0.00955621617382767
22.27,0.275025729962619,0.0542216019647903,-0.309507278255869,0.0107949723857889
22.28,0.297868233461755,0.0546306125645893,-0.312426245995025,0.0120475849878556
22.29,0.321127357112032,0.0551166612417533,-0.313913996588329,0.0133005632063141
22.3,0.345726341104799,0.0552854861048282,-0.314070489336785,0.014541542669561
22.31,0.370574086161665,0.0555524161750323,-0.3129915855879,0.0157599472531784
22.32,0.396779267602798,0.0555031581099504,-0.310719386640193,0.0169484588038577
22.33,0.423050066281891,0.0555728677866597,-0.307283361065707,0.0181012575670492
22.34,0.449941463622262,0.055555443945109,-0.302785316916712,0.0192100765482262
22.35,0.478220587149194,0.05522499204316,-0.297373790196816,0.0202657875184089
22.36,0.506279127621466,0.0550439180806426,-0.291219010194944,0.0212604498182321
22.37,0.535754559710969,0.0545502151764831,-0.284470451092463,0.0221869841566864
22.38,0.564816284426088,0.0542211533263095,-0.277251078472877,0.0230409247946985
22.39,0.594290893473695,0.0538244008701271,-0.269677182128926,0.0238193196743426
22.4,0.625238910099682,0.0531104103035829,-0.261685247742599,0.0245169340985051
22.41,0.655524225925087,0.0526126967175077,-0.24714422754821,0.0253847809528212
22.42,0.686222315526586,0.0521297082587264,-0.230790752665399,0.0262024944404898
22.43,0.718587411549253,0.0514052640784551,-0.214282194968917,0.0268539990705225
22.44,0.750084720230614,0.0509595310853659,-0.197779297450002,0.0273328664392286
22.45,0.783304954006643,0.0502672492206756,-0.181399996416049,0.0276426320123848
22.46,0.815471967775799,0.0498579787659037,-0.165237960385619,0.0277901827866377
22.47,0.847900282450322,0.0494660032645609,-0.149395314973732,0.0277829976584004
22.48,0.882155842154263,0.0488131460901258,-0.134011240896974,0.0276298125560864
22.49,0.915097793602943,0.0484419649712593,-0.119185468842762,0.027338906821567
22.5,0.948234768376821,0.0480753581052432,-0.105018344732504,0.0269191808964173
22.51,0.98332795625527,0.0474261679062952,-0.0915976502641072,0.0263803072866606
22.52,1.01686645669981,0.0470470891283201,-0.0790018919145295,0.0257323975221666
22.53,1.05055260373903,0.0466518194295059,-0.0673173271504427,0.024986820226348
22.54,1.08437460905201,0.046231565583299,-0.0567887122969492,0.0241583480944788
22.55,1.12036781981372,0.0454746384828972,-0.0500507061997075,0.0233634781274935
22.56,1.15454400025568,0.0449245298555534,-0.0450358097372982,0.0225565132042135
22.57,1.18885870940237,0.0442881130681987,-0.0405333785051024,0.0217128942250543
22.58,1.22551197576814,0.0432727183069716,-0.0364862250705947,0.0208342709649324
22.59,1.2601074505727,0.0424503459938226,-0.0329267329214098,0.0199261008462503
22.6,1.29477010923982,0.0415280705715293,-0.0298885625871516,0.018994704638379
22.61,1.33186397201028,0.0402114602906474,-0.0274023480151425,0.0180468605582673
22.62,1.36658934325928,0.0390702641052112,-0.0254985336682646,0.0170897132710188
22.63,1.40121586024996,0.0378085217054361,-0.0242064536605785,0.0161303507199586
22.64,1.43564285773792,0.0364171780349222,-0.0235540187565127,0.0151758796411612
22.65,1.47237051033359,0.0346003141989895,-0.02356457151113,0.0142335243772994
22.66,1.50596653990959,0.0329173593929467,-0.0242503152146714,0.0133104296732437
22.67,1.53877128658244,0.0310698054885466,-0.0256089822188125,0.012413707882773
22.68,1.57331722533044,0.0287657637459506,-0.0276218004801433,0.0115499498439219
22.69,1.60374206436356,0.0265564446020488,-0.0302647570492112,0.0107247602717689
22.7,1.63250140421445,0.0241523336458711,-0.0335049815248596,0.00994327102390822
22.71,1.6622491929052,0.0212760509100171,-0.0372932433770683,0.00920995912293393
22.72,1.68689031656577,0.0184741329086582,-0.0415792814883531,0.00852884364644282
22.73,1.70909970005512,0.0154741395438548,-0.0463007107932299,0.00790310681395683
22.74,1.73170650257337,0.0120181926718047,-0.0513934276964972,0.00733511651295167
22.75,1.74856658065067,0.00864478044321028,-0.0567995883137488,0.00682663432712481
22.76,1.76562426264222,0.00484429201047222,-0.0624553854906057,0.00637877053092313
22.77,1.77680525043514,0.00114611764134831,-0.0682959180436614,0.0059920542321133
22.78,1.77798494829676,-0.00176851240426522,-0.0742575734394053,0.0056664714909661
22.79,1.7768999147486,-0.0048075606477346,-0.0802779906068478,0.00540147471954827
22.8,1.77072506750407,-0.00773774841443778,-0.0886219704035433,0.00512500878992459
22.81,1.76544115880071,-0.0110729559887152,-0.102292577559656,0.00467648761696347
22.82,1.75819148949713,-0.0145854207539626,-0.116116445200599,0.00433069290404654
22.83,1.74634759943173,-0.0180503822960666,-0.129543812541153,0.00412082330829422
22.84,1.73576579226851,-0.0218852709267696,-0.142471984552546,0.00404234214454748
22.85,1.72377275602577,-0.0258560106973105,-0.154834185867781,0.00408663335268052
22.86,1.70787881632443,-0.0297541639133172,-0.166584081451824,0.00424430855348522
22.87,1.69357016495491,-0.0339601145825622,-0.177667988163945,0.00450594932068783
22.88,1.67824160138314,-0.0382599790263514,-0.188039621051948,0.00486226014702796
22.89,1.66195866936741,-0.0426410974624911,-0.197663856565022,0.00530393225997011
22.9,1.64233561566964,-0.0469220454846516,-0.206567225420799,0.00582209910510782
22.91,1.62428189113987,-0.051434653259033,-0.21403758349124,0.00638493465337293
22.92,1.60530407378825,-0.0559874345130131,-0.220763428124736,0.00697835565573315
22.93,1.58312344437078,-0.0604226747058487,-0.227347420153382,0.00758661780014798
22.94,1.56225504347585,-0.0650493270525836,-0.23396758024941,0.00820193314164515
22.95,1.54035150821395,-0.0697073550180473,-0.240491093992502,0.00883116867361386
22.96,1.51529913096794,-0.0742571913768542,-0.246590762721337,0.00948625127151509
22.97,1.49128814533437,-0.0789648084199899,-0.250818173663884,0.0102174230741864
22.98,1.46619387646698,-0.083657301623068,-0.250923158229086,0.011091016979635
22.99,1.43816439399464,-0.0881541544571745,-0.243649641228192,0.0122062337881509
23,1.41117935561511,-0.0926145312740629,-0.226690244808319,0.0136038268740873
23.01,1.38341110684866,-0.0968069980109815,-0.198825832654661,0.0152119876984257
23.02,1.35325909179548,-0.10051652315172,-0.1604537819237,0.0169027035843834
23.03,1.32438660198385,-0.103863941450554,-0.113258082932609,0.0185146013229309
23.04,1.29509828356644,-0.106666137476882,-0.0604834548714069,0.0198517499255551
23.05,1.26388156901673,-0.108792823681568,-0.00547891229534139,0.0207679853524995
23.06,1.23397898655787,-0.110426984564495,0.0493364378611269,0.0211932321403742
23.07,1.20378647948712,-0.111480974502275,0.102567811056162,0.0211177432614424
23.08,1.17191318291118,-0.111893802268097,0.153489190814637,0.0205746725055203
23.09,1.14127136137732,-0.111857819999124,0.20157237560895,0.0196110441318874
23.1,1.10911629215633,-0.111244879637014,0.246430219394373,0.0182805512455387
23.11,1.0781642222233,-0.110239751556142,0.287821069295795,0.0166402602719446
23.12,1.04710043687616,-0.108800172258091,0.325675923887581,0.014747454888932
23.13,1.01481847193,-0.106898581875634,0.360042272745196,0.0126550222512632
23.14,0.983746320995791,-0.104698570219082,0.391011516615554,0.0104073671329396
23.15,0.951667378683691,-0.102112422770273,0.418310799754803,0.00802591747286828
23.16,0.920782396642986,-0.0993160576606352,0.436142850311239,0.00532518314819847
23.17,0.888953520029806,-0.0963062544260912,0.445644966748051,0.00235602531257053
23.18,0.85817815777914,-0.0932365040625082,0.451405922923524,-0.000593935220966229
23.19,0.8274793662439,-0.090086870096219,0.454069183047355,-0.00348125899514002
23.2,0.796063368695522,-0.0868449891385661,0.453980474295929,-0.00628466754435627
23.21,0.765677617936612,-0.0836223618519721,0.451449766647203,-0.00898594573993908
23.22,0.734735018743493,-0.080361213094624,0.446783297714537,-0.0115692139902227
23.23,0.704806542806791,-0.0771562972416648,0.440268693039185,-0.0140199736287889
23.24,0.674476799346339,-0.0739546655461528,0.432098559365584,-0.0163258007656622
23.25,0.645143219044927,-0.0708298569967668,0.424935013016438,-0.0185501067382074
23.26,0.616088838372765,-0.0677091825037727,0.422000897753854,-0.0208547012512567
23.27,0.586774751980292,-0.0645500728229752,0.419401694478713,-0.0231237647874436
23.28,0.558356208919154,-0.0614051807589699,0.416502419205241,-0.0253415078555292
23.29,0.529807757601197,-0.0582299921177149,0.413281705051738,-0.0275071355969255
23.3,0.502136587983415,-0.0550710034473088,0.409757595443355,-0.0296192431789639
23.31,0.47445956617106,-0.0518911390265072,0.40598310547995,-0.0316762447536995
23.32,0.447641399969428,-0.0487281040928072,0.402135567990442,-0.0336828166538759
23.33,0.420929652119206,-0.0455491787959157,0.398316832326751,-0.0356440953703451
23.34,0.39505434272789,-0.0423832549287301,0.394592146604931,-0.0375611029954318
23.35,0.369385566047939,-0.0392027708678791,0.39101845550109,-0.0394324798578155
23.36,0.344531789423524,-0.0360298787759098,0.387570157747519,-0.0412590503961744
23.37,0.319974899931572,-0.0328435581778946,0.384127974300141,-0.0430444527987005
23.38,0.296208973096811,-0.0296628649719537,0.380561581258811,-0.0447946560842767
23.39,0.272812365849866,-0.0264743849491549,0.376819828155815,-0.0465134854536799
23.4,0.250173979452489,-0.0232938345409575,0.372838413835674,-0.0482044689790251
23.41,0.227957676679094,-0.0201140809572794,0.368490071192388,-0.0498710807578618
23.42,0.206456822859389,-0.016949581934738,0.363535981581328,-0.0515194132949071
23.43,0.185507704091941,-0.0138039814985593,0.357711913527185,-0.0531552069301755
23.44,0.165014346568398,-0.0106875608052855,0.350696446339702,-0.0547833714352182
23.45,0.145142491258684,-0.00761826785883238,0.342201718508944,-0.05640430478462
23.46,0.125714874615007,-0.00461173835691321,0.331952944494444,-0.0580148929945673
23.47,0.106826106805091,-0.00168870906413355,0.319657691757958,-0.0596102683921311
23.48,0.0883458798541756,0.00112678466330143,0.305085853343337,-0.0611804116900118
23.49,0.070308216644875,0.00381216770956109,0.288164356462879,-0.0627048643922051
23.5,0.0526284582747671,0.00633963622762295,0.268955573100758,-0.0641554240815995
23.51,0.0353001600792333,0.00869002874413811,0.247653392596961,-0.0655005552301917
23.52,0.018285474192163,0.0108374718079774,0.224527859874207,-0.0667077177815596
23.53,0.00155043113223963,0.0127697942883468,0.199885619278556,-0.0677450814656635
23.54,-0.0148983928361626,0.0144658696396464,0.17406469954354,-0.0685822841758691
23.55,-0.0311127247435152,0.0159216222989005,0.147416420250096,-0.0691916140600069
23.56,-0.0470454938107239,0.0171218816359431,0.120292110259337,-0.0695486699338777
23.57,-0.0627599356104849,0.0180706719290615,0.0930436037901832,-0.0696326298792841
23.58,-0.0781741314752267,0.0187591366479211,0.0660220077762063,-0.0694264199680737
23.59,-0.0933588168642201,0.0191990032173719,0.0395471873314863,-0.0689169457686987
23.6,-0.108202860285331,0.0193873035093175,0.013911036048214,-0.0680943170375489
23.61,-0.122781625922641,0.0193422519582731,-0.0105951543569291,-0.066953398488441
23.62,-0.136960898390241,0.019066427900244,-0.0336861114863112,-0.065494273609681
23.63,-0.150820319271194,0.0185840482991478,-0.0550876965270651,-0.0637229400196987
23.64,-0.164210318567078,0.0179030051861321,-0.0745586397439208,-0.0616513104582563
23.65,-0.17721634067084,0.0170523638898933,-0.0919165994378286,-0.059297957486893
23.66,-0.189682034545987,0.016043302208643,-0.107119552794433,-0.0566866137384096
23.67,-0.201701202685854,0.0149060967491762,-0.120148759087409,-0.0538459782129008
23.68,-0.213119250763048,0.0136528087577926,-0.130916013263244,-0.0508132190101474
23.69,-0.224043147760935,0.0123154112042882,-0.139274966465081,-0.047630412645032
23.7,-0.234393239192751,0.0109132909974331,-0.145121048119087,-0.0443404178039639
23.71,-0.244095172990903,0.00946681469670507,-0.148413124481903,-0.0409852666643124
23.72,-0.253274195678827,0.00800979064085996,-0.149153107425785,-0.0376082845413389
23.73,-0.261803415162953,0.00655824619459473,-0.147419258074957,-0.0342542134685878
23.74,-0.26981890053167,0.00514357060512179,-0.143452413038135,-0.0309672048220372
23.75,-0.277207067745991,0.00377848587721563,-0.137397090525657,-0.0277802153369621
23.76,-0.284108747599265,0.00249094048957639,-0.129360620994493,-0.0247189746214061
23.77,-0.290416818336109,0.00129187145883824,-0.11946241163595,-0.0218038157885413
23.78,-0.29626916943688,0.000206323522610381,-0.107871406633764,-0.0190492898465645
23.79,-0.301560678141263,-0.000757653710755746,-0.0947995540553591,-0.0164652187128742
23.8,-0.306421582348628,-0.00157952492320605,-0.0804654477347808,-0.0140584040874031
23.81,-0.310747060038259,-0.00225495781490905,-0.0650568142696895,-0.0118326952107666
23.82,-0.314658170450211,-0.00276758007833571,-0.0487433746925967,-0.00979026447596661
23.83,-0.318050533721921,-0.00311596709023148,-0.0316839782926186,-0.00793268491184822
23.84,-0.321036256564414,-0.00328726889425244,-0.0140243233760942,-0.00626111033982208
23.85,-0.323513173850129,-0.0032826182211694,0.00407562293276372,-0.00477685466093663
23.86,-0.325585856826827,-0.0030925944714249,0.022480308075752,-0.00347936033346221
23.87,-0.327155293047875,-0.00272056750050285,0.0410761936452376,-0.00236648942953752
23.88,-0.328318189763201,-0.00215987769218772,0.0597457064503052,-0.00143506455406599
23.89,-0.328978740771279,-0.00141589756752906,0.0783347399325209,-0.000682441860151785
23.9,-0.329227297438518,-0.000485737244679875,0.0966074464593635,-0.000108730664707578
23.91,-0.328974371127688,0.000621428028717235,0.114368685823085,0.000289319882301001
23.92,-0.328305881304564,0.00190389513490639,0.131389483874367,0.0005154335687913
23.93,-0.327139663007276,0.0033482465416516,0.14738880592456,0.00057267763088543
23.94,-0.325560194318891,0.00494631617922224,0.161936926662744,0.000461050771324452
23.95,-0.3234984195441,0.00667664281985303,0.174517774836662,0.000178826481825448
23.96,-0.321045054105156,0.00852003581039116,0.18449067984581,-0.000275411524393039
23.97,-0.318185258446441,0.0104446650204468,0.191171548481236,-0.000899296774499337
23.98,-0.314918721161439,0.0124116512532448,0.193771013639602,-0.00169002154777218
23.99,-0.311356572897553,0.01437956903701,0.191601454766108,-0.00263751920114199
24,-0.297063576284961,0.011476506707082,0.184376320708753,-0.00371083694397554
24.01,-0.294212840221516,0.0110592295302224,0.172330687481539,-0.00485941725680498
24.02,-0.291385998848087,0.0104932949528711,0.156686984080004,-0.00599747211429882
24.03,-0.288613473200985,0.00979883300427121,0.138638430492312,-0.00705181471411506
24.04,-0.285924188271184,0.00888664463986945,0.119206056964043,-0.00797068237402363
24.05,-0.283437730823922,0.00778130622082038,0.0993303689720043,-0.0087170521400323
24.06,-0.281283119666524,0.00634684443909995,0.0798833579802119,-0.00926595187674017
24.07,-0.279611128237007,0.00465842446682846,0.0616687084066437,-0.0096033000035763
24.08,-0.27855228512218,0.00257940251696908,0.045432380480049,-0.00972395774767399
24.09,-0.278254049198374,0.000246072985220808,0.0318632733405512,-0.00963180153877836
24.1,-0.278808264213725,-0.00247173183573557,0.0215828087092709,-0.00933830974230262
24.11,-0.280328412607889,-0.00537328734391168,0.0150901426608503,-0.00886327184983192
24.12,-0.282834714558209,-0.00858644919092376,0.0127330759972767,-0.00823437522208042
24.13,-0.286416223271754,-0.0118598922544134,0.0146442286138476,-0.0074877115604233
24.14,-0.291021945935952,-0.0153366811751772,0.0206902649726517,-0.00666792822528966
24.15,-0.296755348272615,-0.0187355290749592,0.0304523783060452,-0.00582584886999069
24.16,-0.30350188947284,-0.0222323922372598,0.0433942951943626,-0.00501071881478434
24.17,-0.311415836106153,-0.0255303645072912,0.0589099488978885,-0.00426560619433675
24.18,-0.320312604396411,-0.0288460245118111,0.0763466748679145,-0.00362557657909146
24.19,-0.330423015593504,-0.0318730987459167,0.0949542750679031,-0.00311947262064928
24.2,-0.341476891782309,-0.0348714752013692,0.113967787549064,-0.00276923475452209
24.21,-0.353801729808168,-0.0375271306952308,0.132780993918923,-0.00258490353937597
24.22,-0.367018807677031,-0.0401390736330613,0.150934423813292,-0.00256564704153252
24.23,-0.381564039989674,-0.0423802575587165,0.168087812191587,-0.00270349529179132
24.24,-0.396923469591095,-0.044581768800924,0.184037452253232,-0.00298473011724469
24.25,-0.413654879049556,-0.046398665993842,0.198726025041695,-0.00339041471434686
24.26,-0.431086527667477,-0.0481880676342065,0.21205469875192,-0.00390447862134197
24.27,-0.449917010979587,-0.0495860480895401,0.223931190326195,-0.00451488002193145
24.28,-0.469304973837465,-0.0509749370801981,0.234344242063625,-0.00520758925861395
24.29,-0.489595497337518,-0.0521739964454108,0.243317678497533,-0.00596871208627755
24.3,-0.511312077185446,-0.0529811282626067,0.250909282290092,-0.00678545592569711
24.31,-0.533333183158241,-0.0538123792930974,0.257203040028359,-0.00764619367007389
24.32,-0.556794121665767,-0.0542537549336053,0.262322654588882,-0.00853925198169768
24.33,-0.580369309138129,-0.054739659584029,0.26638831750656,-0.00945427862018836
24.34,-0.605394488067347,-0.0548365957792172,0.269492456800649,-0.0103829059800376
24.35,-0.630332437323931,-0.0549968216188997,0.271707752041779,-0.0113182154407388
24.36,-0.655852846338055,-0.0550040622781973,0.273100962761679,-0.012253928002264
24.37,-0.682849924544379,-0.054624015715676,0.273739412838222,-0.0131842584966489
24.38,-0.70945632543713,-0.0543354237887993,0.273725699978582,-0.014103923297301
24.39,-0.736511432987626,-0.0539076273205495,0.273206138598316,-0.0150072707310831
24.4,-0.765090260459227,-0.053092949968523,0.272267379842311,-0.0158912206239502
24.41,-0.792978550269203,-0.052392206266326,0.270967136363739,-0.0167542604848051
24.42,-0.822433731667375,-0.0513041676941562,0.269348915741086,-0.0175948877035752
24.43,-0.85100388867007,-0.0503424871302103,0.267459108954504,-0.0184119483697101
24.44,-0.879832035330113,-0.0492562685900173,0.265340221308031,-0.0192045341720516
24.45,-0.910309366751352,-0.0477813065328265,0.263025097454319,-0.0199717936209566
24.46,-0.939620493019792,-0.046449752843883,0.260540231541456,-0.0207127506816324
24.47,-0.969097763038276,-0.0450005831769397,0.257914740462595,-0.0214266514038485
24.48,-1.00032497488898,-0.0431615072584216,0.255175176150759,-0.0221129243261818
24.49,-1.03011629195821,-0.0414799597157763,0.252339361761785,-0.0227708664420325
24.5,-1.05999601109052,-0.0396864538800953,0.249418726728037,-0.023399650827924
24.51,-1.09174165085958,-0.037502569320565,0.24642360222687,-0.0239985923983836
24.52,-1.12179317075271,-0.0354879146352892,0.243364097805066,-0.0245670146265873
24.53,-1.15186745225767,-0.0333663002374119,0.240246758405387,-0.0251042343897645
24.54,-1.18393506222486,-0.0308549975072287,0.237076169308026,-0.0256095163664145
24.55,-1.21406039507203,-0.0285222497928139,0.23385777592217,-0.0260821742133955
24.56,-1.24415191445515,-0.0260869069249903,0.230597785979235,-0.0265216157561549
24.57,-1.27418904252108,-0.023549973359509,0.227300809561637,-0.0269272796154005
24.58,-1.30638850508711,-0.0206247702816418,0.223971583771026,-0.0272986542871389
24.59,-1.33629772519601,-0.0178854452339516,0.220614962894043,-0.0276352945872256
24.6,-1.36605536923044,-0.0150453526401117,0.217234514330608,-0.0279368472515133
24.61,-1.39803844747463,-0.0118169409591586,0.2138344103994,-0.0282030390902055
24.62,-1.42738363957547,-0.00877235752125063,0.210423832510842,-0.0284337092374893
24.63,-1.4563517380916,-0.00560936953706881,0.210925812886483,-0.0285007514006199
24.64,-1.48473421312452,-0.0022668833990285,0.215751017997,-0.0283591196480191
24.65,-1.51499431931037,0.00155558690684371,0.220592677487064,-0.0282493828145857
24.66,-1.54162301027637,0.00529454266329499,0.225259058925232,-0.0281922431901226
24.67,-1.56696737728215,0.00923824251498687,0.229805113617181,-0.0281866572194015
24.68,-1.59357061574623,0.013668082080206,0.234265965195201,-0.0282302907034555
24.69,-1.61553122167609,0.0180287189432325,0.238657698921959,-0.0283214758724737
24.7,-1.63533514705864,0.0225992771898147,0.242982744295636,-0.0284588098551743
24.71,-1.65566360738815,0.027646667302879,0.247229745443139,-0.0286405165560091
24.72,-1.67041368033057,0.0326215544928996,0.251389846325159,-0.0288645600835235
24.73,-1.68229223963334,0.0377880726461815,0.255631589087239,-0.0291220745392088
24.74,-1.69414860550854,0.0433984632048945,0.260172879294786,-0.0294034104082584
24.75,-1.69984845571284,0.0489114548544638,0.26267834431939,-0.0296239308594731
24.76,-1.7052971601879,0.054774911278771,0.259424198161078,-0.0296082859862937
24.77,-1.70743172017353,0.0606888148166923,0.25642189104096,-0.0295153218855379
24.78,-1.69319086317822,0.0652291221080433,0.254301463706688,-0.0293820349542989
24.79,-1.67927579071779,0.0700604539185259,0.252849622734274,-0.0292263093576158
24.8,-1.6598836841041,0.0746995751336239,0.251054755935373,-0.0290899679396431
24.81,-1.6410564277156,0.0795909701617958,0.247463775398114,-0.0290226771654953
24.82,-1.62003062008834,0.084460430255953,0.239830839995601,-0.029089060874623
24.83,-1.59427552051167,0.0890327433860978,0.225438258366788,-0.029363256474049
24.84,-1.56970643753654,0.0936462597949243,0.202443599675557,-0.0298431409048228
24.85,-1.54378319856716,0.0979839470981525,0.170028068205871,-0.0304579184915512
24.86,-1.51677864741988,0.101944179096353,0.128442690567735,-0.0311034388489219
24.87,-1.48636065856917,0.105249224133807,0.078901370325759,-0.0316477723553509
24.88,-1.4579101192836,0.108202939710846,0.0240704493730703,-0.0319403434131822
24.89,-1.42892966838174,0.110573435049977,-0.0330134037181012,-0.0318495930743904
24.9,-1.39949503279387,0.112347429878042,-0.090070716389983,-0.0313006339356919
24.91,-1.36730885089011,0.113370047357856,-0.145582059792226,-0.0302744339502064
24.92,-1.33712550418032,0.113987463338909,-0.198567897225665,-0.0287940530151146
24.93,-1.30656361576303,0.114059590529985,-0.248428776182205,-0.0269098172628768
24.94,-1.27346981036091,0.113480974878447,-0.292079382154623,-0.0246016848375132
24.95,-1.24216691002394,0.112646146026583,-0.32486304242704,-0.0217232195963556
24.96,-1.21040587510469,0.111478287045162,-0.352241048672902,-0.0186457804438299
24.97,-1.17622050502388,0.10989757647874,-0.374884443930521,-0.0154719937125118
24.98,-1.14369071840221,0.10821237122956,-0.392795347307573,-0.0122466716717992
24.99,-1.11080680500775,0.106335648757758,-0.40604746592913,-0.00900201263957548
25,-1.07578700975135,0.104198029344069,-0.415025333595757,-0.00577388452016776
25.01,-1.04237603607222,0.102071380966981,-0.420196932945776,-0.00259218623245209
25.02,-1.00873631039329,0.0998724548002384,-0.421985481150942,0.000517135339360263
25.03,-0.9732513748894,0.0975331242052668,-0.420754248731124,0.00353145474004677
25.04,-0.93932792930564,0.095285570581369,-0.416896368824303,0.00643014160807088
25.05,-0.905281293291075,0.0930387478148378,-0.413074412667605,0.00928286534200649
25.06,-0.869628844034992,0.0907039199056486,-0.408856733963442,0.0120773374169573
25.07,-0.835434184641805,0.0884682694405552,-0.403561569943724,0.014781136226813
25.08,-0.799784426182852,0.0861718528402231,-0.397265863254749,0.0173823731306942
25.09,-0.765530591561676,0.0839860629175695,-0.390157568235208,0.0198773843272073
25.1,-0.731250729297071,0.0818346195254015,-0.382458723627339,0.0222676224044022
25.11,-0.695726630760939,0.0796546780015491,-0.374324907350168,0.0245557566944971
25.12,-0.661491759627987,0.0775896680198942,-0.365840034670626,0.0267433721022084
25.13,-0.626137611082449,0.0755103046324363,-0.357020350592723,0.0288306413911493
25.14,-0.591993986701233,0.073545683581322,-0.347863097774598,0.0308168678739465
25.15,-0.557885738101318,0.0716346776885954,-0.338365967635091,0.0327017894149206
25.16,-0.522830098431615,0.0697292867680074,-0.328556807205774,0.0344845403013188
25.17,-0.488864618658073,0.0679384076969396,-0.318478452426816,0.0361636711959619
25.18,-0.454060042342189,0.0661644248746846,-0.308177570980204,0.0377387339584848
25.19,-0.420268479541329,0.0645033734038452,-0.297692318967044,0.0392097109368344
25.2,-0.3857542640314,0.0628572236678212,-0.290829118924936,0.0404622399357274
25.21,-0.352281076253065,0.0612413561927707,-0.289928097293821,0.0413764353957541
25.22,-0.319046948008054,0.0595929557149747,-0.289202971465402,0.0422629132410574
25.23,-0.285381911620652,0.0578802334613309,-0.288417281045715,0.043157730306556
25.24,-0.252700333859217,0.0561696083636753,-0.287808825531814,0.0440689932400633
25.25,-0.219685305063235,0.0543957420038043,-0.28750627091895,0.0450025470729601
25.26,-0.18759721538142,0.052624597672729,-0.28350176920872,0.0458381548654199
25.27,-0.155362789154061,0.0508841888688718,-0.271100679175739,0.0463174170384397
25.28,-0.124123263461394,0.0492589605338756,-0.258099881926355,0.0466649631781209
25.29,-0.092879171291381,0.0477006173521427,-0.245636936695767,0.0469179925406198
25.3,-0.0625820415744744,0.0462450279267963,-0.233709755726551,0.0470845181859722
25.31,-0.0323692868425836,0.0448491573189937,-0.222288576698563,0.0471691042277761
25.32,-0.00305422380844611,0.0435422876138337,-0.211340491562283,0.0471747797027344
25.33,0.0260934763710692,0.0422890728418452,-0.200820541933547,0.0471035565731213
25.34,0.05438853675237,0.0411132419365473,-0.19067338611577,0.0469561705112839
25.35,0.0821742488371759,0.0399970785618644,-0.180837217826191,0.0467324495191579
25.36,0.109679922002985,0.0389293859519922,-0.171254116169641,0.046431430458106
25.37,0.136392868835854,0.0379270820949461,-0.161891475435591,0.0460509429299387
25.38,0.16275984327059,0.0369721613708255,-0.152726793573355,0.0455888183112835
25.39,0.188370203061333,0.0360772639856263,-0.143731003419225,0.0450437950121693
25.4,0.213576864887831,0.0352300066683326,-0.134834504286297,0.0444143727124776
25.41,0.238061128491129,0.0344401612047032,-0.125958483466353,0.0436982868201686
25.42,0.262094044576076,0.033701032130789,-0.117073365454705,0.042894941373635
25.43,0.285438608974761,0.0330194021153849,-0.10817333685684,0.0420049259594812
25.44,0.308298090419338,0.0323945868638295,-0.0985224720662113,0.0410617810253134
25.45,0.330531151859573,0.0318453309272872,-0.0873588870899421,0.0401038908248589
25.46,0.35228854600896,0.0313785460833428,-0.0760108401167008,0.039046743818513
25.47,0.373466340732536,0.030995192690022,-0.0647355767050876,0.0378849283055738
25.48,0.394153503074345,0.0306968122677153,-0.0537639520181384,0.0366235191555164
25.49,0.4143073381073,0.0304622786201095,-0.0462409791478024,0.0353519443009921
25.5,0.433989895363554,0.0302721373984123,-0.0399013375395627,0.0340645798557335
25.51,0.453197428246265,0.0301157083968856,-0.0341831310668617,0.0327460770606915
25.52,0.471939042337996,0.0299935698074854,-0.0291231227268897,0.0314016153991512
25.53,0.490241688899428,0.0298939991876244,-0.0247585156291618,0.0300383353403256
25.54,0.508080892151296,0.0298181032647714,-0.0211177374915263,0.0286639519289053
25.55,0.525509837509222,0.0297523542588927,-0.0182099690946356,0.0272857567017315
25.56,0.542475833363435,0.0296986433767073,-0.0160280121209871,0.0259106862693346
25.57,0.559053032812566,0.0296424935951338,-0.0145681399177727,0.0245455285457341
25.58,0.575165980561077,0.0295865690224347,-0.0138273450509853,0.0231969169309136
25.59,0.590905778118861,0.0295156494117513,-0.0138118786312472,0.0218717980474471
25.6,0.606232100875179,0.0294281128499848,-0.0144998086614414,0.0205760266027058
25.61,0.621090780926525,0.0293228297951935,-0.015864540028417,0.0193152195148562
25.62,0.63559164955486,0.0291846398599469,-0.0178718968597037,0.0180944027661424
25.63,0.64962309626401,0.0290177660745971,-0.0204866043731234,0.0169182920011282
25.64,0.663304004254119,0.028807605657925,-0.0236648003702377,0.0157908909099471
25.65,0.676515294086706,0.0285591851469933,-0.0273650423099218,0.0147159148836602
25.66,0.689382302725928,0.0282587697317264,-0.0315326888619413,0.0136963100480216
25.67,0.701781196634213,0.0279122639429138,-0.0361145249085468,0.0127345488397521
25.68,0.713840928360803,0.027507073827147,-0.0410590631643223,0.0118324848858238
25.69,0.725435163553565,0.0270500329300607,-0.0462726632963506,0.0109911085473441
25.7,0.736694117112303,0.0265306483481249,-0.0516219387045658,0.0102096825568607
25.71,0.74749016192388,0.0259579283657228,-0.0569771827320297,0.00948530754010329
25.72,0.757951581931608,0.025324040770696,-0.0622598417106991,0.00881414118616151
25.73,0.767950377601904,0.0246380330175338,-0.0677075929645033,0.00819667225762493
25.74,0.777613223256884,0.0238876415314578,-0.073736241959222,0.00764127864679917
25.75,0.786816098625701,0.0230764166962936,-0.0801635751837288,0.0071544858821267
25.76,0.795683737763303,0.0221940718523523,-0.0867652978016849,0.0067371789553247
25.77,0.804094862744669,0.0212476268986145,-0.0934569066179833,0.00638823667165719
25.78,0.812169188688943,0.0202291906691021,-0.100169251433577,0.00610595323172201
25.79,0.819788132278974,0.0191466706105595,-0.106838418907861,0.00588820401182774
25.8,0.82706589566966,0.0179938089908311,-0.113407452470835,0.00573249677197089
25.81,0.833887479993604,0.0167791537569723,-0.119824284008005,0.00563601534953593
25.82,0.840361486770911,0.0154978504933661,-0.12604412873983,0.00559566408700191
25.83,0.846377143478568,0.0141588472654054,-0.132028635788723,0.005608165826416
25.84,0.852037477887373,0.0127584317515103,-0.137746076127677,0.0056700512375387
25.85,0.857236675964244,0.0113057213709148,-0.143168850809249,0.00577770893460036
25.86,0.86207231614588,0.00979793473817843,-0.148274527043088,0.00592742788429954
25.87,0.866490757725145,0.00824147489610804,-0.153044736447339,0.00611581837125561
25.88,0.870443945667454,0.00664245047720467,-0.157467536713745,0.00633935009905888
25.89,0.874021536162541,0.00499911773800641,-0.161537491297903,0.00659443824652576
25.9,0.877131597049896,0.00332018152524771,-0.165261408981036,0.00687738760031039
25.91,0.879857840953303,0.00160385388675013,-0.168716288752479,0.00718141298091757
25.92,0.882112162322129,-0.000142740203500899,-0.17195794495109,0.00750155212784443
25.93,0.883971254499217,-0.00192216033829348,-0.175017951758045,0.00783509485179873
25.94,0.885351757234816,-0.00372837838503554,-0.177934452165504,0.00817964793022275
25.95,0.886324382212682,-0.00556434167019012,-0.180744198653511,0.00853302367652476
25.96,0.886810329649677,-0.00742513026346271,-0.183485713346479,0.00889328471752274
25.97,0.886874292412427,-0.00931410542145364,-0.186190617275589,0.00925919524268244
25.98,0.886442133656593,-0.0112271597614178,-0.188848719968427,0.00963127910364167
25.99,0.885573822503176,-0.0131672792992724,-0.191449645437267,0.010010768800206
26,0.884200803809277,-0.0151305186210254,-0.193998602511969,0.0103975124984525
26.01,0.882378474547348,-0.0171195998704834,-0.196492119571704,0.0107917893929212
26.02,0.880043424643452,-0.0191306784746103,-0.198888996714195,0.0111946140209132
26.03,0.877247598835267,-0.0211652665786452,-0.201087684740115,0.0116089068756624
26.04,0.873935293123287,-0.023217322269732,-0.202836451449341,0.0120426485243765
26.05,0.870160550189431,-0.0252833137301194,-0.203835528936264,0.0125035570095577
26.06,0.865879424159302,-0.0273520264941856,-0.203877904817905,0.0129913426940822
26.07,0.861147536053898,-0.02941513668589,-0.202740770777546,0.0135041881517813
26.08,0.855930856801923,-0.0314570177878714,-0.200130655695901,0.0140415694929213
26.09,0.850288981087444,-0.033463155677152,-0.195677606847064,0.0146034966850424
26.1,0.844202147450392,-0.0354104998453578,-0.188903308679054,0.0151894854584463
26.11,0.837737963334825,-0.0372755869985031,-0.179435436991963,0.0157922435969576
26.12,0.830892712188122,-0.0390280212786051,-0.1669950418123,0.0164086678617007
26.13,0.823745612261348,-0.0406390293911298,-0.151415199405035,0.0170329389398134
26.14,0.816324915198008,-0.0420743102090447,-0.132363524453339,0.0176339718701498
26.15,0.808660584227638,-0.0432992617894396,-0.110067880444717,0.018169157880307
26.16,0.800825637258321,-0.0442857148742808,-0.0850592424199856,0.0185958013756459
26.17,0.792827413271248,-0.0450085932984967,-0.0579706407980672,0.018873581259374
26.18,0.78472586575313,-0.0454523615875266,-0.0295367172653688,0.0189669798504555
26.19,0.776520074138161,-0.0456067468970103,-0.000560938861180106,0.0188490723880858
26.2,0.768256389597989,-0.0454719310912837,0.0281566030137214,0.018502721313226
26.21,0.759926775463922,-0.0450537586443873,0.0558288453519297,0.0179206120332227
26.22,0.751566198318515,-0.0443679350990469,0.081692317290496,0.0171042909307652
26.23,0.743161169983845,-0.0434357184091177,0.105010331708038,0.0160639979811042
26.24,0.734736891005076,-0.0422871945672718,0.125114449424212,0.0148174543104249
26.25,0.726275163706836,-0.0409569905711224,0.141426173967331,0.0133889289562996
26.26,0.717792307880372,-0.0394862867361591,0.153521903913896,0.0118090637080179
26.27,0.709266467330323,-0.0379180685270395,0.161150143072,0.0101142467981232
26.28,0.700707489886402,-0.0362983336008025,0.164220701139762,0.00834447408814787
26.29,0.692092362513264,-0.0346717002730656,0.162827899752941,0.00654225506396318
26.3,0.683427606079277,-0.0330820352423524,0.15724345117387,0.00475140484594247
26.31,0.674692319976657,-0.0315685946300323,0.147876867561763,0.00301464457561421
26.32,0.665893166220505,-0.0301669329333354,0.135248338959587,0.00137178946338856
26.33,0.657013893357635,-0.0289058850147935,0.119978939717944,-0.000141111902036181
26.34,0.648063531596391,-0.0278087355775676,0.10271715811569,-0.00149450731344607
26.35,0.639031420180912,-0.026891399218109,0.0841316293513157,-0.00266537476069223
26.36,0.629929425603831,-0.0261636873000205,0.0649084778998875,-0.00363651942049421
26.37,0.620752819253884,-0.0256280881917693,0.0456959945038819,-0.00439743282424325
26.38,0.611516917836314,-0.0252813939154603,0.0271067361985319,-0.0049438038941357
26.39,0.602222935750763,-0.0251138882972604,0.00972763366666747,-0.00527725139378669
26.4,0.59288981142645,-0.0251106825352291,-0.00589795824622153,-0.00540493026849965
26.41,0.583527685919186,-0.0252514392124455,-0.0192919794074275,-0.00533951520231189
26.42,0.574149866949835,-0.0255116016837759,-0.0300729725727926,-0.00509890003666951
26.43,0.564780005405141,-0.0258636156629697,-0.0379672589218972,-0.00470606727392703
26.44,0.555431623902821,-0.0262775470389651,-0.0428221469060242,-0.00418812616005316
26.45,0.546129043012411,-0.0267228791181609,-0.0446086735539316,-0.00357527554290458
26.46,0.536886869723478,-0.0271692222878972,-0.0434135364287118,-0.00289931307478424
26.47,0.527727674171251,-0.0275878439572473,-0.0394309165529586,-0.00219238947709442
26.48,0.518664764282367,-0.0279523268330464,-0.0329484188377886,-0.0014857057217612
26.49,0.509717079985716,-0.0282396539866262,-0.0243241583124303,-0.000808116813259137
26.5,0.500894994248687,-0.0284306761866948,-0.0139846393646327,-0.000185621379877894
26.51,0.492212724735794,-0.028510777104135,-0.00238502043007172,0.000360229075466835
26.52,0.483677045957807,-0.0284698942591698,0.0100102258829433,0.000812722717324349
26.53,0.47529746670033,-0.0283026642492477,0.0227355247026324,0.00115948299639364
26.54,0.467077081750545,-0.028008246474625,0.0353495531163904,0.00139294881666684
26.55,0.459020822552775,-0.027590032646797,0.0474434676596931,0.00151019926703657
26.56,0.451128336903735,-0.0270553320271339,0.0586450310888346,0.00151219313511027
26.57,0.443400330928881,-0.0264148568460758,0.0686347118859755,0.0014038664885949
26.58,0.435833300990708,-0.0256822887887819,0.0771429499625817,0.00119337927859739
26.59,0.428424231551379,-0.0248736361085305,0.0839562147071194,0.000891491334362543
26.6,0.42116681288083,-0.0240067795649537,0.0889247055301869,0.000511445281217271
26.61,0.414054915013596,-0.0231006462861647,0.0919625727479566,6.83596627060109e-05
26.62,0.407080239987496,-0.0221747681527471,0.0930514581062811,-0.000421107316265649
26.63,0.40023469115444,-0.0212483695852411,0.0922383574399266,-0.000939373389608385
26.64,0.393509224326997,-0.0203400135328707,0.0896280812582411,-0.00146860277414021
26.65,0.386895133207845,-0.0194667862672579,0.0853768890752188,-0.00199125094208271
26.66,0.380383812754333,-0.0186440904947784,0.0796908188171022,-0.00249091186831821
26.67,0.373967076915251,-0.0178848589874278,0.0728187087041009,-0.00295254718620364
26.68,0.36763761366679,-0.0171995313717194,0.0650291081893393,-0.00336293348941118
26.69,0.361389228574757,-0.0165957692069694,0.0566079225695191,-0.00371109710983065
26.7,0.355216362861736,-0.016078181547499,0.0478520792808344,-0.00398818179001248
26.71,0.349115487632546,-0.0156486301632852,0.0390439492726618,-0.00418825612979579
26.72,0.343083493551421,-0.0153060968566802,0.030448612049077,-0.00430789859057703
26.73,0.337119615971818,-0.0150471250065991,0.0223194298513691,-0.00434627780981649
26.74,0.331223269036616,-0.0148657191471735,0.0148803161673115,-0.00430527230943657
26.75,0.32539622398482,-0.0147539959140814,0.00832029498008513,-0.00418929216638519
26.76,0.319639949531423,-0.0147022051276639,0.00279462156119707,-0.00400507119575681
26.77,0.313958103737733,-0.0146994218766794,-0.00158265822842082,-0.00376107929879786
26.78,0.308353670889003,-0.0147336483729772,-0.00474838546540071,-0.00346655148630751
26.79,0.302831830836173,-0.0147929790941026,-0.00670689762205496,-0.00313238676062601
26.8,0.29739616484339,-0.014864853608201,-0.00740493243850264,-0.00277142604529917
26.81,0.292051818988218,-0.0149370223287727,-0.00689665910481914,-0.00239601368020055
26.82,0.286802253251622,-0.01499779415149,-0.00526822757516268,-0.00201822807957594
26.83,0.281652327121928,-0.0150366784737085,-0.00263960499580239,-0.00164969527219049
26.84,0.276604816353062,-0.0150444023014343,0.000839650005106816,-0.00130124188211774
26.85,0.271663571547364,-0.0150134800403949,0.00499438028626753,-0.000982718990162163
26.86,0.266829975639745,-0.0149381088193707,0.00963866556727936,-0.000702480673708729
26.87,0.262106285202428,-0.0148145064916903,0.0145818561987663,-0.000467179660347238
26.88,0.257492170679511,-0.0146406884854952,0.0196298995475605,-0.000281629795846876
26.89,0.252988140175,-0.0144167235571636,0.0245924523261757,-0.000148653891692637
26.9,0.248592133857087,-0.014144408958839,0.0292894755325881,-6.91719303578419e-05
26.91,0.244302983100479,-0.0138273568951766,0.0335622453523328,-4.2112689905011e-05
26.92,0.240117123468479,-0.0134705192761535,0.0372739638239728,-6.4692950467533e-05
26.93,0.236032015798359,-0.0130802061107839,0.0403129920843443,-0.000132626407531331
26.94,0.232042934647164,-0.0126635661751005,0.0425964862508299,-0.000240274741901675
26.95,0.228145974888799,-0.0122285030928641,0.0440710666567531,-0.000380952119773416
26.96,0.224336907439389,-0.0117832932144197,0.0447122813760029,-0.000547219025586122
26.97,0.220610148856715,-0.0113362115626206,0.0445253832476337,-0.000731122815928813
26.98,0.216961638261824,-0.0108954280015668,0.0435447894560141,-0.00092448004232361
26.99,0.213385867228366,-0.0104685154009702,0.041830721133504,-0.00111920968439804
27,0.209879033558371,-0.0100624307250027,0.0394642796014666,-0.00130760896063422
27.01,0.206436156655172,-0.00968310960155449,0.0365460142452214,-0.00148255476822532
27.02,0.203054099945979,-0.00933550728071306,0.0331885937212061,-0.00163776973732404
27.03,0.199728753259992,-0.00902329389633946,0.0295167545925985,-0.00176799257340405
27.04,0.196457911944635,-0.00874894178582234,0.0256609134315957,-0.00186906582204831
27.05,0.193238547168762,-0.00851353595385799,0.0217499751615844,-0.00193814671426527
27.06,0.190069487755568,-0.00831698680818361,0.0179069820551765,-0.00197362144480312
27.07,0.18694880349948,-0.00815794016887899,0.0142456761036847,-0.00197508018882615
27.08,0.183876334128647,-0.00803405063483417,0.0108673386079912,-0.00194328794399985
27.09,0.180851170340553,-0.00794195987990537,0.00785889134516623,-0.00188007112315454
27.1,0.177874023739666,-0.00787760550192424,0.00529060248122842,-0.00178822552505212
27.11,0.174944807703159,-0.00783624490488285,0.00321537156320007,-0.00167137471038345
27.12,0.172064859252409,-0.00781278554487921,0.00166575391925899,-0.00153377299387208
27.13,0.169234639063397,-0.00780184479149402,0.000656050886261973,-0.00138015634384739
27.14,0.166455812850972,-0.00779806311838952,0.000182393219209882,-0.00121555886280323
27.15,0.16372908489228,-0.00779614864336978,0.000224617000252941,-0.00104513592390303
27.16,0.161056154863672,-0.00779115633425842,0.000746205513417215,-0.000874008321310918
27.17,0.158437682608148,-0.00777853882398614,0.00169586955182983,-0.000707057708896971
27.18,0.155875108760559,-0.00775437738400303,0.00301102192839862,-0.000548805194121913
27.19,0.153368759125658,-0.00771537940098424,0.00461996598427027,-0.000403279774177772
27.2,0.150919564903917,-0.00765905699421868,0.00644477401295716,-0.000273907105794823
27.21,0.148527312448532,-0.00758366609030658,0.00840562604373213,-0.000163408374113001
27.22,0.146192087904183,-0.00748830618535959,0.0104208748257414,-7.37826654921819e-05
27.23,0.143913596801138,-0.00737288986086654,0.0124103763472464,-6.2756079144246e-06
27.24,0.141690653158,-0.00723805228084435,0.0143024114570502,3.86915518842239e-05
27.25,0.139522467288812,-0.00708516192297944,0.0160302215891146,6.14106817536421e-05
27.26,0.137407242429398,-0.00691616763697028,0.01753606622182,6.28797389088233e-05
27.27,0.135343577443039,-0.00673357625312233,0.0187726890063751,4.47505935806672e-05
27.28,0.133329199247527,-0.00654026750644397,0.0197048792658374,9.25133765606365e-06
27.29,0.131362284799805,-0.00633942679850741,0.0203112465179091,-4.09659987653969e-05
27.3,0.129440301669097,-0.00613439085144629,0.0205770448411851,-0.000102924745867019
27.31,0.127561196834648,-0.00592857542937445,0.0205046287299193,-0.000173406156055574
27.32,0.125722348225363,-0.00572528959729895,0.020106415960112,-0.000249065297540882
27.33,0.123921696958012,-0.00552769483025407,0.0194041176983509,-0.000326541132696778
27.34,0.122156780365366,-0.00533864725045988,0.0184296967303795,-0.000402560647246317
27.35,0.120425751263658,-0.00516067789514355,0.0172211853716426,-0.000474108807821093
27.36,0.11872647822203,-0.00499586892744865,0.0158243962622896,-0.000538455114346257
27.37,0.117057480618427,-0.00484584276386165,0.0142890851902937,-0.000593246557688914
27.38,0.115417098899362,-0.00471168866510972,0.0126673287558185,-0.000636561947369533
27.39,0.113804329582463,-0.00459399417137408,0.0110110373403316,-0.00066697254610905
27.4,0.112218044494746,-0.00449281785138883,0.00937027648897861,-0.000683578364952811
27.41,0.110657723875553,-0.00440775274139716,0.00779182821672878,-0.000686012571172179
27.42,0.109122735412742,-0.00433792553911719,0.00631899496086301,-0.00067437874403612
27.43,0.107612996574992,-0.00428207598910943,0.00498928396450064,-0.000649254081936825
27.44,0.106128304737017,-0.00423859082941107,0.00383338917202006,-0.000611648697792004
27.45,0.10466891929256,-0.00420560314634505,0.00287484331513444,-0.000562937930081661
27.46,0.103234949726519,-0.00418103834949867,0.00212968432324143,-0.000504795166241116
27.47,0.101826874909951,-0.00416271609836335,0.00160629818125784,-0.000439122765368193
27.48,0.100444984135953,-0.00414840175530331,0.00130558714296205,-0.000367982618958818
27.49,0.0990897846635157,-0.00413590105742694,0.00122103309859022,-0.000293521111074101
27.5,0.0977617640456128,-0.00412312362829643,0.0013392173866022,-0.000217905896708747
27.51,0.096461215323556,-0.00410813542102941,0.00164147244346044,-0.000143222275776108
27.52,0.095188571939711,-0.00408922803103854,0.00210379966690137,-7.14406179811395e-05
27.53,0.0939439790028826,-0.00406494828972408,0.00269807449650435,-4.35226295978258e-06
27.54,0.0927276500117928,-0.00403414988599374,0.00339312109640042,5.64870111300667e-05
27.55,0.0915394919827097,-0.00399599986146502,0.00415640779096301,0.00010979065240984
27.56,0.090379433259403,-0.00395000058116594,0.00495493050959087,0.000154583108590188
27.57,0.0892471039565805,-0.00389597463745272,0.00575650454821076,0.000190219597818897
27.58,0.0881421410766441,-0.00383406705798779,0.00652989463535425,0.000216399958577347
27.59,0.0870639155687893,-0.00376471215709085,0.00724753227605486,0.000233159129082841
27.6,0.0860118128135445,-0.00368861014029367,0.00788433163747489,0.000240835767057096
27.61,0.0849849989047096,-0.00360668540567808,0.00841938245609593,0.000240052198086899
27.62,0.0839826685913616,-0.00352005339050747,0.00883598626353033,0.00023165858027516
27.63,0.0830038440816869,-0.00342996398254511,0.00912266552522513,0.000216716629536793
27.64,0.0820476017197347,-0.00333775727815844,0.00927303075621276,0.000196441754570721
27.65,0.081112899796433,-0.00324480738112658,0.00928550065473471,0.000172150056908655
27.66,0.0801987767902013,-0.00315248154478358,0.00916312126188693,0.00014521221237641
27.67,0.0793042038580891,-0.00306208979917861,0.00891325489947963,0.000117007814924256
27.68,0.0784282587712681,-0.0029748492739188,0.00854714020822857,8.888125783433e-05
27.69,0.0775699986658163,-0.00289184376399326,0.00807931859660404,6.21000815440341e-05
27.7,0.0767286088427177,-0.00281399785025007,0.0075271166064023,3.78140901303795e-05
27.71,0.0759032869333778,-0.00274205106988323,0.00690966260900095,1.70135129337748e-05
27.72,0.0750933727567329,-0.00267654138463455,0.00624798436794185,5.46925183549118e-07
27.73,0.0742982503489253,-0.00261779509516851,0.00556298637883171,-1.09465028358233e-05
27.74,0.0735174449897205,-0.00256593281833017,0.00487512754183107,-1.70333414756781e-05
27.75,0.0727505333433367,-0.00252087412090407,0.00420396416609838,-1.74817458375446e-05
27.76,0.071997216343326,-0.00248235091572867,0.00356766190587973,-1.22538617987648e-05
27.77,0.0712572804318281,-0.00244992416843264,0.00298231410731457,-1.5043036943936e-06
27.78,0.0705305695400202,-0.00242300720341517,0.00246147410076614,1.44331115340667e-05
27.79,0.0698170266096492,-0.00240089329350338,0.00201598517624906,3.50679504378574e-05
27.8,0.0691166277589881,-0.00238278201759829,0.00165388181210728,5.97854589708619e-05
27.81,0.0684294211078802,-0.00236781018210111,0.00138001498237261,8.78614386192771e-05
27.82,0.0677554666300582,-0.0023550833526928,0.00119611791430889,0.000118492582747523
27.83,0.0670948630645585,-0.00234370605649718,0.00110094480658701,0.000150830269687286
27.84,0.0664476986793705,-0.00233281175939998,0.00109042142984053,0.000184011821724361
27.85,0.065814070399675,-0.00232158562572662,0.00115833754596707,0.000217186298636095
27.86,0.0651940451818458,-0.00230928954430123,0.00129603298957958,0.00024954231831245
27.87,0.0645876735165505,-0.00229528088684902,0.00149319838099192,0.000280331254313807
27.88,0.0639949596778342,-0.00227902869197137,0.00173809745138078,0.000308885186534315
27.89,0.0634158712870851,-0.00226012420537357,0.00201812318751913,0.000334638210758486
27.9,0.0628503206729212,-0.00223828753907475,0.00232029369862999,0.000357140976755938
27.91,0.0622981727307197,-0.00221336994862934,0.00263132966668808,0.000376060427009415
27.92,0.0617592329746923,-0.00218535316938409,0.00293865307628368,0.00039119516529432
27.93,0.0612332580238863,-0.0021543390583273,0.00323054424828039,0.000402476142637258
27.94,0.0607199526619686,-0.00212054243354074,0.00349621409176919,0.000409948030789087
27.95,0.0602189729323017,-0.00208427834972595,0.00372624749349958,0.000413764453059169
27.96,0.0597299323700975,-0.00204594680042224,0.00391304551963786,0.000414191471202165
27.97,0.0592524083886961,-0.00200601301327659,0.0040508478241671,0.000411587730663857
27.98,0.0587859545381972,-0.00196498704208767,0.00413632377048707,0.000406386572239895
27.99,0.0583301009879147,-0.00192332465093828,0.00418181190802668,0.000398933691982676
28,0.057884369346227,-0.00188154651761053,0.0041683713774192,0.000389682592319288
28.01,0.057420985552338,-0.00185510850467793,0.00143333001563782,0.000209692773129278
28.02,0.0569058307727293,-0.00185494172411609,-0.00111218936519475,3.17641557238456e-05
28.03,0.0563379897691325,-0.00187908336022274,-0.00344242121142517,-0.00012415420750531
28.04,0.0557175923971274,-0.00192514441389872,-0.00551354585418838,-0.000255866048985793
28.05,0.0550461893339769,-0.00199025802602935,-0.00727640222177952,-0.000361547116579924
28.06,0.0543266339221837,-0.00207111401856014,-0.00869106936366148,-0.000440334157274234
28.07,0.0535628917300004,-0.00216405974042636,-0.00972831567437468,-0.00049250372043495
28.08,0.052759787711568,-0.00226520775225583,-0.0103682160110194,-0.000519250808575474
28.09,0.0519227261287529,-0.00237042842434681,-0.0105820516959026,-0.000522941336512276
28.1,0.0510575175065764,-0.00247541230255167,-0.0103678416316133,-0.000506647612996346
28.11,0.0501702648167068,-0.00257604239070277,-0.00975654908606238,-0.000473789204202409
28.12,0.0492671727956759,-0.00266855452467501,-0.00878694472882559,-0.000427976857305911
28.13,0.0483544009691741,-0.00274960476819516,-0.00750351832543265,-0.000372944222448986
28.14,0.0474378756080434,-0.00281633610556028,-0.00595791490242998,-0.000312504100211855
28.15,0.0465232059468379,-0.00286642297257701,-0.0042056421235361,-0.000250144423881396
28.16,0.0456155456856555,-0.00289816155625205,-0.00231366820085337,-0.000189329454697823
28.17,0.044719487409111,-0.00291052924995527,-0.000349338007478334,-0.000133046012718965
28.18,0.0438390201833165,-0.00290315499573425,0.00162342032217193,-8.37161905177776e-05
28.19,0.0429775096131753,-0.00287629644002602,0.00354291132021356,-4.32851012976217e-05
28.2,0.0421376351661529,-0.00283083055451943,0.00534696097828075,-1.32308095997293e-05
28.21,0.0413214135157753,-0.00276818661177516,0.00698744367558214,5.69990392791365e-06
28.22,0.0405302344664156,-0.00269023858312324,0.00842128411174441,1.32599967783643e-05
28.23,0.0397648679638083,-0.00259926507503398,0.00961196928589954,9.62501802076102e-06
28.24,0.039025501048946,-0.0024978394579273,0.0105355828635009,-4.50552008637136e-06
28.25,0.0383118143786261,-0.00238870994631739,0.0111793058391931,-2.80578764728426e-05
28.26,0.0376230137086502,-0.00227471550401198,0.011536928554508,-5.97832916905711e-05
28.27,0.0369578952305378,-0.00215868622985981,0.0116163566052115,-9.80865882551128e-05
28.28,0.0363149390874913,-0.00204332978096107,0.0114310893338726,-0.000141292900525688
28.29,0.035692355853155,-0.00193120631319317,0.0109982896841515,-0.000187688937853543
28.3,0.035088174711662,-0.00182465437360981,0.0103437457752063,-0.00023538313394611
28.31,0.0345003493381881,-0.00172571872025767,0.00949979939497692,-0.000282474246653605
28.32,0.0339268504850221,-0.00163608875961161,0.00850396847947959,-0.000327110783089417
28.33,0.0333657194735286,-0.00155708209014813,0.00739309276820627,-0.000367668323206627
28.34,0.0328151324064665,-0.00148962664846646,0.00620813214322,-0.000402675789348266
28.35,0.0322734476966033,-0.00143423169342162,0.00499098248809789,-0.00043092529049577
28.36,0.0317392498382079,-0.00139099710930411,0.00378168947517835,-0.000451528826133235
28.37,0.0312113551715694,-0.00135963964076628,0.00261684998816464,-0.000463939217554346
28.38,0.0306888324891545,-0.00133952911001696,0.00152968885164479,-0.000467927674157229
28.39,0.030170993528694,-0.00132972638361028,0.00054896226117087,-0.000463585452827384
28.4,0.0296573948190613,-0.00132903285943987,-0.000301697097079208,-0.000451303036970963
28.41,0.029147811964763,-0.00133604326147782,-0.00100414056142664,-0.000431737576648365
28.42,0.02864222885907,-0.00134920232081695,-0.00154590426928947,-0.000405773864434854
28.43,0.0281408048269194,-0.00136686098288426,-0.00192025984488207,-0.000374466572234824
28.44,0.0276438595766031,-0.00138733637108532,-0.00212633775739117,-0.000339000052403871
28.45,0.0271518341939005,-0.00140896452826523,-0.00216831032471399,-0.000300638353156404
28.46,0.0266652738749222,-0.00143015091802027,-0.00205554938636045,-0.000260676946227179
28.47,0.0261847785465505,-0.0014494242525128,-0.00180236409644912,-0.000220439440592094
28.48,0.0257109778471341,-0.00146547320362159,-0.00142610886743072,-0.000181190010114895
28.49,0.0252444926485635,-0.00147717461626599,-0.000946664714634612,-0.000144106602961602
28.5,0.0247859153961123,-0.00148361713153254,-0.0003863335224591,-0.000110257907944834
28.51,0.0243357609722548,-0.00148413006103184,0.000229511400245218,-8.06605636247539e-05
28.52,0.0238944425415362,-0.0014782868727093,0.000877902798112065,-5.60783414656392e-05
28.53,0.0234622684359129,-0.00146589150542131,0.00153511511862868,-3.71056006834437e-05
28.54,0.0230394280298514,-0.00144698329565427,0.00217804127611278,-2.41321427130115e-05
28.55,0.0226259807515037,-0.00142183268378403,0.0027837647089564,-1.73486539928713e-05
28.56,0.0222218651710477,-0.00139092139685986,0.00333301583298224,-1.66701681483952e-05
28.57,0.021826921408076,-0.00135490034428039,0.00381055254011725,-2.17386786800208e-05
28.58,0.021440914155221,-0.00131455980947801,0.00420355080392878,-3.2033696955817e-05
28.59,0.021063537015972,-0.00127079874771186,0.00450275717485999,-4.68810998761949e-05
28.6,0.0206944265285154,-0.00122458972089803,0.00470253901868881,-6.54871827365752e-05
28.61,0.0203331824082724,-0.00117693896556278,0.00480118682409415,-8.69591475982691e-05
28.62,0.0199793763117704,-0.00112885317193072,0.00479999181524919,-0.0001103676704433
28.63,0.0196325678849414,-0.0010813094879806,0.00470329473292149,-0.000134768536857996
28.64,0.019292314762775,-0.00103522398066077,0.0045185949919322,-0.000159220715617916
28.65,0.0189581945022184,-0.000991425451204686,0.00425555381510992,-0.00018281048515974
28.66,0.018629814372698,-0.000950632994475579,0.0039261186638477,-0.000204690882063038
28.67,0.0183068254350456,-0.00091343786609673,0.0035437102930449,-0.000224112818961018
28.68,0.0179889255920376,-0.00088029053623446,0.00312288279383203,-0.000240446600312758
28.69,0.0176758674892588,-0.000851491970623767,0.00267878567532453,-0.000253202094768959
28.7,0.0173674561039503,-0.000827191942899869,0.00222644725899826,-0.00026203930716222
28.71,0.017063551582809,-0.000807392513654923,0.00178036589302863,-0.000266768589010331
28.72,0.0167640643948239,-0.000791955818130045,0.00135404192699318,-0.000267348963779061
28.73,0.016468953776867,-0.000780617253389163,0.000959302713531506,-0.000263893380542411
28.74,0.0161782118130471,-0.000773004533028761,0.000606416494576328,-0.000256662732361354
28.75,0.0158918674903106,-0.000768646578543586,0.000304470460227889,-0.000246000961807392
28.76,0.0156099751298653,-0.000766998543077706,5.95151453960707e-05,-0.000232382781122122
28.77,0.0153326048453506,-0.000767468537299771,-0.000124779196542877,-0.00021635816407922
28.78,0.0150598350232638,-0.000769439300135298,-0.000246704046696307,-0.000198512538551244
28.79,0.0147917565786324,-0.000772285517281764,-0.000306439009885817,-0.000179428056499364
28.8,0.0145284623576547,-0.000775401020255399,-0.000307068311122011,-0.000159723327485804
28.81,0.0142700431056371,-0.000778216306408263,-0.000252684789806799,-0.000139973445869994
28.82,0.0140165854670151,-0.000780210090215557,-0.00014875488795331,-0.000120718213736086
28.83,0.0137681679123318,-0.000780923574833612,-2.13383147031045e-06,-0.000102459137430634
28.84,0.0135248525444114,-0.00077997294736327,0.000179210422054951,-8.56446994893388e-05
28.85,0.013286681216786,-0.000777057859838532,0.000386656645585081,-7.06591802695126e-05
28.86,0.0130536688272267,-0.000771967531602841,0.000611043605827888,-5.78148819433896e-05
28.87,0.0128258012560529,-0.000764582446208821,0.000843328514159892,-4.7335801392509e-05
28.88,0.0126030366063423,-0.00075487324286968,0.00107453681457302,-3.93518887582443e-05
28.89,0.0123853044248925,-0.000742896968766532,0.00129635267346785,-3.39069202620454e-05
28.9,0.0121725072445322,-0.000728790041708749,0.0015011917801224,-3.0963750452229e-05
28.91,0.0119645202477141,-0.000712759179522407,0.00168250165745394,-3.04113581740097e-05
28.92,0.0117611936500417,-0.00069507042866111,0.00183488630894632,-3.2074306625445e-05
28.93,0.0115623536560649,-0.000676036223278754,0.00195432060723256,-3.57216938695757e-05
28.94,0.011367806811454,-0.000656002240974828,0.00203807619324261,-4.10751420045651e-05
28.95,0.011177343747435,-0.000635333846026646,0.00208479073911963,-4.78186558047767e-05
28.96,0.0109907452646354,-0.000614402892082909,0.00209439360224749,-5.56098646235824e-05
28.97,0.0108077872665024,-0.000593575102334937,0.00206804062363839,-6.40921043820191e-05
28.98,0.0106282470045773,-0.000573198419030396,0.0020080031586258,-7.29064318115729e-05
28.99,0.0104519078711807,-0.000553592536728524,0.00191753464543543,-8.17031069789556e-05
29,0.0102785649333645,-0.000535039961800943,0.00180071035754588,-9.01522062212665e-05
29.01,0.0101080288525157,-0.000517778749972661,0.00166224809539694,-9.79530629207004e-05
29.02,0.00994013061306909,-0.000501996693836989,0.00150743824315302,-0.000104836782054763
29.03,0.00977472622641962,-0.000487827348143107,0.00134165636445887,-0.000110577918960321
29.04,0.00961169651991867,-0.000475351294786534,0.00117024762751115,-0.000115005474390668
29.05,0.00945094896101484,-0.000464594736020611,0.000998662706164603,-0.000117992940018423
29.06,0.00929241890909971,-0.000455530513349243,0.000832101203051958,-0.0001194681395391
29.07,0.0091360679463115,-0.000448081998355914,0.000675276806881524,-0.000119415467175719
29.08,0.00898188164593527,-0.000442128712609562,0.000532291116920414,-0.000117873160003244
29.09,0.00882986629145677,-0.000437512978532436,0.000406540604280248,-0.000114928052031776
29.1,0.00868004582076232,-0.000434047218191155,0.000300684692304443,-0.000110708646903963
29.11,0.00853245861766005,-0.000431521620581368,0.000216563065685554,-0.000105376064300955
29.12,0.00838715436931636,-0.00042971250278063,0.000155214721058685,-9.91187652284993e-05
29.13,0.00824419007045929,-0.000428390172767779,0.000116877359413014,-9.21455691735918e-05
29.14,0.00810362603564752,-0.000427326748112327,0.000101037849988276,-8.46784279151668e-05
29.15,0.00796552195747235,-0.000426303317839949,0.000106494808141408,-7.69444013195521e-05
29.16,0.0078299331900773,-0.000425116423079219,0.000131433076481763,-6.91678872415401e-05
29.17,0.00769690757956543,-0.000423583811999656,0.000173496876369889,-6.15632117365614e-05
29.18,0.00756648260177073,-0.000421549316904828,0.000229892299819156,-5.4329194814456e-05
29.19,0.00743868253568891,-0.000418885997695134,0.000297603455429995,-4.76448202762842e-05
29.2,0.00731351673162894,-0.000415498447116305,0.000373388905332534,-4.16620935771725e-05
29.21,0.00719097892878384,-0.000411324029407598,0.00045395209738751,-3.65014250244656e-05
29.22,0.00707104738086883,-0.000406333029505869,0.000536021351418889,-3.22489065994875e-05
29.23,0.00695368553955955,-0.000400527809502259,0.000616456461541946,-2.89555921799487e-05
29.24,0.00683884309950944,-0.000393940916465264,0.000692362982547218,-2.66376860233287e-05
29.25,0.00672645848550513,-0.000386631595827407,0.000761239724198914,-2.5272214540935e-05
29.26,0.00661646032392849,-0.000378683393113433,0.000820733880403133,-2.48140825728325e-05
29.27,0.00650876844089687,-0.000370200327976324,0.000869083313560003,-2.5186239636361e-05
29.28,0.00640329668373507,-0.000361301326661351,0.000904988904652828,-2.6291319620528e-05
29.29,0.00629995413800266,-0.000352115203234587,0.000927754713121803,-2.80136685584853e-05
29.3,0.00619864782114199,-0.000342775089814244,0.000937111947195655,-3.02272157654421e-05
29.31,0.00609928333265231,-0.000333414856399308,0.00093316054784447,-3.28021906645942e-05
29.32,0.00600176633815774,-0.000324165057442802,0.000916427465670311,-3.56055703558099e-05
29.33,0.00590600433506427,-0.000315148736420084,0.000887832206695667,-3.85052023775728e-05
29.34,0.00581190853905689,-0.000306477778223252,0.000848652839192886,-4.13729314003079e-05
29.35,0.00571939565544444,-0.000298249574945424,0.000800462635161736,-4.40888452167685e-05
29.36,0.00562838937871657,-0.000290544546240662,0.000745050215684779,-4.65451529673387e-05
29.37,0.00553882144169027,-0.000283424379833591,0.0006843464184894,-4.86490940913166e-05
29.38,0.00545063247225119,-0.000276931014975706,0.000620351914470567,-5.03251426624435e-05
29.39,0.00536377240044672,-0.000271086325850491,0.000555067164435548,-5.15165045185171e-05
29.4,0.00527820063376261,-0.000265892550577201,0.000490413636529516,-5.21863694781534e-05
29.41,0.005193885543882,-0.0002613332467886,0.000428216247265485,-5.23189866012974e-05
29.42,0.00511080388205176,-0.000257374692036621,0.000370108885808041,-5.19177427746945e-05
29.43,0.0050289402338306,-0.000253967955669125,0.0003175151572417,-5.10035359078449e-05
29.44,0.0049482862816328,-0.000251051286561634,0.00027159618683572,-4.96127204767767e-05
29.45,0.00486884004545196,-0.000248552876664557,0.000233228266138766,-4.77950746880138e-05
29.46,0.00479060480121252,-0.000246393776081813,0.000202991692366349,-4.56115198691217e-05
29.47,0.00471358800692201,-0.000244490860559474,0.00018117474128802,-4.3131450940046e-05
29.48,0.00463780030613048,-0.000242759568827344,0.000167796611141799,-4.04285210302748e-05
29.49,0.00456325427495852,-0.000241117011687588,0.000162545038861056,-3.75817040404844e-05
29.5,0.00448996292999748,-0.000239484604604555,0.00016490036263434,-3.46687095253706e-05
29.51,0.00441793904533316,-0.000237790117302936,0.000174139010964432,-3.17645143513514e-05
29.52,0.0043471939472477,-0.000235969531526982,0.000189358052181663,-2.89404089503079e-05
29.53,0.00427773622885397,-0.000233968850841617,0.000209473481757134,-2.62638504859166e-05
29.54,0.00420957001648414,-0.000231745443310703,0.000233345607200912,-2.37950654064754e-05
29.55,0.0041426948876726,-0.00022926804196616,0.000259811224467741,-2.15835060496606e-05
29.56,0.00407710497605596,-0.000226517489281585,0.000287635281190371,-1.9670214829507e-05
29.57,0.0040127885450314,-0.000223486924009057,0.000315604182226336,-1.80844978949548e-05
29.58,0.00394972807531069,-0.000220181205408068,0.000342586335693749,-1.68427709955595e-05
29.59,0.00388790077346801,-0.00021661589957921,0.000367564926464233,-1.59488276848792e-05
29.6,0.00382727908799829,-0.000212816005022364,0.000389659185191904,-1.53947620164693e-05
29.61,0.0037678314128522,-0.000208814508088494,0.000408139802701291,-1.51621822584033e-05
29.62,0.00370952272474057,-0.000204650807232239,0.000422437755768749,-1.52236677555712e-05
29.63,0.00365231530527321,-0.000200369039351134,0.000432161632652767,-1.55445808856665e-05
29.64,0.00359616943578356,-0.000196016284713235,0.000437093127486424,-1.60842544742276e-05
29.65,0.00354104429161861,-0.000191640851942105,0.000437187714768314,-1.67975373738286e-05
29.66,0.00348689876604968,-0.000187290593927034,0.000432562741816052,-1.76364032554187e-05
29.67,0.00343369239971114,-0.000183011320338211,0.00042349114218202,-1.85513416990067e-05
29.68,0.00338138630684526,-0.000178845457618245,0.000410362051998452,-1.94928302214825e-05
29.69,0.00332994388372398,-0.000174830874144237,0.000393681492814929,-2.0413474886676e-05
29.7,0.00327933138903624,-0.000170999902354477,0.000374039982599505,-2.12696690374132e-05
29.71,0.00322951825030326,-0.000167378580089179,0.000352094957957875,-2.20229735603052e-05
29.72,0.00318047732820048,-0.000163986120898643,0.000328545637119849,-2.26410795970662e-05
29.73,0.00313218496461332,-0.000160834661384976,0.000304098017334135,-2.30988644175167e-05
29.74,0.00308462073708338,-0.000157929379533276,0.000279451129537541,-2.33792409478217e-05
29.75,0.00303776758848517,-0.000155268344407136,0.000255306444506037,-2.34710137155558e-05
29.76,0.00299161164331796,-0.000152843098236799,0.000232276771821308,-2.33715541615768e-05
29.77,0.00294614174797925,-0.000150639472944924,0.000210899506084317,-2.30850442617076e-05
29.78,0.00290134926583896,-0.000148638351834921,0.000191633570575921,-2.26214568169211e-05
29.79,0.00285722779639475,-0.000146816507019439,0.000174849259500851,-2.19958839783323e-05
29.8,0.00281377290736629,-0.000145147537975395,0.00016081966017987,-2.1227826423001e-05
29.81,0.0027709817499737,-0.000143602871610835,0.000149716072234158,-2.03403549469909e-05
29.82,0.00272885278114199,-0.000142152743794535,0.000141614505091778,-1.93586637204168e-05
29.83,0.00268738533786816,-0.000140767280828958,0.000136472398789373,-1.83102668407955e-05
29.84,0.00264657917692457,-0.00013941751195743,0.000134165106282219,-1.72230329645932e-05
29.85,0.00260643415203354,-0.000138076137016653,0.00013449041813815,-1.61244512983551e-05
29.86,0.00256694986578498,-0.000136718288107744,0.000137173137000524,-1.50410811930171e-05
29.87,0.00252812527022694,-0.000135322194195206,0.000141877373518948,-1.39977738588272e-05
29.88,0.00248995836437516,-0.000133869707677709,0.00014822160950624,-1.3016927323566e-05
29.89,0.00245244590801885,-0.000132346673390996,0.000155794165877795,-1.21178593344569e-05
29.9,0.00241558325103863,-0.000130743145392872,0.000164169774734896,-1.13163264829269e-05
29.91,0.00237936418715901,-0.000129053433886238,0.000172923351089462,-1.06242042236547e-05
29.92,0.00234378091990362,-0.000127276036910838,0.000181644217237031,-1.00492991447938e-05
29.93,0.00230882405243715,-0.000125413417883502,0.000189948885776677,-9.59532321915552e-06
29.94,0.00227448267445762,-0.000123471674435509,0.000197491895482563,-9.26200215401781e-06
29.95,0.00224074447795619,-0.000121460106963697,0.00020397472539212,-9.04530819999817e-06
29.96,0.00220759587228869,-0.000119390743714576,0.000209145369517348,-8.93824502594352e-06
29.97,0.00217502213455578,-0.00011727775253509,0.000212826143316319,-8.93051336235806e-06
29.98,0.00214300775755927,-0.000115136726282745,0.000214897616364799,-9.00934617789215e-06
29.99,0.00211153664079422,-0.000112984173994996,0.000215293683276332,-9.16030401875193e-06
30,0.00161289453086777,-0.00359983464973868,0.000214013698988184,-9.36693714641599e-06
30.01,0.000960424130668436,-0.00593201020154184,-0.00285360882353171,-0.000302237045504263
30.02,-6.2276230829994e-06,-0.00825475460560795,-0.00482528545618881,-0.000574305374946404
30.03,-0.00126767658818672,-0.0105968586215042,-0.00507931971620847,-0.000768528633326742
30.04,-0.0028123816026433,-0.012885450331143,-0.00319064434148986,-0.000874372585136139
30.05,-0.00469756351280637,-0.0152105364599035,0.00111291267298168,-0.000892296312368412
30.06,-0.00701242854470063,-0.0174986756770436,0.00792223984496715,-0.000832951470538576
30.07,-0.00986044382251539,-0.0198703854069763,0.0171589147641322,-0.000714557968260481
30.08,-0.013357666495355,-0.0222155462040899,0.0286130035330326,-0.000559941262921408
30.09,-0.0176134648127171,-0.024673444726788,0.0419729405317312,-0.000393403986477917
30.1,-0.0227407372822857,-0.0270905203375904,0.0569684156223773,-0.000237582037633906
30.11,-0.0288078840910275,-0.0296179197832587,0.0731673121983593,-0.000112222910096581
30.12,-0.0359051012170442,-0.0320596262995756,0.0902398129463616,-3.27244231368005e-05
30.13,-0.0440379768445904,-0.0345861269411869,0.107765460416739,-1.2057108993797e-05
30.14,-0.0532934051348128,-0.0369694451939664,0.125415306737285,-5.942637818155e-05
30.15,-0.0636129964560288,-0.0394078001883675,0.142893585198287,-0.000182106386349621
30.16,-0.0751116404968766,-0.0416494421581754,0.159901932172918,-0.000384379144039959
30.17,-0.0876611287143376,-0.0439247450612052,0.176187862830223,-0.000666784500363756
30.18,-0.10143221593091,-0.0459620074570633,0.191587845476578,-0.00102714916405043
30.19,-0.116215229114205,-0.0480237044051867,0.206001585116403,-0.00146092913864808
30.2,-0.132260072762257,-0.0498175831020946,0.219360190508129,-0.00196222699843427
30.21,-0.149257061367788,-0.0516350558286803,0.23165326306408,-0.00252398367601423
30.22,-0.16755362414469,-0.0531620519041238,0.242854881526774,-0.00313912173648645
30.23,-0.186718402832117,-0.054716562331957,0.25297957997258,-0.0038000206841398
30.24,-0.207214009065255,-0.055962381696281,0.262037510031697,-0.00449985080978558
30.25,-0.228467709307795,-0.0572424411927977,0.269994430057873,-0.00523373030726194
30.26,-0.251077246457108,-0.05819983850375,0.27679040446179,-0.00599955040112519
30.27,-0.274313142185312,-0.0592025882109953,0.282382115584531,-0.00679386778426305
30.28,-0.298927742171855,-0.0598745206875573,0.286740448164754,-0.00760996460722767
30.29,-0.324018613011213,-0.0606073793319851,0.289897019820871,-0.00843921533077058
30.3,-0.349960249315873,-0.0612130227999347,0.291910183572894,-0.00927268958721844
30.31,-0.377311577042464,-0.0614819746068658,0.292865886456839,-0.0101016359028411
30.32,-0.404882547482127,-0.0618377139272957,0.292904481874317,-0.0109185753794604
30.33,-0.433880417363165,-0.0618530422891918,0.292131289864635,-0.0117166478684084
30.34,-0.462908794593124,-0.0619697960862003,0.290600767896675,-0.0124935947253457
30.35,-0.493384654781104,-0.0617432615328743,0.288307574718841,-0.0132476930560413
30.36,-0.523700115067958,-0.0616343222804724,0.285281438831525,-0.0139752664191849
30.37,-0.554570563375862,-0.0614211155947883,0.281614759660753,-0.0146704714203816
30.38,-0.586937759131318,-0.0608635273098582,0.277427975621747,-0.0153272449154821
30.39,-0.61885823325215,-0.0604471813884207,0.272830649531876,-0.0159399623716902
30.4,-0.651218050731995,-0.0599354526868549,0.267920824764074,-0.0165045148825706
30.41,-0.685140088244236,-0.059075134336904,0.262817642836098,-0.0170170117352494
30.42,-0.718329905900924,-0.0583731250603018,0.257452426544933,-0.0174739160905491
30.43,-0.753169194526725,-0.0573476257969526,0.246341217497028,-0.0181654520084129
30.44,-0.787194737793436,-0.0565613597652531,0.233138374109224,-0.0188805404947042
30.45,-0.821606532762288,-0.0557651572382887,0.219656160281776,-0.0194664645485769
30.46,-0.857839911268496,-0.0546908603876924,0.206111018566213,-0.0199098145103223
30.47,-0.892994951466729,-0.0538758141545306,0.192614401636748,-0.0202134623872076
30.48,-0.928448315059988,-0.0530529452351876,0.179287849713072,-0.0203828629807416
30.49,-0.965828731828558,-0.05194346256425,0.16626052169452,-0.0204248471951118
30.5,-1.00186933503063,-0.0510962999238158,0.153650612636332,-0.0203473766162503
30.51,-1.03814094128044,-0.050233245748231,0.141561278432926,-0.0201590739427102
30.52,-1.07646729947219,-0.0490669235695365,0.13006363856801,-0.0198683067411288
30.53,-1.11321094697962,-0.0481552912017933,0.119223194735812,-0.0194838258377025
30.54,-1.15013668681069,-0.0472119371452785,0.109101890309193,-0.0190152432851938
30.55,-1.18723185787648,-0.0462303631369803,0.0997453428777045,-0.0184718670257346
30.56,-1.22657811884204,-0.0449157616613846,0.091199786925879,-0.0178635828299602
30.57,-1.26404078309146,-0.0438350378406391,0.0834885834741687,-0.0171997112154601
30.58,-1.30163968324433,-0.0426902070278779,0.0776753018781059,-0.0165307823009503
30.59,-1.34165088540084,-0.0411688104642862,0.0739021616763611,-0.0158882173848423
30.6,-1.3795512596038,-0.0398372544762559,0.0706792080597284,-0.0152295198789545
30.61,-1.41751870106588,-0.0384023853099753,0.0678688786972969,-0.0145525963657858
30.62,-1.45796507074749,-0.036570890575429,0.0654903974454006,-0.0138610371433711
30.63,-1.49594680827013,-0.0349123401421124,0.0635720894952199,-0.0131597471687807
30.64,-1.53376497232874,-0.0331313286689225,0.0621383248895178,-0.0124544650192303
30.65,-1.57127388493879,-0.0312188744689555,0.0612047537305217,-0.0117512168121234
30.66,-1.61097621603235,-0.0288807674923588,0.0607765948998484,-0.0110559055765891
30.67,-1.64727410299491,-0.0266748950794184,0.0608582883070346,-0.0103743884790266
30.68,-1.68253333702006,-0.0243061412251,0.0614354883954857,-0.00971175752655557
30.69,-1.7193149940188,-0.0214878378010001,0.0624869026451514,-0.00907271189467195
30.7,-1.75165290738101,-0.0187710831786213,0.0639817764365965,-0.0084611457010684
30.71,-1.78206898569075,-0.0158730057177299,0.0658933491870926,-0.00788073622461682
30.72,-1.81327733806472,-0.012523971463423,0.0681882096480121,-0.00733444764789797
30.73,-1.83914543912708,-0.00926949457852629,0.0708332856234252,-0.00682457867962135
30.74,-1.86242484912338,-0.0058435929913852,0.0737909136393497,-0.00635320787189539
30.75,-1.88600656223586,-0.00199565374290708,0.0770157765025398,-0.0059218720121551
30.76,-1.90377632871541,0.00173870548873857,0.0804608547130962,-0.00553164527282173
30.77,-1.92174772704535,0.00585938278231482,0.0840803253788129,-0.00518320357351481
30.78,-1.9267160257425,0.0089179210337901,0.0878321813750498,-0.00487681375612846
30.79,-1.92647779884843,0.0118409213681593,0.0916737944591776,-0.00461232853204433
30.8,-1.92712823498758,0.0151040403735424,0.0955628452100967,-0.00438920358264294
30.81,-1.92580651588382,0.0184539274857501,0.0994607630471055,-0.00420651000137164
30.82,-1.9198115330929,0.0216623672371416,0.103324493743582,-0.00406317346965568
30.83,-1.91508238055039,0.0251635482073102,0.107104204804568,-0.00395828274679888
30.84,-1.90891101589498,0.0287208848552707,0.110762329720779,-0.00389015824768518
30.85,-1.89876279628691,0.0321350838933665,0.117731160290654,-0.00371278759132162
30.86,-1.89018767541221,0.0358564912150319,0.128869923203091,-0.00333361046937369
30.87,-1.88053294623583,0.0396837814125676,0.140066668289356,-0.00303236736565552
30.88,-1.86989905706025,0.0436084565952965,0.150967647729691,-0.00284217482308784
30.89,-1.85587680879185,0.0474464899290687,0.161529524605387,-0.00275920555645452
30.9,-1.8435237337538,0.0515470774672074,0.171701330611435,-0.00277620528627321
30.91,-1.83031733367407,0.0557209140546041,0.181518188426879,-0.00288107170802298
30.92,-1.81394126991666,0.0598052059281624,0.191282169062279,-0.00304651104825608
30.93,-1.79903809577825,0.0641206526856954,0.201200393601606,-0.00325513058034613
30.94,-1.78320667565268,0.0685031943478028,0.211266504220088,-0.00350399089526106
30.95,-1.76427437042955,0.0728103586292864,0.221302172547158,-0.00380182846853704
30.96,-1.74653330942803,0.0773277192269001,0.230823206896804,-0.00416893508669378
30.97,-1.72777681530898,0.0818939276292075,0.238223425331103,-0.00467214222370459
30.98,-1.70605091432351,0.0863438136654039,0.240087882882964,-0.0053600887422962
30.99,-1.68539537049252,0.0908646641274358,0.234173306042351,-0.00637518983609705
31,-1.66389728907087,0.0952364473560751,0.218633015257054,-0.0077606563355339
31.01,-1.63988910184269,0.0992458240823866,0.192740703772578,-0.00943554476098123
31.02,-1.61714424078303,0.103019329281032,0.157142113770853,-0.0112628748672858
31.03,-1.59392807764577,0.106350796855053,0.113361661249805,-0.0130805014943209
31.04,-1.56870424290222,0.10907412531905,0.0640179379593195,-0.0147009366760358
31.05,-1.54484969894844,0.111349511589451,0.0119528272721159,-0.0159714146503652
31.06,-1.52072271927372,0.113060160404128,-0.04060579720922,-0.0168150471914659
31.07,-1.49488732966235,0.114124806272973,-0.092143603585259,-0.0172104713705622
31.08,-1.47036125222318,0.114733554538492,-0.141727093782574,-0.0171759511208616
31.09,-1.44429094914186,0.114742524726842,-0.188785916564436,-0.0167563073985552
31.1,-1.41949098774671,0.114337987310973,-0.23293841321493,-0.0160070556337139
31.11,-1.39458951778375,0.113468869278144,-0.273978850477131,-0.0149874194977584
31.12,-1.36842599841052,0.112100642247333,-0.311822296666105,-0.0137528752018516
31.13,-1.34352472524183,0.110401516056071,-0.346492560026225,-0.0123528150074915
31.14,-1.31756989116045,0.10827362083872,-0.377993479915622,-0.0108237343923045
31.15,-1.29288749831736,0.105871951951978,-0.406168531096983,-0.00918436093922976
31.16,-1.26836435782713,0.103169442452904,-0.430476430671237,-0.00742737703971318
31.17,-1.24306651856836,0.100157591682044,-0.450506962758357,-0.00554653891240015
31.18,-1.21900430366034,0.0969827976042529,-0.4661994713349,-0.0035572835312628
31.19,-1.1943053779701,0.0935911804945785,-0.477529178841488,-0.00147284005787379
31.2,-1.17078253993664,0.0901185392561561,-0.484326817961378,0.000698095499300993
31.21,-1.14672938918789,0.0865259784646789,-0.486253723655134,0.00294807549460165
31.22,-1.12376377290779,0.0829440624362375,-0.483075203103471,0.00526086747454719
31.23,-1.10104493580298,0.0793826111563249,-0.474744047865347,0.00760585668476353
31.24,-1.07790032479731,0.0758615135191382,-0.461324328913616,0.00994043697586631
31.25,-1.05568680082649,0.0724957297252854,-0.443015298016888,0.0122128113385781
31.26,-1.03311069903482,0.0692714474969489,-0.420201684369578,0.0143705510413532
31.27,-1.01137419168171,0.0662865481431914,-0.393458374750255,0.0163650868905464
31.28,-0.989348648823622,0.063524438425147,-0.363498580718377,0.0181513164894357
31.29,-0.968091719743537,0.0610606114933777,-0.331066618023969,0.0196849547558882
31.3,-0.94663192607053,0.0588714379448145,-0.296995214593323,0.0209264498894423
31.31,-0.925890746669007,0.0570083990781779,-0.262147940797367,0.0218432599263443
31.32,-0.905044722193766,0.0554373899405241,-0.227548184858055,0.022418030210838
31.33,-0.884887165679572,0.0541832708449824,-0.194154948558452,0.0226424614132126
31.34,-0.865039561113543,0.0532122514315252,-0.162804302869276,0.022519443070401
31.35,-0.845247328728356,0.0524889821476804,-0.134259397632639,0.022064719661531
31.36,-0.826124500967779,0.052005272785452,-0.10915293752944,0.0213069063952924
31.37,-0.807159151069596,0.051703747525067,-0.0879651963745037,0.0202858893978119
31.38,-0.788851684831012,0.0515616817196761,-0.0709780437823392,0.0190506145445931
31.39,-0.770786399119714,0.0515216026387075,-0.0582763567649041,0.0176558997064362
31.4,-0.753356021292896,0.0515544390398397,-0.0498588443697544,0.016159657514126
31.41,-0.736219507168162,0.0516012605711887,-0.0468639118352789,0.0146821530776407
31.42,-0.719663466411957,0.0516236917395137,-0.0477148543767179,0.0132208439091691
31.43,-0.703433071555247,0.0515858166891769,-0.0511419120817974,0.0117840284953026
31.44,-0.687747970140428,0.0514698099030982,-0.0568243198888932,0.010399308703772
31.45,-0.672422046763504,0.0512524141396934,-0.0644765668659082,0.00909136984670665
31.46,-0.657605281485623,0.0509184747484317,-0.073803726634255,0.00787947572950444
31.47,-0.643170719507998,0.0504538906530699,-0.0844655625097794,0.00677857557516706
31.48,-0.629209794589856,0.0498477664931596,-0.0960832073221484,0.00580026463039666
31.49,-0.615645860560535,0.0490960741865345,-0.108285783800028,0.00495139041074617
31.5,-0.60252211472705,0.0481930649046044,-0.12073388800732,0.00423389694990459
31.51,-0.589807439720238,0.0471435678338524,-0.133113617378507,0.00364682540897936
31.52,-0.577506436877647,0.0459462846616125,-0.145124827642554,0.00318731421252547
31.53,-0.565625872834252,0.0446138080423331,-0.156449649895863,0.002852939940142
31.54,-0.554137423103722,0.0431496294864554,-0.166762567130717,0.00264132612609965
31.55,-0.543077075055676,0.0415740640278786,-0.175733073892238,0.00254983219605975
31.56,-0.532386891595927,0.0398960068894796,-0.183023038841118,0.00257552377011015
31.57,-0.522123524909697,0.0381433840849027,-0.188294536133482,0.00271450119281632
31.58,-0.512201299612505,0.0363309283999694,-0.191207519720367,0.00296211236299937
31.59,-0.502641224836522,0.0344893188039415,-0.191442495434167,0.00331258121130109
31.6,-0.493476595832689,0.0326523198048833,-0.188788521433949,0.00375405733971306
31.61,-0.484586048386463,0.0308410570122851,-0.183191248903464,0.00426619448656494
31.62,-0.47605251453103,0.0290947879575945,-0.174756769130856,0.00482159997268998
31.63,-0.467741700946823,0.027432014953132,-0.163748833112424,0.00539086192327716
31.64,-0.459747412726172,0.0258868768738284,-0.15053601482161,0.0059436595769701
31.65,-0.451929242783555,0.024470326321447,-0.135567448367917,0.00644916174600734
31.66,-0.444391990441487,0.0232075427265768,-0.119332405164592,0.00687964622305345
31.67,-0.43699467064957,0.022099749841583,-0.102336081312023,0.00721196848136838
31.68,-0.429851676965606,0.0211618226384899,-0.0850942865022712,0.00742835041044492
31.69,-0.422824151622331,0.0203848775821508,-0.0681081086586462,0.00751681392827387
31.7,-0.416033276829484,0.0197735259179551,-0.0518495582124334,0.00747193623068586
31.71,-0.409343462117702,0.0193097952217533,-0.0367354679904806,0.00729359667568808
31.72,-0.402879969759221,0.0189896079682823,-0.0231326179845572,0.00698749386104075
31.73,-0.396511397868576,0.0187880238424272,-0.0113408527834526,0.00656437172995769
31.74,-0.390364419638214,0.0186945841769946,-0.00159251285723337,0.00603915757184353
31.75,-0.384311866847984,0.0186801038546688,0.00595649799731214,0.00543021486479505
31.76,-0.378479293204755,0.0187306099311033,0.0112306343147272,0.00475790396940479
31.77,-0.372743632513457,0.0188158853845975,0.0142503057270882,0.00404406337231891
31.78,-0.367227364210509,0.0189218840384656,0.0151148629446299,0.00331091764084499
31.79,-0.361811270125122,0.0190207617144477,0.0139892672959049,0.00257983451493924
31.8,-0.356613269655966,0.0191013222783918,0.0111016455937194,0.00187080738374437
31.81,-0.351517914181233,0.0191406420203138,0.00672444290812378,0.00120185168513922
31.82,-0.346637355404537,0.0191324893952036,0.00116606052576089,0.000588715376464825
31.83,-0.34185965330227,0.0190604723909523,-0.00524254505326805,4.45725622372613e-05
31.84,-0.337290243349802,0.0189244425061569,-0.0121645342903213,-0.000420565831779701
31.85,-0.332820418162544,0.0187151040571366,-0.0192665497672516,-0.000799752108179976
31.86,-0.328498899552642,0.0184356917059729,-0.0262239000938975,-0.00108901137622839
31.87,-0.324367846945446,0.0180920715747048,-0.0327452400414885,-0.00128771040787634
31.88,-0.320323412205454,0.0176846104670294,-0.0385819370480272,-0.00139861679976848
31.89,-0.316452423920065,0.0172266936124895,-0.0435240731077766,-0.0014270855901344
31.9,-0.312655013108273,0.0167232000889292,-0.0474087706026219,-0.00138085690803538
31.91,-0.309011261944178,0.0161902773492236,-0.0501280094923335,-0.00126973741303103
31.92,-0.305426052731944,0.0156352951061586,-0.0516267767947158,-0.00110511779418812
31.93,-0.301973637475966,0.0150750560026298,-0.051901531237729,-0.000899462515888241
31.94,-0.298564522486954,0.0145173296415428,-0.0509957519110654,-0.000665761145675338
31.95,-0.2952680961497,0.0139776353379463,-0.0489966914297232,-0.00041701186665035
31.96,-0.29200120249293,0.0134623332015253,-0.0460265462375722,-0.000165780823538027
31.97,-0.288829187310366,0.012984143590598,-0.0422333880252654,7.6565781575742e-05
31.98,-0.28567557155425,0.0125467506665518,-0.0377934618844722,0.000299735657378678
31.99,-0.282602236082941,0.012159053212785,-0.0328952585761643,0.000494957580698023
32,-0.279539560634491,0.0118213080560308,-0.0277281412495798,0.000655388235618864
32.01,-0.276546336801173,0.0115383042765368,-0.0224815013381351,0.000775772925122113
32.02,-0.273559707886299,0.01130685237717,-0.0173352699604185,0.000852575912347204
32.03,-0.27063570323153,0.0111278687560512,-0.0124541625499874,0.000884118858618082
32.04,-0.267717934083764,0.0109951991273736,-0.00797947592006498,0.000870729192327834
32.05,-0.264859474227984,0.0109067343668878,-0.00401400809392113,0.000815041830158981
32.06,-0.26200940833956,0.0108545110606146,-0.000637657802983546,0.000720977174029646
32.07,-0.259217419229255,0.0108345330220838,0.00208106100068636,0.000592873520760651
32.08,-0.256437652889492,0.0108377962634846,0.00410255034596687,0.000436175396105718
32.09,-0.253716381511536,0.0108592943004692,0.00541476293969063,0.000257077438381758
32.1,-0.251012098219237,0.0108900248549958,0.00602910952717672,6.2197339858187e-05
32.11,-0.248367403521405,0.010924999793069,0.00597865832832832,-0.000141686510558222
32.12,-0.245744497547017,0.0109561034725105,0.00531491532307221,-0.000347848111223252
32.13,-0.243164710045184,0.0109784521980233,0.0041081360680773,-0.000549812403181885
32.14,-0.240645681656437,0.010987742940171,0.00244289156674253,-0.000741573004580385
32.15,-0.238154112738117,0.0109784736290487,0.000414167116258136,-0.000917768197284387
32.16,-0.235722859595578,0.0109488818459333,-0.00187635634583375,-0.00107384243503384
32.17,-0.233321072883731,0.0108956704920519,-0.00432420377966799,-0.0012061699457552
32.18,-0.230977740159977,0.010818972218762,-0.00682750270788642,-0.00131219696623737
32.19,-0.228664230916058,0.0107177004084616,-0.00928503585075332,-0.00139031670878852
32.2,-0.226405893909137,0.0105938080734777,-0.0116057241600013,-0.00143998546161253
32.21,-0.224176150481007,0.0104481621055165,-0.0137117408355426,-0.00146174802931177
32.22,-0.221997073115213,0.0102841162593799,-0.0155369795948785,-0.00145700595029435
32.23,-0.21984412288599,0.0101039767253552,-0.0170292003618958,-0.00142797194533883
32.24,-0.217736487333999,0.00991198738851053,-0.0181517534992556,-0.00137756486994664
32.25,-0.215651708008817,0.00971129311280615,-0.0188844092778527,-0.0013092927000239
32.26,-0.213606555091141,0.00950640985447099,-0.019222100586748,-0.00122704514460874
32.27,-0.211580737021793,0.00930068395875163,-0.0191744241257841,-0.00113493216480558
32.28,-0.209589040947577,0.00909832062891784,-0.0187642659588049,-0.00103713615839833
32.29,-0.207613396201795,0.0089023037478554,-0.0180262552098536,-0.000937744231305158
32.3,-0.205667001903507,0.00871604310530311,-0.0170047444507032,-0.000840611298889505
32.31,-0.203734028125041,0.00854172809394063,-0.0157513919606463,-0.000749243690284773
32.32,-0.201826381917943,0.0083816467059462,-0.0143233832602424,-0.000666704852820527
32.33,-0.199930415629119,0.00823693703862731,-0.012780045629641,-0.00059551902392328
32.34,-0.198056975449852,0.00810862320316558,-0.0111815674983471,-0.000537651579796539
32.35,-0.196194499334187,0.00799672708204773,-0.00958607669688328,-0.000494458873163227
32.36,-0.194352932007313,0.00790104896072237,-0.00804779975442664,-0.000466648579309654
32.37,-0.192522612870672,0.0078206045441325,-0.00661541326400773,-0.000454302723498512
32.38,-0.190712622485808,0.0077541703914259,-0.00533056550634814,-0.000456921565916105
32.39,-0.188914968610153,0.00770000165017659,-0.00422663224668733,-0.00047350062249649
32.4,-0.187134428585594,0.00765616407555658,-0.00332837156643236,-0.000502602052871221
32.41,-0.185374796214573,0.00762047459086304,-0.00265164258650974,-0.000542443586498135
32.42,-0.183630105166701,0.0075906714332149,-0.00220333880265614,-0.000590980158582635
32.43,-0.181907264747085,0.00756441929690443,-0.00198177148048794,-0.000645992031626981
32.44,-0.180201328341814,0.00753954009930709,-0.00197746948758515,-0.000705176601135685
32.45,-0.178518254990044,0.00751385322356421,-0.00217392480699943,-0.000766233432817324
32.46,-0.176853883919412,0.00748555319764776,-0.00254861843814292,-0.000826949184023274
32.47,-0.175213206568515,0.007452876444516,-0.00307419895141267,-0.000885268172697911
32.48,-0.173592643541461,0.00741459899279757,-0.00371976575462999,-0.000939354137365484
32.49,-0.171996214758051,0.00736954371395116,-0.00445217936431532,-0.000987641439522799
32.5,-0.170420772142966,0.00731717388878418,-0.00523793897945197,-0.00102890039894542
32.51,-0.168869410459717,0.00725696034773253,-0.00604266124561094,-0.00106220542462179
32.52,-0.167339314420362,0.00718906842314119,-0.00683401123278071,-0.00108698475087167
32.53,-0.165832723917863,0.00711358529511801,-0.00758320496500735,-0.00110303826287254
32.54,-0.164347117878691,0.00703127438789559,-0.00826428513518895,-0.00111045928571439
32.55,-0.162883988665453,0.00694271602206065,-0.00885509088257009,-0.0011096293296605
32.56,-0.161441085652372,0.00684912902650665,-0.00933811791811598,-0.00110119910978055
32.57,-0.16001927485839,0.00675142149562719,-0.00970090924914937,-0.0010860515598891
32.58,-0.158616596439623,0.00665107215131719,-0.00993619506155414,-0.00106525544166898
32.59,-0.157233428643949,0.00654911664873475,-0.0100417154022875,-0.00104001102865077
32.6,-0.155868135567802,0.00644708836138408,-0.0100200308202752,-0.00101159952120005
32.61,-0.154520751173349,0.00634595743505925,-0.00987806416603096,-0.000981330373106147
32.62,-0.153190004437953,0.00624712768297954,-0.0096265651090108,-0.000950493723906661
32.63,-0.151875706374273,0.00615134352292617,-0.00927950080748534,-0.000920313471342447
32.64,-0.150576968018104,0.00605973876758071,-0.00885319891792742,-0.000891897565532064
32.65,-0.149293463971933,0.00597272426243299,-0.00836575307688894,-0.000866201527890477
32.66,-0.148024682964454,0.00589107665497693,-0.00783698158442191,-0.000844040676168587
32.67,-0.146770323410141,0.00581495289473792,-0.00728679816475824,-0.000826053102266057
32.68,-0.145529973185409,0.00574431404292731,-0.0067337740298616,-0.000812673366541552
32.69,-0.14430365346581,0.00567937190017191,-0.00619539118022007,-0.000804155939726115
32.7,-0.143090948337614,0.00561959706394791,-0.00568760678460153,-0.000800571540933639
32.71,-0.141892183012823,0.00556488947978512,-0.00522427526192371,-0.000801806805055519
32.72,-0.140706926655445,0.00551444455171404,-0.00481671500711347,-0.000807577725694002
32.73,-0.139535748700762,0.00546794121133256,-0.00447353974758487,-0.000817456533223282
32.74,-0.13837819300236,0.00542440524627046,-0.00420044084678722,-0.00083089319783182
32.75,-0.13723499921084,0.00538340574851499,-0.00400022490963421,-0.000847245087816483
32.76,-0.136105656537298,0.00534391485932288,-0.00387291010434105,-0.000865807845802237
32.77,-0.134991003726471,0.00530550356802659,-0.00381596710811607,-0.000885845951433448
32.78,-0.133890448718152,0.00526719704529091,-0.00382453876458073,-0.000906619636628562
32.79,-0.132804866679573,0.0052286640924529,-0.00389177809357679,-0.000927412452361927
32.8,-0.131733562384811,0.00518906882019655,-0.00400920684932005,-0.000947554133888181
32.81,-0.13067739676853,0.0051482486974086,-0.0041671439027447,-0.000966442291085924
32.82,-0.129635558687534,0.00510556303435347,-0.00435510774741991,-0.000983558399556365
32.83,-0.128608859540082,0.00506105668379003,-0.00456226216013014,-0.000998481667189546
32.84,-0.127596371733887,0.0050143068817676,-0.00477780524853337,-0.00101089665274673
32.85,-0.126598838782405,0.00496557078307395,-0.00499145022930095,-0.00102060170226047
32.86,-0.125615229847023,0.00491463391401062,-0.0051934271677834,-0.00102749480445459
32.87,-0.124646217564635,0.00486194216775936,-0.00537535015109242,-0.00103159305877963
32.88,-0.123690690674605,0.00480745141093954,-0.00553006115298425,-0.00103300920423739
32.89,-0.122749260261111,0.00475174662439542,-0.00565175208185328,-0.00103193994608024
32.9,-0.121820761663725,0.00469490092280378,-0.00573613435245049,-0.00102865612073706
32.91,-0.120905760703542,0.00463758063301396,-0.00578055224389067,-0.00102349077252019
32.92,-0.120003075968253,0.00457991357770685,-0.00578395652655405,-0.00101682264913598
32.93,-0.119113250989395,0.00452258281054165,-0.00574688911691531,-0.00100906011535532
32.94,-0.118235539944521,0.00446584361970527,-0.00567129234858317,-0.00100062342085363
32.95,-0.117369226892905,0.00440992861514389,-0.00556038313644932,-0.000991929714032411
32.96,-0.116514857273959,0.0043554379570697,-0.00541840101156584,-0.000983375993327072
32.97,-0.115671341810899,0.00430238490322756,-0.00525043013237435,-0.000975320412675876
32.98,-0.114839241228557,0.00425126395641782,-0.00506243419087639,-0.000968092040413265
32.99,-0.114017534892682,0.00420197471650506,-0.00486047981370429,-0.000961963336995725
33,-0.113206812434726,0.00415488744597627,-0.00465065660090536,-0.000957147840309985
33.01,-0.112365985195984,0.00412779555408164,-0.00122524423420067,-0.000650093621275809
33.02,-0.111445352867014,0.00413299131594294,0.00181994343690503,-0.000330362805047656
33.03,-0.110441925993994,0.00416627537788631,0.00445593859081667,-3.21028409343545e-05
33.04,-0.10935596714382,0.00422364982277186,0.00665038288098493,0.000239599927859593
33.05,-0.10818872237833,0.00430026336414966,0.00837216534548353,0.000479954088656005
33.06,-0.106944994786691,0.00439152179909712,0.00960122518203937,0.000685876721391442
33.07,-0.105629955364407,0.00449219891974057,0.0103315269075849,0.000856232252575569
33.08,-0.104251439329344,0.00459756635634522,0.0105666672892371,0.000991255610308984
33.09,-0.102816981962977,0.0047025324924162,0.010329154153825,0.00109250859537155
33.1,-0.101335989143227,0.00480281249763124,0.00965573012176539,0.00116278287717775
33.11,-0.0998169295223406,0.00489404507190337,0.00859282583519199,0.00120531950123483
33.12,-0.0982695731768821,0.00497289644687861,0.00719911948431793,0.00122379497936536
33.13,-0.0967023802235509,0.00503616559153429,0.00553955032413963,0.00122200818745152
33.14,-0.0951246608848209,0.00508181828074987,0.0036832412105421,0.00120367618286389
33.15,-0.093544206201436,0.00510801074466287,0.00169757351080335,0.00117222628846172
33.16,-0.0919693238207646,0.0051140987686363,-0.00034327256584129,0.00113115805840719
33.17,-0.0904065682520461,0.00509967775002452,-0.0023696803519064,0.00108357781366574
33.18,-0.0888627663666792,0.00506547782237788,-0.00431944464019479,0.00103201007366402
33.19,-0.087342964918129,0.00501235570487926,-0.0061339875311219,0.000978673384515163
33.2,-0.0858523353005172,0.0049421759816476,-0.00776456741036166,0.000925252076384929
33.21,-0.0843945106535671,0.00485688711076661,-0.00917127524649519,0.000872987034652348
33.22,-0.082972340565,0.00475877946718675,-0.010324822116948,0.000822691443685554
33.23,-0.0815885103348482,0.00465073382630043,-0.0112062469645066,0.000774829522463005
33.24,-0.0802441281523389,0.00453528633454715,-0.0118082671175423,0.000729512591637915
33.25,-0.078940410242911,0.00441545629326847,-0.0121337000001559,0.000686613438267957
33.26,-0.0776771708572142,0.00429371996056791,-0.0121943882884064,0.000645776076305461
33.27,-0.0764544368572704,0.00417284955156397,-0.0120106523173696,0.000606454018910844
33.28,-0.0752710173623559,0.00405493227406448,-0.0116064620255086,0.000568342582043721
33.29,-0.0741259784115194,0.00394220325652553,-0.0110196105241914,0.000530876119101245
33.3,-0.0730173982428894,0.00383605204506054,-0.0102873143125414,0.000493643778589254
33.31,-0.0719437212244944,0.00373796334227212,-0.00944568961083724,0.000456414132026568
33.32,-0.0709025517039343,0.00364860084459018,-0.00853149934650918,0.000419019022851892
33.33,-0.0698919521652108,0.00356871490766337,-0.00758151612558991,0.000381374402091948
33.34,-0.0689093397345992,0.00349823802432469,-0.00663169427249427,0.000343447193654766
33.35,-0.0679526925973466,0.00343720774405151,-0.00571557710822953,0.000305287650290167
33.36,-0.0670195212953466,0.00338489270413956,-0.00486292172575371,0.000267049265373994
33.37,-0.0661079448408497,0.00334075383680375,-0.00409649325246867,0.000229084355015767
33.38,-0.065215718653679,0.00330359776532419,-0.00343513564458052,0.000191763717223638
33.39,-0.0643412357008124,0.00327251748770406,-0.00289254121755876,0.00015553449233905
33.4,-0.063482605254972,0.0032460521639758,-0.00247706097822208,0.000120942062794302
33.41,-0.0626385562499774,0.00322313023189628,-0.0021919879173644,8.85058124487112e-05
33.42,-0.0618075821050006,0.00320224522221902,-0.00203279698058551,5.88316587130946e-05
33.43,-0.0609887434107339,0.00318240159349681,-0.00199157902937577,3.24720750908322e-05
33.44,-0.0601808803090744,0.0031622552622878,-0.00205758796317579,9.89630328921116e-06
33.45,-0.0593833594711128,0.00314102856093178,-0.00221694096317646,-8.4841596365091e-06
33.46,-0.0585953268738262,0.0031176565063989,-0.00245330653566634,-2.23334606482107e-05
33.47,-0.0578163911163987,0.00309168465307341,-0.00274897896789199,-3.14414297294043e-05
33.48,-0.0570460156362191,0.00306251533630491,-0.0030847487926814,-3.57206318221132e-05
33.49,-0.0562837701837076,0.00302974581644731,-0.0034411918227496,-3.5217764013079e-05
33.5,-0.0555295182616398,0.00299349109719168,-0.00379966722136395,-3.01022688204104e-05
33.51,-0.0547828952283407,0.00295360881700586,-0.00414306078221192,-2.06524521771699e-05
33.52,-0.0540438512255221,0.00291055250737384,-0.00445624758082635,-7.24636392715578e-06
33.53,-0.0533120994678402,0.00286447992745047,-0.00472618525663964,9.65540414886861e-06
33.54,-0.0525876171054094,0.00281610237193987,-0.00494255701886421,2.95555430246115e-05
33.55,-0.0518701493581428,0.002765770112489,-0.00509995847030774,5.18074648676161e-05
33.56,-0.0511596899276956,0.00271431425361438,-0.00519409270908555,7.57724918814118e-05
33.57,-0.0504560112306986,0.00266216519353717,-0.00522286107787114,0.000100784715113613
33.58,-0.04975911173063,0.00261019047441672,-0.00518715774877026,0.000126136159061048
33.59,-0.0490688083672222,0.00255879790692378,-0.0050911414495579,0.000151061512755172
33.6,-0.0483851516705975,0.00250877946479068,-0.00493991924716429,0.000174859200246197
33.61,-0.0477080369980296,0.00246043176507833,-0.00474117274939664,0.000196852530712342
33.62,-0.0470375874959164,0.00241439391767193,-0.00450442510892985,0.000216430908982874
33.63,-0.0463737965077797,0.0023707745853506,-0.00423999662109042,0.000233095124092408
33.64,-0.0457168660738851,0.00233000756411559,-0.00395842232897918,0.000246472948801805
33.65,-0.0450668715959637,0.00229199245893689,-0.00367005050612921,0.000256323251064127
33.66,-0.0444240709166071,0.0022569571185855,-0.00338475346397292,0.000262532599749575
33.67,-0.0437885944005707,0.00222460550198476,-0.00311165162042235,0.000265110088592732
33.68,-0.0431607292699905,0.00219498457372644,-0.00285885152088638,0.000264178095874702
33.69,-0.0425406328107165,0.00216763807542894,-0.00263329225094384,0.000259959645625951
33.7,-0.0419285970075833,0.00214247633967096,-0.00244041339820054,0.000252755750202324
33.71,-0.0413247832518415,0.00211893674376175,-0.00228393776815343,0.000242941683349958
33.72,-0.0407294650051444,0.00209685691964483,-0.00216587708279035,0.000230949491843008
33.73,-0.0401427786872279,0.00207563511399218,-0.00208670023119651,0.000217256541112965
33.74,-0.0395649484099483,0.00205510046111973,-0.00204546094457542,0.000202367012938052
33.75,-0.0389960798431108,0.00203477803043678,-0.00203988755147003,0.000186793116652812
33.76,-0.0384362449782856,0.00201422295115531,-0.00206654883082683,0.000171035095600032
33.77,-0.0378855473290081,0.00199334940024294,-0.00212103627920265,0.000155564347476256
33.78,-0.0373439491445335,0.00197169426414374,-0.00219816573434745,0.000140809986724521
33.79,-0.0368114601058718,0.00194927505354137,-0.00229224601441446,0.000127145371275162
33.8,-0.0362879521395225,0.00192574239909467,-0.00239724933071802,0.000114882047433577
33.81,-0.0357733454893268,0.00190123445663199,-0.0025069781783938,0.000104277656871024
33.82,-0.0352674308188927,0.00187552108792728,-0.00261609134771499,9.54929835746894e-05
33.83,-0.0347700549388907,0.00184884896342181,-0.00271951478993698,8.86060865587947e-05
33.84,-0.0342809511860267,0.00182109271376401,-0.0028117881056508,8.36526966319907e-05
33.85,-0.0337999098794342,0.00179260079199427,-0.00288870487390516,8.05771693655608e-05
33.86,-0.0333266266925616,0.00176333184241527,-0.00294719498113307,7.92512417987669e-05
33.87,-0.0328608683308964,0.00173369532565142,-0.0029851028680665,7.94968521524838e-05
33.88,-0.0324023230840744,0.00170369235669832,-0.0030011246415507,8.1100081297222e-05
33.89,-0.0319507561373307,0.00167375749883566,-0.00299482607724066,8.38203182702786e-05
33.9,-0.0315058666773016,0.00164389987633915,-0.00296660424466983,8.74007442688464e-05
33.91,-0.0310674357499945,0.00161454538831191,-0.00291765128709169,9.15770317074978e-05
33.92,-0.0306351890717771,0.00158567897060462,-0.00284984916256839,9.60875980317988e-05
33.93,-0.0302087937914166,0.00155783029027041,-0.00272056006310827,0.000102496819483666
33.94,-0.0297871289436529,0.00153170122532646,-0.0025143981173694,0.000110847363222624
33.95,-0.0293698993587022,0.00150778611865671,-0.00230082927948899,0.000117175812476618
33.96,-0.0289571101233985,0.00148589691427259,-0.00208901398043069,0.000121163931947082
33.97,-0.0285488419420385,0.00146618472513908,-0.00188698397271394,0.000122892659428026
33.98,-0.0281451102389276,0.00144829596262903,-0.0017023941044056,0.000122495114739791
33.99,-0.0277459982579717,0.00143223356460948,-0.00154140766551229,0.000120156547611251
34,-0.0267366584852269,0.00494670172676122,-0.00140841427951678,0.000116116859157889
34.01,-0.0258173568588251,0.00721546389507717,-0.0051413565240099,-0.000288878968082632
34.02,-0.0247953717699261,0.00944958848833583,-0.00919023450099598,-0.000750326236440212
34.03,-0.0236940469133842,0.0115938043285871,-0.0141070162440942,-0.00124586800004703
34.04,-0.0225242867248934,0.0136648524965132,-0.0202064195040301,-0.00177306541231582
34.05,-0.0212216627292712,0.0157364427881692,-0.0276522775753283,-0.00231928425195394
34.06,-0.0196849303824909,0.0177464414466432,-0.0364917327437175,-0.00286680377048736
34.07,-0.0177949150599517,0.0198263445027798,-0.0466871676820301,-0.00339659954003389
34.08,-0.0154185370398814,0.0218762113910313,-0.0581271159958649,-0.00388967146850689
34.09,-0.0124289326749558,0.0240437508711082,-0.0706652827050459,-0.00432922738736428
34.1,-0.0086960026742684,0.0261826352380104,-0.0841305557543919,-0.00470093705524936
34.11,-0.00413482359793704,0.0284496112505422,-0.098352781755635,-0.00499417876620407
34.12,0.00136041987581592,0.0306521112016983,-0.1131494565586,-0.00520159639806722
34.13,0.00780918516528928,0.0329617613193381,-0.128348565404468,-0.00531907239487371
34.14,0.0153105532116502,0.0351503908105717,-0.14379494875398,-0.00534523803401551
34.15,0.0238158750407003,0.0374137994373447,-0.159355521813129,-0.00528123821221177
34.16,0.0334476492936151,0.0394967456632344,-0.174897043942398,-0.00512970350339142
34.17,0.0440826164808072,0.0416241382208291,-0.190303226972515,-0.00489468908478998
34.18,0.0558946369351485,0.0435186525833494,-0.205444724398026,-0.00458017879582293
34.19,0.0686752499004548,0.0454364493649309,-0.220195004683894,-0.0041899578216827
34.2,0.0826745444402341,0.0470800647310496,-0.23443242040696,-0.00372839475149835
34.21,0.0975817929644105,0.0487356603117221,-0.248073993047221,-0.00320107743541661
34.22,0.11374257734116,0.0500851331286439,-0.261052936937138,-0.00261418083046721
34.23,0.130722806509475,0.0514422384468415,-0.273313247779236,-0.00197356534006594
34.24,0.148981984030675,0.0524680466055024,-0.284796132636916,-0.00128350864498189
34.25,0.167944021697487,0.0535023674486602,-0.29544505513167,-0.000547878959412694
34.26,0.188202265209188,0.0541860035241308,-0.305219152102822,0.00022970559935552
34.27,0.209022079378645,0.0548836006105254,-0.314091539222058,0.00104504249117614
34.28,0.230693720395305,0.0554133363960648,-0.322077663441133,0.00189316554692853
34.29,0.253677116223672,0.0555716495703922,-0.32921674929262,0.00276858929853857
34.3,0.276972246537076,0.0557584632468518,-0.33555226213753,0.0036668980297962
34.31,0.3015880076966,0.0555642787925377,-0.341112340406765,0.00458504975909837
34.32,0.326329490388416,0.0554098637578432,-0.345918510849732,0.00552042174192727
34.33,0.352399052286364,0.0548674476276927,-0.34997580947495,0.00647035314102217
34.34,0.378397036327671,0.0543781848741886,-0.353257959806162,0.00743339831853823
34.35,0.404925284179146,0.0537285118484487,-0.355813174573109,0.00840394529763701
34.36,0.432803444280381,0.052686325781724,-0.357691298410627,0.00937646095923905
34.37,0.460309604017038,0.0517215046657298,-0.358953105780715,0.0103456865170712
34.38,0.489190784146361,0.050363545084501,-0.359687487818064,0.0113049877742746
34.39,0.517498678216994,0.04909771939233,-0.359956455438883,0.0122503391932005
34.4,0.546114280752028,0.0476884763978304,-0.359814552788579,0.0131789666001982
34.41,0.576156255498226,0.0458841576035771,-0.359326317419001,0.0140894371399083
34.42,0.605327690656746,0.0441925413210399,-0.358566109577725,0.0149815139237696
34.43,0.634691123951327,0.0423653726663137,-0.357582230479184,0.0158550411603167
34.44,0.66555417921152,0.0401404563223199,-0.356381475887335,0.0167092123936912
34.45,0.695261017072429,0.0380455893030621,-0.3549849504205,0.0175436086020995
34.46,0.725061289654907,0.035822255396116,-0.35341850396502,0.0183575698815548
34.47,0.756453749644754,0.0331997639561329,-0.351712559528976,0.0191504045723202
34.48,0.78641544983171,0.0307225228508054,-0.349903405898901,0.0199219830895416
34.49,0.816386111809864,0.0281226248260862,-0.348009118459243,0.0206718501391159
34.5,0.848057285084581,0.0251223981342717,-0.346012430028755,0.0214000532787548
34.51,0.878035316445008,0.0222803700981081,-0.343886231693065,0.0221071186588222
34.52,0.907951986073591,0.0193219033879634,-0.341641731213745,0.0227920389582436
34.53,0.93969169116829,0.0159646860050131,-0.339292719215812,0.023453520168613
34.54,0.969487546264994,0.0127774916102786,-0.336845543631126,0.0240901809689415
34.55,0.999163433609077,0.00947992376942267,-0.334306437664913,0.0247005422953177
34.56,1.03079214758511,0.00578216512089663,-0.333670097061594,0.0252186867256614
34.57,1.06015269346987,0.00219686058605226,-0.340665125351074,0.0253094157333867
34.58,1.0891874422528,-0.00159840254279031,-0.348519703609359,0.0253768134907836
34.59,1.12014827221601,-0.00589106935013176,-0.355874401001174,0.0255436458389105
34.6,1.14851289053808,-0.0100972913931994,-0.36225692113329,0.02583529269087
34.61,1.17647297999198,-0.0144931149935672,-0.367170773326243,0.0262663660226254
34.62,1.20399602947548,-0.0190616321805061,-0.369958842506092,0.0268523913154616
34.63,1.23356672004476,-0.0240661690840683,-0.3697533815508,0.0276129267444825
34.64,1.26013071676346,-0.0288998027556583,-0.365706287132437,0.0285613863097345
34.65,1.2860599296021,-0.0338121703190778,-0.357211349816347,0.0296888989630554
34.66,1.31121433697726,-0.0387617698693072,-0.343890193582935,0.0309653535954458
34.67,1.3381665758818,-0.0439874690778998,-0.325608780706238,0.0323465844863169
34.68,1.36123553557842,-0.0488794125236099,-0.302473405871757,0.0337809292042175
34.69,1.3828869671832,-0.0536781896519421,-0.274818660494956,0.0352111866545975
34.7,1.40578054180955,-0.0586184485981328,-0.243111744885209,0.0365736602069699
34.71,1.42390353186436,-0.0630831562187597,-0.201603605067833,0.0375515492892189
34.72,1.4398233303651,-0.0672362980624647,-0.151451400428745,0.0380005629433385
34.73,1.45633008170778,-0.0712913786729403,-0.0987870741704472,0.0380561941624367
34.74,1.46730324607902,-0.0746885917014937,-0.0454530729830542,0.0377093438573805
34.75,1.47862769854546,-0.0779449858938151,0.00730169512375697,0.0369457517760259
34.76,1.48421452483964,-0.0805357171609433,0.0582872619705919,0.0357666102464241
34.77,1.49010209865713,-0.0829817645631565,0.106386180418601,0.0341915379417551
34.78,1.48011121287895,-0.083623527859582,0.150553288727797,0.0322548617160788
34.79,1.47105535039528,-0.084165393671991,0.189874938847643,0.0300021263527457
34.8,1.46005317358858,-0.0844008931551688,0.223552738766953,0.0274816137714956
34.81,1.44436680922527,-0.0841557157435693,0.251042754879956,0.024744900219814
34.82,1.43001088320497,-0.0839416443913398,0.272103391382591,0.0218471452843286
34.83,1.41424925760133,-0.0835808934459077,0.286791160966292,0.0188455083906987
34.84,1.39728881476229,-0.0831256196420033,0.295472140793653,0.0157999302613343
34.85,1.37662469885766,-0.0824237899572235,0.298717177041992,0.012768958609267
34.86,1.35790058858946,-0.0819233589850288,0.297256196660523,0.0098082949675098
34.87,1.33851388767627,-0.0814529955908402,0.291896771630918,0.00696755105096028
34.88,1.31605203367389,-0.0808590677183246,0.283504782831601,0.00429033003935488
34.89,1.29573820262686,-0.0805310270810195,0.272972603327646,0.00181316955089767
34.9,1.27504910878693,-0.0802933326563377,0.261129914120973,-0.000435708440959284
34.91,1.25403148755846,-0.0801512344015103,0.248757469807289,-0.00243663005442539
34.92,1.23041022967259,-0.0799454503600086,0.236561784182126,-0.0041792432719852
34.93,1.20887345326576,-0.0799903621636321,0.225078484301973,-0.00566390602854754
34.94,1.18706861661983,-0.0801125475022026,0.21446759069033,-0.00691601087323714
34.95,1.16286761482673,-0.0801584543165282,0.205074393510428,-0.00794951242718295
34.96,1.14059941412356,-0.0804027519243264,0.196957858939611,-0.00879027937998605
34.97,1.11808034274011,-0.080684977143999,0.190069237803658,-0.00946814240176664
34.98,1.09335556143311,-0.0808670215495641,0.184296374270088,-0.0100115864764217
34.99,1.07041679904716,-0.0811947521578292,0.179472163506083,-0.0104477874446524
35,1.04725581106329,-0.0815286067077842,0.175299198975441,-0.0108058078737303
35.01,1.02208841340753,-0.0817524473369165,0.171440418083467,-0.0111118448309487
35.02,0.998567141619962,-0.0820913864719992,0.167655601854242,-0.0113820155930341
35.03,0.974850166791163,-0.0824291583591113,0.163795300550266,-0.0116243658148919
35.04,0.949316251765477,-0.0826691423128236,0.159898497439586,-0.0118473422556617
35.05,0.925276604979473,-0.0830044444543355,0.157159495865789,-0.0121095871121235
35.06,0.899525615461183,-0.0832366448591506,0.154508716386783,-0.0123761958582946
35.07,0.875165231946765,-0.0835506025831158,0.151565152712588,-0.0126265078628284
35.08,0.85063066558575,-0.0838550398121098,0.148430086121886,-0.0128499792323179
35.09,0.824569428173001,-0.0840744219777106,0.145140800507771,-0.013043253514417
35.1,0.799766671250733,-0.0843685893522933,0.141725193201886,-0.0132055843485372
35.11,0.774816465399578,-0.0846573596315195,0.138227524926915,-0.0133359036013906
35.12,0.7485175885927,-0.0848752088187561,0.134696967927881,-0.0134333368805119
35.13,0.723346236817341,-0.0851582394720606,0.131177051054474,-0.0134976903948681
35.14,0.696938684025178,-0.0853769640801942,0.127691602339529,-0.0135299787778706
35.15,0.671570716515705,-0.085653420778899,0.124239125661761,-0.0135324660887769
35.16,0.645072863927674,-0.0858713854863568,0.120811529833213,-0.0135075907492508
35.17,0.619526704148728,-0.0861400714643568,0.117419061731565,-0.0134567056841102
35.18,0.593874999543159,-0.0864026524352927,0.114094157008679,-0.0133800402566158
35.19,0.567247390088911,-0.0866141674529353,0.110877006693946,-0.0132776529884214
35.2,0.541449310520379,-0.0868645644609309,0.107800568578377,-0.0131504818601622
35.21,0.514778565625368,-0.0870665301517169,0.104874630941458,-0.0130004845069332
35.22,0.488864250288979,-0.0872986643068805,0.102123309576164,-0.0128288439188827
35.23,0.462182013716698,-0.087483784125777,0.0995720449086026,-0.0126364806592634
35.24,0.436192970453561,-0.0876895954992402,0.0974097868504593,-0.0124262881961509
35.25,0.410202529329877,-0.0878457051402641,0.101515596531341,-0.0119087908619327
35.26,0.383715776896218,-0.0878793741852309,0.107630647333365,-0.0113018654545829
35.27,0.357967212079054,-0.0878389738483009,0.114040753198428,-0.0107570225914652
35.28,0.331846715352006,-0.0876707308542932,0.12059417577748,-0.0102900825454815
35.29,0.306424956350984,-0.0874208438589772,0.127217495743092,-0.00990066490164808
35.3,0.280740391342443,-0.0870453557032476,0.133832468299831,-0.00958553424785567
35.31,0.25571954070183,-0.0865844146457289,0.140362350419731,-0.00934084343973163
35.32,0.230540851184313,-0.0860030754375069,0.14673606074399,-0.00916234077702317
35.33,0.205996426502582,-0.0853358940791113,0.152897057233018,-0.00904541769744549
35.34,0.181394011682596,-0.0845558663704609,0.158804822366002,-0.00898548818179738
35.35,0.157400273028242,-0.0836922257335968,0.164318379231309,-0.00896887637943672
35.36,0.133447772977379,-0.0827327106287177,0.16830104724454,-0.00895387789127757
35.37,0.110092028225917,-0.0817072570474617,0.171891224467154,-0.00896232464245143
35.38,0.0868646378595601,-0.0806017201132209,0.175157919483012,-0.00899743490171482
35.39,0.0642088211408662,-0.079435094316897,0.178110286769893,-0.00905611900767968
35.4,0.041908744423897,-0.0782029581930659,0.180743815402282,-0.00913468333430821
35.41,0.0198360475241435,-0.0769054702363199,0.183059957696497,-0.00922957921236373
35.42,-0.00170548407298998,-0.0755553162416777,0.185063731798067,-0.00933752457700834
35.43,-0.0229693382846987,-0.0741496609053601,0.186766053181007,-0.00945557771559075
35.44,-0.0437310379269444,-0.0726974797875395,0.188179073025987,-0.00958116939536825
35.45,-0.0641754261736667,-0.0711992775209897,0.189322869271214,-0.00971199985001417
35.46,-0.0841459882687223,-0.0696606001671495,0.190219884916826,-0.00984615513242416
35.47,-0.103768368045411,-0.0680846049785282,0.190889971599419,-0.00998194295384674
35.48,-0.122944666807701,-0.0664738693741454,0.191354711296461,-0.0101179129603519
35.49,-0.141750752214127,-0.0648337566296283,0.191637030655792,-0.0102528692605203
35.5,-0.160137084719036,-0.0631642125392315,0.191759897473504,-0.0103858548041063
35.51,-0.178135373573635,-0.0614721988101587,0.191746338752397,-0.0105161255998681
35.52,-0.19573567324777,-0.0597553775711639,0.191617477640758,-0.0106430686298376
35.53,-0.212932084873811,-0.0580219108558101,0.191392605009604,-0.0107661872585327
35.54,-0.229746161317046,-0.0562675508311643,0.191088396180479,-0.0108851161773923
35.55,-0.246139939046554,-0.0545013319438536,0.19071988299103,-0.0109995568687317
35.56,-0.262160005683671,-0.0527174806706535,0.190300831004193,-0.0111092573124968
35.57,-0.277741942449304,-0.0509258002757852,0.189720531032759,-0.0112171310294848
35.58,-0.292966882051337,-0.0491294761216438,0.18735312172944,-0.0114196672571781
35.59,-0.307769488185006,-0.0473515834072148,0.184307126431529,-0.0116296181223271
35.6,-0.322236150373548,-0.0455874112050679,0.181083274289064,-0.0118090584248317
35.61,-0.336265058125573,-0.0438483985810181,0.177756856283045,-0.0119547401456627
35.62,-0.349953359994804,-0.0421269553039001,0.174369279839699,-0.0120673088605979
35.63,-0.363188139044914,-0.0404337819161152,0.170964184564825,-0.0121481786750607
35.64,-0.376078062235763,-0.0387602046795261,0.16758020278005,-0.0121989117577371
35.65,-0.388503496898672,-0.0371161762221322,0.164250063224441,-0.0122210962399543
35.66,-0.400582027461555,-0.0354922924380936,0.161002315866731,-0.0122164054205166
35.67,-0.412253467650678,-0.0338890278535849,0.158924630878088,-0.0122042105077369
35.68,-0.423459935367919,-0.0322978492736732,0.157833610871646,-0.0122152024471242
35.69,-0.434332534951125,-0.0307047421350213,0.157170331360418,-0.0122417182905587
35.7,-0.444748945502766,-0.0291159944021002,0.156797869233692,-0.0122798271936596
35.71,-0.454838473895632,-0.027520867271949,0.156617090152224,-0.0123271475857552
35.72,-0.464476561690096,-0.0259273615723684,0.156551354848681,-0.0123806961261097
35.73,-0.473789768768752,-0.0243262352826937,0.156594083951484,-0.012435476852987
35.74,-0.48265243911037,-0.0227254673819199,0.156735815715784,-0.0124898246935183
35.75,-0.491187692177537,-0.0211162261312572,0.156971376509704,-0.0125433804260901
35.76,-0.499271593196448,-0.0195061345039222,0.157298365887101,-0.0125955783790327
35.77,-0.50702355967917,-0.01788671819657,0.157718406598079,-0.012645746811778
35.78,-0.514322229869044,-0.0162650602158282,0.158240500441697,-0.0126933229088327
35.79,-0.521282509123145,-0.0146328567549317,0.158878236826525,-0.0127379432424267
35.8,-0.527786365289131,-0.0129964266345393,0.159647161658693,-0.012779423644063
35.81,-0.533943736175801,-0.0113475327662067,0.160561132188963,-0.0128178054662742
35.82,-0.539640623088968,-0.00969175335396379,0.161624223099499,-0.0128537098932719
35.83,-0.544982004520546,-0.0080212256756632,0.162815038164875,-0.012889099039456
35.84,-0.549859056209841,-0.00634136560446049,0.164116946663267,-0.0129255526718136
35.85,-0.554372124022074,-0.00464500101810265,0.165524613277826,-0.012963613952362
35.86,-0.558417660656652,-0.0029372421274025,0.167029356257371,-0.013003699289447
35.87,-0.562090847589591,-0.00121149961463752,0.168612666239347,-0.0130465209525717
35.88,-0.565293749256464,0.000527133568789934,0.170236959375589,-0.0130935855354776
35.89,-0.56811696327415,0.00228407868864568,0.171839861893082,-0.013147243931188
35.9,-0.570469527727009,0.00405324306398743,0.17329646549884,-0.0132124437814742
35.91,-0.572440020471472,0.00583697334992471,0.174391619197752,-0.0132978947858647
35.92,-0.57394797688729,0.00762566403224809,0.174931188701987,-0.0134086130629499
35.93,-0.57508139796633,0.00941746778724325,0.174755101655714,-0.0135455605538811
35.94,-0.575806610634123,0.0112019278793624,0.173704034484871,-0.0137078571515655
35.95,-0.576096728235246,0.012967607781955,0.171658307675446,-0.0138916709748097
35.96,-0.576036923454817,0.0147075749430958,0.168409726121143,-0.0140963519302094
35.97,-0.575569990458508,0.0164046006552668,0.163739375926622,-0.0143207948483772
35.98,-0.574781790482878,0.0180471122152456,0.157442878485051,-0.0145618275579726
35.99,-0.573625809668292,0.019614157070077,0.149350213825596,-0.0148122773210718
36,-0.560850178240196,0.0233069920297542,0.139400442105945,-0.0150638825125909
36.01,-0.559158276592413,0.0270539937678076,0.127437283850275,-0.0153140691939971
36.02,-0.556953083460666,0.030630309477187,0.113014415698795,-0.0155661875364531
36.03,-0.554273073649938,0.0340527363829323,0.0957606106377315,-0.0158147399409324
36.04,-0.55115826126454,0.0372375061021366,0.0755979536645991,-0.0160440148754393
36.05,-0.547575129865711,0.0402632374064059,0.0526479664049768,-0.0162314814573354
36.06,-0.543463700076153,0.0430524869825896,0.0272084307883127,-0.0163489014287902
36.07,-0.538725531268205,0.0457276631984151,-0.000257583721002184,-0.0163663603650151
36.08,-0.533260595896002,0.0481862801122652,-0.0291267803278646,-0.0162559778533383
36.09,-0.526952287662246,0.0505796689388723,-0.0586796420522393,-0.0159957391223906
36.1,-0.519697201497557,0.0527712419640667,-0.0882318041203455,-0.0155718843675408
36.11,-0.51141233505126,0.05493205058616,-0.117188214120332,-0.014981040957854
36.12,-0.502016353959717,0.0568874261116483,-0.145034458206583,-0.014228872984019
36.13,-0.491488560202892,0.0588290992639943,-0.171351028537396,-0.0133284052663509
36.14,-0.479756926652687,0.0605505471524121,-0.19580682716076,-0.0122976252793605
36.15,-0.466867941982833,0.0622701291672277,-0.218180457024717,-0.0111585853370786
36.16,-0.452728972383586,0.0637550894941475,-0.238344102157974,-0.00993505556574056
36.17,-0.437459611917428,0.0652522486521162,-0.256265839159743,-0.00865117992108588
36.18,-0.420917889474227,0.0665044006865673,-0.271997387197589,-0.00732996859660962
36.19,-0.403307259461215,0.0677856690238871,-0.285674148981977,-0.00599288538918237
36.2,-0.384412123522858,0.0688131003108012,-0.297489183845713,-0.00465868208181559
36.21,-0.36453675268464,0.069884611570675,-0.307673160086367,-0.00334312452684186
36.22,-0.343370865238108,0.0706902390555602,-0.316467000728002,-0.00205826711862925
36.23,-0.321339603411334,0.0715493790518601,-0.324121764964222,-0.000813679133759168
36.24,-0.298019487025722,0.0721250560142758,-0.330867533317777,0.000385066033403909
36.25,-0.273975584189458,0.0727572407442965,-0.336880832969279,0.00153662042453294
36.26,-0.248650276826671,0.0730843246332135,-0.342227401273972,0.00264645532120548
36.27,-0.222763127532281,0.0734685319254095,-0.347001221733374,0.00371903996022934
36.28,-0.195601747554015,0.0735266211613148,-0.351237113095805,0.00475797146040629
36.29,-0.168055454652133,0.0736435125317941,-0.354941356323007,0.0057671487807468
36.3,-0.139238447084765,0.0734169100027284,-0.358100115865347,0.00675040536702618
36.31,-0.110224344069222,0.0732543394116845,-0.360678548841407,0.00771076490118032
36.32,-0.080575892510951,0.0729528177936244,-0.362672449992695,0.00865106964920171
36.33,-0.049657070745285,0.072289440311518,-0.364096795289052,0.00957333340169102
36.34,-0.0188413071986879,0.0717042900346389,-0.364962427885177,0.0104787975027739
36.35,0.0132540149761784,0.070750126599907,-0.365268775325688,0.011369092074469
36.36,0.0450459320857579,0.0698865206966347,-0.365011732293006,0.0122459304678596
36.37,0.0772315779172432,0.0688898498472451,-0.364247551738847,0.0131099373091235
36.38,0.1107350121674,0.0675184102364111,-0.363073704171268,0.0139621945546049
36.39,0.143643241066894,0.0662575852003318,-0.361586518122562,0.0148037965613019
36.4,0.177911071465205,0.0646184257224437,-0.35983835706964,0.0156347312087852
36.41,0.21139623113979,0.0631009412121532,-0.357863009538745,0.0164543868273164
36.42,0.245089264133127,0.0614599055924704,-0.355695510432076,0.0172611959952206
36.43,0.280221764416991,0.059434992897153,-0.353399650641389,0.0180521225230457
36.44,0.314296090552342,0.057547523410286,-0.35093427451664,0.0188290306984285
36.45,0.348487748875334,0.0555420044272966,-0.3482674923939,0.0195938431510641
36.46,0.38421893237027,0.0531502149129731,-0.345409079174358,0.0203445724354774
36.47,0.4186295390644,0.0509128099307858,-0.342373752928852,0.0210789638370479
36.48,0.45308219135763,0.0485648324093237,-0.3391906265889,0.0217937459200915
36.49,0.48918895930014,0.0458303216356983,-0.335899692574448,0.0224862411647215
36.5,0.523720340399325,0.0432644962527925,-0.332537769258199,0.0231542591944339
36.51,0.558227976313426,0.0405936675455658,-0.329132263966683,0.0237953563259795
36.52,0.59451396521541,0.0375353559992513,-0.325709795365887,0.0244071036989642
36.53,0.628976230557519,0.0346559089569317,-0.322293482194954,0.0249873928897284
36.54,0.663356025170385,0.031674730394482,-0.318902013055071,0.0255344295501961
36.55,0.699645360451943,0.0283048898742247,-0.315550049194151,0.0260468016519419
36.56,0.733869507508057,0.0251205422022738,-0.312249422880065,0.0265234350882053
36.57,0.767959287987583,0.02183616910645,-0.309010605481068,0.0269634798733626
36.58,0.804093550757401,0.0181623591750336,-0.305841496650201,0.0273662744662026
36.59,0.837918524832933,0.0146770193258912,-0.302748745310949,0.0277313121516295
36.6,0.871539559993197,0.0110909363649214,-0.299739968254319,0.028058362218747
36.61,0.904917599012551,0.00740262231050839,-0.296856631198535,0.0283455803332669
36.62,0.940444469562476,0.00332012098205201,-0.294119003875617,0.028592380859237
36.63,0.973225648322599,-0.000580327421896731,-0.291531382965403,0.0287999438264327
36.64,1.00555217378078,-0.00459212213451396,-0.289309197450824,0.0289704240993324
36.65,1.0372582079562,-0.00875599273590544,-0.293884252453539,0.0287961704920806
36.66,1.07077665547391,-0.0134055997234638,-0.29952325169014,0.0285441442035334
36.67,1.10057107909317,-0.0179678266500207,-0.303756577834528,0.0284142906750511
36.68,1.12902036777907,-0.0227143409638363,-0.305432771159862,0.0284529904871167
36.69,1.15870912416871,-0.0278989437365711,-0.303586689870095,0.0286829268326802
36.7,1.18375005360416,-0.0329231186424204,-0.297439833557563,0.0291069836264893
36.71,1.20668975865437,-0.0380228241810024,-0.286435251185829,0.0297062745661175
36.72,1.23027679202311,-0.0434171174409387,-0.270270744379575,0.0304435976378694
36.73,1.24844666937604,-0.0485012792547806,-0.248905876283513,0.0312694634459765
36.74,1.26699067809089,-0.0537556081583848,-0.222534236884513,0.0321274022289486
36.75,1.27981036562353,-0.0585875743561771,-0.191556260214464,0.0329553336144119
36.76,1.2928799007376,-0.0634660008225005,-0.156540530814648,0.0336856946704447
36.77,1.30014966546296,-0.0678197214990368,-0.118247078358298,0.0342535668516452
36.78,1.29744079065844,-0.0709424210015308,-0.0774583607373628,0.0345989797740722
36.79,1.28959979480667,-0.0734721317211036,-0.0337790726677031,0.0346286185272923
36.8,1.28271456178898,-0.0758317990432709,0.017178257726884,0.0340428009838609
36.81,1.27390212367829,-0.0777234530424202,0.0692124166458639,0.0330010945399122
36.82,1.26047304620104,-0.0789267042045525,0.119105496182433,0.031574434972884
36.83,1.24843615417163,-0.0799109139482427,0.165452084628072,0.0297992949495658
36.84,1.23510930508023,-0.0804798873818715,0.207054569951158,0.0277123438027597
36.85,1.21799060960707,-0.0804739090332479,0.242991722272779,0.0253546800425424
36.86,1.20278484557915,-0.0803563374238789,0.272654489515857,0.0227714720496041
36.87,1.18688794546896,-0.0799739732387147,0.295798097957775,0.0200148224223346
36.88,1.16787733376551,-0.0792006449059892,0.312475516326771,0.0171392212331101
36.89,1.15102615228516,-0.0784688450884636,0.323015375101609,0.014200711889282
36.9,1.13378668138941,-0.077641720377103,0.327917715211882,0.0112520854646789
36.91,1.11619663557237,-0.0767683439696853,0.327842347557481,0.00834387076910157
36.92,1.09594283925996,-0.075730927213524,0.323517957255783,0.00552407244089701
36.93,1.07774302995491,-0.0748926504701989,0.315701282640053,0.0028362651039798
36.94,1.05920487426389,-0.0741157850690922,0.305151445662731,0.00031874436813797
36.95,1.03816331522408,-0.0732781981531628,0.29262202561777,-0.0019957377814389
36.96,1.01898657847028,-0.0726881017203384,0.278849161600442,-0.0040822679983629
36.97,0.999463750453743,-0.0722034582620428,0.264529468053265,-0.00592443485576873
36.98,0.97761812972203,-0.0716973048823293,0.250299434928418,-0.00751475211048532
36.99,0.957499973214777,-0.071426641628054,0.236736268855544,-0.00885298862444668
37,0.937091440944088,-0.0712480389730451,0.224297928091072,-0.00994733897630144
37.01,0.914604326719799,-0.0710343232238408,0.213341743320664,-0.0108135098859156
37.02,0.893766803031958,-0.0710007155633425,0.204114805266763,-0.0114733235665545
37.03,0.872739099548488,-0.0710103247624688,0.196738286870674,-0.0119531769016735
37.04,0.849902103616269,-0.0709445494235856,0.191225228795423,-0.0122823621662102
37.05,0.828649343197979,-0.070989094162482,0.187373410840298,-0.0124917494806954
37.06,0.80727897722641,-0.0710425015759548,0.181272260331572,-0.0127935865478803
37.07,0.784275462605978,-0.0710347376566864,0.174668872921129,-0.0131148851835132
37.08,0.762678830707025,-0.0711434920815918,0.168236391780661,-0.0133866884807883
37.09,0.739565465522498,-0.0711967918224509,0.161933670160909,-0.0136077891972724
37.1,0.717766948662902,-0.0713559046605419,0.155708197526354,-0.0137821834914194
37.11,0.695849830842271,-0.0715371475442626,0.149511811426139,-0.0139142300251707
37.12,0.672585600579105,-0.0716723425376641,0.143355688792821,-0.0140052627233016
37.13,0.650493665367248,-0.0719005398959776,0.137263708466314,-0.0140548939342701
37.14,0.627160389389328,-0.0720881309532449,0.131292007396913,-0.0140612993471678
37.15,0.60490543444241,-0.0723590406784465,0.125548006919332,-0.0140206254715488
37.16,0.582548462226205,-0.0726442614920023,0.120701542112872,-0.0139613791591361
37.17,0.559091765292244,-0.0728773925934926,0.117327156926698,-0.013919412219295
37.18,0.536561979424719,-0.0731578162258562,0.114153151044458,-0.0138544105573312
37.19,0.513030913996039,-0.0733842290094595,0.111086618170373,-0.0137591396225334
37.2,0.490348065969477,-0.0736496053766459,0.10814528373356,-0.0136338938613298
37.21,0.466770340812112,-0.0738639490464932,0.105340860113802,-0.0134811485975029
37.22,0.443968826442833,-0.0741088848821012,0.102665008193952,-0.0133045065262449
37.23,0.421101107630293,-0.0743402982282248,0.100099126662886,-0.0131075141645997
37.24,0.397497060609946,-0.0745247461170949,0.0976244038467678,-0.0128933005837521
37.25,0.37457371541297,-0.0747285854505285,0.0952531669749303,-0.0126633329672664
37.26,0.351020527484004,-0.0748876689156473,0.0930196340725436,-0.0124184055804546
37.27,0.328095335679627,-0.0750584334231328,0.090949443321931,-0.0121593979349307
37.28,0.30465048374378,-0.0751851425870362,0.0890560212076059,-0.0118880709419742
37.29,0.28179324413999,-0.0753152689910648,0.0873587328412109,-0.0116068745190857
37.3,0.258528449210144,-0.0754009001258021,0.0858944816101307,-0.0113169292159239
37.31,0.23581669931459,-0.0754811844373395,0.0846732124045729,-0.0110199234565421
37.32,0.21280338276002,-0.0755156416240001,0.0836937564228658,-0.0107181861372425
37.33,0.190311164611177,-0.0755362520666946,0.0829592096672536,-0.0104143107200021
37.34,0.167939664648886,-0.0755226357009496,0.082463168823777,-0.010110553664217
37.35,0.145411861564051,-0.0754610523753212,0.0821961196314921,-0.00980894932888295
37.36,0.123360355165163,-0.0753742038064528,0.0821491344408265,-0.00951145882070301
37.37,0.101236244526936,-0.0752382548906903,0.0823149771951914,-0.00922009279169452
37.38,0.0795581534710927,-0.0750706582853895,0.0826804925520704,-0.00893658271799001
37.39,0.0578799367883542,-0.0748533093985979,0.0832299191700435,-0.0086624400286866
37.4,0.0366161700409742,-0.0745991964406095,0.0839483559847124,-0.00839899453840718
37.41,0.0154124589785674,-0.0742954031420104,0.0848209581917491,-0.0081474091786257
37.42,-0.0054098726239995,-0.0739510342995142,0.0858339489350787,-0.00790884040877007
37.43,-0.0261245093776588,-0.0735577863865924,0.086972626898767,-0.00768433446559393
37.44,-0.0464919794460996,-0.073121415848913,0.0882201655533885,-0.00747469832258735
37.45,-0.0667151303407139,-0.0726377188238248,0.0895600333612283,-0.00728057597747604
37.46,-0.086624750674323,-0.0721096177248723,0.0909759638585192,-0.00710247501099387
37.47,-0.106361483989174,-0.0715364434730385,0.0924518236072407,-0.00694074881756996
37.48,-0.125816307279917,-0.0709187474014168,0.0939720123545805,-0.00679561098925803
37.49,-0.145077380778111,-0.0702589203183109,0.0955215231679411,-0.00666714437213237
37.5,-0.164086769328738,-0.0695555838131385,0.0970860920630304,-0.00655530758887689
37.51,-0.182886307841234,-0.0688136018717849,0.0986521424692022,-0.00645994074094742
37.52,-0.201459112746787,-0.0680299377436644,0.100206914270813,-0.0063807721202383
37.53,-0.219807643585076,-0.0672114492604976,0.101738336194264,-0.0063174311093111
37.54,-0.237948161941949,-0.0663537442197349,0.103235171796018,-0.0062694786974564
37.55,-0.255849333200021,-0.0654652023378133,0.104687920160665,-0.00623634756705038
37.56,-0.273553718574151,-0.0645403239209342,0.106088094872822,-0.0062173794822562
37.57,-0.291038330821489,-0.0635844523535422,0.107425165948835,-0.0062118939160554
37.58,-0.308257337570008,-0.0626038216784923,0.108683070058086,-0.00621941655089854
37.59,-0.325283890747747,-0.0615919221512398,0.109851361920119,-0.00623912308550204
37.6,-0.342026693207472,-0.0605594840773565,0.110924803546502,-0.00626993542062167
37.61,-0.358574486041976,-0.0594994948162991,0.111901818680069,-0.0063107462620938
37.62,-0.374820721080009,-0.058423025449567,0.112781983300112,-0.00636036557246094
37.63,-0.390866782436654,-0.0573226942526141,0.113564577573132,-0.00641758061785784
37.64,-0.406595517519827,-0.0562097123121157,0.114249274412417,-0.00648122511155311
37.65,-0.422118355550405,-0.0550765103801006,0.114836628725209,-0.00655016785292541
37.66,-0.437311496704654,-0.0539342653091838,0.115328181814384,-0.00662332099716333
37.67,-0.452293943404615,-0.0527753322820916,0.115727703369774,-0.00669969804128725
37.68,-0.466938092294346,-0.0516106643902323,0.116038751278976,-0.00677835344417554
37.69,-0.481367821331607,-0.05043261776973,0.116264868314773,-0.00685836575323831
37.7,-0.495454041122843,-0.0492518117680867,0.116409954266789,-0.00693887209467102
37.71,-0.509323289352489,-0.0480606986643597,0.11647814515968,-0.00701900060989377
37.72,-0.522846664372855,-0.0468694580727094,0.116475703776976,-0.00709783917022917
37.73,-0.536150892184732,-0.0456706559230429,0.116408369319655,-0.00717459567261088
37.74,-0.549108239646761,-0.0444739333041171,0.116281363945067,-0.00724861036639756
37.75,-0.561843829514832,-0.0432720241888844,0.116099881091281,-0.00731934691124281
37.76,-0.574232217569922,-0.0420739997174896,0.115868711037893,-0.00738638799767814
37.77,-0.586395820031095,-0.0408728113437037,0.115592774676358,-0.00744940840358089
37.78,-0.598212477199863,-0.0396769396010574,0.115277179518433,-0.00750815028130388
37.79,-0.609801057457682,-0.0384795787537464,0.114927214553316,-0.00756240921077312
37.8,-0.621043434861888,-0.0372886019898118,0.114548241315539,-0.00761202776039417
37.81,-0.632054338746794,-0.0360974622419098,0.114145571017288,-0.00765689275780007
37.82,-0.642720303103774,-0.0349134272319447,0.113724357950651,-0.0076969333084691
37.83,-0.653151551535516,-0.0337302253220805,0.113289417283153,-0.00773211856072506
37.84,-0.663291809169067,-0.0325515009262373,0.112845304186859,-0.00776245524751073
37.85,-0.673090080619902,-0.0313803791290799,0.112396344733324,-0.00778798632060054
37.86,-0.682649406350082,-0.0302110544324646,0.111946621739129,-0.00780879038534156
37.87,-0.691869735192882,-0.0290493622548734,0.111499920817608,-0.007824977747304
37.88,-0.700849153754854,-0.0278898105256862,0.11105965620581,-0.00783668638876363
37.89,-0.70949334655188,-0.0267377302859616,0.110628916013499,-0.00784407783863472
37.9,-0.717895261576005,-0.0255879494692801,0.110210975527825,-0.00784733681568175
37.91,-0.7259662763996,-0.0244453184653875,0.109809140523502,-0.00784670617371545
37.92,-0.733794045942557,-0.0233049772090854,0.109425607495768,-0.00784243023566004
37.93,-0.741295498882826,-0.0221713359142638,0.109061763560535,-0.00783474518318466
37.94,-0.748552875953121,-0.0210398653342794,0.10871867560279,-0.00782389012110561
37.95,-0.755488453649952,-0.0199145776776537,0.10839710032691,-0.0078101106210643
37.96,-0.762179033115985,-0.0187912719528214,0.108097844117051,-0.0077936593562374
37.97,-0.768552034976937,-0.0176735858204458,0.107821534841297,-0.00777479186825251
37.98,-0.77467889959608,-0.0165576406669426,0.107567493086512,-0.00775381998477403
37.99,-0.780492020259539,-0.015446741255675,0.107335356007014,-0.00773102916423817
38,-0.775481488079524,-0.0191683023279747,0.107125365228298,-0.0077066671277885
38.01,-0.781929039767826,-0.0202915273892703,0.110862686391761,-0.00728208474778451
38.02,-0.788184537374823,-0.0213482281580061,0.114240994523516,-0.00683488291101919
38.03,-0.794232474362322,-0.0223840085841924,0.117419806426458,-0.00639997021261827
38.04,-0.800086710900849,-0.023348122734113,0.12059664107619,-0.00597650819450479
38.05,-0.805837283050626,-0.024359274113108,0.123916098174535,-0.0055681501532297
38.06,-0.811621549268845,-0.0253695763693665,0.127434374431678,-0.00518167775626762
38.07,-0.817573355778988,-0.026522821935972,0.131165409522233,-0.0048234681772238
38.08,-0.82385494386318,-0.0277282574914945,0.135132333819968,-0.00449771059537607
38.09,-0.830599380667197,-0.0291415058779728,0.139360212985589,-0.0042071678319494
38.1,-0.837960216717226,-0.0306204094941561,0.143874654988494,-0.00395416233151882
38.11,-0.846043054071979,-0.032232596888395,0.148703822764719,-0.00374030358984312
38.12,-0.854909910711661,-0.0340639045720648,0.153858164947329,-0.00356807815089139
38.13,-0.864682740219651,-0.0359022870132122,0.159325126172533,-0.00344023436031665
38.14,-0.875344059520033,-0.0379297447394072,0.165084422717392,-0.00335899411725236
38.15,-0.887027698467326,-0.0399016311435956,0.171097440800196,-0.00332640813176237
38.16,-0.899644464860549,-0.042025356639408,0.17731981953001,-0.00334342516573991
38.17,-0.913370042868363,-0.0440310972609326,0.183694398100673,-0.00341065345070658
38.18,-0.928036276149584,-0.0461560620738289,0.19015070496851,-0.00352845615383479
38.19,-0.943887110237304,-0.0481091628133315,0.196623141551615,-0.00369623429425857
38.2,-0.960660009795346,-0.0501574649498691,0.203054111356375,-0.00391272347801078
38.21,-0.97868715551627,-0.0519888113377665,0.209370658770027,-0.00417703918673194
38.22,-0.997592066446043,-0.0538988627311024,0.21546890738106,-0.00448895106373937
38.23,-1.01781344368237,-0.0555552447207684,0.221260164578124,-0.00484656220527888
38.24,-1.03883977089738,-0.0572807298262408,0.226688923159322,-0.00524715246602073
38.25,-1.06089075664142,-0.0589032525601669,0.231702577740733,-0.00568684438214257
38.26,-1.08432882010492,-0.0602282066435188,0.236257260571535,-0.00616149983774758
38.27,-1.10840479451315,-0.0616170771916522,0.240313759646374,-0.00666639389775221
38.28,-1.13390218948773,-0.0626864775765404,0.243814906047469,-0.00719806570060541
38.29,-1.15989572229738,-0.0638223006928662,0.246701443759059,-0.00775273911988978
38.3,-1.18734102923636,-0.064623366690383,0.248949270218862,-0.00832525700376664
38.31,-1.2151220506429,-0.065498078160044,0.250561143456574,-0.00890969111845737
38.32,-1.24371494340482,-0.0662441152200069,0.251544480972523,-0.00950015177344547
38.33,-1.27379483976473,-0.0666393066699533,0.251925882213338,-0.010091192539799
38.34,-1.30393607173328,-0.0671235941096137,0.251737827512494,-0.0106779436567439
38.35,-1.33558651872855,-0.0672501036303347,0.25102016828987,-0.0112554694655318
38.36,-1.36710492654217,-0.0674771379160438,0.249814967914085,-0.0118196184505888
38.37,-1.39922053255299,-0.0675805080830203,0.248168519882554,-0.0123668583094609
38.38,-1.43289060427425,-0.0673185690679714,0.246127340811013,-0.0128941636440367
38.39,-1.46613664989267,-0.0671757411245029,0.243736961272048,-0.0133987943234932
38.4,-1.50097804082445,-0.0666645203527709,0.24104798186615,-0.0138783741794382
38.41,-1.53520354048536,-0.0662837644674216,0.238116249084971,-0.014331054429114
38.42,-1.56983509266918,-0.0657887726460596,0.234996228759745,-0.0147556724368598
38.43,-1.60613850672948,-0.0649201145338507,0.23173615658475,-0.0151514741688788
38.44,-1.6415437843316,-0.0641969440124688,0.22837882869258,-0.0155180005848479
38.45,-1.67725906769989,-0.0633633407377581,0.224961019663076,-0.0158549390355879
38.46,-1.71474150806825,-0.0621506909864551,0.221514975571886,-0.0161621525167651
38.47,-1.75105376276048,-0.0610954784190395,0.218070248903708,-0.0164396795893697
38.48,-1.78759318480436,-0.0599319985878823,0.214655484945876,-0.0166875393403078
38.49,-1.82600950984791,-0.0583840695116931,0.211291129695652,-0.0169059877739224
38.5,-1.86299320483385,-0.0570024210159879,0.207994153385042,-0.0170953932833089
38.51,-1.90013373023976,-0.0555134323714373,0.204778448247783,-0.0172562221739436
38.52,-1.93927393379179,-0.0536352845997855,0.201654776846989,-0.0173890377156992
38.53,-1.97672904756535,-0.0519296242378638,0.198631463294574,-0.0174944710792817
38.54,-2.01428114693024,-0.0501166832361773,0.19571447314045,-0.0175732061727273
38.55,-2.05396573521542,-0.0479109621987545,0.192907713268837,-0.0176259779829428
38.56,-2.09172112822276,-0.0458814410775748,0.190213774647231,-0.0176535538959432
38.57,-2.12951756201949,-0.0437438488475223,0.187633467041458,-0.0176567585749433
38.58,-2.16733070157053,-0.0414973574937093,0.185166539123277,-0.017636529060535
38.59,-2.20743408808492,-0.0388531922009014,0.182815644469668,-0.0175936268494205
38.6,-2.24524083404048,-0.0363843200935564,0.180573531053489,-0.0175292574938587
38.61,-2.2829416623018,-0.0338018706477518,0.178430005351987,-0.0174447673614336
38.62,-2.32295951243481,-0.0308169804483594,0.176380967813532,-0.0173410572872697
38.63,-2.36028336935694,-0.0279991456924828,0.174427489164177,-0.0172188004505783
38.64,-2.39721219856826,-0.0250574656847372,0.172571806027832,-0.0170786577944929
38.65,-2.43356838273972,-0.0219861176416903,0.170817338419768,-0.0169214061767977
38.66,-2.47184831614858,-0.0184964222072464,0.169169660869965,-0.016748030374498
38.67,-2.5063908009196,-0.0151467503709018,0.167633325174116,-0.0165596228989038
38.68,-2.53957649965967,-0.0116484552273155,0.166210652225918,-0.0163572503019704
38.69,-2.57398433154945,-0.00772192845160853,0.164903699564785,-0.0161420413138139
38.7,-2.6036228427529,-0.0039189993520551,0.163714929353637,-0.0159151819593321
38.71,-2.63104953889016,3.63916952570847e-05,0.162651614503264,-0.0156780361218049
38.72,-2.65900481243453,0.0044074087570195,0.161723335752214,-0.0154321786667648
38.73,-2.68135668738243,0.00864976200022985,0.160932308852036,-0.0151791412072066
38.74,-2.70390503884261,0.0132843366026555,0.160279037576122,-0.0149204134326893
38.75,-2.72052880001376,0.0177752034339568,0.1597654598926,-0.0146574923916102
38.76,-2.73720089349992,0.0226234371977369,0.159393848351477,-0.0143918727197305
38.77,-2.74787586096165,0.0273045892478556,0.159165430193739,-0.0141250491804952
38.78,-2.74853549859077,0.0311308315143108,0.159079201241152,-0.0138585305804656
38.79,-2.74684685191803,0.035017089806053,0.159131558134994,-0.0135938582902936
38.8,-2.74001637904951,0.0387281220835507,0.159319829457031,-0.0133326928320847
38.81,-2.73406773213733,0.0427200862780353,0.159640421580944,-0.0130765113068194
38.82,-2.72619828988452,0.0467497736263866,0.16008846495841,-0.0128267662180558
38.83,-2.71379825080586,0.0505994805749517,0.160657870183282,-0.0125848107287355
38.84,-2.70267112125266,0.0546863948692904,0.161344038768489,-0.0123520159589136
38.85,-2.69015317690232,0.0587865443089225,0.162139292294962,-0.0121296311463905
38.86,-2.67376795461178,0.0627020831908148,0.16303467565409,-0.011918690822592
38.87,-2.65894106940222,0.0668150514640165,0.164017566950125,-0.0117201875727954
38.88,-2.64308288809048,0.0709228996481541,0.165069989575233,-0.011535157177842
38.89,-2.62625360806527,0.0750213319036561,0.166179165028198,-0.0113643050647538
38.9,-2.60609215571755,0.0789402399748584,0.167335549087043,-0.0112081325022541
38.91,-2.58745969769346,0.0830160680152945,0.168527267944361,-0.0110669232786207
38.92,-2.56786999333133,0.0871025647570982,0.17593500721639,-0.0106887311901538
38.93,-2.5450105685862,0.0910992704938939,0.185773133696198,-0.0102044251084162
38.94,-2.52334084865087,0.0953197481164347,0.196330469704559,-0.00976763639151987
38.95,-2.50054807696173,0.0996157794918798,0.207865953058202,-0.00938642374317439
38.96,-2.47454999995232,0.103863033505767,0.220386268299009,-0.00907069822113407
38.97,-2.44947506513346,0.108340556754826,0.233283838779197,-0.00885054132959497
38.98,-2.42320971415834,0.112902538938555,0.244542248695809,-0.0088130813310965
38.99,-2.39390790777674,0.11739535423807,0.25053516792206,-0.00910690428577938
39,-2.36548334619736,0.121981519149209,0.246592588735559,-0.00992418915953098
39.01,-2.33615958851592,0.126420305989738,0.229939544011705,-0.0112937043234207
39.02,-2.3044008212614,0.130477890956268,0.20054944600636,-0.0130811119067778
39.03,-2.27384830513764,0.134248742770906,0.160248762069095,-0.0150696806008232
39.04,-2.24286419001541,0.137529881227432,0.111574569903694,-0.0169736766100502
39.05,-2.20996313567411,0.140149457090628,0.0557117996783057,-0.0184450589080273
39.06,-2.17832977534955,0.142255821807609,-0.00140626646911452,-0.0194359459258715
39.07,-2.14639308209937,0.143755026985478,-0.0575397531756187,-0.0199261266838778
39.08,-2.11279189736716,0.144584398432908,-0.111628478402288,-0.0199368829397603
39.09,-2.08038463360247,0.144929802565141,-0.163099832811235,-0.0195178532314095
39.1,-2.04648262719911,0.144664898484475,-0.211600370900545,-0.0187295342473422
39.11,-2.01375104894053,0.143967946473909,-0.25685695855754,-0.0176315124099189
39.12,-1.98090338096204,0.142797757587708,-0.298496058864095,-0.0162710955218331
39.13,-1.94685191938217,0.141133808547711,-0.335773612799872,-0.0146644507798998
39.14,-1.9139562085762,0.139146955426082,-0.36844422493613,-0.0128438945509937
39.15,-1.88003214288322,0.136764838123858,-0.396420720904618,-0.0108449499758623
39.16,-1.84723876244054,0.134146847255272,-0.419708156534558,-0.00870020421946784
39.17,-1.81357671462086,0.131233389265627,-0.43835967489307,-0.00643608346301573
39.18,-1.78100698446178,0.128170499586418,-0.452431108241129,-0.00407254150568705
39.19,-1.74855900765472,0.124952675921037,-0.461859604868746,-0.00162655437938607
39.2,-1.71543682548559,0.121587455537324,-0.466444074369516,0.000889074319555262
39.21,-1.68330834594922,0.118207316548084,-0.465944043193368,0.0034610724425234
39.22,-1.65059518120065,0.1147858994545,-0.460327847100624,0.0060623590237655
39.23,-1.61878305224048,0.111445840114949,-0.449733112328275,0.00865139691613192
39.24,-1.58646262192141,0.108168097797617,-0.434415899220541,0.0111765815281237
39.25,-1.55495697416123,0.105059857124722,-0.414861550874517,0.0135846247709654
39.26,-1.52302693457681,0.102101415981829,-0.391796229528395,0.0158253978535979
39.27,-1.49184610189394,0.0993766771141103,-0.366057652030061,0.017856373821142
39.28,-1.460829767277,0.096879695401865,-0.338488985216606,0.0196365483044639
39.29,-1.4295477045627,0.0946046316654011,-0.309872755893694,0.0211312075172063
39.3,-1.39896554661678,0.0925986332032417,-0.28105022081085,0.0223138343989616
39.31,-1.36824153755386,0.0908214572032,-0.25285388574876,0.0231644198025954
39.32,-1.33821318794772,0.0892960908312485,-0.226146480331008,0.023680361050949
39.33,-1.30817726452929,0.0879729893055344,-0.201612718262898,0.0238729513962169
39.34,-1.27884500529064,0.0868551533492422,-0.179735488366976,0.0237671955833247
39.35,-1.24963208218135,0.0858901516597359,-0.160754273919891,0.0234017880667973
39.36,-1.2211242085775,0.0850703761208125,-0.144756824451685,0.0228251386133214
39.37,-1.19283703415362,0.0843472096408559,-0.131760028434225,0.0220845109302451
39.38,-1.16523163115674,0.0836995462304013,-0.12394063511819,0.021308730635486
39.39,-1.13788326753393,0.0830548733607379,-0.12111721066057,0.0205849996443926
39.4,-1.11114856226936,0.0823957540862838,-0.120187137605974,0.0198469026055875
39.41,-1.08471916334516,0.0816993644994543,-0.120419822126953,0.0191034348587719
39.42,-1.05887233491794,0.0809639966455388,-0.121547193447067,0.0183717222760409
39.43,-1.03337243510243,0.0801773255037251,-0.123337568178973,0.0176666359816815
39.44,-1.00841692389447,0.079338589094539,-0.125645429426399,0.0169970478417587
39.45,-0.983895566842177,0.0784420955758929,-0.12835313197801,0.0163683885340048
39.46,-0.959758274550347,0.0774862285602794,-0.131371887944805,0.0157832262217152
39.47,-0.936108486793209,0.0764689887353328,-0.134646760923968,0.0152419845839479
39.48,-0.912858238341449,0.0753911308216621,-0.138130595788987,0.0147437523904809
39.49,-0.890061603104662,0.0742493522264143,-0.141784323232472,0.0142868458321414
39.5,-0.867678686116411,0.0730474268891368,-0.145559831499938,0.0138696088968534
39.51,-0.845724023423538,0.0717810880798215,-0.149403962889334,0.0134902458280246
39.52,-0.82419819936729,0.0704568283474867,-0.15327813618339,0.0131466038449501
39.53,-0.803084120865189,0.0690695632384579,-0.157154393724693,0.0128363798915994
39.54,-0.782417160899371,0.0676276420891131,-0.161011326666224,0.0125572344388834
39.55,-0.762155192115046,0.0661251026752207,-0.164835848549788,0.0123069983118285
39.56,-0.742362616689481,0.064571490661839,-0.168621562220094,0.012083682370571
39.57,-0.722976816381682,0.0629600451227235,-0.172353110282348,0.0118860504279848
39.58,-0.704084991097694,0.061301207758172,-0.176019423994349,0.011713027964019
39.59,-0.685607473985253,0.0595877245847381,-0.179612414741911,0.011564123381537
39.6,-0.667648574550022,0.0578306389251752,-0.183116219256302,0.0114400545124773
39.61,-0.650113882000811,0.0560226420685618,-0.186482166106604,0.0113425949702416
39.62,-0.633118773675881,0.0541759078351345,-0.189645884311695,0.0112735057774837
39.63,-0.61655585212664,0.0522841739963733,-0.192523689431734,0.0112344831604265
39.64,-0.600546468361174,0.0503614091372835,-0.194997844045686,0.0112281416259426
39.65,-0.584971166595129,0.0484036397037117,-0.19691344149315,0.0112579305367189
39.66,-0.569951681709468,0.0464279834944635,-0.198051187641816,0.0113292062740092
39.67,-0.555355989950409,0.0444350155224052,-0.19811466789842,0.0114500249704111
39.68,-0.541299933896461,0.0424471926834456,-0.196834659766134,0.0116239303001871
39.69,-0.52763986100125,0.0404704888373046,-0.193997357775354,0.0118490180813349
39.7,-0.514485231692927,0.0385313411917007,-0.189426795522111,0.0121204170330549
39.71,-0.501685063208476,0.036639451160114,-0.182975253581742,0.01243077474453
39.72,-0.489342457720866,0.0348237349404514,-0.174542068934261,0.0127700692268974
39.73,-0.477303015470399,0.0330956969214727,-0.164170823766934,0.013121498667312
39.74,-0.465604511080151,0.0314786764659116,-0.15205289575833,0.013461531193198
39.75,-0.45428411288386,0.0299930063544506,-0.138487040941807,0.0137640076700251
39.76,-0.443196944216892,0.0286433907905021,-0.123860082747019,0.0140028216497785
39.77,-0.432447393705354,0.0274463151486653,-0.108607799952036,0.0141540893585664
39.78,-0.421902270278253,0.0263982093359291,-0.093178957345181,0.0141978009442509
39.79,-0.411670093882476,0.0255060304322607,-0.0780384981839401,0.0141197263542677
39.8,-0.401629692949446,0.0247574316065487,-0.0636286152978701,0.0139112120888132
39.81,-0.391891982937145,0.0241501155226268,-0.0503515704976114,0.0135697936344786
39.82,-0.382346526310741,0.0236641093183344,-0.0385660750770088,0.0130994111566043
39.83,-0.373103933902683,0.0232895831815214,-0.0285656782744289,0.0125102584210362
39.84,-0.364061931470261,0.0230011796154999,-0.0205680533959229,0.0118176799359504
39.85,-0.355327568916737,0.0227842493178598,-0.0147632646226353,0.0110398383634605
39.86,-0.346805947689164,0.0226098857231366,-0.0112783764116109,0.0101916375334631
39.87,-0.338600000298225,0.0224614696609049,-0.00998588275008789,0.00930305979215904
39.88,-0.33061807473676,0.0223125145955477,-0.010714469628652,0.00840030815423574
39.89,-0.322954301459195,0.0221494161054722,-0.0132348901191592,0.00750751265003379
39.9,-0.315519640673821,0.0219507161510477,-0.017260093834134,0.00664684014293588
39.91,-0.308399527006154,0.0217082003752532,-0.0224505323359846,0.00583827772724602
39.92,-0.301506872567017,0.0214074791165638,-0.02844454425835,0.00509882962336587
39.93,-0.294917864339864,0.0210471987866489,-0.0348641361020928,0.0044416513787328
39.94,-0.288547502531974,0.0206212662908069,-0.0412518971378432,0.00387351733909464
39.95,-0.282463263230484,0.0201357007385687,-0.0473576042283419,0.00340216794366203
39.96,-0.276581498401749,0.0195909725846133,-0.052878002436491,0.00302967661979034
39.97,-0.270961031682388,0.0189983426662342,-0.057543803126558,0.00275395291712792
39.98,-0.265520847422415,0.0183638814345746,-0.0611423837081181,0.00256922815925953
39.99,-0.260281858648153,0.0177010701242684,-0.0635184902387764,0.00246686091668108
40,-0.266434871039187,0.0147898579706308,-0.0645835971115108,0.00243555065687249
40.01,-0.261508082276459,0.0117516497142771,-0.0628516694759712,0.00255583174557079
40.02,-0.256967113040531,0.00873956789682609,-0.0593870364329268,0.0027422803646765
40.03,-0.252775923310859,0.00582157151069611,-0.0537355007001329,0.00299109758764044
40.04,-0.248915541355836,0.00295410671419117,-0.0456339755925713,0.00329592199494068
40.05,-0.245415760650848,0.000206853205584103,-0.0349970769935296,0.00364121629811109
40.06,-0.242358504259485,-0.00252564255558605,-0.0219103835468007,0.00400468536282487
40.07,-0.239834512531368,-0.00515385647567955,-0.006606902724741,0.0043603835580177
40.08,-0.237962501428996,-0.00781230256277767,0.010572281231967,0.0046818244453964
40.09,-0.236854284095545,-0.0103763922893326,0.0292046878039124,0.0049442038744713
40.1,-0.236619135984631,-0.0129988286155853,0.048844296571919,0.00512696093541602
40.11,-0.237354106613235,-0.0155128139640994,0.0690320036323594,0.00521411383180135
40.12,-0.239117266989142,-0.0180869252668747,0.0893469430545635,0.00519593827898679
40.13,-0.241987779606137,-0.0205170081282702,0.109418347318608,0.00506776462146162
40.14,-0.245959794856131,-0.0229943230273272,0.128958078071693,0.00483099255664662
40.15,-0.251120102228202,-0.0252857205127421,0.14773895478906,0.0044908661512585
40.16,-0.257394947610042,-0.0276105373838648,0.165597913329142,0.00405626506616234
40.17,-0.264907255263862,-0.0297114648593323,0.182407245093883,0.00353711389567293
40.18,-0.2735062742624,-0.0318379179548867,0.198107385065297,0.00294545139243662
40.19,-0.283377177825041,-0.0337102458959289,0.212687358861974,0.0022940257681083
40.2,-0.294276486801992,-0.0356063240330753,0.226142281671445,0.00159412302170687
40.21,-0.306473448454503,-0.0372237350308903,0.238504409168179,0.000856940444810409
40.22,-0.319613136293956,-0.0388666560994658,0.249863024742158,9.45786197400291e-05
40.23,-0.334066559260783,-0.0402086582880456,0.260327344992272,-0.000682251686646845
40.24,-0.349345518438911,-0.041577458576058,0.26999510317791,-0.00146529487826175
40.25,-0.365941876527978,-0.0426228254977738,0.278949418485299,-0.00224875037615015
40.26,-0.383216926585242,-0.0436953489192639,0.287264627692913,-0.00302870964814593
40.27,-0.401804015455101,-0.0444225775274689,0.294981519788404,-0.00380362855975419
40.28,-0.420899063278968,-0.0451780106038592,0.30213427000486,-0.00457222776431565
40.29,-0.440808821596911,-0.045771477928247,0.308765523218001,-0.005335425554122
40.3,-0.462017475606705,-0.0459913666056442,0.314903604414959,-0.00609412421895353
40.31,-0.483447987333922,-0.0462455726946314,0.32054372957908,-0.00684908736104806
40.32,-0.506169832504582,-0.0461120275523688,0.325676171745151,-0.00760136616957347
40.33,-0.52890669872186,-0.046019757073949,0.330298024119862,-0.0083510120540581
40.34,-0.552929230968161,-0.0455294962281853,0.334409735062116,-0.00909825497359956
40.35,-0.576754373235251,-0.0450903719502185,0.338012819990609,-0.00984273664854828
40.36,-0.601017317753865,-0.0444822892097143,0.341108073974533,-0.0105837943856716
40.37,-0.626576002223095,-0.0434674600719213,0.343705522311511,-0.0113210280174016
40.38,-0.651622358103051,-0.042523950058617,0.345815347568934,-0.0120530672693949
40.39,-0.677985904772403,-0.041172086875714,0.347453277308921,-0.0127791151546746
40.4,-0.703632745920279,-0.0399061375500694,0.34863729313314,-0.0134980699076536
40.41,-0.729486738319268,-0.0384867224527129,0.349388267377489,-0.0142086590498971
40.42,-0.756711241303488,-0.0366590915203708,0.349733001891528,-0.0149095512580737
40.43,-0.782922171901881,-0.0349403920006511,0.349478769685527,-0.0155994616897841
40.44,-0.809269716541495,-0.03311733448511,0.341795201490556,-0.0165957568903726
40.45,-0.837187767021658,-0.0309773825992651,0.331565701318696,-0.0176498760569252
40.46,-0.863944619220001,-0.0290643554238822,0.320785313966383,-0.0185960686948185
40.47,-0.890833291828479,-0.0271185487248275,0.309667909955182,-0.0194151666899167
40.48,-0.919394697543969,-0.0248674514705128,0.298336676594521,-0.0201055519765077
40.49,-0.946516244696356,-0.0228623162847002,0.28691565778561,-0.0206699105682296
40.5,-0.973681769854815,-0.0208314589415144,0.275517738558539,-0.02111250776338
40.51,-1.00262695072004,-0.0184929212384759,0.264233363746893,-0.0214398431532637
40.52,-1.02987283914604,-0.0164080046691971,0.253157518327898,-0.0216600908609834
40.53,-1.05709818364223,-0.0142955169353883,0.242365028111704,-0.021779608259101
40.54,-1.08623367372582,-0.0118666506880895,0.231912764942368,-0.0218035788660765
40.55,-1.11343155255674,-0.00969020937349696,0.221860004277658,-0.0217376697896405
40.56,-1.14056342596854,-0.00747808809124315,0.212274949165719,-0.0215871499480946
40.57,-1.16975243879403,-0.00493507828374287,0.20412196643621,-0.0213845204829954
40.58,-1.19680910268335,-0.00260117909711874,0.200967308083953,-0.0213118528477321
40.59,-1.22381342799281,-0.000157161608542067,0.199309293796411,-0.0212635589605706
40.6,-1.25074158519336,0.00240329293393471,0.197910348226072,-0.0212022538267105
40.61,-1.27993767050677,0.00537235144482281,0.19662092476316,-0.0211214017810792
40.62,-1.30664717559374,0.00817171373389275,0.195427048077635,-0.0210202580712119
40.63,-1.33312374470636,0.0110936450182297,0.194322548749847,-0.0208993560418915
40.64,-1.36184215465117,0.0144292679675805,0.193311684578192,-0.0207593371844667
40.65,-1.38760681583752,0.0176064061131722,0.192438659783373,-0.0205994215211407
40.66,-1.41274188376355,0.0209196784838777,0.191734753422935,-0.0204198156529532
40.67,-1.43701388779963,0.0243764665043138,0.191212556747221,-0.0202222965797301
40.68,-1.46293771047978,0.0282666571769448,0.190878860603838,-0.0200087934350992
40.69,-1.48467981326036,0.032030732088511,0.190723073756458,-0.0197831234446307
40.7,-1.50466431257898,0.0359569859351265,0.190684922046691,-0.0195514852001734
40.71,-1.52551515383778,0.040321489288495,0.19061347351689,-0.0193241502663619
40.72,-1.54114494917701,0.0445668078329535,0.190156671732892,-0.0191164022237569
40.73,-1.55718434663547,0.0492304763058898,0.190230958881735,-0.0189055211708997
40.74,-1.56745905063011,0.0537746203338368,0.190135117604515,-0.0186609373704529
40.75,-1.57479554627592,0.0584323051638617,0.186071053551673,-0.0186038617320971
40.76,-1.58218338894392,0.0634011924838629,0.176832440903004,-0.0187579088959417
40.77,-1.58359550584678,0.0680904793563771,0.161964339981833,-0.0190920767079322
40.78,-1.57488877627507,0.0717671294205907,0.141317911572338,-0.0195564044543484
40.79,-1.56393252692957,0.0752743038499879,0.115074858225676,-0.0200870394102839
40.8,-1.54795807400063,0.0783170518709882,0.0838192052289393,-0.0206090234694401
40.81,-1.5331064547389,0.0813173663757681,0.0484992813002017,-0.0210449077785403
40.82,-1.51661087218596,0.0839903730121411,0.0102644079806568,-0.0213199333123899
40.83,-1.49587959130924,0.086088231628006,-0.0297144253647643,-0.021370741857451
40.84,-1.47685041111095,0.0880269929052652,-0.0703400095006698,-0.0211492335933508
40.85,-1.4568750052488,0.0895738676787253,-0.110619180888324,-0.0206266337857066
40.86,-1.43347910611902,0.0905306474056922,-0.15011076504104,-0.0197652898421326
40.87,-1.41221879423326,0.0912959370779495,-0.188324687079746,-0.0185711184744649
40.88,-1.39050853894675,0.0916888776877984,-0.222663193637734,-0.017109316328586
40.89,-1.3684531320526,0.0917464681836132,-0.252420690759266,-0.0154148994492836
40.9,-1.34367819922041,0.0913407841889855,-0.277055934631255,-0.0135199079165641
40.91,-1.3211677708185,0.0908716618169534,-0.296290828872375,-0.011460674631538
40.92,-1.29843330175108,0.0902117265080999,-0.310136940358764,-0.00928163314855306
40.93,-1.27319822997243,0.089256448194303,-0.318826956271078,-0.00703090109541701
40.94,-1.25004904298752,0.0883693819816446,-0.322765070163434,-0.0047574515324441
40.95,-1.22664027493997,0.0874328611336244,-0.322475876340442,-0.002507992132677
40.96,-1.20295740305935,0.0864845732634875,-0.318612659213009,-0.000326948440021683
40.97,-1.17694833404624,0.0854226070129744,-0.311843468012017,0.00174556627282977
40.98,-1.15275818097102,0.0845432769544584,-0.302836301371695,0.00367390885673249
40.99,-1.1282964070304,0.0837260903526593,-0.292252579887979,0.00542784824605201
41,-1.10170711062182,0.0828645960679296,-0.280760821003087,0.0069841423653116
41.01,-1.07682327508126,0.0822050782084027,-0.268990558636769,0.00832874123181858
41.02,-1.0499832521412,0.0815147484473497,-0.257513017013983,0.00945650880584464
41.03,-1.02480642031714,0.0810099268156184,-0.24683716197761,0.0103703020901671
41.04,-0.999512501081506,0.0805663213350974,-0.237360939069212,0.0110808906957693
41.05,-0.972540881536442,0.0800747033254982,-0.229376086055914,0.0116059073695664
41.06,-0.94718130155068,0.0797141513678398,-0.223062514510266,0.0119683459454242
41.07,-0.921815866095725,0.079367458993597,-0.218482587919482,0.0121951304148064
41.08,-0.89503831217765,0.0789344706689098,-0.215594026315885,0.0123151879622781
41.09,-0.869806427262142,0.0785693175371737,-0.213907788921588,0.0123641874921443
41.1,-0.843287817288193,0.0781213126565298,-0.209231745259326,0.0125620229254753
41.11,-0.818173998852149,0.0777623853927867,-0.204261689973611,0.0127786936216106
41.12,-0.793081195562808,0.0774119230458018,-0.199526152554128,0.0129569488784767
41.13,-0.766833740175325,0.0770033715273762,-0.194993889309131,0.0130965047802509
41.14,-0.74185212912439,0.0766673863871922,-0.190627876849372,0.0132016890986567
41.15,-0.715823307105403,0.0762767611132735,-0.186379877785483,0.0132772209435881
41.16,-0.690968022329416,0.0759495604949498,-0.182220998662731,0.0133262851725528
41.17,-0.666155753872706,0.0756237445634509,-0.178150956196149,0.0133501993591273
41.18,-0.640446226898629,0.0752500502800338,-0.174182501543068,0.0133493476317428
41.19,-0.615775499301206,0.0749266369380008,-0.170661587493265,0.0133349146310618
41.2,-0.590294146320398,0.0745443186143693,-0.169268780405325,0.0133780097124188
41.21,-0.56574842900894,0.0741778416746938,-0.168418864767075,0.0134302127743719
41.22,-0.540484073815378,0.073742756374405,-0.167570747378932,0.0134748915777718
41.23,-0.51608661891658,0.0733166681375248,-0.16671836917858,0.0135096408006004
41.24,-0.491761364736842,0.0728594039111117,-0.165864532056124,0.0135339817043185
41.25,-0.466882885762114,0.0723409018247622,-0.164996040795357,0.0135487439099358
41.26,-0.442789328841,0.0718238917564539,-0.164097457070454,0.0135549071623935
41.27,-0.418254603263206,0.0712503756470597,-0.16316677159728,0.0135527154310688
41.28,-0.394461855423764,0.0706741418260221,-0.162209500971021,0.0135420731488341
41.29,-0.37034392272246,0.0700456429861469,-0.161233045303766,0.0135229204327589
41.3,-0.346935383662387,0.0694102989782717,-0.16024900700952,0.0134951295012081
41.31,-0.323314346111861,0.068726353475706,-0.15927252348399,0.0134587561586519
41.32,-0.300372233817182,0.0680315155300602,-0.15831634973733,0.0134141105065707
41.33,-0.277323022890503,0.0672910868050489,-0.15738750619031,0.0133614416780278
41.34,-0.254924658882851,0.066535831456095,-0.156490606674107,0.0133009792762867
41.35,-0.232516168264862,0.0657376285245082,-0.155629167889337,0.0132330022839368
41.36,-0.210730892909478,0.0649210911546101,-0.154806313355956,0.0131578499931508
41.37,-0.189261501283777,0.0640730256926671,-0.154024980790137,0.0130759498887866
41.38,-0.167907764013764,0.0631857840290165,-0.15329074262239,0.0129879340227356
41.39,-0.147135194999342,0.0622759058576028,-0.152606980015916,0.012894446315414
41.4,-0.126546124515201,0.0613292299049808,-0.151974899452407,0.0127960827609022
41.41,-0.106507741557964,0.0603577831489572,-0.151394855065394,0.0126934138665293
41.42,-0.086708197660867,0.0593520118289578,-0.150866821483337,0.0125870135318471
41.43,-0.067426864728457,0.058320041772063,-0.150390285667482,0.0124774250730319
41.44,-0.0484274339728508,0.0572563658402571,-0.149965138965208,0.0123652086501126
41.45,-0.0299127164725626,0.0561657282256388,-0.149592118470055,0.0122508864955579
41.46,-0.0117129466074388,0.0550460796427372,-0.149272227921032,0.0121349719216002
41.47,0.00603420877922467,0.053899216303543,-0.149007703863544,0.0120180835820683
41.48,0.0234412752462454,0.0527260088448084,-0.148799712279132,0.0119008586476219
41.49,0.0404268370132179,0.0515258015211135,-0.148648399806938,0.011783893274659
41.5,0.0570548506353852,0.0503019573751547,-0.148553960792642,0.0116677704257671
41.51,0.0732893061766831,0.0490517109439107,-0.148516847387418,0.0115530641101585
41.52,0.0891515244389254,0.0477803698572269,-0.148537026756843,0.0114403472916067
41.53,0.104642748730344,0.0464834232335501,-0.148614634869267,0.0113302245061632
41.54,0.11974784693941,0.0451676811135435,-0.148751114745672,0.011223229784089
41.55,0.134497630660061,0.0438271628847845,-0.148947177378786,0.0111199122863348
41.56,0.148845940988897,0.0424697750770024,-0.14920330991979,0.0110207782454893
41.57,0.162847200792244,0.041088411244269,-0.149514286382012,0.010926537562196
41.58,0.17643007687083,0.0396918464017071,-0.149877324157677,0.0108378332245325
41.59,0.189668315739649,0.0382721660147505,-0.150291930891765,0.0107550797703726
41.6,0.202470645248862,0.0368386912463463,-0.150758357487657,0.0106785459208903
41.61,0.214926331581283,0.0353828941255739,-0.151277550710002,0.0106084356911475
41.62,0.226983858955597,0.0339097035486593,-0.15185110018198,0.0105449083641844
41.63,0.238580005860355,0.0324242065629397,-0.15248124515056,0.0104880809040821
41.64,0.249821695349629,0.0309173401791076,-0.153171854314735,0.0104380341465349
41.65,0.260587849226235,0.0293987157521093,-0.153927926968005,0.0103948181160192
41.66,0.270993999710917,0.027859064271704,-0.154754414417569,0.010358578227083
41.67,0.280913695384692,0.0263078207410007,-0.155652500463088,0.0103295223573266
41.68,0.290468424735124,0.0247357188447047,-0.156619265527488,0.0103078978544
41.69,0.299528948093654,0.0231520351251824,-0.157649029581154,0.0102939737910715
41.7,0.308220319994225,0.0215477443039455,-0.158734267221529,0.0102880058806564
41.71,0.316412708404625,0.0199319691990749,-0.159866426636519,0.0102902033685889
41.72,0.324232497826566,0.0182960592044509,-0.161036728482777,0.0103006945254584
41.73,0.331550448587564,0.016648922620107,-0.162236380209399,0.0103195169571818
41.74,0.338492043052975,0.014982336998968,-0.163456621491033,0.0103466290737251
41.75,0.344929654513976,0.0133049514736069,-0.164683945515931,0.0103819851384671
41.76,0.350986432023916,0.0116091393931803,-0.165900308176804,0.0104253375051139
41.77,0.356537047944109,0.00990304912115675,-0.167164262833211,0.0104733355092513
41.78,0.361699993434364,0.00817862906248389,-0.168508576166116,0.0105244322091322
41.79,0.366352344901888,0.0064428638757252,-0.169930835096846,0.0105790998121045
41.8,0.370608554310522,0.00468823425057368,-0.171377104607767,0.0106397935313744
41.81,0.374351239475486,0.00292245325844336,-0.172717270305899,0.0107119586420162
41.82,0.377693533615236,0.00114093760427996,-0.17376826121438,0.0108021764890064
41.83,0.380527644537441,-0.000645290334685727,-0.174274740409081,0.0109180508200376
41.84,0.382968689642128,-0.00243506059961631,-0.173856729890222,0.0110706789126488
41.85,0.384924379794697,-0.00421010707954915,-0.172022493485434,0.0112737094858854
41.86,0.386517478936964,-0.00595975199716142,-0.168358780540312,0.0115311071943479
41.87,0.387672569012773,-0.00765797865868405,-0.162535261840965,0.0118406151929846
41.88,0.388517334322554,-0.00928682231863572,-0.1542198339602,0.0121976212201511
41.89,0.389037124209157,-0.0108172701354165,-0.143240370303457,0.0125902714795157
41.9,0.38922469739189,-0.01222047151871,-0.129678288204195,0.0129927414817285
41.91,0.389205028533222,-0.0134769224407294,-0.113828293185576,0.0133709935836144
41.92,0.388923238827418,-0.0145613615658223,-0.0961482096813666,0.0136881051150358
41.93,0.388490303078552,-0.0154630576652448,-0.077208675310346,0.0139091700408726
41.94,0.387846310947401,-0.0161683989698659,-0.0576302808769983,0.0140037460587205
41.95,0.387085473769577,-0.0166787189442536,-0.038069519657466,0.0139476492205069
41.96,0.386141853202366,-0.0169938690820176,-0.0191977140815258,0.0137252833167694
41.97,0.38509378266464,-0.0171280397431441,-0.00163982454168116,0.0133295149609251
41.98,0.383871127890222,-0.0170938242359309,0.0140421565738433,0.012762277048653
41.99,0.382539285286986,-0.0169161463710422,0.0273792502687359,0.0120341807054339
42,0.381027321512429,-0.0166171858211769,0.0380073679230432,0.0111641563017913
42.01,0.37939199255152,-0.0162286385705279,0.045689126475747,0.0101778044901693
42.02,0.377565553047218,-0.0157775462222408,0.0503330842733405,0.00910575177271153
42.03,0.375600216310779,-0.0152970172728434,0.0519892768403597,0.00798169859762185
42.04,0.37343463350326,-0.0148133037043964,0.0508330134733104,0.0068402221922933
42.05,0.371119315629279,-0.0143556672744881,0.0471509529511925,0.00571426221533143
42.06,0.368600735587965,-0.0139448312494998,0.0413274237579675,0.00463423438034087
42.07,0.365928862480056,-0.0136022114489904,0.0337963704117767,0.00362624402191902
42.08,0.363058201052343,-0.0133400999864385,0.0250278241427758,0.00271206666409667
42.09,0.360038543251632,-0.0131703672496777,0.0154967310415696,0.00190869753994623
42.1,0.356832319025649,-0.0130960528998084,0.00567728016096981,0.00122844867420118
42.11,0.353489496497474,-0.0131193247626637,-0.00396032188634752,0.000679435329451565
42.12,0.349980512334078,-0.0132340950223038,-0.012961825923583,0.000265497830958485
42.13,0.346356161744147,-0.0134332975603482,-0.0209013968731853,-1.35868367544305e-05
42.14,0.34259494747347,-0.0137026755111397,-0.0274096760057474,-0.00016279516206889
42.15,0.33874839835573,-0.0140276908199778,-0.0321903097846701,-0.000191621527269422
42.16,0.334817094663213,-0.0143891346511144,-0.0350425767462234,-0.000114253962075987
42.17,0.330805557843277,-0.0147665798288653,-0.0358769860305291,5.10360806490855e-05
42.18,0.326762841599827,-0.0151410713942014,-0.034712944558737,0.000282923947832078
42.19,0.322678883879655,-0.0154921135090386,-0.0316712117917101,0.000558264657287233
42.2,0.31859775734887,-0.0158030610395692,-0.0269606045904019,0.000853162223448764
42.21,0.314508910166603,-0.016057760934016,-0.0208580325586347,0.00114477895308046
42.22,0.31044957799428,-0.0162449879867944,-0.0136997112548407,0.00141222197358595
42.23,0.306407014376365,-0.0163554491480095,-0.00586146543588721,0.00163718740960884
42.24,0.302410749977479,-0.016385193513904,0.00227786491644077,0.00180535004280062
42.25,0.29844524267069,-0.016332605221292,0.0103466801433133,0.00190651882638568
42.26,0.294532750576371,-0.0162009526800656,0.0180009072583154,0.00193478020247711
42.27,0.29065535377174,-0.0159955502057314,0.0249355709560489,0.00188840998523608
42.28,0.286829117380144,-0.0157255830820372,0.0308940646825591,0.00176961342690745
42.29,0.283034733275978,-0.0154015009329329,0.0356806682651955,0.00158434111584754
42.3,0.279283670498604,-0.0150362366675278,0.039163667751037,0.00134162097956544
42.31,0.275556630006005,-0.0146428868514221,0.0412794358917538,0.00105287814068202
42.32,0.271862257917087,-0.0142355133251693,0.0420290286428044,0.000731354495544406
42.33,0.268182737089861,-0.0138272216390279,0.0414756969631345,0.000391347530025804
42.34,0.264525619997332,-0.0134306909700793,0.0397379884947278,4.74045102923901e-05
42.35,0.260875803551238,-0.0130567206156941,0.0369785477705102,-0.000286442415633367
42.36,0.257241010603625,-0.0127146536500442,0.0333949481337914,-0.000597319155731105
42.37,0.253609563491695,-0.0124114137561814,0.0292082127511261,-0.00087403819278807
42.38,0.249990048433681,-0.0121518860364751,0.0246512347361825,-0.00110767733970129
42.39,0.246374348418435,-0.0119383736418277,0.0199675832388113,-0.00129156031376908
42.4,0.242772096626972,-0.0117709275414709,0.0153874787101212,-0.00142167432366605
42.41,0.239181832622233,-0.011647320372752,0.0111218750331772,-0.00149640336293612
42.42,0.235604123695389,-0.0115634433055266,0.00734677918724461,-0.00151664763787157
42.43,0.232049765832887,-0.0115135749978797,0.00420399160556546,-0.00148553112155317
42.44,0.22851782197972,-0.0114908355802433,0.00180054476721679,-0.00140812232770808
42.45,0.225019112636586,-0.0114873734180387,0.000203976689635742,-0.0012912457044008
42.46,0.221554093834456,-0.0114950452982829,-0.000560029475120033,-0.00114307908908264
42.47,0.218132740290709,-0.0115054879334555,-0.000507335273468712,-0.00097273565815286
42.48,0.214755822014318,-0.0115109387533064,0.000307821639196434,-0.000789769113230857
42.49,0.21143164376848,-0.0115040999624514,0.00179903400027462,-0.000603714269382222
42.5,0.208160396691323,-0.0114789732080202,0.00385421728304947,-0.000423624233125073
42.51,0.204948139870988,-0.011430476448335,0.00634160647860103,-0.000257702443379952
42.52,0.201793922733362,-0.0113552607297166,0.00911736100559145,-0.000112953102757329
42.53,0.198701340295132,-0.0112510802291185,0.0120326290765366,5.12508661351958e-06
42.54,0.195668114761594,-0.0111175900900909,0.0149349799131149,9.2433389062584e-05
42.55,0.192695428790223,-0.0109554973040577,0.0176858954858784,0.000146607256355755
42.56,0.189779735930468,-0.010767230166576,0.0201633451814302,0.000167005980043149
42.57,0.186920221148734,-0.0105558891249291,0.0222640525857444,0.000154559821634084
42.58,0.184112495755388,-0.0103259492952947,0.0239076732649016,0.000111691827458822
42.59,0.181354372251194,-0.0100820693308682,0.0250394265819692,4.21243633016394e-05
42.6,0.178641223072805,-0.009829803237042,0.0256309501157666,-4.93872546574694e-05
42.61,0.175970220602451,-0.00957433706870326,0.0256804842203295,-0.000157320480815216
42.62,0.173337122122401,-0.00932125071582677,0.0252113201693402,-0.000275694308149724
42.63,0.17073915063559,-0.00907524045292772,0.0242686694660851,-0.000398408433874134
42.64,0.168172976629858,-0.00884097936054959,0.022916935483425,-0.000519503377147024
42.65,0.165636406209556,-0.00862186256888504,0.0212356120468946,-0.000633422143031779
42.66,0.163127378822859,-0.00842098586416107,0.0193143726957786,-0.000735260288353861
42.67,0.160644610740466,-0.00823994691734718,0.0172489539621823,-0.000820920520345643
42.68,0.158187334273892,-0.00807981674592832,0.0151335124946719,-0.000887391024769545
42.69,0.155755539281541,-0.00794072439702932,0.0130621697600689,-0.000932587437077285
42.7,0.153349372481005,-0.00782146839539753,0.0111203567037218,-0.000955546813262639
42.71,0.150970012568735,-0.00772063337942181,0.00938144244741228,-0.00095640925569129
42.72,0.148618306573624,-0.00763556572311341,0.00790509673173678,-0.000936314967154057
42.73,0.146296239440391,-0.00756367810812733,0.00673567511010208,-0.000897256582941107
42.74,0.144005004310825,-0.00750144835556045,0.00590083782762042,-0.000841968206574691
42.75,0.141746958770865,-0.00744575656144115,0.00541093891936262,-0.000773761117246334
42.76,0.139523245184025,-0.00739288421938201,0.00526015559799806,-0.000696325555120647
42.77,0.137336161235075,-0.00733984134959569,0.0054273602996359,-0.000613537802330393
42.78,0.135186442374437,-0.00728333764079115,0.00587843157684625,-0.000529268212631961
42.79,0.133075977059789,-0.00722107166832974,0.0065679791971532,-0.000447213210842345
42.8,0.131004835123107,-0.00715066009642742,0.00744241039978222,-0.000370749846698311
42.81,0.128974258322726,-0.00707087033132142,0.00844257236728398,-0.000302789715291979
42.82,0.126983515351958,-0.00698049479747432,0.00950742140252694,-0.000245668893549609
42.83,0.125033119708796,-0.00687951012053813,0.0105766058739016,-0.000201068453988061
42.84,0.123121557111363,-0.00676791087596618,0.0115924860301725,-0.000170018179548981
42.85,0.121248669101044,-0.00664680228114676,0.0125046811860358,-0.000152789682158818
42.86,0.119412324393142,-0.0065171816139763,0.0132700890006142,-0.000149004676495858
42.87,0.117611890465026,-0.00638099769718821,0.0138550245841572,-0.00015767977262615
42.88,0.115844859083888,-0.00623991141060362,0.0142360335778843,-0.000177313984234764
42.89,0.114110365980329,-0.00609632419680339,0.0144006749834285,-0.000205994215066594
42.9,0.112405796039333,-0.00595213815540549,0.0143472221342064,-0.000241504859365222
42.91,0.110730304595712,-0.00580977771728337,0.0140841112209612,-0.000281446158948981
42.92,0.109081422944785,-0.00567097117692652,0.0136291947457058,-0.000323359237108024
42.93,0.10745854392111,-0.00553778144222395,0.0130077567459757,-0.000364846292319837
42.94,0.105859539443669,-0.00541143272618503,0.012251057881743,-0.000403706393255942
42.95,0.104283766224512,-0.00529321558326313,0.0113963273746396,-0.000437962081539561
42.96,0.102730792522278,-0.00518403257658443,0.0104824769010632,-0.00046599461010508
42.97,0.101199197722371,-0.00508398901588729,0.00954878098619418,-0.000486550583914091
42.98,0.0996894226881899,-0.00499334789535944,0.00863214373850474,-0.000498805284230268
42.99,0.0982005268678581,-0.00491148116221259,0.00776680165161505,-0.00050235090799211
43,0.0974887393611894,-0.00132664843910474,0.00698311596984382,-0.000497191949476435
43.01,0.0966192921990743,0.00104069896238637,0.00624076615232861,-0.00048602370857275
43.02,0.095997148772371,0.00340172677442058,0.00490592334565759,-0.000496744344144166
43.03,0.0956022186711323,0.00569847759958386,0.00240497207440837,-0.000550432140814208
43.04,0.0954245033533905,0.00798610340565497,-0.00162518934186536,-0.000652240140275417
43.05,0.0955257563570875,0.0102092372857528,-0.00738901189214304,-0.000797197012104519
43.06,0.0960014820361561,0.0124835947981579,-0.0149447327320377,-0.000972859535125828
43.07,0.0969649766690939,0.014725302817693,-0.0242120193488316,-0.00116162158809883
43.08,0.0985372118840804,0.017072199164571,-0.0350048157042548,-0.00134363389193525
43.09,0.100847228434494,0.0194000338141128,-0.0470537629194443,-0.00149872338124562
43.1,0.103999152062995,0.0218603854779786,-0.0600733476197365,-0.00160978266031629
43.11,0.108104046461577,0.0242828510781789,-0.0737873278015535,-0.00166372940374725
43.12,0.113209607306455,0.0268315326855588,-0.0879497663570374,-0.00165181407268875
43.13,0.119408933426675,0.0292959900599493,-0.102341752862584,-0.00156918397015897
43.14,0.126683471911855,0.0318612447877776,-0.116761335619222,-0.00141329407291642
43.15,0.135136547868544,0.0342870130885276,-0.131039099024188,-0.00118400357761255
43.16,0.14468114275282,0.0367863517944146,-0.144963902040666,-0.000880691206264649
43.17,0.155461272090495,0.0390961240842397,-0.158324013729893,-0.000502403632049124
43.18,0.167314872067989,0.0414616801892989,-0.170936117551218,-5.06711926688783e-05
43.19,0.180454284825455,0.0436003099605038,-0.182658402394669,0.000470494939704689
43.2,0.194627048133043,0.045788576413226,-0.193386835803763,0.00105544649841229
43.21,0.210134082931004,0.047723348441945,-0.203041127382067,0.00169773186982246
43.22,0.22661221004862,0.0497097447841579,-0.211573601971111,0.00239037040342637
43.23,0.244468786736659,0.0514234090364191,-0.218947469469623,0.00312610137684049
43.24,0.263209344793873,0.0531958665456788,-0.225123502801927,0.0038986088950964
43.25,0.28336640826778,0.0546815512263565,-0.230105509732781,0.00470129044966868
43.26,0.304295760681386,0.0562363544996037,-0.233931165942459,0.00552618275346722
43.27,0.326673216152543,0.0574930469597255,-0.236687398613814,0.00636443962294093
43.28,0.349687043606378,0.0588295901549793,-0.238483648620681,0.00720700814975929
43.29,0.374173850771644,0.0598570386479394,-0.239445236556543,0.00804363834914421
43.3,0.399139762700166,0.0609740920082148,-0.239640303003527,0.00886858183819684
43.31,0.425000377033857,0.0619838317809931,-0.239135998649525,0.00967709600292753
43.32,0.452362697931138,0.0626685571025854,-0.237982046808399,0.0104647534447105
43.33,0.479934780212654,0.0634582843290429,-0.236221742694723,0.0112276193371287
43.34,0.509026256724807,0.0639148170533545,-0.233907861470088,0.0119625261860932
43.35,0.538136043760824,0.0644870529671338,-0.231101745774817,0.0126668534955694
43.36,0.567922916173286,0.0649545377920346,-0.227866032191184,0.0133376972581017
43.37,0.599268476122457,0.0650787051272706,-0.22425794067496,0.0139727224016199
43.38,0.630342815208675,0.0653355275466698,-0.220323202122857,0.0145700995764926
43.39,0.663013087268499,0.0652441598779839,-0.216102552777076,0.0151281238841119
43.4,0.695221074685268,0.0652960546932889,-0.211644478007927,0.0156452065520025
43.41,0.727911549083847,0.0652495574812811,-0.20704784404345,0.0161178287726672
43.42,0.762268508097422,0.0648470425419663,-0.202390362923312,0.01654356523423
43.43,0.795878741377728,0.064600911236268,-0.197705168829037,0.0169227880345424
43.44,0.829869078808226,0.0642573596100721,-0.193022085883316,0.0172564710703841
43.45,0.865612832412773,0.0635491704962082,-0.188363622645171,0.0175455394340246
43.46,0.900334462312573,0.0630078497463126,-0.183747674965413,0.0177908860421473
43.47,0.93534829697612,0.0623695978963162,-0.179189562816653,0.0179934347482819
43.48,0.972218746741511,0.0613592641004923,-0.174703661384529,0.0181541986364942
43.49,1.00780136855765,0.0605243047593658,-0.170303150096405,0.0182742596384317
43.5,1.04360127029534,0.0595925294745172,-0.165999222929527,0.0183547369635007
43.51,1.08137549592876,0.0582825782604495,-0.161801455088116,0.0183967965231411
43.52,1.11760722826876,0.0571544606004105,-0.157718369742575,0.0184016490062419
43.53,1.15399330941146,0.0559291399680008,-0.15375753054789,0.0183705547507159
43.54,1.1924831813471,0.0543207662424688,-0.149926059023046,0.018304848199896
43.55,1.22918673365342,0.0528983400645596,-0.146232823166148,0.0182060789140088
43.56,1.26599284202642,0.0513776703060791,-0.142685988726583,0.018075714419695
43.57,1.30504094916146,0.0494701336182772,-0.139288932099486,0.0179153543413473
43.58,1.3420624336456,0.0477496311438946,-0.136042555025231,0.017726794446701
43.59,1.37912629367714,0.0459281154866359,-0.13295414957331,0.017511907120782
43.6,1.41620074118491,0.044003762855832,-0.130030883527011,0.017272458344977
43.61,1.45564811560736,0.0416855553943011,-0.127277820460921,0.0170101251892646
43.62,1.49266442076635,0.0395477001073895,-0.124703336214913,0.0167267428034081
43.63,1.52951739047452,0.0372981354415749,-0.122315399998253,0.0164242558503757
43.64,1.56869009992844,0.0346459798101339,-0.120117070525831,0.0161045640873349
43.65,1.60492033436249,0.0321583229950576,-0.118116847790903,0.0157697293232215
43.66,1.64053108470773,0.0295411271541407,-0.116322999325245,0.0154220273241096
43.67,1.6752740446905,0.0267865575407783,-0.114739773186262,0.0150635957939932
43.68,1.71166048447223,0.023590227658692,-0.117765193028384,0.014529533462095
43.69,1.74374185595159,0.0204543203586342,-0.124515894596047,0.0138241609477618
43.7,1.7739523165113,0.0170842213599154,-0.131460939245746,0.0131783969572865
43.71,1.80494672348688,0.0132075873893193,-0.138431627862069,0.0126139100499098
43.72,1.83063089080259,0.00937647444509485,-0.145418977962567,0.0121313758312398
43.73,1.85667431069257,0.00505650290249912,-0.15240799154108,0.0117287931594109
43.74,1.87692578405282,0.000792633539614243,-0.159365721796292,0.0114032680833293
43.75,1.89422196328567,-0.00367112299536465,-0.166251623120967,0.0111515311842721
43.76,1.91151289248002,-0.00857475874341802,-0.173027114423376,0.0109700174562925
43.77,1.92574356087838,-0.0136360227700635,-0.179658191453801,0.0108550494936517
43.78,1.92372756144239,-0.0174185231654819,-0.186113287349834,0.0108030074924376
43.79,1.92225806486734,-0.0215797855699111,-0.192369204731317,0.0108105597113957
43.8,1.91549166263819,-0.0256260680317424,-0.197887477758156,0.010846669929231
43.81,1.90946192221559,-0.0300005901051134,-0.201309301783969,0.0108696296550871
43.82,1.901344813987,-0.0344467007555423,-0.204526346000075,0.0109169713408305
43.83,1.88851435214694,-0.0387398768787918,-0.207539936171082,0.010992370457619
43.84,1.87682447906802,-0.0433004423375817,-0.210349030052324,0.011093766389261
43.85,1.86360229417438,-0.0478975300901934,-0.212985840464001,0.011217024394476
43.86,1.84900593619883,-0.0525223708413235,-0.21576815993409,0.0113446106309386
43.87,1.83056758990378,-0.0569831512866184,-0.219008768097921,0.0114629372970473
43.88,1.81361970877766,-0.0616605847479953,-0.222856561042481,0.0115699792652707
43.89,1.79557130226456,-0.066360774769411,-0.22718769745063,0.011677468520894
43.9,1.77403207439758,-0.0709130962532781,-0.23164254987471,0.0118045206487548
43.91,1.75391759214439,-0.0756536455477931,-0.234749367165113,0.012010719198715
43.92,1.73277225103942,-0.080378426357743,-0.23421584676172,0.0123751549530126
43.93,1.71064600396197,-0.0850307306223864,-0.226721277827598,0.0130222806127171
43.94,1.68544089972829,-0.089377890463579,-0.209739252467587,0.014008604952076
43.95,1.66170709794456,-0.0936145698811919,-0.182067176767526,0.0152630962125855
43.96,1.63730905530044,-0.0974826652336886,-0.144330028397746,0.0166493949527884
43.97,1.6103278736274,-0.100758856552759,-0.0983858478010436,0.0179926148725406
43.98,1.58493498650295,-0.103644261292153,-0.0473955013371104,0.0191044364522437
43.99,1.55910397127911,-0.105968654986952,0.00565837901478158,0.0198439852233225
44,1.53101663692734,-0.10760670065088,0.0587973653045111,0.0201446260436737
44.01,1.50445605961323,-0.108801311491104,0.110770182023527,0.0199973655240183
44.02,1.47754618959404,-0.109447470694362,0.160774052789572,0.0194292938474169
44.03,1.44864057712581,-0.109465834378224,0.208260766727275,0.0184855844923954
44.04,1.42120604339373,-0.109092261437705,0.252818296547115,0.0172180019429882
44.05,1.39198036329332,-0.108158957590872,0.293378122706178,0.015662699736879
44.06,1.36416826811932,-0.106937704116802,0.322934111685893,0.0135559143750555
44.07,1.33612053877512,-0.105414241897123,0.346958984445295,0.011220378219104
44.08,1.30646368205991,-0.103552599966206,0.366794537495871,0.00880441740912761
44.09,1.27812715317081,-0.10156115807003,0.382348245721239,0.00634220784774741
44.1,1.24968581980335,-0.0993979415551041,0.393574307216079,0.003853391613137
44.11,1.21991494844568,-0.0970364295732256,0.400488814850569,0.00135395255111996
44.12,1.19141064716281,-0.0946631225254551,0.40307981807686,-0.00114438072239446
44.13,1.16172055449696,-0.0921847245932738,0.401393235973934,-0.00362013490306987
44.14,1.1332256254558,-0.089772832865205,0.395510673251598,-0.00604870766479275
44.15,1.10472365331663,-0.0874025544027461,0.385533409722281,-0.00840171933901284
44.16,1.07520389647994,-0.0850600359027897,0.372155869068448,-0.0106543284708581
44.17,1.04672724559274,-0.0828663991248986,0.359251562071988,-0.0129114314539728
44.18,1.01729058800632,-0.0807200746663353,0.345233678170409,-0.0150710768213884
44.19,0.988790075470348,-0.0787325716769843,0.329779731564262,-0.0170730358599776
44.2,0.959439849220915,-0.0768240951921781,0.313400569753341,-0.0188900522419172
44.21,0.93096728224964,-0.0750864957228887,0.296658582572787,-0.0205028770700168
44.22,0.902519387830113,-0.0734762555176261,0.280061977932666,-0.0218983748116783
44.23,0.87342084555061,-0.0719552974209441,0.264158265755035,-0.0230741284403165
44.24,0.845151558138113,-0.0705839372650263,0.249368579433842,-0.0240336736884582
44.25,0.816378052960058,-0.0692844202114225,0.235911845460491,-0.0247847195715883
44.26,0.78842076830834,-0.0681031014173783,0.223870295640144,-0.0253406954265741
44.27,0.760110976788963,-0.0669697010329616,0.213213930752514,-0.0257205805159649
44.28,0.73261363393163,-0.0659224312823021,0.203822797937655,-0.0259477297765387
44.29,0.704910961609253,-0.064901451382109,0.195593611535808,-0.0260439242645877
44.3,0.678014232938114,-0.0639388974710839,0.188469884746754,-0.0260293905288559
44.31,0.651043492808608,-0.0629841160186139,0.182397257535308,-0.0259223240498304
44.32,0.624865269067588,-0.0620631072350354,0.177291725775794,-0.0257392042634425
44.33,0.598729092464393,-0.0611342073035171,0.173023385247463,-0.0254972067374142
44.34,0.573365644850748,-0.0602188302179512,0.169546300722063,-0.0252107170212563
44.35,0.548423892226283,-0.0592940712722947,0.166793668408752,-0.0248935149278703
44.36,0.523666329595279,-0.0583441611169364,0.164646541959197,-0.0245583113192012
44.37,0.499639376100094,-0.057384198496667,0.163035197341022,-0.024215463165322
44.38,0.475868843505724,-0.0563920504977298,0.161824503023048,-0.0238746141677675
44.39,0.452791854142212,-0.0553801613724489,0.160913796195941,-0.0235411681431944
44.4,0.43002771972831,-0.0543335185400298,0.160231644236623,-0.0232155986958987
44.41,0.407918234627897,-0.0532616103300261,0.159734823395125,-0.022897764065363
44.42,0.386199247377017,-0.052123051092914,0.166106602682629,-0.0223407965893864
44.43,0.365212137277274,-0.0508718942101666,0.174793336069819,-0.0216971712000834
44.44,0.344749755398229,-0.0494968511874959,0.183733005441009,-0.0211430658569267
44.45,0.324996410881191,-0.0480016024245126,0.192640168628222,-0.0206944989988607
44.46,0.305791295993519,-0.0463866267732665,0.201373729134545,-0.0203526206124798
44.47,0.287253624396947,-0.0446559892375796,0.209801636604308,-0.0201178549964871
44.48,0.269275802266454,-0.042815870739643,0.217746725603643,-0.0199883944427571
44.49,0.251926202381574,-0.0408763042374396,0.223378627394766,-0.0198997945076799
44.5,0.235173574870724,-0.0388834042613296,0.224770286283066,-0.0197704002640075
44.51,0.219047219753773,-0.0368569042762544,0.224957352988961,-0.0196822494594338
44.52,0.203520809067782,-0.0348153320155728,0.223843092483418,-0.0196441898235946
44.53,0.188570330054009,-0.0327684752430946,0.22120605301089,-0.0196516362388089
44.54,0.174198669584177,-0.0307404751711326,0.216852633731072,-0.0196956076523402
44.55,0.160349899069258,-0.0287433701752805,0.210677065303675,-0.0197625603408251
44.56,0.147054135076383,-0.0268043884808249,0.202657925759791,-0.0198359153590512
44.57,0.134232028154899,-0.0249347836095817,0.192867548097392,-0.0198967954416783
44.58,0.121937922316516,-0.0231610079549279,0.181467685108814,-0.0199255281457742
44.59,0.110075597474641,-0.0214901267212857,0.168716301674983,-0.0199038148128463
44.6,0.0986700657060497,-0.0199393290495028,0.154939398162734,-0.0198160260583817
44.61,0.0877624714148775,-0.0185224985991653,0.140511004316148,-0.0196474092191121
44.62,0.077240128214819,-0.0172357120683689,0.125815686345509,-0.019384204690896
44.63,0.0672032924840709,-0.0160895573076641,0.11128922134858,-0.0190178620986069
44.64,0.0575334335808009,-0.0150715024755711,0.0973288393080625,-0.0185434512685441
44.65,0.0483429812044243,-0.014184206991805,0.0842969315548045,-0.0179616061120567
44.66,0.0395090408164407,-0.0134078800526792,0.0725140958848552,-0.0172773169677599
44.67,0.0311517972328321,-0.0127387149626559,0.0622537400341303,-0.0164996737513106
44.68,0.0231455356106105,-0.0121515929915022,0.053726303553475,-0.0156415889320918
44.69,0.0156144318371636,-0.0116384609590425,0.0470485199907953,-0.0147188619886651
44.7,0.00843062304896147,-0.0111720231683579,0.0422638088879682,-0.0137501002895574
44.71,0.00171849391606393,-0.0107430632708735,0.0393509548978403,-0.0127553805955125
44.72,-0.00465133190730249,-0.0103250776294439,0.0382063077343765,-0.0117550621607774
44.73,-0.0105566963664332,-0.00991051706733364,0.0386604831934261,-0.0107694476081225
44.74,-0.0161278074849278,-0.00947659593368608,0.0404803332804957,-0.00981787710884929
44.75,-0.0212470817482941,-0.00901995845847821,0.0433868827851811,-0.00891793334269448
44.76,-0.0260453737589783,-0.00852369448938347,0.0470692016329983,-0.00808484211169943
44.77,-0.0304114517571996,-0.00799016664098879,0.0511969561362719,-0.00733073497162755
44.78,-0.0344763465412496,-0.00740936650565756,0.0554366460771154,-0.0066648028866554
44.79,-0.0381362679064772,-0.00678977617662973,0.0594652855747512,-0.00609293651323796
44.8,-0.0415218854362784,-0.00612816138893928,0.0629790809376513,-0.00561736066521621
44.81,-0.0445372064931062,-0.00543850174003761,0.0657103669086984,-0.00523671385214594
44.82,-0.0473114255977487,-0.00472318973090161,0.0674423916990205,-0.00494594631462865
44.83,-0.0497556402259844,-0.00399997014070802,0.0680170178234605,-0.00473670754799711
44.84,-0.0519957155873838,-0.00327469988537555,0.0673399775960137,-0.00459788207872952
44.85,-0.0539486158347735,-0.0025664557188013,0.0653850772531437,-0.00451613822309741
44.86,-0.0557350384222692,-0.00188192759870787,0.0621951759260336,-0.00447667267032297
44.87,-0.0573232852602761,-0.00123609886789115,0.0578756467320031,-0.00446398594456962
44.88,-0.0586859156988124,-0.000642140368810158,0.052588343050666,-0.00446270387579373
44.89,-0.0599324378162063,-0.00010332832344207,0.0465364047973196,-0.00445829644528072
44.9,-0.060987952235525,0.000368735762362703,0.039962176630048,-0.00443753908062349
44.91,-0.0619528768632858,0.000775183608639508,0.0331229260971273,-0.00438944119893531
44.92,-0.0627537724865617,0.00110993951983991,0.0262810410477969,-0.00430572560386345
44.93,-0.0634816964565417,0.0013789721124383,0.0196898181585792,-0.00418095508012232
44.94,-0.0640646861919141,0.00158157638073263,0.0135770286844365,-0.00401257256211443
44.95,-0.064584832463054,0.00172788102820742,0.00813812739656579,-0.0038009173567185
44.96,-0.0649721718065015,0.00182138948746557,0.00352914598402216,-0.00354900977526322
44.97,-0.0653008586833597,0.00187495805760181,-0.000139812811767894,-0.00326232104729564
44.98,-0.0655039238143482,0.00189456651388888,-0.00280949441888289,-0.00294838040623382
44.99,-0.0656490305284114,0.00189390731993991,-0.00446816785007697,-0.00261606782861635
45,-0.0656733097874982,0.00187946489452563,-0.00515248861928588,-0.00227516801951167
45.01,-0.065652527113123,0.0018557370842145,-0.00639945498392773,-0.00202007553993428
45.02,-0.0655450017732067,0.00182221883086379,-0.00672880079426992,-0.00177309416043905
45.03,-0.0654093592141898,0.00179052476843991,-0.00624273480942064,-0.00153308462842503
45.04,-0.0651926064506823,0.00176528114822046,-0.0050643283010625,-0.00130706597649554
45.05,-0.0649487286649997,0.00175537444061144,-0.0033384167229897,-0.00110130699180048
45.06,-0.0646290873711877,0.00176277383958336,-0.00123052104555725,-0.000921320145028029
45.07,-0.0642839303753444,0.00179288463593638,0.00109431211944934,-0.000771101775116951
45.08,-0.0638694381917704,0.00184456817457751,0.00346330208478439,-0.000653586634398957
45.09,-0.0634328225605536,0.00191962630810057,0.0057175066885752,-0.00057008839723676
45.1,-0.0629351777961347,0.00201400979337599,0.00771821812789765,-0.00052027321562124
45.11,-0.0624208796465862,0.00212655732940484,0.00935079085702416,-0.000502237344330658
45.12,-0.0618734744052594,0.00225206462524522,0.0105291399228724,-0.0005126663505193
45.13,-0.0612802017146237,0.00238484021207497,0.0111969392568768,-0.000547071704382507
45.14,-0.0606807444876116,0.00252132472385517,0.011327717376873,-0.000600071735660948
45.15,-0.0600458560013601,0.00265453975990898,0.0109245858675518,-0.000665680091430699
45.16,-0.0594116354188428,0.00278082494110553,0.0100179850431219,-0.000737604822312266
45.17,-0.0587513555966606,0.00289401006231903,0.0086635688005828,-0.000809602771503127
45.18,-0.0580972137236548,0.00299138637155983,0.00693789499498217,-0.000875762844675908
45.19,-0.057424343186284,0.00306848148672185,0.00493298956207995,-0.000930771520204022
45.2,-0.0567609021074373,0.00312426489176698,0.00275065884788754,-0.000970144177008431
45.21,-0.0560834348128854,0.00315644636743121,0.000497508425679099,-0.000990329585447438
45.22,-0.0554161517181839,0.00316594046740868,-0.00172591164982698,-0.000989108700429752
45.23,-0.054736877718633,0.00315263399638441,-0.00381970338719587,-0.000965285688503111
45.24,-0.0540662507556906,0.00311925349010282,-0.0056966494151057,-0.000918935283287903
45.25,-0.053383437082271,0.00306753702735075,-0.00728509485362809,-0.000851293933113957
45.26,-0.0527060732412918,0.00300149777314591,-0.00853192705599662,-0.000764623365252057
45.27,-0.0520149420251643,0.00292402635454437,-0.00940404098756559,-0.000662033107502699
45.28,-0.0513253476239113,0.00283967278287382,-0.00988806820852218,-0.000547298329539878
45.29,-0.0506200208986121,0.00275168160416634,-0.00998936311839262,-0.000424656005323321
45.3,-0.0499125920552439,0.00266438458176028,-0.0097309800874785,-0.000298570737502545
45.31,-0.0491880310293622,0.00258064758314375,-0.00915163788595015,-0.000173507539372527
45.32,-0.048458871810185,0.00250393612884042,-0.00830288456162992,-5.37251440855762e-05
45.33,-0.0477125086134125,0.00243616565198969,-0.00724603497917456,5.69126807602221e-05
45.34,-0.0469607661300362,0.00237950132882363,-0.00604856960126358,0.000155113779230607
45.35,-0.0461934503163235,0.00233458906197661,-0.004780608905178,0.000238279740833072
45.36,-0.0454218433112459,0.00230213567621943,-0.00351069087163783,0.000304629234343012
45.37,-0.0446379612929038,0.00228148325871209,-0.00230483773928254,0.000353157309024354
45.38,-0.043852540532308,0.00227197952430423,-0.00122158850136544,0.000383692436297471
45.39,-0.0430631675689863,0.00227198601491108,-0.000309060679954364,0.000396857503765326
45.4,-0.042268773778976,0.00227950049484439,0.000396277373220797,0.000393981621845025
45.41,-0.0414789502022757,0.00229254414722359,0.000870370360126324,0.000376993728860992
45.42,-0.0406895519321013,0.00230855162382206,0.00110174839707024,0.000348306706481717
45.43,-0.0399091148150044,0.00232528073167852,0.00109152452567569,0.000310681382989244
45.44,-0.0391342416174858,0.0023402402549204,0.000852738552410744,0.000267075226150103
45.45,-0.0383721874196139,0.00235141444725735,0.000409034975187452,0.000220492980969949
45.46,-0.0376199110217215,0.0023568253338318,-0.0002070642776559,0.000173846784389623
45.47,-0.0368832447307081,0.00235507245100118,-0.000956199115344202,0.000129823765740979
45.48,-0.0361592321312081,0.00234499383571933,-0.00179465246314192,9.07648957685772e-05
45.49,-0.0354522521070733,0.00232603048564168,-0.00267602260597426,5.86065341850201e-05
45.5,-0.0347592926785145,0.00229796148945484,-0.00355518151295094,3.47624790584604e-05
45.51,-0.0340833722387757,0.00226110061371228,-0.00438896719605983,2.01300140740467e-05
45.52,-0.0334214245487567,0.0022161029213385,-0.00513839828614866,1.50769740332883e-05
45.53,-0.0327753021183055,0.00216402588601304,-0.00577067885568057,1.94464853579403e-05
45.54,-0.0321419823450251,0.00210618995996986,-0.00626047769669227,3.25985585016401e-05
45.55,-0.0315224272488948,0.00204412798860123,-0.00659075049406197,5.34722659015809e-05
45.56,-0.0309138302258045,0.00197950849963257,-0.00675323957623028,8.06606987045174e-05
45.57,-0.0303165717490197,0.00191400445052372,-0.00674818082564312,0.000112508608014408
45.58,-0.0297282522230056,0.00184928736376107,-0.00658385585918691,0.000147210835916075
45.59,-0.0291489636055822,0.00178684482428738,-0.00627578460449338,0.000182910538666763
45.6,-0.0285768770167163,0.00172804587487982,-0.00584580716690465,0.000217773599142585
45.61,-0.0280120276971534,0.00167393314235699,-0.00531967867153626,0.000250118533911925
45.62,-0.0274532492063138,0.00162536817963818,-0.00472648683335234,0.000278465703860453
45.63,-0.0269006633770354,0.00158280401818129,-0.00409725177105649,0.000301602555701333
45.64,-0.0263537829706992,0.00154649615401538,-0.00346278118522912,0.000318645271728923
45.65,-0.0258128669659055,0.00151627922266626,-0.00285235430362911,0.000329067187024967
45.66,-0.0252780013539908,0.00149179987686787,-0.00229264768972159,0.000332683234705328
45.67,-0.0247496297773271,0.00147246735717503,-0.00180581341542151,0.000329666010259827
45.68,-0.0242281374798319,0.00145738983892025,-0.00140905376584351,0.000320501304004839
45.69,-0.0237142700814577,0.00144567480075131,-0.00111423462040335,0.000305941870619402
45.7,-0.0232083677258625,0.00143619547850758,-0.000927600069093492,0.000286957015325844
45.71,-0.0227113812204776,0.00142794277984108,-0.000849731259915068,0.000264671014096137
45.72,-0.0222234865036501,0.00141978003318077,-0.000875842844771869,0.000240301623937341
45.73,-0.0217456711516339,0.00141079850835418,-0.000996335829066696,0.000215096241874946
45.74,-0.0212778451129427,0.00140005374624936,-0.00119753608268016,0.000190269802536124
45.75,-0.0208208996687747,0.00138691149117507,-0.0014626052595092,0.000166947067235159
45.76,-0.0203744145541913,0.0013707625167429,-0.0017725443757996,0.000146112896692824
45.77,-0.0199391033979133,0.0013513498473296,-0.00210738659930236,0.000128567250995295
45.78,-0.0195142072665631,0.00132846127844184,-0.00244695633782769,0.000114892132391937
45.79,-0.0191002423026578,0.00130223955967808,-0.00277173768367198,0.000105462795860418
45.8,-0.0186961458371551,0.00127285600721187,-0.00306453404657558,0.000100407013064068
45.81,-0.0183022652313385,0.00124079271151516,-0.00331068599765409,9.96303089141357e-05
45.82,-0.0179173192821285,0.00120651062818334,-0.00349860040872692,0.000102832987813357
45.83,-0.017541554885204,0.00117071680102674,-0.00362019445345292,0.000109535259340304
45.84,-0.0171735771038097,0.00113403099385304,-0.00367111999386918,0.000119110799978889
45.85,-0.0168136179710006,0.00109724105782389,-0.00365075883004386,0.000130825766298474
45.86,-0.0164602772585347,0.00106097797305711,-0.00356204839216565,0.000143881141518083
45.87,-0.0161138547749031,0.00102596601639194,-0.00341109782114457,0.000157456806189645
45.88,-0.0157730393438271,0.000992715285644457,-0.00320664829658304,0.000170759167849313
45.89,-0.0154382619000133,0.000961770266738284,-0.00295980493310503,0.000183045754359852
45.9,-0.0151083662134175,0.000933422782540474,-0.00268308526693254,0.00019367243044936
45.91,-0.0147839438420023,0.000907965022417459,-0.00238976960645286,0.000202112945727378
45.92,-0.0144640183082929,0.000885427573639075,-0.00209322291396815,0.000207971292167719
45.93,-0.0141489390822311,0.000865805028986749,-0.00180624996771065,0.000210994398973451
45.94,-0.013839121601734,0.000848965958904292,-0.00154054567353677,0.000211071991743513
45.95,-0.0135338506936087,0.000834585327855865,-0.00130584436206844,0.00020824908568216
45.96,-0.0132340625343312,0.000822366210952567,-0.00111001395438641,0.000202703280123242
45.97,-0.0129391634351155,0.00081183237710764,-0.000958699807949418,0.000194732964948563
45.98,-0.012650136579234,0.000802574138198546,-0.000855062247481012,0.000184738720124826
45.99,-0.0123664482415959,0.00079405737502432,-0.000799757270270189,0.000173199252663629
46,-0.0120890571599119,0.000785858237336889,-0.000791063408519111,0.000160642782077667
46.01,-0.0118174260847352,0.00077748138921178,-0.00082509537615154,0.000147617927781098
46.02,-0.0115524263661335,0.000768578601644008,-0.000896121340260579,0.000134665680007326
46.03,-0.01129346707613,0.000758772280201055,-0.000996961018421463,0.000122292664719652
46.04,-0.0110412887394915,0.000747854624024816,-0.00111940878786217,0.000110948956233353
46.05,-0.0107952166707115,0.000735615035408222,-0.00125452448100405,0.000101019467232652
46.06,-0.010555837478881,0.000722017798562382,-0.00139365832661288,9.27903589260723e-05
46.07,-0.0103223878461716,0.000707028773869733,-0.00152835880458676,8.64505688130417e-05
46.08,-0.0100953101511134,0.000690776581718456,-0.0016507210972237,8.20914846357773e-05
46.09,-0.009873770535612,0.000673385331185814,-0.00175390195289933,7.97041736304754e-05
46.1,-0.00965809184651967,0.000655115285390696,-0.00183248787058737,7.91834008751531e-05
46.11,-0.00944740572692293,0.000636199366365862,-0.00188265271944784,8.03383610980934e-05
46.12,-0.00924195875194567,0.00061696989232306,-0.00190222123183877,8.29072725822238e-05
46.13,-0.00904089503274275,0.000597704165529659,-0.00189065999415576,8.65749509174539e-05
46.14,-0.00884443229468346,0.0005787412635545,-0.00184900421697509,9.09918331828749e-05
46.15,-0.00865177198955092,0.000560339139348145,-0.00177971904622886,9.5793434372045e-05
46.16,-0.00846314503537116,0.000542784351928172,-0.00168652358357258,0.000100618555774825
46.17,-0.0082778451652965,0.000526262773712017,-0.00157408062987173,0.00010512645755274
46.18,-0.00809614426962391,0.000510965280976548,-0.00144775598796751,0.000109013448531408
46.19,-0.00791744758760515,0.000496973233689657,-0.00131330291237747,0.000112025544824814
46.2,-0.00774187684081262,0.000484349102985067,-0.00117659326143437,0.000113967938854375
46.21,-0.00756956554306676,0.000473095191754426,-0.00104331433342502,0.000114711465058986
46.22,-0.00740008621863275,0.000463125190068603,-0.000918671663396129,0.000114196588730881
46.23,-0.00723383392369925,0.000454349383675463,-0.000807164058167889,0.000112430885400631
46.24,-0.00707046972917524,0.00044659475979243,-0.000712411424028108,0.000109484865156521
46.25,-0.00691040748359217,0.000439698646657679,-0.000637028070855784,0.000105484907967136
46.26,-0.006753367861978,0.000433438823137428,-0.000582551658053178,0.000100603862731065
46.27,-0.00659975487692943,0.000427621190153433,-0.000549429463366866,9.50498745743779e-05
46.28,-0.00644931731835197,0.000422017206780783,-0.000537058712253473,8.90541231649946e-05
46.29,-0.00630242147981086,0.000416443845979772,-0.000543876058217346,8.28580985411163e-05
46.3,-0.00615881643892457,0.000410705870491999,-0.000567487443332476,7.67011257895393e-05
46.31,-0.00601880904881735,0.000404666818725883,-0.000604816049153898,7.08091462848681e-05
46.32,-0.00588212850014269,0.000398194255611091,-0.000652326486085696,6.53851449849343e-05
46.33,-0.00574900933441302,0.000391220699715451,-0.000706221719810991,6.05995604418809e-05
46.34,-0.00561915124210266,0.000383690524325878,-0.000762633943913174,5.65834374220438e-05
46.35,-0.00549271583356603,0.00037561163041173,-0.000817804870515139,5.34237590104334e-05
46.36,-0.00536937604099474,0.000367004029561583,-0.000868262859569554,5.11615583489404e-05
46.37,-0.0052492310012866,0.000357942914955083,-0.000910979196891116,4.97925287984657e-05
46.38,-0.00513193891939689,0.000348509129973384,-0.000943490764745156,4.92698069373286e-05
46.39,-0.00501755420601935,0.000338825067076188,-0.000963990120393719,4.95086623103652e-05
46.4,-0.00490573772732006,0.000329007947805271,-0.000971378197360675,5.03928533686409e-05
46.41,-0.00479652043099854,0.000319200271362138,-0.000965286965558248,5.17820769311038e-05
46.42,-0.00468958495102001,0.000309527047643513,-0.000946039121466462,5.35200543138633e-05
46.43,-0.00458495893692756,0.000300122864306781,-0.000914597099155927,5.54430776386217e-05
46.44,-0.00448236240794664,0.000291094087207111,-0.000872480289075813,5.73884511675241e-05
46.45,-0.00438183569405304,0.000282543893337294,-0.000821660035150248,5.92024085752237e-05
46.46,-0.0042831474348235,0.000274540087233784,-0.000764433271051898,6.07471812116596e-05
46.47,-0.00418629836649664,0.000267136511173145,-0.000703283548205055,6.19079944752861e-05
46.48,-0.00409129437653188,0.000260360712882883,-0.00064079292670403,6.25966486577456e-05
46.49,-0.00399798019441722,0.000254206500289095,-0.000579479530147918,6.27541353601907e-05
46.5,-0.00390645234912501,0.00024865414282167,-0.000521672669824513,6.23514669952881e-05
46.51,-0.00381659916310806,0.000243652129487203,-0.000469404438152162,6.1389262287928e-05
46.52,-0.00372853195168155,0.000239140067711092,-0.000424328070280463,5.98960924234479e-05
46.53,-0.00364217137711886,0.000235034591671923,-0.000387660305370674,5.79255602931416e-05
46.54,-0.00355763250306396,0.000231250970086386,-0.000360147895281361,5.55523101096372e-05
46.55,-0.00347485435228734,0.00022769196787461,-0.000342057710911385,5.28672072835937e-05
46.56,-0.00339394329670384,0.000224267427229122,-0.000333191258671647,4.997199237211e-05
46.57,-0.00331484295545259,0.000220884914498862,-0.000332920893446464,4.69736969093251e-05
46.58,-0.00323763999552451,0.000217466576418718,-0.000340244839270374,4.39791177427867e-05
46.59,-0.00316227156905846,0.00021394053588177,-0.00035386675501552,4.10893580892495e-05
46.6,-0.00308879739161405,0.000210254484165797,-0.00037226491717371,3.83948507758224e-05
46.61,-0.00301714190352165,0.000206367337381886,-0.00039376247134577,3.59719587875364e-05
46.62,-0.00294733516355805,0.000202259696324704,-0.0004166297337523,3.38807722714427e-05
46.63,-0.0028792864038083,0.000197925095326765,-0.000439188611068596,3.21633577994807e-05
46.64,-0.00281299687344472,0.00019337698295088,-0.000459897201846846,3.08425602643016e-05
46.65,-0.00274836256863331,0.000188639635464307,-0.000477418141217869,2.99209348261562e-05
46.66,-0.00268536190293833,0.000183752726511613,-0.000490634720769075,2.93818668833324e-05
46.67,-0.00262388446655049,0.000178762687411474,-0.000498710090565573,2.91915896398426e-05
46.68,-0.00256389489199016,0.000173725283282871,-0.000501112394846589,2.93020193984575e-05
46.69,-0.00250528460979105,0.000168697483250738,-0.000497629129587382,2.96540691469658e-05
46.7,-0.00244801376742032,0.000163738778246619,-0.000488358926509748,3.0181159000058e-05
46.71,-0.00239198345365388,0.000158904179058277,-0.000473687971603007,3.08128553005184e-05
46.72,-0.00233715772035392,0.00015424509011236,-0.000454255343238347,3.14784654217745e-05
46.73,-0.002283453984818,0.000149803842728184,-0.00043091066029085,3.21101123600261e-05
46.74,-0.00223083640324617,0.000145614509078123,-0.000404642921429973,3.26458763899778e-05
46.75,-0.00217927381326,0.000141700546844349,-0.000376533098731426,3.30326446022267e-05
46.76,-0.00212871453898611,0.000138073751611941,-0.000347696733800727,3.32283142779485e-05
46.77,-0.00207915340962916,0.000134735616885951,-0.000319230592335736,3.32032885007763e-05
46.78,-0.00203055849243228,0.00013167637120856,-0.000292159908112406,3.29411771467626e-05
46.79,-0.00198293636534874,0.000128877129565245,-0.000267391341219933,3.24387999575941e-05
46.8,-0.00193627088804238,0.000126310378088145,-0.000245674704483521,3.1705548297948e-05
46.81,-0.00189057616074351,0.000123942390977687,-0.000227574756353432,3.07621838378682e-05
46.82,-0.00184584613187244,0.000121734716299035,-0.000213453953950564,2.96391535530395e-05
46.83,-0.00180209692518307,0.000119646512541089,-0.000203466089945499,2.83745348638828e-05
46.84,-0.00175932628467645,0.000117636544587721,-0.000197557919058966,2.70117939536616e-05
46.85,-0.00171754674875224,0.000115665087710538,-0.000195488221248911,2.55974859893384e-05
46.86,-0.00167675398352074,0.000113695912160108,-0.000196851039579493,2.41786949944304e-05
46.87,-0.00163695230636218,0.000111697407368568,-0.000201103158562954,2.28006185188767e-05
46.88,-0.00159813112488383,0.000109644283719204,-0.000207596671001321,2.1504381999354e-05
46.89,-0.00156028396158536,0.000107517799743325,-0.000215615767012113,2.03252256274849e-05
46.9,-0.00152339205011209,0.000105306953327967,-0.000224415742987916,1.92911061356308e-05
46.91,-0.00148743776397353,0.000103007737515226,-0.000233261252113113,1.84217398248377e-05
46.92,-0.00145239443360179,0.000100623754818027,-0.000241461873867531,1.77280966013742e-05
46.93,-0.00141823493187498,9.81646094831484e-05,-0.000248403284058735,1.7212350546165e-05
46.94,-0.00138492682240621,9.56460226623649e-05,-0.000253581660546218,1.68678907120049e-05
46.95,-0.00135243690227593,9.30875325978845e-05,-0.000256600876296499,1.66804396386497e-05
46.96,-0.00132073039359781,9.05126930301849e-05,-0.000257181828913441,1.66301725384653e-05
46.97,-0.00128977157606336,8.79462393109365e-05,-0.000255219535930366,1.66910211865884e-05
46.98,-0.00125952693879405,8.54138801746392e-05,-0.000250736004959556,1.68338151752965e-05
46.99,-0.00122996226128258,8.29397874541943e-05,-0.000243873883919501,1.70277582292244e-05
47,-0.00120104847079627,8.05467510158044e-05,-0.0002348864870006,1.7241827267247e-05
47.01,-0.00117275578292464,7.82538293871387e-05,-0.000224118441063605,1.7446235658667e-05
47.02,-0.00114506174475526,7.60769189375964e-05,-0.000211987332605892,1.7614041217836e-05
47.03,-0.00111794414190225,7.40269005520677e-05,-0.000198962986762935,1.77220227006053e-05
47.04,-0.00109138394264896,7.21098094600868e-05,-0.000185538641433622,1.77515732240667e-05
47.05,-0.00106537007066443,7.03272580927846e-05,-0.00017220819270791,1.76890036033709e-05
47.06,-0.00103988923464104,6.86753387952667e-05,-0.000159434482647762,1.75257901767683e-05
47.07,-0.00101493753892878,6.71465899659448e-05,-0.000147615447099144,1.72594879529314e-05
47.08,-0.000990507438809018,6.57291547098406e-05,-0.000137095817532857,1.68926087606987e-05
47.09,-0.00096660043505814,6.44088175617508e-05,-0.00012814514541339,1.64325813961188e-05
47.1,-0.000943212836253871,6.31684657951661e-05,-0.000120943714320869,1.5891305899609e-05
47.11,-0.000920349080708149,6.19903824562032e-05,-0.000115577698505696,1.52843455625242e-05
47.12,-0.00089800671575091,6.08558233899563e-05,-0.000112041008429184,1.46298609236957e-05
47.13,-0.00087619033093489,5.97472957509933e-05,-0.000110232192021732,1.39479269014223e-05
47.14,-0.000854896027945529,5.86480705278752e-05,-0.000109984204113228,1.32590785410606e-05
47.15,-0.000834126067099206,5.75440251776063e-05,-0.000111072894280623,1.25830494096722e-05
47.16,-0.000813873313318503,5.64229905067745e-05,-0.000113214242559674,1.19384534221183e-05
47.17,-0.000794136125203515,5.52764750917727e-05,-0.000116089949456166,1.13415794881769e-05
47.18,-0.000774903005777539,5.40986396512621e-05,-0.000119368816128628,1.08055891751683e-05
47.19,-0.000756167875095137,5.28875515293054e-05,-0.000122724267716424,1.03400481925023e-05
47.2,-0.000737915005577072,5.16438537734806e-05,-0.000125849263095169,9.95071029605478e-06
47.21,-0.000720134406932083,5.0371673204463e-05,-0.000128469282942657,9.63949884659616e-06
47.22,-0.000702807079240308,4.90770820046169e-05,-0.000130353283604088,9.40466116960537e-06
47.23,-0.000685920324896117,4.77687389630452e-05,-0.000131322243750537,9.24107784370625e-06
47.24,-0.000669453359348537,4.64562366361033e-05,-0.00013125484486237,9.14071084478981e-06
47.25,-0.000653392376840145,4.51505794822712e-05,-0.000130090080880116,9.09316434994262e-06
47.26,-0.000637716532051691,4.38625284382258e-05,-0.0001278285052092,9.08627619135569e-06
47.27,-0.000622412625618018,4.26030359614865e-05,-0.00012452468991628,9.10675685663269e-06
47.28,-0.000607461443551394,4.13817432332298e-05,-0.000120282946404315,9.14096878709636e-06
47.29,-0.000592851867040167,4.02074872068679e-05,-0.000115249291149545,9.17562709938373e-06
47.3,-0.000578569168897758,3.90871018768181e-05,-0.000109602843797496,9.1984550395688e-06
47.31,-0.000564600389354908,3.80255117865273e-05,-0.000103545201616115,9.19872598442725e-06
47.32,-0.000550939020097729,3.70258714036148e-05,-9.72891056595151e-05,9.16769139806567e-06
47.33,-0.000537573933587332,3.60887817893071e-05,-9.10472140101217e-05,9.09888793680835e-06
47.34,-0.000524501749914918,3.52131718038024e-05,-8.50215970625444e-05,8.98831619186654e-06
47.35,-0.00051171453162091,3.43956617393471e-05,-7.93943871063457e-05,8.83449033497557e-06
47.36,-0.000499211442867242,3.36315752151398e-05,-7.43199722722996e-05,8.63836195906562e-06
47.37,-0.000486986943538881,3.29145106210551e-05,-6.99186843921681e-05,8.40313796828217e-06
47.38,-0.000475041770623186,3.2237419023708e-05,-6.62734237414689e-05,8.13400267232779e-06
47.39,-0.000463371694484849,3.15923002082778e-05,-6.34276315264242e-05,7.83773881664949e-06
47.4,-0.000451977874893039,3.0971274441183e-05,-6.13824683020395e-05,7.52242050471366e-06
47.41,-0.000440856198826722,3.03663374885563e-05,-6.01059743691803e-05,7.19679351239358e-06
47.42,-0.000430007158856327,2.97702685118541e-05,-5.95341581387528e-05,6.86972019846689e-06
47.43,-0.000419425881522884,2.91763920522405e-05,-5.95692940423954e-05,6.5499802397049e-06
47.44,-0.000409111414104935,2.85794209705967e-05,-6.00911768862653e-05,6.24565754356163e-06
47.45,-0.000399057486826671,2.79750864937383e-05,-6.09653262132918e-05,5.96374266273214e-06
47.46,-0.000389261367789828,2.73607519012717e-05,-6.20541236995885e-05,5.70968169428675e-06
47.47,-0.000379715366431554,2.67349291454387e-05,-6.32136030235526e-05,5.48741636572521e-06
47.48,-0.000370415102392663,2.60978102481138e-05,-6.43045074962274e-05,5.29935131440387e-06
47.49,-0.000361351632679252,2.54506458924664e-05,-6.5206472031182e-05,5.14603287023394e-06
47.5,-0.000352519330177437,2.47960106065821e-05,-6.58171427920777e-05,5.026453453283e-06
47.51,-0.000343908549563565,2.41371833055717e-05,-6.60547805729935e-05,4.93823074325805e-06
47.52,-0.000335512968714369,2.3478332460439e-05,-6.58611874574477e-05,4.87778457678068e-06
47.53,-0.000327322804747787,2.28238789111719e-05,-6.52035785169193e-05,4.84055234558303e-06
47.54,-0.000319331654334398,2.21786115033369e-05,-6.40750067793799e-05,4.82124385497253e-06
47.55,-0.000311530212353972,2.15470814707019e-05,-6.2492353251969e-05,4.81416077876533e-06
47.56,-0.000303912582341859,2.09337029781977e-05,-6.04968106126726e-05,4.81349752161304e-06
47.57,-0.000296471118824471,2.03422448570634e-05,-5.81491299251134e-05,4.81358763477248e-06
47.58,-0.000289198885330855,1.97757859509636e-05,-5.55254342994503e-05,4.80914392204253e-06
47.59,-0.000282091576814025,1.92366887929221e-05,-5.27121164957265e-05,4.79549040106399e-06
47.6,-0.0002751430245862,1.87262802532938e-05,-4.98010732099e-05,4.76875081852801e-06
47.61,-0.000268350258560979,1.82450905817993e-05,-4.68850589917262e-05,4.72599432255522e-06
47.62,-0.000261708641967395,1.77926146704373e-05,-4.40530999530558e-05,4.66532181986287e-06
47.63,-0.000255216460919527,1.73676160775818e-05,-4.13863109286229e-05,4.58589667797297e-06
47.64,-0.000248870405894053,1.69679949861171e-05,-3.89543331113074e-05,4.48792274215855e-06
47.65,-0.000242669732051226,1.65911372575606e-05,-3.68131073510757e-05,4.37255246633005e-06
47.66,-0.000236612102138878,1.62338488243488e-05,-3.50027058917139e-05,4.24172896990433e-06
47.67,-0.000230697344877129,1.5892746850076e-05,-3.35428642165772e-05,4.09821377796301e-06
47.68,-0.000224923608704408,1.55642431106587e-05,-3.24383334856637e-05,3.94524171496773e-06
47.69,-0.000219290804989392,1.52448743295533e-05,-3.16781650269311e-05,3.78639226611744e-06
47.7,-0.000213797107382341,1.49312902084185e-05,-3.12360484278316e-05,3.62543385893847e-06
47.71,-0.000208442076934823,1.46205571420114e-05,-3.10722077170054e-05,3.46613302231942e-06
47.72,-0.000203223494837701,1.43101271387585e-05,-3.11362268997099e-05,3.31206136394032e-06
47.73,-0.000198140232782862,1.39980689106093e-05,-3.13702969035721e-05,3.16642251885769e-06
47.74,-0.000193189421255902,1.3682989013052e-05,-3.17125710167813e-05,3.03191089820919e-06
47.75,-0.000188369092358975,1.33641806895623e-05,-3.21004462888682e-05,2.91060724824728e-06
47.76,-0.000183675663100402,1.304149503195e-05,-3.24736592845208e-05,2.80391241006519e-06
47.77,-0.000179106365798098,1.27154131794362e-05,-3.27771941809772e-05,2.71251073531356e-06
47.78,-0.000174657021195124,1.23868774834296e-05,-3.29632626666351e-05,2.63637816463982e-06
47.79,-0.000170324262872334,1.20573063380983e-05,-3.29933474185376e-05,2.57482701695995e-06
47.8,-0.000166103563540076,1.17284010429275e-05,-3.28395254453984e-05,2.52657996465348e-06
47.81,-0.000161991252330296,1.14021218643614e-05,-3.24852717880622e-05,2.489868197534e-06
47.82,-0.000157982761040287,1.1080491461606e-05,-3.19255996012396e-05,2.46254596016368e-06
47.83,-0.000154074437931584,1.0765557388005e-05,-3.11666148868778e-05,2.4422163642566e-06
47.84,-0.000150262158546965,1.04592226166193e-05,-3.02245570996164e-05,2.42636216993829e-06
47.85,-0.000146542053175658,1.016318072388e-05,-2.91244042604549e-05,2.41247490084994e-06
47.86,-0.000142911024989978,9.87885633970077e-06,-2.78981363326538e-05,2.39817599003313e-06
47.87,-0.000139365612617404,9.60729769427208e-06,-2.65827587629135e-05,2.38132447127875e-06
47.88,-0.000135903309195662,9.34919042664246e-06,-2.52181939686103e-05,2.36010665772995e-06
47.89,-0.000132521356795756,9.10478985807983e-06,-2.38455434641886e-05,2.33308667998898e-06
47.9,-0.000129217890739497,8.87396838730037e-06,-2.25041058691269e-05,2.29927055485921e-06
47.91,-0.000125990841802981,8.65620435482566e-06,-2.12298664579062e-05,2.25813351648101e-06
47.92,-0.000122838916253976,8.45065578879004e-06,-2.00546061705557e-05,2.20958966760327e-06
47.93,-0.000119760615868714,8.25617788074129e-06,-1.90041448313559e-05,2.1539867367197e-06
47.94,-0.000116755071933206,8.07142077640675e-06,-1.80972988826099e-05,2.09206604107922e-06
47.95,-0.000113821168493011,7.8948737407995e-06,-1.73453545121982e-05,2.02490110129214e-06
47.96,-0.000110958256773763,7.72496779428068e-06,-1.67519585752571e-05,1.95382276417801e-06
47.97,-0.000108165384637537,7.56012709621743e-06,-1.63133851202377e-05,1.88033630983083e-06
47.98,-0.000105441913577309,7.39886117230886e-06,-1.60191311035324e-05,1.80603549940073e-06
47.99,-0.000102786855152637,7.23980863124814e-06,-1.58527986253145e-05,1.73251864572153e-06
48,-0.000100199407012447,7.08180729153772e-06,-1.57932668579504e-05,1.66130808999376e-06
48.01,-9.76783934705239e-05,6.92391882772232e-06,-1.58159783066477e-05,1.59377634851461e-06
48.02,-9.52227383521631e-05,6.76546947373395e-06,-1.58942908882916e-05,1.53108538763794e-06
48.03,-9.28310032080049e-05,6.60605137023004e-06,-1.60008631637409e-05,1.47413921162564e-06
48.04,-9.05018060555207e-05,6.4455322521813e-06,-1.61090128756924e-05,1.42355273014657e-06
48.05,-8.82334479257452e-05,6.28403328366039e-06,-1.6193931133811e-05,1.37963825992063e-06
48.06,-8.60242806259848e-05,6.12191119220853e-06,-1.62338339586587e-05,1.34240731702262e-06
48.07,-8.3872409336827e-05,5.95971690062623e-06,-1.62108855284805e-05,1.31158799746502e-06
48.08,-8.17760127231892e-05,5.79815726574219e-06,-1.61117926316604e-05,1.28665150809186e-06
48.09,-7.97331099917642e-05,5.63804341671354e-06,-1.59281923772029e-05,1.26685077403459e-06
48.1,-7.77418331638913e-05,5.48024362000359e-06,-1.5656746070715e-05,1.25126776766002e-06
48.11,-7.58002656127132e-05,5.32563169925152e-06,-1.5299001016794e-05,1.23886689500871e-06
48.12,-7.39065651318427e-05,5.17504115470128e-06,-1.48610265894914e-05,1.22855125041903e-06
48.13,-7.20590365368423e-05,5.02922214942816e-06,-1.43528516875998e-05,1.2192186957757e-06
48.14,-7.0256028485538e-05,4.88880660620717e-06,-1.37877409773064e-05,1.20981501248374e-06
48.15,-6.84960838626125e-05,4.75427908575894e-06,-1.31813534236818e-05,1.19938174085934e-06
48.16,-6.67778358147686e-05,4.62595970219795e-06,-1.25508333202722e-05,1.18709665276077e-06
48.17,-6.51001118869843e-05,4.50399197197315e-06,-1.19138806182624e-05,1.17230531156691e-06
48.18,-6.34618490460426e-05,4.38834510016409e-06,-1.12878475840233e-05,1.15454267633761e-06
48.19,-6.18621559915766e-05,4.27881889794749e-06,-1.06889042001671e-05,1.13354428880813e-06
48.2,-6.03002441721401e-05,4.17506342017239e-06,-1.01313096497855e-05,1.10924706188339e-06
48.21,-5.87754559084885e-05,4.07659723538949e-06,-9.62681761173211e-06,1.08178025558613e-06
48.22,-5.72872103408173e-05,3.98283971708405e-06,-9.18423953658766e-06,1.05144762815172e-06
48.23,-5.58350048134315e-05,3.89313700828847e-06,-8.80917533057222e-06,1.01870212692788e-06
48.24,-5.44183777462237e-05,3.80680009278497e-06,-8.50391671653326e-06,9.84114786695123e-07
48.25,-5.30368893842947e-05,3.72313233045112e-06,-8.26751766131093e-06,9.48339686253113e-07
48.26,-5.16901048221996e-05,3.64146608272416e-06,-8.0960184416914e-06,9.1207686428478e-07
48.27,-5.03775619176139e-05,3.56118532936343e-06,-7.98280394770903e-06,8.76035165098859e-07
48.28,-4.90987732462145e-05,3.48175568800538e-06,-7.9190716265427e-06,8.40896784371256e-07
48.29,-4.78531881595856e-05,3.40273721419831e-06,-7.89437864000016e-06,8.07285170400386e-07
48.3,-4.66402143581846e-05,3.32380377845049e-06,-7.89723886844789e-06,7.75737632110094e-07
48.31,-4.54591772394153e-05,3.24474375837607e-06,-7.91573540629759e-06,7.46683728530801e-07
48.32,-4.43093596924626e-05,3.16546749734426e-06,-7.93812075983542e-06,7.20430151410267e-07
48.33,-4.3189960918788e-05,3.08599600027743e-06,-7.95337266697018e-06,6.97152471453552e-07
48.34,-4.21001516270891e-05,3.00645743945028e-06,-7.95168494178511e-06,6.76893756126655e-07
48.35,-4.10390319913745e-05,2.92706619894784e-06,-7.92486941369642e-06,6.59569714710158e-07
48.36,-4.0005699549539e-05,2.84811133747877e-06,-7.86665706427582e-06,6.44979763330109e-07
48.37,-3.89992042668652e-05,2.76992999684385e-06,-7.77288817138617e-06,6.32823124246148e-07
48.38,-3.80186158936979e-05,2.6928912591629e-06,-7.64158902340883e-06,6.22718873166785e-07
48.39,-3.70630167019215e-05,2.6173720431379e-06,-7.47293759287312e-06,6.14228750189736e-07
48.4,-3.61314901269338e-05,2.54373387917691e-06,-7.26912669760049e-06,6.0688144694155e-07
48.41,-3.52231909470646e-05,2.47230942736103e-06,-7.03413692884083e-06,6.00197100767406e-07
48.42,-3.43372894970884e-05,2.40338000022068e-06,-6.77343536835693e-06,5.93710798441954e-07
48.43,-3.34730473889877e-05,2.33716877548711e-06,-6.49361927070495e-06,5.86993992483284e-07
48.44,-3.26297552639687e-05,2.27382557827602e-06,-6.20202502455276e-06,5.79672913832519e-07
48.45,-3.18068046052389e-05,2.21342758257211e-06,-5.90632393510232e-06,5.71443255537281e-07
48.46,-3.10036188402307e-05,2.1559724152356e-06,-5.6141249125026e-06,5.62080617425507e-07
48.47,-3.02197200889864e-05,2.10138651377271e-06,-5.33260296687549e-06,5.51446444411606e-07
48.48,-2.9454655535055e-05,2.04952576692015e-06,-5.06816999925443e-06,5.39489440498022e-07
48.49,-2.87080593084355e-05,2.00019014256004e-06,-4.82620235455406e-06,5.26242640151567e-07
48.5,-2.7979575978776e-05,1.95312988712545e-06,-4.61083364280619e-06,5.11816535939569e-07
48.51,-2.72689188518527e-05,1.90806398233873e-06,-4.42482140675065e-06,4.96388822580047e-07
48.52,-2.65757930932864e-05,1.86468915189801e-06,-4.26948727029506e-06,4.80191440482682e-07
48.53,-2.58999514777258e-05,1.82269931985628e-06,-4.14473145507926e-06,4.63495729098172e-07
48.54,-2.52411196468572e-05,1.7817943863405e-06,-4.04911542895978e-06,4.4659650517785e-07
48.55,-2.4599052371066e-05,1.74169765458499e-06,-3.98000544330998e-06,4.29795913464292e-07
48.56,-2.39734611549025e-05,1.70216227519562e-06,-3.93376581695588e-06,4.13387848748919e-07
48.57,-2.33640717759442e-05,1.66298432778403e-06,-3.90599030633179e-06,3.976436868295e-07
48.58,-2.27705579325388e-05,1.62400489211268e-06,-3.89175815082393e-06,3.82799933848206e-07
48.59,-2.21925990082639e-05,1.58511794914751e-06,-3.88589989165739e-06,3.69048285721421e-07
48.6,-2.16298205710785e-05,1.54626721275807e-06,-3.88326087298174e-06,3.5652846067042e-07
48.61,-2.10818529167156e-05,1.50744866859758e-06,-3.8789486745201e-06,3.45323971365855e-07
48.62,-2.05482767192677e-05,1.46870292380744e-06,-3.86855313178115e-06,3.35460902570194e-07
48.63,-2.0028683008988e-05,1.43011290393302e-06,-3.84833140503003e-06,3.26909572703839e-07
48.64,-1.95226235817358e-05,1.39179285795695e-06,-3.81534892098423e-06,3.19588821553029e-07
48.65,-1.90296634974274e-05,1.35388279449875e-06,-3.76757391065593e-06,3.13372567987657e-07
48.66,-1.85493667217429e-05,1.3165377541283e-06,-3.70392519569069e-06,3.08098018473157e-07
48.67,-1.80812846615197e-05,1.27991726416298e-06,-3.62425721252141e-06,3.03575581755425e-07
48.68,-1.76250048262716e-05,1.24417887812896e-06,-3.5293167555853e-06,2.99599380670518e-07
48.69,-1.71801082613499e-05,1.20946670499285e-06,-3.420655644193e-06,2.95958079578128e-07
48.7,-1.67462210018954e-05,1.17590682758399e-06,-3.30050739072427e-06,2.92445251048793e-07
48.71,-1.63229720575586e-05,1.14359867095758e-06,-3.17163606999496e-06,2.88868857023946e-07
48.72,-1.59100403838153e-05,1.11261311003738e-06,-3.03716828845694e-06,2.8505948144976e-07
48.73,-1.55071135194973e-05,1.08298737058614e-06,-2.90041751492874e-06,2.80876968447509e-07
48.74,-1.51139293693703e-05,1.05472648860547e-06,-2.76470697309947e-06,2.76215345535332e-07
48.75,-1.47302348576517e-05,1.0278019073164e-06,-2.6332047163461e-06,2.71005800795291e-07
48.76,-1.43558231489038e-05,1.00215604913055e-06,-2.50877577165205e-06,2.65217787795964e-07
48.77,-1.39904932723312e-05,9.77703806986011e-07,-2.39385868338005e-06,2.58858161937939e-07
48.78,-1.36340824719028e-05,9.54339625419022e-07,-2.29037029820959e-06,2.51968571517361e-07
48.79,-1.32864276345401e-05,9.3194087589822e-07,-2.19963989376966e-06,2.44621265889859e-07
48.8,-1.29473942980241e-05,9.10376007331666e-07,-2.12237599235639e-06,2.36913656602435e-07
48.81,-1.26168393075332e-05,8.89508997170425e-07,-2.05866510729321e-06,2.28961974594313e-07
48.82,-1.22946387177691e-05,8.69207023632815e-07,-2.00800194692653e-06,2.20894344982609e-07
48.83,-1.19806529923494e-05,8.493444911913e-07,-1.96934638886594e-06,2.12843645902967e-07
48.84,-1.16747528036143e-05,8.29809617310135e-07,-1.94120017259623e-06,2.04940632604341e-07
48.85,-1.13767882643501e-05,8.10506917635313e-07,-1.92170550572656e-06,1.97307524706609e-07
48.86,-1.10866137479348e-05,7.91361676513263e-07,-1.90875370284472e-06,1.90052490530614e-07
48.87,-1.08040606781046e-05,7.72320394434702e-07,-1.90010063657316e-06,1.83265087489209e-07
48.88,-1.05289617922111e-05,7.53352881097782e-07,-1.89348675246446e-06,1.77012857626724e-07
48.89,-1.02611278300913e-05,7.34450484744424e-07,-1.88674159450054e-06,1.71339191076624e-07
48.9,-1.00003707794727e-05,7.15625898589842e-07,-1.87788512664891e-06,1.66262536477283e-07
48.91,-9.74648394791444e-06,6.96909612587696e-07,-1.86521299995267e-06,1.61776850955038e-07
48.92,-9.4992652801551e-06,6.78347771246807e-07,-1.84736185259646e-06,1.57853186214231e-07
48.93,-9.2584988244937e-06,6.59997649815112e-07,-1.82335468418807e-06,1.54442303058804e-07
48.94,-9.02397517510423e-06,6.41924383733253e-07,-1.79262470872574e-06,1.51478110894608e-07
48.95,-8.79548634191707e-06,6.24196495951322e-07,-1.75501788285347e-06,1.48881743687883e-07
48.96,-8.57282255051217e-06,6.06881530746351e-07,-1.71077519753748e-06,1.46566018697064e-07
48.97,-8.35578943814141e-06,5.90042981096101e-07,-1.66049865352354e-06,1.44440043111284e-07
48.98,-8.1441938473148e-06,5.73736248550428e-07,-1.60509543563281e-06,1.42413684691439e-07
48.99,-7.93786107777805e-06,5.58006631070302e-07,-1.54571779783972e-06,1.40401816909101e-07
49,-7.73662170061584e-06,5.42886515092608e-07,-1.48369136591853e-06,1.38328075351813e-07
49.01,-7.54032635974511e-06,5.28394750115173e-07,-1.42044040873022e-06,1.36127948331845e-07
49.02,-7.34883257891283e-06,5.14535501784397e-07,-1.35740781560686e-06,1.33751177569829e-07
49.03,-7.16201730099897e-06,5.01298974726094e-07,-1.29598659600557e-06,1.31163252123946e-07
49.04,-6.97976413022161e-06,4.88661779067533e-07,-1.23745281275163e-06,1.2834607704304e-07
49.05,-6.80197358082779e-06,4.76588942404032e-07,-1.18290929493065e-06,1.25297829456997e-07
49.06,-6.62855090105552e-06,4.65035377365917e-07,-1.13324060266725e-06,1.22031997367959e-07
49.07,-6.45941446641984e-06,4.53948750944623e-07,-1.08908190453084e-06,1.18575739672447e-07
49.08,-6.29448445099712e-06,4.43271575674199e-07,-1.05080133579727e-06,1.14967652837514e-07
49.09,-6.13368967528061e-06,4.3294442911932e-07,-1.01849661293834e-06,1.11255127444259e-07
49.1,-5.97695721715752e-06,4.22908177380579e-07,-9.92005978863848e-07,1.07491390815082e-07
49.11,-5.82421944006484e-06,4.13106735890195e-07,-9.70926314355301e-07,1.03732517791495e-07
49.12,-5.67540353557661e-06,4.0348913641512e-07,-9.54648751196922e-07,1.00034398307244e-07
49.13,-5.53043838191769e-06,3.94011562255754e-07,-9.42400872060251e-07,9.64499295467501e-08
49.14,-5.3892463771632e-06,3.8463849930468e-07,-9.33287842122205e-07,9.30265020080365e-08
49.15,-5.25174902854531e-06,3.75343972517676e-07,-9.26345332710245e-07,8.98039731338061e-08
49.16,-5.11786117751711e-06,3.66111545483511e-07,-9.20590345490042e-07,8.68130988918826e-08
49.17,-4.98749602328985e-06,3.56934704570296e-07,-9.15069295227129e-07,8.40744382960207e-08
49.18,-4.86056010373659e-06,3.47816008180452e-07,-9.08902094201479e-07,8.1597853577286e-08
49.19,-4.73695940783614e-06,3.38766266982826e-07,-9.01319203132853e-07,7.93826260316726e-08
49.2,-4.61659514972013e-06,3.29803185804639e-07,-8.91692524006579e-07,7.74180331176571e-08
49.21,-4.49936867052969e-06,3.20949906690211e-07,-8.79557605741192e-07,7.56843857433561e-08
49.22,-4.38518083534234e-06,3.12233259913059e-07,-8.64626056821638e-07,7.41544314218451e-08
49.23,-4.27393191060332e-06,3.03681916322304e-07,-8.46788625304466e-07,7.27950501278705e-08
49.24,-4.16552585935648e-06,2.95324756546986e-07,-8.26109408239806e-07,7.15691385818346e-08
49.25,-4.05986784990375e-06,2.87189077475584e-07,-8.02812020539988e-07,7.04375832366476e-08
49.26,-3.95686891430103e-06,2.79299145578499e-07,-7.77258795116475e-07,6.93612205822027e-08
49.27,-3.85644286282627e-06,2.71675010051909e-07,-7.49924460894329e-07,6.83026893188426e-08
49.28,-3.75851057743404e-06,2.64331509464328e-07,-7.21365889034972e-07,6.72280889426575e-08
49.29,-3.66299747778243e-06,2.57277500923497e-07,-6.92189618705654e-07,6.61083760530861e-08
49.3,-3.56983598059912e-06,2.50515771330266e-07,-6.63018843950398e-07,6.49204445807037e-08
49.31,-3.47896323127372e-06,2.4404288979774e-07,-6.34461513363156e-07,6.36478574785292e-08
49.32,-3.39032309781828e-06,2.37849579347057e-07,-6.07081043350153e-07,6.22812123782746e-08
49.33,-3.3038637266003e-06,2.3192127218373e-07,-5.81370928137144e-07,6.08181430441506e-08
49.34,-3.21953858151147e-06,2.26239008705755e-07,-5.57734227032715e-07,5.92629818528621e-08
49.35,-3.13730438961102e-06,2.20780269379934e-07,-5.36468661551183e-07,5.762611346062e-08
49.36,-3.05712167136818e-06,2.15520256690559e-07,-5.17757732035984e-07,5.5923076573861e-08
49.37,-2.97895223511091e-06,2.10432999945164e-07,-5.01667910260701e-07,5.4173464253912e-08
49.38,-2.90276027570258e-06,2.05492410132983e-07,-4.88151742170089e-07,5.23996923315464e-08
49.39,-2.82850995958484e-06,2.00673542687254e-07,-4.77056303736167e-07,5.06257055091327e-08
49.4,-2.7561658706432e-06,1.95953443451025e-07,-4.68136345702772e-07,4.88756729634468e-08
49.41,-2.68569149675102e-06,1.9131206587747e-07,-4.61071185836297e-07,4.71727506291917e-08
49.42,-2.61704951665109e-06,1.86732902197742e-07,-4.55484155978837e-07,4.55379873503343e-08
49.43,-2.55020085404567e-06,1.82203409877214e-07,-4.50963798670927e-07,4.39893855086394e-08
49.44,-2.48510492539822e-06,1.7771527575755e-07,-4.47085707402535e-07,4.25411672587628e-08
49.45,-2.42171945430414e-06,1.732643179368e-07,-4.43433580800692e-07,4.12032653496849e-08
49.46,-2.3600003711266e-06,1.68850507941675e-07,-4.39618653727548e-07,3.99810526648895e-08
49.47,-2.2999021442871e-06,1.64477410667441e-07,-4.35296661630874e-07,3.8875310887245e-08
49.48,-2.24137867999019e-06,1.6015167795355e-07,-4.3018168224433e-07,3.78824246892071e-08
49.49,-2.18438270938037e-06,1.55882501953979e-07,-4.24056339578168e-07,3.69947797576379e-08
49.5,-2.12886692896319e-06,1.5168085464514e-07,-4.1677807269813e-07,3.62013340173879e-08
49.51,-2.07478435321207e-06,1.47558675790906e-07,-4.08281412056876e-07,3.54883229972823e-08
49.52,-2.02208869648501e-06,1.43528177462747e-07,-3.98576383471262e-07,3.48400572856244e-08
49.53,-1.97073519814239e-06,1.39601015364864e-07,-3.87743328389264e-07,3.42397684431675e-08
49.54,-1.92068066784401e-06,1.35787740026552e-07,-3.75924610210106e-07,3.3670458943117e-08
49.55,-1.871883778648e-06,1.32097217996168e-07,-3.63313778015146e-07,3.31157150532887e-08
49.56,-1.82430584771964e-06,1.28536110071799e-07,-3.5014287810169e-07,3.25604445052693e-08
49.57,-1.77791067823563e-06,1.25108602537333e-07,-3.36668643978657e-07,3.19915071741045e-08
49.58,-1.73266472724976e-06,1.21816261263155e-07,-3.23158282352625e-07,3.13982151062921e-08
49.59,-1.68853704529681e-06,1.18657988581031e-07,-3.09875577356767e-07,3.07726849487301e-08
49.6,-1.64549931991331e-06,1.15630128466112e-07,-2.97067975955376e-07,3.01100337725415e-08
49.61,-1.60352551947796e-06,1.12726693958573e-07,-2.84955228440246e-07,2.94084178851697e-08
49.62,-1.56259183903273e-06,1.09939707060475e-07,-2.7372004233947e-07,2.86689219546903e-08
49.63,-1.52267629438541e-06,1.07259563754541e-07,-2.63501090989365e-07,2.78953125025756e-08
49.64,-1.48375841213522e-06,1.0467560057886e-07,-2.54388579236774e-07,2.70936756295403e-08
49.65,-1.4458187935773e-06,1.02176455785575e-07,-2.46422428781969e-07,2.6271963578456e-08
49.66,-1.4088387931821e-06,9.97507416072016e-08,-2.39593032681127e-07,2.54394769494925e-08
49.67,-1.37280058076783e-06,9.73872727488757e-08,-2.338443770904e-07,2.46063121252008e-08
49.68,-1.33768606236373e-06,9.50757991125518e-08,-2.29079258927904e-07,2.37828021440089e-08
49.69,-1.30347703031219e-06,9.28071560457749e-08,-2.25166190895948e-07,2.29789799528918e-08
49.7,-1.27015510198447e-06,9.05736816436911e-08,-2.21947598211565e-07,2.22040872559075e-08
49.71,-1.237700964829e-06,8.83694249310124e-08,-2.19248811182449e-07,2.14661510228096e-08
49.72,-1.20609523168724e-06,8.61901366198544e-08,-2.16887374678051e-07,2.07716443044557e-08
49.73,-1.17531749843636e-06,8.40334253561383e-08,-2.14682209670207e-07,2.01252425381527e-08
49.74,-1.14534657313925e-06,8.18987530325641e-08,-2.12462162423359e-07,1.95296828562475e-08
49.75,-1.11616099118805e-06,7.97870992994039e-08,-2.10073582158069e-07,1.89857263451251e-08
49.76,-1.08773872131707e-06,7.77008719704424e-08,-2.07386628728676e-07,1.84922183213416e-08
49.77,-1.06005755284855e-06,7.56436550438465e-08,-2.04300044934554e-07,1.80462395352972e-08
49.78,-1.03309506904736e-06,7.36198187008704e-08,-2.00744259753801e-07,1.76433351822215e-08
49.79,-1.0068290867693e-06,7.16343186324279e-08,-1.9668277847958e-07,1.7277805538797e-08
49.8,-9.81237690211856e-07,6.96922410371961e-08,-1.92111878707334e-07,1.69430409849823e-08
49.81,-9.56299524013104e-07,6.7798572456372e-08,-1.87058740623887e-07,1.6631881950686e-08
49.82,-9.31994124542257e-07,6.59578109904389e-08,-1.81578179425169e-07,1.63369852863765e-08
49.83,-9.08301666768807e-07,6.41738713279628e-08,-1.75748227717572e-07,1.60511786301325e-08
49.84,-8.85203352396502e-07,6.2449732695664e-08,-1.69664838014977e-07,1.5767786586012e-08
49.85,-8.62682004942883e-07,6.078729761179e-08,-1.63436038806628e-07,1.54809134815684e-08
49.86,-8.40721052774995e-07,5.9187414314631e-08,-1.57175840992909e-07,1.51856722051692e-08
49.87,-8.19305360444389e-07,5.76497574032724e-08,-1.50998195821264e-07,1.48783516447775e-08
49.88,-7.98420859204896e-07,5.61729271985609e-08,-1.45011320799365e-07,1.45565169176326e-08
49.89,-7.78054662475824e-07,5.47544589497404e-08,-1.39312637234581e-07,1.42190418846119e-08
49.9,-7.58194738104123e-07,5.33909965624734e-08,-1.33984535454636e-07,1.38660761870372e-08
49.91,-7.3883011086906e-07,5.20784636087846e-08,-1.29091114984373e-07,1.34989525710256e-08
49.92,-7.1995035177963e-07,5.08122401332738e-08,-1.24676007941463e-07,1.31200423307177e-08
49.93,-7.01545552317384e-07,4.95874633483495e-08,-1.20761326998105e-07,1.27325688159172e-08
49.94,-6.83606387497093e-07,4.83990660004313e-08,-1.1734772711601e-07,1.23403905119335e-08
49.95,-6.66123780135308e-07,4.72421358865069e-08,-1.14415522635084e-07,1.19477655317383e-08
49.96,-6.4908867525304e-07,4.61120389736059e-08,-1.11926718496181e-07,1.15591112054883e-08
49.97,-6.32492074714719e-07,4.50046477056837e-08,-1.09827820191793e-07,1.11787701119771e-08
49.98,-6.16324829394443e-07,4.39163918762858e-08,-1.08053237877134e-07,1.08107934792972e-08
49.99,-6.00577671150404e-07,4.28444438964004e-08,-1.06529089570657e-07,1.04587513768736e-08
50,-5.85240900186079e-07,4.17867310901014e-08,-1.05177185001453e-07,1.01255778149858e-08
50.01,-5.70304814040412e-07,4.07419580449581e-08,-1.03918993180947e-07,9.81345591622669e-09
50.02,-5.55759351428264e-07,3.97096050530983e-08,-1.0267940040201e-07,9.52374646724304e-09
50.03,-5.41594220138109e-07,3.86898687844916e-08,-1.01390082115872e-07,9.25696106918669e-09
50.04,-5.27798949434555e-07,3.76835782508168e-08,-9.99923505997913e-08,9.01277840422251e-09
50.05,-5.1436296910623e-07,3.66920856888512e-08,-9.84393714950467e-08,8.7901002751745e-09
50.06,-5.01275678743696e-07,3.57171391103751e-08,-9.66976759793982e-08,8.58714242063322e-09
50.07,-4.88526533892752e-07,3.47607437679381e-08,-9.47479368785254e-08,8.40155367455734e-09
50.08,-4.76105143754069e-07,3.38250199061807e-08,-9.25850119349149e-08,8.23055601441623e-09
50.09,-4.6400134934288e-07,3.29120639288137e-08,-9.02172969361959e-08,8.07109744013239e-09
50.1,-4.52205338064005e-07,3.20238195151931e-08,-8.76654579465045e-08,7.92000951363716e-09
50.11,-4.40707665028128e-07,3.11619643756642e-08,-8.49606418049449e-08,7.77416159583941e-09
50.12,-4.29499372955888e-07,3.0327817232049e-08,-8.21422819780625e-08,7.63060446346638e-09
50.13,-4.18571944216239e-07,2.95222683601527e-08,-7.92556295500216e-08,7.48669692146145e-09
50.14,-4.07917470468533e-07,2.87457356927327e-08,-7.63491466026519e-08,7.34021022907311e-09
50.15,-3.97528465256869e-07,2.79981471210818e-08,-7.34718956494399e-08,7.18940652674901e-09
50.16,-3.87398078061096e-07,2.72789483158923e-08,-7.06710532257356e-08,7.03308897935462e-09
50.17,-3.77519838501428e-07,2.65871341955909e-08,-6.79896612977712e-08,6.87062278836868e-09
50.18,-3.67887831309588e-07,2.59213011132156e-08,-6.54647121057112e-08,6.70192778610149e-09
50.19,-3.5849648494235e-07,2.52797160095364e-08,-6.31256401567451e-08,6.52744457249323e-09
50.2,-3.4934058579239e-07,2.46603981565101e-08,-6.09932716606191e-08,6.34807741644968e-09
50.21,-3.40415200916766e-07,2.40612087759018e-08,-5.90792552799198e-08,6.16511802382171e-09
50.22,-3.31715590995429e-07,2.34799436878675e-08,-5.73859739425937e-08,5.98015499405495e-09
50.23,-3.23237203225801e-07,2.29144242923904e-08,-5.59069152702627e-08,5.79497420957613e-09
50.24,-3.14975537207829e-07,2.23625825357933e-08,-5.46274542142712e-08,5.61145552711562e-09
50.25,-3.06926091653281e-07,2.18225360608971e-08,-5.35259868012044e-08,5.43147102510498e-09
50.26,-2.99084383037496e-07,2.12926504411218e-08,-5.25753389766963e-08,5.25678965381914e-09
50.27,-2.9144583191254e-07,2.07715862017181e-08,-5.17443664279628e-08,5.08899254928495e-09
50.28,-2.84005890804906e-07,2.02583292092942e-08,-5.09996563787518e-08,4.92940253270065e-09
50.29,-2.76759742234844e-07,1.97522039046714e-08,-5.03072412836477e-08,4.779030396411e-09
50.3,-2.69702558952645e-07,1.92528697248161e-08,-4.96342416318625e-08,4.63853963620216e-09
50.31,-2.62829485286886e-07,1.8760301845397e-08,-4.89503615056394e-08,4.50823020919217e-09
50.32,-2.56135511911282e-07,1.82747580856896e-08,-4.82291725611556e-08,4.38804104080056e-09
50.33,-2.49615642822221e-07,1.77967343751254e-08,-4.74491366211293e-08,4.27757011250067e-09
50.34,-2.43264762112005e-07,1.73269116123371e-08,-4.65943303903956e-08,4.17611005496973e-09
50.35,-2.37077947495834e-07,1.68660969903806e-08,-4.56548568107126e-08,4.08269664081035e-09
50.36,-2.31050236720876e-07,1.64151629506886e-08,-4.46269408033768e-08,3.99616703590973e-09
50.37,-2.25176802537419e-07,1.59749868716979e-08,-4.35127205007162e-08,3.91522447872826e-09
50.38,-2.19452951810695e-07,1.55463943789571e-08,-4.23197646068332e-08,3.8385057922711e-09
50.39,-2.13874169041617e-07,1.51301088143738e-08,-4.10603542715535e-08,3.76464829347423e-09
50.4,-2.08436145676671e-07,1.47267089596896e-08,-3.97505776960935e-08,3.69235287895375e-09
50.41,-2.03134782772452e-07,1.43365965822702e-08,-3.8409293409685e-08,3.62044043546003e-09
50.42,-1.97966221193724e-07,1.39599748091267e-08,-3.70570189943937e-08,3.54789921347811e-09
50.43,-1.92926834508e-07,1.35968377401701e-08,-3.5714804764223e-08,3.47392137848294e-09
50.44,-1.88013204116544e-07,1.32469711517096e-08,-3.44031476141311e-08,3.39792758709079e-09
50.45,-1.83222225835777e-07,1.29099635970237e-08,-3.31409957797211e-08,3.31957908253328e-09
50.46,-1.78550942031563e-07,1.2585226759512e-08,-3.19448874300459e-08,3.23877743784945e-09
50.47,-1.73996499874818e-07,1.22720235137779e-08,-3.08282572916965e-08,3.15565271650858e-09
50.48,-1.69556410689609e-07,1.19695018886195e-08,-2.98009347017059e-08,3.07054123997287e-09
50.49,-1.65228119186622e-07,1.16767329126121e-08,-2.88688490541798e-08,2.98395464180325e-09
50.5,-1.61009291232972e-07,1.13927502734988e-08,-2.80339404275502e-08,2.89654230541472e-09
50.51,-1.56897638881048e-07,1.11165897510198e-08,-2.72942724587605e-08,2.80904929851254e-09
50.52,-1.52890923921234e-07,1.08473265060808e-08,-2.66443262604629e-08,2.72227216251282e-09
50.53,-1.48986933012907e-07,1.05841085298006e-08,-2.6075453643046e-08,2.63701483589996e-09
50.54,-1.45183457256337e-07,1.03261848441935e-08,-2.55764561949389e-08,2.55404682335028e-09
50.55,-1.41478213144808e-07,1.00729273733141e-08,-2.51342557793886e-08,2.47406553444431e-09
50.56,-1.37869068161933e-07,9.82384579002117e-09,-2.47346183239685e-08,2.39766437144342e-09
50.57,-1.34353737024639e-07,9.57859500830221e-09,-2.43628924581213e-08,2.32530777283203e-09
50.58,-1.30929787900413e-07,9.33697538550317e-09,-2.40047251802418e-08,2.25731409276209e-09
50.59,-1.27594867116443e-07,9.09892604956381e-09,-2.36467225266804e-08,2.19384661038628e-09
50.6,-1.24346715146828e-07,8.86451205206616e-09,-2.32770266730845e-08,2.13491260496029e-09
50.61,-1.211826843317e-07,8.63415150580583e-09,-2.27727265965966e-08,2.08372494069094e-09
50.62,-1.18095223378134e-07,8.41284192152115e-09,-2.15422713854278e-08,2.05866121839998e-09
50.63,-1.15077564366572e-07,8.20493239254317e-09,-2.01916438918734e-08,2.02966624840807e-09
50.64,-1.12129211693457e-07,8.01005532354313e-09,-1.893608617369e-08,1.98659310566486e-09
50.65,-1.09250429147778e-07,7.82700103183032e-09,-1.78192156255322e-08,1.93121662328899e-09
50.66,-1.06441193636897e-07,7.6541837920035e-09,-1.68765542780383e-08,1.86609473780094e-09
50.67,-1.03701251141786e-07,7.48971195425194e-09,-1.61330502517058e-08,1.79376391492187e-09
50.68,-1.01030179777695e-07,7.33153021557157e-09,-1.55979297829906e-08,1.71682863286967e-09
50.69,-9.84273968995808e-08,7.17757292615363e-09,-1.52659239489725e-08,1.6379140513441e-09
50.7,-9.5892155549393e-08,7.02589331770589e-09,-1.51201794047144e-08,1.5595628508218e-09
50.71,-9.34235240279691e-08,6.8747634073421e-09,-1.51351063983368e-08,1.48413241576528e-09
50.72,-9.10203841186785e-08,6.72274732727015e-09,-1.52788824027892e-08,1.41370756191707e-09
50.73,-8.86814310874229e-08,6.56875117306968e-09,-1.55156901874952e-08,1.35003146154069e-09
50.74,-8.64051692417434e-08,6.41205144944751e-09,-1.58077873783242e-08,1.29445482475438e-09
50.75,-8.41899305825677e-08,6.25230358132474e-09,-1.61174383554863e-08,1.24790337566086e-09
50.76,-8.20338854623515e-08,6.08953193600555e-09,-1.64086896657348e-08,1.21086371537132e-09
50.77,-7.99350683422517e-08,5.92410315471723e-09,-1.6648944510955e-08,1.18338738280498e-09
50.78,-7.78914133192643e-08,5.75668508162201e-09,-1.68102859239933e-08,1.16511240353054e-09
50.79,-7.59007834361114e-08,5.58819404656762e-09,-1.68705059251983e-08,1.15530090563363e-09
50.8,-7.39610115374489e-08,5.41973363150517e-09,-1.68138091806005e-08,1.15289070121289e-09
50.81,-7.20699429024307e-08,5.25252824312009e-09,-1.66311799677031e-08,1.15655812704815e-09
50.82,-7.022546810731e-08,5.0878548795881e-09,-1.63204128288676e-08,1.16478900610003e-09
50.83,-6.84255745397877e-08,4.92697634801034e-09,-1.58858263340692e-08,1.17595433848814e-09
50.84,-6.66683712680083e-08,4.77107895749481e-09,-1.53376906916141e-08,1.1883871800252e-09
50.85,-6.49521263440533e-08,4.62121729971408e-09,-1.46914132060451e-08,1.20045733318426e-09
50.86,-6.32752836793316e-08,4.47826828295505e-09,-1.39665312834851e-08,1.21064065187603e-09
50.87,-6.16364337346909e-08,4.34289601258483e-09,-1.31855731258675e-08,1.21758017428568e-09
50.88,-6.00345941847991e-08,4.21552852538579e-09,-1.23728433976512e-08,1.22013680162269e-09
50.89,-5.84686512539179e-08,4.09634678605544e-09,-1.15531964233334e-08,1.21742777573181e-09
50.9,-5.69379157155936e-08,3.98528576960942e-09,-1.0750850534082e-08,1.2088519717223e-09
50.91,-5.54417738385382e-08,3.88204689439856e-09,-9.9883020259531e-09,1.19410137999807e-09
50.92,-5.39800009136115e-08,3.78612059711317e-09,-9.2853755638253e-09,1.17315914756136e-09
50.93,-5.25521715033506e-08,3.69681744830093e-09,-8.65845271411045e-09,1.14628489310775e-09
50.94,-5.11581346174239e-08,3.61330591047567e-09,-8.11989842552806e-09,1.11398871239034e-09
50.95,-4.97979346647526e-08,3.53465463241956e-09,-7.67770768940169e-09,1.07699545032516e-09
50.96,-4.84714854920298e-08,3.45987707331945e-09,-7.33536977440537e-09,1.03620149171454e-09
50.97,-4.71788164091436e-08,3.38797630155407e-09,-7.09194632095211e-09,9.92626413133274e-10
50.98,-4.59197719848703e-08,3.31798790300734e-09,-6.94234837731684e-09,9.47361829813055e-10
50.99,-4.4694252743227e-08,3.24901913813898e-09,-6.87778746196803e-09,9.01519919339078e-10
51,-4.35022542433217e-08,3.18028276065019e-09,-6.88637237325545e-09,8.56183870618226e-10
51.01,-4.23432773288823e-08,3.11112424314751e-09,-6.9538133051113e-09,8.12362449296993e-10
51.02,-4.12171692332208e-08,3.0410415498869e-09,-7.06419588725914e-09,7.70950490457476e-10
51.03,-4.01232007618546e-08,2.96969695639537e-09,-7.20078760150622e-09,7.32696576129002e-10
51.04,-3.90609820044574e-08,2.89692081493752e-09,-7.34683642409755e-09,6.98179149827192e-10
51.05,-3.80295492874438e-08,2.82270754715348e-09,-7.48632640150802e-09,6.67791462343867e-10
51.06,-3.70282871031691e-08,2.74720447257733e-09,-7.60465665056601e-09,6.41735691738431e-10
51.07,-3.6056029273368e-08,2.67069437793132e-09,-7.68922063600029e-09,6.20025818036135e-10
51.08,-3.51119942010314e-08,2.59357297343563e-09,-7.72985941099503e-09,6.02498773234105e-10
51.09,-3.41947652415797e-08,2.51632254107213e-09,-7.71918161560466e-09,5.88832722730567e-10
51.1,-3.33038094879612e-08,2.43948318097024e-09,-7.6527374577267e-09,5.78571424217589e-10
51.11,-3.24374429538921e-08,2.36362308997787e-09,-7.52905376401776e-09,5.7115294682638e-10
51.12,-3.15947827900231e-08,2.28930928314198e-09,-7.34952427622423e-09,5.6594174161374e-10
51.13,-3.07747560768235e-08,2.21708008663989e-09,-7.11818222965588e-09,5.62261781481964e-10
51.14,-2.99764533195912e-08,2.14742051590237e-09,-6.84136295270019e-09,5.59429581409796e-10
51.15,-2.91988015987954e-08,2.08074150659492e-09,-6.52728341901456e-09,5.56785526406841e-10
51.16,-2.84408070427844e-08,2.01736372842031e-09,-6.1855563214339e-09,5.53722294195197e-10
51.17,-2.77017937477808e-08,1.9575064605216e-09,-5.82667248218949e-09,5.49709068047728e-10
51.18,-2.6981171963314e-08,1.90128172532104e-09,-5.4614708482963e-09,5.44310797009247e-10
51.19,-2.62781139070967e-08,1.84869365345134e-09,-5.10062444078594e-09,5.37201931181221e-10
51.2,-2.55923344738562e-08,1.79964282912464e-09,-4.7541596498569e-09,5.2817446714903e-10
51.21,-2.49231808524542e-08,1.75393512265164e-09,-4.43103541015797e-09,5.17139958510816e-10
51.22,-2.42705286979117e-08,1.71129436409584e-09,-4.13879195429044e-09,5.04126115719994e-10
51.23,-2.36338690839943e-08,1.67137805223391e-09,-3.88328730640165e-09,4.89268087002011e-10
51.24,-2.30131993461669e-08,1.63379521176557e-09,-3.66852290542694e-09,4.72795501291185e-10
51.25,-2.24081011523936e-08,1.59812547783107e-09,-3.49656384246608e-09,4.55015878392427e-10
51.26,-2.18186357869854e-08,1.56393846016157e-09,-3.36755207562635e-09,4.36295446265278e-10
51.27,-2.12444231095787e-08,1.53081248688485e-09,-3.27980716161534e-09,4.17038383916781e-10
51.28,-2.06855341744472e-08,1.49835192353417e-09,-3.23000215950866e-09,3.97665587113327e-10
51.29,-2.01415719658371e-08,1.46620234836841e-09,-3.21340604834626e-09,3.78593839775292e-10
51.3,-1.96125684581716e-08,1.43406302518751e-09,-3.22417549274496e-09,3.60216451628756e-10
51.31,-1.90980760095272e-08,1.40169625336892e-09,-3.25568141545864e-09,3.42886018999536e-10
51.32,-1.85980608691239e-08,1.3689333479951e-09,-3.30085092021257e-09,3.26900153348002e-10
51.33,-1.81119972353372e-08,1.33567717283928e-09,-3.35251307800462e-09,3.12490430404722e-10
51.34,-1.76397740858647e-08,1.30190130117175e-09,-3.40372589207922e-09,2.99815162441071e-10
51.35,-1.71807919002731e-08,1.26764604501322e-09,-3.44807733560079e-09,2.88955816638016e-10
51.36,-1.67348686019864e-08,1.23301169744749e-09,-3.47994308162258e-09,2.79917251633944e-10
51.37,-1.63013433862602e-08,1.19814946094649e-09,-3.49469548155875e-09,2.7263141478187e-10
51.38,-1.58799879912408e-08,1.16325060531915e-09,-3.48885359640884e-09,2.6696422982273e-10
51.39,-1.54701096377607e-08,1.12853445003606e-09,-3.46017529989739e-09,2.62725025195748e-10
51.4,-1.50714623003978e-08,1.09423577517947e-09,-3.4076827824526e-09,2.59678235650847e-10
51.41,-1.46833549763414e-08,1.06059227942968e-09,-3.33163739345055e-09,2.57556190553982e-10
51.42,-1.43055594037378e-08,1.02783263899849e-09,-3.23344822689786e-09,2.56073089670222e-10
51.43,-1.39374192187347e-08,9.96165699708888e-10,-3.11554614681599e-09,2.54938545583496e-10
51.44,-1.35787612265403e-08,9.65771177702534e-10,-2.98120903189938e-09,2.53870974881197e-10
51.45,-1.32289805776509e-08,9.36792291201534e-10,-2.83436051839962e-09,2.52609751382663e-10
51.46,-1.28879698024775e-08,9.09330453777603e-10,-2.67935726998446e-09,2.50925467621912e-10
51.47,-1.25552022112174e-08,8.83442195998764e-10,-2.5207613306728e-09,2.4862853476433e-10
51.48,-1.22306467176259e-08,8.59138362713709e-10,-2.36311358384239e-09,2.45575551058907e-10
51.49,-1.19138556797793e-08,8.36385457476301e-10,-2.21073270295506e-09,2.41672757978691e-10
51.5,-1.16048708420635e-08,8.15108899954009e-10,-2.06752808395927e-09,2.36877377546387e-10
51.51,-1.1303310287758e-08,7.9519801988557e-10,-1.93684211426705e-09,2.31196573383126e-10
51.52,-1.1009276157381e-08,7.76512433204691e-10,-1.82132728093704e-09,2.24684173144542e-10
51.53,-1.0722437160382e-08,7.58889435974804e-10,-1.72286110405148e-09,2.17435463065717e-10
51.54,-1.04429336289513e-08,7.42152035872643e-10,-1.64250347892207e-09,2.09580312666268e-10
51.55,-1.01704635824262e-08,7.2611713827903e-10,-1.58049837987517e-09,2.01274957160767e-10
51.56,-9.90517889931652e-09,7.1060357976413e-10,-1.53630263042656e-09,1.92693448090634e-10
51.57,-9.64678115167317e-09,6.95439648529097e-10,-1.50865488900236e-09,1.84018554016991e-10
51.58,-9.39541866529225e-09,6.80469758480521e-10,-1.49567141160623e-09,1.75432840699617e-10
51.59,-9.15077524865637e-09,6.65560029115734e-10,-1.4949664910805e-09,1.67110204740623e-10
51.6,-8.91297702310112e-09,6.50602575736205e-10,-1.50378663827927e-09,1.59208349587379e-10
51.61,-8.68167671086439e-09,6.35518389362947e-10,-1.51915667765176e-09,1.51862364148919e-10
51.62,-8.45696845885868e-09,6.20258752771422e-10,-1.5380249852765e-09,1.45179753077604e-10
51.63,-8.23847212672035e-09,6.04805211146174e-10,-1.55740661539654e-09,1.3923695168663e-10
51.64,-8.02624899876037e-09,5.8916818662095e-10,-1.57451166827441e-09,1.34077537190008e-10
51.65,-7.81988696019198e-09,5.73384392056403e-10,-1.58685871323919e-09,1.29712028365387e-10
51.66,-7.6194179854383e-09,5.57513180273894e-10,-1.59237439796111e-09,1.26118913894343e-10
51.67,-7.42440953160894e-09,5.41632062041769e-10,-1.58946206898972e-09,1.23247410548195e-10
51.68,-7.23488202680755e-09,5.25831683972339e-10,-1.57704398167831e-09,1.2102140250608e-10
51.69,-7.05039582271638e-09,5.1021051179234e-10,-1.55458134493258e-09,1.19344173266763e-10
51.7,-6.8709633538333e-09,4.94869465844915e-10,-1.52206579250386e-09,1.18103897595363e-10
51.71,-6.69615385362476e-09,4.79906762491924e-10,-1.47998940596161e-09,1.17179421942702e-10
51.72,-6.52599574380019e-09,4.65413182391474e-10,-1.42929220594856e-09,1.16446240125037e-10
51.73,-6.36007690957285e-09,4.51467958728768e-10,-1.3712933391999e-09,1.15782184251743e-10
51.74,-6.19845330618318e-09,4.38135432611829e-10,-1.30760781786652e-09,1.15072783619132e-10
51.75,-6.04074035237545e-09,4.25462586111275e-10,-1.24005620833523e-09,1.14215888699503e-10
51.76,-5.88702508963479e-09,4.13477518961938e-10,-1.17056801656661e-09,1.13125552327632e-10
51.77,-5.736955799307e-09,4.02188875296098e-10,-1.10108768932606e-09,1.11734874913527e-10
51.78,-5.59065416183557e-09,3.91586202656401e-10,-1.03348361475539e-09,1.09997911542591e-10
51.79,-5.44779954481101e-09,3.81641164673456e-10,-9.69467166318746e-10,1.07890430069999e-10
51.8,-5.30854915581358e-09,3.72309511915712e-10,-9.10522041260914e-10,1.05409729530798e-10
51.81,-5.17260723142954e-09,3.63533669532827e-10,-8.57849996805096e-10,1.02573404990389e-10
51.82,-5.04015140734282e-09,3.55245796250554e-10,-8.12329666150978e-10,9.94173481106338e-11
51.83,-4.91090723642174e-09,3.47371144349663e-10,-7.74495919454529e-10,9.59929495970198e-11
51.84,-4.78494666111828e-09,3.39831549460306e-10,-7.4453269751303e-10,9.23638360009628e-11
51.85,-4.66234961749024e-09,3.32548887634114e-10,-7.2228506145454e-10,8.86021546938001e-11
51.86,-4.54296245067098e-09,3.2544833597355e-10,-7.07284325742786e-10,8.47847432030909e-11
51.87,-4.42652403620514e-09,3.18461315315713e-10,-6.98785114974601e-10,8.0989346185657e-11
51.88,-4.31344293616576e-09,3.11527993730081e-10,-6.95815397013091e-10,7.72909156727125e-11
51.89,-4.20333634565395e-09,3.04599235902081e-10,-6.97234361001522e-10,7.37581959431471e-11
51.9,-4.09648759358561e-09,2.97637970990077e-10,-7.01790707169595e-10,7.04510238371755e-11
51.91,-3.99226873781799e-09,2.90619954608927e-10,-7.08185973459307e-10,6.74179879519608e-11
51.92,-3.89118248733666e-09,2.83533903536413e-10,-7.15134720506597e-10,6.46948398543436e-11
51.93,-3.79281406281962e-09,2.76381033538183e-10,-7.21424529305403e-10,6.23033913544504e-11
51.94,-3.69730646099242e-09,2.69174053714003e-10,-7.25964239076119e-10,6.02513691792241e-11
51.95,-3.60434881940819e-09,2.61935717685523e-10,-7.27826142477275e-10,5.85327921570373e-11
51.96,-3.51396600706266e-09,2.54697001632848e-10,-7.26278168465453e-10,5.71289716553908e-11
51.97,-3.42628858618355e-09,2.47495014946027e-10,-7.20806854569998e-10,5.6009983102628e-11
51.98,-3.34077210339956e-09,2.40370751632141e-10,-7.11126431890109e-10,5.51366292606071e-11
51.99,-3.25777538279226e-09,2.33366814200537e-10,-6.97177350952366e-10,5.44627833954649e-11
52,-3.1767504182767e-09,2.26525190845174e-10,-6.79117806603277e-10,5.39376981719654e-11
52.01,-3.09783754204318e-09,2.19885188498484e-10,-6.57302379228851e-10,5.35086137192754e-11
52.02,-3.02095237714184e-09,2.13481609408437e-10,-6.32255362669389e-10,5.31231366316547e-11
52.03,-2.94601409933648e-09,2.07343229997295e-10,-6.04637696332524e-10,5.27315738382153e-11
52.04,-2.87295343071037e-09,2.01491657568586e-10,-5.75206227427853e-10,5.22890462095412e-11
52.05,-2.80193113155747e-09,1.95940582550473e-10,-5.4477496928172e-10,5.17572009175262e-11
52.06,-2.73243649928645e-09,1.90695438250486e-10,-5.14172926427607e-10,5.1105561097614e-11
52.07,-2.66487365507828e-09,1.85753473889655e-10,-4.84204456042087e-10,5.03124780449728e-11
52.08,-2.59874344266109e-09,1.81104187238879e-10,-4.55615818378503e-10,4.93654406632625e-11
52.09,-2.53423770857353e-09,1.76730088704899e-10,-4.29062507846191e-10,4.82611783419297e-11
52.1,-2.47132181385723e-09,1.72607743221186e-10,-4.05086356211219e-10,4.70051456181413e-11
52.11,-2.40997266587328e-09,1.68709012628493e-10,-3.84096437212911e-10,4.56107716113706e-11
52.12,-2.35039276930138e-09,1.65002462028825e-10,-3.66356477114878e-10,4.40984021680211e-11
52.13,-2.29210694868698e-09,1.61454838151659e-10,-3.51980937517876e-10,4.24939513412296e-11
52.14,-2.23532481413713e-09,1.58032563947256e-10,-3.40936234861042e-10,4.08274362105459e-11
52.15,-2.1800268257266e-09,1.54703153791958e-10,-3.33053489504233e-10,3.91311996127371e-11
52.16,-2.12619433170858e-09,1.51436489401901e-10,-3.28042912402931e-10,3.74382992834675e-11
52.17,-2.07403338947643e-09,1.48205927795235e-10,-3.25512922863425e-10,3.57809771264122e-11
52.18,-2.02307059993245e-09,1.44989198006716e-10,-3.2499261316131e-10,3.41892130715148e-11
52.19,-1.97350669139951e-09,1.41769059320152e-10,-3.25956609978195e-10,3.26895215858832e-11
52.2,-1.9255406158436e-09,1.38533687356946e-10,-3.27854513815844e-10,3.13037706366045e-11
52.21,-1.87868920420442e-09,1.3527677883866e-10,-3.30135914577437e-10,3.00484556192921e-11
52.22,-1.83314519119904e-09,1.31997427951745e-10,-3.32273731005794e-10,2.89343303915468e-11
52.23,-1.78887216151224e-09,1.28699754387598e-10,-3.33788740877031e-10,2.79660833748224e-11
52.24,-1.745831923472e-09,1.25392317957507e-10,-3.34268199314769e-10,2.71424604917869e-11
52.25,-1.70421277090327e-09,1.22087372418499e-10,-3.33379907535325e-10,2.64566806500648e-11
52.26,-1.66351821206945e-09,1.18800002021832e-10,-3.30882060593998e-10,2.58970387032085e-11
52.27,-1.62393032354657e-09,1.15547191339059e-10,-3.26627603498909e-10,2.54477546591367e-11
52.28,-1.5854109136626e-09,1.1234685386388e-10,-3.20567986950141e-10,2.50897615166315e-11
52.29,-1.54791734985338e-09,1.09216862600005e-10,-3.12749364489503e-10,2.48017536440173e-11
52.3,-1.51163614958705e-09,1.06174147216002e-10,-3.03303935626293e-10,2.45613096471747e-11
52.31,-1.47607526201909e-09,1.03233894488305e-10,-2.92438382894537e-10,2.43459616500283e-11
52.32,-1.44142475733133e-09,1.00408884669904e-10,-2.80418942656933e-10,2.41342576164747e-11
52.33,-1.40765354927908e-09,9.77089687009036e-11,-2.67558432103922e-10,2.39065181738707e-11
52.34,-1.37473055161763e-09,9.51406926957355e-11,-2.54198675338321e-10,2.36456355601278e-11
52.35,-1.34285471631301e-09,9.2707108583116e-11,-2.4069275915297e-10,2.33377335521643e-11
52.36,-1.31154820337542e-09,9.040776246775e-11,-2.27386827764169e-10,2.29725959108377e-11
52.37,-1.28124710840893e-09,8.82388508261654e-11,-2.1460433031682e-10,2.25439764426534e-11
52.38,-1.25147536778059e-09,8.61935160870535e-11,-2.02634234053566e-10,2.20494977298161e-11
52.39,-1.22244703248953e-09,8.42622626259569e-11,-1.91718128798495e-10,2.14906135967978e-11
52.4,-1.19414877985946e-09,8.24334691565358e-11,-1.82044274886295e-10,2.08722120672236e-11
52.41,-1.16656817539251e-09,8.0693958199592e-11,-1.73740444370863e-10,2.02022105520887e-11
52.42,-1.13969544912607e-09,7.90296209831189e-11,-1.66871395060651e-10,1.94910477703758e-11
52.43,-1.11351727838382e-09,7.74260493719142e-11,-1.61438916234492e-10,1.87510552192176e-11
52.44,-1.08825837230597e-09,7.58691477199428e-11,-1.573853895605e-10,1.799576278183e-11
52.45,-1.06367803454077e-09,7.43456965474636e-11,-1.54599331390307e-10,1.72392151917736e-11
52.46,-1.039540897807e-09,7.28438626102282e-11,-1.52921523828138e-10,1.64953503818887e-11
52.47,-1.01606190128223e-09,7.13536131217575e-11,-1.52156671579168e-10,1.57772860677279e-11
52.48,-9.93231275003836e-10,6.98670055299376e-11,-1.52086322841563e-10,1.50966415432541e-11
52.49,-9.7103569629553e-10,6.83783607546963e-11,-1.52478984811274e-10,1.44631475341151e-11
52.5,-9.49460954302594e-10,6.68843403168213e-11,-1.5310024862558e-10,1.38843474762681e-11
52.51,-9.28493726348734e-10,6.53839148966699e-11,-1.53723600384486e-10,1.33653648709081e-11
52.52,-9.08342734362577e-10,6.38782321148922e-11,-1.54139922071353e-10,1.29087902924659e-11
52.53,-8.88536355603264e-10,6.23703928951423e-11,-1.54166077326832e-10,1.25147058965143e-11
52.54,-8.69513350210127e-10,6.08651664331794e-11,-1.53649602795428e-10,1.21808720845603e-11
52.55,-8.50798542728626e-10,5.93686351386646e-11,-1.52477230920531e-10,1.19028137725222e-11
52.56,-8.3260065508739e-10,5.78877989202578e-11,-1.50574940053232e-10,1.16742316270263e-11
52.57,-8.14901923718026e-10,5.64301599726106e-11,-1.47912249241266e-10,1.14872835593674e-11
52.58,-7.97682808695299e-10,5.5003298517789e-11,-1.44499416299933e-10,1.13330517435413e-11
52.59,-7.80923770093978e-10,5.36144826868942e-11,-1.40384157618703e-10,1.12020343222106e-11
52.6,-7.6483352984269e-10,5.22703158589868e-11,-1.35647585796861e-10,1.10846058993744e-11
52.61,-7.48945794271094e-10,5.0976436243075e-11,-1.30397774144186e-10,1.09714567929577e-11
52.62,-7.33471061664659e-10,4.97372888028071e-11,-1.24762096870333e-10,1.08540492455086e-11
52.63,-7.18396009347089e-10,4.85559584248445e-11,-1.18883094617109e-10,1.07248157398264e-11
52.64,-7.03932023782272e-10,4.74340563173213e-11,-1.12910667125748e-10,1.05774620236739e-11
52.65,-6.89615475835126e-10,4.63716950405995e-11,-1.06993351831437e-10,1.04072248512792e-11
52.66,-6.75662192861637e-10,4.5367547286632e-11,-1.01270531977301e-10,1.02110551633038e-11
52.67,-6.62065957612867e-10,4.44189574177514e-11,-9.5869363657646e-11,9.98751133679232e-12
52.68,-6.49043485623224e-10,4.35220903756673e-11,-9.089908962581e-11,9.73675237776499e-12
52.69,-6.36135588649722e-10,4.26721425638943e-11,-8.6445750000402e-11,9.46047941512254e-12
52.7,-6.23566087654126e-10,4.18635977137812e-11,-8.2568507131223e-11,9.16182829656979e-12
52.71,-6.11324324495399e-10,4.10904876529183e-11,-7.93011935825361e-11,8.84499950346151e-12
52.72,-5.99635008313726e-10,4.03466501883759e-11,-7.66513317792447e-11,8.5150242930527e-12
52.73,-5.88038950866121e-10,3.96259906760239e-11,-7.46004790657627e-11,8.17753043456357e-12
52.74,-5.76759084935929e-10,3.89227392130207e-11,-7.31052058267553e-11,7.83850960742311e-12
52.75,-5.65790969631053e-10,3.82316701289022e-11,-7.21030155561501e-11,7.50387997769327e-12
52.76,-5.55356649556416e-10,3.75482700930432e-11,-7.1515910943378e-11,7.17923531195892e-12
52.77,-5.44994271933774e-10,3.68688759454202e-11,-7.12535757248683e-11,6.86965628247184e-12
52.78,-5.34928545903313e-10,3.61907809503728e-11,-7.12168245051423e-11,6.57956808406802e-12
52.79,-5.25152366037673e-10,3.55122819664306e-11,-7.13055569070353e-11,6.31242711472366e-12
52.8,-5.15884224228103e-10,3.4832661695207e-11,-7.14225723577553e-11,6.07063879728441e-12
52.81,-5.06663155874776e-10,3.41521434894522e-11,-7.14770307817577e-11,5.85555219303159e-12
52.82,-4.97709429225779e-10,3.34718169915324e-11,-7.13863065272056e-11,5.66751985305243e-12
52.83,-4.89016827032174e-10,3.27935196583e-11,-7.10826953868371e-11,5.50578857885876e-12
52.84,-4.80801176649948e-10,3.21196759569641e-11,-7.05147980939299e-11,5.3686215802711e-12
52.85,-4.72597960765597e-10,3.14531342229522e-11,-6.96477779403982e-11,5.2534732200099e-12
52.86,-4.64629223984048e-10,3.07970036836465e-11,-6.84627394460513e-11,5.15721434970443e-12
52.87,-4.56885196342682e-10,3.01544819156347e-11,-6.69593766392627e-11,5.0761596532783e-12
52.88,-4.49585257911167e-10,2.95286719789163e-11,-6.51546461489346e-11,5.00628751014264e-12
52.89,-4.42266667732838e-10,2.89224256160677e-11,-6.30797228091229e-11,4.94348744320676e-12
52.9,-4.35147917698941e-10,2.83382252592386e-11,-6.07761988594089e-11,4.88381418967994e-12
52.91,-4.28224566917379e-10,2.77780736275352e-11,-5.82969357305717e-11,4.82351297083549e-12
52.92,-4.21715995457816e-10,2.72434022200209e-11,-5.57020714883993e-11,4.75919556396583e-12
52.93,-4.1516035054201e-10,2.67350187967834e-11,-5.30549098877757e-11,4.68802482861229e-12
52.94,-4.08781453131724e-10,2.62531036286662e-11,-5.04175866012455e-11,4.60787218768836e-12
52.95,-4.02573974156439e-10,2.57972229568019e-11,-4.78508001820239e-11,4.51722772921084e-12
52.96,-3.96760846399502e-10,2.5366354976465e-11,-4.54110907186046e-11,4.41525376671082e-12
52.97,-3.90881993439507e-10,2.4958952901779e-11,-4.31471967293755e-11,4.30183685527616e-12
52.98,-3.85165677130317e-10,2.45730430559753e-11,-4.10966413164477e-11,4.17761010559402e-12
52.99,-3.79604792044574e-10,2.42063284443063e-11,-3.92878622252302e-11,4.04373609936549e-12
53,-3.74426711857723e-10,2.38562829096288e-11,-3.77388493809914e-11,3.90184538183193e-12
53.01,-3.69174024683616e-10,2.35202641159134e-11,-3.64558747509039e-11,3.75398828344943e-12
53.02,-3.64071439662439e-10,2.31956400999249e-11,-3.5432054273842e-11,3.60257312609378e-12
53.03,-3.59113627723673e-10,2.28798984013253e-11,-3.46518079434886e-11,3.45009640731174e-12
53.04,-3.5453151525644e-10,2.25707271003853e-11,-3.40913415599674e-11,3.29904324670866e-12
53.05,-3.49863249482496e-10,2.22660955632401e-11,-3.37191798835038e-11,3.15182320358357e-12
53.06,-3.45336204077284e-10,2.19643303827308e-11,-3.34964358757982e-11,3.01073122147937e-12
53.07,-3.40946826327126e-10,2.16641624652335e-11,-3.33820335668267e-11,2.87770179873601e-12
53.08,-3.36918937193786e-10,2.1364738277788e-11,-3.33340922572828e-11,2.75426453191017e-12
53.09,-3.32796012969538e-10,2.10656218277553e-11,-3.33110944024531e-11,2.64154402341871e-12
53.1,-3.28800986437727e-10,2.0766793348992e-11,-3.32716956184774e-11,2.5402982148341e-12
53.11,-3.24932081241514e-10,2.04686178932303e-11,-3.31803730202498e-11,2.45075673048581e-12
53.12,-3.21409565628983e-10,2.01717825475008e-11,-3.30073869862327e-11,2.37266791187995e-12
53.13,-3.17777804070829e-10,1.98772381066498e-11,-3.27292491131065e-11,2.30538028234107e-12
53.14,-3.14258841171977e-10,1.95861424050524e-11,-3.23277040828182e-11,2.24796039342952e-12
53.15,-3.10850012397168e-10,1.92997890380601e-11,-3.17932335744589e-11,2.19910924399152e-12
53.16,-3.07773362351327e-10,1.90195184409959e-11,-3.11248951538483e-11,2.15726054038438e-12
53.17,-3.04571479148308e-10,1.87466441409592e-11,-3.03282351002021e-11,2.12071934313486e-12
53.18,-3.01468183749876e-10,1.84823977510112e-11,-2.94132780158643e-11,2.08780949047385e-12
53.19,-2.98459923442351e-10,1.82278733588713e-11,-2.83973101165514e-11,2.05680422398426e-12
53.2,-2.95770519187499e-10,1.79839620170277e-11,-2.73025353441362e-11,2.02602860393232e-12
53.21,-2.92941670920754e-10,1.77513148101445e-11,-2.61540324655511e-11,1.99398705487402e-12
53.22,-2.90198087782301e-10,1.7530331197413e-11,-2.49769224938121e-11,1.959479902684e-12
53.23,-2.87538881593719e-10,1.73211495171264e-11,-2.37983986914895e-11,1.9214978447142e-12
53.24,-2.85186985138353e-10,1.71236343943109e-11,-2.26453428942442e-11,1.87928292086576e-12
53.25,-2.82686762886897e-10,1.69373926252621e-11,-2.1542442214832e-11,1.83239642774714e-12
53.26,-2.80263812157955e-10,1.67618085652686e-11,-2.05097863428643e-11,1.78078329261104e-12
53.27,-2.77915468416268e-10,1.6596080984715e-11,-1.95650421689375e-11,1.72461296695162e-12
53.28,-2.75868217158859e-10,1.6439250297683e-11,-1.8722163828899e-11,1.66427543223458e-12
53.29,-2.73667311034842e-10,1.6290242009169e-11,-1.79903320297421e-11,1.60040798094819e-12
53.3,-2.71534794649142e-10,1.61479300419737e-11,-1.73716344502682e-11,1.53391431415078e-12
53.31,-2.69471556180179e-10,1.60111869454719e-11,-1.6864974697223e-11,1.46576066056302e-12
53.32,-2.67481148341631e-10,1.58789132049631e-11,-1.64657442357494e-11,1.39695557305041e-12
53.33,-2.65785615738423e-10,1.57500815333556e-11,-1.61650154688104e-11,1.32854533530207e-12
53.34,-2.6393021101967e-10,1.56237726354668e-11,-1.59501304042748e-11,1.26156960761781e-12
53.35,-2.62139643325554e-10,1.54992194182773e-11,-1.58040711688629e-11,1.19707470941456e-12
53.36,-2.606403981531e-10,1.53758279718803e-11,-1.57097261265933e-11,1.13592586305954e-12
53.37,-2.58977728151422e-10,1.52531782943359e-11,-1.56492442643574e-11,1.07880690541949e-12
53.38,-2.57376342460702e-10,1.51310392004416e-11,-1.56031091810249e-11,1.02630587200647e-12
53.39,-2.55835352902523e-10,1.50093624765246e-11,-1.55543936827801e-11,9.78754027530948e-13
53.4,-2.54352094941623e-10,1.48882586660474e-11,-1.54879785300523e-11,9.36252916870347e-13
53.41,-2.53153942253448e-10,1.47679771894398e-11,-1.53911190812561e-11,8.98719528625833e-13
53.42,-2.51783482951851e-10,1.46488818812474e-11,-1.52531577353946e-11,8.65913517273961e-13
53.43,-2.50465426177016e-10,1.45314376687391e-11,-1.50647302930141e-11,8.37514141567043e-13
53.44,-2.49427145604386e-10,1.44161791718384e-11,-1.4821099426287e-11,8.12997046825608e-13
53.45,-2.48210341169397e-10,1.43036670114101e-11,-1.45210124531215e-11,7.91702202566839e-13
53.46,-2.47042386547491e-10,1.41944669700803e-11,-1.41645977947826e-11,7.729815003944e-13
53.47,-2.4592061720341e-10,1.40891210725696e-11,-1.37563688054595e-11,7.56082703437794e-13
53.48,-2.45069742277337e-10,1.3988108880499e-11,-1.33038147891205e-11,7.4021700043522e-13
53.49,-2.44035902596806e-10,1.38918219025887e-11,-1.28163451880579e-11,7.2464446544924e-13
53.5,-2.43042919123582e-10,1.38005605971941e-11,-1.23028826398721e-11,7.08772988372059e-13
53.51,-2.42091680036083e-10,1.37145251770531e-11,-1.17747437421661e-11,6.92030730914574e-13
53.52,-2.41406006296074e-10,1.36337936060487e-11,-1.12442867274785e-11,6.73916143846926e-13
53.53,-2.40532038731089e-10,1.35583227274467e-11,-1.07234301866046e-11,6.54067824933586e-13
53.54,-2.39694486481312e-10,1.3487964297115e-11,-1.02214561383736e-11,6.32335235144827e-13
53.55,-2.38894237725162e-10,1.34224758983956e-11,-9.74802782342455e-12,6.08635112952246e-13
53.56,-2.38355113424404e-10,1.33615231779845e-11,-9.31196449457216e-12,5.82970047309519e-13
53.57,-2.3762680712025e-10,1.33046944013785e-11,-8.91965457666339e-12,5.55482064900456e-13
53.58,-2.36931363417625e-10,1.32515330513971e-11,-8.57405907072398e-12,5.26491686244984e-13
53.59,-2.36269670494949e-10,1.32015613648797e-11,-8.27722074155954e-12,4.96341495786394e-13
53.6,-2.35639951995381e-10,1.315428601499e-11,-8.02979020714167e-12,4.65397920447812e-13
53.61,-2.35269581594366e-10,1.31092177295913e-11,-7.83058919125508e-12,4.34076986492203e-13
53.62,-2.34703811941017e-10,1.30658903423924e-11,-7.67625667778039e-12,4.0283273055935e-13
53.63,-2.34170016710777e-10,1.30238920381004e-11,-7.55976867395581e-12,3.72190886460055e-13
53.64,-2.33893793222251e-10,1.2982879275238e-11,-7.47496454590796e-12,3.42584083470307e-13
53.65,-2.3342128230297e-10,1.29425727269603e-11,-7.41478569951421e-12,3.14368791228985e-13
53.66,-2.3297808127154e-10,1.29027747409277e-11,-7.37012352206501e-12,2.87920454980286e-13
53.67,-2.3256330194954e-10,1.28633748172805e-11,-7.33334251487674e-12,2.63473370653807e-13
53.68,-2.3217694433697e-10,1.28243312337486e-11,-7.29761446093299e-12,2.4114725620913e-13
53.69,-2.32047270287694e-10,1.27856681887809e-11,-7.2568054271398e-12,2.2098771513383e-13
53.7,-2.31486829704863e-10,1.27474667346444e-11,-7.20526553990917e-12,2.02978615274232e-13
53.71,-2.3140867000393e-10,1.27098701637592e-11,-7.13685723026258e-12,1.8710037953004e-13
53.72,-2.31354491120328e-10,1.26730606511721e-11,-7.04946460159748e-12,1.73130447487116e-13
53.73,-2.31097807557035e-10,1.26372453293913e-11,-6.93958004112494e-12,1.60904217387434e-13
53.74,-2.30865104811073e-10,1.26026694860673e-11,-6.80396882224486e-12,1.50253684795507e-13
53.75,-2.30654606525604e-10,1.25695897666741e-11,-6.64315731948093e-12,1.40868509606569e-13
53.76,-2.30466312700628e-10,1.25382463456303e-11,-6.45945262504845e-12,1.32375331747936e-13
53.77,-2.30298446979305e-10,1.2508848880503e-11,-6.25651085505577e-12,1.2441131200753e-13
53.78,-2.30152785718474e-10,1.24815672533699e-11,-6.03860617360687e-12,1.16634824276636e-13
53.79,-2.30024888026037e-10,1.24565245519562e-11,-5.81055708201141e-12,1.08744939738518e-13
53.8,-2.30144792112696e-10,1.24333047029281e-11,-5.90383015862388e-12,9.61469813368251e-14
53.81,-2.30291341551947e-10,1.24010805051273e-11,-7.19711618147794e-12,5.25217142223533e-14
53.82,-2.30241603560444e-10,1.23570007062291e-11,-8.30038472014579e-12,2.57915353760782e-14
53.83,-2.30224728170469e-10,1.23028370284835e-11,-9.22648934263449e-12,1.30123558295978e-14
53.84,-2.30237162668345e-10,1.2240540837682e-11,-9.9429661940029e-12,1.37800709877082e-14
53.85,-2.30273577983553e-10,1.21723594066514e-11,-1.04239613390275e-11,2.74207597485484e-14
53.86,-2.30334862294512e-10,1.21007318101395e-11,-1.06558583448421e-11,5.25808604579532e-14
53.87,-2.30645724741407e-10,1.20281664752801e-11,-1.06371790146488e-11,8.73502385773043e-14
53.88,-2.30747865259673e-10,1.19571282591623e-11,-1.037691663978e-11,1.29432925993112e-13
53.89,-2.31095143021776e-10,1.18909212095064e-11,-9.40493283891969e-12,1.85033663112917e-13
53.9,-2.31219488000534e-10,1.18430195808754e-11,-7.21825909415804e-12,2.67094921017676e-13
53.91,-2.31342944800872e-10,1.18168219473193e-11,-5.06012308792015e-12,3.31644681638604e-13
53.92,-2.31463737065951e-10,1.18119229518186e-11,-2.9655905017278e-12,3.78947533503188e-13
53.93,-2.31581864795771e-10,1.18272383219708e-11,-1.01603593997201e-12,4.07108520294818e-13
53.94,-2.32152075341219e-10,1.18608958072339e-11,7.1375208668958e-13,4.14996625507745e-13
53.95,-2.32268426714199e-10,1.19103534390708e-11,2.1636444285349e-12,4.02676845573702e-13
53.96,-2.31929142557874e-10,1.19725755618725e-11,3.29311536553335e-12,3.71434606696005e-13
53.97,-2.32500241281741e-10,1.20441935129642e-11,4.07398928554621e-12,3.23303852004916e-13
53.98,-2.3262192172524e-10,1.21216205586554e-11,4.49059897904017e-12,2.60835556274188e-13
53.99,-2.32749819417677e-10,1.22012400172118e-11,4.55086783105135e-12,1.87433580682608e-13
54,-2.3288748707273e-10,1.22795972948399e-11,4.27622227578789e-12,1.06795038004627e-13
54.01,-2.3303758922566e-10,1.23535198510116e-11,3.70071284618725e-12,2.2674906828386e-14
54.02,-2.33201014054885e-10,1.24192642606596e-11,2.38223729165912e-12,-6.9883345536105e-14
54.03,-2.333910842367e-10,1.24631914656138e-11,-1.55535321100104e-13,-1.82950315902603e-13
54.04,-2.34066099835673e-10,1.24820028084559e-11,-2.64295152610521e-12,-2.71971840769462e-13
54.05,-2.33861818799141e-10,1.24764481840086e-11,-5.02236054426508e-12,-3.37013070070664e-13
54.06,-2.34599006887493e-10,1.24481794372782e-11,-7.19073308015512e-12,-3.76195718975405e-13
54.07,-2.34908092977548e-10,1.23997981375116e-11,-9.06193863272698e-12,-3.88956911243874e-13
54.08,-2.35244712598615e-10,1.23346866882962e-11,-1.0563377413299e-11,-3.75950663183708e-13
54.09,-2.35605313037013e-10,1.22568394448444e-11,-1.16447100176266e-11,-3.39149883704506e-13
54.1,-2.35984565222225e-10,1.21706275951351e-11,-1.22783545462297e-11,-2.8167701588284e-13
54.11,-2.36832775613038e-10,1.20805780433384e-11,-1.2458343867495e-11,-2.07470368998567e-13
54.12,-2.36786590335214e-10,1.1991166130496e-11,-1.21985004171514e-11,-1.21021669395943e-13
54.13,-2.3765789336494e-10,1.19066403061569e-11,-1.15289102708383e-11,-2.70122631109883e-14
54.14,-2.38079778114297e-10,1.18308227689307e-11,-1.05022858635289e-11,6.95378816392577e-14
54.15,-2.38504327398914e-10,1.17671183899217e-11,-9.01593855401828e-12,1.63819238942769e-13
54.16,-2.38920883077753e-10,1.17280737308642e-11,-5.92325564223707e-12,2.88536816113499e-13
54.17,-2.39321451545038e-10,1.17197354779896e-11,-2.87929831785296e-12,3.85215448356006e-13
54.18,-2.39706920979188e-10,1.17412802251321e-11,4.71350351908107e-14,4.53794408667449e-13
54.19,-2.40075515023364e-10,1.17908979436604e-11,2.74015054876038e-12,4.92365674441739e-13
54.2,-2.4088464556371e-10,1.18656571138017e-11,5.09363160058478e-12,5.00062621521983e-13
54.21,-2.40770070547569e-10,1.19616807253178e-11,7.02367344564924e-12,4.7765560692424e-13
54.22,-2.41555220270584e-10,1.20743972029849e-11,8.47246425108979e-12,4.27532363961131e-13
54.23,-2.41881181750614e-10,1.21987633048186e-11,9.40130888058771e-12,3.53050460207001e-13
54.24,-2.42203590516965e-10,1.23295045067892e-11,9.80127195493809e-12,2.58758952034677e-13
54.25,-2.42528663818575e-10,1.24613932274469e-11,9.68625673922282e-12,1.49850897637461e-13
54.26,-2.42858178012284e-10,1.25894538399585e-11,9.09110988262267e-12,3.18417318263658e-14
54.27,-2.43652209519496e-10,1.27091695113956e-11,8.07022498123095e-12,-8.96363994568337e-14
54.28,-2.4355273353649e-10,1.28094683501256e-11,5.27772969725878e-12,-2.39817658057785e-13
54.29,-2.44389397607847e-10,1.28796816582594e-11,2.24310501019972e-12,-3.74202587729174e-13
54.3,-2.44802400573008e-10,1.29194540441904e-11,-7.94624427534516e-13,-4.81892786523631e-13
54.31,-2.45245601604438e-10,1.29294156739923e-11,-3.70948922246221e-12,-5.59900526669536e-13
54.32,-2.45717224345299e-10,1.2911497531773e-11,-6.37611353858007e-12,-6.05907338880132e-13
54.33,-2.4621726879559e-10,1.28687850857902e-11,-8.68795172865983e-12,-6.1937071230788e-13
54.34,-2.47196041414099e-10,1.28053120245295e-11,-1.05602235580639e-11,-6.0141079909233e-13
54.35,-2.47285747434489e-10,1.27258265132465e-11,-1.1932191889706e-11,-5.5460157737596e-13
54.36,-2.48303599903466e-10,1.26355644640454e-11,-1.27656206641214e-11,-4.82616628838004e-13
54.37,-2.48878251341011e-10,1.2539970590717e-11,-1.30540787754538e-11,-3.90376652265632e-13
54.38,-2.49010589925547e-10,1.24444335542339e-11,-1.2811416639583e-11,-2.83269275422817e-13
54.39,-2.50055087747114e-10,1.23540752660768e-11,-1.20762987360684e-11,-1.67113945356442e-13
54.4,-2.50643061860956e-10,1.2273487311244e-11,-1.09117566092407e-11,-4.80126018168252e-14
54.41,-2.51229259617958e-10,1.22065712899109e-11,-9.39054119363627e-12,6.84438040357818e-14
54.42,-2.51807463769183e-10,1.21580578300223e-11,-6.95119285317377e-12,1.89892837842813e-13
54.43,-2.5282176352448e-10,1.21417063766185e-11,-3.49777270376179e-12,3.17118418485115e-13
54.44,-2.52904364117512e-10,1.21593263308999e-11,-1.54162387710467e-13,4.11379289312911e-13
54.45,-2.53417731244099e-10,1.22093835558193e-11,2.98804068928547e-12,4.72467868455663e-13
54.46,-2.54365417617919e-10,1.22891457119156e-11,5.79957543052961e-12,4.98810316418705e-13
54.47,-2.54838816715619e-10,1.23946838819579e-11,8.17204023024826e-12,4.90440135166624e-13
54.48,-2.54840593072458e-10,1.25211612870948e-11,1.00284797807318e-11,4.49389341053905e-13
54.49,-2.55738541454775e-10,1.26631065637817e-11,1.13156057763914e-11,3.79054248604352e-13
54.5,-2.56173748880428e-10,1.28146413311994e-11,1.20041892646314e-11,2.83855030258852e-13
54.51,-2.56603627235563e-10,1.29697819035874e-11,1.20993982196554e-11,1.69439647337004e-13
54.52,-2.57034393769118e-10,1.3122744302247e-11,1.16316288976478e-11,4.20041208461877e-14
54.53,-2.57926124902497e-10,1.32681680593055e-11,1.06532100487961e-11,-9.20792248329887e-14
54.54,-2.57919019475139e-10,1.33968256225873e-11,8.1220047210528e-12,-2.50620614247874e-13
54.55,-2.5839153039442e-10,1.34946829237386e-11,4.93374937131375e-12,-4.04747286405173e-13
54.56,-2.59345434017177e-10,1.35602147808681e-11,1.67603435130936e-12,-5.32123097447514e-13
54.57,-2.59420041004432e-10,1.35933424529997e-11,-1.52829080794085e-12,-6.29620000917426e-13
54.58,-2.60430788046051e-10,1.35953965592608e-11,-4.5358184136678e-12,-6.93872489484359e-13
54.59,-2.61013433089374e-10,1.35690356558751e-11,-7.22455507510918e-12,-7.23510325970614e-13
54.6,-2.62078359014595e-10,1.35180437432704e-11,-9.48889197440426e-12,-7.18794463285707e-13
54.61,-2.62253330163276e-10,1.34471279261411e-11,-1.12486882991485e-11,-6.81689971886066e-13
54.62,-2.62901700409657e-10,1.33616584650943e-11,-1.24492840520198e-11,-6.15562601797448e-13
54.63,-2.640172525048e-10,1.32673651432097e-11,-1.30705100997706e-11,-5.25234650171411e-13
54.64,-2.64231303503948e-10,1.31700327356974e-11,-1.31170689283223e-11,-4.16311440678841e-13
54.65,-2.65358401918547e-10,1.30752849426754e-11,-1.26150932590848e-11,-2.94717333729661e-13
54.66,-2.6603164116068e-10,1.29883241275266e-11,-1.16196902062595e-11,-1.6687693628421e-13
54.67,-2.67155186861601e-10,1.29137136098697e-11,-1.02002234567009e-11,-3.89284038064872e-14
54.68,-2.6736302061181e-10,1.28552357716232e-11,-8.44199701482473e-12,8.33218081986847e-14
54.69,-2.68467914565917e-10,1.28191576026025e-11,-5.47837516583242e-12,2.15282532233246e-13
54.7,-2.69093192173386e-10,1.28182956960549e-11,-1.89219034959541e-12,3.38542199712594e-13
54.71,-2.69238853434217e-10,1.28525438202841e-11,1.54772601791138e-12,4.26867859143756e-13
54.72,-2.7026825222265e-10,1.29198852843952e-11,4.72949620861663e-12,4.79572287883977e-13
54.73,-2.70818922842864e-10,1.30170052860788e-11,7.52258272321937e-12,4.95510530961601e-13
54.74,-2.70892641651699e-10,1.31394330934408e-11,9.82577740020967e-12,4.75549686040122e-13
54.75,-2.71858091593913e-10,1.3281837783892e-11,1.15639925678088e-11,4.22264186634061e-13
54.76,-2.72811107038251e-10,1.34382679863377e-11,1.26870595982677e-11,3.3951308555205e-13
54.77,-2.7284396963978e-10,1.36024696297183e-11,1.31818332286334e-11,2.32661057999447e-13
54.78,-2.73328915056936e-10,1.3768235913344e-11,1.30655943563109e-11,1.08005005253504e-13
54.79,-2.7426683146814e-10,1.39296378357855e-11,1.23743679340876e-11,-2.8042843176329e-14
54.8,-2.74755329598975e-10,1.40810776668686e-11,1.10061281288634e-11,-1.68667320325923e-13
54.81,-2.74806843947317e-10,1.42079083155979e-11,7.82847389380011e-12,-3.44154412440007e-13
54.82,-2.75793610171604e-10,1.43021467871308e-11,4.51399451860524e-12,-4.93762756450394e-13
54.83,-2.76352274397595e-10,1.43628674020484e-11,1.15198675363979e-12,-6.15389434086496e-13
54.84,-2.76939360333017e-10,1.43904045088961e-11,-2.1084166124111e-12,-7.0488998569656e-13
54.85,-2.7755309162103e-10,1.43865674512044e-11,-5.12543807570441e-12,-7.594098778535e-13
54.86,-2.78193468261634e-10,1.43544752330668e-11,-7.77780258292672e-12,-7.78095099821542e-13
54.87,-2.79311684892036e-10,1.42983352546976e-11,-9.96709206710143e-12,-7.61917682890897e-13
54.88,-2.7953905856748e-10,1.42231989304978e-11,-1.16206155581842e-11,-7.13465111965061e-13
54.89,-2.8069280233467e-10,1.41347120544053e-11,-1.26905327454875e-11,-6.36582418229919e-13
54.9,-2.80946821362704e-10,1.40388100981835e-11,-1.31633258379676e-11,-5.36495368479769e-13
54.91,-2.82116552341449e-10,1.39414283601627e-11,-1.3049177889065e-11,-4.19030537845829e-13
54.92,-2.82830647790888e-10,1.38482387026575e-11,-1.23880448487646e-11,-2.90652438103344e-13
54.93,-2.83544743240327e-10,1.37644071291709e-11,-1.12375992621747e-11,-1.57755013098822e-13
54.94,-2.84251733262408e-10,1.36944156205168e-11,-9.67557036864344e-12,-2.66081352018258e-14
54.95,-2.84949841500293e-10,1.36418752613788e-11,-7.79545418642583e-12,9.68867962844874e-14
54.96,-2.86086709877509e-10,1.36151817282329e-11,-4.43282060874124e-12,2.35075745962015e-13
54.97,-2.86287438200361e-10,1.36249353020356e-11,-8.19743352531587e-13,3.52450044284564e-13
54.98,-2.87371015872395e-10,1.36699516488646e-11,2.62190070804292e-12,4.34229580849688e-13
54.99,-2.87973200840952e-10,1.37478515974427e-11,5.76471884712918e-12,4.79212297269913e-13
55,-2.88550516813757e-10,1.38549605789408e-11,8.48764539936774e-12,4.869332691094e-13
