Time,e_y,e_yaw,e_yawrate,e_beta
0,-7.57870211032241e-09,4.06005699178523e-10,0,0
0.01,-7.64067653591383e-09,4.10902022527653e-10,5.76002757302694e-10,-6.23842525808828e-11
0.02,-7.81385356418696e-09,4.14898957604267e-10,9.80968776739813e-10,-2.04815538976117e-10
0.03,-8.08301336974182e-09,4.16825321811944e-10,1.4050416895702e-09,-4.02098107123625e-10
0.04,-8.411068286307e-09,4.18075232328336e-10,1.88780566455371e-09,-6.27202712810042e-10
0.05,-8.76030359364677e-09,4.19506966405466e-10,2.39743998095047e-09,-8.60590949991955e-10
0.06,-9.08001762667254e-09,4.22895720643815e-10,2.8938754503658e-09,-1.0885966649994e-09
0.07,-9.33829458205082e-09,4.28884486119169e-10,3.34166156177204e-09,-1.30156624870229e-09
0.08,-9.50745526751007e-09,4.37408603300119e-10,3.71167105823826e-09,-1.49291294202831e-09
0.09,-9.57030010795279e-09,4.4944341935809e-10,3.98234048908014e-09,-1.65833291130582e-09
0.1,-9.51695255935192e-09,4.63747789076881e-10,4.13826422609306e-09,-1.79531650387806e-09
0.11,-9.35439992133524e-09,4.80720185471598e-10,4.16904622349133e-09,-1.90278779371525e-09
0.12,-9.08734687499191e-09,4.98391854422113e-10,4.07024355346148e-09,-1.98065162428064e-09
0.13,-8.73850236615681e-09,5.16932883433056e-10,3.84273309473982e-09,-2.02957408114622e-09
0.14,-8.32216162649502e-09,5.33855223530776e-10,3.49337286453518e-09,-2.0506945568437e-09
0.15,-7.86704568156438e-09,5.49421077759814e-10,3.03398308011444e-09,-2.04554461674698e-09
0.16,-7.39020133977419e-09,5.61085934525901e-10,2.48158039087497e-09,-2.01586036271199e-09
0.17,-6.91855817080977e-09,5.69359755256089e-10,1.85651476127636e-09,-1.96361437489796e-09
0.18,-6.46681463933874e-09,5.71870525714189e-10,1.1824361692063e-09,-1.89087301679329e-09
0.19,-6.05394578911955e-09,5.69677789061634e-10,4.84057087225155e-10,-1.7998757493046e-09
0.2,-5.68869662487259e-09,5.60897387073595e-10,-2.1297006213258e-10,-1.69290519294124e-09
0.21,-5.3784585674066e-09,5.47356421293374e-10,-8.84628422845459e-10,-1.5724033845279e-09
0.22,-5.1239226195321e-09,5.27723377227353e-10,-1.5084718444946e-09,-1.44083081897002e-09
0.23,-4.92312057787103e-09,5.04377079702605e-10,-2.06620662648634e-09,-1.30079755392296e-09
0.24,-4.77079886707088e-09,4.76449385273761e-10,-2.54284516792114e-09,-1.15487714636737e-09
0.25,-4.65912819436198e-09,4.46598609608683e-10,-2.92878708853389e-09,-1.00572323009032e-09
0.26,-4.57972237910553e-09,4.14186420795727e-10,-3.21826212370945e-09,-8.55858234035174e-10
0.27,-4.52270043638237e-09,3.81920150642764e-10,-3.41083634063773e-09,-7.07779094135888e-10
0.28,-4.47932446689947e-09,3.49153408663163e-10,-3.50935174334713e-09,-5.63743279529278e-10
0.29,-4.44041781122451e-09,3.18420244238551e-10,-3.52101148811483e-09,-4.25877380972783e-10
0.3,-4.39936975737965e-09,2.88933367642734e-10,-3.45503277051286e-09,-2.95975543378056e-10
0.31,-4.34941060944993e-09,2.62829595401649e-10,-3.32353110554042e-09,-1.75622249952048e-10
0.32,-4.28729673984662e-09,2.3916429150415e-10,-3.13909161753343e-09,-6.60124883125409e-11
0.33,-4.20900736486374e-09,2.19568119450309e-10,-2.9155436864817e-09,3.19095727859634e-11
0.34,-4.11531253519115e-09,2.02887168886303e-10,-2.66534915086492e-09,1.17623014932365e-10
0.35,-4.00372091036161e-09,1.90309929546275e-10,-2.4021529838565e-09,1.90794943712079e-10
0.36,-3.87931198275737e-09,1.80532970571474e-10,-2.1369581572604e-09,2.51492491747194e-10
0.37,-3.73945496789929e-09,1.74502486639606e-10,-1.86216621518476e-09,3.01287746111077e-10
0.38,-3.58672291866924e-09,1.71326226615467e-10,-1.62512493234528e-09,3.398779357545e-10
0.39,-3.42906236738827e-09,1.69888837498514e-10,-1.41344356123e-09,3.68948143047008e-10
0.4,-3.26239746328838e-09,1.70670959021885e-10,-1.22706960113106e-09,3.89806461023509e-10
0.41,-3.09903569473136e-09,1.7229827186419e-10,-1.06700397076231e-09,4.02816313210688e-10
0.42,-2.93186896982434e-09,1.75101758852017e-10,-9.35227662387842e-10,4.0810974833439e-10
0.43,-2.77354583744227e-09,1.77939866125305e-10,-8.31511674960005e-10,4.06102691957278e-10
0.44,-2.61381671862182e-09,1.81050732852375e-10,-7.54344007648792e-10,3.97413279655384e-10
0.45,-2.46564990646903e-09,1.83581450078475e-10,-7.00137343391785e-10,3.82896038105827e-10
0.46,-2.31634622593901e-09,1.85744493213995e-10,-6.65241805989539e-10,3.63418802308905e-10
0.47,-2.17909335020749e-09,1.86992027036265e-10,-6.45323231404436e-10,3.39905846393385e-10
0.48,-2.03958627764678e-09,1.87454854629148e-10,-6.36912741028912e-10,3.13186593034019e-10
0.49,-1.91135818283783e-09,1.86895774042467e-10,-6.36400637091418e-10,2.84086891340025e-10
0.5,-1.77920167487855e-09,1.85386326181654e-10,-6.41165712258024e-10,2.53322140089328e-10
0.51,-1.6572583305674e-09,1.82929576971382e-10,-6.48597404265585e-10,2.21587091497675e-10
0.52,-1.52998325120279e-09,1.79526470938004e-10,-6.57012477266588e-10,1.89468660034557e-10
0.53,-1.41240796835973e-09,1.75306036672304e-10,-6.647661795567e-10,1.57527070802127e-10
0.54,-1.28891031181411e-09,1.70220610929464e-10,-6.70984290821652e-10,1.26223964547868e-10
0.55,-1.17533360821653e-09,1.6454054409886e-10,-6.74741897115143e-10,9.59967090345619e-11
0.56,-1.05613118250858e-09,1.58139875430933e-10,-6.75763158517875e-10,6.71900633301559e-11
0.57,-9.47858680433455e-10,1.51320296982712e-10,-6.73663694267544e-10,4.01240736402828e-11
0.58,-8.34921465298066e-10,1.43927356567462e-10,-6.68798769822343e-10,1.50283614857233e-11
0.59,-7.34364569154877e-10,1.36293573711641e-10,-6.61083865983352e-10,-7.88375328712682e-12
0.6,-6.30389074274262e-10,1.28228853192918e-10,-6.50239571174159e-10,-2.8446055164761e-11
0.61,-5.40354427869261e-10,1.20084093782252e-10,-6.36184984455471e-10,-4.65347914889755e-11
0.62,-4.48020287535655e-10,1.1167009947716e-10,-6.19142794258875e-10,-6.20982447458655e-11
0.63,-3.70490305101612e-10,1.03325103018871e-10,-5.95187361670423e-10,-7.47163575069489e-11
0.64,-2.91280777275915e-10,9.48321195940236e-11,-5.75164378363461e-10,-8.48850215286904e-11
0.65,-2.27635688077044e-10,8.65066184346066e-11,-5.51621932505205e-10,-9.22789361603123e-11
0.66,-1.62680535709114e-10,7.81382453220421e-11,-5.2316332169057e-10,-9.69834822430633e-11
0.67,-1.04709130255287e-10,6.99386909907262e-11,-4.90436819147505e-10,-9.92317535014437e-11
0.68,-6.21209750306662e-11,6.2048976795383e-11,-4.54408589236921e-10,-9.93291669700439e-11
0.69,-1.7255530337934e-11,5.43433602215095e-11,-4.1564873200047e-10,-9.74224545890727e-11
0.7,1.35331745809708e-11,4.70515693634699e-11,-3.7495556454324e-10,-9.37671899953104e-11
0.71,4.77982098345819e-11,4.00129340160089e-11,-3.34027516378831e-10,-8.86003826514487e-11
0.72,6.96545043865626e-11,3.34584403147864e-11,-2.92566882064442e-10,-8.21952217795419e-11
0.73,9.62936397286285e-11,2.71813331560628e-11,-2.50457600847382e-10,-7.4867361472891e-11
0.74,1.12326148382635e-10,2.14588354027718e-11,-2.0745850321194e-10,-6.6883762020883e-11
0.75,1.34316557875991e-10,1.6052269279224e-11,-1.6391534712331e-10,-5.85166949471315e-11
0.76,1.47293732766229e-10,1.12328467956397e-11,-1.20062725062193e-10,-4.99810141162858e-11
0.77,1.67001523720955e-10,6.74757269476303e-12,-7.65400583968396e-11,-4.14898333600941e-11
0.78,1.7889334458232e-10,2.87375318244714e-12,-3.37491562769164e-11,-3.31998519015588e-11
0.79,1.97934113543852e-10,-7.04013100066925e-13,7.61614472366632e-12,-2.52661176420005e-11
0.8,2.09930739458741e-10,-3.70281857100017e-12,4.71624557119534e-11,-1.7791093169388e-11
0.81,2.29139374141596e-10,-6.44761619525325e-12,8.43188845121983e-11,-1.0873414742131e-11
0.82,2.4174351409556e-10,-8.65594989929084e-12,1.18822077296464e-10,-4.56546812744061e-12
0.83,2.61403343415623e-10,-1.06747299964806e-11,1.50885781639522e-10,1.10264192302764e-12
0.84,2.74615885587082e-10,-1.22150706962789e-11,1.79743279782607e-10,6.09373317422856e-12
0.85,2.94533286648857e-10,-1.36594294029119e-11,2.05085206495643e-10,1.03881157549044e-11
0.86,3.08100212009776e-10,-1.46897009664116e-11,2.26992818578165e-10,1.40074961862688e-11
0.87,3.27931459764841e-10,-1.5706934833232e-11,2.45441609271106e-10,1.69679706678235e-11
0.88,3.41361605649126e-10,-1.63822639776351e-11,2.60647614366208e-10,1.93111728113617e-11
0.89,3.60683927169703e-10,-1.71145672417714e-11,2.72729739563907e-10,2.10713620612864e-11
0.9,3.73650443918905e-10,-1.75705671651385e-11,2.82006248031217e-10,2.2302550611527e-11
0.91,3.92084587019781e-10,-1.81446338914172e-11,2.88679249186001e-10,2.3048119563716e-11
0.92,4.04199340664491e-10,-1.84977948733236e-11,2.93118649048415e-10,2.33669112949354e-11
0.93,4.21516155313384e-10,-1.89789864899996e-11,2.9612592744551e-10,2.33588947162784e-11
0.94,4.3257397663865e-10,-1.93007429480179e-11,2.9654476735428e-10,2.30171404877522e-11
0.95,4.48564740906932e-10,-1.97788022719437e-11,2.95558235172993e-10,2.24281756905081e-11
0.96,4.58448390361355e-10,-2.01396487094787e-11,2.93889776072528e-10,2.16520640621769e-11
0.97,4.73105110643246e-10,-2.0650027627105e-11,2.91654209603484e-10,2.07062979218331e-11
0.98,4.87066387222512e-10,-2.11740948224409e-11,2.88970627321301e-10,1.961630122511e-11
0.99,4.9524739864637e-10,-2.15867601578471e-11,2.85733848717494e-10,1.83910935744557e-11
1,5.07887953915542e-10,-2.2147628361834e-11,2.82117427193017e-10,1.70596871742462e-11
1.01,5.15011144841537e-10,-2.25901619515362e-11,2.78444786384562e-10,1.56644321256561e-11
1.02,5.26345189655331e-10,-2.31794698446529e-11,2.74664441570718e-10,1.42265573825677e-11
1.03,5.32435429079214e-10,-2.36650022067886e-11,2.7083830238075e-10,1.27775651590215e-11
1.04,5.42573097561672e-10,-2.4267675989977e-11,2.67006551753309e-10,1.13302095152091e-11
1.05,5.47719203325414e-10,-2.4743173321924e-11,2.63343631003765e-10,9.90357883555997e-12
1.06,5.56622303804488e-10,-2.53561733849771e-11,2.59840718216474e-10,8.50143065830666e-12
1.07,5.60759438883451e-10,-2.58149864487361e-11,2.56585898628336e-10,7.14000846214383e-12
1.08,5.68379121546059e-10,-2.63950432115048e-11,2.5352886250437e-10,5.82587203603971e-12
1.09,5.71390046388842e-10,-2.68370180552212e-11,2.50684019288744e-10,4.57294034808491e-12
1.1,5.77677461421899e-10,-2.73674286114696e-11,2.47989235535546e-10,3.38745899037304e-12
1.11,5.79515102572259e-10,-2.7767291089612e-11,2.45459820938048e-10,2.28248632235579e-12
1.12,5.84360115851723e-10,-2.82509950104073e-11,2.43017834248083e-10,1.26085740126037e-12
1.13,5.84958748106601e-10,-2.85944943373285e-11,2.40691842296801e-10,3.33714093104669e-13
1.14,5.88413762159234e-10,-2.90100181300684e-11,2.38416157148852e-10,-4.98172037321709e-13
1.15,5.87854209754823e-10,-2.92846462385404e-11,2.36206661739245e-10,-1.22800907912551e-12
1.16,5.89955639895834e-10,-2.96300421123938e-11,2.33996120601557e-10,-1.85842014203655e-12
1.17,5.88268989076823e-10,-2.98429885781336e-11,2.31803224774033e-10,-2.38579155374415e-12
1.18,5.89160720210202e-10,-3.01093656103379e-11,2.29582086579648e-10,-2.81441835897873e-12
1.19,5.86523718482113e-10,-3.0251572084424e-11,2.27353728509802e-10,-3.14358760735612e-12
1.2,5.86343418262913e-10,-3.04660340386435e-11,2.25182168965466e-10,-3.37196457146396e-12
1.21,5.82923043168648e-10,-3.05375351726804e-11,2.22803115682932e-10,-3.51113560941278e-12
1.22,5.81898973450734e-10,-3.06677047244337e-11,2.20349260998406e-10,-3.56209521470943e-12
1.23,5.7785420892742e-10,-3.06898171364049e-11,2.17915114239994e-10,-3.52757485471135e-12
1.24,5.76234171489887e-10,-3.07467862017858e-11,2.15456532557213e-10,-3.42147812389341e-12
1.25,5.71824365636076e-10,-3.07106468458055e-11,2.12963088200259e-10,-3.25347970689492e-12
1.26,5.69730929100842e-10,-3.07137878729075e-11,2.10365286457536e-10,-3.03925662975104e-12
1.27,5.67434099707498e-10,-3.06922786499493e-11,2.07689046568046e-10,-2.78580469714469e-12
1.28,5.62697444195237e-10,-3.05661559629183e-11,2.0486636010964e-10,-2.50747665775499e-12
1.29,5.60147483952278e-10,-3.04977823021399e-11,2.01922532052136e-10,-2.21137285538284e-12
1.3,5.55358425913255e-10,-3.03311479884385e-11,1.98889264133036e-10,-1.90269670645161e-12
1.31,5.5264948173317e-10,-3.02293380030883e-11,1.9575619841042e-10,-1.59090017510187e-12
1.32,5.47883516333059e-10,-3.00255786785736e-11,1.92558319860842e-10,-1.28096308823536e-12
1.33,5.45108846949915e-10,-2.98938660892642e-11,1.89290167644611e-10,-9.8051476733986e-13
1.34,5.40394395898147e-10,-2.9673081220953e-11,1.85973428692231e-10,-6.93509651498818e-13
1.35,5.37565547631402e-10,-2.95052186836685e-11,1.82610819675592e-10,-4.24640566930903e-13
1.36,5.3292215085321e-10,-2.92689504223797e-11,1.79218396115035e-10,-1.75937235132786e-13
1.37,5.3005067002232e-10,-2.908445603588e-11,1.75785408240313e-10,4.87033875453855e-14
1.38,5.25499643799776e-10,-2.88337560353297e-11,1.72340629087626e-10,2.4984964129297e-13
1.39,5.22594412188937e-10,-2.86339036112416e-11,1.68873579614848e-10,4.25113980435366e-13
1.4,5.18098453028415e-10,-2.83691615900175e-11,1.65406040254651e-10,5.75728282102815e-13
1.41,5.15112397181383e-10,-2.81634865645081e-11,1.61927303718246e-10,7.00429657742012e-13
1.42,5.10674169618142e-10,-2.78935034846561e-11,1.58460421863042e-10,8.01349010251454e-13
1.43,5.0762682946015e-10,-2.76821614445026e-11,1.55004374792351e-10,8.78804567454164e-13
1.44,5.0318416100481e-10,-2.74150811228772e-11,1.51575191811825e-10,9.34941453864552e-13
1.45,5.00084418320057e-10,-2.71798026013879e-11,1.48176312881048e-10,9.70842044928505e-13
1.46,4.95705698710935e-10,-2.6905333035138e-11,1.44813091973295e-10,9.88520451167919e-13
1.47,4.92513585470533e-10,-2.66805273963401e-11,1.41473021238324e-10,9.87501902003764e-13
1.48,4.88105555973561e-10,-2.64058285975449e-11,1.38206212831395e-10,9.77112497778367e-13
1.49,4.84835283032226e-10,-2.61813454411893e-11,1.34898543903209e-10,9.52274421690011e-13
1.5,4.80428141713674e-10,-2.59143821402103e-11,1.31651831834056e-10,9.20295913717021e-13
1.51,4.77130335241327e-10,-2.56716314739008e-11,1.28496274737489e-10,8.82775070466673e-13
1.52,4.72751615632205e-10,-2.5400536912719e-11,1.25422299945884e-10,8.39614522944995e-13
1.53,4.6939074849206e-10,-2.51631012005863e-11,1.22389013969982e-10,7.88295605138918e-13
1.54,4.66000571464065e-10,-2.49171649022909e-11,1.19403387329794e-10,7.30656007140519e-13
1.55,4.61618299141264e-10,-2.46425967575369e-11,1.16437442730234e-10,6.65868484754089e-13
1.56,4.58163285088631e-10,-2.44089082708223e-11,1.13495631637369e-10,5.95245127344098e-13
1.57,4.53816539902618e-10,-2.41342908809754e-11,1.10604430183883e-10,5.22031859091107e-13
1.58,4.50343762281591e-10,-2.38938123708352e-11,1.07762791294011e-10,4.47079351706903e-13
1.59,4.46025438805009e-10,-2.36346985435637e-11,1.04970412016699e-10,3.71446879421534e-13
1.6,4.42517134047193e-10,-2.33855882807905e-11,1.02235656875155e-10,2.9616434779873e-13
1.61,4.38235225885819e-10,-2.31219394636534e-11,9.95584899861028e-11,2.23757216472027e-13
1.62,4.34726032949584e-10,-2.28798687285263e-11,9.69117592146112e-11,1.53346692418954e-13
1.63,4.30545377128055e-10,-2.26008332365703e-11,9.43056924438787e-11,8.70889390060554e-14
1.64,4.2703707237024e-10,-2.23645246268955e-11,9.17236879761687e-11,2.37707797322476e-14
1.65,4.2277203959884e-10,-2.21129430434005e-11,8.91708878065586e-11,-3.64526926070635e-14
1.66,4.19259293948926e-10,-2.18724585672353e-11,8.66730760548019e-11,-9.19729473359954e-14
1.67,4.15185219537761e-10,-2.16109763983055e-11,8.42448520705396e-11,-1.41470911317065e-13
1.68,4.11566780655903e-10,-2.13906832037928e-11,8.18579349917617e-11,-1.87159687245183e-13
1.69,4.07570865945672e-10,-2.11258263749538e-11,7.95263732900794e-11,-2.28077283344564e-13
1.7,4.03965749740109e-10,-2.09149240856458e-11,7.72557681079289e-11,-2.63493838849508e-13
1.71,4.00049771087652e-10,-2.06531541392353e-11,7.50355074481802e-11,-2.94575447600788e-13
1.72,3.96496169230431e-10,-2.0440650931172e-11,7.28796778174036e-11,-3.19985939121149e-13
1.73,3.92617494071601e-10,-2.01972733153311e-11,7.07661244972036e-11,-3.41777065001118e-13
1.74,3.89159815483708e-10,-1.99722858732849e-11,6.87158987187543e-11,-3.5836356828286e-13
1.75,3.8524561318809e-10,-1.97627271369766e-11,6.67121094975015e-11,-3.71114648910952e-13
1.76,3.81970899354656e-10,-1.95232153094012e-11,6.47681145490613e-11,-3.79668735677196e-13
1.77,3.7816683118308e-10,-1.93007841969031e-11,6.28915343283322e-11,-3.83080346740328e-13
1.78,3.74827280325007e-10,-1.9088828765906e-11,6.10342351425296e-11,-3.85647876678325e-13
1.79,3.71125352671697e-10,-1.88782616833118e-11,5.92248816232012e-11,-3.8516219327034e-13
1.8,3.67941233037072e-10,-1.86569184271301e-11,5.74782213507314e-11,-3.81785229866541e-13
1.81,3.64392072071951e-10,-1.84382319575851e-11,5.57898766385377e-11,-3.75748216755454e-13
1.82,3.61214169686264e-10,-1.82319807300687e-11,5.41180925911915e-11,-3.70385721588241e-13
1.83,3.58038931835836e-10,-1.8050009717434e-11,5.24790765813487e-11,-3.64355434948939e-13
1.84,3.54567930571648e-10,-1.78467279792126e-11,5.08825751295355e-11,-3.57230351107069e-13
1.85,3.51497497774744e-10,-1.76513377064842e-11,4.93532008953572e-11,-3.47371396550212e-13
1.86,3.48123307958303e-10,-1.74620066254437e-11,4.78775059213997e-11,-3.35984015146937e-13
1.87,3.45120376721297e-10,-1.72686811967865e-11,4.64477737750955e-11,-3.24139568783874e-13
1.88,3.41886519095169e-10,-1.70734620485712e-11,4.50683282092107e-11,-3.11311964720299e-13
1.89,3.39001715587983e-10,-1.68803918211845e-11,4.37210299677158e-11,-2.99597488807976e-13
1.9,3.35856675803825e-10,-1.6686422299875e-11,4.24051193382602e-11,-2.89122114031136e-13
1.91,3.33012728503945e-10,-1.64924188790264e-11,4.11112031005671e-11,-2.80804932447463e-13
1.92,3.29951177491239e-10,-1.63162398445708e-11,3.98423027360157e-11,-2.73879808934821e-13
1.93,3.27037064096203e-10,-1.61557728097908e-11,3.85963981871496e-11,-2.68391422482032e-13
1.94,3.24059001854948e-10,-1.5978599387757e-11,3.74092267524112e-11,-2.61575076203652e-13
1.95,3.21366044886418e-10,-1.57969157627025e-11,3.62832351390218e-11,-2.53216616528328e-13
1.96,3.1845637238348e-10,-1.56252715438001e-11,3.51882983178606e-11,-2.4550755564114e-13
1.97,3.15830028796427e-10,-1.54472745693911e-11,3.41079411337029e-11,-2.39768591449388e-13
1.98,3.13002068708101e-10,-1.5280065832595e-11,3.30566053449944e-11,-2.34522732816268e-13
1.99,3.10444114859365e-10,-1.51137757495001e-11,3.20182614482011e-11,-2.30270718547155e-13
2,3.07693426293554e-10,-1.49412857975989e-11,3.09982315973027e-11,-2.26086962830113e-13
2.01,3.05211855788912e-10,-1.4768373321933e-11,2.9998458303562e-11,-2.2210991852547e-13
2.02,3.02411429231597e-10,-1.46340670996407e-11,2.90166785549365e-11,-2.18521255959585e-13
2.03,2.9994318140325e-10,-1.44891687537405e-11,2.80653549248451e-11,-2.15047857236689e-13
2.04,2.97357694023503e-10,-1.43298887504437e-11,2.71883359195682e-11,-2.08363917925088e-13
2.05,2.95024449314951e-10,-1.41668024594223e-11,2.63491146713328e-11,-2.0150579700845e-13
2.06,2.92516233457718e-10,-1.40070227881987e-11,2.55198463147957e-11,-1.96526724156088e-13
2.07,2.90221180421213e-10,-1.38602682499527e-11,2.46850014396737e-11,-1.94490773946623e-13
2.08,2.87784018837556e-10,-1.37086298840897e-11,2.38596821186783e-11,-1.93962163740144e-13
2.09,2.85566237323565e-10,-1.35603488926296e-11,2.30506720612197e-11,-1.94254557078968e-13
2.1,2.83195689121385e-10,-1.34251858589257e-11,2.22571775693318e-11,-1.95233116172805e-13
2.11,2.80880207981227e-10,-1.33102024276069e-11,2.1481329128011e-11,-1.96872748496882e-13
2.12,2.78745027060268e-10,-1.31670513590151e-11,2.07561799355375e-11,-1.96954925149446e-13
2.13,2.76483724803711e-10,-1.3027944455211e-11,2.0080606283049e-11,-1.95386132283517e-13
2.14,2.74427591762105e-10,-1.28893769080901e-11,1.94139887503614e-11,-1.95423642944166e-13
2.15,2.7225155463384e-10,-1.2763804114767e-11,1.87559229537321e-11,-1.96804042912128e-13
2.16,2.70231836907442e-10,-1.26293755815597e-11,1.81062731455557e-11,-1.99447295721074e-13
2.17,2.68119748625395e-10,-1.25080673211612e-11,1.74791068140782e-11,-2.01962300772928e-13
2.18,2.66186184205708e-10,-1.23772165288349e-11,1.68639757470703e-11,-2.04874120531598e-13
2.19,2.64138044769879e-10,-1.22594771152781e-11,1.62666957940705e-11,-2.07239328663183e-13
2.2,2.62126320649259e-10,-1.21581592966553e-11,1.56763042000284e-11,-2.09904896486332e-13
2.21,2.60101273852342e-10,-1.2052310749615e-11,1.51213091110975e-11,-2.11044938206475e-13
2.22,2.58287613519315e-10,-1.19264596680051e-11,1.46178163225676e-11,-2.09780804576453e-13
2.23,2.56351384564368e-10,-1.18308216360865e-11,1.41420675763156e-11,-2.07933330976398e-13
2.24,2.54595455828621e-10,-1.1714454425586e-11,1.36735722537891e-11,-2.07498392641886e-13
2.25,2.5273383386093e-10,-1.16016249695007e-11,1.32326304691581e-11,-2.06532345976546e-13
2.26,2.51030307651945e-10,-1.14940935396652e-11,1.27921078924435e-11,-2.07029071904784e-13
2.27,2.49205100999461e-10,-1.1390132340513e-11,1.23562193242292e-11,-2.08425362282965e-13
2.28,2.47534437392005e-10,-1.12912443884627e-11,1.19279991263688e-11,-2.10360832616316e-13
2.29,2.45785614083616e-10,-1.11870157231008e-11,1.15173659320208e-11,-2.11963269404051e-13
2.3,2.44159359397145e-10,-1.10874382150696e-11,1.11202242816508e-11,-2.13468787539347e-13
2.31,2.42428299657149e-10,-1.10000614692156e-11,1.07327624119787e-11,-2.15101656428592e-13
2.32,2.40834019393787e-10,-1.09096622983846e-11,9.93548500750112e-12,-2.30970662078765e-13
2.33,2.39184672068404e-10,-1.08197936634253e-11,8.96500456798548e-12,-2.52975711326236e-13
2.34,2.37664998792297e-10,-1.07304982547468e-11,8.12532500779819e-12,-2.66062965355776e-13
2.35,2.36024533251111e-10,-1.06662246931952e-11,7.39771581864204e-12,-2.72760183813737e-13
2.36,2.34511077223942e-10,-1.06002554587527e-11,6.77590053508602e-12,-2.74381773334107e-13
2.37,2.33017161122007e-10,-1.05216781068421e-11,6.27609421799834e-12,-2.69911838909848e-13
2.38,2.31563213048958e-10,-1.0465700150313e-11,5.86888779746717e-12,-2.61613622309204e-13
2.39,2.30088836872255e-10,-1.04045685479938e-11,5.53325904756349e-12,-2.51263152910984e-13
2.4,2.28513208355707e-10,-1.03724554975925e-11,5.27678754424564e-12,-2.38128933789529e-13
2.41,2.27090346527348e-10,-1.03075157513424e-11,5.10468885742578e-12,-2.22125483097383e-13
2.42,2.25569785072821e-10,-1.02698721626392e-11,5.02176432380688e-12,-2.02557196472249e-13
2.43,2.24203766663322e-10,-1.02155130938111e-11,4.98953342282643e-12,-1.82662249355139e-13
2.44,2.22725837772941e-10,-1.01607166313712e-11,5.01617391415579e-12,-1.61450154538063e-13
2.45,2.21402451927588e-10,-1.01059027806838e-11,5.07079714159874e-12,-1.41071657233407e-13
2.46,2.19978701920809e-10,-1.00588469024711e-11,5.14511211311188e-12,-1.21657093758721e-13
2.47,2.18814300012582e-10,-9.97603658997775e-12,5.23229354453571e-12,-1.03430907786483e-13
2.48,2.17436735283627e-10,-9.91446935775949e-12,6.00748838849557e-12,-6.22081720487605e-14
2.49,2.1618529189027e-10,-9.84651146398751e-12,6.63215904723408e-12,-3.13123816718637e-14
2.5,2.1482016165919e-10,-9.77245610572144e-12,7.1324725857115e-12,-9.66641637695953e-15
2.51,2.13592699083165e-10,-9.68575153393025e-12,7.5189167342743e-12,4.72277049494226e-15
2.52,2.12264872345713e-10,-9.62173660214739e-12,7.79606289675048e-12,1.29850970479636e-14
2.53,2.11076489620154e-10,-9.53843249671259e-12,7.97245538534593e-12,1.57658316597683e-14
2.54,2.09788630911589e-10,-9.45314741327148e-12,8.07920305521997e-12,1.57542264100688e-14
2.55,2.08800976508883e-10,-9.33245984133106e-12,8.10396033752911e-12,1.19368820918344e-14
2.56,2.07561079434981e-10,-9.24669992003154e-12,8.03152917434147e-12,3.74482719180795e-15
2.57,2.0644019826932e-10,-9.16312287117281e-12,7.84323254391054e-12,-1.04286268467844e-14
2.58,2.05212735693294e-10,-9.0898429667472e-12,7.6031243691291e-12,-2.55600439401997e-14
2.59,2.04131822556519e-10,-9.01104802311998e-12,7.33457531809779e-12,-4.02789512792877e-14
2.6,2.02936334403603e-10,-8.93422351972584e-12,7.05655596235144e-12,-5.35594267948001e-14
2.61,2.01873184835222e-10,-8.86988504324812e-12,6.76496446670571e-12,-6.63475078353223e-14
2.62,2.00805594374742e-10,-8.77226054402965e-12,6.47444626911651e-12,-7.81018519831219e-14
2.63,1.99852578930404e-10,-8.69608138919884e-12,6.17659359433532e-12,-8.94792506869797e-14
2.64,1.9871038148267e-10,-8.63991510240486e-12,5.84464903317515e-12,-1.02813213377228e-13
2.65,1.97709404403668e-10,-8.57038793345646e-12,5.44022335865363e-12,-1.15783819886821e-13
2.66,1.96569871491192e-10,-8.52528106849314e-12,4.45401305814132e-12,-1.53135572542763e-13
2.67,1.95588434337424e-10,-8.4814383652618e-12,3.60248891033033e-12,-1.79725107403111e-13
2.68,1.94653182461479e-10,-8.42755182716394e-12,2.90947700404855e-12,-1.95701524290202e-13
2.69,1.93627336386726e-10,-8.37885472871936e-12,2.34175236937829e-12,-2.04626915546268e-13
2.7,1.92628135664563e-10,-8.36289858263726e-12,1.87013066488302e-12,-2.09290326529558e-13
2.71,1.91504589963643e-10,-8.35004740748652e-12,1.50599139012795e-12,-2.09285185490917e-13
2.72,1.90527593701972e-10,-8.34115882342041e-12,1.27676223736924e-12,-2.02851527208086e-13
2.73,1.89440463316259e-10,-8.32393545133365e-12,1.17730780067712e-12,-1.90729829542026e-13
2.74,1.88576265713891e-10,-8.29047182619143e-12,1.18364519101793e-12,-1.75060129805044e-13
2.75,1.87541537854941e-10,-8.26422601226359e-12,1.25945184888714e-12,-1.5833405000176e-13
2.76,1.86579640626405e-10,-8.25591420244273e-12,1.36652352724536e-12,-1.43190373328323e-13
2.77,1.85519155593283e-10,-8.24514863654053e-12,1.51878892573529e-12,-1.28167359261449e-13
2.78,1.84561699256847e-10,-8.22484759262932e-12,1.7282091163982e-12,-1.1195765012919e-13
2.79,1.83443482626444e-10,-8.21873066853532e-12,1.98237103434023e-12,-9.50865513559106e-14
2.8,1.82558856920423e-10,-8.16682339672405e-12,2.26763931136951e-12,-7.85550256203076e-14
2.81,1.81335835236496e-10,-8.15494816868063e-12,2.56921033484973e-12,-6.25292745280498e-14
2.82,1.80231829460809e-10,-8.12374451449654e-12,2.84905936003768e-12,-4.99445934913215e-14
2.83,1.78959069785378e-10,-8.10223625353547e-12,3.84463447694103e-12,-1.22400198150163e-14
2.84,1.77781345200856e-10,-8.07244753714598e-12,4.74175738214005e-12,1.90134242727997e-14
2.85,1.76605396973173e-10,-8.00650143824789e-12,5.54741234517064e-12,4.30421182272652e-14
2.86,1.75456982276501e-10,-7.9518914802079e-12,6.24293081036923e-12,5.9894278802495e-14
2.87,1.74175340816873e-10,-7.89881696145224e-12,6.80348696535489e-12,6.83862649346639e-14
2.88,1.73017156157584e-10,-7.84185038946141e-12,7.25707293350104e-12,7.11746892137134e-14
2.89,1.71779923618942e-10,-7.77976848512035e-12,7.62544282147981e-12,7.03748037723338e-14
2.9,1.7086776438191e-10,-7.68007237433108e-12,7.91098846786097e-12,6.62717031138213e-14
2.91,1.69842806485576e-10,-7.60351504229488e-12,8.09365827292414e-12,5.80393731237771e-14
2.92,1.68957292601135e-10,-7.53584788228327e-12,8.13967963450706e-12,4.31931748288655e-14
2.93,1.68070890538274e-10,-7.45836357924921e-12,8.09457019251954e-12,2.55299657201234e-14
2.94,1.67351466018317e-10,-7.38274305314665e-12,7.97526530648646e-12,6.54891837410809e-15
2.95,1.66861191530643e-10,-7.27336158932392e-12,7.78041660106268e-12,-1.38736608143796e-14
2.96,1.66144431545945e-10,-7.20070935994371e-12,7.48810669003052e-12,-3.6927754133176e-14
2.97,1.65583102784694e-10,-7.12391415889663e-12,7.08553275743502e-12,-6.38853658051226e-14
2.98,1.64907199007303e-10,-7.05918189381965e-12,6.63368453114314e-12,-8.99649161526369e-14
2.99,1.64359192922348e-10,-7.00027414219435e-12,6.14781394295271e-12,-1.14495171427571e-13
3,1.63874247505191e-10,-6.91086110785819e-12,5.29874627867518e-12,-1.47684680063094e-13
3.01,1.63299596067645e-10,-6.87790009496937e-12,4.14728997331365e-12,-1.90178309331092e-13
3.02,1.62589941510305e-10,-6.8460566759204e-12,3.08926942992506e-12,-2.23399720774857e-13
3.03,1.61950453048121e-10,-6.83391408734672e-12,2.18703035873835e-12,-2.44693290263414e-13
3.04,1.61225699457646e-10,-6.81111220718852e-12,1.45121621734664e-12,-2.55026816508082e-13
3.05,1.60663482517975e-10,-6.77814851176538e-12,8.77458819357455e-13,-2.5592890918371e-13
3.06,1.59857016512888e-10,-6.79331407972117e-12,4.28029479474636e-13,-2.50881839392359e-13
3.07,1.59112722997179e-10,-6.79582987330023e-12,9.31099681911122e-14,-2.41689628159731e-13
3.08,1.58267177141624e-10,-6.80858617065056e-12,-8.37102860822177e-14,-2.25343148174087e-13
3.09,1.57621471430502e-10,-6.78802469446477e-12,-1.2628275783517e-13,-2.04222448760702e-13
3.1,1.56627599778858e-10,-6.81042130430965e-12,-6.46620740377122e-14,-1.80370239528461e-13
3.11,1.55717216898665e-10,-6.82407944888911e-12,6.76068601714751e-14,-1.56822891917356e-13
3.12,1.54643409189248e-10,-6.84364328436528e-12,3.14389433114148e-13,-1.29975394635231e-13
3.13,1.53665524749158e-10,-6.84342536241979e-12,6.59505845093819e-13,-1.01144036261703e-13
3.14,1.52651224993861e-10,-6.83834354262054e-12,1.08825110782034e-12,-7.13133541823728e-14
3.15,1.51621826205428e-10,-6.83846791981459e-12,1.55650462581255e-12,-4.35489727040483e-14
3.16,1.5046097701088e-10,-6.84993262665983e-12,2.338461246657e-12,-9.57601578519821e-15
3.17,1.49444012720323e-10,-6.83349834149638e-12,3.5195647953794e-12,3.77626331586281e-14
3.18,1.48432377500285e-10,-6.78722118956631e-12,4.61762758918521e-12,7.51556504219374e-14
3.19,1.47512224657476e-10,-6.74905585464549e-12,5.58202416474647e-12,1.01131279914963e-13
3.2,1.46542333823163e-10,-6.71032486509299e-12,6.38842676522402e-12,1.15480959129198e-13
3.21,1.45729650569137e-10,-6.65606180214777e-12,7.05600499006304e-12,1.20949769842195e-13
3.22,1.44915190958272e-10,-6.59526462361917e-12,7.59337729451522e-12,1.19445239721091e-13
3.23,1.44432021897956e-10,-6.50382938302448e-12,7.9884476180935e-12,1.10840643692622e-13
3.24,1.4385470592515e-10,-6.41813443080482e-12,8.22367421911373e-12,9.5028179740516e-14
3.25,1.43237421923459e-10,-6.34829210252569e-12,8.26972846615852e-12,7.06570917243014e-14
3.26,1.42753364684722e-10,-6.28822528948213e-12,8.16798093324136e-12,4.14861739121431e-14
3.27,1.42304834582774e-10,-6.19388518014852e-12,7.96723725168878e-12,1.14328232957299e-14
3.28,1.41906930650748e-10,-6.11135186744318e-12,7.6734172061752e-12,-1.89288651735478e-14
3.29,1.41358924565793e-10,-6.04959694285592e-12,7.26699532324859e-12,-5.13730491821518e-14
3.3,1.4089529543071e-10,-5.99284612805163e-12,6.78737917757759e-12,-8.3463246917737e-14
3.31,1.40300215889511e-10,-5.94061560431563e-12,6.28498168777594e-12,-1.11947454619043e-13
3.32,1.39970701695802e-10,-5.85955082055673e-12,5.41893474602063e-12,-1.48062951211963e-13
3.33,1.39332989590457e-10,-5.82466433377152e-12,4.25922483869827e-12,-1.9208296979428e-13
3.34,1.38751232725554e-10,-5.80135461590641e-12,3.19553963080913e-12,-2.26137500287643e-13
3.35,1.38038913632954e-10,-5.79632870457512e-12,2.28945468930664e-12,-2.47702176738646e-13
3.36,1.37535316468984e-10,-5.76436519707779e-12,1.55578116121378e-12,-2.57515011177301e-13
3.37,1.36819444662706e-10,-5.76500993788058e-12,9.83508005240478e-13,-2.57418684653118e-13
3.38,1.36060052113862e-10,-5.77989177629129e-12,5.3405121116881e-13,-2.51645675295282e-13
3.39,1.35168320980483e-10,-5.79820432777739e-12,2.42190908811312e-13,-2.38412878955459e-13
3.4,1.34305899734954e-10,-5.81867114059973e-12,1.17672815339005e-13,-2.1781235378622e-13
3.41,1.33425714921032e-10,-5.82169697964394e-12,1.51326077197189e-13,-1.91255773933744e-13
3.42,1.32506450256642e-10,-5.83254823205008e-12,3.12333438615088e-13,-1.61374636312861e-13
3.43,1.31449517937199e-10,-5.85012245566179e-12,5.65115829370625e-13,-1.30971257876541e-13
3.44,1.30482291638145e-10,-5.87348314642548e-12,9.081962569374e-13,-1.00055307802979e-13
3.45,1.29416477534505e-10,-5.89305641720115e-12,1.34334399514351e-12,-6.82613236359034e-14
3.46,1.28596688853122e-10,-5.8633241855118e-12,1.85864136917668e-12,-3.62992662169423e-14
3.47,1.27552191031555e-10,-5.86117747813046e-12,2.98378445917795e-12,1.32225983485744e-14
3.48,1.26697763391803e-10,-5.85562948842229e-12,4.1291882239077e-12,5.68135053922048e-14
3.49,1.258184667563e-10,-5.8307774458344e-12,5.16139855058286e-12,8.89931574758555e-14
3.5,1.2513634572997e-10,-5.79577476208173e-12,6.07535152725348e-12,1.11413830563638e-13
3.51,1.24681598379084e-10,-5.70810090686336e-12,6.85213820502965e-12,1.24095703609409e-13
3.52,1.24035892667962e-10,-5.6494269906932e-12,7.44649946140133e-12,1.25545732983619e-13
3.53,1.23550059072386e-10,-5.59441217064296e-12,7.82422260974801e-12,1.14319979873842e-13
3.54,1.23010934771628e-10,-5.52822700522339e-12,8.04596617593465e-12,9.62721014364884e-14
3.55,1.22624577159058e-10,-5.45995886654451e-12,8.13229523484001e-12,7.37271270991606e-14
3.56,1.22275523040116e-10,-5.35677743025261e-12,8.0897767936271e-12,4.75597327280464e-14
3.57,1.21890053605966e-10,-5.29836601149578e-12,7.90582661779832e-12,1.74502475466051e-14
3.58,1.21384680085157e-10,-5.23444854230871e-12,7.58397004412117e-12,-1.65352866469562e-14
3.59,1.20959242622121e-10,-5.17344856284532e-12,7.19529374197976e-12,-4.91929725272735e-14
3.6,1.2042811192714e-10,-5.1173347407321e-12,6.76284486509294e-12,-7.931370429466e-14
3.61,1.20117249480245e-10,-5.03840776146914e-12,6.30255142499167e-12,-1.06611206337965e-13
3.62,1.19511511798009e-10,-4.99225190865556e-12,5.51505975488874e-12,-1.40496311703068e-13
3.63,1.18974163854091e-10,-4.96537956218818e-12,4.31428495378992e-12,-1.88499728731761e-13
3.64,1.18323129072451e-10,-4.95059652385269e-12,3.2641656186346e-12,-2.2227106967435e-13
3.65,1.17725384995992e-10,-4.94444833987313e-12,2.38758689111814e-12,-2.42689443063293e-13
3.66,1.17100995566943e-10,-4.92050731537607e-12,1.68990874242436e-12,-2.51275149188596e-13
3.67,1.16409104577997e-10,-4.91933484856334e-12,1.14859490235422e-12,-2.50859511193897e-13
3.68,1.15520926158297e-10,-4.93277825261441e-12,7.37982502528227e-13,-2.444134657413e-13
3.69,1.14692255692717e-10,-4.94841523359099e-12,4.79902814692338e-13,-2.31163478414367e-13
3.7,1.13712594895787e-10,-4.98463036211378e-12,3.85082807258342e-13,-2.10946113277183e-13
3.71,1.12838627330802e-10,-4.99310012746735e-12,4.48147181420365e-13,-1.85088248291669e-13
3.72,1.11966436122657e-10,-4.98368061521819e-12,6.59961061256463e-13,-1.54510256557431e-13
3.73,1.10997433466764e-10,-5.01454404091019e-12,9.52503973530048e-13,-1.24114252304839e-13
3.74,1.09993791852503e-10,-5.02594658222506e-12,1.30766431592378e-12,-9.52891421557737e-14
3.75,1.09092290756507e-10,-5.03173516350661e-12,1.75161367642278e-12,-6.55136793888895e-14
3.76,1.08143716204268e-10,-5.0343697136183e-12,2.25010817141279e-12,-3.68493426302578e-14
3.77,1.07499786849985e-10,-4.99947066128022e-12,3.5150583461603e-12,1.43394882835393e-14
3.78,1.06759046047955e-10,-4.98075182932303e-12,4.65449704164737e-12,5.48709399545249e-14
3.79,1.06142650224683e-10,-4.94107203962908e-12,5.61354969909531e-12,8.01251152868363e-14
3.8,1.0559020324763e-10,-4.90143903778695e-12,6.41617859480306e-12,9.42400548487556e-14
3.81,1.05044861697934e-10,-4.85656247715886e-12,7.0526585918749e-12,9.80265115770337e-14
3.82,1.04625641483835e-10,-4.79541412682487e-12,7.53352819688607e-12,9.34158930882051e-14
3.83,1.04332542605334e-10,-4.68798471336182e-12,7.86096551290168e-12,8.163244640306e-14
3.84,1.03950625884863e-10,-4.63824025344717e-12,8.00069684114259e-12,6.15431959070448e-14
3.85,1.03539399276542e-10,-4.56369117319466e-12,7.94763296468384e-12,3.31868202285219e-14
3.86,1.03177022481304e-10,-4.49714287998403e-12,7.78179060887631e-12,3.13472936740548e-15
3.87,1.02717834238319e-10,-4.4437521354729e-12,7.50974329191491e-12,-2.81343969629029e-14
3.88,1.02318153949454e-10,-4.38259064507622e-12,7.16342354411925e-12,-5.88090246374538e-14
3.89,1.01961994403155e-10,-4.29185026180405e-12,6.77390377189948e-12,-8.71113121778487e-14
3.9,1.01534780583279e-10,-4.23857547312632e-12,6.32512173503997e-12,-1.14513079774663e-13
3.91,1.00984998141485e-10,-4.19451501574375e-12,5.27387368770017e-12,-1.598919426517e-13
3.92,1.00470742836478e-10,-4.17819169928451e-12,4.08536245118145e-12,-2.05402568645482e-13
3.93,9.98330307311335e-11,-4.16632132006416e-12,3.05701766724077e-12,-2.36425309665871e-13
3.94,9.9289465538277e-11,-4.15256186919928e-12,2.2100036534355e-12,-2.53918935380041e-13
3.95,9.85842518730351e-11,-4.14868597231017e-12,1.53478681974974e-12,-2.60274984493476e-13
3.96,9.80167058628467e-11,-4.13060917279442e-12,1.01292288471698e-12,-2.58267314377939e-13
3.97,9.71906999325256e-11,-4.15478566524272e-12,6.31855755582986e-13,-2.49462776374589e-13
3.98,9.63833457490182e-11,-4.17078094760787e-12,3.79367046147791e-13,-2.35788230152503e-13
3.99,9.54880619019605e-11,-4.1909608147333e-12,2.92801271904059e-13,-2.1503290835877e-13
4,9.46158706938149e-11,-4.21738972194317e-12,3.51611499208926e-13,-1.89364757944973e-13
4.01,9.36539734652797e-11,-4.2363848095984e-12,5.44970536420657e-13,-1.60077954477914e-13
4.02,9.2891916381177e-11,-4.22338672030711e-12,8.57033575578368e-13,-1.28549294479669e-13
4.03,9.19921916420208e-11,-4.23619419786297e-12,1.2417069248474e-12,-9.75842891708994e-14
4.04,9.11191122554555e-11,-4.24215580040145e-12,1.65210162298914e-12,-7.02912367975164e-14
4.05,9.02868890761965e-11,-4.24672886348393e-12,2.10661675977989e-12,-4.45819930222069e-14
4.06,8.95772345188561e-11,-4.24187374001749e-12,3.06329173390867e-12,-5.7799257338294e-15
4.07,8.8937746056672e-11,-4.22501840519782e-12,4.2539234002771e-12,3.77319899805006e-14
4.08,8.83533246565094e-11,-4.19136099778576e-12,5.29921214464242e-12,6.78443374922697e-14
4.09,8.80229222843809e-11,-4.11837531744162e-12,6.18347435059956e-12,8.57590086266155e-14
4.1,8.75726158255929e-11,-4.05842542396821e-12,6.87244962959982e-12,9.12285724774293e-14
4.11,8.72084626735159e-11,-3.99851591753898e-12,7.33627947545862e-12,8.36457426096209e-14
4.12,8.68114469199099e-11,-3.93823808364795e-12,7.616421780293e-12,6.74261601715791e-14
4.13,8.65005844730149e-11,-3.87277956149219e-12,7.73772798679465e-12,4.5293801366806e-14
4.14,8.61355431425181e-11,-3.81019644813313e-12,7.72086948511841e-12,1.92464701763682e-14
4.15,8.58211279819443e-11,-3.74512584114833e-12,7.57992556629826e-12,-9.57726527316151e-15
4.16,8.54232240499186e-11,-3.68544315621996e-12,7.3378560473346e-12,-3.95361400357377e-14
4.17,8.52393711170407e-11,-3.58984137125995e-12,7.01291235229507e-12,-6.9648821547707e-14
4.18,8.48219272597817e-11,-3.53668967249437e-12,6.60514526600249e-12,-9.97612088844313e-14
4.19,8.44035952241029e-11,-3.48528022220975e-12,5.86151067132991e-12,-1.37477085890517e-13
4.2,8.3911544379589e-11,-3.448644892092e-12,4.59418688459822e-12,-1.91375046807839e-13
4.21,8.34283753192722e-11,-3.42932946768521e-12,3.46035487812638e-12,-2.30797220581983e-13
4.22,8.28830337695763e-11,-3.41524128926469e-12,2.48278509462974e-12,-2.56876877315018e-13
4.23,8.2380324784026e-11,-3.40639885465349e-12,1.66965446011536e-12,-2.71052494799594e-13
4.24,8.17443890355207e-11,-3.40847944876001e-12,1.01527721713679e-12,-2.75233576523359e-13
4.25,8.12514500125872e-11,-3.39486523684737e-12,5.13923583304831e-13,-2.71131603259409e-13
4.26,8.05000510695209e-11,-3.41572602929421e-12,1.53331384999473e-13,-2.60260621172026e-13
4.27,7.9753093018553e-11,-3.42695662054282e-12,-8.41540974962029e-14,-2.44889756143387e-13
4.28,7.89164289471955e-11,-3.46125691452597e-12,-1.70396862445574e-13,-2.23440244308014e-13
4.29,7.81046338715896e-11,-3.4829011903182e-12,-1.15197473180138e-13,-1.97446910835403e-13
4.3,7.72315544850244e-11,-3.50716845165934e-12,8.2962132153994e-14,-1.6718695764067e-13
4.31,7.64108776252215e-11,-3.52475808365503e-12,3.93398956499896e-13,-1.35216864149289e-13
4.32,7.5547568201273e-11,-3.53398271154092e-12,7.96239472730368e-13,-1.02882363878166e-13
4.33,7.47570894077398e-11,-3.54347764116873e-12,1.26106447040326e-12,-7.2016118127675e-14
4.34,7.42046424306864e-11,-3.51268146165643e-12,1.7641721195349e-12,-4.37530452342833e-14
4.35,7.35225214043567e-11,-3.50629580216876e-12,2.67462829813662e-12,-7.42000328633088e-15
4.36,7.29496463236501e-11,-3.49279384956073e-12,3.85941173200099e-12,3.3432156629133e-14
4.37,7.24131865581512e-11,-3.46375869096161e-12,4.8893608184954e-12,6.0569814206086e-14
4.38,7.20312698376802e-11,-3.41207284622855e-12,5.76168215826272e-12,7.62615754628122e-14
4.39,7.16280368351363e-11,-3.36582166446676e-12,6.45814079075794e-12,8.10183769606861e-14
4.4,7.13145098529822e-11,-3.31808870330874e-12,6.96603548807551e-12,7.51940103349902e-14
4.41,7.10231873313205e-11,-3.24412086340681e-12,7.30978117950723e-12,6.16248705773681e-14
4.42,7.07673919464469e-11,-3.18078264614025e-12,7.4911872427075e-12,4.151077061356e-14
4.43,7.05684399804341e-11,-3.09452993806936e-12,7.50606966478245e-12,1.51653262982022e-14
4.44,7.04005742591107e-11,-3.01329600480563e-12,7.3703997837229e-12,-1.54863833510796e-14
4.45,7.00923763474748e-11,-2.94760781511012e-12,7.08079258411973e-12,-5.0261620645608e-14
4.46,6.98019420042328e-11,-2.88988477111791e-12,6.67446617276104e-12,-8.65395892905768e-14
4.47,6.94404533874149e-11,-2.83228536960786e-12,6.20281792997964e-12,-1.20970735998344e-13
4.48,6.90967283389909e-11,-2.78850230708504e-12,4.87852331350986e-12,-1.78434379181566e-13
4.49,6.86606327349182e-11,-2.77088202333376e-12,3.66241887543429e-12,-2.25049559594168e-13
4.5,6.82573997323743e-11,-2.75116028368066e-12,2.59269032199571e-12,-2.577471194933e-13
4.51,6.77884415267727e-11,-2.73705924313452e-12,1.68673433990363e-12,-2.77431164181639e-13
4.52,6.73470168521817e-11,-2.73532495151273e-12,9.30887631328839e-13,-2.86791567159312e-13
4.53,6.68389787961132e-11,-2.74510161709925e-12,3.22741348205149e-13,-2.87332030093629e-13
4.54,6.64766020008756e-11,-2.7287982087705e-12,-1.34678356346904e-13,-2.79973308841207e-13
4.55,6.58486598581476e-11,-2.74762255669346e-12,-4.61375869134334e-13,-2.66588208225563e-13
4.56,6.52109477528029e-11,-2.76441126356071e-12,-6.85245748338033e-13,-2.50040008590228e-13
4.57,6.44897468760064e-11,-2.79638640842296e-12,-7.71002494943235e-13,-2.28250483876128e-13
4.58,6.37587760365932e-11,-2.82357625753046e-12,-7.21421172345857e-13,-2.02101462510461e-13
4.59,6.29913898819723e-11,-2.84563269105768e-12,-5.3619937455125e-13,-1.7206040549721e-13
4.6,6.22275564410302e-11,-2.87786829992032e-12,-2.39797361349678e-13,-1.40170743721901e-13
4.61,6.1443294896435e-11,-2.89403653318938e-12,1.50310591720011e-13,-1.07841909534123e-13
4.62,6.07052186296642e-11,-2.90949428295949e-12,6.20473233485855e-13,-7.58184566492352e-14
4.63,5.99857941097071e-11,-2.91106693074778e-12,1.13820484735451e-12,-4.60204569753653e-14
4.64,5.93125548675744e-11,-2.91250218059329e-12,1.76549367875115e-12,-1.96067540219152e-14
4.65,5.89039927945123e-11,-2.87129638480212e-12,3.12431813674726e-12,3.14129032877208e-14
4.66,5.8392402024765e-11,-2.84030844143911e-12,4.31121305733473e-12,6.60727431319453e-14
4.67,5.79873926653818e-11,-2.81108710473219e-12,5.27713436707858e-12,8.38620911348124e-14
4.68,5.76241276917244e-11,-2.75205223874806e-12,6.05827030367805e-12,8.95597029955112e-14
4.69,5.73621150579129e-11,-2.69848889509493e-12,6.65844380917994e-12,8.52572208991935e-14
4.7,5.7098326067262e-11,-2.63655377702115e-12,7.06414553530836e-12,7.1221841213174e-14
4.71,5.68887159602127e-11,-2.56612920405333e-12,7.29250860802233e-12,4.97048569140357e-14
4.72,5.66791058531635e-11,-2.49977963659759e-12,7.35239937379143e-12,2.22423953131215e-14
4.73,5.6505911061322e-11,-2.42826456138742e-12,7.25718515600626e-12,-9.7463892251221e-15
4.74,5.6295412775853e-11,-2.37275881621479e-12,7.02964352291876e-12,-4.42902664643265e-14
4.75,5.61062307724569e-11,-2.30582520734618e-12,6.69375215965839e-12,-7.98323177193637e-14
4.76,5.5851323566003e-11,-2.24818701350998e-12,6.28171340480531e-12,-1.14299701716457e-13
4.77,5.56283907826582e-11,-2.1934332865378e-12,5.03529418927177e-12,-1.71601073184535e-13
4.78,5.54338797087439e-11,-2.13946692890608e-12,3.78352366966717e-12,-2.22510327314123e-13
4.79,5.5170090718093e-11,-2.10965288513452e-12,2.6295009315328e-12,-2.61470636201623e-13
4.8,5.48032730307568e-11,-2.09637973114734e-12,1.57713590546705e-12,-2.90215741284316e-13
4.81,5.44408962355192e-11,-2.0962369018019e-12,6.60045328190768e-13,-3.07970317206569e-13
4.82,5.40349986977162e-11,-2.1011290873742e-12,-9.91434183875406e-14,-3.14667510351417e-13
4.83,5.35740340978919e-11,-2.11597884536236e-12,-6.96608805846489e-13,-3.1146621075552e-13
4.84,5.30331334402945e-11,-2.14157165146629e-12,-1.13443661554174e-12,-2.99898577997102e-13
4.85,5.24700283222046e-11,-2.17382554380449e-12,-1.40900613582801e-12,-2.80943237368572e-13
4.86,5.1834980752119e-11,-2.19594711355451e-12,-1.51917008786403e-12,-2.55529547976188e-13
4.87,5.11963804683546e-11,-2.2302518365264e-12,-1.4801561771998e-12,-2.25441244797011e-13
4.88,5.05036013009885e-11,-2.25157755927817e-12,-1.31307209704182e-12,-1.92758315419899e-13
4.89,4.98285857020164e-11,-2.28241183571641e-12,-1.03081451208303e-12,-1.58495704784945e-13
4.9,4.91473528541064e-11,-2.30985887254018e-12,-6.57453626908224e-13,-1.24392571763352e-13
4.91,4.84368101183463e-11,-2.33024012193911e-12,-2.02289266400904e-13,-9.09112783667589e-14
4.92,4.77946571209031e-11,-2.33968088471135e-12,3.14230414332273e-13,-5.91122710578685e-14
4.93,4.73372452347576e-11,-2.31439208816677e-12,8.64397538320165e-13,-3.02917283023935e-14
4.94,4.68283190002694e-11,-2.3120657927643e-12,1.75587649609563e-12,3.05342729419451e-15
4.95,4.63913352177769e-11,-2.29467537372655e-12,3.04465361934373e-12,4.51298795798179e-14
4.96,4.60147475678241e-11,-2.27696457405763e-12,4.15776889941423e-12,7.19072185395669e-14
4.97,4.57278659382609e-11,-2.22867148493901e-12,5.09391484483946e-12,8.58397017292482e-14
4.98,4.55147031175329e-11,-2.18352851592708e-12,5.84964312245068e-12,8.86638343251027e-14
4.99,4.53281856493959e-11,-2.12924835136953e-12,6.40513788761789e-12,8.04464076442712e-14
5,0.000467698486816381,0.00348992195351139,6.77461168076765e-12,6.34253153563467e-14
5.01,0.00104598026599323,0.00580262466617289,-0.0020006626429963,-9.43628915913765e-05
5.02,0.00179037079939359,0.00803024664167133,-0.00926847138390085,-0.000478544624618572
5.03,0.0026319580583074,0.0101718880781837,-0.0203396845509139,-0.00100936234361505
5.04,0.00353577318519527,0.012141636430841,-0.0342870931318407,-0.00159353848004074
5.05,0.00455217706907352,0.0140280307994668,-0.0503468830438861,-0.0021682182083408
5.06,0.00577548428011543,0.0157653900667825,-0.0678104646110238,-0.00268722529637321
5.07,0.00732102908198229,0.0174880480331501,-0.086129023618673,-0.00312467548625787
5.08,0.00932016530696966,0.019103206853388,-0.104860751390416,-0.00346619955073188
5.09,0.0118970479279961,0.0207680580805424,-0.123735007381594,-0.00371166004855946
5.1,0.0151779542239501,0.0223465029910053,-0.142509628977407,-0.0038623226001059
5.11,0.0192418183139988,0.0240057008647882,-0.161060368144003,-0.00392720460704479
5.12,0.0241874362752048,0.0255629253983927,-0.179213922151409,-0.00391000118786681
5.13,0.0300263130446146,0.0271992353503823,-0.196910154500803,-0.00382080199671325
5.14,0.0368492608365845,0.02869457178518,-0.214067909671067,-0.00366561564793922
5.15,0.0445988953006982,0.0302522290107369,-0.230653685624053,-0.00345362124826498
5.16,0.0533896891655399,0.0316233490994487,-0.246561676372533,-0.00318687009516468
5.17,0.0630914037925292,0.0330392602239518,-0.261723466838712,-0.00287052166076125
5.18,0.0738727800914551,0.0342283048930016,-0.276011459758043,-0.00250432233381122
5.19,0.0855217142949227,0.0354524937135404,-0.28938041933494,-0.00209266561737306
5.2,0.0982863448044347,0.0364189225126978,-0.301753326230805,-0.00163664271820495
5.21,0.111855198128191,0.0374183743588437,-0.313136920982071,-0.00114119621285943
5.22,0.126574951482128,0.0381360491388714,-0.323483450372808,-0.000607372241659445
5.23,0.142013618172614,0.0388894881994353,-0.332801844739084,-4.12810775680091e-05
5.24,0.158633778037361,0.0393420741579502,-0.341081947671673,0.000553067184980954
5.25,0.175862142444004,0.0398362191945094,-0.348354740307992,0.00116925418145644
5.26,0.194295312766633,0.0400136489949966,-0.354623970139489,0.00180321112594612
5.27,0.213201141320955,0.0402403772650071,-0.359943160195331,0.00244910194583784
5.28,0.233329041439293,0.0401371955255799,-0.364348029092052,0.00310338970047913
5.29,0.253773389794988,0.0400925567337005,-0.367903644862978,0.00376150823113158
5.3,0.275455894716035,0.0397072756244841,-0.370664609853307,0.00442047205370455
5.31,0.297283442362045,0.0393907424750095,-0.372714435922965,0.00507660159281675
5.32,0.319713362988912,0.0389411139801286,-0.374112215377116,0.00572728730436407
5.33,0.343401306313716,0.0381359545213488,-0.374949332846767,0.00636975739016353
5.34,0.36694898446293,0.0374147894601207,-0.375283558301724,0.00700315995336715
5.35,0.391771327366934,0.0363299370363077,-0.375166825108285,0.00762636910295928
5.36,0.4162573722242,0.035339089813506,-0.37466634759118,0.00823823632431088
5.37,0.441119709786535,0.0342169712158258,-0.373833843785765,0.00883815461009298
5.38,0.46729777735004,0.032720569650709,-0.372728056615271,0.00942496519899951
5.39,0.492846162744565,0.0313336952389584,-0.371376471079579,0.0099981623074606
5.4,0.519749515488114,0.0295675442700993,-0.369797335405794,0.0105571631313522
5.41,0.545831350802296,0.0279210630295074,-0.368017396316749,0.0111016145454778
5.42,0.572096344295278,0.0261491865895364,-0.366044435026057,0.0116322607931679
5.43,0.599791677877572,0.0239922893028071,-0.363890429593029,0.0121479681185752
5.44,0.626384802337742,0.0219712261547339,-0.361526138686072,0.0126490647353325
5.45,0.653066131381824,0.019831284005176,-0.358918506797638,0.0131360368021007
5.46,0.681273861742743,0.0173052613730463,-0.356062836502047,0.0136072674995346
5.47,0.708111172676851,0.0149334653749971,-0.352897494181271,0.0140634668750641
5.48,0.734958253884513,0.0124534223798392,-0.349352939301547,0.0145060364915578
5.49,0.763447043494071,0.00959253638068197,-0.345390574176532,0.0149336812632307
5.5,0.790313527782634,0.00690848291463028,-0.340864841173268,0.0153490185839004
5.51,0.817132977468408,0.0041344052423691,-0.335603151416294,0.0157555012228123
5.52,0.845734495568149,0.000996283130001274,-0.329493961629207,0.0161519855667671
5.53,0.872487343683012,-0.00193171440735299,-0.322277645374843,0.0165435798540602
5.54,0.899167202923852,-0.00491627543330883,-0.313666729716376,0.0169365643950596
5.55,0.92780505885506,-0.00822828003533149,-0.303514328455264,0.0173260104516953
5.56,0.95440656103428,-0.0112787366319776,-0.291592307816734,0.0177099939196204
5.57,0.98094717570453,-0.0143328711620042,-0.277793955649922,0.018083011757437
5.58,1.00743201206076,-0.0173722055905481,-0.262251709406256,0.0184213445560709
5.59,1.03614076592876,-0.0206683699688958,-0.245023614622593,0.0187059200632628
5.6,1.06256549386818,-0.0236276807132558,-0.226148385038376,0.0189223038391841
5.61,1.08890690993938,-0.0265225892261589,-0.205721193782224,0.019058163896524
5.62,1.11759864769487,-0.0296291231715436,-0.184148966595364,0.019089196735789
5.63,1.14371738130119,-0.0323632191032951,-0.161688125173115,0.0190078082128577
5.64,1.1695867224937,-0.0350075687596414,-0.138572041959522,0.0188127934728123
5.65,1.195082067115,-0.0375624728191174,-0.115278810491992,0.0184919578631844
5.66,1.22272638790242,-0.0403173109255044,-0.0921250620972437,0.0180455489040129
5.67,1.24694187494018,-0.0427113721350203,-0.0692648647309278,0.0174826736732659
5.68,1.27011796518608,-0.0450380090335612,-0.0468015949310745,0.01681894957843
5.69,1.29483974135712,-0.0475848583227362,-0.0250098202415465,0.0160581659618584
5.7,1.31516565826217,-0.0498032248636458,-0.00391963136722518,0.0152193909655635
5.71,1.33364737377165,-0.0519781695801233,0.0165241074077783,0.0143266995589506
5.72,1.35303074811802,-0.0543826775878199,0.0362235219522699,0.0133913323192635
5.73,1.36721677081972,-0.0564743674653922,0.0553028854561151,0.0124350483756231
5.74,1.38200834936146,-0.0587839565267535,0.0739254727541846,0.0114805615870214
5.75,1.39130106350556,-0.0607749750901883,0.0921421364993618,0.0105381189676284
5.76,1.40108741708234,-0.0629563170162839,0.110095387944376,0.0096229198376609
5.77,1.40533618597196,-0.0648000815721581,0.127805324212253,0.00873853036963185
5.78,1.39996801302026,-0.0656237064858676,0.145355149298865,0.00789248606466427
5.79,1.38979601200442,-0.0661002447854549,0.162363208996101,0.00706660013585336
5.8,1.38095347386602,-0.0667145671121493,0.17817202767147,0.00622610850135047
5.81,1.37061007678355,-0.0672260614632573,0.192657989671006,0.00537288153792083
5.82,1.3560988471565,-0.0674191962520687,0.205900190451962,0.00452186806737593
5.83,1.34339289887408,-0.0677412741977918,0.217903303973915,0.003681008635156
5.84,1.32981595643667,-0.0679689947184851,0.228712063979967,0.00285762411553086
5.85,1.31287615817978,-0.0679039930331261,0.238443271834811,0.00206244405216022
5.86,1.29822911422961,-0.0679551468523421,0.247133824291895,0.00129905851836834
5.87,1.28328020024349,-0.0679183971265606,0.254804179162782,0.000567498762954774
5.88,1.26815737243735,-0.0677971130159191,0.261520988036697,-0.000128920376909497
5.89,1.25047522322927,-0.0674196557655527,0.267332342549144,-0.000791271317129488
5.9,1.23531326339369,-0.0671479776246725,0.272251493602593,-0.00142126031899896
5.91,1.22016996905222,-0.0668056434799103,0.276277963852787,-0.00202097373217564
5.92,1.20275250407374,-0.0662404114523852,0.279445616375182,-0.0025894995226576
5.93,1.18772986826688,-0.065780983622055,0.281761288300447,-0.00312829422821424
5.94,1.17272819743565,-0.0652698987296708,0.283250206823045,-0.0036390948724068
5.95,1.15773334817744,-0.0647136411343215,0.283997107526162,-0.00412164051568408
5.96,1.14065441350151,-0.0639821910372748,0.284068920830679,-0.00457656747265212
5.97,1.12569206352068,-0.0633587389876498,0.283514958257651,-0.00500591045780795
5.98,1.11070499430304,-0.0627069875893183,0.282390116065982,-0.00541202384680917
5.99,1.09378379145362,-0.0619108187294853,0.280779279099111,-0.00579498686853725
6,1.07880105361734,-0.0612209506804166,0.278743963699977,-0.00615642694322762
6.01,1.06379860133148,-0.0605149046598831,0.276343873498375,-0.00649819895187727
6.02,1.04704434945562,-0.0596890505362103,0.273653213673111,-0.00682043404100443
6.03,1.03208155345947,-0.0589635248742768,0.270725317000927,-0.00712417101487445
6.04,1.01549442385246,-0.0581310816343735,0.267609196143033,-0.00741059894418719
6.05,1.00060559827222,-0.0573931551912148,0.26437574916889,-0.00768070678331972
6.06,0.985739434747888,-0.0566481578651553,0.261063229702087,-0.00793582633870849
6.07,0.969436388929454,-0.0558115346662713,0.257696466640504,-0.00817597883604933
6.08,0.954693360080394,-0.0550581667180208,0.254287629288301,-0.00840128448648756
6.09,0.93999545133775,-0.0542990193596478,0.25084549319212,-0.00861175617316731
6.1,0.924037014108169,-0.0534609731639004,0.247378306941447,-0.00880692318496299
6.11,0.909497567473065,-0.0526950956990607,0.243882982870848,-0.00898672188922295
6.12,0.893808608142188,-0.0518580205175105,0.24036084204091,-0.00915102167772196
6.13,0.879444595469437,-0.0510863758401687,0.236811322357337,-0.00929928644465192
6.14,0.865148490104437,-0.0503105194359123,0.23322568123165,-0.0094310872844745
6.15,0.849860068675849,-0.049474781973761,0.229595647838797,-0.0095457701476139
6.16,0.835756292505883,-0.0486954306128716,0.225912213410443,-0.00964275054585206
6.17,0.820759697023684,-0.0478635257773914,0.222167263972385,-0.00972147256660103
6.18,0.806857337132618,-0.0470829759627677,0.218354502002821,-0.00978148986660131
6.19,0.792160351411898,-0.0462570646138376,0.214470293544232,-0.00982226454492644
6.2,0.778473031000291,-0.0454780173891369,0.210505553663905,-0.00984360277628031
6.21,0.764878421907444,-0.0446994944417219,0.206448926380045,-0.00984556654925398
6.22,0.750636891605015,-0.0438863001730054,0.202297618202399,-0.00982798046771211
6.23,0.737290584395586,-0.0431142791738177,0.198057852057801,-0.00979037547346467
6.24,0.723397144090302,-0.04231402818285,0.193743633356476,-0.00973239517894729
6.25,0.710333237787707,-0.0415512265362565,0.189371965155913,-0.00965398824530395
6.26,0.696823836882521,-0.0407655690072162,0.184968883669798,-0.0095555831621528
6.27,0.684087790570137,-0.0400131041025566,0.18054880384754,-0.0094379684598995
6.28,0.671010985634264,-0.0392419779814922,0.176116164180032,-0.00930185286252252
6.29,0.658662168384583,-0.0384996715588227,0.171672593425102,-0.00914820551583412
6.3,0.646076239521989,-0.0377424472411698,0.167222844014987,-0.00897776783863194
6.31,0.634175770526372,-0.0370101078127634,0.162769763192921,-0.00879192854007076
6.32,0.62250398037666,-0.0362818293423398,0.158321768993376,-0.00859222496536697
6.33,0.610735424334941,-0.0355438471918544,0.153873674611838,-0.00838069342338487
6.34,0.599590493935805,-0.034825600382343,0.149421490420811,-0.00815898344080988
6.35,0.588429033969251,-0.0341009713139335,0.144963972902655,-0.00792853621918552
6.36,0.577848204029299,-0.0333935413061411,0.14049734889951,-0.00769105211738628
6.37,0.56731876443378,-0.0326831150780603,0.136028836867992,-0.00744826053063412
6.38,0.557324525842814,-0.0319879377976906,0.131558668130907,-0.00720231333170411
6.39,0.547435164277853,-0.0312931464468185,0.127084408656238,-0.00695476638520146
6.4,0.538031929408856,-0.0306123941869152,0.122602677798509,-0.00670708007750584
6.41,0.528772734008206,-0.0299356377729886,0.118113227119326,-0.00646037001268144
6.42,0.519947033822989,-0.0292724955090701,0.113617065540033,-0.0062160567221058
6.43,0.511290545613326,-0.0286170830662307,0.109120221611969,-0.00597507861990024
6.44,0.50301240983386,-0.0279753915779755,0.1046292033823,-0.00573842175500138
6.45,0.494916681180522,-0.0273450389434246,0.100151722225341,-0.00550669535733951
6.46,0.4871442131407,-0.0267288199328167,0.0956944918464702,-0.00528040643253097
6.47,0.479558761141951,-0.0261272744237614,0.0912699928586824,-0.00505976017479354
6.48,0.472242763727206,-0.0255404192736607,0.0868858158284316,-0.00484514896508818
6.49,0.465110330634345,-0.0249712644614186,0.0825498017190833,-0.00463687132478861
6.5,0.458195352637649,-0.0244175056169525,0.0782720021338647,-0.00443488943539988
6.51,0.451456906141814,-0.0238839721801156,0.0740733817349681,-0.00423869241532509
6.52,0.444889996598332,-0.0233661616710738,0.0699710484587157,-0.0040480863056536
6.53,0.438492134760523,-0.022870174898662,0.0659810374541296,-0.00386280151728417
6.54,0.432227445073194,-0.0223896838707475,0.0621155275330397,-0.00368285345799892
6.55,0.426096931560728,-0.0219277917018604,0.0583901632685867,-0.00350781927832988
6.56,0.420129024345421,-0.0214884583643521,0.0548152891965033,-0.00333751675138807
6.57,0.414253351784956,-0.0210632602036555,0.0514044286729681,-0.00317170241487919
6.58,0.408539623183975,-0.0206600241509102,0.0481700027505797,-0.00301030427178929
6.59,0.402900025612295,-0.0202693022880813,0.0451194482742288,-0.00285358579319169
6.6,0.397423757274876,-0.0198992315505983,0.0422578345515321,-0.00270174094011827
6.61,0.392008908248513,-0.0195397360937778,0.0395845018166078,-0.00255505712863028
6.62,0.386759295517469,-0.019199198069917,0.0370983436536092,-0.00241367588831921
6.63,0.381561783668264,-0.0188672568241726,0.0347940658851398,-0.00227787969367093
6.64,0.376530409866593,-0.0185524624665056,0.0326670328202881,-0.00214780707643432
6.65,0.371543280816109,-0.0182444227527069,0.0307091168306583,-0.00202371238356051
6.66,0.366720831005711,-0.0179517718241218,0.0289128016271262,-0.00190574723855158
6.67,0.361934983893289,-0.0176642776168608,0.0272687391221466,-0.00179414076799356
6.68,0.357309937356068,-0.0173905607597377,0.0257675408568455,-0.00168890064307186
6.69,0.352714024991742,-0.017120690758402,0.0243981603473186,-0.00159001763367482
6.7,0.348272950263936,-0.0168632146236024,0.0231497200693168,-0.00149735864882815
6.71,0.343853635467845,-0.0166086186815772,0.0220111161797,-0.00141080722797861
6.72,0.339581815756007,-0.0163652871061626,0.0209730362298336,-0.00133010596315875
6.73,0.335325340809204,-0.0161241485628008,0.0200257614571403,-0.00125503129124956
6.74,0.33120894357161,-0.0158933279709914,0.0191611311430118,-0.00118525933156777
6.75,0.327103029524704,-0.0156642161042123,0.0183706885284282,-0.0011205142337399
6.76,0.323130211153737,-0.0154446155007978,0.0176476690790974,-0.0010604455797638
6.77,0.319164469391152,-0.0152263890703965,0.0169851790279445,-0.00100475525083065
6.78,0.315325367296796,-0.015016967567313,0.016377693241649,-0.000953093535162905
6.79,0.311491201103685,-0.014808686168057,0.0158197513491986,-0.000905164234316568
6.8,0.307777729793959,-0.014608570204905,0.0153070460782107,-0.000860634745979514
6.81,0.304068030951502,-0.0144094206206053,0.0148351619040962,-0.000819230505860535
6.82,0.300473390218727,-0.0142178427287746,0.0144004764652494,-0.000780658730693234
6.83,0.296881970469523,-0.0140270965705621,0.0139993837388289,-0.000744683536490472
6.84,0.293348234145279,-0.0138403556005489,0.0136290536002965,-0.00071106735658059
6.85,0.28992135805631,-0.0136603481611914,0.0132864709025512,-0.000679633903978336
6.86,0.286497275200176,-0.013481028188348,0.012969418571456,-0.00065020074149748
6.87,0.283174232890127,-0.0133079337595484,0.0126759545833887,-0.00062260250023303
6.88,0.279853473672103,-0.0131354506386174,0.0124041999100429,-0.000596715068632775
6.89,0.276627641755535,-0.0129687177736362,0.0121525768935134,-0.000572417117828449
6.9,0.273403419746039,-0.0128025387634293,0.0119195314925946,-0.000549612805831852
6.91,0.270267891212731,-0.0126416680100604,0.0117037654660209,-0.000528207945169719
6.92,0.267133296331096,-0.0124813097393034,0.0115039889083224,-0.000508124417392061
6.93,0.264081294446677,-0.012325848130999,0.0113191785957618,-0.000489285429468606
6.94,0.261029745721914,-0.0121708680481404,0.0111483646708519,-0.000471621888264462
6.95,0.258055069325525,-0.0120203970852918,0.0109906097396148,-0.000455069220217948
6.96,0.255080724933324,-0.0118703826818226,0.0108450010078315,-0.000439569669311532
6.97,0.252178082348537,-0.0117245133009094,0.0107107100974779,-0.000425072463678458
6.98,0.249276086498806,-0.0115790807353289,0.0105870082513607,-0.000411531221677449
6.99,0.246441236726752,-0.011437450051119,0.0104731832898657,-0.000398908232572624
7,0.24360776813372,-0.0112962392490398,0.0103685977605741,-0.000387166759920463
7.01,0.240837473167095,-0.0111585073737698,0.0102725722501947,-0.000376279313657334
7.02,0.238069625910632,-0.0110211828648649,0.0101844311215256,-0.000366216081283895
7.03,0.235361451836622,-0.0108870380973626,0.010103592350744,-0.00035695803550837
7.04,0.232656966110549,-0.0107532943348139,0.0100297130706449,-0.000348481634818746
7.05,0.230009052280959,-0.010622449898811,0.00996234148198512,-0.000340772582780169
7.06,0.227366256121923,-0.0104920005635503,0.00990092152928045,-0.000333813339970841
7.07,0.224777229669261,-0.0103641921946109,0.00984486299884271,-0.000327598785869123
7.08,0.222194714061218,-0.0102367838915669,0.00979339431426617,-0.000322122969575463
7.09,0.219663305092511,-0.0101117897333894,0.0097458965604271,-0.000317377056183363
7.1,0.217139680681023,-0.00998721652703559,0.00970177108645916,-0.000313336121934529
7.11,0.214645413441063,-0.00986402732567549,0.00966010181428794,-0.000309983750042674
7.12,0.212198397843942,-0.0097429703007817,0.00962021458911569,-0.000307278149998261
7.13,0.209760802081065,-0.00962240352184843,0.00958129840105805,-0.000305184684864445
7.14,0.207368006722403,-0.00950382987894122,0.00954260674493739,-0.000303663086822822
7.15,0.204985576780788,-0.0093858160172578,0.00950360265292735,-0.000302651150963129
7.16,0.202645588554319,-0.00926968866723209,0.00946348602866635,-0.00030209674781101
7.17,0.200316820839433,-0.00915420594535454,0.00942193203869773,-0.000301935758381421
7.18,0.198028298578497,-0.00904052795440101,0.00937860936962727,-0.000302113752069083
7.19,0.195751814992714,-0.00892758207133591,0.00933346867950585,-0.000302560308029379
7.2,0.193513562976706,-0.00881636982351157,0.00928636167067766,-0.000303221093907499
7.21,0.191288146335278,-0.00870596997322392,0.00923742078168967,-0.000304030983625778
7.22,0.189099132051583,-0.00859723552435847,0.00918665387949297,-0.000304943762245558
7.23,0.186923724993246,-0.00848938088156974,0.00913425032494788,-0.000305902683876463
7.24,0.184783057324005,-0.0083831223783666,0.0090802532848196,-0.000306870980892545
7.25,0.182656726196069,-0.00827779697332637,0.00902491456450663,-0.000307802247608285
7.26,0.180563610158491,-0.00817399613057534,0.00896829607708356,-0.000308670764427202
7.27,0.178485499406669,-0.00807116744148806,0.00891065563302866,-0.000309441244361738
7.28,0.176439189099637,-0.00796978931122249,0.00885205523239118,-0.000310098861644922
7.29,0.174408468946671,-0.00786940909253282,0.00879274168358487,-0.000310617931143023
7.3,0.172408219650808,-0.00777040466349844,0.00873253536782652,-0.000310990218545274
7.31,0.170424062623405,-0.00767241603233692,0.00867161681369407,-0.000311197868924701
7.32,0.168469112938748,-0.0075757317216217,0.00861000770805376,-0.000311242937062583
7.33,0.166530649837387,-0.0074800736079109,0.00854793518841221,-0.000311116789155228
7.34,0.164620174559878,-0.00738564921291836,0.00848542907301629,-0.000310828810825437
7.35,0.162726483773247,-0.00729225344094295,0.00842269092324574,-0.000310376401420739
7.36,0.160859617582655,-0.0072000221927589,0.00835970114953551,-0.000309774142605162
7.37,0.159009755411882,-0.0071088167784308,0.00829660720893385,-0.000309023952198898
7.38,0.157181597334786,-0.00701868713728515,0.00823336610601837,-0.000308142477907792
7.39,0.155378629792072,-0.0069296240337622,0.00817022343004583,-0.000307128039492389
7.4,0.153592894013274,-0.00684157485525266,0.00810709462127095,-0.000305997573607237
7.41,0.151831383331475,-0.00675453251697769,0.00804386927957841,-0.000304771464222702
7.42,0.150087233566179,-0.00666849554567917,0.00798063218842191,-0.000303454225083349
7.43,0.148366422531226,-0.00658341190829059,0.00791728534043556,-0.000302063639943682
7.44,0.146663079572364,-0.00649932461481211,0.00785390893035201,-0.000300603609652595
7.45,0.144982280314283,-0.00641614226518592,0.0077903579891108,-0.000299089987238066
7.46,0.143319035789662,-0.00633394874009743,0.00772653606075363,-0.000297528095887365
7.47,0.141677605512315,-0.0062526204481173,0.00766233640651781,-0.0002959380411703
7.48,0.140053783006221,-0.0061722762507848,0.0075979499818728,-0.000294321442605031
7.49,0.138451095108708,-0.00609276133687531,0.00753323369349993,-0.000292697736775686
7.5,0.136866026137632,-0.00601422554148726,0.00746822347664308,-0.000291070979021809
7.51,0.135301445912825,-0.00593648871419427,0.00740279733476564,-0.000289452253311003
7.52,0.133754450092422,-0.00585972805373197,0.00733695212168823,-0.000287840279211427
7.53,0.132227323753446,-0.00578374183250759,0.00727065883749245,-0.000286238573019986
7.54,0.13071770431044,-0.0057087293125469,0.00720406006189603,-0.000284636899861634
7.55,0.129227361029245,-0.00563446830924435,0.00713712375253773,-0.000283037106839767
7.56,0.127754410049252,-0.00556117664446888,0.00706994580772402,-0.000281429944748573
7.57,0.126300166520527,-0.00548861538265541,0.00700246143000486,-0.000279817881668543
7.58,0.124863168396002,-0.0054170186530117,0.00693474780063894,-0.000278192049480901
7.59,0.12344432956961,-0.00534613391540636,0.00686673832199678,-0.000276554668568808
7.6,0.122042186371957,-0.00527655847213743,0.00671925903999974,-0.000278020627426976
7.61,0.120656487352335,-0.00520872450070146,0.00654238110765603,-0.000279829532987947
7.62,0.119286565178176,-0.00514289008468475,0.00637354307288846,-0.000279567817543541
7.63,0.117932958634577,-0.00507866618663978,0.00621804037000012,-0.000277343626629951
7.64,0.116595409192629,-0.00501617167097354,0.00607825116051803,-0.000273505614676566
7.65,0.115274106670268,-0.00495509531870804,0.00595618491772061,-0.000268399767506708
7.66,0.113968979801852,-0.00489510337393175,0.00585308932782157,-0.000262338732465831
7.67,0.1126799997099,-0.0048362815923955,0.00576870836900121,-0.000255642217597475
7.68,0.111406948615325,-0.00477815932464724,0.00570174646677868,-0.000248618599310124
7.69,0.110149917406933,-0.00472085173517112,0.00565041252056058,-0.000241536976253597
7.7,0.108908454989715,-0.00466392165819554,0.0056124476976657,-0.00023463816754482
7.71,0.107682765210562,-0.00460753126739023,0.00558556364641951,-0.000228110645501943
7.72,0.106472219926876,-0.00455128873499864,0.00556718701649713,-0.000222118983395721
7.73,0.105277124071956,-0.00449540655704979,0.00555521529198308,-0.000216769266490978
7.74,0.104096714221875,-0.00443953661027443,0.00554744333231797,-0.000212142171078594
7.75,0.102931389992106,-0.00438393544671738,0.00554180057970955,-0.000208278504795592
7.76,0.101780288276563,-0.004328296900972,0.00553626653954934,-0.000205197073586804
7.77,0.100643892142287,-0.00427291668300682,0.0055292078779241,-0.00020287719314392
7.78,0.0995212699961128,-0.00421752284536378,0.00551916108509273,-0.000201281898424585
7.79,0.0984129801137597,-0.00416243869117951,0.00550506140226157,-0.00020034508096526
7.8,0.0973180484467366,-0.00410741586724987,0.00548599237237027,-0.000199994976866554
7.81,0.0962370979686711,-0.00405279382153032,0.00546140445141654,-0.000200140650394239
7.82,0.0951691309179112,-0.00399833804261078,0.0054308685420244,-0.000200693959534534
7.83,0.0941148225877408,-0.00394439396396324,0.00539428853069296,-0.000201555241166224
7.84,0.0930731656579127,-0.00389073252869987,0.00535162370574396,-0.000202635312721299
7.85,0.0920448765123107,-0.00383769605013021,0.005303264604301,-0.000203841796987399
7.86,0.0910289492759317,-0.0037850521919959,0.0052495755396599,-0.000205095793835369
7.87,0.0900261270483496,-0.00373313288486534,0.00519109112642249,-0.000206315692462997
7.88,0.0890354096093995,-0.00368169890392505,0.00512829155432506,-0.000207435783684837
7.89,0.0880575529467753,-0.00363106922518317,0.00506181902774502,-0.000208390568846358
7.9,0.0870915663853045,-0.00358099588761419,0.00499225140444857,-0.000209132763255449
7.91,0.0861382101261869,-0.00353178280085013,0.00492030373190248,-0.000209616884214964
7.92,0.0851969384167974,-0.0034833092989174,0.00484659131089416,-0.000209816160679113
7.93,0.0842672241159526,-0.00343545091280907,0.00477189683441562,-0.000209702621755403
7.94,0.083349817094325,-0.00338848652099508,0.00469677691097685,-0.000209268513608009
7.95,0.0824437751789888,-0.0033421445845336,0.00462173490466143,-0.000208516779575008
7.96,0.0815498277508115,-0.00329669048584092,0.00454733343055967,-0.000207448980102061
7.97,0.0806670485257588,-0.00325184572417429,0.00447397293114591,-0.000206082134699379
7.98,0.0797961446873019,-0.00320786388726092,0.00440209240594119,-0.00020443113393667
7.99,0.0789362135889431,-0.0031644618392357,0.00433195803842647,-0.000202523859178237
8,0.0780879330722455,-0.00312188408599507,0.00426386542091679,-0.000200383732893595
8.01,0.0772504239663789,-0.00307984570073768,0.00419793498987411,-0.000198044696931724
8.02,0.0764243306648069,-0.00303858516108914,0.00413428116710531,-0.000195536362223264
8.03,0.0756087976604889,-0.00299781886918806,0.00407292645052834,-0.00019289613091186
8.04,0.0748044326621993,-0.00295778133106293,0.0040139510410911,-0.000190152141137435
8.05,0.0740104055765312,-0.00291819155848244,0.00395722004547567,-0.000187341610867661
8.06,0.0732272860424079,-0.00287928286945722,0.00390265691291578,-0.000184491389345862
8.07,0.0724542703933333,-0.00284077963289901,0.00385006658415917,-0.000181632510669928
8.08,0.0716918910245519,-0.00280291538638627,0.00379934783899885,-0.000178784469734314
8.09,0.0709393734495867,-0.00276542031856572,0.0037502921933643,-0.000175971192772928
8.1,0.0701972148091654,-0.0027285286012635,0.00370277443589713,-0.000173204981203132
8.11,0.0694646722642438,-0.00269197659695513,0.00365656308839689,-0.00017050253109953
8.12,0.0687422099431629,-0.00265599958107647,0.00361152667116136,-0.00016786960157785
8.13,0.0680291184477866,-0.00262034011802606,0.00356743927053028,-0.000165316796255279
8.14,0.0673258309649389,-0.00258523456022623,0.00352418366778719,-0.000162844284134933
8.15,0.0666316726716221,-0.00255043128251354,0.00348155626926761,-0.000160457579393055
8.16,0.0659470468801164,-0.00251616738141618,0.00343946796574575,-0.000158152371258301
8.17,0.0652713135842686,-0.00248219635078792,0.00339774824851074,-0.00015593028478438
8.18,0.0646048491649225,-0.00244875542579206,0.00335634388687604,-0.000153783777390765
8.19,0.0639472789719293,-0.00241572140239049,0.00331512215526728,-0.000151711856876782
8.2,0.0632982632073098,-0.00238297377377137,0.00327413589409458,-0.000149702268141659
8.21,0.062658137493627,-0.00235074761967763,0.00323327625309289,-0.000147752047789899
8.22,0.0620263495705644,-0.00231880635338414,0.00319244564684576,-0.000145859658110585
8.23,0.0614032064516987,-0.00228738432034052,0.00315167623452084,-0.000144014594615336
8.24,0.0607881835155746,-0.0022562473293063,0.00311091917777561,-0.000142213942018054
8.25,0.0601815654951796,-0.00222562784298128,0.00307023638282641,-0.000140447452701192
8.26,0.0595828609102795,-0.00219529320727891,0.00302960349106731,-0.000138712932453156
8.27,0.0589923318111154,-0.00216547364899849,0.00298910217703961,-0.000137001161167514
8.28,0.0584095172856578,-0.00213593755431414,0.00294872351304816,-0.000135311171977703
8.29,0.0578346572931205,-0.00210691272808661,0.00290856010599879,-0.000133635124905237
8.3,0.0572673196473839,-0.0020781682741775,0.00286861000272855,-0.00013197350334154
8.31,0.0567077225317341,-0.00204992956603394,0.00282896892957819,-0.00013031995021436
8.32,0.0561554604042553,-0.00202196626243911,0.00278963487736659,-0.000128676397238063
8.33,0.0556107302447735,-0.00199450142684614,0.00275070060084879,-0.000127037873657481
8.34,0.055073151249909,-0.00196730522920159,0.0027121588712012,-0.000125407588544686
8.35,0.0545429000784365,-0.00194059863759774,0.0026740952815111,-0.00012378172550807
8.36,0.0540196189804949,-0.00191415237181407,0.00263649409937665,-0.000122164496794553
8.37,0.0535034654815647,-0.00188818557467348,0.00259943137010035,-0.000120552935802851
8.38,0.0529941034427091,-0.00186246960177506,0.00256288127430608,-0.000118951938747431
8.39,0.0524916726683511,-0.00183722206316893,0.00252690948431877,-0.000117359064494745
8.4,0.0519958574595569,-0.00181221505509361,0.00249147991362116,-0.0001157795759404
8.41,0.0515067813624801,-0.00178766495015922,0.00245664825819104,-0.000114211253943852
8.42,0.0510241477137603,-0.00176334469386738,0.00242236902911434,-0.000112659446727333
8.43,0.0505480653071926,-0.00173946968079394,0.00238868910783986,-0.000111121900037794
8.44,0.0500782560933521,-0.00171581376673632,0.00235555529706819,-0.00010960381931141
8.45,0.0496148159208265,-0.00169259158650137,0.00232300775771603,-0.000108102723665678
8.46,0.0491575656916341,-0.00166968757679026,0.00229098723614718,-0.000106623524995447
8.47,0.0487063440804725,-0.00164698681075151,0.00225959625379363,-0.000105160690014722
8.48,0.0482612283906041,-0.00162470200474518,0.00222875848510149,-0.000103718179671396
8.49,0.0478219833171145,-0.0016026102413014,0.0021983904838078,-0.000102301453405951
8.5,0.0473886726707389,-0.00158092451535327,0.0021685204108265,-0.00010090697489527
8.51,0.0469610711532547,-0.00155942304007874,0.00213908222100601,-9.953836708281e-05
8.52,0.0465392354295633,-0.00153831851455388,0.00211010724767445,-9.81915003313228e-05
8.53,0.046122956053398,-0.00151739001532919,0.00208153169419464,-9.68695979111073e-05
8.54,0.0457122822155773,-0.00149684997640359,0.00205338921017806,-9.55682095743763e-05
8.55,0.0453070183056532,-0.00147647824932709,0.00202561829629225,-9.42903066817029e-05
8.56,0.0449072065195038,-0.00145648701599893,0.00199825486812317,-9.30312461367148e-05
8.57,0.044512663941171,-0.00143665681385278,0.00197123958651366,-9.17938649521014e-05
8.58,0.0441234258967862,-0.00141719959506208,0.0019446104533889,-9.05734350299952e-05
8.59,0.0437393207752588,-0.00139789650739802,0.00191831010992541,-8.93727559756604e-05
8.6,0.0433603772466495,-0.0013789592928249,0.0018923785043352,-8.81870987150513e-05
8.61,0.042986433779707,-0.00136016963634061,0.00186676013230131,-8.70192984260449e-05
8.62,0.0426175127896216,-0.00134173908313057,0.0018414967652325,-8.58646881273561e-05
8.63,0.0422534617952015,-0.00132344978340078,0.00181653461247998,-8.47261933573508e-05
8.64,0.0418942975600296,-0.00130551309305565,0.00179191710005173,-8.35992563694955e-05
8.65,0.0415398758320835,-0.00128771155732668,0.00176759194355574,-8.24869333878337e-05
8.66,0.0411902084657245,-0.00127025634707686,0.00174360397292991,-8.13848098416235e-05
8.67,0.0408451587840371,-0.00125293033687924,0.00171990211459511,-8.0296100310101e-05
8.68,0.040504734510759,-0.00123594451739917,0.00169653226230206,-7.92165550469208e-05
8.69,0.0401688059690823,-0.001219082034004,0.00167344417727553,-7.81495622846157e-05
8.7,0.03983737753529,-0.00120255370326171,0.00165068441056621,-7.70910461505268e-05
8.71,0.039510326118698,-0.00118614289242611,0.00162820313288241,-7.60445711415622e-05
8.72,0.0391876532987936,-0.00117006026379524,0.0016060471125018,-7.50062319595e-05
8.73,0.038869269183774,-0.0011541961052753,0.00158416650049125,-7.39797595864862e-05
8.74,0.0385550911399024,-0.00113844061042596,0.00156267532220288,-7.2958695179641e-05
8.75,0.038245116624352,-0.00112300314188089,0.00154151037338052,-7.19463428906959e-05
8.76,0.0379392382564749,-0.00110766825713114,0.00152060227578353,-7.0947778319026e-05
8.77,0.0376374488382358,-0.00109264586049831,0.00149999380143155,-6.9959334185454e-05
8.78,0.0373396412277929,-0.00107772081807928,0.00147963351697267,-6.8984756053184e-05
8.79,0.0370458091658099,-0.00106310295000788,0.00145956706449371,-6.8020256298363e-05
8.8,0.0367558520431546,-0.00104857721618477,0.00143974419948433,-6.70696116517538e-05
8.81,0.0364697633916342,-0.0010343533731397,0.00142021123538852,-6.61290909312762e-05
8.82,0.0361874475332302,-0.00102021646361627,0.00140091810409911,-6.52025378543472e-05
8.83,0.0359088975836419,-0.00100637620146337,0.00138191095794834,-6.42862824868902e-05
8.84,0.0356340221400264,-0.00099261770733109,0.00136313924981554,-6.3384223648573e-05
8.85,0.0353628134592796,-0.000979150689725155,0.00134464850250904,-6.24927297345148e-05
8.86,0.0350951835602786,-0.000965760356708818,0.00132638742492487,-6.1615723222078e-05
8.87,0.0348311235642595,-0.000952656449315846,0.00130840085172371,-6.07495726347863e-05
8.88,0.0345705482311991,-0.000939624272689449,0.00129063685003966,-5.98981832529136e-05
8.89,0.0343134475099112,-0.000926873630781685,0.00127313978741985,-5.90578835947233e-05
8.9,0.0340597384211276,-0.000914189929110638,0.00125585738662427,-5.82325251175698e-05
8.91,0.0338094099599628,-0.000901783052660998,0.00123883388553738,-5.74183652687934e-05
8.92,0.0335623811410173,-0.000889438501134003,0.00122201699262388,-5.66191772368431e-05
8.93,0.0333186404115449,-0.000877366246358593,0.00120545115734056,-5.5831130808627e-05
8.94,0.0330781086866396,-0.000865351867501641,0.00118908440006464,-5.50579120911173e-05
8.95,0.0328407743391608,-0.000853605420715782,0.00117296156499069,-5.42956021827234e-05
8.96,0.0326065601340704,-0.000841912546246748,0.00115703111907113,-5.35478054665027e-05
8.97,0.0323754548360724,-0.000830483375825225,0.00114133841235798,-5.28105255824132e-05
8.98,0.0321473831307975,-0.000819103588195391,0.00112583238327503,-5.20873006783258e-05
8.99,0.0319223345921928,-0.000807983380436501,0.00111055884125337,-5.13740763363539e-05
9,0.0317002509003705,-0.00079701461845848,0.00109546709221061,-5.06743461883539e-05
9.01,0.0314810773835716,-0.000786088902796168,0.00108067071383856,-4.99813106374718e-05
9.02,0.0312648043782551,-0.000775415407942934,0.00106610621941302,-4.92978688057748e-05
9.03,0.0310513626603723,-0.000764780599697866,0.00105170418013379,-4.8628633982324e-05
9.04,0.0308407404443007,-0.000754394347714171,0.00103750774590024,-4.79694124278514e-05
9.05,0.0306328658464436,-0.000744043277575249,0.00102346610165703,-4.73233949900059e-05
9.06,0.0304277309548475,-0.000733937286879857,0.00100962590478264,-4.6686203489729e-05
9.07,0.0302252674897647,-0.000723862957381894,0.000995938093973124,-4.60610234468418e-05
9.08,0.0300254696011069,-0.000714030214423107,0.00098245047147691,-4.5443523562799e-05
9.09,0.0298282713932925,-0.000704225588339879,0.000969114580337672,-4.48369682188909e-05
9.1,0.0296336686826659,-0.000694659028796287,0.000955978415128741,-4.42371205585871e-05
9.11,0.0294415975405315,-0.000685117017134544,0.000942993327326429,-4.36473513436159e-05
9.12,0.0292520547686896,-0.000675809546817797,0.000930206879729213,-4.30635309022528e-05
9.13,0.0290649777800471,-0.000666523069371004,0.00091756981024828,-4.24891359579801e-05
9.14,0.0288803638571697,-0.000657467647109022,0.000905129037994219,-4.19201320032552e-05
9.15,0.0286981512694215,-0.000648429722291818,0.000892834644519185,-4.13600820621735e-05
9.16,0.0285183375318616,-0.000639619446796726,0.000880732992629941,-4.08050229230313e-05
9.17,0.0283408614647218,-0.000630823268204772,0.00086877368529233,-4.0258578714968e-05
9.18,0.0281657208302182,-0.000622251439389656,0.000857002760455466,-3.97168333108493e-05
9.19,0.0279928548794122,-0.000613690418984817,0.000845369598194676,-3.91834501399439e-05
9.2,0.0278222618255923,-0.000605350562764,0.000833920161795378,-3.86545420975026e-05
9.21,0.027653881367707,-0.000597018338162353,0.000822603836411036,-3.81337976944708e-05
9.22,0.0274877124574677,-0.000588904198766283,0.000811466694982447,-3.76173489745839e-05
9.23,0.0273236953262319,-0.000580794613754709,0.000800458264830245,-3.71089031881295e-05
9.24,0.0271618299315268,-0.000572900126238417,0.00078962480804373,-3.6604608614546e-05
9.25,0.0270020571305498,-0.000565007198424111,0.000778916024617774,-3.61081905251201e-05
9.26,0.026844378088094,-0.00055732645478254,0.000768378348385734,-3.56158144066592e-05
9.27,0.02668874889867,-0.000549750439782183,0.00075796159845695,-3.51312250705474e-05
9.28,0.0265351283964548,-0.000542171407726898,0.000747779701188012,-3.46478974861733e-05
9.29,0.0263835189195747,-0.000534798983721146,0.000737769560048698,-3.41690225652901e-05
9.3,0.0262338647381388,-0.000527420341498117,0.000727862021719233,-3.36995218833515e-05
9.31,0.0260861664414871,-0.000520245811346219,0.000718100434569804,-3.32355181065737e-05
9.32,0.0259403643205636,-0.000513062716467347,0.000708434156890802,-3.27805236769447e-05
9.33,0.0257964625171676,-0.000506081433139075,0.000698909966946677,-3.23304822251133e-05
9.34,0.0256544041048996,-0.000499089226342456,0.000689478985213795,-3.18888946544668e-05
9.35,0.0255141953403117,-0.000492296507366921,0.00068018919758293,-3.14517363820474e-05
9.36,0.0253757808661697,-0.000485490478135931,0.000670992413326124,-3.10225655365028e-05
9.37,0.0252391685588313,-0.000478881577256654,0.000661936898858709,-3.05974256009964e-05
9.38,0.0251043043169248,-0.000472256945675331,0.000652974376191885,-3.01799493870341e-05
9.39,0.0249711969121769,-0.000465827063604486,0.000644152784331007,-2.9766252245071e-05
9.4,0.024839792940228,-0.000459379029924165,0.000635423343388541,-2.93600338359277e-05
9.41,0.0247101015086362,-0.000453123386858081,0.000626833454890669,-2.89574632866173e-05
9.42,0.0245820694834427,-0.000446847211717285,0.000618333791954866,-2.85622826883966e-05
9.43,0.0244557060113255,-0.000440761125628607,0.0006099713012919,-2.81706875316525e-05
9.44,0.0243309579771973,-0.000434652199168467,0.000601696279869564,-2.77864348787161e-05
9.45,0.0242078345479191,-0.000428731140593033,0.000593555444627747,-2.7405721252749e-05
9.46,0.0240862825665198,-0.000422785019745176,0.000585498965086961,-2.70322969582484e-05
9.47,0.0239663114048092,-0.00041702463122117,0.000577573571053332,-2.66623427115374e-05
9.48,0.0238478679358709,-0.000411237042073581,0.000569729523946561,-2.62995902000894e-05
9.49,0.0237309620310115,-0.000405633125198569,0.000562013741284948,-2.594019784494e-05
9.5,0.0236155407575964,-0.0003999999371309,0.000554376701474564,-2.55878767915816e-05
9.51,0.023501614773501,-0.000394548418151327,0.00054686557344779,-2.52387656395638e-05
9.52,0.0233891314899943,-0.000389065605656964,0.00053943106177223,-2.48965605566025e-05
9.53,0.0232781025484519,-0.000383762497480047,0.000532120544119352,-2.45573882597981e-05
9.54,0.0231684913943568,-0.000378532147171634,0.000524884872241782,-2.42249388259291e-05
9.55,0.0230602641270248,-0.00037326731583788,0.000517838834728536,-2.38926293126288e-05
9.56,0.0229534332754722,-0.000368177963323897,0.000510920420257658,-2.35635768155795e-05
9.57,0.0228479492110925,-0.000363051805633506,0.000504061503656009,-2.32426246114933e-05
9.58,0.022743822520916,-0.000358099480278152,0.000497306344332828,-2.29258181996481e-05
9.59,0.0226409994814516,-0.000353108840880739,0.000490605269303364,-2.26165859272369e-05
9.6,0.0225394940025754,-0.000348290545085453,0.00048400590450771,-2.23107918124207e-05
9.61,0.0224392550317929,-0.000343432377925067,0.000477460268134593,-2.20118532655164e-05
9.62,0.0223402983748049,-0.000338745007045315,0.000471017114004859,-2.17156697633193e-05
9.63,0.0222425744527734,-0.000334016146115259,0.000464629067229528,-2.14257220013566e-05
9.64,0.0221461004495127,-0.000329456467373895,0.000458345074625606,-2.11379861196434e-05
9.65,0.0220508279454794,-0.000324853617693343,0.000452117588701969,-2.08560278816705e-05
9.66,0.0219567747735636,-0.000320418290343121,0.000445995144496808,-2.05759074733439e-05
9.67,0.0218638931281292,-0.000315938086022632,0.000439929614525241,-2.0301270844951e-05
9.68,0.0217722009369394,-0.000311623741125684,0.00043396892085304,-2.00282465949903e-05
9.69,0.0216816505956743,-0.000307262831881293,0.000428064320380624,-1.9760538474198e-05
9.7,0.0215922598358838,-0.000303066156106512,0.000422263214429893,-1.94943176778803e-05
9.71,0.0215039810118722,-0.000298821281292234,0.00041651642370539,-1.92333194875379e-05
9.72,0.0214168316404304,-0.000294739076178851,0.000410871062050906,-1.89737330885352e-05
9.73,0.0213307639737252,-0.000290607106063615,0.000405277770067902,-1.87193038199407e-05
9.74,0.0212457954972967,-0.000286636310712003,0.000399783623218761,-1.84662218055449e-05
9.75,0.0211618784369645,-0.00028261425131326,0.000394339306936146,-1.82182299844381e-05
9.76,0.021079030526997,-0.000278751931917243,0.00038899203882057,-1.79715119127489e-05
9.77,0.0209972041082227,-0.000274836902626246,0.000383692680174992,-1.77298047578696e-05
9.78,0.0209164174370722,-0.000271080222120205,0.000378488661986764,-1.74892860554258e-05
9.79,0.0208366231129142,-0.000267269421174232,0.000373331039869022,-1.7253690444165e-05
9.8,0.0207578401053163,-0.000263615604473288,0.000368267426371146,-1.70191947637031e-05
9.81,0.0206800213635556,-0.000259906277397803,0.000363249003857518,-1.67895372309529e-05
9.82,0.0206031866521674,-0.000256352585363901,0.000358323471453495,-1.65609001845785e-05
9.83,0.0205273054772432,-0.000252847964332892,0.000353442030237265,-1.63370307916984e-05
9.84,0.0204523499891716,-0.000249285562007955,0.000348719566289597,-1.6111416750286e-05
9.85,0.0203783403811009,-0.000245875470523644,0.00034409435982338,-1.58872401929499e-05
9.86,0.0203052322852615,-0.00024240587470627,0.000339498498942947,-1.56694124995185e-05
9.87,0.0202330435921074,-0.000239087537149269,0.00033497632286839,-1.54540540301357e-05
9.88,0.0201617256677444,-0.000235708784757623,0.000330478322407231,-1.52446615343261e-05
9.89,0.0200912993336659,-0.000232480395549798,0.000326052195663591,-1.50371711076307e-05
9.9,0.0200217183671685,-0.000229190634191863,0.000321650145093287,-1.48350636330153e-05
9.91,0.0199530051506245,-0.000226050282805169,0.000317321047261785,-1.46343038406184e-05
9.92,0.0198851148579862,-0.000222847535698367,0.000313017788375228,-1.44384275275125e-05
9.93,0.0198180709950568,-0.00021979317095023,0.000308789523232341,-1.42434673747424e-05
9.94,0.0197518297876129,-0.000216675315530395,0.000304589047496739,-1.40530358311685e-05
9.95,0.0196864151618439,-0.000213704758080896,0.00030046518166851,-1.38632415503473e-05
9.96,0.0196217838827584,-0.000210669576325986,0.000296370212442798,-1.36777693780402e-05
9.97,0.0195579597723361,-0.000207780589917015,0.000292352407350202,-1.34927891024553e-05
9.98,0.0194948997348314,-0.000204825847395199,0.00028836348529178,-1.33120365516711e-05
9.99,0.0194326271975149,-0.00020201621724649,0.000284451227073525,-1.31317177993594e-05
10,0.0187563952529917,-0.00372682752978415,0.000280566936859278,-1.29555942345391e-05
10.01,0.0181181354756526,-0.0060211996839595,0.00254313464598337,7.84539259541731e-05
10.02,0.0173201730634052,-0.00826428746324015,0.0103406996279231,0.000429314125229491
10.03,0.0164333173248297,-0.0103623003407826,0.0219702127127723,0.000894958907624494
10.04,0.0154936579145288,-0.0123513554750177,0.0364883000599289,0.0013911736706402
10.05,0.0144507739067681,-0.0141682224677736,0.0531008168679221,0.00185889340318975
10.06,0.0132115438123914,-0.0159294551831236,0.0711184880804796,0.00225728307746316
10.07,0.0116590013841089,-0.017558043704191,0.0899598483785582,0.00255931939106124
10.08,0.00966705547174951,-0.0192023133685302,0.109196489283671,0.00275293818812056
10.09,0.0071013087359415,-0.0207497635553881,0.12849631992351,0.00283349297674295
10.1,0.0038452299174967,-0.0222782365602824,0.147630505513798,0.00280472456734735
10.11,-0.000184150281755224,-0.0238845561102168,0.166398667454987,0.00267068760783358
10.12,-0.00508545721082521,-0.0253868423446433,0.184757221958204,0.00244304946471311
10.13,-0.0108690962884381,-0.0269653873121782,0.202694076561003,0.00213425086667707
10.14,-0.0176236685500577,-0.0283999053507048,0.220133000786029,0.00175055002219333
10.15,-0.0252896485055971,-0.0298926514426698,0.237018231779207,0.00129979911527684
10.16,-0.0339806440954979,-0.0311953712024527,0.253213327870387,0.00078347669798041
10.17,-0.0435656346043494,-0.0325389903841131,0.268652999542221,0.000207063685062931
10.18,-0.0542131976131666,-0.0336527107708746,0.283219608164549,-0.000427908345286144
10.19,-0.065710596403755,-0.0347980371450105,0.29685568571132,-0.0011160981658025
10.2,-0.0783058095606548,-0.0356831801077785,0.309463028855297,-0.00185546267576216
10.21,-0.0916868755431426,-0.0365987672728226,0.321021397736141,-0.00264003324116364
10.22,-0.106200247833246,-0.0372314930063639,0.331489603974356,-0.00346633547789198
10.23,-0.12141343774664,-0.0378986793502672,0.34088604637217,-0.00432800447152827
10.24,-0.137789075934673,-0.0382649304040351,0.34922096019046,-0.00522194151153596
10.25,-0.154754116296195,-0.038672105810165,0.356519904088204,-0.00614143502455055
10.26,-0.172535297546819,-0.0389494824615002,0.362796121993561,-0.00708121639617262
10.27,-0.191510858030682,-0.0389032632035651,0.368111160787124,-0.00803443772250475
10.28,-0.21086391243978,-0.038911346063641,0.372495200289584,-0.00899641643998149
10.29,-0.2314278199084,-0.0385844835656567,0.375984403174845,-0.00996327008545441
10.3,-0.252205999684295,-0.0383225838305716,0.378654024749628,-0.0109297207566016
10.31,-0.274211032553504,-0.0377165666452909,0.380558825534583,-0.0118918982033845
10.32,-0.296250829750139,-0.0371864300157149,0.381774722777461,-0.0128458400587192
10.33,-0.318828428647635,-0.036525671200521,0.382357465358695,-0.0137886562669931
10.34,-0.342652679118824,-0.0355080155731606,0.382386507009332,-0.0147173022121572
10.35,-0.366220581081691,-0.0345829992906664,0.381929219214963,-0.0156301174995663
10.36,-0.391056027105125,-0.0332945147128314,0.381039900620346,-0.0165245196369297
10.37,-0.415439121842931,-0.0321095215094862,0.379788836865412,-0.0173989677568713
10.38,-0.440138101776079,-0.0307986331957426,0.378224737142138,-0.0182519681743079
10.39,-0.466151927498109,-0.0291154148866271,0.37638632500375,-0.0190817043879219
10.4,-0.491420702575582,-0.0275520272561131,0.37430780744954,-0.0198873002512946
10.41,-0.51804773821132,-0.0256123883825144,0.372017624557436,-0.0206683604343208
10.42,-0.543738930592581,-0.0238028697199165,0.369522268182554,-0.021424310153349
10.43,-0.569559293449247,-0.0218750596494082,0.366823758196921,-0.0221547952389156
10.44,-0.596818969447743,-0.0195667453831787,0.363928667483503,-0.0228590395878911
10.45,-0.622864711932204,-0.0174052811150863,0.360815756389809,-0.0235373813764724
10.46,-0.648949259380338,-0.0151329665351741,0.357449800790034,-0.0241905182438835
10.47,-0.676574675693538,-0.0124804135843983,0.353807346637337,-0.0248173206997906
10.48,-0.702721564994929,-0.00999350440205046,0.349813817288896,-0.0254184345366928
10.49,-0.72883436595348,-0.00740768395468652,0.345386587469019,-0.0259949993238931
10.5,-0.756610086341727,-0.00444921174711749,0.340461328217277,-0.0265454712523915
10.51,-0.782661161389707,-0.00168064213031713,0.334886578506912,-0.0270714578036494
10.52,-0.80862786510874,0.00116613795664652,0.32849302197361,-0.0275754836936513
10.53,-0.836404918335665,0.00436547832781964,0.321141274981627,-0.0280556227839153
10.54,-0.862238116291094,0.00733917399986578,0.312556005109614,-0.0285147466204388
10.55,-0.88796859422889,0.010354255316374,0.302468675337074,-0.0289547025605176
10.56,-0.915691898970563,0.0136812628377544,0.290743634475339,-0.0293666274695845
10.57,-0.941287304115357,0.0167289935298926,0.277186122382147,-0.0297442053899794
10.58,-0.966789950922379,0.0197633355818819,0.261710596091168,-0.0300780416748684
10.59,-0.992198643523122,0.0227657915090404,0.244462152944167,-0.0303433092417271
10.6,-1.01984643796828,0.0260080841303023,0.225528476912216,-0.0305199572909068
10.61,-1.04508778673388,0.0288973235221709,0.204966179466723,-0.0305925201695771
10.62,-1.07017088990151,0.0317070375303992,0.182933518672072,-0.0305497108828642
10.63,-1.09756942931436,0.0347137340419318,0.159809606700528,-0.0303672569984907
10.64,-1.12220456332379,0.0373360196246394,0.13577735517458,-0.0300348675618965
10.65,-1.14641372370423,0.0398570449737452,0.111082765554552,-0.0295509552272887
10.66,-1.1700149460601,0.042278225432398,0.0861905414653586,-0.0289041138947859
10.67,-1.19553646030726,0.044887260937246,0.0614198097414267,-0.0280963328870135
10.68,-1.21725336262957,0.0471264310396795,0.0369303979394798,-0.0271385416327136
10.69,-1.23759348910175,0.049286009971319,0.0128516185690035,-0.026047417325528
10.7,-1.25918375280173,0.0516490565540491,-0.0105285001601626,-0.0248307440932737
10.71,-1.27600803312809,0.0536691701110915,-0.0331771037952712,-0.0235104523885437
10.72,-1.29069734561781,0.0556262104753216,-0.0551236673144182,-0.0221131746839643
10.73,-1.30605935215849,0.057787637814704,-0.0762562098113682,-0.020653702785833
10.74,-1.31598107175534,0.0596156871619421,-0.096674737327909,-0.0191562139221768
10.75,-1.32636286268494,0.0616327107642445,-0.116510343044084,-0.0176447409885299
10.76,-1.33113688813898,0.0633079379315576,-0.135787816877995,-0.0161321730021878
10.77,-1.3363675829788,0.065142659346158,-0.154612815243327,-0.0146351644491005
10.78,-1.32590277489674,0.065447681917302,-0.172978596441777,-0.0131597867530259
10.79,-1.31658468363548,0.0658875826856351,-0.190569972977603,-0.0117005159587781
10.8,-1.30554967620128,0.0662162226181016,-0.206644950096212,-0.0102237598392291
10.81,-1.2900755470245,0.0662147532238012,-0.221253573315964,-0.00874561522754842
10.82,-1.27619409923434,0.0663455300104467,-0.234418617016532,-0.00727955742142704
10.83,-1.26118772745184,0.0663812912581389,-0.246152904828715,-0.00583486280197593
10.84,-1.2425262018741,0.0661195873188426,-0.256577604960304,-0.00442507183462601
10.85,-1.22599166055541,0.0659829138348227,-0.265753524696291,-0.0030582294044725
10.86,-1.20897412341645,0.0657621170080444,-0.273715093433229,-0.00173837737024704
10.87,-1.19163976733593,0.0654610620843432,-0.28058504642096,-0.000473376232244719
10.88,-1.1715859369612,0.0649025670656617,-0.286415575876038,0.000734135050150315
10.89,-1.15404072761867,0.0644605757290048,-0.291228378733874,0.00188409245113745
10.9,-1.1364787707871,0.0639531063348833,-0.295052869899699,0.00297753136059453
10.91,-1.11657704103022,0.0632222606707982,-0.297968047303233,0.00401197404186127
10.92,-1.0991373774228,0.0626077346888966,-0.30001079875916,0.00498954716152713
10.93,-1.08174342060888,0.0619459375876488,-0.301233720890466,0.00591178919783759
10.94,-1.06219942028667,0.0610960230388685,-0.30170330371941,0.00677706638123866
10.95,-1.0449335942088,0.0603636867929825,-0.30144048260726,0.00758657287043287
10.96,-1.02768933335836,0.0596023402540746,-0.300474385570647,0.00834248403961623
10.97,-1.01045989547649,0.0588177123958082,-0.298894689133458,0.00904431477285765
10.98,-0.991280031545227,0.0578891801427095,-0.296781772861676,0.0096934139175119
10.99,-0.974133318722718,0.0570777147505424,-0.294187105078596,0.0102925579334056
11,-0.95700600419702,0.0562564032261807,-0.29116725758347,0.010844199732212
11.01,-0.938112565928892,0.0553175902196628,-0.287804489760302,0.0113497236389962
11.02,-0.92110707689591,0.0544909426928319,-0.284172726215637,0.0118120006498883
11.03,-0.902467650873915,0.0535603393958952,-0.280350077993873,0.012234093183629
11.04,-0.885627146319866,0.0527357781489879,-0.27643479565447,0.0126196396372206
11.05,-0.868857128580038,0.0519108990860196,-0.272475930928709,0.0129722833170822
11.06,-0.850646987563541,0.0509966626152817,-0.268514810843747,0.0132940311653668
11.07,-0.834100677704667,0.0501754591315931,-0.264576901519291,0.0135870114369369
11.08,-0.817652396548829,0.0493533239046303,-0.260692192244908,0.0138535395560607
11.09,-0.79994696077272,0.0484524329405599,-0.256885456179434,0.0140953257129126
11.1,-0.78376669149955,0.0476303002059988,-0.253154693826109,0.014313960160455
11.11,-0.766442902770424,0.04673526301355,-0.249486503184231,0.0145108134557713
11.12,-0.750550470062941,0.045910245527745,-0.245868351355422,0.0146866128844745
11.13,-0.734783127794151,0.0450812381695013,-0.242284790222374,0.0148418839689758
11.14,-0.718033672120041,0.0441886883030712,-0.238720367211172,0.0149767858487559
11.15,-0.702575151071533,0.0433547845900589,-0.23515981797877,0.0150912640266594
11.16,-0.686235718552967,0.0424637283997488,-0.231585317746128,0.0151852318495599
11.17,-0.671095254015442,0.0416251756582418,-0.227977867466676,0.0152586569836578
11.18,-0.656094702611075,0.040783284363989,-0.224320470056316,0.0153113342221937
11.19,-0.640361610929647,0.0398946155326822,-0.220595474406076,0.0153431621190839
11.2,-0.625699187144133,0.0390510946659699,-0.216786267732549,0.0153539174170379
11.21,-0.610402689335715,0.038167834022925,-0.212885008383363,0.0153429908820723
11.22,-0.596098835455825,0.0373259903870738,-0.208874079727959,0.0153102812317796
11.23,-0.581260084808283,0.0364515517892783,-0.204735064982625,0.0152556800785645
11.24,-0.567344379220505,0.0356157222902785,-0.200459408609595,0.0151787253312754
11.25,-0.552994645116796,0.0347544805351752,-0.196049094968803,0.0150786033315631
11.26,-0.539506574314428,0.0339294781915635,-0.191510866218768,0.0149546782233043
11.27,-0.526231960842622,0.0331103792394392,-0.18686189470249,0.0148062686804133
11.28,-0.512679440727442,0.0322754235346927,-0.182122781555848,0.0146336760419014
11.29,-0.499917260168153,0.0314725720875994,-0.177318890743496,0.0144375177245329
11.3,-0.486980055186589,0.0306587043240595,-0.172467050207338,0.014218514441063
11.31,-0.474789998328753,0.0298738926794384,-0.167572806610527,0.0139776145333433
11.32,-0.462519681590088,0.0290823447041754,-0.162641086841754,0.0137156827638467
11.33,-0.450954501866095,0.0283171001931442,-0.157670738136835,0.0134342329634555
11.34,-0.439393967200223,0.0275491705100155,-0.152663594270218,0.0131345339848131
11.35,-0.428495546943525,0.0268053167704779,-0.147624288454456,0.0128182040446777
11.36,-0.417674422472695,0.0260626554389708,-0.142565145480398,0.0124868530653607
11.37,-0.407470052336159,0.0253421712549952,-0.13749010376432,0.0121424168649219
11.38,-0.397401996438441,0.0246264931530201,-0.132403625919815,0.0117866198598483
11.39,-0.38790182606414,0.0239316121442157,-0.127307748836923,0.0114212760333188
11.4,-0.378582461256706,0.0232450896059892,-0.122217748709469,0.0110481569520939
11.41,-0.369778503899419,0.0225783349792617,-0.117146289208282,0.0106695833428321
11.42,-0.36118489635646,0.0219231581357506,-0.11209968673462,0.0102874107937207
11.43,-0.353050703862616,0.0212870468997618,-0.107081596044025,0.00990328109535384
11.44,-0.345143198243794,0.0206656039498383,-0.102105699958987,0.00951858678949483
11.45,-0.337637561964669,0.0200628045977383,-0.0971847978612149,0.00913492030502967
11.46,-0.330420704912438,0.0194771915726519,-0.0923306444177194,0.00875355625767097
11.47,-0.323437358604042,0.0189101331926638,-0.0875494367595084,0.00837597563189504
11.48,-0.316771293324034,0.0183612568396861,-0.0828568067434985,0.00800325869008384
11.49,-0.310332122220813,0.0178330092255036,-0.0782681827920387,0.00763617683682076
11.5,-0.304155755245278,0.0173225396402648,-0.0737961423738418,0.00727555098429889
11.51,-0.298196680099522,0.0168341026115616,-0.069449854011226,0.00692201116528974
11.52,-0.292451717515504,0.0163628167781706,-0.0652410368656574,0.00657637889967655
11.53,-0.286913531808853,0.0159143112444052,-0.0611853835017461,0.00623920398582423
11.54,-0.281548075122895,0.0154819131809264,-0.057290629606161,0.00591102337809603
11.55,-0.276380839734232,0.01507227702698,-0.0535631120849157,0.00559219888197578
11.56,-0.271353438723886,0.0146774082082601,-0.0500030514795583,0.00528356375318703
11.57,-0.266518545988905,0.0143047840873434,-0.0466164787555878,0.00498542687079086
11.58,-0.26179803010295,0.0139453766393045,-0.0434096921481759,0.00469788886581137
11.59,-0.257266580406064,0.013607137819439,-0.0403866079869483,0.00442104374075718
11.6,-0.252830384768535,0.0132803097525783,-0.0375457387251885,0.00415513714663668
11.61,-0.248581158694938,0.0129732109426127,-0.0348858586294161,0.00390039805252501
11.62,-0.244412432300936,0.0126756916159999,-0.0324016667604276,0.00365707255460205
11.63,-0.24042833906991,0.0123963246818034,-0.0300895564033141,0.00342508605086843
11.64,-0.236512534166723,0.0121248146097795,-0.0279424074490593,0.00320445224516413
11.65,-0.232777441493096,0.0118698774494744,-0.0259536662145682,0.00299503513303214
11.66,-0.229099202864329,0.0116212830697652,-0.0241156804541156,0.00279685818112459
11.67,-0.225595462186326,0.0113877704300458,-0.0224214928258642,0.00260987358774254
11.68,-0.222137586632662,0.0111593018378188,-0.0208619017741387,0.00243397083631231
11.69,-0.218846034256627,0.0109445593120041,-0.0194272876573314,0.00226893703284452
11.7,-0.215589633692196,0.0107338492485077,-0.0181070595131322,0.00211457558253086
11.71,-0.21248968488968,0.0105357318587598,-0.016892607437573,0.00197049636894887
11.72,-0.209414879520954,0.0103409059242407,-0.0157750770697686,0.00183632561134899
11.73,-0.206486326993715,0.0101576940697732,-0.0147475376795466,0.00171155376180999
11.74,-0.203574554290494,0.00997720060679807,-0.013802850723216,0.00159571374271451
11.75,-0.2007384498287,0.00980340593717627,-0.0129358676297935,0.00148826599913426
11.76,-0.198034456323509,0.009639889446356,-0.0121402852721527,0.00138874355115568
11.77,-0.195338064046048,0.0094784163261688,-0.0114113640097901,0.00129659430795928
11.78,-0.192765289329807,0.0093263898510905,-0.0107447454734087,0.00121126554774437
11.79,-0.190195935965136,0.00917601173883676,-0.0101356596474054,0.00113228325556133
11.8,-0.187742525832953,0.00903427777162234,-0.00958041365462075,0.00105915329401275
11.81,-0.185289599601578,0.00889383407627628,-0.0090749033696467,0.000991448910378165
11.82,-0.182945477499556,0.00876126257649515,-0.00861556782501088,0.000928732808108559
11.83,-0.180599769618106,0.00862965589761229,-0.00819877835767022,0.000870623789140767
11.84,-0.178356189599804,0.00850518217021148,-0.00782171006859216,0.000816709243332069
11.85,-0.17610949056981,0.00838137933471094,-0.0074806595326579,0.000766653989217545
11.86,-0.17395827506003,0.00826402301180473,-0.00717270384593518,0.000720111293989383
11.87,-0.171802530647827,0.00814709726931993,-0.00689500491276334,0.000676785824654387
11.88,-0.169735560200846,0.00803599425501448,-0.00664534511936384,0.000636388158490329
11.89,-0.167662713127847,0.00792512771394204,-0.00642113915691565,0.000598691205371085
11.9,-0.16567193947282,0.0078195214241423,-0.00622029322859322,0.000563479173051008
11.91,-0.163674059297862,0.00771400495572468,-0.0060407930475103,0.000530574431545857
11.92,-0.161751737049087,0.00761324431000279,-0.00588094327880341,0.000499811308328111
11.93,-0.159821339149209,0.0075124638568026,-0.00573900890030798,0.000471058121447592
11.94,-0.157960379638548,0.00741598476985768,-0.00561351917914014,0.000444191018819418
11.95,-0.156090775690302,0.00731940668551395,-0.005503022315692,0.00041910902542107
11.96,-0.154285056313428,0.00722671850873132,-0.00540636214506067,0.000395710095914214
11.97,-0.152470611733041,0.0071338745733938,-0.00532221746422231,0.000373912633795038
11.98,-0.150715152905715,0.00704454692531468,-0.00524947326001337,0.000353636057278887
11.99,-0.148951380108351,0.00695502687974976,-0.00518715610599177,0.00033480638744948
12,-0.147212194028874,0.00686706960088946,-0.00513440882474385,0.000317349685227225
12.01,-0.145525828602132,0.00678212276521897,-0.00509032968841836,0.00030119979545374
12.02,-0.143832510609607,0.00669695842125056,-0.00505399215399956,0.000286295283586143
12.03,-0.142188572955595,0.00661451242985662,-0.00502448235515315,0.000272581129792021
12.04,-0.14053891385337,0.00653185109831098,-0.0050009406352555,0.000260006047595146
12.05,-0.138935556090177,0.00645165172772757,-0.00498253728575912,0.000248523870314849
12.06,-0.137327794957397,0.00637125783203922,-0.00496851678950692,0.000238087982679153
12.07,-0.135763516527919,0.00629310362208084,-0.00495812934230185,0.00022865572257688
12.08,-0.134196145730159,0.00621479286258742,-0.00495071295468602,0.00022018089123966
12.09,-0.13266959646656,0.00613853274747145,-0.00494549940147631,0.000212626806875113
12.1,-0.131141170532376,0.0060621707964033,-0.00494203267923407,0.000205947443728417
12.11,-0.129651010431888,0.00598769967769587,-0.00493983550171358,0.000200099635368956
12.12,-0.128160079579214,0.00591319064093669,-0.00493840025428441,0.00019503772969571
12.13,-0.126704962578255,0.00584043739755453,-0.00493721398732684,0.000190721409872884
12.14,-0.125250075676588,0.00576771954276173,-0.00493598355742452,0.000187099636249642
12.15,-0.123828665622987,0.00569664328515484,-0.00493444770495439,0.000184123701349478
12.16,-0.122408403222786,0.00562567677524757,-0.0049324862512378,0.000181734531299534
12.17,-0.121019425342797,0.00555624979205545,-0.00492992216935154,0.000179877767025009
12.18,-0.119632464919929,0.00548700224323164,-0.00492669716193227,0.000178491092993729
12.19,-0.118274770144818,0.00541920013904534,-0.00492268762836671,0.000177519845737289
12.2,-0.116919938375417,0.00535163990795936,-0.00491789347375576,0.000176903166058761
12.21,-0.11559253822112,0.00528543626769623,-0.00491224279852891,0.000176589762536317
12.22,-0.114268829753644,0.00521952785485104,-0.00490578229998888,0.000176523361486891
12.23,-0.112970898274291,0.00515489041085873,-0.0048984745240106,0.000176658612141498
12.24,-0.111677464230313,0.00509059166574253,-0.0048903912068142,0.000176946070790372
12.25,-0.110408313744128,0.0050274806460485,-0.00488150875199604,0.000177348047248737
12.26,-0.109144429152275,0.00496474229132827,-0.00487190452925276,0.000177823255526175
12.27,-0.107895319816219,0.00490277731591772,-0.00486155365739116,0.000178342442651865
12.28,-0.106668489376987,0.00484187796841915,-0.00485059361652723,0.000178870159366332
12.29,-0.105447956328852,0.00478138662134101,-0.00483897766438461,0.000179385005227505
12.3,-0.104248510088339,0.00472188455949783,-0.00482671235004796,0.00017986716561744
12.31,-0.1030559804097,0.00466280565738733,-0.0048137508024806,0.000180296119583889
12.32,-0.101883415997882,0.00460464591294817,-0.00479997665899657,0.000180664052291263
12.33,-0.100718289803297,0.00454692241249031,-0.00478554476200711,0.000180952696693129
12.34,-0.0995720707885717,0.00449005279916906,-0.00477042202192981,0.000181158587841599
12.35,-0.0984337352181042,0.00443362787724695,-0.0047546246418686,0.000181275817077803
12.36,-0.0973133170632208,0.00437799727092873,-0.0047380877333948,0.000181307048556105
12.37,-0.0962011586804845,0.00432281915286181,-0.0047208077707197,0.000181249450263181
12.38,-0.0951059903537015,0.00426838343583717,-0.00470271045185488,0.000181109381589048
12.39,-0.0940194095711391,0.00421440824837619,-0.00468382582707185,0.000180887998534323
12.4,-0.0929489845957647,0.00416112984538586,-0.00466412031230108,0.000180594278270732
12.41,-0.0918874534665086,0.00410831897867319,-0.00464364237231771,0.000180231396505073
12.42,-0.0908413361589133,0.00405616421199537,-0.00462235604696,0.000179808859006442
12.43,-0.0898043980929115,0.00400448297502507,-0.00460029859657024,0.0001793301422019
12.44,-0.0887822149870683,0.00395342198715227,-0.00457742834645638,0.000178804378595753
12.45,-0.08776947225578,0.00390284012718302,-0.00455377516988872,0.000178234709507588
12.46,-0.086770894493907,0.00385284761606008,-0.00452929613432037,0.000177629381994003
12.47,-0.0857819863070306,0.00380334002590059,-0.00450401754973427,0.000176990767016183
12.48,-0.0848067064816567,0.00375439578967849,-0.00447789869036912,0.000176325863693832
12.49,-0.0838412864957139,0.00370594267186122,-0.00445096591496985,0.00017563597243106
12.5,-0.0828889984514998,0.00365803141095442,-0.00442318428952632,0.000174926632165933
12.51,-0.0819467184209053,0.00361061765929756,-0.00439459134128404,0.000174197982657431
12.52,-0.0810171052788347,0.00356372807677839,-0.00436515237450259,0.000173453831413747
12.53,-0.0800976038971015,0.00351734244439543,-0.00433488416901052,0.000172691748537535
12.54,-0.0791894072268429,0.00347147062780088,-0.00430369685375692,0.000171911029169597
12.55,-0.0782932143775099,0.00342610382123097,-0.00427159634235549,0.000171101173773015
12.56,-0.0774071979518727,0.00338125360955584,-0.00423839704279373,0.000170260865898024
12.57,-0.0765327676188328,0.00333690393192747,-0.00420400820426247,0.000169388316073717
12.58,-0.0756685107614281,0.00329308365108096,-0.00416861372779637,0.000168480210167564
12.59,-0.0748154383982556,0.00324976005971391,-0.00413249818356029,0.00016753195934903
12.6,-0.0739725040276689,0.0032069713655528,-0.00409567341019149,0.000166545387421884
12.61,-0.0731403776843917,0.00316467252725171,-0.00405815597729148,0.000165522119169806
12.62,-0.0723183344153746,0.00312291204877172,-0.00402005848945592,0.000164457896921381
12.63,-0.0715067502399211,0.0030816340760694,-0.00398146275032222,0.000163351572480532
12.64,-0.0707051773610727,0.00304089408223711,-0.00394249636332886,0.000162199465950324
12.65,-0.0699137400202536,0.00300062699279063,-0.00390325346226118,0.000160999863144638
12.66,-0.0691322345148873,0.00296089226981157,-0.00386397379063667,0.000159749217540993
12.67,-0.0683605710517847,0.00292161654380379,-0.00382465434589795,0.00015844916310908
12.68,-0.0675987440285253,0.00288286378593746,-0.00378534684213248,0.000157101144255078
12.69,-0.0668464753772211,0.00284455594266229,-0.00374609835993177,0.000155711765310629
12.7,-0.0661039247882238,0.00280675993905211,-0.00370699170120159,0.000154286367900296
12.71,-0.065370656151245,0.00276939387664175,-0.00366805785969686,0.000152832418150911
12.72,-0.0646469674401935,0.00273252666268522,-0.00362933363514051,0.000151354753352222
12.73,-0.0639322929006356,0.00269607452378547,-0.00359080684996667,0.000149860037219047
12.74,-0.0632270451714181,0.00266010801981222,-0.00355250248875783,0.00014835276960955
12.75,-0.0625305537892498,0.00262454269969814,-0.00351442639347443,0.000146839400974371
12.76,-0.0618433246105194,0.00258944967534734,-0.00347659801785793,0.000145325392432494
12.77,-0.061164604182685,0.00255474469608962,-0.0034390055705881,0.000143817278802109
12.78,-0.0604949726225534,0.00252049893571793,-0.0034016511265637,0.000142319026099524
12.79,-0.0598336125127519,0.00248662948569224,-0.00336448299536132,0.000140835277801471
12.8,-0.05918116137462,0.00245320745553182,-0.00332750776804017,0.000139367556328524
12.81,-0.0585371508882613,0.00242018911929503,-0.00329070558412744,0.000137917291793636
12.82,-0.0579010773509774,0.00238753281643752,-0.00325407212660415,0.000136482883105115
12.83,-0.0572736395476756,0.00235530805077213,-0.0032175646441736,0.000135063385155952
12.84,-0.0566539325795219,0.00232343811505071,-0.0031811477830442,0.000133657774143405
12.85,-0.0560426800507221,0.00229199137375351,-0.00314481607358197,0.000132263844135213
12.86,-0.0554389637258366,0.00226089380441237,-0.00310858475105253,0.000130881702080199
12.87,-0.0548435222952151,0.002230211465296,-0.00307246953228889,0.000129510237751127
12.88,-0.0542554327803666,0.00219987295677668,-0.00303646102279999,0.000128148822420438
12.89,-0.0536754371272972,0.00216994217897866,-0.0030005646887332,0.000126795981020208
12.9,-0.0531026138945307,0.00214035075467129,-0.00296477862303328,0.000125451223297652
12.91,-0.0525377026412777,0.00211116008045206,-0.00292911514460979,0.000124113397100239
12.92,-0.0519797934699318,0.00208230467010896,-0.00289358115160641,0.0001227822491306
12.93,-0.0514296174522224,0.00205384300630221,-0.00285820652329161,0.000121456904116553
12.94,-0.0508862800904657,0.00202571243357786,-0.00282298084614435,0.000120137065388622
12.95,-0.0503504974324436,0.0019979687705881,-0.00278789778462106,0.000118821885097855
12.96,-0.0498213958424261,0.0019705524342932,-0.00275297448846037,0.000117511371666899
12.97,-0.0492996726146613,0.00194351617704897,-0.00271823927297384,0.000116205253067642
12.98,-0.0487844784471632,0.00191680303566626,-0.00268371502637007,0.000114903996843834
12.99,-0.0482764874056514,0.00189046255470358,-0.00264940832993485,0.000113608501742404
13,-0.0481058634519123,-0.00164674796363952,-0.00261532082367115,0.000112320228080634
13.01,-0.0481944453610375,-0.00396990600500846,-0.000380583253442386,0.000199941597679675
13.02,-0.0484516567701148,-0.00624291144785721,0.00724984298339192,0.000538670596947639
13.03,-0.0488080973126941,-0.00837294501656857,0.018639172099836,0.000988891329039939
13.04,-0.0492284173122464,-0.010396794283233,0.0328487239002862,0.00146763999541826
13.05,-0.049763364810377,-0.0122516660538175,0.0490811625601594,0.00191637851031192
13.06,-0.0505062472781317,-0.0140546247616608,0.0666633139306078,0.00229576532944264
13.07,-0.0515744953850961,-0.0157291179201515,0.0850198731568067,0.00257976628173671
13.08,-0.0530943712885588,-0.0174238707017177,0.103760561212145,0.00275842912843889
13.09,-0.0552003836643635,-0.0190263900483367,0.122583426303265,0.00282868980851635
13.1,-0.0580090041501844,-0.0206143664071563,0.141302675767725,0.00279563109282146
13.11,-0.0616028914309688,-0.0222842479034927,0.159697585333618,0.00266202907237491
13.12,-0.0660810764208213,-0.0238540892386413,0.177688370970447,0.0024367001903053
13.13,-0.0714544257846965,-0.0255043437482436,0.195260199687657,0.00213227052225087
13.14,-0.0778120717046722,-0.0270147574790084,0.212343743822544,0.00175502778388502
13.15,-0.0850944819596355,-0.028587520635971,0.228893622220402,0.0013134920169012
13.16,-0.0934148962519012,-0.0299740204928178,0.244783274218372,0.00080918944999587
13.17,-0.102641470208793,-0.0314048731485455,0.259936349480939,0.000247636594806157
13.18,-0.112942023876813,-0.0326089796451153,0.274220542522434,-0.000370575035223294
13.19,-0.12410303364909,-0.0338477873695694,0.28757599263806,-0.00104024645991013
13.2,-0.136371963864062,-0.0348292610187251,0.299916591584006,-0.00175957337333213
13.21,-0.149436122528676,-0.0358438982853432,0.311217591798682,-0.00252250062648961
13.22,-0.16364156777504,-0.0365781113518451,0.321449026541936,-0.0033265741833217
13.23,-0.1785553919661,-0.0373490719562196,0.330617096486188,-0.00416603268041496
13.24,-0.194639968391186,-0.0378213094804343,0.338711175736663,-0.00503592677149609
13.25,-0.211321245600307,-0.0383369050702014,0.345755971099544,-0.00592887948784957
13.26,-0.228825337032647,-0.0387252205400623,0.351754860353466,-0.0068397361220708
13.27,-0.247530043547711,-0.038792689693413,0.356756410512961,-0.00776196175251624
13.28,-0.266617505511107,-0.0389176716550034,0.36078814754209,-0.0086905539314327
13.29,-0.286920876705464,-0.0387111183191163,0.363894536057994,-0.00962114880557191
13.3,-0.307442720599948,-0.038573394335194,0.366144407941773,-0.0105483719074557
13.31,-0.329195774705858,-0.0380956426873483,0.367595075397821,-0.0114689930776853
13.32,-0.35098740878652,-0.0376984806296496,0.368296527615676,-0.0123795593181909
13.33,-0.373320932391962,-0.0371758781883998,0.368320870395575,-0.0132769752120837
13.34,-0.396905769931157,-0.0363019410454215,0.367739252243988,-0.0141581997339329
13.35,-0.420238489551275,-0.0355269214964247,0.366624167675103,-0.0150202664437013
13.36,-0.444843746374327,-0.0343948556260214,0.36505850835006,-0.0158609517980206
13.37,-0.469001381017119,-0.0333730667411025,0.363116271198569,-0.0166783039946721
13.38,-0.493479999054429,-0.0322321898830415,0.360855257631774,-0.0174698716632835
13.39,-0.519278901371659,-0.0307256997225397,0.358333663340908,-0.0182341790687421
13.4,-0.544337824604797,-0.029345660894938,0.355615055730634,-0.0189702567621185
13.41,-0.570760322469893,-0.0275952953496222,0.35274293862962,-0.0196763963559896
13.42,-0.59625132421228,-0.0259805101171519,0.349748822879785,-0.0203516462938656
13.43,-0.621875169754723,-0.0242517736107971,0.346664638407293,-0.0209951385899778
13.44,-0.648941040926452,-0.0221456026043731,0.343511673659257,-0.0216066521821675
13.45,-0.67479405211281,-0.0201881537144918,0.340296907139871,-0.0221864358793933
13.46,-0.70068520741449,-0.0181198639221615,0.337016589432289,-0.0227349431952011
13.47,-0.72811462215005,-0.0156693581666024,0.333651343984408,-0.0232532232223875
13.48,-0.754060772505786,-0.013380749699606,0.330147890470175,-0.0237428592726724
13.49,-0.779965574195384,-0.0109870458929497,0.326456260189922,-0.0242046999834541
13.5,-0.807522914076184,-0.00821180216065237,0.322545226746527,-0.0246379530013361
13.51,-0.833341625776815,-0.00561466864287222,0.318339296803808,-0.0250433377299233
13.52,-0.859056891727193,-0.00292331799562456,0.313764961451571,-0.0254218492067583
13.53,-0.886557256886062,0.000141645612430297,0.30876816761914,-0.0257726995843324
13.54,-0.912081663732599,0.00300774048104227,0.303194645480353,-0.0260980434584336
13.55,-0.937461978596092,0.00594932943539866,0.29686436573834,-0.0264005457256294
13.56,-0.964783897429546,0.00924455215404932,0.289636189320214,-0.0266792054939576
13.57,-0.989918446452165,0.0123089246010328,0.281218179087121,-0.0269384242378842
13.58,-1.01489325590155,0.0154138347811415,0.271295788465885,-0.0271829738723918
13.59,-1.03970369577702,0.0185433022803789,0.259732738329035,-0.0274069608186862
13.6,-1.06668241897004,0.0219692677421278,0.246405124682496,-0.0276017346423135
13.61,-1.09118707594289,0.0250966800553053,0.231174705200924,-0.0277567490110728
13.62,-1.11546871700748,0.0281952814045512,0.21398418286516,-0.027858481265961
13.63,-1.14200460870967,0.0315355693017963,0.195003433429291,-0.0278798053054415
13.64,-1.16572191279713,0.0345282457354873,0.17430883073094,-0.0278040999079292
13.65,-1.18896247906226,0.0374478072926959,0.152014370474128,-0.0276174058614692
13.66,-1.21154866086969,0.040285775678503,0.128517558216722,-0.0272975228942973
13.67,-1.23601216009349,0.0433202329244058,0.104192072545167,-0.0268378942790021
13.68,-1.25663271807679,0.0459839760650217,0.0792601202542051,-0.0262390158491189
13.69,-1.27584054810442,0.0485591104684947,0.053942550687136,-0.0255067265001978
13.7,-1.29626426574176,0.0513213097570804,0.0285929568345895,-0.0246385950321777
13.71,-1.31188943829183,0.0537170805839202,0.00333246543923653,-0.0236461623905564
13.72,-1.32534686650385,0.0560206049221462,-0.0217673233031415,-0.0225464299745527
13.73,-1.33944379147038,0.0584947965153788,-0.0464700674608599,-0.0213473346327027
13.74,-1.34806643478224,0.0605981466717075,-0.0707462026691471,-0.0200673383141886
13.75,-1.35711386656648,0.0628512840078272,-0.0945865800407652,-0.0187266791474625
13.76,-1.36051643239249,0.064722382380822,-0.117887454934887,-0.0173369456541328
13.77,-1.36433778474702,0.0667135688294206,-0.140634592101081,-0.0159148382766754
13.78,-1.35241984200951,0.0671369353590025,-0.16271678630807,-0.0144687356622782
13.79,-1.34160898310017,0.0676597672276122,-0.183752503549322,-0.0129971035006349
13.8,-1.32904149119723,0.0680386421747579,-0.202969319665208,-0.0114743845019302
13.81,-1.31199566423606,0.0680578347065346,-0.220377215090858,-0.00992135543138408
13.82,-1.29650675635852,0.0681834542043378,-0.236001532903809,-0.00835742236301439
13.83,-1.27985931157897,0.0681913673445774,-0.24987552571555,-0.00679795975518502
13.84,-1.25952554117575,0.0678822049447947,-0.262103605814801,-0.00525923815296408
13.85,-1.2412920094743,0.0676823812583508,-0.272705012547898,-0.00374929302419215
13.86,-1.22254987060547,0.0673861658650745,-0.281762358847148,-0.00227684354086362
13.87,-1.2034680430497,0.0670004774882022,-0.289430513778736,-0.000853087146083308
13.88,-1.1816455757226,0.0663507366109535,-0.29581374589176,0.000516053544664342
13.89,-1.16231524600491,0.0658133127116827,-0.300979272566796,0.00182821867475105
13.9,-1.14295307120122,0.0652078230888466,-0.305009888837167,0.00308327907277082
13.91,-1.12123731253099,0.0643773196641843,-0.308051380906949,0.0042774833692955
13.92,-1.10197425367502,0.0636625045909133,-0.310132181056672,0.00541026656814706
13.93,-1.08274931972681,0.062900718946612,-0.311280642156645,0.00648126908063917
13.94,-1.06355973141639,0.0620991083141679,-0.311578730773139,0.00748795048950286
13.95,-1.04226511982096,0.0611232538723525,-0.311081270967714,0.00842996414581555
13.96,-1.02318438657833,0.0602680362614311,-0.30983329203058,0.00930796726534171
13.97,-1.00412233910342,0.0593928127572818,-0.307901248428609,0.0101239892730208
13.98,-0.983115043632706,0.0583774214366,-0.305386558481342,0.0108783771283669
13.99,-0.964149714302465,0.0574834331902469,-0.302363079861415,0.0115733844709752
14,-0.945214065738911,0.056583965022759,-0.298906562993467,0.0122122478333287
14.01,-0.924523805074222,0.0555712950253788,-0.29510523454526,0.0127969435951271
14.02,-0.905736194151879,0.0546752791311415,-0.291038519749685,0.0133305581957021
14.03,-0.885329264778825,0.0536795308987172,-0.286787147689376,0.0138162746728573
14.04,-0.866738445771211,0.0527943004519741,-0.282426503813017,0.0142567228775323
14.05,-0.848236468150542,0.0519132988780268,-0.278009004724962,0.0146552116521999
14.06,-0.828313895874172,0.0509474434335572,-0.273593416627573,0.0150144112788538
14.07,-0.810077242541193,0.050079119744826,-0.269227032184482,0.0153371811073809
14.08,-0.791961272286009,0.0492139656067743,-0.264946636782613,0.0156261763811077
14.09,-0.772611481368668,0.0482737281910316,-0.260784052615872,0.0158834822185055
14.1,-0.754812349358032,0.0474155737107801,-0.256759219302109,0.0161113903035367
14.11,-0.735895278978793,0.0464868468115936,-0.252899911869977,0.0163124147788475
14.12,-0.718436988770482,0.0456294689632564,-0.249209804220674,0.0164883933798972
14.13,-0.701131692112712,0.0447681387412706,-0.245678325260572,0.0166409272904167
14.14,-0.682872770829057,0.04384200712781,-0.242289707548637,0.0167714004293693
14.15,-0.665934975838306,0.0429721815315557,-0.239019341771495,0.0168810081448781
14.16,-0.648146698898685,0.0420416770822105,-0.235838580786997,0.0169707596667249
14.17,-0.631589403382783,0.0411592755092787,-0.232716825334777,0.017041413507151
14.18,-0.615204581223184,0.0402682420111277,-0.229623437988569,0.0170934699217596
14.19,-0.598120417816867,0.0393243897727683,-0.226530009066703,0.0171271097222562
14.2,-0.582141685673069,0.0384191031614193,-0.223408993020315,0.017142375560153
14.21,-0.565564325590762,0.037466962963993,-0.22023335115395,0.0171392833996574
14.22,-0.55001648034872,0.0365488575676976,-0.216980933332239,0.0171178997686459
14.23,-0.533971276456397,0.03559040318609,-0.213629411996977,0.0170782359228976
14.24,-0.518887845412493,0.0346626526988495,-0.210152351208356,0.0170203538099305
14.25,-0.503409741515497,0.0337016364366706,-0.206514907160062,0.0169445413816873
14.26,-0.488833383402914,0.0327694831510212,-0.202690858024844,0.0168505054837149
14.27,-0.474510783606975,0.0318365762103017,-0.19867103687722,0.0167374416494708
14.28,-0.459951012923515,0.0308821192322991,-0.194455987646011,0.0166043670688964
14.29,-0.446222688242692,0.029955195849375,-0.190063970952651,0.0164501028606165
14.3,-0.432361631520966,0.0290137426451221,-0.18551955403861,0.0162746560264401
14.31,-0.419290091808948,0.0280988505847651,-0.180831856368541,0.0160783188494559
14.32,-0.406181849949093,0.0271757424054907,-0.176004341891144,0.0158608467767354
14.33,-0.393822145396253,0.0262784780525885,-0.171033628281773,0.0156222878780732
14.34,-0.38151221863397,0.0253791187044707,-0.165922658407717,0.0153626633272111
14.35,-0.369909182671149,0.0245053820090616,-0.160685735492233,0.0150824546701254
14.36,-0.358430397946197,0.0236353173800729,-0.155335838108612,0.0147821837050934
14.37,-0.347614526941204,0.0227908006456295,-0.149879551034229,0.0144628924199081
14.38,-0.336983703347137,0.0219553390683379,-0.14433063024107,0.0141253115308285
14.39,-0.326968249171353,0.0211455726648185,-0.13871303707862,0.0137707858911953
14.4,-0.317183808842957,0.0203495908565651,-0.133056356526965,0.0134007861383237
14.41,-0.307963276972083,0.0195791635028474,-0.12738003197084,0.0130168847706646
14.42,-0.299004612115096,0.0188264677849765,-0.121699062246239,0.0126207112991481
14.43,-0.290554616603266,0.0180991718528315,-0.116027057715843,0.0122141337254271
14.44,-0.282383566826322,0.0173930676437666,-0.110386467846084,0.0117988204476897
14.45,-0.274663582755171,0.0167121350079398,-0.104798081510977,0.0113766933642043
14.46,-0.267282887662445,0.0160549056078345,-0.0992850496846542,0.0109495761822159
14.47,-0.260187610537857,0.0154226313931595,-0.0938629200002509,0.0105192841542067
14.48,-0.253457920497155,0.0148146505333082,-0.0885516228755014,0.0100874404958983
14.49,-0.247006358401986,0.0142332456071647,-0.0833660514748404,0.00965542932517854
14.5,-0.240864358011219,0.0136752868672575,-0.0783218971157582,0.00922496503565456
14.51,-0.234989109537647,0.0131447663718117,-0.0734416540345418,0.00879757548290081
14.52,-0.229372569535611,0.0126363464048547,-0.0687375772222373,0.00837476596193438
14.53,-0.224009867220071,0.0121553705450797,-0.0642194965724465,0.007957633374905
14.54,-0.218861795742201,0.0116947952991824,-0.0598946199271392,0.00754749362278203
14.55,-0.213956121280312,0.0112610081668833,-0.0557703996368853,0.00714565194090692
14.56,-0.209228964822039,0.0108456481947226,-0.0518447223631965,0.00675371977175235
14.57,-0.204735140628584,0.0104559444151153,-0.0481228747920185,0.00637236344943431
14.58,-0.20039104448491,0.0100825469704551,-0.0446071221428664,0.00600221644021411
14.59,-0.196273454306226,0.00973320403086199,-0.041300320359715,0.00564393051246126
14.6,-0.19228300047517,0.00939788766296207,-0.038197095626873,0.00529833525948698
14.61,-0.188513357433193,0.00908477912176539,-0.0352918766463524,0.00496601001046038
14.62,-0.184852643385645,0.00878352276584595,-0.0325798704715382,0.00464741800651494
14.63,-0.181406885640175,0.00850257135245877,-0.0300540116330431,0.00434283879407301
14.64,-0.178054400614975,0.00823146448918154,-0.0277082825159274,0.00405259385826639
14.65,-0.17490949395723,0.00797879390722887,-0.0255346686052529,0.00377677166348325
14.66,-0.171843086343705,0.00773420654569153,-0.0235203726613034,0.00351560292768369
14.67,-0.168974576289859,0.00750639614866132,-0.0216541798741499,0.00326905543023563
14.68,-0.166170226216662,0.00728528992239331,-0.0199260306569934,0.00303704599191088
14.69,-0.163552174976633,0.0070795354213884,-0.0183265861451161,0.00281927919764302
14.7,-0.160984354333626,0.00687940477375774,-0.0168469978778342,0.00261545782826682
14.71,-0.158589671069707,0.00669338990095039,-0.0154790787135006,0.00242510753820486
14.72,-0.156232092972852,0.00651215839330955,-0.0142137575794796,0.00224773820950345
14.73,-0.153970467697572,0.00633976173273699,-0.0130430360459532,0.00208276169044914
14.74,-0.151862197413378,0.00617989819912747,-0.0119584779416223,0.00192963579716667
14.75,-0.149774858488062,0.00602392200394649,-0.0109538227100944,0.00178769680143955
14.76,-0.14782866218918,0.00587955099010377,-0.0100254027160312,0.00165620489406341
14.77,-0.145895067380627,0.00573855908149577,-0.00916820992172231,0.00153449257842947
14.78,-0.144091528552671,0.00560825195388332,-0.00837793614287761,0.00142188985520762
14.79,-0.14229410078339,0.00548084888741047,-0.00765066128684661,0.00131777535586129
14.8,-0.140616689506261,0.00536322354785127,-0.00698313119312705,0.00122150424425537
14.81,-0.138940428330706,0.00524803693003538,-0.0063720874050213,0.00113249521213502
14.82,-0.137375015113122,0.00514172368183936,-0.00581436235726274,0.00105016440058876
14.83,-0.135806966512995,0.00503739261780545,-0.00530657151658189,0.000973988208873695
14.84,-0.134341366891638,0.00494104915263444,-0.00484573714061015,0.000903459081056402
14.85,-0.132870190483647,0.00484625469535917,-0.00442872973356812,0.000838125591757865
14.86,-0.131493380115861,0.00475860410765631,-0.00405275028800772,0.000777558206880605
14.87,-0.130108414435133,0.0046721100112082,-0.00371495545247997,0.000721373369166853
14.88,-0.128809894631097,0.00459197388154912,-0.00341294000164966,0.000669187163507018
14.89,-0.127500915450838,0.00451265204829297,-0.00314353153928623,0.000620670596120292
14.9,-0.12627068455904,0.00443897770539086,-0.00290413047815144,0.00057550900555743
14.91,-0.125028004723967,0.00436584058132012,-0.00269257945805404,0.000533417280576575
14.92,-0.123856753369445,0.00429771191610615,-0.00250694048318243,0.000494144294902339
14.93,-0.122671496169779,0.00422988834988047,-0.0023453124112163,0.000457477536815666
14.94,-0.121550903040381,0.00416649281853514,-0.00220588804464241,0.000423235172392106
14.95,-0.120415282540245,0.00410321047739691,-0.00208696238682724,0.000391260597714356
14.96,-0.119338252272335,0.00404383123331455,-0.00198691618807617,0.000361420400656682
14.97,-0.118245765395512,0.0039844089303664,-0.00190426630094744,0.000333596096884813
14.98,-0.11720654989551,0.00392841523238316,-0.00183756562256263,0.000307688038537977
14.99,-0.116152026736623,0.00387225318873459,-0.00178550053754456,0.000283604242918543
15,-0.115115541760355,0.00381756083145025,-0.00174674038166163,0.000261268478697034
15.01,-0.114125686988469,0.00376566590555772,-0.00172016757751414,0.000240603100245999
15.02,-0.113121618158532,0.00371347113960506,-0.00170450246218852,0.000221547019366242
15.03,-0.112160488727238,0.00366371448454,-0.0016986657260321,0.000204034686687793
15.04,-0.111186225143621,0.00361360359632479,-0.00170137831195167,0.000188002491659688
15.05,-0.110251645577932,0.00356561937897912,-0.0017114092925503,0.000173393837786995
15.06,-0.109305240396095,0.00351725776207095,-0.00172785523935859,0.00016013534671354
15.07,-0.108395626610543,0.00347075654457645,-0.00174967800074154,0.000148165896639322
15.08,-0.107475531607232,0.00342388121695539,-0.00177596816236507,0.00013741701092849
15.09,-0.10658955091391,0.0033786435489869,-0.00180569476504651,0.000127834943756004
15.1,-0.105694382805639,0.00333306266213368,-0.00183796186301543,0.000119360479907132
15.11,-0.104830787452189,0.00328894062739283,-0.00187186501261893,0.000111951295669184
15.12,-0.103959197346862,0.00324453013932654,-0.00190702223406319,0.000105542652176115
15.13,-0.103116754249712,0.00320143176289819,-0.00194271224975242,0.000100088997729254
15.14,-0.102267410847142,0.00315811289357672,-0.00197841282266315,9.55304765509709e-05
15.15,-0.101444911225109,0.00311598898192912,-0.00201349612352081,9.18170759126929e-05
15.16,-0.100616521204399,0.00307372453988376,-0.00204774910154892,8.88828188054885e-05
15.17,-0.0998128172037802,0.00303255883525475,-0.00208091614522597,8.66728964990362e-05
15.18,-0.0990041811807743,0.00299133171847521,-0.00211300672167082,8.51180144802542e-05
15.19,-0.0982182492271608,0.00295111589127893,-0.00214386075338042,8.41619401647098e-05
15.2,-0.0974283202002901,0.00291091009359381,-0.00217352190468712,8.37350051713516e-05
15.21,-0.0966593062107535,0.00287163344525936,-0.0022018575836774,8.3782365150937e-05
15.22,-0.0958872196822398,0.00283242939684653,-0.0022289492459182,8.42370818108384e-05
15.23,-0.0951344511786765,0.00279407618859993,-0.00225470164588989,8.50484572600654e-05
15.24,-0.0943795206365223,0.00275584862628482,-0.00227922827055033,8.61548071801494e-05
15.25,-0.0936424850269706,0.0027183964566805,-0.00230245849745292,8.75115142868255e-05
15.26,-0.0929041702534299,0.00268111348476019,-0.00232453009133075,8.9063756506502e-05
15.27,-0.0921742453705612,0.00264430253393238,-0.00234536231983692,9.07742760054725e-05
15.28,-0.0914603484787957,0.00260815604302571,-0.00236522741834462,9.25906702135174e-05
15.29,-0.0907464002276743,0.00257222622401479,-0.00238402049747385,9.44833048520932e-05
15.3,-0.0900473976095402,0.00253689166559252,-0.00240163300435308,9.64285555940839e-05
15.31,-0.0893491035319336,0.00250179807737846,-0.00241817140739485,9.83908867389074e-05
15.32,-0.0886647491437174,0.00246723606105893,-0.00243358318667887,0.000100350459360101
15.33,-0.087981773543909,0.00243293400169835,-0.00244802261640035,0.000102273284828829
15.34,-0.0873118111941729,0.00239910406125987,-0.00246126364531506,0.000104148535232197
15.35,-0.0866438304431121,0.00236555113378554,-0.00247340988948233,0.000105950650450917
15.36,-0.0859880158375805,0.00233241841843081,-0.00248434902370703,0.000107673450998145
15.37,-0.0853347263010384,0.00229957817437168,-0.00249427281383206,0.000109300157269015
15.38,-0.0846928263720823,0.00226711100505923,-0.00250315918443344,0.000110831134061251
15.39,-0.0840539470409318,0.00223494824187328,-0.00251105669344716,0.00011225914187576
15.4,-0.0834257763709374,0.00220311649266553,-0.00251781830273995,0.000113590858960745
15.41,-0.0828011017918087,0.00217160164235903,-0.00252348136357747,0.000114821113270365
15.42,-0.0821865504051118,0.00214038302638437,-0.00252793477007298,0.000115957567298371
15.43,-0.0815759498041846,0.00210949453613348,-0.00253123643959751,0.000116998460433474
15.44,-0.0809749702055793,0.00207887334197943,-0.00253333275465077,0.000117955219271555
15.45,-0.0803783683149497,0.00204859477969066,-0.00253434575281082,0.000118828939375222
15.46,-0.0797909507740187,0.00201855817913248,-0.00253423067618188,0.000119632421702262
15.47,-0.0792083000649964,0.00198887519482474,-0.00253308777416454,0.000120366973321042
15.48,-0.0786344456720123,0.00195941242638128,-0.00253084636299657,0.000121044551597354
15.49,-0.0780657019312549,0.00193031382809329,-0.0025275822364567,0.000121665505552711
15.5,-0.0775054011810035,0.00190141790486501,-0.00252321487150629,0.000122240147125542
15.51,-0.0769505061226159,0.00187289692645573,-0.00251781241602161,0.000122767305203548
15.52,-0.0764037267908666,0.00184456520067719,-0.00251129381627894,0.000123255486377744
15.53,-0.0758625988697492,0.00181661953202985,-0.00250372787264741,0.000123701919034851
15.54,-0.0753283743810034,0.00178896434705017,-0.00249504180641455,0.000124113253204843
15.55,-0.0748018091756801,0.00176148438590602,-0.00248541472108309,0.000124481436144292
15.56,-0.0742811729055752,0.00173440531624733,-0.00247475580644862,0.000124811506391644
15.57,-0.0737679151279593,0.00170749573306534,-0.00246298427146381,0.000125109267619012
15.58,-0.0732607188461039,0.00168099830478764,-0.0024501864264306,0.000125368677737374
15.59,-0.0727606216695236,0.00165466796175942,-0.00243632166344005,0.000125592744023989
15.6,-0.0722666741884108,0.00162876050017184,-0.0024214918380467,0.000125774674859346
15.61,-0.0717795716018212,0.00160301879925706,-0.00240567340707134,0.000125916864834653
15.62,-0.0712986899131884,0.00157770894469829,-0.00238898084637963,0.000126012428182017
15.63,-0.0708244278724219,0.00155256347102616,-0.00237143347798115,0.000126061822286361
15.64,-0.0703564404442734,0.00152785634637482,-0.00235310997837044,0.000126058505017229
15.65,-0.0698948696024289,0.00150331216452852,-0.00233397888545986,0.000126004884284759
15.66,-0.0694396088681248,0.00147921143546521,-0.00231416538394627,0.000125894970659785
15.67,-0.0689905791523611,0.00145527186625457,-0.00229371085110611,0.000125731071537692
15.68,-0.0685478708459417,0.00143177786878181,-0.00227273742803697,0.000125508919515925
15.69,-0.0681112131613304,0.00140844196573948,-0.00225122318073659,0.000125233886434727
15.7,-0.0676808607356438,0.0013855519265944,-0.00222926730237871,0.000124902983081191
15.71,-0.0672563822913261,0.00136281684529257,-0.00220686038051652,0.000124520944215549
15.72,-0.0668381701012404,0.00134052650246861,-0.00218410084068112,0.000124084018804996
15.73,-0.0664256611248017,0.00131838775246368,-0.00216096510682498,0.000123596721230199
15.74,-0.0660193616021605,0.00129669149064834,-0.00213754560311054,0.000123055756650619
15.75,-0.0656186018208267,0.00127514341050263,-0.00211382455864779,0.000122466266302054
15.76,-0.0652239806145616,0.00125403452250264,-0.00208989739123216,0.000121825885500091
15.77,-0.064834743791355,0.00123307010080555,-0.00206574626130873,0.000121140519671298
15.78,-0.0644515639729306,0.00121254045953994,-0.00204146262089526,0.000120408521907466
15.79,-0.0640736219375313,0.00119215118969463,-0.00201702586893702,0.000119636196067453
15.8,-0.0637016472337582,0.00117219133292896,-0.00199252145034604,0.000118822349000904
15.81,-0.0633351906174351,0.0011525122922238,-0.00196792402526096,0.000117973518978058
15.82,-0.0629737684556009,0.00113296682143304,-0.00194339185258784,0.000117085897582531
15.83,-0.0626181666273204,0.00111383995202735,-0.00191886903593203,0.000116166128916938
15.84,-0.0622674729089496,0.00109484199172338,-0.00189428941329567,0.000115222658570004
15.85,-0.0619224914437968,0.00107625660870452,-0.00186973754187594,0.000114254445605803
15.86,-0.0615822889633701,0.00105779632247073,-0.00184518066409317,0.000113267950025637
15.87,-0.0612476846932672,0.00103974229251069,-0.0018206763783937,0.000112262562742952
15.88,-0.0609177407301704,0.00102180965963023,-0.00179618074647636,0.000111244461277541
15.89,-0.060593277970618,0.00100427721035412,-0.00177175378000928,0.000110212221114036
15.9,-0.0602733588544577,0.000986862920687362,-0.00174735731144586,0.000109171052124158
15.91,-0.059958799714563,0.00096984289207937,-0.00172305352166131,0.000108118799097045
15.92,-0.0596486739906616,0.000952937899179786,-0.00169880544367277,0.000107059998566261
15.93,-0.059343788081776,0.000936421183400177,-0.00167467390668671,0.000105992019998035
15.94,-0.0590432315750231,0.000920016388447263,-0.00165062096004723,0.000104918935302641
15.95,-0.0587477948174495,0.0009039938241961,-0.00162670518432493,0.000103837794257662
15.96,-0.0584565877356393,0.00088808004915354,-0.0016028875045583,0.000102752334537787
15.97,-0.0581703794425881,0.000872542426125207,-0.00157922527435929,0.000101659371314969
15.98,-0.0578883033993574,0.000857110459204862,-0.00155567823729008,0.000100562446625846
15.99,-0.0576111034417934,0.000842048557833989,-0.00153230424307258,9.94581037182327e-05
16,-0.0573379390409183,0.000827089176124163,-0.00150905769203022,9.83497905024889e-05
16.01,-0.0570695258927412,0.000812493838810496,-0.00148599210062746,9.72341713720806e-05
16.02,-0.0568050517001666,0.000797997928453651,-0.00146306897902616,9.61145426955277e-05
16.03,-0.0565452021418267,0.000783860019279192,-0.00144034347430252,9.49876888530264e-05
16.04,-0.0562891949467694,0.000769818310041416,-0.00141777610474099,9.38571174663352e-05
16.05,-0.0560376845327379,0.000756128468276059,-0.00139542045765805,9.27198758560761e-05
16.06,-0.0557899200130034,0.000742531456544762,-0.00137323687834109,9.15796577981364e-05
16.07,-0.0555465238703494,0.000729280087079106,-0.00135127970463996,9.04336520744595e-05
16.08,-0.0553070960289208,0.000716243925963582,-0.00132950886004292,8.92855330536342e-05
16.09,-0.0550712719274813,0.00070329504101412,-0.00130804466624413,8.81300643698249e-05
16.1,-0.0548396250849983,0.000690680911010772,-0.00128682476968184,8.69710643867995e-05
16.11,-0.0546114887414859,0.000678149975432014,-0.00126579367845597,8.58131826871059e-05
16.12,-0.0543874015039716,0.000665947638474838,-0.001245002823078,8.46536678448376e-05
16.13,-0.054166725524853,0.000653824918845453,-0.00122441188374734,8.34962320241643e-05
16.14,-0.0539499702923809,0.000642024622812126,-0.00120407189488774,8.23382873298562e-05
16.15,-0.0537365335887099,0.000630300108970643,-0.0011839428652758,8.11836568283409e-05
16.16,-0.053526894188531,0.000618891735247868,-0.00116407469774939,8.0029897379007e-05
16.17,-0.0533204835716798,0.0006075551192927,-0.00114442608403887,7.88810011397727e-05
16.18,-0.053117751407072,0.000596528258585672,-0.00112504661519208,7.77346283684348e-05
16.19,-0.0529181628330502,0.000585568913255445,-0.00110589473057845,7.65948141425231e-05
16.2,-0.052722137446926,0.000574912886893949,-0.00108701704820684,7.54593522617074e-05
16.21,-0.0525291715300682,0.000564320050169307,-0.00106837005439597,7.43323184988959e-05
16.22,-0.0523396547738582,0.000554024180378088,-0.00104999964753034,7.32114686414965e-05
16.23,-0.052153113262694,0.00054378718012656,-0.001031859894928,7.2100872507862e-05
16.24,-0.0519699076291769,0.000533840969257715,-0.00101399441606599,7.09982535370439e-05
16.25,-0.0517895925113567,0.000523949398996523,-0.000996357683574426,6.99075063010356e-05
16.26,-0.0516125008265327,0.000514342648102197,-0.000978991893310049,6.88262515617333e-05
16.27,-0.0514382146509966,0.000504786413506641,-0.000961849923720691,6.77582693932371e-05
16.28,-0.0512670408186224,0.000495509257132051,-0.000944974938317153,6.67009614195443e-05
16.29,-0.0510985878367691,0.000486278595498297,-0.000928319719887204,6.56579278804051e-05
16.3,-0.0509331381231881,0.000477321485994551,-0.000911926108977485,6.46264532053359e-05
16.31,-0.050770325529772,0.000468406958120063,-0.000895748142692602,6.36099109014077e-05
16.32,-0.0506104097697175,0.000459760656250554,-0.000879828261935211,6.26054030358184e-05
16.33,-0.0504530489866681,0.000451153095400757,-0.000864119579271868,6.1616190080478e-05
16.34,-0.050298481801601,0.000442808614161042,-0.000848665247282355,6.06392090668806e-05
16.35,-0.0501465179556249,0.000434611604143318,-0.000833419611351326,5.96775405531813e-05
16.36,-0.0499969913352576,0.000426447461284919,-0.000818494425452191,5.8725576956239e-05
16.37,-0.0498501108921747,0.000418537616770233,-0.000803821681140734,5.77863894182066e-05
16.38,-0.049705592163523,0.000410656588467005,-0.000789339866015397,5.68637204184375e-05
16.39,-0.049563623569183,0.000403025311370462,-0.000775088918673325,5.59541796845906e-05
16.4,-0.0494239362353568,0.000395419549221944,-0.000761022976257543,5.50603748518749e-05
16.41,-0.0492867044583072,0.000388059215084215,-0.000747186236139393,5.41786872451985e-05
16.42,-0.049151680131116,0.000380721028749489,-0.000733533980087144,5.33116973830065e-05
16.43,-0.0490190232026588,0.000373623957633156,-0.000720110313801909,5.24558389928914e-05
16.44,-0.0488885045396277,0.000366545575952621,-0.000706872436340077,5.16136678039797e-05
16.45,-0.0487602707725863,0.000359703960760636,-0.000693864421054309,5.07816846177105e-05
16.46,-0.0486341098403109,0.000352877475850706,-0.000681041828411137,4.9962574276423e-05
16.47,-0.0485101549359985,0.00034628342362036,-0.000668449071146108,4.91528833225206e-05
16.48,-0.0483882092776824,0.000339700900126624,-0.000656041334292876,4.83553632992968e-05
16.49,-0.0482683931504333,0.000333346525484093,-0.00064386090728938,4.75666982279803e-05
16.5,-0.0481505235129767,0.00032700010035586,-0.000631862662610077,4.67896899003463e-05
16.51,-0.0480347084777435,0.000320877647000511,-0.000620089070869696,4.60210509475861e-05
16.52,-0.0479207775014654,0.000314759617107524,-0.00060849333698403,4.52636831837521e-05
16.53,-0.047808827514352,0.000308861518430027,-0.000597117356138196,4.45143528791145e-05
16.54,-0.0476986995067676,0.000302964396986794,-0.000585915334290891,4.37759454744348e-05
16.55,-0.0475904804371954,0.000297283287489132,-0.000574928175729361,4.30452998171912e-05
16.56,-0.0474840220411181,0.000291599783463052,-0.000564109329905496,4.23253593659696e-05
16.57,-0.0473794024872074,0.000286128496290576,-0.000553501680729022,4.16129348850467e-05
16.58,-0.047276483558182,0.000280651500044204,-0.000543056939969027,4.09110257736719e-05
16.59,-0.0471753356929199,0.0002753830410906,-0.000532817272883265,4.02165134113735e-05
16.6,-0.0470758300322736,0.000270105632939112,-0.000522737120562303,3.95323603969777e-05
16.61,-0.0469780302380514,0.000265033173229166,-0.000512857733064114,3.88554881797088e-05
16.62,-0.0468818580689874,0.000260056191418484,-0.000503132213647589,3.81889397489657e-05
16.63,-0.046787245508435,0.000255065264674677,-0.000493672520690152,3.75271652120903e-05
16.64,-0.0466942466663678,0.000250272784967018,-0.000484408979281786,3.68733531448707e-05
16.65,-0.0466027548585526,0.000245462951334139,-0.000475278270799421,3.62313985271336e-05
16.66,-0.0465128161894235,0.000240848511143587,-0.000466319896668303,3.5598119266717e-05
16.67,-0.046424326420615,0.000236214102614021,-0.000457487371217113,3.49763170031738e-05
16.68,-0.0463373294526512,0.000231772235254775,-0.000448821773472342,3.436275419926e-05
16.69,-0.0462517295775555,0.000227307776964727,-0.000440278018792515,3.37602351098343e-05
16.7,-0.0461675676386619,0.000223033022129963,-0.000431899472674552,3.31655027526711e-05
16.71,-0.046084754808799,0.000218733022837758,-0.000423640756375631,3.25814468452153e-05
16.72,-0.0460033288456216,0.000214622362590799,-0.000413078660912336,3.20024349058306e-05
16.73,-0.0459227556072062,0.000210918567623387,-0.000319240795825948,3.42600372714389e-05
16.74,-0.0458424223916971,0.000208401331518018,-0.000212064278286876,3.59027501523133e-05
16.75,-0.0457624414890141,0.00020679700878571,-0.000114604710934721,3.56802249801136e-05
16.76,-0.045683094730494,0.000206208550040717,-2.91589417474856e-05,3.38464140116942e-05
16.77,-0.045604508126333,0.000206288191269428,4.15526279909698e-05,3.06986522652597e-05
16.78,-0.0455268689845916,0.000207088218057042,9.52745806094778e-05,2.65221067562639e-05
16.79,-0.0454502310250078,0.000208219648278377,0.000131143371842081,2.16148324725632e-05
16.8,-0.0453747084395602,0.000209717790225602,0.000149493812997471,1.62698182300644e-05
16.81,-0.0453002892447554,0.000211201363477909,0.000151705321668012,1.07716596288717e-05
16.82,-0.0452270197769398,0.000212731893584615,0.000139654055650683,5.36971735504691e-06
16.83,-0.045154832398719,0.000213966080381802,0.000115596192200618,2.80840466740724e-07
16.84,-0.0450837231265186,0.000215009257434765,8.1802740122745e-05,-4.32647305368877e-06
16.85,-0.0450135894467838,0.000215564176726517,4.06207508657849e-05,-8.31979354671403e-06
16.86,-0.0449443994759466,0.000215781947747756,-5.77266290599553e-06,-1.16124170049027e-05
16.87,-0.0448760362861353,0.00021540952710451,-5.52452180505987e-05,-1.41478333147453e-05
16.88,-0.0448084588158189,0.000214639499982059,-0.000105924580119809,-1.59078966050195e-05
16.89,-0.0447415689647475,0.000213363318835587,-0.000156055636425788,-1.68966640519962e-05
16.9,-0.044675276642332,0.000211488017391061,-0.000204270242878241,-1.71507088971733e-05
16.91,-0.0446095497537726,0.000209252507873503,-0.000249263707981342,-1.67177668427245e-05
16.92,-0.0445442939705565,0.000206482898747747,-0.000290009203506495,-1.5661145726245e-05
16.93,-0.04447949057508,0.000203437708664034,-0.000325822119822117,-1.40643898637202e-05
16.94,-0.0444150605752753,0.000199958065390261,-0.000356080923337663,-1.20090637868198e-05
16.95,-0.0443510061169388,0.000196312935111056,-0.000380593028234684,-9.59066904879712e-06
16.96,-0.0442872713662776,0.000192348448792859,-0.000399254988982542,-6.89816034754689e-06
16.97,-0.0442238783725664,0.000188334635648094,-0.000412210746641236,-4.02380324211034e-06
16.98,-0.0441607913447122,0.000184115448681378,-0.00041966666883549,-1.04949836067215e-06
16.99,-0.0440980491098326,0.000179955832397763,-0.000422045531494467,1.94302989412279e-06
17,-0.0440356322443165,0.000175692086319698,-0.000419784566662629,4.88582287549788e-06
17.01,-0.0439735920400555,0.000171579552139179,-0.000413480953738277,7.71389410036367e-06
17.02,-0.0439119206813192,0.00016744344897422,-0.00040369045873294,1.03779102172371e-05
17.03,-0.0438506771651035,0.000163527196940135,-0.000391078000916661,1.2832501564093e-05
17.04,-0.0437898603746358,0.000159643613049834,-0.000376222556123188,1.50481627770013e-05
17.05,-0.0437295325554814,0.000156023764966274,-0.000359773731561971,1.69989514478944e-05
17.06,-0.0436696949101822,0.000152468394209589,-0.000342262330248435,1.86738942641861e-05
17.07,-0.0436104092813636,0.000149197198112601,-0.0003242624391481,2.00643088175458e-05
17.08,-0.0435516756753511,0.000146000361156399,-0.000306206367642989,2.11749309231217e-05
17.09,-0.0434935526958924,0.000143088258707646,-0.000288537991755885,2.20117968165556e-05
17.1,-0.0434360362297461,0.000140242896772185,-0.000271582131288399,2.25918607474179e-05
17.11,-0.0433791796381673,0.000137667572765544,-0.000255676442717225,2.29309626185816e-05
17.12,-0.043322973067399,0.000135138412947544,-0.000240998261691279,2.30545179364097e-05
17.13,-0.0432674636129171,0.000132854380809515,-0.000227747474359868,2.29840911539763e-05
17.14,-0.0432126349738038,0.000130588476316511,-0.000215978079688608,2.27483265136571e-05
17.15,-0.0431585280888704,0.00012853779095046,-0.000205776806092851,2.23702838743557e-05
17.16,-0.0431051350439873,0.000126580705813653,-0.000197094617129676,2.18786912957701e-05
17.17,-0.0430524476047243,0.000124595541898586,-0.000189997297539605,2.12930413699188e-05
17.18,-0.0430004977810654,0.000122779197264354,-0.000184333316325813,2.06400696981959e-05
17.19,-0.042949256700183,0.000120906473730282,-0.000179930160554218,1.99453829525289e-05
17.2,-0.0428987490003632,0.00011917714838477,-0.000176694250968424,1.92256957668187e-05
17.21,-0.0428489368160072,0.000117368809322861,-0.000174432455366654,1.85012950538316e-05
17.22,-0.0427998435848451,0.000115684217210665,-0.000173030566265224,1.77841657106888e-05
17.23,-0.0427514301258274,0.000113904014109244,-0.000172285553209159,1.70897946101562e-05
17.24,-0.0427037182381778,0.000112234161052623,-0.000172083383516633,1.64253787646202e-05
17.25,-0.0426566671474333,0.000110458363602893,-0.000172230001513421,1.58017316988831e-05
17.26,-0.042610297445723,0.000108785607408181,-0.000172627739421269,1.52215965862883e-05
17.27,-0.0425645673051847,0.00010700233888037,-0.000173104913808709,1.46916247580034e-05
17.28,-0.0425194962406152,0.000105320131478837,-0.000173591525211282,1.42107327115624e-05
17.29,-0.0424750416090127,0.00010352762777845,-0.000173947179155957,1.37820666885447e-05
17.3,-0.0424312220397791,0.000101838400002105,-0.000174130520406947,1.34016309531244e-05
17.31,-0.0423879942432688,0.000100042701897633,-0.000174033091633695,1.30701115744373e-05
17.32,-0.0423453762308892,9.83554571113452e-05,-0.000173650558022269,1.2781362552715e-05
17.33,-0.0423033243184072,9.65678307808807e-05,-0.000172907091891107,1.25344788966413e-05
17.34,-0.042261856299687,9.4895445595419e-05,-0.00017182732209864,1.2322199284432e-05
17.35,-0.0422209283287991,9.31297979855401e-05,-0.000170361972225186,1.21428713825908e-05
17.36,-0.0421805584194193,9.1486677196492e-05,-0.000168559960317804,1.19888097989064e-05
17.37,-0.0421407028313681,8.9757425658521e-05,-0.000166393684788925,1.18582232908677e-05
17.38,-0.0421013802477539,8.81575644474615e-05,-0.00016393062672863,1.17435542210424e-05
17.39,-0.0420625472951457,8.64779106265776e-05,-0.000161158380161248,1.16433647452257e-05
17.4,-0.0420242236902464,8.49334107636965e-05,-0.000158156134348838,1.15506470476165e-05
17.41,-0.0419863666178717,8.33141211485936e-05,-0.000154919844936169,1.14646596153648e-05
17.42,-0.0419489970440399,8.18342444853458e-05,-0.000151533869087971,1.13792063480231e-05
17.43,-0.0419120882393091,8.03891774985019e-05,-0.000147996470047396,1.12944254275722e-05
17.44,-0.0418756163024323,7.88735429658312e-05,-0.000144462526874886,1.12026176125597e-05
17.45,-0.0418396033576531,7.74993017896175e-05,-0.00014090351045611,1.11050541759191e-05
17.46,-0.0418040099619663,7.60551353456853e-05,-0.000137297590001341,1.10039226768489e-05
17.47,-0.0417688565564642,7.47528930636871e-05,-0.000133716643504626,1.0895158132517e-05
17.48,-0.0417340996926825,7.33807156373853e-05,-0.00013014687222312,1.07807549090344e-05
17.49,-0.0416997632495839,7.21498680243715e-05,-0.000126658078750316,1.06571953374868e-05
17.5,-0.0416658064565869,7.08478804894865e-05,-0.000123230384114416,1.05271370304395e-05
17.51,-0.0416322551204651,6.96855750060408e-05,-0.000119925722139529,1.03877191857394e-05
17.52,-0.0415990698551685,6.84500450301503e-05,-0.000116715910534683,1.0242181904563e-05
17.53,-0.0415662777739776,6.7351841088597e-05,-0.000113654659932873,1.0088160626035e-05
17.54,-0.0415338404637762,6.61777918304934e-05,-0.000110705926216452,9.92929313737006e-06
17.55,-0.0415017855392215,6.51383461835806e-05,-0.000107916014235093,9.76352531300258e-06
17.56,-0.0414700749520556,6.4020227510528e-05,-0.000105242114025673,9.59471321166352e-06
17.57,-0.0414387362118855,6.30339283486585e-05,-0.000102724485642996,9.42094260472798e-06
17.58,-0.0414077311797652,6.19661962315086e-05,-0.000100315128753028,9.2461296415156e-06
17.59,-0.0413770869347712,6.10276764858581e-05,-9.80499887410995e-05,9.0683570057498e-06
17.6,-0.0413467649799486,6.00052313445661e-05,-9.58776860204423e-05,8.89147577617123e-06
17.61,-0.0413167919266488,5.91097268519092e-05,-9.38316728480733e-05,8.71345996755523e-06
17.62,-0.0412871288477046,5.81281898705316e-05,-9.18589570784376e-05,8.53801045124747e-06
17.63,-0.0412578020636065,5.72717356401215e-05,-8.99921501502053e-05,8.36292814065521e-06
17.64,-0.0412287722928415,5.63275693003779e-05,-8.81781442819475e-05,8.1917190328748e-06
17.65,-0.0412000658468425,5.55070518542178e-05,-8.64500148480638e-05,8.02198495907815e-06
17.66,-0.0411716432408635,5.45975528486782e-05,-8.47556358756406e-05,7.85702750627163e-06
17.67,-0.0411435310591806,5.38106536276962e-05,-8.31294240680086e-05,7.69425435932847e-06
17.68,-0.0411156897717113,5.29338570556644e-05,-8.15209002142364e-05,7.53677928950523e-06
17.69,-0.0410881464441459,5.21789272147654e-05,-7.99662813750824e-05,7.38184177759839e-06
17.7,-0.0410608777791381,5.14395714197691e-05,-7.84170099151826e-05,7.23240032751581e-06
17.71,-0.041033863090119,5.06091911305238e-05,-7.69822396050062e-05,7.08315292623918e-06
17.72,-0.0410071295426242,4.98986845585534e-05,-7.55897362703349e-05,6.93720712080072e-06
17.73,-0.0409806396457402,4.90964802897969e-05,-7.41777770664736e-05,6.79811321841124e-06
17.74,-0.0409544182568577,4.84141398482847e-05,-7.278457679702e-05,6.66272082684638e-06
17.75,-0.0409284234970837,4.76402406435525e-05,-7.13656152422102e-05,6.53351599742466e-06
17.76,-0.0409026831284862,4.69863640451781e-05,-6.99634058772532e-05,6.40719419324712e-06
17.77,-0.0408771576393399,4.62410164186069e-05,-6.85363890926053e-05,6.28620186974028e-06
17.78,-0.040851876289036,4.56157655532059e-05,-6.71292290870171e-05,6.16725086297376e-06
17.79,-0.0408268007553065,4.48990228582461e-05,-6.57018432926135e-05,6.05283396885075e-06
17.8,-0.0408019613001631,4.43023203754198e-05,-6.42997694642142e-05,5.93973532178915e-06
17.81,-0.0407773204948558,4.36139648876973e-05,-6.28833389088829e-05,5.83052832971534e-06
17.82,-0.0407529088971526,4.30454581005138e-05,-6.14980829559051e-05,5.72208805373412e-06
17.83,-0.0407286894434371,4.23850142770516e-05,-6.01040574960966e-05,5.61707426068148e-06
17.84,-0.0407046924529944,4.18441214619752e-05,-5.87463049655596e-05,5.51244731579168e-06
17.85,-0.0406808808290275,4.12109199633136e-05,-5.73843049521349e-05,5.41093969374363e-06
17.86,-0.0406572843780939,4.06969024635561e-05,-5.60624661397632e-05,5.30957819092077e-06
17.87,-0.0406338657400891,4.00901526501428e-05,-5.47396679684255e-05,5.21114666255034e-06
17.88,-0.0406106542051674,3.96021811382916e-05,-5.34597512953469e-05,5.11271666987058e-06
17.89,-0.0405876120977933,3.90210265924639e-05,-5.21811195809227e-05,5.01710308823093e-06
17.9,-0.0405647683886077,3.85582241027414e-05,-5.09471971370166e-05,4.9214045364143e-06
17.91,-0.0405420851720137,3.80017724867888e-05,-4.97160686833736e-05,4.82845231945532e-06
17.92,-0.0405195913891774,3.75632326221312e-05,-4.85308821134176e-05,4.73536118059747e-06
17.93,-0.0404972490465045,3.7030564453157e-05,-4.73495189679876e-05,4.64497114498328e-06
17.94,-0.0404750873334745,3.6615353335945e-05,-4.62149306042045e-05,4.55440846905353e-06
17.95,-0.0404530683173423,3.61055197600658e-05,-4.50848432109024e-05,4.46651947883901e-06
17.96,-0.0404312216413985,3.57126723727847e-05,-4.40020255356694e-05,4.37844131577834e-06
17.97,-0.0404095095372803,3.52246925257311e-05,-4.29240380182798e-05,4.29302685864303e-06
17.98,-0.040387962196105,3.4853213031492e-05,-4.18934365338258e-05,4.20742480102419e-06
17.99,-0.0403665584886657,3.44920786705757e-05,-4.08675773069211e-05,4.12449496245311e-06
18,-0.039730273734742,0.00355830928644004,-3.99600585932334e-05,4.03900209485036e-06
18.01,-0.0391321669025029,0.00585240458570955,-0.00244159008791382,-7.67209190919861e-05
18.02,-0.0383760024992892,0.00809397111050844,-0.0102825357241251,-0.000359737792993985
18.03,-0.037530747874488,0.0101910167428794,-0.02178919360365,-0.000715006162806714
18.04,-0.0366313429108995,0.0121809493073419,-0.0360612709423448,-0.00107167402840099
18.05,-0.0356270065353925,0.0140017169294554,-0.0523356432901197,-0.00137952274693828
18.06,-0.0344246870256679,0.0157704606896089,-0.0699460837736749,-0.00160353421857916
18.07,-0.0329077749486952,0.0174108746580247,-0.0883425838419927,-0.00172109582397513
18.08,-0.0309508597316626,0.0190712511168836,-0.107122729523981,-0.00172235573729187
18.09,-0.0284204115988018,0.0206393659515831,-0.125974258957755,-0.00160371368991298
18.1,-0.025210864365766,0.0222779118576766,-0.144713076595026,-0.00136964118868101
18.11,-0.0212112865955323,0.0238271123879711,-0.163147801679011,-0.0010235664199911
18.12,-0.0163770191896635,0.0254598930066282,-0.181198613859561,-0.000574296072023548
18.13,-0.0106190183510169,0.0269736703359457,-0.198780898418504,-2.89777679813811e-05
18.14,-0.00396230399887898,0.028559252571585,-0.215840617028923,0.000603463888124461
18.15,0.0036903976931022,0.0299818639092329,-0.232257789796844,0.00131889055499122
18.16,0.0122448460987066,0.0314585421615701,-0.247958211690158,0.00211029771539336
18.17,0.0218382308021372,0.032729672097885,-0.262796431478993,0.00297488412498901
18.18,0.0323004843300581,0.0340427215144344,-0.276693304233461,0.00390641318952316
18.19,0.043837012912304,0.0351169957017018,-0.289537827568766,0.0049011793724928
18.2,0.0561879685716384,0.0362300167880244,-0.301304836100196,0.00595196964284728
18.21,0.0696480650821485,0.0370795884631394,-0.311939852007395,0.00705389478370382
18.22,0.0838477834791949,0.037970828340476,-0.321458235918395,0.00820038393412539
18.23,0.0991892032910044,0.0385794360911422,-0.329844722247976,0.0093850734430295
18.24,0.115171725332425,0.0392361610163539,-0.33711853033218,0.0105998631756349
18.25,0.132322093411013,0.0395947894396447,-0.343271926360997,0.0118383723265649
18.26,0.149989628592269,0.0400103566455314,-0.348329822237448,0.0130927589006012
18.27,0.16884458535503,0.0401155507662852,-0.352315362819447,0.0143561557271416
18.28,0.188069761916184,0.0402885301143579,-0.355265747940887,0.0156219344673542
18.29,0.207996623085338,0.0403442588319821,-0.357190697742936,0.0168860841091621
18.3,0.22913528700424,0.0400765363491187,-0.358115422742732,0.0181436612522455
18.31,0.250394415291449,0.0398978399955677,-0.358107074569679,0.0193890079974129
18.32,0.272882337376004,0.0393903529338278,-0.357260182112776,0.0206156567292577
18.33,0.29530623135622,0.0389855061431875,-0.355677792714292,0.0218187397820126
18.34,0.318975167748846,0.0382463008943901,-0.353447972047943,0.0229932121518914
18.35,0.342387232389596,0.0376222425955835,-0.350666267194253,0.0241357676481291
18.36,0.366200719310616,0.0368934896061655,-0.347402433558897,0.025242260953395
18.37,0.391296851374959,0.0358220266264984,-0.343729866438973,0.0263103382080802
18.38,0.415844952097459,0.0348839364689784,-0.339715433685007,0.0273370545516494
18.39,0.44171147568002,0.0335985672491159,-0.335416879420411,0.0283194097863229
18.4,0.466836952956116,0.0324571234420855,-0.330897653431513,0.0292560199723325
18.41,0.49216540909338,0.0312180206168001,-0.32621105955505,0.0301450223730877
18.42,0.518880830765876,0.029624332654739,-0.321388427858945,0.0309853865797436
18.43,0.544569659764436,0.0281890109762537,-0.316473143031786,0.0317757718335579
18.44,0.570358293846129,0.0266588672552566,-0.311511541607914,0.032515155392018
18.45,0.597619473475776,0.0247672439297372,-0.306529776400727,0.0332035938244096
18.46,0.623576462485006,0.0230458553601365,-0.30155934422065,0.033840417745811
18.47,0.649542342376499,0.0212311871083884,-0.29663110993959,0.0344250595777085
18.48,0.677080143367483,0.0190483495011736,-0.291759307532025,0.034957997901571
18.49,0.703043386374553,0.0170447156232767,-0.286969265597595,0.0354391509822161
18.5,0.728935168764759,0.0149481139419619,-0.282287127939812,0.0358685547220995
18.51,0.756510433713525,0.0124771818741573,-0.277722101816283,0.036247266433078
18.52,0.782249614272685,0.0101915822354924,-0.273291881282316,0.0365758661392407
18.53,0.8078469602065,0.00781208282521034,-0.269015879149165,0.0368550286656547
18.54,0.83524934437905,0.00505265857964793,-0.264893281290626,0.037086628912239
18.55,0.860563549124527,0.00248193532511529,-0.26091723258238,0.0372724568923277
18.56,0.885675985132382,-0.000184106175050325,-0.257059207960268,0.0374149205522309
18.57,0.912724371320202,-0.00323329085295776,-0.253237079925077,0.0375185119337984
18.58,0.937439061194719,-0.00609012555909985,-0.249320362057731,0.0375885962035829
18.59,0.961890283188522,-0.00903933292846776,-0.245184347588949,0.0376289342342902
18.6,0.986048650291549,-0.0120783111858627,-0.24071099243336,0.0376417866899783
18.61,1.01228087026816,-0.015492151440908,-0.235756669430279,0.0376292524480665
18.62,1.03578863312558,-0.0186992630735929,-0.230101937725952,0.0375941150963585
18.63,1.05884932529994,-0.0219813379192493,-0.223502222846275,0.0375395322058542
18.64,1.08395900906746,-0.0256165738387286,-0.215701757098682,0.0374671456656197
18.65,1.10587215849891,-0.0290220428732825,-0.206264940029142,0.0373820953787373
18.66,1.12693608624455,-0.032470532252234,-0.19474093660606,0.0372866321545773
18.67,1.1469313491178,-0.0359453854640868,-0.180857882663697,0.0371702752484807
18.68,1.16841871632397,-0.0397071294593394,-0.164398975543421,0.0370183162062477
18.69,1.1855628612626,-0.043171075481004,-0.145142348396431,0.0368135026677214
18.7,1.2008586095868,-0.0465914656427068,-0.122968381915129,0.036534213587959
18.71,1.21699906101922,-0.0502116253144557,-0.0980252495630152,0.0361497209000506
18.72,1.22792700284553,-0.0534525585186628,-0.0704433259219022,0.0356388764825269
18.73,1.23636007614089,-0.0565568810631719,-0.040507584704277,0.0349866663337041
18.74,1.24517048335721,-0.0597574586496435,-0.0086549052021318,0.0341702916162692
18.75,1.24825846370418,-0.0624950707710926,0.0247699057392849,0.0331783584389918
18.76,1.25161506459178,-0.0652626356828499,0.0593869284250442,0.0320031652099849
18.77,1.24921370562571,-0.0675196366571691,0.0946751789478027,0.0306350870398874
18.78,1.23698449793091,-0.0685794371567581,0.130142586849352,0.0290736320612715
18.79,1.22270511724442,-0.0693515198171489,0.164828267150658,0.0273071824104256
18.8,1.20359531624289,-0.0696111412598655,0.197637380577416,0.0253245973861951
18.81,1.18574218276823,-0.0698415632862069,0.228035363762053,0.0231484609628066
18.82,1.16636759487775,-0.0698215279678835,0.2556489329344,0.0208094840028924
18.83,1.14288545428185,-0.06935748073423,0.280309063787846,0.018346015805154
18.84,1.1211910585166,-0.0689020296320038,0.301845945415303,0.0157919058716914
18.85,1.09865431277527,-0.0682582238709762,0.320211090412556,0.0131801129040875
18.86,1.07548017843233,-0.0674485661577757,0.335515834204884,0.0105451413053332
18.87,1.04925288189294,-0.0663082671209442,0.347835265923906,0.00791340340807085
18.88,1.02535882734801,-0.0652414308741278,0.35729319033166,0.00530761816102637
18.89,1.00125928718284,-0.064076281195966,0.364132608779929,0.00275076314691326
18.9,0.974613290627198,-0.0626632123722474,0.368674022364919,0.000265144673925172
18.91,0.950373891874854,-0.0613655615350041,0.371182313124565,-0.00213365730246326
18.92,0.926096885953013,-0.0600236394776948,0.371923218917894,-0.00443438285288981
18.93,0.901800903057926,-0.0586511888443798,0.371215791294197,-0.00662726028327123
18.94,0.875304798450543,-0.057112717624152,0.369338297610541,-0.00870720704576727
18.95,0.851051978172865,-0.0557167527910547,0.36643439044408,-0.0106715162698293
18.96,0.826799420572058,-0.054319452431835,0.362621874200126,-0.012517824333904
18.97,0.800534971195218,-0.0527974645721697,0.358053785851412,-0.014243413220964
18.98,0.776364602736012,-0.051423876090586,0.352842537178609,-0.0158483566842941
18.99,0.752227537104289,-0.0500679020794058,0.347069489180512,-0.0173351749458969
19,0.726291761718357,-0.0486183055510796,0.34083021913709,-0.0187062946764933
19.01,0.702333368146142,-0.0473154536211899,0.334229573613883,-0.0199657715586198
19.02,0.678467308966209,-0.0460412193054528,0.327348765206885,-0.0211180311020162
19.03,0.653030981548789,-0.0446957390269255,0.320276978556675,-0.0221683267040085
19.04,0.629465507405423,-0.0434887987004264,0.313081065696631,-0.0231223566620797
19.05,0.604476117758217,-0.0422211765740741,0.305813123026878,-0.0239853101527934
19.06,0.58128220415041,-0.0410843016629126,0.29854215967907,-0.0247620551459341
19.07,0.558270395157931,-0.0399798300894486,0.291337977419732,-0.0254583007415023
19.08,0.534039598019568,-0.0388256634500418,0.284262239524464,-0.0260789432524697
19.09,0.511482223058922,-0.0377864123484665,0.277368217242633,-0.0266283121366089
19.1,0.489140742936131,-0.0367748957283851,0.270685971617036,-0.0271112655769594
19.11,0.465764041518808,-0.0357191745660586,0.264251139739673,-0.0275319261120262
19.12,0.443929573076212,-0.0347598062832614,0.258095543862868,-0.0278941436381868
19.13,0.421173750661275,-0.0337576242164997,0.252240632518086,-0.0282018500417318
19.14,0.399870799557066,-0.0328386919518943,0.246709317920437,-0.0284585676028589
19.15,0.377754091631757,-0.0318771269408781,0.241514261060239,-0.0286675832500611
19.16,0.357001157698997,-0.0309854361695698,0.236664980042059,-0.0288324474008091
19.17,0.336506338005093,-0.0301006197125997,0.232153129235657,-0.0289564168007816
19.18,0.315353260450763,-0.029172513774872,0.227957342927546,-0.0290424356266022
19.19,0.295437965115725,-0.0282951283272656,0.22405935957221,-0.0290931160198496
19.2,0.274967989362779,-0.027374139200062,0.220435629998837,-0.029110856783311
19.21,0.255660169452069,-0.0264926372132751,0.217058210128855,-0.0290978885619003
19.22,0.235902295232047,-0.0255678080471907,0.213897170933535,-0.0290561729012509
19.23,0.217239038076995,-0.0246726621386557,0.210925551835992,-0.0289877059614451
19.24,0.198895373423052,-0.0237665240344445,0.208114280814229,-0.0288943955071578
19.25,0.180263630925856,-0.0228189405024379,0.205431666028717,-0.0287778068439326
19.26,0.162643302174192,-0.0218890118898729,0.202844334678157,-0.0286393541173573
19.27,0.144845419866827,-0.0209198370314437,0.200312201470252,-0.0284804449325238
19.28,0.128016664987454,-0.0199624732758792,0.197794138730088,-0.0283023341225362
19.29,0.111123826155323,-0.0189692183139852,0.195256091171831,-0.0281056541421278
19.3,0.0951646808971214,-0.017983967506633,0.192636580863633,-0.0278918411263384
19.31,0.0792475700089694,-0.0169680187361513,0.18987416191818,-0.0276621309064771
19.32,0.0642282866232193,-0.0159591080420277,0.186935315977141,-0.0274165754599052
19.33,0.049347481247267,-0.0149264497746997,0.183781686268482,-0.0271550286559825
19.34,0.0353282213294914,-0.0139018529151373,0.180385935639756,-0.026876803356922
19.35,0.021532331903428,-0.0128616265010368,0.176728781211476,-0.0265818440305332
19.36,0.0085592150327356,-0.0118320558779758,0.172792142752634,-0.0262701057884598
19.37,-0.0038918876012124,-0.0108041008981945,0.168540192333985,-0.0259409489128778
19.38,-0.0160184589669239,-0.00977457273572574,0.16394226528381,-0.0255933752175091
19.39,-0.0273871897768121,-0.00876291518961527,0.158972365791197,-0.025226145854976
19.4,-0.0383835329161606,-0.00776042719985988,0.153636492688119,-0.0248380526384484
19.41,-0.0486716807911192,-0.00678225225281262,0.147936962426163,-0.0244280297771088
19.42,-0.058555330031556,-0.00582403923771163,0.141886101029754,-0.0239943398416062
19.43,-0.0677847054495926,-0.00489693737954237,0.135502067860957,-0.0235353752224473
19.44,-0.0765916654957417,-0.00400005297306793,0.128824653537016,-0.0230495220564452
19.45,-0.0848007813011886,-0.00314055080967361,0.121893942561455,-0.0225355226674499
19.46,-0.0925804969210757,-0.00232001779119302,0.114760355292887,-0.0219923353569293
19.47,-0.0998189409540249,-0.00154175422629516,0.107495077018735,-0.0214200623699561
19.48,-0.106630877241438,-0.000808838561866576,0.10017077996255,-0.0208190535148502
19.49,-0.11295906723791,-0.000120841553197211,0.0928495007305851,-0.0201897512698205
19.5,-0.118871192684534,0.000518108036000434,0.0855967476795594,-0.0195332527510138
19.51,-0.124353488848974,0.00111178446360128,0.07848192207502,-0.0188516227511788
19.52,-0.129433418828704,0.00165556995701826,0.0715685458106938,-0.018147358466441
19.53,-0.134132730917819,0.00215616193081578,0.0649110873945004,-0.0174235731853804
19.54,-0.138444191392844,0.00260862347775318,0.0585551069608075,-0.0166836245819841
19.55,-0.142417791667595,0.00302192176734154,0.0525360623091495,-0.015931085330216
19.56,-0.146016891301716,0.00339085755966663,0.0468928966671943,-0.0151699879442455
19.57,-0.149314192985772,0.00372613697567793,0.0416427689237975,-0.0144045133171405
19.58,-0.152249466119248,0.00402224592357819,0.0367992385516773,-0.0136390251259691
19.59,-0.154913934346082,0.00429091777676103,0.0323660776401147,-0.0128778282608596
19.6,-0.157228796961881,0.00452625689841992,0.028342696494024,-0.0121248210421496
19.61,-0.159300122525207,0.00474052080358818,0.0247199115321511,-0.0113842836650578
19.62,-0.161090704248831,0.00493207946115843,0.0214765367811501,-0.0106599599737419
19.63,-0.162552536140097,0.00509890659066656,0.0185855082182422,-0.00995519507579702
19.64,-0.163808663984493,0.00525297569208107,0.0160182637165913,-0.0092729404449671
19.65,-0.164753527326944,0.00538704362331181,0.0137438204820596,-0.00861571163880408
19.66,-0.165518194783473,0.00551252773715683,0.0117293175943807,-0.00798562690210993
19.67,-0.16599225309512,0.00562164433450422,0.00993819810560626,-0.00738444845638671
19.68,-0.166311941821753,0.00572504194868865,0.00833183666967968,-0.00681336500127862
19.69,-0.16636431532346,0.00581442202495272,0.00687710379351177,-0.00627284397540892
19.7,-0.166288229926922,0.00589964367408088,0.00555004254019774,-0.00576312079917209
19.71,-0.165969883334261,0.00597224414094708,0.00433255953749529,-0.00528382666557629
19.72,-0.165548109034098,0.00604147731115763,0.00320272718848816,-0.0048345066539284
19.73,-0.16490912235284,0.00609886393809774,0.00213986922727173,-0.00441443246062667
19.74,-0.164189690848845,0.00615300246572248,0.00112913614518627,-0.0040225860823428
19.75,-0.163277000035897,0.00619558659709121,0.000163269702497301,-0.003657724705679
19.76,-0.162304333592064,0.00623475127611884,-0.000763275453449663,-0.0033185433579799
19.77,-0.161160764579845,0.0062625585332636,-0.00165586144769908,-0.00300365600131912
19.78,-0.159975127246264,0.00628671007025268,-0.00251783258132357,-0.00271169511302915
19.79,-0.158639163068492,0.0062997063763268,-0.00334854697291543,-0.0024411764794583
19.8,-0.157276592131482,0.00630889418600628,-0.00414732026691671,-0.00219069595334167
19.81,-0.15578247112908,0.00630729038390516,-0.00491201053720254,-0.00195889571741698
19.82,-0.154275073407685,0.00630190688388756,-0.00564078551352897,-0.0017444769095571
19.83,-0.152653268530345,0.00628629288232425,-0.0063310187038037,-0.00154615828878803
19.84,-0.15102956355927,0.00626713259467161,-0.00698029801889411,-0.00136277043199174
19.85,-0.149307169943402,0.00623849443888404,-0.007586524572974,-0.00119319056531793
19.86,-0.147592851153096,0.00620671955674913,-0.00814788533170309,-0.00103636749331784
19.87,-0.14579447221218,0.00616636260592097,-0.00866260047277338,-0.000891307114460832
19.88,-0.144012926257772,0.00612341490817058,-0.00912914374902977,-0.000757087507392364
19.89,-0.142205148848281,0.00607543423186181,-0.00954712153668329,-0.000632858625960745
19.9,-0.140333187274999,0.00602039362402086,-0.00991700873035525,-0.000517859368998235
19.91,-0.138488954154541,0.00596371218027423,-0.0102387221360053,-0.0004113708320193
19.92,-0.136592267470886,0.00590101005183637,-0.0105128286349888,-0.000312734951018571
19.93,-0.134728988303708,0.00583733512227812,-0.010740649418094,-0.000221359766412846
19.94,-0.132823602639532,0.00576866150916854,-0.0109232975168631,-0.000136677962070169
19.95,-0.130955943849788,0.00569966432813939,-0.0110631757069255,-5.81839751614729e-05
19.96,-0.1290550375829,0.00562662987155905,-0.0111634569147411,1.4584417454219e-05
19.97,-0.127194824833082,0.00555384553454541,-0.0112267155227615,8.20719236202677e-05
19.98,-0.125308754605062,0.00547788484550131,-0.011255573387608,0.00014467696622186
19.99,-0.123465091699738,0.00540266919060555,-0.0112526877116517,0.000202735820517461
20,-0.121601628698446,0.00532504112374498,-0.0112208061039547,0.000256532239113401
20.01,-0.119781265563798,0.00524856876263255,-0.011162678293777,0.000306309219216392
20.02,-0.117946069039621,0.00517034344448004,-0.0110810567612924,0.000352274413729224
20.03,-0.116153909699666,0.00509359490722801,-0.0109785946353295,0.000394611110916775
20.04,-0.114351044081805,0.00501564664909764,-0.010857890798615,0.000433478792105758
20.05,-0.112590648023072,0.00493940809770743,-0.0107213875408626,0.000469023936765799
20.06,-0.110823061393401,0.00486242105332132,-0.0105714535908407,0.000501377210426661
20.07,-0.109097074085376,0.00478729468536405,-0.010410261634154,0.000530664667499681
20.08,-0.10736697469796,0.00471177689917273,-0.0102398985363659,0.000557002262940975
20.09,-0.105677461585238,0.00463819746951576,-0.0100622262262835,0.000580507414434032
20.1,-0.103986616190732,0.00456449969602594,-0.00987901347022019,0.000601291225227719
20.11,-0.102335294068331,0.00449275629910905,-0.00969178075816205,0.000619470258126595
20.12,-0.100685174828715,0.00442109690679727,-0.00950195692696529,0.000635156719013887
20.13,-0.0990734968700897,0.004351359539618,-0.00931071459816349,0.000648470294158311
20.14,-0.0974653291691956,0.00428185239919076,-0.00911892302671964,0.000659536433542217
20.15,-0.0958945003573364,0.00421420314598044,-0.00892753519411722,0.000668485929551253
20.16,-0.0943440871464798,0.00414758338951522,-0.00873765731851802,0.000675434819061413
20.17,-0.0928002115347351,0.0040813371088293,-0.00854981046838017,0.000680506752399158
20.18,-0.0912919771719665,0.00401680650357019,-0.0083640261802371,0.000683830822225977
20.19,-0.0897919800130795,0.00395271389531626,-0.00818066746446041,0.000685518001490756
20.2,-0.0883264304562887,0.00389024108046944,-0.00800009048125956,0.000685679524697154
20.21,-0.0868705840943029,0.00382825425425228,-0.00782274514305073,0.000684423651130716
20.22,-0.0854479570283244,0.00376778614905604,-0.00764892558789128,0.000681865813292342
20.23,-0.0840362573321087,0.00370783578603637,-0.00747877381054511,0.000678111699800963
20.24,-0.0826565137211865,0.00364930475223108,-0.00731217918729726,0.000673271022658976
20.25,-0.0812887060272907,0.00359131940373117,-0.00714903229818536,0.000667442290498137
20.26,-0.0799515755678186,0.00353466681439216,-0.00698912164661492,0.000660726819697024
20.27,-0.0786272007975821,0.00347859035152288,-0.00683235979297708,0.00065321543360415
20.28,-0.0773322298524199,0.00342377313083289,-0.00667858454243272,0.000645001518862231
20.29,-0.0760506765074691,0.003369563366243,-0.00652774839952967,0.000636167942352717
20.3,-0.0747972627842151,0.00331655002455221,-0.00637972064601854,0.000626799852531707
20.31,-0.0735577734437536,0.00326417496004036,-0.00623447895462376,0.000616971889413305
20.32,-0.0723451888420126,0.00321294140506579,-0.0060919198922438,0.000606760594571563
20.33,-0.071146929592576,0.00316237409869529,-0.00595205838694426,0.000596231608692506
20.34,-0.0699743856574173,0.00311289854011277,-0.00581482643257791,0.000585452215007168
20.35,-0.0688164634486848,0.00306411274859138,-0.00568023787765372,0.00057448030313779
20.36,-0.0676830965411073,0.00301637232538689,-0.00554822322577638,0.000563375180866126
20.37,-0.0665645428830741,0.00296934002394091,-0.00541880263861895,0.000552186021066668
20.38,-0.0654694127467117,0.00292330909078875,-0.00529181405406763,0.00054096718653766
20.39,-0.0643891707513333,0.00287800118626097,-0.00516729925680603,0.000529764092913812
20.4,-0.0633312081309292,0.00283365343682252,-0.00504534040267031,0.000518617909579275
20.41,-0.0622880767648706,0.00279003680599296,-0.00492590749318765,0.000507565886631526
20.42,-0.061266068827261,0.00274733967163525,-0.00480886329393469,0.000496645070993345
20.43,-0.0602614309322957,0.00270545077381964,-0.00469420847695918,0.000485881877272465
20.44,-0.0592713283527582,0.00266430113477074,-0.00458187138468692,0.000475302520356715
20.45,-0.0583006204290237,0.00262401534454704,-0.00447194711228018,0.00046492085628127
20.46,-0.0573441404551192,0.00258446723752259,-0.0043645188197099,0.000454745267302136
20.47,-0.0564059315678946,0.00254574380767975,-0.00425958410167353,0.000444784646849118
20.48,-0.055481600204093,0.00250775009613954,-0.00415719271462076,0.00043504002281941
20.49,-0.0545744675608582,0.00247054071530656,-0.00405736106003744,0.000425511734368515
20.5,-0.0536808347352524,0.00243404769849904,-0.00396012280932573,0.000416192441975591
20.51,-0.0528033904703964,0.00239829815398188,-0.0038653597480446,0.000407079983853557
20.52,-0.0519390608846679,0.00236324919679079,-0.00377311164194342,0.000398163801046961
20.53,-0.0510899802393263,0.00232890394155081,-0.00368337524960473,0.000389436065525149
20.54,-0.0502536351479694,0.00229523977214794,-0.00359617433183029,0.000380886511765549
20.55,-0.0494316740511698,0.00226223920372319,-0.00351145955709101,0.000372509233266476
20.56,-0.0486220809926232,0.00222989763913355,-0.00342921449358746,0.000364296083457295
20.57,-0.0478260771477999,0.00219818079447705,-0.00334936906592026,0.000356242667633872
20.58,-0.0470420849530848,0.00216709967933298,-0.00327189440342435,0.000348342309203791
20.59,-0.0462709556228686,0.00213660604892539,-0.00319671939870923,0.000340591758277124
20.6,-0.0455114968320904,0.00210672404074143,-0.00312382380836748,0.000332985047074902
20.61,-0.0447642305818139,0.00207739415028656,-0.00305312225773564,0.000325519359880445
20.62,-0.0440282942440353,0.00204865183571766,-0.00298456901145242,0.000318190082176861
20.63,-0.0433039246579332,0.00202042887420787,-0.0029180825719901,0.000310995917029988
20.64,-0.0425905466538294,0.00199277002284094,-0.00285362490388843,0.000303934217097357
20.65,-0.0418881527978616,0.00196559992884059,-0.00279117742077631,0.000297003046773884
20.66,-0.0411964140375085,0.00193897030675295,-0.00273066743477808,0.000290200851321796
20.67,-0.0405151172377547,0.00191280083899271,-0.00267200225470859,0.000283528718172059
20.68,-0.0398441476543905,0.00188714922535302,-0.0026151831217482,0.000276985236844373
20.69,-0.0391831208885849,0.00186193079829905,-0.00256018290552744,0.000270571646239653
20.7,-0.0385319165498865,0.00183716891799603,-0.00250697938853957,0.000264288446566669
20.71,-0.0378905655542514,0.00181288985816408,-0.00245549986323682,0.000258139199447803
20.72,-0.0372584768918554,0.00178900574809208,-0.00240569852433499,0.000252125119344511
20.73,-0.0366359308888979,0.00176558176881256,-0.00235751855445785,0.000246247406602915
20.74,-0.0360222293374886,0.00174252959673335,-0.00231087255420456,0.000240508875797049
20.75,-0.0354177647563283,0.00171991633196275,-0.0022656994620145,0.000234910844962688
20.76,-0.0348217513837925,0.0016976542467835,-0.00222192339454367,0.000229455824099856
20.77,-0.0342346697742428,0.00167581141281563,-0.0021794928986728,0.000224144799004242
20.78,-0.0336556657998122,0.00165430128668793,-0.00213834125900568,0.000218979670549072
20.79,-0.0330852891988966,0.00163319205599237,-0.00209842247410685,0.000213960807085355
20.8,-0.0325226346151979,0.00161239886212808,-0.00205967641240078,0.000209089255838763
20.81,-0.0319683047910182,0.00159198930035812,-0.00202206183488828,0.000204364555995787
20.82,-0.0314213588107233,0.00157188058134805,-0.00198552522718189,0.000199786748160764
20.83,-0.0308824387715747,0.00155213911777096,-0.00195003037241214,0.000195354435740484
20.84,-0.0303505819337531,0.0015326844954788,-0.00191553024425454,0.000191066608959722
20.85,-0.029826458118726,0.00151358149672619,-0.00188199334235955,0.000186920931459371
20.86,-0.0293090932783855,0.00149475237137996,-0.00184937847350475,0.000182915388616099
20.87,-0.0287991740331357,0.00147625991746753,-0.00181765828303438,0.000179046773075119
20.88,-0.0282957263612422,0.00145802916212516,-0.00178679681799889,0.00017531216575497
20.89,-0.027799447795771,0.00144012054138846,-0.00175677032541243,0.000171707609197942
20.9,-0.0273093743057951,0.00142246194641861,-0.0017275470686305,0.000168229445352904
20.91,-0.0268262048380601,0.00140511131944239,-0.00169910561210173,0.000164873155853216
20.92,-0.0263489888470598,0.00138799960386719,-0.00167141708216377,0.000161634548221319
20.93,-0.0258784195596755,0.00137118215989656,-0.0016444613558608,0.000158508723896903
20.94,-0.025413566220915,0.00135459306947763,-0.00161821228777377,0.000155491126492154
20.95,-0.0249551114631368,0.00133828505403825,-0.00159265178866014,0.00015257664740238
20.96,-0.0245021495454649,0.00132219537621685,-0.00156775594253802,0.000149760554509135
20.97,-0.0240549676883157,0.0013063474101935,-0.00154350794733282,0.000147037707031374
20.98,-0.0236138328422628,0.00129076158054118,-0.0015198821881136,0.000144403503981058
20.99,-0.0231778847864765,0.00127538010807643,-0.00149686466442717,0.000141852929255332
21,-0.0227477648519052,0.00126024877610184,-0.0014744411916344,0.000139381079107266
21.01,-0.0223226471127189,0.00124531291966169,-0.0014525925495064,0.000136983565289979
21.02,-0.021903152052821,0.00123061563980441,-0.00143130415523445,0.000134655913085174
21.03,-0.0214884896906451,0.00121610539281873,-0.00141055762126073,0.000132394126661393
21.04,-0.021079257353156,0.00120182264979565,-0.00139033850285186,0.000130194203253182
21.05,-0.0206747021584999,0.00118771894648658,-0.00137062894826963,0.000128052619536117
21.06,-0.0202753966457836,0.00117383215342376,-0.00135142184917837,0.000125965580149625
21.07,-0.0198806256120969,0.00116011676883697,-0.0013326933230564,0.00012392995901973
21.08,-0.0194909354319126,0.00114660824338031,-0.00131442160399484,0.000121942886307815
21.09,-0.0191056482880976,0.00113326414505372,-0.00129659381869654,0.000120001624765629
21.1,-0.0187252832545202,0.00112011745743259,-0.00127919922776175,0.000118103689423768
21.11,-0.0183491994496974,0.00110712856727758,-0.00126222193370502,0.000116247209636225
21.12,-0.0179778876757108,0.00109432811524952,-0.00124564580448311,0.000114430586725891
21.13,-0.0176107430120647,0.00108167931468368,-0.00122945198928826,0.000112652640772192
21.14,-0.0172482271940924,0.00106921062141246,-0.00121362331514035,0.000110912311466315
21.15,-0.0168897703209794,0.00105688798710749,-0.00119814168239104,0.000109208800266505
21.16,-0.0165358056167335,0.00104473775886754,-0.00118299111496621,0.000107541348304219
21.17,-0.0161857970792854,0.00103272852274585,-0.00116815526400531,0.000105909366312789
21.18,-0.0158401479791568,0.00102088463204406,-0.00115362301830679,0.000104312134572015
21.19,-0.0154983548913892,0.00100917711161207,-0.00113938242683968,0.00010274883018964
21.2,-0.0151607930030888,0.000997628380592561,-0.00112541269608619,0.000101218935178549
21.21,-0.0148269912631509,0.000986211889901348,-0.00111170172133646,9.97217248534333e-05
21.22,-0.0144972975789921,0.000974948203581623,-0.00109824219405229,9.82563963192131e-05
21.23,-0.0141712721659877,0.00096381289715639,-0.00108502619663844,9.68222922404565e-05
21.24,-0.0138490603605925,0.000952814881059528,-0.00107204496040979,9.54188636629178e-05
21.25,-0.0135307807453735,0.000941961217291893,-0.00105928847705085,9.40456763709599e-05
21.26,-0.0132160377938302,0.000931230561676995,-0.00104674703693659,9.27023230340617e-05
21.27,-0.0129051149725665,0.000920639117146872,-0.00103441136541697,9.13884088514076e-05
21.28,-0.0125976444302482,0.000910167412680758,-0.00102227279324045,9.01035362752721e-05
21.29,-0.0122938855536274,0.000899830138597935,-0.00101032343697926,8.88472898673438e-05
21.3,-0.0119934968714634,0.000889609555093042,-0.000998556133375617,8.76192289024753e-05
21.31,-0.0116967149412615,0.000879518921569103,-0.00098696425271373,8.64188946889105e-05
21.32,-0.0114032233152344,0.000869542095436387,-0.000975541834568248,8.52457916022413e-05
21.33,-0.0111132369451488,0.000859690993859246,-0.000964283243204761,8.40994070379181e-05
21.34,-0.0108264630528057,0.000849950947810634,-0.000953183511334586,8.29791817083883e-05
21.35,-0.0105430962374973,0.000840332622666842,-0.000942237852686195,8.18845411053318e-05
21.36,-0.0102628660636466,0.000830822706376247,-0.000931442158199432,8.08148582309436e-05
21.37,-0.00998594804612107,0.000821430701680591,-0.000920792378275394,7.9769495252951e-05
21.38,-0.00971209280439922,0.000812144543675463,-0.000910285136176547,7.87477605987323e-05
21.39,-0.00944145803150764,0.000802972659276198,-0.000899917005641379,7.77489588482391e-05
21.4,-0.00917381408526641,0.000793904126412826,-0.000889685217663693,7.67723434677134e-05
21.41,-0.00890930217416042,0.000784946372436961,-0.000879586860677425,7.58171729532667e-05
21.42,-0.00864771150962351,0.000776089514800175,-0.00086961965177644,7.48826604983556e-05
21.43,-0.00838916790317334,0.0007673400721622,-0.000859781055304678,7.39680355881218e-05
21.44,-0.00813347759842653,0.000758689133619267,-0.000850069114818184,7.30724907942566e-05
21.45,-0.00788075197112104,0.000750142391068393,-0.000840481587934335,7.21952439236742e-05
21.46,-0.00763081365296614,0.000741691813280006,-0.000831016839826607,7.13354821447577e-05
21.47,-0.00738376108951133,0.000733342329609702,-0.000821672918127972,7.04924277172157e-05
21.48,-0.00713943224960722,0.000725086711213764,-0.000812448428665814,6.96652828604891e-05
21.49,-0.00689791370097392,0.000716929190754576,-0.000803341592533637,6.88532960137101e-05
21.5,-0.00665905768765107,0.000708863269183999,-0.000794351131698764,6.80557056038102e-05
21.51,-0.00642289004534469,0.00070089034226467,-0.000785475326201979,6.72718054483839e-05
21.52,-0.00618942574381176,0.000693011181402626,-0.00077671327978364,6.65008753191265e-05
21.53,-0.00595853640013377,0.00068522028133277,-0.000768063084213941,6.57422714626e-05
21.54,-0.00573028297771128,0.000677520393122119,-0.000759522845629991,6.49953869666988e-05
21.55,-0.00550454866786332,0.000669906603607769,-0.000751091153965819,6.42596161021426e-05
21.56,-0.00528138552823609,0.000662381184537878,-0.000742766118462986,6.35344196459418e-05
21.57,-0.00506068738801613,0.000654939761245498,-0.000734546257357247,6.28192670063814e-05
21.58,-0.00484249819933336,0.000647584174040103,-0.000726429625952487,6.21136949711625e-05
21.59,-0.00462672153010413,0.000640310538437706,-0.000718414686227783,6.14172504964543e-05
21.6,-0.00441339391416484,0.000633120309110659,-0.000710499436148187,6.07295470792459e-05
21.61,-0.0042024278154873,0.000626010047371019,-0.000702682305342026,6.00502085142498e-05
21.62,-0.00399385299592492,0.000618980864555871,-0.00069496132803613,5.93789231473538e-05
21.63,-0.00378759002478635,0.000612029726018069,-0.000687334908782083,5.87153889586833e-05
21.64,-0.00358366249604281,0.000605157438896896,-0.000679801061373035,5.80593648642999e-05
21.65,-0.00338199834936148,0.000598361334211376,-0.000672358195108774,5.74106172362632e-05
21.66,-0.00318261557683375,0.000591641951157927,-0.000665004354313849,5.67689686843786e-05
21.67,-0.00298544880758467,0.000584996950383769,-0.000657737973146037,5.61342463728701e-05
21.68,-0.00279051096910798,0.000578426635900176,-0.000650557148257787,5.55063282516713e-05
21.69,-0.00259774277542579,0.000571928965015085,-0.000643460359689436,5.48850933144746e-05
21.7,-0.00240715255264767,0.000565504039204897,-0.000636445775386955,5.42704654102982e-05
21.71,-0.00221868642115108,0.000559150083321437,-0.000629511940854065,5.36623655397397e-05
21.72,-0.002032348625856,0.000552867019882656,-0.000622657124861098,5.30607529977543e-05
21.73,-0.00184809036437628,0.000546653304920693,-0.000615879970093538,5.24655801672513e-05
21.74,-0.00166591235297986,0.00054050870305192,-0.000609178854770291,5.18768321734345e-05
21.75,-0.00148577024389152,0.000534431878069126,-0.00060255249636201,5.12944844971355e-05
21.76,-0.0013076614468206,0.000528422464302254,-0.000595999356486432,5.0718539908962e-05
21.77,-0.00113154555741346,0.00052247931103127,-0.000589518227643443,5.01489877131983e-05
21.78,-0.000957417070380551,0.000516601942321021,-0.000583107680532062,4.95858383275838e-05
21.79,-0.000785239142015115,0.000510789369129103,-0.000576766614858527,4.90290852881517e-05
21.8,-0.000614997955147523,0.000505040975982324,-0.0005704937364492,4.84787381705274e-05
21.81,-0.000446677220451441,0.000499356048435017,-0.000564288257438429,4.79347813090473e-05
21.82,-0.000280244796389439,0.000493733797172407,-0.00055814895072792,4.73972182759083e-05
21.83,-0.000115689492978355,0.000488173537184444,-0.000552074686634141,4.68660487437705e-05
21.84,4.70180965166378e-05,0.000482674590237378,-0.000546064662921873,4.63412493863198e-05
21.85,0.0002078909070935,0.000477236212035946,-0.000540117922027452,4.58228046957473e-05
21.86,0.000366955888186027,0.000471857818055138,-0.000534233771964109,4.53106786422576e-05
21.87,0.000524227437683322,0.000466538616197299,-0.000528411371494123,4.48048413470572e-05
21.88,0.000679730312866944,0.000461278101547301,-0.00052265012212581,4.43052428938589e-05
21.89,0.000833480132641284,0.000456075444193951,-0.000516949284483717,4.38118382189337e-05
21.9,0.000985499694318825,0.000450930206243861,-0.000511308339857064,4.33245632442769e-05
21.91,0.0011358056157178,0.00044584152861053,-0.000505726637245629,4.28433580277427e-05
21.92,0.00128441894131992,0.000440809029048926,-0.000500203725496965,4.23681450635407e-05
21.93,0.00143135708807307,0.000435831826821667,-0.000494739028016989,4.18988507949652e-05
21.94,0.0015766395414234,0.000430909585448349,-0.000489332146794955,4.14353859580282e-05
21.95,0.00172028433778681,0.000426041408278715,-0.000483982564265867,4.09776654870286e-05
21.96,0.00186230953215194,0.000421226994977642,-0.000478689920850529,4.0525590725363e-05
21.97,0.00200273361468817,0.000416465439400411,-0.000473453739355334,4.00790678765757e-05
21.98,0.00214157344979071,0.000411756473085889,-0.000468273677436701,3.9637991938246e-05
21.99,0.00227884789199084,0.000407099186405335,-0.000463149282896714,3.92022633353192e-05
22,0.00288279585513518,0.00389476472265624,-0.000458080228865389,3.87717731604572e-05
22.01,0.00359427533162382,0.00620322584041592,-0.00286397803027454,-4.08438890914568e-05
22.02,0.00446288744951673,0.008420850483362,-0.0106918586883463,-0.000318756609952411
22.03,0.00541977679288408,0.0105477137832242,-0.0221525708134409,-0.000666769036432536
22.04,0.00643085674749511,0.0124997892890927,-0.0362840600099231,-0.00101229693785462
22.05,0.00754714255726352,0.0143679095581452,-0.0523040705661084,-0.00130595303936102
22.06,0.00886371700275923,0.0160885169089226,-0.0695180735581846,-0.00151196707674539
22.07,0.0104981167004317,0.0177341399595173,-0.0873965355037471,-0.00161017925472776
22.08,0.0125787336015248,0.0194055506619525,-0.105497809492889,-0.00158901737668328
22.09,0.0152414295352097,0.0209918283673356,-0.123593222507075,-0.00144901589351889
22.1,0.0185946642857804,0.0226565999364653,-0.141505022655933,-0.00119521374597824
22.11,0.0227512490417343,0.0242407314804019,-0.159092331032186,-0.00083284633801352
22.12,0.0277570367598994,0.0259168745097263,-0.176333791508717,-0.000373168814381889
22.13,0.0337019925705251,0.0274821530911009,-0.193176152542221,0.000176247287740467
22.14,0.0405617646106,0.0291263759745149,-0.209616023203307,0.000805318265846737
22.15,0.0484332669319114,0.0306135684693087,-0.225564791193381,0.00150981099830323
22.16,0.0572215442252979,0.0321589898035249,-0.240955196620345,0.0022835243790844
22.17,0.0670625070677211,0.0335014339731254,-0.255662037783827,0.00312477451537089
22.18,0.0777846568766076,0.0348862048962632,-0.269611757732475,0.00402820619739358
22.19,0.0895917131527098,0.0360309406117671,-0.282684457948165,0.00499176515170823
22.2,0.102222328941756,0.0372112976799151,-0.294816737774594,0.0060098072066517
22.21,0.11596973022997,0.0381240637945164,-0.305926202112865,0.00707886921378714
22.22,0.130462838822489,0.0390731367452521,-0.315996671833542,0.00819231062146481
22.23,0.146102171318677,0.0397337826091012,-0.324998837037747,0.00934545175737033
22.24,0.162386146981857,0.0404357437879795,-0.332963344899706,0.0105325442504375
22.25,0.179840791405105,0.0408323111186648,-0.339885900307931,0.0117480015484164
22.26,0.197814600260612,0.0412774393890072,-0.345791530393389,0.0129844171229702
22.27,0.216565093941081,0.0415952170087505,-0.350688040404936,0.0142361942763424
22.28,0.236510494395191,0.0415873102992655,-0.35462199054193,0.015496773422659
22.29,0.256744867200747,0.0416434799173768,-0.357622691097119,0.0167608012729431
22.3,0.278189084433993,0.0413648714438563,-0.359726761096385,0.0180234190971157
22.31,0.299750329518002,0.0411626732472812,-0.360987009807374,0.0192801834937232
22.32,0.322535929346017,0.0406188801535329,-0.36142866533504,0.0205273387026416
22.33,0.345252281288182,0.0401645924260977,-0.361125983532748,0.0217610276204615
22.34,0.368452031685826,0.0395896805808926,-0.360149214142368,0.0229761997205316
22.35,0.392900352157262,0.0386646537563384,-0.358581800311079,0.024169461925365
22.36,0.416987428474476,0.0378493304054743,-0.356486048680952,0.0253365080917727
22.37,0.442349641792528,0.0366798891252462,-0.353946201111251,0.026473914882348
22.38,0.467155747827764,0.035632565526846,-0.351011568203226,0.0275785865126159
22.39,0.49223135241373,0.0344744610418484,-0.347750098891227,0.0286474761935326
22.4,0.518636728903433,0.0329561271169318,-0.344209167119154,0.029678830446419
22.41,0.544195669015807,0.0315776814307832,-0.34043667071961,0.0306700293811094
22.42,0.569911669723427,0.0300936944929949,-0.336490075097256,0.0316189510091776
22.43,0.597030442449748,0.0282438730009925,-0.33240637754248,0.0325248024462964
22.44,0.623018520136024,0.0265490421734682,-0.328225543732145,0.0333859313297874
22.45,0.650467456314344,0.0244853446057372,-0.323989656851368,0.0342009297535931
22.46,0.676600617991594,0.0225845470827177,-0.319726210857546,0.0349694594502826
22.47,0.702730297456906,0.0205836716804221,-0.315470635871747,0.0356909240602548
22.48,0.730418754314567,0.0182083701134885,-0.311234077559747,0.036365607273672
22.49,0.756520200609628,0.0160060981432085,-0.307032920569386,0.0369933261070142
22.5,0.782537302259685,0.0137053990750377,-0.302881765393465,0.0375741740925097
22.51,0.810224570373591,0.0110257772112919,-0.298767982943325,0.0381093562941762
22.52,0.836064013434144,0.0085275706647106,-0.294660542235243,0.0386003398805444
22.53,0.861750667831341,0.00593339192941483,-0.290510416879655,0.0390494511342577
22.54,0.887265577955036,0.00324498203922716,-0.286245904143838,0.0394591864576743
22.55,0.914621994614676,0.000177954280714321,-0.281785193755449,0.0398313157011387
22.56,0.939807700356424,-0.00269191954957976,-0.277019787291876,0.0401676480964594
22.57,0.964776503960545,-0.00564538987802515,-0.271841654168372,0.0404694241776422
22.58,0.991731215269611,-0.00896592319932762,-0.266145828130476,0.0407362002514937
22.59,1.01628000072095,-0.0120706887828063,-0.259739630921953,0.0409692249961794
22.6,1.04055486894413,-0.0152391194635252,-0.252396829220672,0.0411700237073841
22.61,1.06692917193149,-0.0187497531160456,-0.243887271113565,0.0413376100444643
22.62,1.09061582776234,-0.0220137700365987,-0.233868560256756,0.0414739204998497
22.63,1.11390212319861,-0.0253041063520243,-0.222040567817656,0.0415782814825554
22.64,1.13670787583747,-0.0286046476636115,-0.208254121885773,0.0416388476718291
22.65,1.16155546765075,-0.0321843849091004,-0.192380399411029,0.0416408738369499
22.66,1.18303608408746,-0.0354557213148668,-0.174292615369053,0.0415683111992702
22.67,1.20351539258262,-0.0386875909175503,-0.15395411654436,0.0414014613689718
22.68,1.22554964772471,-0.0421438267446156,-0.131542678712357,0.0411116363617307
22.69,1.24329946918117,-0.0452466051773535,-0.107120726418043,0.0406794539858142
22.7,1.2592453363017,-0.0482597482657878,-0.0808918711044006,0.0400903921963629
22.71,1.27606623636931,-0.0514393151301396,-0.0532569945265631,0.0393269199822361
22.72,1.28769291489517,-0.0542207899711945,-0.0244185480193653,0.0383817017645381
22.73,1.29682956572551,-0.0568609054582746,0.00537664608336815,0.0372524328213802
22.74,1.30633568868372,-0.0596063493417571,0.0357226993455659,0.035932542560503
22.75,1.31009951506487,-0.0619113766450828,0.0663572979873826,0.034427401885152
22.76,1.31410223114063,-0.0642811222990141,0.0969964950627877,0.0327474221661609
22.77,1.31230871625714,-0.0661863931463986,0.127261339623255,0.0309006147903153
22.78,1.30063735431793,-0.0669496286975745,0.156840062806952,0.0289028697460974
22.79,1.28686885302617,-0.0674880549369214,0.184983539554864,0.0267555100605194
22.8,1.26822049237054,-0.0675822014139811,0.2108453184289,0.0244563216018213
22.81,1.25078056671492,-0.0677178544142587,0.234144404134053,0.0220336105205038
22.82,1.23177098107676,-0.0676738849543395,0.254773411862711,0.0195211591802905
22.83,1.20860641246759,-0.0672542340562671,0.272810715945793,0.016957303200619
22.84,1.18718665403395,-0.0669065205517106,0.288303990743819,0.0143733507022469
22.85,1.16488365611803,-0.0664271525959599,0.301360946740244,0.0117967827877085
22.86,1.13925581697581,-0.0656366409723029,0.312207895859209,0.00925513290704727
22.87,1.11583863199438,-0.0649430913622611,0.320968089277719,0.00676636080296173
22.88,1.09207503404849,-0.064159957864103,0.327750621436285,0.00434313235077118
22.89,1.0680777035933,-0.0633005892558708,0.332753396217126,0.00199923524151862
22.9,1.04150683728489,-0.062207739021423,0.336174198229597,-0.000254488697318732
22.91,1.01731984557346,-0.0612380885476956,0.338174228374076,-0.00241101785550193
22.92,0.993071277078029,-0.0602263241762289,0.338934839771307,-0.00446474583472013
22.93,0.966530898680811,-0.0590290806703303,0.338645061983231,-0.00641062017057349
22.94,0.942263112766936,-0.0579651185063866,0.337458370769956,-0.00824785933192571
22.95,0.917966977097278,-0.0568827994906708,0.335543411753007,-0.00997707991137181
22.96,0.891569945372596,-0.0556512035544398,0.333046332491703,-0.0115993984667409
22.97,0.867290357510258,-0.0545529359981211,0.330032774133643,-0.0131162818577118
22.98,0.84300481906573,-0.0534503212366923,0.3265632857338,-0.0145299378863377
22.99,0.816821288151243,-0.0522259823714837,0.322700610806948,-0.0158421502785665
23,0.792628978001295,-0.051130244504669,0.318484540235823,-0.0170562598495767
23.01,0.768485295792383,-0.0500398321519434,0.31395148506793,-0.018176336170502
23.02,0.742672562233496,-0.0488505081636621,0.309170013430532,-0.0192060020177517
23.03,0.718747489574645,-0.0477824024958867,0.30418214250996,-0.0201496208729152
23.04,0.694935905934302,-0.0467255803237824,0.299030499493601,-0.0210124810359078
23.05,0.669682053109578,-0.045587865754641,0.293763792021344,-0.0217989998497351
23.06,0.646209065105373,-0.0445613073545149,0.288422125758166,-0.0225134757680317
23.07,0.622904199542757,-0.0435484090513279,0.283052850859755,-0.0231604560376906
23.08,0.598366852421897,-0.0424679983475089,0.27771529136171,-0.0237447093067158
23.09,0.575492663722676,-0.0414857691886304,0.272452095429444,-0.0242705231728923
23.1,0.551512605051956,-0.0404419941996813,0.267296811498363,-0.0247417209297543
23.11,0.529110585616728,-0.0394864918906296,0.262280340264118,-0.0251617947313756
23.12,0.506931973702383,-0.0385402440017485,0.25743321558153,-0.0255338726831832
23.13,0.483823662124712,-0.0375387361105361,0.252771493599254,-0.0258613956848044
23.14,0.462162272422415,-0.0366092256615745,0.248322532439934,-0.0261472242030063
23.15,0.439679711343086,-0.0356267387349915,0.244128710042802,-0.0263942590414779
23.16,0.418555592586723,-0.0347046033607764,0.240200278160482,-0.026605650541145
23.17,0.39671460939806,-0.0337305092350934,0.236526222772102,-0.0267840335117976
23.18,0.376146401195171,-0.032805440382738,0.23308957476416,-0.0269317836792506
23.19,0.355841754001034,-0.0318738903191418,0.229868207596993,-0.0270510442199066
23.2,0.334975364294637,-0.0308924632444974,0.226836432671775,-0.0271437149033989
23.21,0.315265376631199,-0.0299451277736349,0.223968135111695,-0.0272113427232741
23.22,0.295097652266393,-0.0289498598405094,0.22123358959043,-0.0272552681286367
23.23,0.276017900412049,-0.0279805659444198,0.218599281907806,-0.0272767369486502
23.24,0.256586982903916,-0.0269660862188661,0.216031534916168,-0.0272766941439229
23.25,0.23818510683984,-0.0259711012619388,0.213491579134908,-0.027256117717965
23.26,0.220123692894483,-0.024961573113205,0.210948330135179,-0.027215497631222
23.27,0.201875123862327,-0.0239129207796844,0.208370316086926,-0.0271552511146779
23.28,0.184586474495683,-0.0228770798758601,0.205722140681223,-0.0270759780766986
23.29,0.167222971985532,-0.0218071287675709,0.202978470103056,-0.0269783851646424
23.3,0.150782752388634,-0.0207476102772131,0.200100273451519,-0.02686277500515
23.31,0.134373373538467,-0.0196603315544987,0.197018965342642,-0.0267299895686238
23.32,0.118850528100679,-0.0185837249046275,0.193688287736425,-0.0265796244104897
23.33,0.103454367817266,-0.0174877217576455,0.190070235389678,-0.0264104683781886
23.34,0.0889076793541717,-0.0164048573238077,0.186136492514887,-0.0262211005370213
23.35,0.07457243414702,-0.0153121333414763,0.181875969963568,-0.0260098610225703
23.36,0.061047750885739,-0.0142363789765035,0.177289408509087,-0.0257759270130844
23.37,0.0478058246292274,-0.0131605750626119,0.172372111261668,-0.0255179416861224
23.38,0.0353321651402283,-0.0121063497564667,0.167119184451173,-0.0252347097393434
23.39,0.0231977060357538,-0.0110620720003241,0.161542912046741,-0.0249247418721745
23.4,0.0117851256743973,-0.0100445781753515,0.155646412035544,-0.0245865969434611
23.41,0.000753366056124527,-0.00904686307249503,0.149444190263678,-0.0242183834325151
23.42,-0.00960685160670027,-0.0080814243706136,0.142960171332359,-0.0238187125751844
23.43,-0.0194584316815574,-0.00714701000334345,0.136232343185014,-0.0233860040498409
23.44,-0.0288925621019027,-0.00624566894443978,0.129303531241244,-0.0229196472641445
23.45,-0.037734670133619,-0.00538356993922208,0.122224098246839,-0.0224189879583352
23.46,-0.046149459011676,-0.00456120905645814,0.115057264350531,-0.0218841531306204
23.47,-0.0540261204855215,-0.00378069885218933,0.107870628863438,-0.0213164201811978
23.48,-0.0614750075793689,-0.00304405841002155,0.100728119466944,-0.0207169537198056
23.49,-0.0684402292785038,-0.00234982845057238,0.0936839058023148,-0.0200873284803746
23.5,-0.0749853644506751,-0.0017012743557493,0.0867914591158277,-0.0194299629695077
23.51,-0.0810985207710782,-0.00109383240009894,0.080107721404652,-0.0187479787190241
23.52,-0.0868030462857998,-0.000531524248280416,0.0736792454804496,-0.018044722242453
23.53,-0.092123088030726,-7.19078181938139e-06,0.0675432392324396,-0.0173240782739981
23.54,-0.0970474731095006,0.000474475798145873,0.061729781745866,-0.0165899327026769
23.55,-0.101628900676965,0.000922602452598229,0.0562610964123994,-0.0158463494233101
23.56,-0.105826964078036,0.00133193063391066,0.0511578556766128,-0.0150976802462203
23.57,-0.109717285640043,0.00171301481737541,0.0464261834090397,-0.0143482242592521
23.58,-0.113235934011005,0.00206001973356337,0.0420656732858958,-0.0136022223152602
23.59,-0.116477127386974,0.00238426683652632,0.0380673928160714,-0.0128638688061229
23.6,-0.119358509954316,0.00267927482820947,0.0344166646464058,-0.0121366261115796
23.61,-0.121989128429732,0.00295665130486217,0.0311003608098136,-0.0114240993346181
23.62,-0.124272773608972,0.00320934238491395,0.0280939527170117,-0.0107295811010383
23.63,-0.126330490452746,0.00344880435649006,0.0253668575321012,-0.0100558950615878
23.64,-0.128056480316812,0.00366732985830366,0.0228928794832139,-0.00940532881919147
23.65,-0.129581048058989,0.00387596619909637,0.0206427477824928,-0.00877973860757795
23.66,-0.130792363265227,0.00406649588547997,0.0185877853129084,-0.00818059653702786
23.67,-0.131827234409537,0.00424940602422379,0.0167024105219825,-0.0076090895923985
23.68,-0.132570294169438,0.00441614810364439,0.0149601399248619,-0.0070658678995174
23.69,-0.133162125973366,0.0045765485604254,0.0133287883588839,-0.00655137323416672
23.7,-0.133550746087014,0.00472622320187147,0.0117846356283422,-0.00606535982562113
23.71,-0.133683752160344,0.00486095118295554,0.0103150956708419,-0.00560735026484587
23.72,-0.133702759463802,0.00498968284320111,0.00891447677953674,-0.00517643050258055
23.73,-0.133490965594288,0.00510386422946854,0.00757425267839735,-0.0047716441704918
23.74,-0.133187788983256,0.00521199857671977,0.00628294212664354,-0.00439210518107366
23.75,-0.132677582770111,0.00530580636097444,0.005035724910343,-0.00403659940476698
23.76,-0.1320962273127,0.00539338061411006,0.00383275993553262,-0.00370387044308054
23.77,-0.131330159855893,0.00546693360816754,0.00267673594373551,-0.00339264808604407
23.78,-0.13051070043422,0.00553425716994806,0.00156919513923549,-0.00310170699452331
23.79,-0.129527141884552,0.00558809432683374,0.000509702377451134,-0.00282993057676918
23.8,-0.128505622132535,0.0056358876396588,-0.000498444846787679,-0.00257615381017489
23.81,-0.127338943640666,0.00567093721955399,-0.00145199897608111,-0.00233923782211578
23.82,-0.126147664840785,0.00570036830526038,-0.00234879046937761,-0.00211816885093185
23.83,-0.1248286119428,0.00571802981730191,-0.00318639123935854,-0.00191200400728339
23.84,-0.123496474710999,0.00573070298522048,-0.00396371771845217,-0.00171984330360643
23.85,-0.122052589897628,0.00573274477719911,-0.00467991944246892,-0.00154081639616795
23.86,-0.120605790704093,0.00573055903711496,-0.00533470100062636,-0.0013741331784252
23.87,-0.119062255672338,0.00571896579355664,-0.00592867873261399,-0.00121903926910995
23.88,-0.117524855120084,0.00570396472905075,-0.00646302754592077,-0.00107481343850219
23.89,-0.115904725710372,0.00568079037574739,-0.00693889304048283,-0.000940752792797074
23.9,-0.114298660508021,0.00565503033042015,-0.00735833580303041,-0.000816195446519525
23.91,-0.112622745288928,0.00562229266879807,-0.00772415920952901,-0.000700530713348664
23.92,-0.110967634595337,0.00558773787232321,-0.0080388821345802,-0.000593162246032517
23.93,-0.109254279757721,0.00554731746359148,-0.00830514953570813,-0.000493530513677979
23.94,-0.107567187169712,0.00550577928811085,-0.00852570131423907,-0.00040111773416767
23.95,-0.105832054074756,0.00545939475540161,-0.00870359482172166,-0.000315435994795017
23.96,-0.104127316026695,0.00541251071725566,-0.00884139479991255,-0.000235986754267882
23.97,-0.102417618388651,0.00536345889251664,-0.00894352525724186,-0.000162342267554555
23.98,-0.100672452678104,0.00531088385427733,-0.00901320009827713,-9.40674937894032e-05
23.99,-0.0989614947158506,0.00525852810232567,-0.00905343511512805,-3.07659244621121e-05
24,-0.0867996988928277,0.000384394828230922,-0.00906714099097665,2.79107233449261e-05
24.01,-0.0863015201720183,-0.00189752777880545,-0.00619646192491207,0.000176373886623871
24.02,-0.0859248120757286,-0.00412067700677063,0.00277205342908465,0.000544521960608304
24.03,-0.0856046584743739,-0.00619187481922433,0.0151624110142161,0.000959560615088317
24.04,-0.0853101682731314,-0.00815426184831096,0.029867330895313,0.00134621900850062
24.05,-0.0851211811535502,-0.00995625240178606,0.0460738634259822,0.00165840094204149
24.06,-0.0851414031405744,-0.0117227822465334,0.0631430357344419,0.00186790761102387
24.07,-0.0855080266011876,-0.0133819232548263,0.0805726528625637,0.0019585988256217
24.08,-0.0863459030480382,-0.015084896991314,0.0980489986440394,0.00192776158134794
24.09,-0.0878034534220886,-0.016720143472444,0.115340996939989,0.00177724624994302
24.1,-0.089977425054057,-0.0184501568927282,0.132368920623406,0.00151703356777799
24.11,-0.0929900499477958,-0.0201133614297255,0.149042576411026,0.00115514447283138
24.12,-0.0968718332992766,-0.0218807548859391,0.165390427184564,0.000704284491254429
24.13,-0.101723210216664,-0.0235468358466825,0.181402522251376,0.000173184913276844
24.14,-0.107502546832804,-0.0252997513864871,0.197112060313568,-0.000428187206331312
24.15,-0.114319838596002,-0.0269009957789849,0.212466729861104,-0.0010955479083466
24.16,-0.122061639343721,-0.0285641642641372,0.227437786463744,-0.00182313892108053
24.17,-0.130879828306665,-0.0300256342051035,0.241901246351273,-0.00261054663788453
24.18,-0.140583548779522,-0.031529350851037,0.255789072982901,-0.00345422340816016
24.19,-0.151395364971261,-0.0327909651546746,0.268963549014076,-0.00435417182890801
24.2,-0.163033385177844,-0.0340851328363342,0.28135295304641,-0.00530633475718648
24.21,-0.175811759797697,-0.0351070244202743,0.292852865372966,-0.0063088112013923
24.22,-0.189337653251459,-0.0361599842489606,0.303426748091428,-0.0073561228526644
24.23,-0.204034303347231,-0.0369181104360346,0.313020607435767,-0.0084451090114231
24.24,-0.219376511020011,-0.0377109727879299,0.321631329844203,-0.00956937627074482
24.25,-0.235914013271175,-0.0381911458725074,0.329257856544948,-0.0107251811278027
24.26,-0.252970018411023,-0.0387123107615375,0.335924082496131,-0.0119062663069271
24.27,-0.271239292694851,-0.0389060802474222,0.341622315860644,-0.013107815567306
24.28,-0.289877288482413,-0.0391496355024971,0.346378780320735,-0.0143233250000859
24.29,-0.309227067867175,-0.0392570888660693,0.350212843765063,-0.0155479186882224
24.3,-0.329810724180898,-0.0390211582902524,0.353179767652596,-0.0167751048171238
24.31,-0.350505758308516,-0.0388529316779268,0.355316365699298,-0.0179999778864386
24.32,-0.372447310612745,-0.0383341871304691,0.356674059303139,-0.0192182657277512
24.33,-0.394310420723992,-0.0378957138801078,0.357305714920839,-0.0204253446191752
24.34,-0.417432235688993,-0.0371010056371403,0.357266484815115,-0.0216185882140946
24.35,-0.440277381994174,-0.036399530867614,0.356605417193959,-0.0227943285776879
24.36,-0.463517539983761,-0.0355723264827601,0.355397555754592,-0.0239495984798748
24.37,-0.488049031023734,-0.0343824213708557,0.353689398275158,-0.0250812884461374
24.38,-0.512006533294407,-0.0333061837119072,0.351548929151835,-0.0261862388952877
24.39,-0.536231566829966,-0.0321112059795755,0.349035537609376,-0.0272615355069734
24.4,-0.561801435045783,-0.0305487970737911,0.346190411936085,-0.0283046706040953
24.41,-0.586503785877729,-0.0291188872816703,0.343077523516141,-0.0293134005638341
24.42,-0.612597351746292,-0.0273192617989172,0.339744311789674,-0.0302852910594719
24.43,-0.637631091862601,-0.0256626636056935,0.336228856988792,-0.0312187069509695
24.44,-0.662748365706862,-0.0238972426200198,0.332581726064282,-0.0321121676242585
24.45,-0.689340439675224,-0.0217578638651126,0.328827982120412,-0.032965065483539
24.46,-0.714591746374464,-0.0197757967088362,0.324993017711549,-0.0337763257505093
24.47,-0.739834104318672,-0.017689136131838,0.321099821633408,-0.0345452712403963
24.48,-0.766650754687761,-0.0152248810873788,0.31715499310575,-0.0352722396950752
24.49,-0.791855419246057,-0.0129299881811007,0.313143221644959,-0.0359579454287819
24.5,-0.816972397144428,-0.0105349211795549,0.309030703699227,-0.0366034069768336
24.51,-0.843779783706991,-0.00776170422792086,0.304774129198341,-0.0372095086020847
24.52,-0.868718787674775,-0.00517101429535427,0.300306273314578,-0.037777297538792
24.53,-0.893508549917678,-0.00248861549289606,0.295556994468882,-0.03830752050701
24.54,-0.920122696498062,0.000565686902475937,0.290469395558003,-0.0387995743208056
24.55,-0.944629792302603,0.00342023056018192,0.284927345296477,-0.0392543324769065
24.56,-0.968944367528124,0.00635123227942286,0.278795238606,-0.0396725129388013
24.57,-0.993053381675313,0.00935158797877991,0.271948312246321,-0.0400524338807068
24.58,-1.01918311227851,0.0127001799537629,0.264197389841189,-0.0403937316279427
24.59,-1.04289337828485,0.0158127569456608,0.255259188686421,-0.0406976414289537
24.6,-1.06633972004278,0.018962455010831,0.244831608636223,-0.0409646113884385
24.61,-1.09191908386902,0.0224212119430268,0.23273990293563,-0.0411872083235505
24.62,-1.11479098394741,0.0255993574957151,0.218779866282811,-0.0413583854786262
24.63,-1.13725481814617,0.0287662358305333,0.202854378102299,-0.0414650760512785
24.64,-1.15920735839048,0.0319064446739809,0.185082646427985,-0.0414829276570504
24.65,-1.18316244355265,0.0352901883445567,0.165544687807131,-0.0413903424784492
24.66,-1.20363331033928,0.0383381728444997,0.14427781567316,-0.0411687713169628
24.67,-1.22298852373079,0.0413229854799785,0.121399774634586,-0.0408014447775445
24.68,-1.24379151021651,0.0445130540642069,0.0972847390596798,-0.0402676175045584
24.69,-1.26016095577227,0.0473428041330007,0.0721294385409882,-0.0395588092326609
24.7,-1.27460543201779,0.0500821840777252,0.0461173384335177,-0.0386713416792622
24.71,-1.28982920890925,0.0529925692201076,0.0196325014565525,-0.0375987849607939
24.72,-1.29975400825617,0.055521957064074,-0.00715239427945004,-0.0363461239561417
24.73,-1.30711646139559,0.0579322490208454,-0.0340625050902397,-0.034923167620045
24.74,-1.31480108503732,0.0604741649472831,-0.0607872522859227,-0.0333354587657709
24.75,-1.31672008613405,0.0626123648149012,-0.0871811829512664,-0.031599190297125
24.76,-1.31888168122966,0.0648511586251913,-0.113112171010747,-0.0297330489102308
24.77,-1.31829577804561,0.0669178594618735,-0.138371977307927,-0.0277519914094701
24.78,-1.30195329227404,0.0673874448194561,-0.162883303413403,-0.0256771877202838
24.79,-1.28660599784106,0.0679259625941009,-0.186048852779211,-0.0235108296884628
24.8,-1.26648547039689,0.0680677582188555,-0.207039873409666,-0.0212426848450222
24.81,-1.24765099234814,0.0682905446188019,-0.225801883185778,-0.0189024852148257
24.82,-1.22733588835131,0.0683718004832229,-0.242376824451554,-0.0165206624764154
24.83,-1.20297311654408,0.0681129608117079,-0.256952122260055,-0.0141299211628465
24.84,-1.18041186691106,0.0679499717193442,-0.269650645816739,-0.0117547575122897
24.85,-1.15703337799924,0.0676756972967064,-0.280581496608009,-0.00941382053792049
24.86,-1.13303162225225,0.067298612110698,-0.289930783932941,-0.00712574694795412
24.87,-1.10600339509298,0.0666422409656214,-0.297805661958854,-0.00490193517596898
24.88,-1.08127716138624,0.066090775529763,-0.304243537780263,-0.00274835050884053
24.89,-1.05632866403917,0.065462378612357,-0.309310465580182,-0.000669869380819684
24.9,-1.03123016390563,0.0647657524394645,-0.313172204028322,0.00132511756762295
24.91,-1.00369308762031,0.0638483027599672,-0.315942780588986,0.00323234864871361
24.92,-0.978482128321584,0.063045275056889,-0.317729473939402,0.00504922433687952
24.93,-0.953219789623081,0.0621971409120979,-0.318624662868674,0.00677467132446516
24.94,-0.925751819312359,0.0611663554878786,-0.318771216868889,0.00840727858396239
24.95,-0.900471576494474,0.0602524032662138,-0.31827645446506,0.00994813126983095
24.96,-0.875165130419334,0.0593102900727888,-0.317237381276088,0.0114003366342797
24.97,-0.847849681765061,0.0582159158304391,-0.315724255390649,0.0127647039345406
24.98,-0.822581127047362,0.0572351508097471,-0.313767713534307,0.0140428748823621
24.99,-0.79732708208613,0.0562380331896582,-0.311389132025519,0.0152372922772191
25,-0.770284466645,0.0551145998569666,-0.308625377225652,0.0163498836424934
25.01,-0.745177418403406,0.054100220499355,-0.30550250011029,0.0173838911532546
25.02,-0.720148755294299,0.0530794063250304,-0.302061281157481,0.0183425955144619
25.03,-0.693563347476858,0.0519550484247925,-0.29835878636136,0.0192294126210299
25.04,-0.668809793186495,0.0509335743567526,-0.294418145073424,0.0200481570322741
25.05,-0.644195494839537,0.0499126019267108,-0.290285545731892,0.0208023825650776
25.06,-0.618244100636261,0.0488066919667154,-0.286021411200594,0.0214958192745215
25.07,-0.594013487957164,0.04779501332667,-0.28167308740373,0.0221320878526694
25.08,-0.56858102814546,0.0467077701648301,-0.277278734832746,0.0227147501800362
25.09,-0.544787664263516,0.0457075406963587,-0.272881692929742,0.0232469943006571
25.1,-0.521202691974773,0.0447109333634217,-0.268524985702734,0.0237316714356446
25.11,-0.496600801856212,0.0436495033932743,-0.264249944593411,0.0241718049432171
25.12,-0.473509560763706,0.0426618778065262,-0.260081521249512,0.0245706047118146
25.13,-0.449515360133373,0.041614183298854,-0.256046915340318,0.0249305105167959
25.14,-0.426943542589778,0.0406305965867104,-0.252189815925439,0.0252537769038973
25.15,-0.404615145394457,0.039644575011382,-0.248544770122493,0.025543260082272
25.16,-0.381544261669539,0.0386027518192649,-0.245105904310972,0.0258015407121326
25.17,-0.359765700062126,0.0376091523062641,-0.241857730201035,0.0260308370082078
25.18,-0.337347972156209,0.0365619118689007,-0.23878224680585,0.0262329937622975
25.19,-0.316141518308002,0.0355534541398647,-0.235858209005647,0.026409576920756
25.2,-0.294400100758035,0.0344938559228205,-0.233061759481212,0.0265618456824785
25.21,-0.273796124477752,0.0334648033567611,-0.230365331635549,0.0266909023428483
25.22,-0.253486170500099,0.0324225974654863,-0.227739158719208,0.0267975850747871
25.23,-0.232800260786835,0.0313343390127217,-0.225150536861357,0.0268826082175317
25.24,-0.213157513265939,0.0302669529833239,-0.222565724494975,0.0269464380528613
25.25,-0.193247391943742,0.029157842825292,-0.21995073269528,0.0269894076812023
25.26,-0.174328798145432,0.0280652292893466,-0.217278340140798,0.0270114571086658
25.27,-0.155254324126195,0.0269360203430227,-0.214513650177411,0.0270126348512764
25.28,-0.137131502880757,0.0258204587337886,-0.211619781210844,0.0269930932757415
25.29,-0.118965408295209,0.0246743978892039,-0.208577983581048,0.0269525461132122
25.3,-0.1017151441664,0.0235408564017068,-0.205340002269821,0.0268913441288148
25.31,-0.0845250020447583,0.0223842612787159,-0.201854783307033,0.0268096380912261
25.32,-0.0682141854650729,0.021241478987806,-0.198082876401316,0.0267064251432076
25.33,-0.0520571278744741,0.0200846887361656,-0.193995860989682,0.0265801281269582
25.34,-0.0367426005422251,0.0189448482254118,-0.18958041049621,0.0264286187647203
25.35,-0.0219294038014137,0.0178109287809666,-0.184834323959805,0.0262502567414116
25.36,-0.00738858294469757,0.0166777618625717,-0.17977104276859,0.0260437798194406
25.37,0.00636856936647145,0.0155677627469612,-0.174389270117261,0.0258078051225535
25.38,0.0197921336598208,0.0144681088251922,-0.168707092343754,0.0255408183349292
25.39,0.0324763122668044,0.0133962305198743,-0.162732886449227,0.0252413607264711
25.4,0.044780206397971,0.0123439032068027,-0.156489385840365,0.0249081577926215
25.41,0.0563925986613381,0.0113239876922341,-0.150002578457739,0.02453983158777
25.42,0.0675928670975301,0.0103320472660666,-0.143304153186488,0.0241352808475108
25.43,0.0781526762818263,0.00937664862944761,-0.136435139295894,0.0236936879291846
25.44,0.0882814143463113,0.0084563118803584,-0.12944309688231,0.0232148130858112
25.45,0.0978220265712615,0.00757550079713611,-0.122377477124404,0.0226991672580501
25.46,0.10692280033896,0.00673489751169258,-0.115302922977575,0.0221476508602215
25.47,0.115487875154802,0.00593506157922578,-0.108279768548811,0.0215622124751034
25.48,0.123614312659628,0.0051781935754309,-0.101365837723062,0.0209449590615331
25.49,0.131258104678633,0.00446151182833531,-0.0946095989324044,0.0202982221188843
25.5,0.138470732587115,0.00378842757811474,-0.088052659961701,0.0196250258984394
25.51,0.145250002568487,0.00315336840357453,-0.0817381840248337,0.018929211576443
25.52,0.151609091275339,0.00256064049005987,-0.0757038990200493,0.0182145641653702
25.53,0.157579473844271,0.00200235517202908,-0.0699757122351959,0.0174852745582385
25.54,0.163141436686462,0.00148358860943404,-0.0645713549096283,0.0167455839536088
25.55,0.168353254348238,0.000994814280075567,-0.0595005608758557,0.0159996782291001
25.56,0.17316764796213,0.000541823688767667,-0.0547730031972669,0.0152517671784248
25.57,0.177664658089709,0.000113953204662694,-0.0503864553927732,0.0145061714711543
25.58,0.181775100949859,-0.000282322430273973,-0.046332100598192,0.0137668100813504
25.59,0.1855966771563,-0.000658215867977794,-0.0425967300559817,0.0130376290112598
25.6,0.189096053610672,-0.00101131067536457,-0.0391598474322092,0.0123218300895061
25.61,0.192226493630276,-0.00133868999878316,-0.0360004232441937,0.0116224738354381
25.62,0.195105765180558,-0.00165162041425177,-0.0330995896203909,0.010942342248126
25.63,0.19763063371833,-0.00194206850025238,-0.0304280720206971,0.0102837285606544
25.64,0.199928850775946,-0.00222094215991335,-0.0279590292200783,0.00964858808519022
25.65,0.201890610513718,-0.00247969809953541,-0.0256682800191505,0.0090382820087192
25.66,0.20365091104532,-0.00272878899224782,-0.0235319761973851,0.00845380141370045
25.67,0.205095955820719,-0.00295936444358179,-0.0215286192174413,0.00789586419198847
25.68,0.20636511012154,-0.0031813747925336,-0.0196396948831872,0.00736491230054186
25.69,0.207342820329721,-0.00338583645418624,-0.0178432795881424,0.00686107632091585
25.7,0.20817048061115,-0.00358210909247465,-0.0161201832654383,0.0063840512419484
25.71,0.208732190080936,-0.00376119896545273,-0.0144591036796281,0.00593308139684452
25.72,0.209168634253665,-0.00393202665921323,-0.012858989514166,0.00550735233948293
25.73,0.209364329147409,-0.00408598053004655,-0.0113202087308976,0.00510578074696622
25.74,0.209457283015135,-0.00423169075406287,-0.00983876430714609,0.00472747202083486
25.75,0.209333452474275,-0.00436095675993286,-0.00841194835220085,0.00437140382708819
25.76,0.209127021368939,-0.00448204332090104,-0.00704001978763703,0.0040364522996999
25.77,0.2087262302755,-0.00458725896575772,-0.00572735231566209,0.00372149131117493
25.78,0.208260512764566,-0.00468459873645815,-0.00447882951560485,0.00342552476529981
25.79,0.20762113846324,-0.00476696102300413,-0.00329629951761126,0.00314756485428098
25.8,0.206932263219833,-0.00484201009461926,-0.00217968450862909,0.00288676110892734
25.81,0.206088868719171,-0.00490316798792086,-0.00113238380920112,0.00264217777882096
25.82,0.205209497490972,-0.00495776722187953,-0.000156085596555058,0.00241297315350629
25.83,0.204193227962839,-0.00499975997091258,0.000748954411706105,0.00219836659041067
25.84,0.203152809364733,-0.0050360997420228,0.00158300003297952,0.00199765555188203
25.85,0.201991984630972,-0.00506120531168374,0.00234685736601278,0.00181014258872348
25.86,0.200817693047069,-0.00508161997256765,0.00304244252084021,0.00163515379472366
25.87,0.199585351395543,-0.00509489206984127,0.0036719234335632,0.00147203956920627
25.88,0.198255590317873,-0.00509898354654314,0.00423800707445697,0.00132015245266991
25.89,0.196926393930894,-0.00509976671371718,0.0047435958061419,0.00117884752404021
25.9,0.195513799119313,-0.00509264148690639,0.00519153030486065,0.00104748562841845
25.91,0.194109677243815,-0.00508304650376258,0.00558531425856371,0.000925450618098992
25.92,0.192634906891149,-0.00506670891174309,0.0059286689043915,0.000812153631023419
25.93,0.191175212778403,-0.00504863467965726,0.00622492670003968,0.000707013922364387
25.94,0.189656181956724,-0.00502486071169082,0.0064773359927846,0.000609473763104739
25.95,0.188157437507571,-0.00499998292774137,0.00668920966644574,0.000519008065131384
25.96,0.186609139258877,-0.00497033205434041,0.00686345373822882,0.000435120178244855
25.97,0.185084955444382,-0.00494011780588,0.00700283062406044,0.000357313006050762
25.98,0.18351948399967,-0.00490594731527322,0.00711149190112985,0.000285149347908426
25.99,0.181980676539998,-0.00487164459445615,0.0071924372934932,0.00021819123823734
26,0.180407464788313,-0.00483407504793179,0.00724829424278763,0.000156035553452265
26.01,0.178862383752853,-0.00479671209273408,0.0072815096692026,9.83245334706902e-05
26.02,0.177288614015702,-0.00475667382544459,0.00729447547169337,4.47498265055486e-05
26.03,0.175743628584901,-0.00471710385550292,0.00728938638932556,-4.9613813686708e-06
26.04,0.174174776762541,-0.00467535927727197,0.00726834906184399,-5.10447363281057e-05
26.05,0.172634820281359,-0.00463427494038631,0.00723323184885477,-9.37126769030246e-05
26.06,0.171075171809312,-0.00459143511236386,0.00718583085400605,-0.000133148523544234
26.07,0.169544200008126,-0.00454938776355346,0.00712770881067855,-0.000169524921112359
26.08,0.167997241351063,-0.00450593311505636,0.00706031512010518,-0.000202993001638207
26.09,0.166478569534799,-0.00446335455033882,0.00698484780110941,-0.000233695351541232
26.1,0.164947284507758,-0.00441965829095385,0.00690247164027552,-0.000261757418545593
26.11,0.163443818393159,-0.00437688501086982,0.00681414988855975,-0.000287302310998114
26.12,0.161930837625489,-0.00433323565279204,0.00672084217643678,-0.000310440057565934
26.13,0.160445162260479,-0.00429052800609482,0.00662331817917971,-0.000331282485349901
26.14,0.158968859400433,-0.00424790684997062,0.00652233691220313,-0.000349931858303277
26.15,0.157487221288133,-0.00420470540882414,0.00641818160432844,-0.000366510810521314
26.16,0.156032049743874,-0.00416243925701938,0.00631181065490483,-0.000381115991818714
26.17,0.154573986908597,-0.00411974870514726,0.00620390140052396,-0.000393847389746038
26.18,0.153141751153158,-0.00407797032756444,0.00609471852892789,-0.000404817111336797
26.19,0.151708802232906,-0.00403590026666538,0.005984591531273,-0.000414128639200328
26.2,0.15030096953469,-0.00399471685329967,0.00587389218548042,-0.000421886090383803
26.21,0.148894317519908,-0.00395335644842694,0.00576328065238773,-0.000428169506879098
26.22,0.147512007146987,-0.00391284972983362,0.00565277655512757,-0.000433076250121806
26.23,0.14613252102933,-0.00387226478741923,0.00554268730091512,-0.00043668658863283
26.24,0.144776560158693,-0.00383250094748981,0.00543333540225169,-0.00043908182848033
26.25,0.143424848035142,-0.00379274280505261,0.00532508715263549,-0.00044033780478039
26.26,0.142095830130305,-0.00375376821272835,0.00521815637378416,-0.000440538724183474
26.27,0.140772298643631,-0.0037148683957058,0.00511269173937577,-0.00043976024028045
26.28,0.139470638246532,-0.00367671442338406,0.00500866828578504,-0.000438084401658191
26.29,0.138175539778621,-0.00363869726838099,0.00490614707321706,-0.000435584142135605
26.3,0.136901488743944,-0.00360139367163302,0.00480510442934053,-0.000432338425118336
26.31,0.135634920726296,-0.00356428356127555,0.00470563867707904,-0.000428418914835404
26.32,0.134388604778775,-0.00352785753971828,0.00460776818867358,-0.00042390222230072
26.33,0.133150574854134,-0.00349167389667779,0.00451160906376007,-0.000418856930931878
26.34,0.131932027300841,-0.00345614538571911,0.00441717863935272,-0.00041335571880572
26.35,0.130722442119798,-0.00342089977172812,0.00432457490189938,-0.000407462823246771
26.36,0.129531577448964,-0.00338627999407278,0.00423379556022536,-0.000401245519377286
26.37,0.128350227733335,-0.00335197533111705,0.00414491296954738,-0.000394762123593516
26.38,0.127186837889941,-0.00331826680534873,0.0040579029091844,-0.000388072951796728
26.39,0.126033371330458,-0.00328489888319383,0.00397281168544191,-0.000381228982381453
26.4,0.124897070561931,-0.00325209814778671,0.0038895957943813,-0.000374282259019562
26.41,0.12377398986954,-0.00321974303461038,0.00380821943204652,-0.000367277665084731
26.42,0.122661172533555,-0.0031877595698801,0.00372854308217275,-0.000360265296993577
26.43,0.121564278894657,-0.00315630431242171,0.0036507494579078,-0.00035327739056254
26.44,0.120477710370919,-0.00312523418351938,0.00357482952594634,-0.000346346655390124
26.45,0.119406215777979,-0.00309466601257959,0.00350066264469213,-0.000339506164879859
26.46,0.118345015299593,-0.00306449349522913,0.00342821100152432,-0.000332778635681284
26.47,0.117298046728899,-0.00303479943390255,0.00335744508559053,-0.000326185080110389
26.48,0.116261266065149,-0.00300550838238787,0.00328841231353621,-0.000319737004881324
26.49,0.115237900021978,-0.00297667207697676,0.00322110323839566,-0.000313445143016386
26.5,0.114224570446976,-0.00294824127353338,0.00315558683207099,-0.000307311131680332
26.51,0.113223882114463,-0.00292024020302223,0.00309186070452264,-0.000301334691935357
26.52,0.112233057336462,-0.00289264272526736,0.00302985000002099,-0.000295513311408447
26.53,0.111254156712759,-0.00286545114941099,0.00296953523976942,-0.000289842180950662
26.54,0.110284940007491,-0.00283865915447893,0.00291096524648573,-0.000284311398950595
26.55,0.10932699355697,-0.00281224897266275,0.0028541182001554,-0.000278914548029061
26.56,0.108378554560518,-0.00278623089837311,0.00279899673733125,-0.000273642693131226
26.57,0.10744079288294,-0.00276057081460104,0.00274554505118534,-0.000268490340566255
26.58,0.106512367279183,-0.00273529343388755,0.00269375468305893,-0.000263449762307452
26.59,0.105594087871138,-0.00271035103877776,0.00264358910344339,-0.000258516127622476
26.6,0.104684978992728,-0.00268578036889545,0.00259501718879781,-0.0002536812764525
26.61,0.103785530616556,-0.00266152310415914,0.00254796489192048,-0.000248940153307087
26.62,0.102895081449554,-0.00263762653826341,0.00250239464579678,-0.000244285932804655
26.63,0.102013846294948,-0.00261402405485932,0.00245824425597968,-0.000239715210066009
26.64,0.101141436816636,-0.00259077126263131,0.00241549595131992,-0.00023522343092962
26.65,0.100277830894189,-0.00256779486458363,0.00237410569941463,-0.000230809290377537
26.66,0.0994228723979385,-0.00254515674001567,0.00233406467104755,-0.00022647041242599
26.67,0.0985763416547183,-0.00252277829961405,0.00229533545151317,-0.00022220730469997
26.68,0.0977381334715872,-0.00250068786976706,0.0022579095596409,-0.000218019352744486
26.69,0.0969083130604398,-0.00247891720985727,0.0022217597270945,-0.000213907807459529
26.7,0.0960864232769705,-0.00245738244584714,0.00218687430407814,-0.000209871745282132
26.71,0.0952727496124508,-0.00243615417464813,0.00215319655501354,-0.00020591207439893
26.72,0.0944667095024165,-0.00241514708845125,0.00212069587427447,-0.000202030178109967
26.73,0.0936687153967863,-0.00239443327698224,0.00208937436730573,-0.000198226237866602
26.74,0.0928780814443781,-0.0023739263261379,0.00205919889245532,-0.000194502855574316
26.75,0.092095320617406,-0.00235369889396973,0.00203014103560326,-0.000190862102511609
26.76,0.091319664158652,-0.002333664807571,0.0020021514156367,-0.00018730751147308
26.77,0.0905517040197941,-0.00231389691351158,0.00197518475579739,-0.000183840782206894
26.78,0.0897906070724499,-0.00229431035359881,0.00194917170728409,-0.00018046445635141
26.79,0.0890370260501765,-0.00227497786628418,0.00192405917787067,-0.000177179577113072
26.8,0.0882900801549553,-0.00225581663481602,0.00189978496824368,-0.000173987993440264
26.81,0.0875504673270209,-0.00223689860063369,0.00187630479882542,-0.000170890491626476
26.82,0.0868172736492037,-0.00221814332885967,0.00185356197901231,-0.000167889094609639
26.83,0.0860912285820721,-0.00219962126867248,0.00183154522659244,-0.00016498368821838
26.84,0.0853713982822164,-0.00218125426593593,0.0018102119520656,-0.000162175210061282
26.85,0.0846585320832638,-0.00216311083923852,0.00178952617901093,-0.000159463484373745
26.86,0.0839516856237275,-0.0021451157281523,0.00176944632827447,-0.000156848356451371
26.87,0.0832516185278838,-0.00212733529264293,0.00174994921052925,-0.000154328255748173
26.88,0.0825573878086932,-0.00210969709818623,0.00173100680705715,-0.000151901718188509
26.89,0.0818697581137124,-0.00209226485349033,0.00171260303756502,-0.000149566266543369
26.9,0.0811877960266738,-0.00207496899987457,0.00169471314373921,-0.000147319720352028
26.91,0.0805122609733857,-0.00205787051943741,0.00167732114360274,-0.000145159124405983
26.92,0.0798422332405346,-0.00204090291936758,0.00166040287633986,-0.000143081838264436
26.93,0.0791784612205264,-0.002024124411425,0.00164394175615859,-0.000141084559044403
26.94,0.0785200449465346,-0.00200747169094753,0.00162791058648954,-0.000139164437622062
26.95,0.077867320182059,-0.00199097215716384,0.00161228894906547,-0.000137318405755812
26.96,0.0772206023470012,-0.00197465010623377,0.00159706204488695,-0.000135543460885144
26.97,0.0765790300402314,-0.00195844721771802,0.00158221858818513,-0.000133836485886817
26.98,0.0759433061399664,-0.00194241448469423,0.00156774344047158,-0.000132194319379463
26.99,0.0753126000181563,-0.0019264967679913,0.00155361723593074,-0.000130613904448063
27,0.0746875919236318,-0.00191074227304834,0.0015398264142973,-0.000129091646808596
27.01,0.0740674846507696,-0.00189509903979748,0.00152635360791108,-0.000127624069966158
27.02,0.0734529337960259,-0.00187961255103803,0.00151317785648722,-0.000126207763638726
27.03,0.0728431783587098,-0.00186423405247405,0.00150029310663667,-0.000124841020949555
27.04,0.0722388497254416,-0.0018490056667869,0.00148781164083595,-0.000123520996672466
27.05,0.0716392269729758,-0.0018338799246606,0.00147577402271155,-0.000122247548066814
27.06,0.0710449165398543,-0.00181889496664123,0.00146419697765878,-0.00012102151211647
27.07,0.0704552350523393,-0.00180400566357966,0.00145311024634347,-0.00011984149055305
27.08,0.0698707599754993,-0.0017892466937757,0.00144252134708431,-0.000118697964098845
27.09,0.0692908438505855,-0.001774577530564,0.00143204160475438,-0.0001175950660338
27.1,0.0687160325479157,-0.00176003401648116,0.00142174293489008,-0.000116526108504247
27.11,0.0681457134286738,-0.00174557957719194,0.0014115530257167,-0.00011548789165397
27.12,0.0675804008584988,-0.00173124715919629,0.00140151718911818,-0.000114480082436908
27.13,0.0670195158473641,-0.00171700311671009,0.00139156711641911,-0.000113502633184823
27.14,0.0664635413151018,-0.00170287884911522,0.00138161633168822,-0.000112554824147056
27.15,0.0659119388823193,-0.00168884289898571,0.00137193783982234,-0.000111635568250461
27.16,0.0653651676262692,-0.00167492161552597,0.00136257024715628,-0.000110746938144821
27.17,0.0648227197842104,-0.00166108469686601,0.00135335188294761,-0.000109886886726913
27.18,0.064285020354947,-0.00164735809472126,0.00134423240374512,-0.000109053575963866
27.19,0.0637515927627206,-0.00163371564689486,0.00133512741548095,-0.000108247968055587
27.2,0.0632228304326024,-0.00162018185965048,0.00132608644635527,-0.000107471806665783
27.21,0.0626982863251193,-0.0016067325320501,0.00131709629399196,-0.000106724601947655
27.22,0.0621781361782725,-0.0015933793915495,0.001308133435728,-0.00010600487681128
27.23,0.0616625277995144,-0.00158013290488361,0.0012990856103864,-0.00010530725074208
27.24,0.0611510600261358,-0.00156697351562232,0.00128992675529073,-0.000104627291953874
27.25,0.0606440570346809,-0.00155392204886517,0.00128066595867129,-0.000103961667176832
27.26,0.0601411462410928,-0.0015409605810907,0.00127133237656427,-0.000103307550912912
27.27,0.0596426254792108,-0.00152810725321287,0.00126202843085809,-0.000102665222771445
27.28,0.0591481481476102,-0.00151534437775197,0.00125278516807535,-0.00010203468250087
27.29,0.058657986530088,-0.0015026876374061,0.00124360249236069,-0.000101414804396332
27.3,0.058171819470231,-0.00149012071844697,0.00123450600039059,-0.000100805476311974
27.31,0.0576898951825484,-0.00147765751442396,0.00122547174791908,-0.000100208012584079
27.32,0.0572119151034611,-0.0014652837696952,0.00121640973864777,-9.96231035686898e-05
27.33,0.0567381026733171,-0.00145301351820173,0.00120724432680192,-9.90462965538596e-05
27.34,0.0562681814890515,-0.0014408349572702,0.00119799215776191,-9.8473734994573e-05
27.35,0.0558023551087832,-0.00142876074411106,0.00118868193071376,-9.79024008429721e-05
27.36,0.0553403697125159,-0.00141677973783622,0.00117935485114465,-9.73292163068722e-05
27.37,0.0548824103744252,-0.00140490233525253,0.00117009431832347,-9.67509125185785e-05
27.38,0.0544282446738897,-0.00139311733588908,0.00116092305278776,-9.61669740370455e-05
27.39,0.0539780395694214,-0.00138143336526639,0.00115185386780235,-9.55776941744871e-05
27.4,0.0535315815552684,-0.00136983992039569,0.00114291142693815,-9.49822027344583e-05
27.41,0.0530890210952988,-0.00135834447813795,0.00113405475608919,-9.437945294566e-05
27.42,0.052650163025791,-0.00134693788067531,0.00112528318900717,-9.37699016185536e-05
27.43,0.0522151412846128,-0.00133562687571665,0.0011165961551398,-9.31546591530754e-05
27.44,0.051783776108838,-0.00132440313740915,0.00110800347005271,-9.25352113628744e-05
27.45,0.0513561857151474,-0.00131327249474558,0.00109949403472993,-9.1912451245616e-05
27.46,0.0509322052968555,-0.00130222759573478,0.00109105702414506,-9.12868190746933e-05
27.47,0.0505119390077988,-0.00129127363625286,0.00108269868179265,-9.06590656283051e-05
27.48,0.0500952354554576,-0.0012804040811827,0.00107439710009257,-9.0029549019123e-05
27.49,0.0496821311066897,-0.00126962124036164,0.00106614372110867,-8.93985872319415e-05
27.5,0.0492726500813898,-0.00125892690103144,0.00105788633690478,-8.87685899940729e-05
27.51,0.0488666587418853,-0.00124831624203305,0.00104970912339434,-8.81399486912863e-05
27.52,0.0484642305589906,-0.00123779211094078,0.0010416469907454,-8.7511251964268e-05
27.53,0.0480652439387521,-0.00122734974381437,0.00103361051484199,-8.68860230707169e-05
27.54,0.0476697607790104,-0.00121699264126718,0.00102559847530395,-8.62640193963273e-05
27.55,0.0472776699914537,-0.00120671676381551,0.00101763264911976,-8.56440395274866e-05
27.56,0.046889024575079,-0.00119652475355209,0.00100973058930028,-8.50251282039215e-05
27.57,0.0465037238174331,-0.00118641272901848,0.00100190200227678,-8.44067009213599e-05
27.58,0.0461218125328449,-0.00117638270377382,0.000994143903062024,-8.37886148078229e-05
27.59,0.0457431990891726,-0.00116643127110049,0.000986455853576314,-8.31717119963019e-05
27.6,0.0453679200529002,-0.00115655999574024,0.000978852193227679,-8.25570961241946e-05
27.61,0.0449958913599469,-0.00114676569657884,0.000971324435215236,-8.19449156679112e-05
27.62,0.0446271421512003,-0.00113704965099384,0.000963864652805097,-8.13350110801204e-05
27.63,0.0442615960564225,-0.00112740926457468,0.000956460770882346,-8.07269333747989e-05
27.64,0.0438992760536712,-0.00111784568277617,0.00094910190570175,-8.01202683707928e-05
27.65,0.0435401129931394,-0.00110835689070168,0.000941774328798665,-7.95147571715726e-05
27.66,0.0431841280874554,-0.00109894470289053,0.000934415065254927,-7.89118398700971e-05
27.67,0.0428312718333173,-0.00108960399000752,0.000927685617435222,-7.83288026694971e-05
27.68,0.0424815668466527,-0.00108032722726084,0.000922054131729155,-7.7779130044764e-05
27.69,0.0421349654570209,-0.00107110420256667,0.000917007375653587,-7.72762774022221e-05
27.7,0.0417914828583124,-0.00106193087834695,0.000912536475155362,-7.68225697876256e-05
27.71,0.0414510746409062,-0.00105279954146388,0.000908754236165006,-7.6427264425324e-05
27.72,0.041113750485116,-0.00104370624769732,0.000905246821999678,-7.60965926387634e-05
27.73,0.0407794689473935,-0.00103464760026152,0.000901995425498517,-7.58272797429307e-05
27.74,0.040448236810473,-0.00102561903829549,0.000899455410867237,-7.56032423441853e-05
27.75,0.0401200058914162,-0.00101662531527196,0.000895089855372593,-7.54036040127651e-05
27.76,0.0397947559715295,-0.00100768827689824,0.00088869968359374,-7.51819318943128e-05
27.77,0.039472472720262,-0.00099882693400444,0.000880529965231631,-7.4906862485063e-05
27.78,0.0391531268773289,-0.000990054413588626,0.000871366208101266,-7.45771679879358e-05
27.79,0.0388367168723249,-0.000981378032311303,0.000861572078926467,-7.42021975247732e-05
27.8,0.0385232085329346,-0.000972804523973344,0.000851182071902443,-7.37896582967896e-05
27.81,0.0382125902165189,-0.00096433698470632,0.000840608890070513,-7.33360444321835e-05
27.82,0.0379048286164956,-0.000955976449764202,0.000830019499728412,-7.28401710900629e-05
27.83,0.0375999095859649,-0.000947722240726936,0.000819562705386941,-7.23035713534807e-05
27.84,0.0372978011839677,-0.000939573237379308,0.000809209008553148,-7.17329138108455e-05
27.85,0.0369984843247151,-0.000931526078375973,0.000799306675252024,-7.11369418753681e-05
27.86,0.036701925957578,-0.000923575709655067,0.000789980513943021,-7.05250502511519e-05
27.87,0.0364081032256696,-0.000915715988048533,0.000781247923973192,-6.99044904087249e-05
27.88,0.0361169839962496,-0.000907941276117081,0.000773072118917725,-6.9280310931153e-05
27.89,0.0358285442816992,-0.000900246075534021,0.000765393235375295,-6.8656354885263e-05
27.9,0.0355427543529352,-0.00089262596646925,0.000758144878551738,-6.80355535146219e-05
27.91,0.0352595898817878,-0.00088507690433279,0.000751196014092631,-6.74211610184742e-05
27.92,0.0349790232738725,-0.000877596803301484,0.000744490279465618,-6.68107705890461e-05
27.93,0.0347010313673763,-0.000870182947021905,0.000737972217673856,-6.62035194894539e-05
27.94,0.0344255896128747,-0.000862834230019858,0.000731582283373844,-6.56012583157579e-05
27.95,0.0341526739150124,-0.000855548801482567,0.000725350298704483,-6.50054607770533e-05
27.96,0.0338822611087402,-0.000848325485856283,0.000719257589317048,-6.44155804899109e-05
27.97,0.0336143273626206,-0.000841162638711001,0.000713283983068588,-6.38304846194043e-05
27.98,0.0333488517175944,-0.000834059499788782,0.000707407377281495,-6.3249193685418e-05
27.99,0.0330858109961474,-0.000827014935322174,0.000701587168134162,-6.26700201798438e-05
28,0.0328251870079832,-0.000820028294723237,0.000695935011949513,-6.20876492669579e-05
28.01,0.0325669584255817,-0.000813097200300153,0.000690448387563541,-6.15055100245418e-05
28.02,0.0323111072680549,-0.000806221478918852,0.000684944128050422,-6.09285900481154e-05
28.03,0.0320576114799431,-0.000799401221706167,0.000679408498875649,-6.0356557193258e-05
28.04,0.0318064488521852,-0.000792636561123474,0.000673840629213645,-5.97882640207748e-05
28.05,0.0315576020830886,-0.000785928142552219,0.000668243842657428,-5.9222725466142e-05
28.06,0.0313110478308651,-0.000779275856693204,0.000662623756458988,-5.86591639580668e-05
28.07,0.0310667694794242,-0.000772680237074309,0.000656987479352271,-5.80969960821859e-05
28.08,0.0308247437364049,-0.000766141038310641,0.000651342770522342,-5.7535830773238e-05
28.09,0.0305849544459686,-0.000759658634722964,0.0006456980742783,-5.69754410182071e-05
28.1,0.0303473783120713,-0.000753232628190272,0.000640060226678357,-5.64157515644823e-05
28.11,0.0301119994765049,-0.000746863238235315,0.000634437092129827,-5.58567959403426e-05
28.12,0.0298787946250663,-0.000740549931227327,0.000628835211719414,-5.5298710989162e-05
28.13,0.0296477480951598,-0.000734292785533946,0.000623260405888684,-5.47417013197945e-05
28.14,0.0294188365847834,-0.000728091163494977,0.000617717545278376,-5.4186024133024e-05
28.15,0.0291920445770977,-0.000721945037663184,0.000612210659537146,-5.36319619686957e-05
28.16,0.028967348838755,-0.000715853702599123,0.000606742861153459,-5.30798128102406e-05
28.17,0.0287447340794982,-0.000709816961232377,0.000601356227717395,-5.25282262003389e-05
28.18,0.0285241782587553,-0.000703833629447066,0.000595997863605649,-5.19771531486388e-05
28.19,0.0283056660444894,-0.000697904282703609,0.000590624185535985,-5.14290410268527e-05
28.2,0.0280891748854213,-0.000692028285032473,0.000585312111802561,-5.08816016396424e-05
28.21,0.0278746903242517,-0.000686205167143207,0.000580078468624696,-5.03351936385865e-05
28.22,0.0276621902396847,-0.000680433925027361,0.000574908915484603,-4.97912428011269e-05
28.23,0.0274516598941865,-0.000674714198943431,0.000569809916678488,-4.92504322155056e-05
28.24,0.0272430774895502,-0.000669045299111256,0.000564714975951328,-4.87118311989467e-05
28.25,0.0270364286647737,-0.000663427277934308,0.000559658998093314,-4.81758070306179e-05
28.26,0.0268316918388756,-0.000657859571891497,0.000554630399260584,-4.7642960213797e-05
28.27,0.0266288524408349,-0.000652342102039601,0.000549637886168753,-4.71141176904275e-05
28.28,0.02642788882196,-0.000646874219150139,0.000544689165128538,-4.6589942684391e-05
28.29,0.0262287862056843,-0.000641455688319511,0.00053978819339052,-4.60709451508249e-05
28.3,0.0260315247474994,-0.000636085903411563,0.000534935740801165,-4.55575199432225e-05
28.31,0.0258360847918926,-0.00063076425502461,0.00053013322198633,-4.50503968838153e-05
28.32,0.0256424512346678,-0.000625490655232518,0.00052534036942784,-4.45509642545957e-05
28.33,0.0254506026242076,-0.000620264824376681,0.000520559259707604,-4.40587768807944e-05
28.34,0.0252605239589396,-0.000615086777318156,0.000515801677704838,-4.35729767133884e-05
28.35,0.0250721945666061,-0.000609956002226524,0.000511082631112514,-4.30928431096878e-05
28.36,0.0248855999471775,-0.000604872247038364,0.000506409950220793,-4.26178277111057e-05
28.37,0.0247007202086484,-0.000599834817741018,0.000501792731819216,-4.21475185682591e-05
28.38,0.0245175412885974,-0.000594843285564455,0.00049723837648201,-4.1681643855855e-05
28.39,0.0243360440093223,-0.000589896823119167,0.000492752391085915,-4.12200615788088e-05
28.4,0.0241562146749681,-0.000584994881425182,0.000488338414873929,-4.07627378136377e-05
28.41,0.0239780347451326,-0.000580136581890505,0.000483991950976988,-4.03097772734144e-05
28.42,0.0238014902732564,-0.000575321649720238,0.000479691340650248,-3.98638774428015e-05
28.43,0.0236265632179684,-0.000570548843158783,0.000475519707801356,-3.94215200286965e-05
28.44,0.0234532403359058,-0.000565817405032136,0.000471413607918605,-3.89853092742068e-05
28.45,0.0232815037586107,-0.000561126648743956,0.000467359549125276,-3.85556170643453e-05
28.46,0.023111340121071,-0.000556476147550864,0.000463359753963771,-3.81326447553519e-05
28.47,0.0229427318652409,-0.000551865437539218,0.000459379869759752,-3.7716939528631e-05
28.48,0.0227756656335796,-0.000547294436555638,0.000455421639176686,-3.73077952193837e-05
28.49,0.0226101244920969,-0.000542762802281053,0.000451487996344286,-3.69044220197389e-05
28.5,0.0224460955708539,-0.000538270382109617,0.000447580867619915,-3.65061950727662e-05
28.51,0.0222835626313032,-0.000533816803458432,0.000443701510647629,-3.61126301080096e-05
28.52,0.0221225131589939,-0.000529401879005683,0.000439850940119209,-3.57233544318363e-05
28.53,0.0219629314735537,-0.00052502522424064,0.000436030088352026,-3.53380890204214e-05
28.54,0.0218048052516018,-0.000520686694607966,0.000432229068107478,-3.49572124296768e-05
28.55,0.0216481189461302,-0.000516385821958542,0.000428476027342212,-3.45812779274263e-05
28.56,0.0214928601087774,-0.000512122314537692,0.000424758996864385,-3.42103925651121e-05
28.57,0.0213390135507456,-0.000507895680754222,0.000421083271950918,-3.38443801383482e-05
28.58,0.0211865670583595,-0.000503705605475475,0.000417444638241902,-3.34829558718714e-05
28.59,0.0210355065784018,-0.000499551704380202,0.000413838911299521,-3.31258779671019e-05
28.6,0.0208858183447864,-0.000495433636299307,0.000410263095835625,-3.27729346758712e-05
28.61,0.0207374905288429,-0.0004913511764571,0.000406715296317435,-3.24239410929802e-05
28.62,0.0205905091187697,-0.000487303992808525,0.000403194343167774,-3.20787384491771e-05
28.63,0.0204448624775999,-0.000483291878246528,0.000399699508968342,-3.17371927712437e-05
28.64,0.0203005369609466,-0.0004793145212364,0.000396230355010844,-3.13991920498675e-05
28.65,0.0201575210934539,-0.000475371717947759,0.00039278664380698,-3.10646432268187e-05
28.66,0.0200158015635834,-0.000471463166828864,0.000389368299071623,-3.07334686317036e-05
28.67,0.0198753670413785,-0.000467588662272319,0.000385975792980556,-3.0405601173295e-05
28.68,0.0197362048633192,-0.000463747677834028,0.000382646077430874,-3.00787300142321e-05
28.69,0.0195983042032379,-0.000459940101778792,0.000379293595706153,-2.97554611368743e-05
28.7,0.0194616523568003,-0.000456165936104737,0.000375962216499654,-2.94343599910401e-05
28.71,0.0193262386531066,-0.000452424834329972,0.000372677205231371,-2.91147640355767e-05
28.72,0.0191920510646018,-0.000448716297521337,0.00036943595505428,-2.8797241893628e-05
28.73,0.019059078889283,-0.000445039980929314,0.000366227484278321,-2.84826090875283e-05
28.74,0.0189273100045382,-0.000441395577592908,0.000363043330084617,-2.81714575306588e-05
28.75,0.0187967335249279,-0.000437782896907271,0.000359880020635082,-2.78640847642047e-05
28.76,0.0186673373936488,-0.000434201705290121,0.000356737682221153,-2.7560585274141e-05
28.77,0.0185391107667234,-0.000430651810518473,0.000353617961908518,-2.72609570136747e-05
28.78,0.018412041809623,-0.000427132952973039,0.000350522630534553,-2.69651668694856e-05
28.79,0.0182861198133217,-0.000423644903872592,0.000347453008922575,-2.66731758634796e-05
28.8,0.0181613332130821,-0.000420187360485691,0.0003444165279177,-2.63847918387173e-05
28.81,0.0180376716685258,-0.00041676001451249,0.000341403173689297,-2.60989559941466e-05
28.82,0.017915124260985,-0.000413362681363122,0.000338410833078815,-2.58153242028534e-05
28.83,0.0177936810043713,-0.000409995151200882,0.000335438741239693,-2.55338971039267e-05
28.84,0.0176733311655815,-0.000406657200825168,0.000332489364760061,-2.52549661618515e-05
28.85,0.017554064739941,-0.000403348591530221,0.000329567442747615,-2.4978828805448e-05
28.86,0.0174358712128937,-0.000400069021674997,0.000326676245869164,-2.47057054821247e-05
28.87,0.017318740163546,-0.000396818170369303,0.000323817055629786,-2.44357520352265e-05
28.88,0.0172026616796259,-0.000393595728803121,0.000320989865155449,-2.41690787682118e-05
28.89,0.0170876253604391,-0.000390401369812251,0.000318194042980073,-2.39057607467972e-05
28.9,0.0169736214309673,-0.000387234794591148,0.000315428735364388,-2.36458411541753e-05
28.91,0.0168606397104734,-0.000384095697679182,0.000312692625467996,-2.33893281396635e-05
28.92,0.0167486705549331,-0.000380983825349086,0.000309974128576282,-2.31367051801045e-05
28.93,0.0166377036544478,-0.000377899048854651,0.000307283053674114,-2.28884741424259e-05
28.94,0.016527729570841,-0.000374840847367505,0.000304643930078609,-2.26434099161886e-05
28.95,0.0164187384466796,-0.000371808919369903,0.000302021828079044,-2.24027040507159e-05
28.96,0.0163107207466959,-0.00036880313966301,0.000299412617932909,-2.21661521982813e-05
28.97,0.016203666804631,-0.000365823344553479,0.000296822163758332,-2.19331035717312e-05
28.98,0.0160975675085817,-0.000362869319554735,0.000294255869710629,-2.17029641222725e-05
28.99,0.0159924136855079,-0.000359940801609334,0.000291716554700861,-2.14752987155253e-05
29,0.0158881966160784,-0.000357037519157212,0.000289204974585749,-2.12498060371349e-05
29.01,0.0157849074976388,-0.000354159193606599,0.000286720727969083,-2.10262758612344e-05
29.02,0.0156825378913137,-0.000351305559348094,0.000284262906144558,-2.08045582492602e-05
29.03,0.0155810792744591,-0.000348476355855228,0.000281830460590555,-2.05845452439065e-05
29.04,0.0154805234235784,-0.00034567133730427,0.000279422368793199,-2.03661615306982e-05
29.05,0.0153808620403675,-0.00034289026255062,0.000277037880131628,-2.01493602626046e-05
29.06,0.0152820870734747,-0.000340132905039279,0.000274675760996333,-1.9934117087581e-05
29.07,0.0151841904076537,-0.000337399042437905,0.000272335529409278,-1.97204288287441e-05
29.08,0.0150871641306862,-0.000334688460600194,0.000270016542144276,-1.95083110030352e-05
29.09,0.0149910002791316,-0.00033200094984378,0.000267718253929722,-1.92977950446839e-05
29.1,0.0148956910558073,-0.00032933630637883,0.000265440189689998,-1.90889250212846e-05
29.11,0.0148012286252612,-0.000326694330475642,0.000263181937763555,-1.88817544637478e-05
29.12,0.0147076052890354,-0.000324074826130992,0.000260943138231938,-1.86763436181467e-05
29.13,0.0146148133384481,-0.00032147760279617,0.000258722529770164,-1.84727701082539e-05
29.14,0.0145228450874688,-0.000318902490405059,0.000256519588222765,-1.82713312104756e-05
29.15,0.0144316928590777,-0.000316349292472272,0.00025433861069895,-1.80722906148683e-05
29.16,0.0143413490593698,-0.000313817706998685,0.000252192107576882,-1.78751532908646e-05
29.17,0.0142518062310932,-0.000311307515754262,0.000250053269651289,-1.76805082179118e-05
29.18,0.0141630567921354,-0.000308818673707001,0.000247925630845804,-1.74882260676694e-05
29.19,0.0140750934400335,-0.000306350952567976,0.000245826728421669,-1.72975589601646e-05
29.2,0.013987909008943,-0.000303904058608156,0.000243755959821455,-1.71085967434484e-05
29.21,0.0139014963554054,-0.000301477749379859,0.000241705797694098,-1.69217175994744e-05
29.22,0.0138158482986519,-0.000299071858906818,0.000239669711051923,-1.67372174752267e-05
29.23,0.0137309576603526,-0.000296686265854201,0.000237644484497764,-1.65552172751016e-05
29.24,0.0136468172932478,-0.000294320867770099,0.000235629619744748,-1.63757054083007e-05
29.25,0.0135634201041714,-0.00029197555268021,0.000233626900997791,-1.61985850746455e-05
29.26,0.0134807591036736,-0.000289650192146285,0.0002316370703966,-1.60236010430798e-05
29.27,0.0133988274165047,-0.000287344655133991,0.000229660537309573,-1.58504528984925e-05
29.28,0.0133176183130752,-0.000285058812379219,0.000227696822580272,-1.56788356162707e-05
29.29,0.0132371251680565,-0.000282792540369971,0.000225744383739165,-1.55085187584746e-05
29.3,0.0131573414434376,-0.000280545731167945,0.000223803798609453,-1.53395206328998e-05
29.31,0.0130782606028852,-0.000278318253400979,0.000221876786786924,-1.51719604500513e-05
29.32,0.0129998761426329,-0.000276109959989637,0.000219965809129422,-1.50060033373291e-05
29.33,0.0129221815474221,-0.000273920677105795,0.00021807288951127,-1.48417935752051e-05
29.34,0.0128451703564165,-0.000271750219073124,0.000216199110040756,-1.46794442334294e-05
29.35,0.0127688361170923,-0.000269598390602467,0.00021434479931364,-1.45190423214831e-05
29.36,0.0126931724514145,-0.000267464999006356,0.000212509855332745,-1.43606528159216e-05
29.37,0.0126181729996979,-0.000265349850605976,0.00021069397109372,-1.42043200919087e-05
29.38,0.0125438314886503,-0.000263252758554614,0.000208896751483835,-1.40500682609382e-05
29.39,0.0124701416700947,-0.000261173540396892,0.000207117266848663,-1.38978979740439e-05
29.4,0.0123970973828671,-0.000259112014451818,0.00020535618490649,-1.37477979322094e-05
29.41,0.0123246925316725,-0.000257068004745663,0.000203612396643788,-1.35997393275121e-05
29.42,0.0122529210625961,-0.0002550413390208,0.000201885462315481,-1.34536794866652e-05
29.43,0.012181777026294,-0.00025303185272625,0.000200174936602892,-1.33095625968963e-05
29.44,0.0121112544979303,-0.000251039391931703,0.000198478004995652,-1.31674444434415e-05
29.45,0.0120413476091628,-0.000249063824538576,0.000196796096822178,-1.30273417642346e-05
29.46,0.0119720505365608,-0.00024710497802418,0.000195131759400161,-1.28891717156764e-05
29.47,0.0119033575408274,-0.000245162688646363,0.000193482839601233,-1.27530097481843e-05
29.48,0.0118352628848939,-0.000243236813744847,0.000191847179167619,-1.2618872844072e-05
29.49,0.0117677609237719,-0.000241327227765271,0.00019022407791379,-1.24866627496483e-05
29.5,0.0117008460681935,-0.000239433800736817,0.000188613852498685,-1.23561698947394e-05
29.51,0.0116345128565598,-0.000237556410638752,0.000187015760793065,-1.2227219354805e-05
29.52,0.011568755892573,-0.000235694929339189,0.00018543097280479,-1.20995720880838e-05
29.53,0.0115035699249759,-0.000233849214644448,0.000183861525129961,-1.19729727883863e-05
29.54,0.0114389497852754,-0.000232019105104862,0.000182308020856102,-1.18472088366669e-05
29.55,0.0113748904315996,-0.000230204449203263,0.000180769483227272,-1.17221348729998e-05
29.56,0.0113113868797967,-0.000228405096322239,0.000179245871511204,-1.15975953844609e-05
29.57,0.0112484342652488,-0.000226620897620605,0.000177737327408099,-1.14734487135771e-05
29.58,0.0111860277740679,-0.000224851700668089,0.000176243954639353,-1.13495883500353e-05
29.59,0.0111241626812033,-0.000223097364385049,0.000174763413528683,-1.12260701794794e-05
29.6,0.0110628342454104,-0.000221357759638056,0.000173296991314013,-1.11029629122614e-05
29.61,0.0110020377967661,-0.000219632731008396,0.000171846638711365,-1.0980325266601e-05
29.62,0.0109417686447282,-0.000217922124161979,0.000170410736668702,-1.08583772158975e-05
29.63,0.0108820221108745,-0.000216225810747997,0.000168986479466053,-1.07373462625346e-05
29.64,0.010822793477506,-0.000214543676481818,0.000167573664513222,-1.06174067352502e-05
29.65,0.0107640780537972,-0.000212875615384309,0.000166171012276221,-1.04986781315013e-05
29.66,0.0107058711339079,-0.000211221524232669,0.000164778669301864,-1.03812421205984e-05
29.67,0.0106481680486397,-0.000209581299037459,0.000163396905400801,-1.02651605753386e-05
29.68,0.0105909641504311,-0.000207954832890127,0.000162025967863656,-1.0150486583152e-05
29.69,0.0105342547985874,-0.000206342015904173,0.000160666014316007,-1.0037266246183e-05
29.7,0.0104780354020564,-0.000204742738443401,0.000159317118647873,-9.9255372644095e-06
29.71,0.0104223013769085,-0.000203156889139994,0.000157979302261486,-9.81532699606245e-06
29.72,0.0103670481929052,-0.000201584357850052,0.000156652560471306,-9.70665123994732e-06
29.73,0.0103122713340822,-0.000200025033322355,0.00015533687591852,-9.59951405722641e-06
29.74,0.0102579663426994,-0.000198478805708907,0.000154032222844041,-9.49390834221894e-06
29.75,0.01020412878235,-0.000196945564282635,0.000152738567111014,-9.38981673590507e-06
29.76,0.0101507542780448,-0.000195425199875551,0.000151455866407026,-9.28721275229839e-06
29.77,0.0100978384817036,-0.000193917602684054,0.000150184069880183,-9.1860620276756e-06
29.78,0.0100453771094058,-0.000192422664186842,0.000148923217987781,-9.08632364777443e-06
29.79,0.00999336590814615,-0.000190940275404726,0.000147673031753398,-8.9879520975813e-06
29.8,0.0099418006898544,-0.000189470330243107,0.000146433571468445,-8.89089571248147e-06
29.81,0.0098906773001568,-0.000188012721335049,0.000145204759691604,-8.79510107913709e-06
29.82,0.00983999164963212,-0.000186567342933637,0.00014398653401818,-8.70051331304224e-06
29.83,0.00978973968334529,-0.000185134089194185,0.000142778825936659,-8.6070770929746e-06
29.84,0.00973991741019908,-0.000183712855643315,0.000141581567290161,-8.51473779192321e-06
29.85,0.00969052087386402,-0.000182303537787565,0.000140394690506091,-8.42344241579609e-06
29.86,0.00964154617845114,-0.000180906032567966,0.000139218127928827,-8.33314047296777e-06
29.87,0.00959298946271137,-0.000179520237709545,0.000138051426579003,-8.24378315019438e-06
29.88,0.00954484692289626,-0.000178146054422071,0.000136895291796588,-8.15532441221731e-06
29.89,0.00949711478794768,-0.000176783376017552,0.000135749323827926,-8.06772895576667e-06
29.9,0.0094497893404597,-0.000175432102323356,0.000134613420526056,-7.98096304025078e-06
29.91,0.00940286689326353,-0.000174092133142974,0.000133487475350872,-7.89499685821278e-06
29.92,0.00935634380927919,-0.000172763369545046,0.000132371409062072,-7.80980512541191e-06
29.93,0.00931021647986796,-0.00017144571292652,0.000131265144602282,-7.72536703852107e-06
29.94,0.00926448134045632,-0.000170139065783293,0.000130168603387667,-7.64166623057004e-06
29.95,0.00921913486122872,-0.000168843331449254,0.000129081704475132,-7.55869057390111e-06
29.96,0.00917417354037475,-0.000167558413738521,0.000128004363665562,-7.47643192232269e-06
29.97,0.00912959391691981,-0.000166284217733834,0.000126936493462156,-7.39488570257538e-06
29.98,0.00908539255376795,-0.000165020649033428,0.000125878004263127,-7.31405046005729e-06
29.99,0.00904156605180439,-0.000163767614500796,0.00012482880390668,-7.23392743077208e-06
30,0.00853041314728475,-0.00365152277452419,0.00012378879820917,-7.15452006559836e-06
30.01,0.00790942413774243,-0.00596163057619441,0.00236285782685283,7.95719507194646e-05
30.02,0.00712621198065921,-0.00818313711826606,0.00999133690157108,0.000412722376164519
30.03,0.00624954003535816,-0.01031576548369,0.0212333795805345,0.000850450842621976
30.04,0.00531119508554578,-0.0122768604226657,0.0349429942252714,0.00130151922502276
30.05,0.00425548326797109,-0.0141598065326651,0.0502243012810296,0.00170647361904122
30.06,0.00298140600660712,-0.0159046053340285,0.0663467742426966,0.00202591700938768
30.07,0.00136655898493565,-0.0176510075885119,0.082791338157089,0.00224069949845212
30.08,-0.000727630096562848,-0.0193112885563522,0.0991866128717813,0.00234326058848949
30.09,-0.00343209136322731,-0.0210466360998833,0.11536631282154,0.00233973069510116
30.1,-0.00687904015128193,-0.0227238614179907,0.131236335556336,0.00223897152617603
30.11,-0.0111518902147161,-0.0245113217038372,0.146816866092879,0.00205600216166064
30.12,-0.0163524131622435,-0.0262260905523335,0.162117185823003,0.00180193925654551
30.13,-0.0224930436597441,-0.0280471599731569,0.177203718301441,0.0014909216568102
30.14,-0.0296645359710235,-0.029751752735573,0.19207267957466,0.00112930363915253
30.15,-0.0378084431443604,-0.0315393824252116,0.206764757829143,0.000726402001816002
30.16,-0.0470374678708501,-0.0331571231699368,0.221226714546758,0.000283302496740972
30.17,-0.0572187168864993,-0.0348313430326908,0.235437506538425,-0.000195824629134137
30.18,-0.0685179141343415,-0.0362855633146991,0.24927518928592,-0.00071420312772836
30.19,-0.0807196120223743,-0.037776725882386,0.262658838869521,-0.0012707015986757
30.2,-0.0940689116614202,-0.0390078262819558,0.275450778939763,-0.00186888676357277
30.21,-0.108251288600697,-0.0402657358986173,0.287593336839978,-0.0025060969001129
30.22,-0.123610401252034,-0.0412328484976469,0.298975412105316,-0.00318324870595013
30.23,-0.139711233989468,-0.0422239553734015,0.309560852004425,-0.00389674386876768
30.24,-0.157013844633228,-0.0429006771931742,0.319281456141742,-0.00464582649378711
30.25,-0.174942609765858,-0.0436036824840957,0.328132295152211,-0.00542520552662542
30.26,-0.19409210954996,-0.0439736778036407,0.336093703057393,-0.00623310887578895
30.27,-0.213728392657831,-0.0443754952977328,0.343184356872136,-0.00706408718051178
30.28,-0.23459910313426,-0.0444296103707754,0.349395710424744,-0.00791502381358539
30.29,-0.25579692020973,-0.0445240352745284,0.354769804661747,-0.00878081760065599
30.3,-0.277692172366354,-0.0444672218009772,0.35934277735805,-0.00965933622363023
30.31,-0.300839875625989,-0.0440462695692172,0.363175544241157,-0.0105453407351677
30.32,-0.324046171283744,-0.0436821153417341,0.366291226497793,-0.0114354541394416
30.33,-0.348515358270658,-0.0429460855225904,0.368721266680401,-0.0123273126544254
30.34,-0.372847774182275,-0.042278782937202,0.370508844665608,-0.0132162403296209
30.35,-0.398456676740281,-0.0412341274697973,0.371708580417309,-0.0141004143634792
30.36,-0.423729960715157,-0.0402709610591147,0.372380614588759,-0.0149763158952433
30.37,-0.449379094960707,-0.0391655841888844,0.372584439441036,-0.0158426028067031
30.38,-0.476342470932541,-0.0376764118165728,0.372382816337047,-0.0166964771297567
30.39,-0.502673834863656,-0.0362883932486286,0.371796756634084,-0.0175360277921944
30.4,-0.529257454734368,-0.0347650403818471,0.370866898719769,-0.0183608607943853
30.41,-0.557214929024195,-0.032853807625713,0.369629208677354,-0.0191687797985085
30.42,-0.584251498824319,-0.0310631998939997,0.368070143225392,-0.0199590341902996
30.43,-0.612713460615039,-0.0288844072346868,0.366190457333686,-0.0207316759579308
30.44,-0.640068292828714,-0.0268392004608342,0.36398961676255,-0.0214857190587645
30.45,-0.667506241154496,-0.0246740989800467,0.361432753019154,-0.0222211594051577
30.46,-0.696465569088438,-0.0221231956341709,0.358505803115042,-0.0229356616319463
30.47,-0.724050202382335,-0.019727794778922,0.3551441509351,-0.0236295845082068
30.48,-0.751641179944922,-0.0172267917261925,0.351278662585978,-0.0243041940005909
30.49,-0.780871300920972,-0.0143490226176443,0.346860829188198,-0.0249569156855225
30.5,-0.808477682173745,-0.0116533160542819,0.341736668973544,-0.0255884744106411
30.51,-0.836036403768338,-0.00887439152372213,0.335728840284221,-0.0262001491922765
30.52,-0.865377173379896,-0.00573988873769743,0.328723506814562,-0.0267879978895691
30.53,-0.892869925749178,-0.00282498991074578,0.320509368217851,-0.027352417417131
30.54,-0.920289793946801,0.000136337598820535,0.31089800516976,-0.0278925380334842
30.55,-0.94763509773299,0.00312910951577672,0.299868226900862,-0.0283956754827582
30.56,-0.976998726446559,0.00642572811145992,0.287373046805276,-0.0288506720453784
30.57,-1.00425763561802,0.00943622145886522,0.273362285683092,-0.0292473211145619
30.58,-1.03144185475116,0.0124311868922589,0.257916332412808,-0.0295757818066675
30.59,-1.06082495555526,0.0156865999350081,0.241313271352918,-0.0298129914961706
30.6,-1.08789191244095,0.018614658540917,0.223641930260703,-0.0299456200582091
30.61,-1.1148345499733,0.0214935791313289,0.205007328091185,-0.0299635914117114
30.62,-1.14407688463914,0.0246048161820003,0.185748171515072,-0.0298468172759713
30.63,-1.170685840504,0.0273692621197204,0.166027509893154,-0.0295896829484592
30.64,-1.19697413816288,0.0300733505225795,0.145996920399862,-0.0291924009131582
30.65,-1.22280618109606,0.0327200831126407,0.125994310922356,-0.0286457874341478
30.66,-1.25069386742181,0.0356000994263284,0.106224644537524,-0.027953373769512
30.67,-1.27504966166387,0.0381535019070226,0.0867765524284062,-0.0271275636870112
30.68,-1.2982532552883,0.0406735825636492,0.0677142695589142,-0.026185258436093
30.69,-1.32288085817315,0.043447390436342,0.0492465703960548,-0.0251342207028428
30.7,-1.34298366279759,0.0459253399225687,0.0313427339591574,-0.0239950712716386
30.71,-1.36110611862431,0.0483907468704368,0.0138946747534722,-0.0227918458434564
30.72,-1.3799877022067,0.051114055162422,-0.00308818074841469,-0.0215375625661069
30.73,-1.39352473035083,0.0535500569105848,-0.0197756469022074,-0.0202538095353802
30.74,-1.40450332469569,0.0559629493990156,-0.036369740614027,-0.018962169591168
30.75,-1.41585206404367,0.0586012616599358,-0.0529156132464811,-0.0176711645237722
30.76,-1.42149727775149,0.0609267115050703,-0.0695779291603853,-0.0163945003864732
30.77,-1.42749753328059,0.0634349028184461,-0.0865040952725831,-0.0151436052611899
30.78,-1.42069463931456,0.0646734853678315,-0.103684508279445,-0.0139188435784367
30.79,-1.40893308153374,0.0655658007805949,-0.120818950784504,-0.0127102272023065
30.8,-1.39834714696676,0.0665923433494958,-0.137130739546271,-0.0114805446237423
30.81,-1.38611002133892,0.0675089935088119,-0.152476710241109,-0.0102329002711839
30.82,-1.36955616035154,0.0680967501312398,-0.166949953480488,-0.00898523576124095
30.83,-1.35466183278855,0.0687989797535302,-0.180555653966645,-0.00774859004721997
30.84,-1.33875589432382,0.0693891403208744,-0.193267756929811,-0.00652958736276322
30.85,-1.31935201353143,0.0696663631002462,-0.205130029439821,-0.00533759306310995
30.86,-1.30211166964295,0.0700377101896926,-0.216057879182932,-0.00417373608046534
30.87,-1.28444594802495,0.0702987049196803,-0.225989216334033,-0.00303854228349364
30.88,-1.26648935157154,0.0704525703452717,-0.234972343249555,-0.00193872861966437
30.89,-1.24586378605586,0.0703280051094915,-0.242998679813915,-0.000876881117979344
30.9,-1.22765706983878,0.0702875131724965,-0.25004738854907,0.000145901675661419
30.91,-1.20937607241875,0.0701555727883566,-0.256128548710285,0.0011282218161118
30.92,-1.18873688388973,0.0697806283044082,-0.261296454201568,0.00206618238896781
30.93,-1.17041817996092,0.0694916944093582,-0.265572702118815,0.00295843216865396
30.94,-1.15205569636415,0.0691316741028156,-0.268999711988703,0.00380452472896827
30.95,-1.13151098732835,0.0685656818902904,-0.271654384827609,0.00460212352600529
30.96,-1.11310587525895,0.0680889155696109,-0.273588471200552,0.00535105904198443
30.97,-1.09464813538153,0.0675601368705442,-0.274860603472399,0.00605274412811138
30.98,-1.07417699315731,0.0668589064640412,-0.275539288390798,0.00670705722302616
30.99,-1.05568388493861,0.0662475706020062,-0.275665448325018,0.00731569064857509
31,-1.03715981588246,0.0655995436992939,-0.275299030876617,0.0078803528154025
31.01,-1.01682401593195,0.0648075121152879,-0.274519952712286,0.00840230338442445
31.02,-0.998338259930478,0.0641026318911105,-0.273371953504775,0.00888450023586068
31.03,-0.979867915078135,0.0633717461910733,-0.271895202704366,0.00933007959308786
31.04,-0.959799171659879,0.0625198971116612,-0.27015188096811,0.0097420889126769
31.05,-0.94146042724703,0.0617491976746139,-0.268215622071072,0.0101248982656043
31.06,-0.923181129891742,0.0609588491529996,-0.266128202102639,0.0104821115777649
31.07,-0.903505971770787,0.0600649969174768,-0.263925096471072,0.0108163390326949
31.08,-0.885435240742792,0.0592430191817648,-0.261626739305489,0.0111300187733454
31.09,-0.866093756151551,0.0583270111164857,-0.259253927600045,0.011425582508759
31.1,-0.848267322942071,0.0574763778432832,-0.256821879154795,0.0117051814308757
31.11,-0.830547501096253,0.0566103384686855,-0.25432846349449,0.0119703294925195
31.12,-0.81173012865567,0.0556633012213997,-0.251771310117665,0.0122217290008089
31.13,-0.794290415309781,0.0547722710299126,-0.249140282174816,0.0124598040491036
31.14,-0.775860375137123,0.0538085433475372,-0.246424238109519,0.012684580438434
31.15,-0.758714769149936,0.0528956789359605,-0.243614735264941,0.0128957196602902
31.16,-0.741696239201355,0.0519716749794631,-0.240701965845633,0.0130925506021593
31.17,-0.723839076116032,0.0509877398829257,-0.237672230778693,0.0132744019129771
31.18,-0.707130381028001,0.0500483172401513,-0.234515307435603,0.0134402749448053
31.19,-0.689681393043871,0.0490573500048257,-0.231222699335806,0.0135889861021867
31.2,-0.673296596234717,0.0481076694726007,-0.227788308582628,0.0137193207750069
31.21,-0.65627051613383,0.047114669196366,-0.22420932520251,0.0138298687965574
31.22,-0.640231082145025,0.0461602142988238,-0.220483562422582,0.0139194461096642
31.23,-0.624354134796146,0.0452041130373107,-0.21661531819296,0.013986626201062
31.24,-0.607987078254792,0.0442164563997322,-0.212605597501305,0.0140305075862365
31.25,-0.592507197512447,0.0432636209212318,-0.208457356179822,0.014050252250546
31.26,-0.576640052683249,0.0422863008604806,-0.204168583433869,0.0140454341727219
31.27,-0.561605216998577,0.041341684296431,-0.199744247737495,0.014015511603354
31.28,-0.546289530609682,0.0403790633901271,-0.195202952679736,0.013959384210073
31.29,-0.531762707659778,0.0394468347145125,-0.190564498709832,0.0138766350999696
31.3,-0.51706078720188,0.0385020265628963,-0.18585649337206,0.0137671851763494
31.31,-0.503107322595007,0.0375849192732381,-0.181103995545965,0.0136319448926821
31.32,-0.489076371023664,0.0366595620301649,-0.176326088142842,0.0134716811617954
31.33,-0.475754634544977,0.0357589028664663,-0.171529736518096,0.0132874567546561
31.34,-0.462752933434864,0.034866014478625,-0.166719510654403,0.013080378962249
31.35,-0.449802847942529,0.0339704207651401,-0.161889306301536,0.0128521272774758
31.36,-0.43750267494606,0.0330957905908867,-0.157043311699716,0.0126040744695194
31.37,-0.425324438015197,0.0322219977141751,-0.152190977200166,0.0123377187081254
31.38,-0.413753366392669,0.0313673013368127,-0.14733584016297,0.0120548434302888
31.39,-0.402360801728168,0.0305168157944703,-0.142483570497533,0.0117570965690016
31.4,-0.391529300925917,0.0296840994490591,-0.137632093839776,0.0114464436128704
31.41,-0.38091821665223,0.0288590274206638,-0.132783718726867,0.0111245361246351
31.42,-0.370818078638942,0.0280510619502281,-0.127946488928353,0.0107933341761471
31.43,-0.360965821793419,0.027254108204886,-0.123133040999584,0.0104546682367805
31.44,-0.351571329394227,0.0264738986824044,-0.118350031747046,0.0101105309605775
31.45,-0.342439517723925,0.0257078359035892,-0.113600250692499,0.0097624507539218
31.46,-0.333711628074271,0.0249585113021879,-0.108891631738189,0.00941202789905147
31.47,-0.325251864621265,0.0242262609158504,-0.104236038987087,0.00906061889906043
31.48,-0.317142627561154,0.0235108829429059,-0.0996438255732297,0.00870965325147817
31.49,-0.309298131682221,0.0228151497010911,-0.0951241292640133,0.00836020482801733
31.5,-0.301751909790458,0.0221365134616683,-0.0906858311743882,0.00801367488821756
31.51,-0.294462628430729,0.0214796107058454,-0.0863424064584131,0.00767116298520225
31.52,-0.287424345190386,0.0208398294574783,-0.0821027449321445,0.0073336309450524
31.53,-0.28063369931828,0.0202232188099619,-0.077979539670008,0.00700166074431584
31.54,-0.274053533281428,0.0196234322322969,-0.073979481686088,0.00667607515568274
31.55,-0.267713083841159,0.0190475608877162,-0.0701107262090853,0.00635769009079736
31.56,-0.261550496792417,0.0184878872440901,-0.0663805420388586,0.00604730939749506
31.57,-0.255622099553024,0.0179522230491564,-0.0627962025225399,0.00574542956697559
31.58,-0.24984613831306,0.0174317989526594,-0.0593589049530157,0.0054525589015234
31.59,-0.244252458485491,0.0169303998827802,-0.0560710860266448,0.00516921391256085
31.6,-0.23888791787312,0.0164522845456462,-0.0529248223365261,0.00489630628813521
31.61,-0.233647989296502,0.0159878413905082,-0.0499218759329956,0.00463397330077425
31.62,-0.228634014185793,0.0155458935656993,-0.0470630095827555,0.00438213319580748
31.63,-0.223730241488932,0.0151164888080668,-0.0443466560793491,0.00414089656023897
31.64,-0.219048260067007,0.0147085515777359,-0.0417720014126367,0.00391025596441788
31.65,-0.214463466910404,0.0143120217113917,-0.0393341138321402,0.00369034841819249
31.66,-0.210093752442297,0.0139358540493883,-0.0370264541885464,0.00348118423603584
31.67,-0.205808286879545,0.0135701116734951,-0.0348431928296013,0.00328265548959089
31.68,-0.201728748098143,0.0132236669122969,-0.032780053004842,0.00309442541645988
31.69,-0.197720778671355,0.0128867858327673,-0.0308317611271543,0.00291619869699811
31.7,-0.193907623216733,0.0125681481090226,-0.0289943478914953,0.00274758356003172
31.71,-0.19015359329471,0.0122582981741852,-0.0272646197008524,0.0025883008767593
31.72,-0.186582028989234,0.0119656076000498,-0.0256391649966018,0.00243803027271726
31.73,-0.183058254972387,0.0116809371646589,-0.0241139013379245,0.00229641666865201
31.74,-0.17970470951108,0.011412295379206,-0.022684539086023,0.00216307926417074
31.75,-0.176389403238892,0.0111509228801003,-0.0213460108550762,0.00203768858271519
31.76,-0.173232777054009,0.0109044393563026,-0.0200945367492995,0.00191981789227989
31.77,-0.170106587364851,0.010664495274799,-0.0189262475143644,0.00180906703405384
31.78,-0.167128398511093,0.0104382808954747,-0.0178380782644483,0.00170499916053426
31.79,-0.164174485498519,0.0102178687014188,-0.016826651281494,0.00160722432146203
31.8,-0.161358799819853,0.0100100038817411,-0.015889046309818,0.00151534621217645
31.81,-0.158562602836769,0.00980719392038504,-0.0150222600502059,0.00142903672221709
31.82,-0.155895559396166,0.00961574028365517,-0.014223076997225,0.00134796073777358
31.83,-0.153244216653571,0.00942859997418167,-0.0134876903223881,0.00127181943491205
31.84,-0.15071355389262,0.00925165349038919,-0.012812401974037,0.00120031629870386
31.85,-0.148195488327396,0.00907832454948364,-0.0121933099116068,0.00113318638161884
31.86,-0.145740537722705,0.00891130591713039,-0.0116266464512253,0.00107016769405885
31.87,-0.143393825442919,0.00875287121389567,-0.01110861525675,0.0010110217831672
31.88,-0.141055457563764,0.00859716535389535,-0.0106356649871884,0.000955516457892776
31.89,-0.138817094421634,0.00844910204680094,-0.0102045205540885,0.000903432126760069
31.9,-0.136584450001704,0.00830327728097563,-0.00981200065621467,0.000854554935532944
31.91,-0.134443775235274,0.00816425597235118,-0.00945465960076397,0.000808687701120174
31.92,-0.132306465881641,0.00802711107689205,-0.00911130947762386,0.000766320216143436
31.93,-0.130252716786043,0.00789675238811679,-0.00870857680681974,0.000730064289795119
31.94,-0.128199288487465,0.00776899896984136,-0.00833594980100044,0.00069473422263587
31.95,-0.12622233870173,0.00764761177462048,-0.00800677070697057,0.000659239917348428
31.96,-0.124245124897602,0.00752822079613575,-0.00772169411485491,0.000623829033336666
31.97,-0.122338828778084,0.00741419664683177,-0.00747924018955144,0.000588897273872453
31.98,-0.120432146769902,0.00730152621093893,-0.00727720743744294,0.000554806681182889
31.99,-0.118591336967041,0.00719328905556146,-0.00711215788396759,0.00052190460613297
32,-0.116750344229461,0.00708585237987738,-0.0069798431498955,0.000490496830518438
32.01,-0.114970674801459,0.00698206192518841,-0.00687541861493832,0.000460852013474532
32.02,-0.113191279310072,0.00687867609793921,-0.00679418073888757,0.000433165553027531
32.03,-0.111469084361811,0.00677833488734137,-0.0067315611557332,0.000407578855993132
32.04,-0.109747789924555,0.00667816732283408,-0.0066835926091042,0.000384157336800363
32.05,-0.108079925993151,0.00658061224364129,-0.00664663129798978,0.000362923884586811
32.06,-0.106413680661392,0.00648313559477182,-0.00661770424819301,0.000343840891221026
32.07,-0.104797376918379,0.00638797350554204,-0.00659414621489892,0.000326846729253216
32.08,-0.103183443264925,0.00629289347738494,-0.00657393183440933,0.000311835407593247
32.09,-0.101616189908583,0.00619992792268727,-0.00655524808216933,0.000298694922647759
32.1,-0.100052032957228,0.00610711321628229,-0.00653685301440567,0.000287282919931556
32.11,-0.0985314757122833,0.00601627912814854,-0.00651765012796507,0.000277462767139434
32.12,-0.0970147015635661,0.00592570044894111,-0.00649704499130187,0.000269077274311159
32.13,-0.0955211920422734,0.00583627263905797,-0.00647449793136231,0.000261984564998148
32.14,-0.09406699637284,0.00574868661548272,-0.0064500280105434,0.000256023792857233
32.15,-0.0926175486279313,0.0056615300555289,-0.00642336787886788,0.000251066860474499
32.16,-0.0912048110986152,0.00557614279515022,-0.00639456878585808,0.000246991392409802
32.17,-0.0897974528346328,0.00549129034103182,-0.0063639387201335,0.000243666817801695
32.18,-0.0884243950484436,0.00540813368790414,-0.00633153304577631,0.000240993359728722
32.19,-0.0870573485874182,0.00532559876401838,-0.00629772305459014,0.00023886396107569
32.2,-0.0857224251916247,0.00524468000888545,-0.00626273355326635,0.000237195927966584
32.21,-0.0843941656342277,0.0051644472498256,-0.0062270167426082,0.000235897388064108
32.22,-0.0830960743445726,0.00508574049562719,-0.00619077542263673,0.000234901300255322
32.23,-0.0818053124727207,0.0050077608130682,-0.00615437192926723,0.000234132672918959
32.24,-0.0805429675186584,0.00493120872462084,-0.00611789982546314,0.000233541689754165
32.25,-0.0792886100914512,0.00485540657156898,-0.00608161162289667,0.000233070150457844
32.26,-0.0780610896933887,0.00478093019116521,-0.00604550184075963,0.000232683615575866
32.27,-0.076842184962139,0.00470721373743987,-0.00600973161097376,0.000232337983734407
32.28,-0.0756486759764439,0.0046347221494133,-0.00597421723958679,0.000232011203827136
32.29,-0.0744643559962768,0.00456299217588102,-0.00593904914175931,0.000231670413649346
32.3,-0.073304108273339,0.00449239005515478,-0.00590408748074454,0.000231303236846806
32.31,-0.0721535721174309,0.00442254621187042,-0.00586937376878708,0.000230885619917169
32.32,-0.0710258743560086,0.00435374001295835,-0.00583473329433352,0.000230412681164
32.33,-0.0699083205098106,0.00428568739995577,-0.00580017709111904,0.000229867315747889
32.34,-0.0688124314335266,0.00421859109351784,-0.00576551834033814,0.000229250486034462
32.35,-0.0677270369693552,0.00415224426041869,-0.00573076296515234,0.000228550308909971
32.36,-0.0666622032122817,0.00408678191204287,-0.00569572415438742,0.000227772212584078
32.37,-0.0656081481955137,0.00402206687268795,-0.00566041942482314,0.000226908370105564
32.38,-0.0645736155318186,0.00395817431674027,-0.0056246868295851,0.00022596698437643
32.39,-0.063550096294323,0.00389502885491478,-0.0055885467790051,0.000224944591301617
32.4,-0.06254170206536,0.00383265434024662,-0.00555187749944467,0.000223853530529827
32.41,-0.0615514520105283,0.00377102283850763,-0.00551487597721317,0.000222688131713283
32.42,-0.0605725320874111,0.0037101369122205,-0.0054774152253361,0.000221460535506079
32.43,-0.0596109653148194,0.00364994883711656,-0.0054393406474168,0.000220186305342193
32.44,-0.0586609215350649,0.00359050736930347,-0.0054007026031891,0.000218864899959409
32.45,-0.0577275102549404,0.00353172595186656,-0.00536139518738477,0.00021750833650929
32.46,-0.0568057887427784,0.00347369300851852,-0.00532148602855394,0.000216115521304327
32.47,-0.0559000562908309,0.00341628756418399,-0.00528088543950578,0.000214697857792871
32.48,-0.0550061555408643,0.00335963279310767,-0.00523966892586101,0.000213253937651622
32.49,-0.0541276550231853,0.00330357762860031,-0.00519775704275896,0.000211794343145972
32.5,-0.0532610916766512,0.00324827548492164,-0.00515522982508101,0.000210317035445324
32.51,-0.0524093797142307,0.00319354905262812,-0.00511201642850061,0.00020883147847944
32.52,-0.0515696687304263,0.00313957788040145,-0.00506820113934183,0.000207334743125416
32.53,-0.0507442887930729,0.00308616192836894,-0.00502372181345659,0.000205835008645942
32.54,-0.0499309292299426,0.00303350313484171,-0.00497867505957009,0.000204328037222941
32.55,-0.0491314018525912,0.00298138166446818,-0.00493302623386771,0.000202818839628679
32.56,-0.0483438718151898,0.00293001843147464,-0.00488682967328329,0.000201302682327699
32.57,-0.0475696945246629,0.00287917726010259,-0.0048400400517532,0.000199784078457612
32.58,-0.0468074544126402,0.00282909508021046,-0.00479277998693975,0.000198255197871643
32.59,-0.0460581044544366,0.00277952128446003,-0.00474502812279495,0.000196719134706499
32.6,-0.0453205952534468,0.00273070571840671,-0.00469688748264611,0.000195168814678978
32.61,-0.0445955359552119,0.00268238574540386,-0.00464832121291251,0.000193608250079944
32.62,-0.0438822034121173,0.0026348218198037,-0.00459942756605325,0.000192031488496958
32.63,-0.0431809102595633,0.00258774145429405,-0.00455017717818249,0.00019044315213363
32.64,-0.0424912133471604,0.00254141353172865,-0.00450067395000867,0.000188837977802531
32.65,-0.0418131689141212,0.00249555750372137,-0.00445089510777828,0.000187220975596774
32.66,-0.0411465755130465,0.00245044862783253,-0.00440094496776603,0.000185587508787137
32.67,-0.0404913585005104,0.00240594299095587,-0.00435080140522245,0.000183942984170946
32.68,-0.0398472507742618,0.00236189150883711,-0.004300648211486,0.000182279977438801
32.69,-0.0392143385083568,0.00231857470153926,-0.00425044462859807,0.000180603483103648
32.7,-0.03859218913931,0.00227570017245505,-0.00420013459639012,0.000178921074095738
32.71,-0.037981040059929,0.00223355213925001,-0.00414980580499681,0.0001772291041627
32.72,-0.0373803097853056,0.00219183575030109,-0.00409943143331187,0.000175532842335385
32.73,-0.0367903682116602,0.00215083686632127,-0.00404910155671482,0.00017382839363375
32.74,-0.0362105205361143,0.00211025899280981,-0.00399878973828424,0.000172120909770706
32.75,-0.0356412442305185,0.00207038867468446,-0.00394858265212192,0.000170406611987125
32.76,-0.0350817530566285,0.00203092875341826,-0.00389845206794882,0.000168690583792641
32.77,-0.0345326111060213,0.00199216563293633,-0.00384848488440146,0.000166969301692176
32.78,-0.0339929611602834,0.00195380222395668,-0.00379865488384602,0.000165248038905028
32.79,-0.0334634348702938,0.0019161241004713,-0.00374903807824883,0.000163523239340619
32.8,-0.0329431214489126,0.00187883506842132,-0.00369959808309623,0.000161799801068118
32.81,-0.0324327033275225,0.00184221950966853,-0.00365040484568128,0.000160074077061514
32.82,-0.0319312309082243,0.00180598279303107,-0.00360141960640038,0.000158350717435874
32.83,-0.0314394226926016,0.00177040772019097,-0.00355270889901221,0.000156625945140779
32.84,-0.0309563031365716,0.00173520169503521,-0.00350423280930951,0.000154904142923304
32.85,-0.0304826142312002,0.00170064557538362,-0.00345605557276394,0.000153181396368309
32.86,-0.0300173667549828,0.00166644909168306,-0.00340813697264391,0.00015146184389162
32.87,-0.0295613171499465,0.00163289083410194,-0.00336053973210303,0.000149741466069453
32.88,-0.0291134714158598,0.00159968314999679,-0.00331322364522387,0.000148024222601577
32.89,-0.0286745891476485,0.00156710222473893,-0.00326625014825669,0.000146306056981192
32.9,-0.0282436778301527,0.00153486324743238,-0.00321957927858847,0.000144590818989402
32.91,-0.0278214944972301,0.00150323976448231,-0.00317327183119171,0.000142874456610542
32.92,-0.0274070589393336,0.00147194980994646,-0.00312728860008477,0.000141160758572229
32.93,-0.0270011209390031,0.00144126410424343,-0.00308168984807747,0.000139445740886532
32.94,-0.0266031373554032,0.00141103953151514,-0.0030364365120232,0.000137733227884873
32.95,-0.0262125874815045,0.00138113581516351,-0.00299165591601048,0.000136016629403301
32.96,-0.0258301987454175,0.00135181793410507,-0.00294729511521835,0.000134299295647779
32.97,-0.0254550453716842,0.00132281213926169,-0.00290328947658865,0.000132586679323157
32.98,-0.0250878311573928,0.00129438116158993,-0.00285969143663688,0.000130875152223667
32.99,-0.0247276520539916,0.00126625436832079,-0.00281646050881005,0.000129168458175866
33,-0.0243751899173681,0.00123869149770361,-0.00277365287769098,0.000127462869764438
33.01,-0.0240295718622168,0.00121142475935738,-0.00273122889080464,0.000125762277745361
33.02,-0.0236914535183725,0.00118471091184216,-0.00268924378670066,0.000124063220911226
33.03,-0.0233599934982749,0.00115828498786232,-0.00264765698269774,0.000122369820672208
33.04,-0.0230358184925503,0.00113240082527388,-0.00260652180303984,0.000120678882537715
33.05,-0.0227181199969948,0.00110679625019381,-0.00256579609759005,0.000118994729636253
33.06,-0.0224074942442556,0.00108172226466264,-0.00252553101170957,0.000117314380727758
33.07,-0.0221031657945705,0.00105691947192842,-0.00248568273117173,0.000115642301387748
33.08,-0.021805698914843,0.00103263614850015,-0.00244630039883636,0.000113975652545826
33.09,-0.02151435164315,0.00100861563478959,-0.00240733886257172,0.000112318969787552
33.1,-0.0212296559181464,0.000985103586616981,-0.00236884576212024,0.000110669479938439
33.11,-0.0209509035051241,0.00096184602078779,-0.00233077508005223,0.000109031722026074
33.12,-0.0206785942285492,0.000939086073620601,-0.00229317344275835,0.000107402927009023
33.13,-0.0204120537400279,0.000916572356402248,-0.00225599436013397,0.000105787587687743
33.14,-0.0201517505128628,0.000894545585472776,-0.00221928365618559,0.000104182895016685
33.15,-0.0198970441282764,0.00087275688144759,-0.00218299461825265,0.000102593260881071
33.16,-0.0196483719598834,0.000851444659718412,-0.00214717292708107,0.00010101580897776
33.17,-0.0194051270630418,0.000830362426638409,-0.00211177171991669,9.94548543745319e-05
33.18,-0.0191677182124099,0.000809746353231235,-0.00207683614371616,9.79074336292837e-05
33.19,-0.0189355723532749,0.00078935220504764,-0.0020423191669736,9.63777528565921e-05
33.2,-0.0187090696121039,0.000769414046126418,-0.0020082653618222,9.48627604038112e-05
33.21,-0.0184878841318117,0.000749807830490841,-0.00197462722664956,9.33665571853114e-05
33.22,-0.0182717230670644,0.000730411442833194,-0.00194151305115014,9.1883394290183e-05
33.23,-0.0180609244956127,0.000711454841067111,-0.00190886244345257,9.04167032196152e-05
33.24,-0.0178549956677934,0.000692699875198371,-0.0018766044374263,8.89717621791267e-05
33.25,-0.0176542455716486,0.000674375379384681,-0.00184477872157381,8.75451570917149e-05
33.26,-0.0174582064923463,0.000656245270043841,-0.00181333793608788,8.61402950664904e-05
33.27,-0.0172671650063005,0.000638536649174501,-0.0017823269255303,8.47533597550438e-05
33.28,-0.0170806841865936,0.000621015130968971,-0.00175170018104891,8.33876430248262e-05
33.29,-0.0168990281359171,0.000603906182810838,-0.00172150315142872,8.20393056287207e-05
33.3,-0.0167217882554134,0.00058697700902279,-0.00169169033037245,8.07116436225681e-05
33.31,-0.0165492069880511,0.000570451562506852,-0.00166230657895989,7.94008437589272e-05
33.32,-0.016380902477362,0.00055409854260365,-0.00163330553892405,7.81102263691052e-05
33.33,-0.0162170961404655,0.000538140525268478,-0.00160473094982018,7.68360049620563e-05
33.34,-0.0160574310285959,0.000522347625662585,-0.00157653533371446,7.55815137772522e-05
33.35,-0.0159021083283086,0.000506941178684174,-0.00154876131417684,7.43429727103042e-05
33.36,-0.0157507942846973,0.000491692636897486,-0.00152136047004596,7.31237073507621e-05
33.37,-0.0156036708815677,0.000476822217795951,-0.00149437462145686,7.19199209539593e-05
33.38,-0.0154604260110247,0.000462102627354848,-0.00146775476380909,7.07349123455363e-05
33.39,-0.0153212237145706,0.00044775307260054,-0.0014415423050517,6.95648546336734e-05
33.4,-0.0151857722423667,0.000433547422806038,-0.00141568802003306,6.84130136789215e-05
33.41,-0.0150542190555605,0.000419703971860431,-0.0013902332318677,6.72755321422472e-05
33.42,-0.0149262912545485,0.000405997666029386,-0.00136512875412572,6.61556493491963e-05
33.43,-0.0148021211788691,0.000392645957717185,-0.00134041604667602,6.50494873661513e-05
33.44,-0.014681454288171,0.000379424754608854,-0.00131604612534547,6.39602722762712e-05
33.45,-0.0145644095976394,0.000366550726995907,-0.00129206064037386,6.28841235603241e-05
33.46,-0.0144507494949089,0.000353800662378312,-0.00126841070710017,6.18242784488067e-05
33.47,-0.0143405804448449,0.000341390525856801,-0.00124513799793322,6.07768782742583e-05
33.48,-0.0142337557036463,0.000329207168932245,-0.00122219358778919,5.97451905084749e-05
33.49,-0.014130144972075,0.000317137984532196,-0.00119968293936726,5.87228115005397e-05
33.5,-0.0140298371940979,0.00030539688344867,-0.00117754466596207,5.7712502086588e-05
33.51,-0.0139326337500538,0.000293763327816869,-0.00115570701375396,5.67189360970143e-05
33.52,-0.0138386105991337,0.00028245135211278,-0.0011342079895989,5.57382531231506e-05
33.53,-0.0137475776274325,0.000271241231906476,-0.00111299943284125,5.47734446126266e-05
33.54,-0.0136596041374766,0.000260346464993474,-0.00109212472417954,5.38204082028458e-05
33.55,-0.0135745144407924,0.000249547830820052,-0.00107153753369259,5.28821850446639e-05
33.56,-0.0134923707099102,0.000239058325912756,-0.00105128200652787,5.19547976284942e-05
33.57,-0.0134130096111207,0.00022865918504388,-0.00103131183740995,5.10414409286668e-05
33.58,-0.0133364864836114,0.000218562962082626,-0.00101167070537788,5.01382948865949e-05
33.59,-0.0132626491588503,0.000208551318436521,-0.000992311447284687,4.92487087591377e-05
33.6,-0.0131915461678531,0.000198836443793214,-0.000973276714126389,4.83689999168578e-05
33.61,-0.0131230351511284,0.000189200415383037,-0.000954518223553815,4.75026372398567e-05
33.62,-0.0130571579886194,0.000179855135838252,-0.00093607761195287,4.66460303219937e-05
33.63,-0.012993780961736,0.000170583086911744,-0.000917905689613855,4.58027181189403e-05
33.64,-0.0129329396782083,0.000161595948840121,-0.000900043423033853,4.49691530773167e-05
33.65,-0.0128745081153987,0.000152676588320728,-0.000882441126462127,4.41488988756692e-05
33.66,-0.012818516217795,0.000144036511445888,-0.000865139527328807,4.33384117249361e-05
33.67,-0.0127648449435025,0.000135458939923968,-0.000848088857397512,4.25412483874227e-05
33.68,-0.0127135193386163,0.000127155238309991,-0.000831329970485256,4.17538452325468e-05
33.69,-0.0126644267803027,0.000118908945098109,-0.000814813315461236,4.09797361002574e-05
33.7,-0.0126175882814579,0.000110931301822854,-0.000798580091958091,4.0215328687828e-05
33.71,-0.0125728973102408,0.000103006120375323,-0.000782581103818868,3.94641309180956e-05
33.72,-0.0125303715695892,9.534453841116e-05,-0.000766857942777826,3.87225241762263e-05
33.73,-0.0124899100484974,8.77306082787149e-05,-0.000751361742940895,3.79939961197831e-05
33.74,-0.012451527680641,8.03753829600626e-05,-0.000736134425210026,3.72749085351015e-05
33.75,-0.0124151541622588,7.31697721935805e-05,-0.000721127383008196,3.6568734655916e-05
33.76,-0.0123807259086881,6.60046409504393e-05,-0.000706446754003614,3.58692385833698e-05
33.77,-0.0123482541948405,5.9089828293998e-05,-0.000692031662664518,3.51793387574846e-05
33.78,-0.0123176521171509,5.22106134838633e-05,-0.000677810993968248,3.45038453276849e-05
33.79,-0.0122889264365433,4.55774491975556e-05,-0.000663823623972693,3.38389979577645e-05
33.8,-0.0122619898894758,3.89759270349936e-05,-0.000650022069851187,3.31878765770391e-05
33.81,-0.012236850390126,3.26164180746265e-05,-0.000636450641584027,3.25464327471026e-05
33.82,-0.0122134267484686,2.62845599429469e-05,-0.000623063812237112,3.19177508628148e-05
33.83,-0.0121917268972798,2.01906428691784e-05,-0.000609906722996457,3.12978622153863e-05
33.84,-0.0121716741679645,1.41203365391502e-05,-0.000596933935124724,3.06899610521707e-05
33.85,-0.0121532762839216,8.28386960026473e-06,-0.000584190208359344,3.00901932432842e-05
33.86,-0.0121364604706038,2.46694376344298e-06,-0.000571629340277205,2.95018666759489e-05
33.87,-0.0121212337725378,-3.12023345179959e-06,-0.000559295157837645,2.89212273166457e-05
33.88,-0.012107526471171,-8.69191096891653e-06,-0.000547140431191932,2.83516693117688e-05
33.89,-0.0120953446036971,-1.40378599741589e-05,-0.000535208053717527,2.7789502211705e-05
33.9,-0.0120846208266467,-1.93722633874206e-05,-0.000523449960734137,2.72381661622412e-05
33.91,-0.012075360083859,-2.44848379907533e-05,-0.000511908431103603,2.66939947440592e-05
33.92,-0.0120674969270969,-2.95896929072051e-05,-0.000500534951797819,2.61604385382738e-05
33.93,-0.012061035379288,-3.44764714319421e-05,-0.000489371593287073,2.56338257773831e-05
33.94,-0.012055911627554,-3.93592120289852e-05,-0.000478369784930573,2.5117595113449e-05
33.95,-0.0120521291250792,-4.40274775383624e-05,-0.000467571729968138,2.46080548442853e-05
33.96,-0.0120496255471867,-4.86952468554347e-05,-0.000456929078571476,2.41086241265778e-05
33.97,-0.012048404219005,-5.31520062294654e-05,-0.000446484368827367,2.36155903113645e-05
33.98,-0.0120484043550704,-5.76116942364583e-05,-0.000436189600437484,2.31323569076404e-05
33.99,-0.0120496296330526,-6.18637294432627e-05,-0.000426087688217121,2.26551987676991e-05
34,-0.0114371465059762,0.00346305638878332,-0.000416130947606672,2.21875151373281e-05
34.01,-0.0108630060932189,0.00575724811968447,-0.00256392075144523,-6.5416826683163e-05
34.02,-0.0101262389320524,0.00800285159187082,-0.00997772643281897,-0.000400798184656563
34.03,-0.009294131587124,0.0101085969335586,-0.0209256309114938,-0.000841173000788865
34.04,-0.00839737484853842,0.0120728698510813,-0.0342851842965158,-0.00129586293206055
34.05,-0.00737803217247368,0.0139632892584721,-0.0491493953411392,-0.00170425754756563
34.06,-0.00613363287681068,0.0157205912468126,-0.0648241293883971,-0.00202955254439465
34.07,-0.00454073862348459,0.0174847283133516,-0.0808138298806009,-0.002254277510263
34.08,-0.00246104043627859,0.0191678944035558,-0.0967618106811714,-0.00237209926124376
34.09,0.000235649904023916,0.020930793511356,-0.11249777360579,-0.00238932033690717
34.1,0.00368049956479766,0.02264005751966,-0.127931355594292,-0.00231535218309605
34.11,0.0079557331853124,0.0244635548274728,-0.143073583960392,-0.00216476558504615
34.12,0.0131622892052388,0.0262183729370469,-0.157946988013078,-0.00194869567963088
34.13,0.0193113727951104,0.0280828122383868,-0.172647302084714,-0.0016819886976499
34.14,0.0264926823610168,0.0298337254266992,-0.187188862633014,-0.00137075325701914
34.15,0.0346467318138259,0.0316696837652133,-0.201616451848083,-0.00102329813774413
34.16,0.043885974709708,0.0333375642515052,-0.215865302965516,-0.000639335657227188
34.17,0.0540774257278898,0.0350631077329941,-0.229902609069636,-0.000221472611831629
34.18,0.0653872985530537,0.0365699567675044,-0.24360507406251,0.000233990846183524
34.19,0.0776003496977076,0.0381143828290258,-0.256906149937982,0.00072651593347205
34.2,0.0909620581244894,0.0393993352610419,-0.269669497762126,0.00126006411688507
34.21,0.105157969314851,0.0407108711483162,-0.28182982109456,0.00183259106166919
34.22,0.12053209655085,0.0417314771804902,-0.293267162567042,0.00244634694483386
34.23,0.136649680563107,0.0427752287666705,-0.303947530148476,0.00309731351659078
34.24,0.153970832265053,0.0435037689368364,-0.313810438580434,0.00378550218790263
34.25,0.171920194687814,0.044256952087309,-0.32283745599065,0.00450641429789851
34.26,0.191092289667507,0.0446757349918383,-0.330988775567055,0.00525801415860956
34.27,0.210753483537536,0.0451243563825863,-0.338293596144746,0.00603590315982503
34.28,0.231195562654291,0.0454205588065999,-0.344757892945281,0.00683765888141171
34.29,0.252879889324594,0.045360257436607,-0.350424941713193,0.00765711464626066
34.3,0.274807833688863,0.0453430358420976,-0.355298622006452,0.00849078356364259
34.31,0.297989929835889,0.0449595319792898,-0.35938784381861,0.00933561612005304
34.32,0.321232379464462,0.0446303634640957,-0.36274178882481,0.0101868054859932
34.33,0.345738441870337,0.0439275468303879,-0.365397432716196,0.0110407490147593
34.34,0.370108501657336,0.0432911321583502,-0.367411424045222,0.0118936123803949
34.35,0.394944389901179,0.042506386535784,-0.368813186893489,0.0127423568324738
34.36,0.421065995039172,0.0413398942209365,-0.369674708428364,0.0135837478575129
34.37,0.446751976529066,0.0402602998578874,-0.370022483121821,0.0144155264240511
34.38,0.473750753099107,0.0387963803469781,-0.369904925516266,0.0152357740722632
34.39,0.500116001043698,0.0374327324543476,-0.369382779163233,0.0160425281877393
34.4,0.526731055714783,0.0359334275110738,-0.368475149352278,0.0168342833877918
34.41,0.554716762864173,0.0340466466800541,-0.367225331573283,0.0176086286559941
34.42,0.581778273128241,0.0322803748132801,-0.365652085984266,0.0183653908471315
34.43,0.608980394610389,0.0303872413310203,-0.363754967722536,0.0191041360225899
34.44,0.637632918348881,0.0281059841690668,-0.361546798764431,0.0198226830297775
34.45,0.665082300269601,0.0259655218153769,-0.359004279577161,0.0205209406906203
34.46,0.692581135827399,0.0237090538004674,-0.356106684588095,0.0211993138574725
34.47,0.721631430181997,0.0210678894511038,-0.352846332975718,0.0218558184900395
34.48,0.749213908450667,0.0185891752855515,-0.349150804403632,0.0224906885193388
34.49,0.776773201981271,0.0160090034035229,-0.344936911556195,0.0231046932153351
34.5,0.806006528803779,0.0130541857501343,-0.340155328353009,0.0236954741247711
34.51,0.833526701752897,0.0102883426076873,-0.334666974997835,0.0242640763008532
34.52,0.860974247869387,0.00744364483869953,-0.328320375789427,0.0248123204607791
34.53,0.890243898148592,0.00424571879475008,-0.321014631540924,0.0253366579124586
34.54,0.91758118149049,0.00127295112688022,-0.312530340372753,0.0258376876385052
34.55,0.944826017258656,-0.00174284096832983,-0.302675271045224,0.0263147332220496
34.56,0.974071537802954,-0.00507435674049395,-0.291428427270033,0.0267551962189832
34.57,1.00119362785794,-0.00813284933956823,-0.278672676382013,0.027150991404308
34.58,1.02822275361963,-0.011188054311789,-0.264393126224871,0.0274927254617518
34.59,1.05743329402459,-0.014514291117282,-0.248811209583321,0.0277573346947306
34.6,1.0843099255992,-0.0175230598818522,-0.232013447862821,0.0279309491093551
34.61,1.11104563609737,-0.020490913577147,-0.214142404160154,0.0280037826855145
34.62,1.13759991326697,-0.0234103461324102,-0.195531018907309,0.0279554503814343
34.63,1.16643772500502,-0.0265644626772077,-0.176410627819576,0.0277752557161376
34.64,1.19247239018802,-0.0293769827555263,-0.156910767414457,0.02746054440573
34.65,1.21803516484274,-0.0321361713923987,-0.137200018510213,0.0270145647028475
34.66,1.24293872500612,-0.0348471660375969,-0.117598824650261,0.0264315734595207
34.67,1.26970584740216,-0.0378001379092638,-0.0982811331904706,0.0257174011070873
34.68,1.29260694596052,-0.0404378763257899,-0.0793044916109941,0.0248863324344559
34.69,1.31406480580312,-0.0430509955433065,-0.0606863378455864,0.0239567583300758
34.7,1.33670167809507,-0.0459214119279698,-0.042565786552518,0.0229374497393145
34.71,1.35449740994197,-0.0484996112141482,-0.0248590887515297,0.0218483279256397
34.72,1.37007822458214,-0.0510619040628013,-0.00741705727088524,0.0207117901968343
34.73,1.38624725748342,-0.0538709173493221,0.00977048282420799,0.0195391010444841
34.74,1.39688724574212,-0.0563824033888452,0.0268760883222892,0.0183486491552666
34.75,1.4078939344724,-0.0591126035425095,0.0440842156280259,0.0171580159170729
34.76,1.4131951214653,-0.0615231680585945,0.0614576770948489,0.0159743064093047
34.77,1.41885111926133,-0.0641086549936758,0.0790955076185968,0.0148069644165011
34.78,1.40870622297947,-0.0651724881749826,0.0969692882130311,0.0136559199535085
34.79,1.3995983061782,-0.0663727977538743,0.114723868045399,0.0125100556876212
34.8,1.38866070155875,-0.0674567729447215,0.131580704813736,0.0113324178846664
34.81,1.37316847872116,-0.0681996754486265,0.147511647891266,0.0101344219392161
34.82,1.3591522931669,-0.0690590701821081,0.16250253886523,0.00892886915022696
34.83,1.34389406284035,-0.0698025510691558,0.176550165247218,0.00772617036401733
34.84,1.3276209218044,-0.0704292466484687,0.189730670360311,0.00653997343674122
34.85,1.30784832198571,-0.0707387253199591,0.202032316864216,0.00537660981833066
34.86,1.29023802983785,-0.0711376585864757,0.213366555220155,0.00423720173260216
34.87,1.27220129488328,-0.0714222952222315,0.223667216763273,0.00312255919173902
34.88,1.2513362077507,-0.0714147458739779,0.232982576617862,0.00203981209858226
34.89,1.23287275762331,-0.0714889610015627,0.241292734805233,0.000991491491749522
34.9,1.21428934294848,-0.0714628397640567,0.248591901131149,-2.08338330159717e-05
34.91,1.19563027871607,-0.0713425688389808,0.254944669680757,-0.00099206007489001
34.92,1.1746139926221,-0.0709768527037702,0.260377116005276,-0.00192030671306907
34.93,1.15591845228299,-0.0706941993563053,0.264907406276148,-0.00280443672464661
34.94,1.13718045759138,-0.0703379129180936,0.268579909692205,-0.00364414332535913
34.95,1.11626262501017,-0.0697734814531629,0.271468617131477,-0.0044370806492096
34.96,1.09748463055653,-0.0692956660800164,0.273629425131679,-0.00518341732937954
34.97,1.0786553739576,-0.0687635842330062,0.275118339877993,-0.00588451101441495
34.98,1.0578151585174,-0.068057151550248,0.276004190577057,-0.0065400190927571
34.99,1.03895330365184,-0.0674383195843204,0.276328186446904,-0.00715177045751561
35,1.02006189385927,-0.0667808466025364,0.276149848200373,-0.00772150173844417
35.01,0.999361130168865,-0.0659777728891514,0.275545086264873,-0.00825064024524317
35.02,0.980510716594919,-0.0652599302423284,0.274561151534292,-0.00874194832717721
35.03,0.961676999736831,-0.0645144826765902,0.273240488395255,-0.00919842792784343
35.04,0.941247127013455,-0.0636467620207816,0.271642978314719,-0.00962309400635216
35.05,0.922547616453212,-0.0628585900345883,0.269841843005125,-0.0100200359201942
35.06,0.902388329474077,-0.0619602570557449,0.267880883156079,-0.0103927217816789
35.07,0.883876538167709,-0.0611358187739197,0.265795683499136,-0.0107436717355411
35.08,0.865449238728882,-0.0602927309520135,0.263608154285947,-0.0110752009422753
35.09,0.845753718554882,-0.0593546986513413,0.261341695796136,-0.011389320805966
35.1,0.82757421170622,-0.0584808422011738,0.259011806510678,-0.0116880841560915
35.11,0.809503339866066,-0.0575905882063207,0.25661664096185,-0.0119728566428158
35.12,0.790337954163372,-0.0566185366945654,0.254151455840907,-0.0122442949326666
35.13,0.772551946450109,-0.0557014779532624,0.251603918934675,-0.01250278354285
35.14,0.753779135755057,-0.0547110656190235,0.248963525761798,-0.0127481581627147
35.15,0.736293047158949,-0.0537706726627962,0.246221680836789,-0.012979952772643
35.16,0.717922415987412,-0.0527654118445205,0.243369477061441,-0.0131973350223264
35.17,0.700747365576817,-0.0518059537215186,0.240395023008541,-0.0133994273489018
35.18,0.683709245374495,-0.050837260164255,0.237288520154447,-0.0135850909061361
35.19,0.665936053671877,-0.049816655555504,0.234037957425912,-0.0137532836178997
35.2,0.649231347736473,-0.0488368463093546,0.230637682858943,-0.0139026606706304
35.21,0.631891103253445,-0.0478134885062682,0.227086631147173,-0.0140316645220513
35.22,0.615542580026949,-0.0468283233780656,0.223382596309895,-0.0141390363415401
35.23,0.598659302880246,-0.0458075832053558,0.219529193925973,-0.0142233557367736
35.24,0.582700171971346,-0.0448226592597886,0.21553332928897,-0.0142834555915396
35.25,0.566931618704325,-0.0438385676094316,0.211399118313218,-0.0143183358537826
35.26,0.550783912521753,-0.0428299390100606,0.207113257242389,-0.0143281032608538
35.27,0.535476214078217,-0.0418539458109103,0.202681518163812,-0.014312069576536
35.28,0.519896174621572,-0.0408600864314955,0.198123909986015,-0.0142690849947613
35.29,0.505113297132186,-0.039896747945329,0.193460795036141,-0.0141983863605948
35.3,0.490164205495369,-0.0389211520327472,0.18871712187496,-0.0140995269073778
35.31,0.475972428517798,-0.0379735969115957,0.183922283413421,-0.0139734732612709
35.32,0.461712254149803,-0.0370182408472385,0.179100080641596,-0.0138212063028421
35.33,0.448170478652703,-0.0360879922286819,0.174258045886237,-0.0136439172604473
35.34,0.434648577045781,-0.0351536348615809,0.16940153797614,-0.0134425974437259
35.35,0.421805646507438,-0.0342417392151087,0.164528736262257,-0.0132188947757569
35.36,0.409058983491589,-0.0333293212914031,0.159640459708539,-0.0129741997012763
35.37,0.396949798526224,-0.0324373585106166,0.154737464994952,-0.0127102096775154
35.38,0.384999917696375,-0.0315484314351099,0.149830058166753,-0.0124286023136999
35.39,0.373642732846743,-0.0306784452401149,0.144922010929105,-0.0121312282977086
35.4,0.362652058527437,-0.0298197779302003,0.140017105188946,-0.0118198625316394
35.41,0.351888569114123,-0.0289693947681048,0.135111609414616,-0.0114965295750672
35.42,0.341644568889886,-0.0281368224839588,0.130211993366311,-0.0111628489279865
35.43,0.331654720350358,-0.0273160014782846,0.125333818172525,-0.0108205540202968
35.44,0.322131234132178,-0.026512694978354,0.120487378438687,-0.0104718009568009
35.45,0.312876731482365,-0.0257242532191172,0.115678134388537,-0.0101182920775125
35.46,0.304034984063762,-0.0249532817792186,0.110909969657371,-0.00976160569528347
35.47,0.295467539174149,-0.0242000874272612,0.106195908324566,-0.00940313425049462
35.48,0.287259376815027,-0.0234645124582617,0.101545716830549,-0.00904444002448226
35.49,0.279321726895885,-0.0227492727623037,0.0969717793524113,-0.00868673500238313
35.5,0.271691255697927,-0.0220518275773459,0.0924808436220126,-0.00833136144968516
35.51,0.264323471321316,-0.0213767634216395,0.0880858824073158,-0.00797952693701571
35.52,0.25721561837395,-0.0207194929179401,0.0837960944563545,-0.00763237910643836
35.53,0.250361098462712,-0.0200860075327188,0.0796238877934635,-0.00729062093579812
35.54,0.243726079925544,-0.0194699760715627,0.0755770847695472,-0.00695505562073048
35.55,0.237336491228699,-0.0188784268774185,0.0716620535680294,-0.0066264976583378
35.56,0.231133872786976,-0.0183036777435644,0.0678852160062545,-0.00630589733143765
35.57,0.225171090444619,-0.0177534909680313,0.0642547230638987,-0.00599387653826282
35.58,0.219369694736001,-0.0172191235056476,0.0607718018807434,-0.00569099333158762
35.59,0.213804225137388,-0.0167088805011925,0.0574378755546804,-0.00539765467562451
35.6,0.208380196745068,-0.016213353328626,0.0542474181561687,-0.00511476030769325
35.61,0.203188746388178,-0.0157412791322032,0.0511984282193087,-0.00484270249950603
35.62,0.198122457977721,-0.015282853951936,0.0482912178219494,-0.00458152496340355
35.63,0.193284739513335,-0.0148469858918692,0.0455256449295175,-0.00433120907171036
35.64,0.188558127426886,-0.0144236479020665,0.0428985876410368,-0.004091816036628
35.65,0.184054123328614,-0.0140218083363969,0.0404079415907983,-0.00386331971471884
35.66,0.179647567008754,-0.0136314401027695,0.0380461847951898,-0.00364584198338778
35.67,0.175392503605785,-0.013256834963066,0.0358086349036629,-0.00343922277347424
35.68,0.171346456916571,-0.012902131354489,0.0336896011661672,-0.00324324682990259
35.69,0.167377913499381,-0.0125575933486295,0.0316854467587531,-0.00305752437361482
35.7,0.16360674296484,-0.0122319005669492,0.0297926905577435,-0.0028816260474051
35.71,0.159900077943704,-0.0119155745225452,0.0280079369815214,-0.00271524038318737
35.72,0.156378144087689,-0.011616988486761,0.0263290025635264,-0.0025580505411038
35.73,0.152908972963707,-0.0113269571908936,0.024751689343843,-0.00240973575605843
35.74,0.149612027306055,-0.0110534953187432,0.0232723079634641,-0.00226989751700919
35.75,0.146357880432592,-0.0107877803586651,0.0218857744324585,-0.00213822939546071
35.76,0.143264127783386,-0.0105374489101452,0.0205882939979994,-0.00201432327492715
35.77,0.140204928482587,-0.0102940787971624,0.0193758323565478,-0.00189779599728591
35.78,0.137295143550162,-0.01006489171688,0.0182452906308247,-0.00178821700010439
35.79,0.134413292521212,-0.009841878563036,0.0171931910180445,-0.00168520354518738
35.8,0.131670769430881,-0.00963182993938986,0.0162165342072316,-0.00158835438747846
35.81,0.128950924737346,-0.00942716457692981,0.0153120572360926,-0.00149733195169296
35.82,0.126361022317978,-0.00923424275744599,0.0144768409558267,-0.00141180284238124
35.83,0.123789570923789,-0.00904591967731957,0.0137070714982887,-0.00133146768016135
35.84,0.121339297694035,-0.00886814528740169,0.0129990551254865,-0.00125602078216613
35.85,0.118903935801465,-0.00869423276767384,0.0123487694700312,-0.00118519208379893
35.86,0.116581170275289,-0.00852974989351944,0.0117524568192919,-0.00111870864613542
35.87,0.114270048306058,-0.00836847208435372,0.0112061823643051,-0.00105632712352634
35.88,0.112063021727615,-0.00821560524599619,0.0107064391583817,-0.000997807685375296
35.89,0.109864575557619,-0.00806537915415806,0.0102495458435544,-0.000942927442734671
35.9,0.107761884375464,-0.00792265399476431,0.00983232089119613,-0.000891450943628819
35.91,0.105664996690494,-0.00778209770192335,0.00945156048578343,-0.000843151856053558
35.92,0.103655890587581,-0.00764823630730246,0.00910430970687715,-0.00079781411704474
35.93,0.101650258155864,-0.00751615625150428,0.00878803331537896,-0.000755226276544369
35.94,0.0996874047286527,-0.00738796353227424,0.00850043069392967,-0.000715191457211035
35.95,0.0978015204016378,-0.00726541401065812,0.00823928022206393,-0.000677534596729171
35.96,0.0959167405271542,-0.00714418799463382,0.00800247926151084,-0.000642102182697663
35.97,0.0941026945010606,-0.00702800234302449,0.00778801746523585,-0.000608762809892524
35.98,0.0922889922207277,-0.00691289839568794,0.00759405828387925,-0.000577398724821984
35.99,0.0905405811536681,-0.00680229837620972,0.00741888981265416,-0.000547907619582022
36,0.100130146083144,-0.00447653072788694,0.00726098420513248,-0.000520194690840774
36.01,0.0983751440315093,-0.00199191239467705,0.00539154558230068,-0.000563918862744588
36.02,0.0968521565564018,0.000410734346245742,-0.000982017725363503,-0.000819628504020024
36.03,0.0955009123028097,0.00273424936618042,-0.0110004339383513,-0.00119933060185676
36.04,0.0942778857774087,0.00489294423189093,-0.0236731603367925,-0.00161759387696442
36.05,0.0932271960955822,0.0069723676652944,-0.0381098973031418,-0.00201074910508246
36.06,0.0924291946710785,0.00890831781393848,-0.0535512529486339,-0.00233443720468758
36.07,0.0920067405363127,0.0108387259428317,-0.0694437573691407,-0.00256551511808617
36.08,0.0920852792442286,0.0126761146569587,-0.0853884838330692,-0.00269356487231693
36.09,0.0928038257496029,0.0145824162090648,-0.101191345861689,-0.00272296034113008
36.1,0.0942846217128706,0.0164264651469766,-0.116727640830153,-0.00266065573304368
36.11,0.0966246777727822,0.0183784190378066,-0.132006914927594,-0.00252118491421723
36.12,0.0999162408843839,0.020257638129374,-0.147016107696651,-0.00231466620982463
36.13,0.104187555121016,0.0222444068402846,-0.161837835299424,-0.00205517843317174
36.14,0.109516639157312,0.0241169694410548,-0.176495516128582,-0.00175035602620126
36.15,0.115861077497619,0.0260747960992949,-0.191045047651883,-0.0014089981738285
36.16,0.123318029752227,0.0278651071256627,-0.205437346895983,-0.00103201693527358
36.17,0.131772030962473,0.029713737842439,-0.219654166362231,-0.000623008193388963
36.18,0.141370810575981,0.0313439201462416,-0.233577712374176,-0.000178366453397143
36.19,0.151917086674608,0.0330115490170965,-0.247148481256001,0.000300472330674419
36.2,0.163634605673145,0.0344186344607323,-0.260234872237211,0.000818033183457423
36.21,0.176227920848445,0.0358507003285337,-0.272772299256733,0.00137276114334334
36.22,0.190017720539288,0.0369892219077318,-0.284629000780467,0.00196772626830575
36.23,0.204589745605272,0.0381480111987608,-0.295752252889568,0.00260003873088747
36.24,0.220379354979327,0.0389879641590706,-0.30606589085426,0.00326967965051646
36.25,0.236833043732216,0.0398489584794478,-0.315563296750163,0.00397259595906345
36.26,0.254519312217332,0.0403711154211326,-0.324189357207642,0.00470725878285371
36.27,0.272727390866106,0.0409190460703374,-0.331953337953517,0.00546866550861605
36.28,0.292177795592633,0.0411127803269166,-0.338858739192898,0.00625513112921466
36.29,0.311988026305594,0.0413401787102167,-0.344936307930658,0.00706149247930135
36.3,0.333049683835009,0.0412019675154846,-0.350190342279017,0.00788458070699525
36.31,0.354293490888236,0.041107964915297,-0.354654475074176,0.00871905949935105
36.32,0.376159966357827,0.0408572510881485,-0.358345347998853,0.00956196241369854
36.33,0.399287092202949,0.0402284827353127,-0.361329911090924,0.0104077202142984
36.34,0.42230217247014,0.0396629370499646,-0.363643392644891,0.0112530819047084
36.35,0.446588070557279,0.0387144157633454,-0.365316723902215,0.0120961378878265
36.36,0.470560839000274,0.0378429347279422,-0.366395339578705,0.0129328469903821
36.37,0.494915952063636,0.0368252567749472,-0.36692476880951,0.0137617972934399
36.38,0.520574980667893,0.035420281898374,-0.366958270335962,0.0145792615453092
36.39,0.545621648640859,0.0341145999632905,-0.366530468777032,0.0153835482817093
36.4,0.572007644912831,0.0324209022052409,-0.365680161774941,0.0161742513263817
36.41,0.597587518828105,0.0308407764581884,-0.364431851225515,0.016948919779416
36.42,0.623349062195448,0.0291309249277265,-0.362790900931248,0.0177067381222315
36.43,0.650521805523169,0.0270331193198315,-0.360801185149977,0.0184458646670155
36.44,0.676606536721515,0.0250707741145106,-0.358444119551559,0.0191660353336028
36.45,0.702777019401982,0.0229903694076765,-0.355690751944696,0.0198671229118535
36.46,0.730453857280813,0.0205256306598533,-0.352543458767425,0.0205465297860816
36.47,0.756776075249319,0.0182195192662168,-0.348946190259214,0.0212046166505831
36.48,0.783107246652989,0.0158104157265732,-0.344835810103825,0.0218423117824595
36.49,0.811061564262149,0.0130263334749705,-0.340179154064059,0.0224566913257014
36.5,0.837412981421896,0.0104276298851912,-0.334853040009571,0.0230482863677319
36.51,0.863719253262194,0.00774766000923208,-0.328722688860497,0.02361829320036
36.52,0.891790374765504,0.0047120158120717,-0.321714652918301,0.0241624447345942
36.53,0.918034303907176,0.00189662269518537,-0.313643216871459,0.0246808232307214
36.54,0.94420601274899,-0.000967095136371859,-0.304343624714599,0.0251728577777448
36.55,0.972312668394033,-0.00415346829661309,-0.293809253691005,0.0256270854797785
36.56,0.998395732406835,-0.00707515802132236,-0.281939114209438,0.0260362959165258
36.57,1.0244048548822,-0.0100030045684636,-0.268681226817773,0.0263931439687151
36.58,1.05253728136158,-0.0132129955086624,-0.254224011479977,0.0266779437958466
36.59,1.07845707521591,-0.0161150643488128,-0.238637251012873,0.0268796368636761
36.6,1.10428902860009,-0.0189865774058623,-0.222045015328223,0.0269902751920979
36.61,1.13001213948799,-0.0218197545833793,-0.20475199303882,0.0269907017403773
36.62,1.15803532061016,-0.0248992384597694,-0.186949277522654,0.0268709470759092
36.63,1.18348073534248,-0.0276429424461247,-0.168730651103316,0.0266277541762412
36.64,1.20865787542505,-0.0303387764345702,-0.150246338245878,0.0262637744779681
36.65,1.23345813318079,-0.0329892247869444,-0.131803866977496,0.0257716899567908
36.66,1.26040170300173,-0.0358862172107717,-0.113577556744586,0.0251548434208908
36.67,1.28396539929281,-0.0384653739959318,-0.095618323252534,0.0244244699576317
36.68,1.30651931441486,-0.0410215103865265,-0.07795572099784,0.0235959070100125
36.69,1.33062615863624,-0.0438435123552647,-0.060763275630095,0.0226747505142071
36.7,1.35036652741117,-0.0463773304112718,-0.0439985173346474,0.0216786319787309
36.71,1.36825107816177,-0.048908537770475,-0.0275505740231311,0.0206288491212892
36.72,1.38698985190753,-0.0517100196974937,-0.0114202066179546,0.0195358415504863
36.73,1.40048092525457,-0.0542314769124543,0.004576961772451,0.018418413858538
36.74,1.41448367464125,-0.0570042165730529,0.0206424767670936,0.0172955966875189
36.75,1.42287267804204,-0.0594827863206027,0.0368757562986186,0.0161759620093713
36.76,1.43160383589874,-0.0621762173536437,0.0534326927154893,0.0150716604125267
36.77,1.43461770963213,-0.0645464813251478,0.0703448604628226,0.0139848688598653
36.78,1.42773556747033,-0.0659114793602566,0.0876717318158983,0.0129203858924959
36.79,1.41581369778063,-0.0669296886369249,0.105005194380308,0.0118609953985488
36.8,1.40499195632311,-0.0680861311600974,0.121662423879753,0.0107752340391319
36.81,1.39242847004766,-0.0691327730644977,0.137505735399724,0.00966639476023583
36.82,1.3754428367344,-0.0698465334549588,0.152615103561742,0.00855146039078867
36.83,1.36004927372593,-0.0706746444121888,0.166980609189087,0.00744049234784559
36.84,1.3435709671738,-0.0713864822073344,0.180562199519442,0.00633940825098908
36.85,1.32351391679429,-0.0717772091372344,0.193379981219225,0.00525661274039836
36.86,1.3055934059526,-0.0722579145587516,0.205335027650283,0.00419286510071048
36.87,1.28721663382037,-0.0726203714084948,0.216338015766268,0.00314796071065742
36.88,1.26597383818609,-0.0726825890657162,0.226416021821253,0.00212823284038391
36.89,1.24715174501467,-0.0728234293341038,0.235525308251369,0.00113552093947268
36.9,1.22821531866084,-0.0728572618422475,0.24364089688752,0.00017101093373173
36.91,1.20921460569584,-0.0727899415488355,0.250807047962347,-0.000760481542950816
36.92,1.1878469749255,-0.0724673261076887,0.257038010836469,-0.00165689648742304
36.93,1.16883784526865,-0.0722235047860634,0.262343005282645,-0.0025168674546226
36.94,1.1497987565502,-0.0718992304840777,0.266750241597727,-0.00333977089172929
36.95,1.12856472587786,-0.0713576849840721,0.270338944928131,-0.00412267620771124
36.96,1.10950012766497,-0.0708992878490268,0.273152765538248,-0.00486501914385491
36.97,1.09038595066406,-0.0703809206461293,0.275251315327798,-0.00556775289774564
36.98,1.06923413332072,-0.0696804369267055,0.276703908844636,-0.00622981018873163
36.99,1.05008072466833,-0.0690651950576235,0.277551642768463,-0.00685255254180152
37,1.03089104371596,-0.0684068398128773,0.277852119151183,-0.00743729706465531
37.01,1.00985879362933,-0.0675964968876998,0.27768743755951,-0.00798453901965252
37.02,0.990693549847341,-0.0668699993510374,0.277109651847615,-0.00849648123008811
37.03,0.971536976960737,-0.0661124421142111,0.276159138054658,-0.0089759324641521
37.04,0.950752297436653,-0.0652273129503963,0.274892442167334,-0.00942516889686923
37.05,0.931716780632304,-0.0644211731270843,0.273384574006014,-0.0098479002343659
37.06,0.91273646263608,-0.0635916052040797,0.271686396834629,-0.0102474613230937
37.07,0.892333303333288,-0.0626532511844689,0.269838456101543,-0.0106260575581962
37.08,0.87355639759419,-0.0617854926929157,0.267864445661347,-0.0109856832524684
37.09,0.853484945922097,-0.0608190673515253,0.265781190004353,-0.0113281051029286
37.1,0.834953007389431,-0.0599172246444995,0.263609718825889,-0.0116550668837017
37.11,0.816529897133482,-0.0589975956524709,0.261355490467618,-0.0119678612064339
37.12,0.796990051097856,-0.0579931435357849,0.259018459241003,-0.012266988869754
37.13,0.778855466157891,-0.0570443251402035,0.256590573413877,-0.0125526676447979
37.14,0.759714482702143,-0.0560193635074156,0.254060606191326,-0.0128249184354968
37.15,0.741887258596239,-0.0550451250157409,0.251417226530511,-0.0130833766752299
37.16,0.724194808603126,-0.0540582102615081,0.248650808800745,-0.0133271982676273
37.17,0.705650792620317,-0.0530085838599512,0.245750887920283,-0.0135554000238438
37.18,0.688285555759408,-0.0520037184227527,0.242710268036795,-0.0137666980282803
37.19,0.670168545581585,-0.0509448805472767,0.239521239916917,-0.0139597536419476
37.2,0.653146064091424,-0.0499277567380207,0.236177585397701,-0.0141332788101368
37.21,0.635471892388246,-0.0488652247584141,0.232677584730498,-0.0142857510501923
37.22,0.618814378662905,-0.0478418315581739,0.229019970456349,-0.0144158985181873
37.23,0.60232892890561,-0.0468162079508921,0.225206791267159,-0.0145223462092347
37.24,0.585343698328665,-0.0457574549863286,0.221239191840407,-0.0146041771666294
37.25,0.56927424522833,-0.0447343578908184,0.217129987977323,-0.0146600208183974
37.26,0.552808447458244,-0.0436853994506912,0.212876093234221,-0.0146893590879715
37.27,0.537202068633921,-0.0426700334872245,0.20847461480128,-0.0146919527498671
37.28,0.521305123524468,-0.0416356382359813,0.203937834864581,-0.0146668991197355
37.29,0.506222485953404,-0.0406328307595565,0.199281085597668,-0.0146135795274846
37.3,0.490956449066681,-0.0396169172848695,0.194530430616114,-0.0145312563909756
37.31,0.476464611823115,-0.0386302520448848,0.189714811521944,-0.0144200892390875
37.32,0.461889029299154,-0.0376352448967581,0.184861712149807,-0.0142808905296438
37.33,0.448048620491177,-0.0366666200852627,0.179985116449114,-0.0141151324443992
37.34,0.434538906192794,-0.0357065903530391,0.175092551983623,-0.0139239653388153
37.35,0.421078300521831,-0.0347439230835964,0.170182772657288,-0.0137089214196885
37.36,0.408294349836236,-0.0338037061245976,0.165261360356559,-0.0134714783260034
37.37,0.395632658087937,-0.032864354284801,0.160330596002582,-0.0132132451302357
37.38,0.383605800803994,-0.0319454994365115,0.155388227938523,-0.0129360519495997
37.39,0.371761061607851,-0.0310310217631468,0.150441409523396,-0.0126416230670066
37.4,0.360505820510323,-0.0301356767757525,0.145497670794968,-0.0123319708718212
37.41,0.349477965644579,-0.029248083555986,0.140561623614707,-0.0120088419522236
37.42,0.338990490609475,-0.0283787570359158,0.13563149236217,-0.0116743743444851
37.43,0.328760909272313,-0.0275206289375661,0.130711716661997,-0.0113301430625263
37.44,0.319019374798574,-0.0266804871375167,0.125810659501445,-0.0109780852812714
37.45,0.309553227380161,-0.0258548545259049,0.120941784082691,-0.0106201104565048
37.46,0.300521345045899,-0.0250471259250131,0.116112934619581,-0.0102581447389087
37.47,0.291772391751052,-0.024256869544496,0.111328875082899,-0.00989358710023464
37.48,0.283404359634606,-0.0234846657214397,0.10659899878533,-0.00952792374516588
37.49,0.275317791012136,-0.0227326449916757,0.101935821618548,-0.00916246155708554
37.5,0.267559071099716,-0.0219989258751008,0.097350089347429,-0.00879855848317185
37.51,0.26007468358436,-0.0212876133610857,0.0928508316462028,-0.00843721832381549
37.52,0.252869671166349,-0.020594708875532,0.0884476176313173,-0.00807982783510029
37.53,0.245929634542577,-0.0199258552886268,0.0841523568553324,-0.0077273932111814
37.54,0.239226353758191,-0.0192752483602644,0.0799732924085557,-0.00738080044670689
37.55,0.232779306322178,-0.0186496368019673,0.0759213065923485,-0.00704060389058506
37.56,0.226534156659074,-0.0180417381657731,0.0720013797040546,-0.00670766362231715
37.57,0.220502200376321,-0.0174549586224584,0.0682199072301721,-0.00638280065927768
37.58,0.214717736667179,-0.0168934034582156,0.0645814407756832,-0.00606685775070722
37.59,0.209096314385703,-0.016348258941598,0.0610895764861761,-0.00576027325320793
37.6,0.20371820282943,-0.01582784722206,0.0577455225808443,-0.00546336371285003
37.61,0.198483816457784,-0.0153227294035479,0.0545471033113444,-0.00517683759150742
37.62,0.193489003286074,-0.0148415865552048,0.0514880136048839,-0.00490131119022367
37.63,0.188621868715419,-0.0143746838006586,0.0485672533495291,-0.00463689529858329
37.64,0.183989366983086,-0.01393086530913,0.0457849474707573,-0.00438349782925947
37.65,0.17947016313972,-0.0135002152800701,0.0431388832162882,-0.00414114363140722
37.66,0.17517847443339,-0.013091585992209,0.0406274524838297,-0.0039097673469458
37.67,0.170986015344783,-0.0126950799644234,0.0382446808540934,-0.00368941755383068
37.68,0.167011426745113,-0.0123194961203438,0.0359844968220324,-0.00348000834625508
37.69,0.163122186038987,-0.0119551299318096,0.0338420100579573,-0.00328133018647721
37.7,0.159439108597288,-0.011610612156407,0.0318137535374972,-0.00309297998206085
37.71,0.155827741138438,-0.0112764898817536,0.0298955099042481,-0.00291459673170595
37.72,0.152409412849527,-0.0109611204455166,0.0280847467029232,-0.00274576561270342
37.73,0.149050132345691,-0.0106553327314159,0.0263795327885858,-0.00258620364429032
37.74,0.14587069485727,-0.010367108449643,0.024776416184728,-0.00243555416486407
37.75,0.142739380200009,-0.0100876132130354,0.0232719632796433,-0.00229344613595497
37.76,0.13977539349785,-0.00982443232030944,0.0218621988875353,-0.00215952047298074
37.77,0.136850424083059,-0.009569128294787,0.0205424139823271,-0.00203345708541124
37.78,0.134081094483632,-0.00932888120966402,0.0193089387660232,-0.00191485637647411
37.79,0.131343348779987,-0.00909567611207587,0.0181581053638177,-0.00180333654770468
37.8,0.128750472500135,-0.00887626159088753,0.017086792564086,-0.00169849091461609
37.81,0.126183225363239,-0.00866305412059752,0.0160915728873234,-0.00159995047940807
37.82,0.123750880790531,-0.00846236806714746,0.0151694237583386,-0.00150735240485919
37.83,0.121339318272561,-0.00826706024237602,0.0143171190158219,-0.00142038530202082
37.84,0.119001199973251,-0.00807998331356814,0.0135310448448985,-0.00133872937148036
37.85,0.116784176541194,-0.00790355449840888,0.0128071838316495,-0.00126209272556251
37.86,0.114582116419668,-0.00773134171735803,0.0121416407523303,-0.00119018702214446
37.87,0.11249222007074,-0.00756863174816805,0.0115305397299349,-0.00112273487928816
37.88,0.110413775195974,-0.00740945885230127,0.010969986649864,-0.00105947301672725
37.89,0.108438682195267,-0.00725875017768756,0.0104563781174781,-0.00100014938069957
37.9,0.106471773645856,-0.00711099536350442,0.00998635306215575,-0.000944526095269231
37.91,0.104599639890393,-0.00697077429890669,0.0095565767563468,-0.000892372086414031
37.92,0.102732773578738,-0.00683301471552686,0.00916409475994196,-0.000843451218738842
37.93,0.10095255512055,-0.00670196283025477,0.0088056495029678,-0.000797553311854054
37.94,0.0991752000642521,-0.00657296738634315,0.00847850341055778,-0.000754464332004039
37.95,0.0974770267261764,-0.00644995288727366,0.00818030482418273,-0.000713978175743448
37.96,0.095779960587661,-0.0063286593019213,0.0079089719420009,-0.000675898918615805
37.97,0.0941554242451998,-0.0062126955163739,0.00766234895295172,-0.000640063893223977
37.98,0.0925309369359075,-0.00609817199245667,0.0074385459882461,-0.00060632086387137
37.99,0.090973174196904,-0.00598839635477707,0.00723568337991891,-0.000574547169484953
38,0.0999912076960365,-0.0107108022438233,0.00705215305278315,-0.000544625604620499
38.01,0.0972556977079351,-0.0128505934479408,0.0093935129567993,-0.000415353922387965
38.02,0.0944227494833143,-0.0149003614154058,0.0175963696160155,-1.11900974901326e-05
38.03,0.0915652879139019,-0.0168597905024881,0.0291194608871087,0.000476546928822954
38.04,0.0886991650262461,-0.0186517776710649,0.0426728756449038,0.000950518689908936
38.05,0.0857523005049481,-0.0203804863198654,0.0573924583072992,0.00135780941122419
38.06,0.0825987489616298,-0.0219921303547718,0.0726255859060275,0.00166778929783779
38.07,0.0791140810097011,-0.0236298182539844,0.087945476080744,0.00186977677954162
38.08,0.0751448857414765,-0.025206066815764,0.103071622156382,0.00196322048515283
38.09,0.070568648852547,-0.0268813985300969,0.117912152848983,0.00195934122341308
38.1,0.0652442576567656,-0.0285197268411305,0.132430258287405,0.00187011820574202
38.11,0.0590816750115213,-0.0301943651189221,0.146700654229811,0.00171208558191439
38.12,0.052036573499838,-0.0319968307476946,0.160747133517942,0.00149599022869472
38.13,0.0440071183337087,-0.0337199757203884,0.174687326619211,0.0012351904490854
38.14,0.0350339310578407,-0.0355491090624033,0.188609086576049,0.000940102310349587
38.15,0.0250068829415191,-0.0372428271440693,0.20248528692261,0.000612369284475345
38.16,0.0140396676622301,-0.039011057866101,0.216305634806319,0.000254905502173904
38.17,0.00197973432076504,-0.040587109799191,0.229966229319673,-0.000136185676115295
38.18,-0.0109821259239673,-0.042211007577522,0.243404677127046,-0.000560966378561427
38.19,-0.0250694638531626,-0.0435953714613721,0.256468990220755,-0.00102531068968984
38.2,-0.0400007804202813,-0.045011128701905,0.269073530059786,-0.00152922578642619
38.21,-0.0560915665846369,-0.0461508684133289,0.281085088727979,-0.00207598868577007
38.22,-0.0729495910388451,-0.0473146958408573,0.292434658122974,-0.00266346894254053
38.23,-0.0909993662759461,-0.0481748433663746,0.303033551994279,-0.0032918741106307
38.24,-0.109716061551428,-0.0490581710879497,0.312860883252147,-0.00395758291217248
38.25,-0.129307629478949,-0.0497969019869076,0.32185557278472,-0.00465882663755539
38.26,-0.15012559397413,-0.0502002255160562,0.330036009869059,-0.00539029205441609
38.27,-0.171411032686217,-0.0506329368010296,0.337396678647159,-0.00614995413838489
38.28,-0.193939206708215,-0.050714756842743,0.343924762002986,-0.00693532115417886
38.29,-0.216776779128601,-0.0508338181734698,0.34963834366853,-0.00774080535410948
38.3,-0.240872065959274,-0.0505908508356032,0.354539192236218,-0.00856287599053748
38.31,-0.265102233988247,-0.0503957784018637,0.358658133249727,-0.0093963750086241
38.32,-0.289937658838175,-0.050047697274128,0.362021630959487,-0.0102378201035775
38.33,-0.316048115818536,-0.049325490405584,0.364691890526,-0.0110817903110506
38.34,-0.342003094410303,-0.0486698977962766,0.366711586737904,-0.0119251952790386
38.35,-0.369246355060812,-0.0476349958078325,0.368108085830002,-0.0127650212809207
38.36,-0.396133039425289,-0.0466798423310301,0.368946364175852,-0.0135981975517841
38.37,-0.423389271024948,-0.0455810350387777,0.369264851082149,-0.0144219634435659
38.38,-0.45196938831061,-0.0440976121915633,0.369129099012629,-0.0152332787289833
38.39,-0.479892290806365,-0.0427145137280753,0.368590300501438,-0.016030613711831
38.4,-0.509175152464435,-0.0409449064387562,0.367679714749923,-0.0168122657573937
38.41,-0.537604695995754,-0.0392884522150612,0.36643337683916,-0.0175762449957159
38.42,-0.566201103253917,-0.0375015216545218,0.36488683439015,-0.0183215543823789
38.43,-0.596228530444153,-0.0353258767826998,0.363069396650803,-0.0190465048217706
38.44,-0.625115478848317,-0.0332821770020583,0.360982639404166,-0.019750363519625
38.45,-0.654068982456656,-0.031116495767797,0.358621572342757,-0.0204324331406017
38.46,-0.684545330459324,-0.028562434731718,0.356002126497284,-0.0210912811694639
38.47,-0.713606700154202,-0.0261589971004505,0.353102269503742,-0.0217268065054807
38.48,-0.74265081929694,-0.0236436957804504,0.349889887997124,-0.0223394327004586
38.49,-0.773328390834155,-0.0207439426441252,0.346347550984324,-0.0229277532912384
38.5,-0.802331575073286,-0.0180146838640409,0.342402498676621,-0.0234922146263111
38.51,-0.831252963831248,-0.0151876392168503,0.337968826375334,-0.0240337316808867
38.52,-0.861939539894927,-0.011987005969968,0.332988393725119,-0.0245505815170173
38.53,-0.890712044077173,-0.00898151272125144,0.327317734472431,-0.0250442167313371
38.54,-0.919360620230214,-0.00590038974246596,0.320789761254398,-0.0255166504077923
38.55,-0.94993072250656,-0.00246837367406838,0.313282227132044,-0.025965338151323
38.56,-0.978373014531572,0.000733489070017579,0.304552290983861,-0.0263917452463836
38.57,-1.00667399741174,0.00397460831064167,0.294385275219287,-0.026795763694199
38.58,-1.03482721954038,0.00724011432872237,0.282739802754913,-0.0271656109885259
38.59,-1.06512515843714,0.0108026085740926,0.269592037175128,-0.0274902755317294
38.6,-1.09300059062169,0.0140730171839106,0.25492632069541,-0.0277579059149318
38.61,-1.12066508448444,0.0173238370015572,0.238793771805926,-0.0279548974257271
38.62,-1.15056035607759,0.0208298325289576,0.221454650246688,-0.0280560799245018
38.63,-1.17769214851705,0.0240094030526575,0.203032553793627,-0.0280465313932578
38.64,-1.20437666939298,0.0271420531517361,0.183687825812165,-0.0279166867987545
38.65,-1.2304520885561,0.0302257831034385,0.163823618393365,-0.0276518781589603
38.66,-1.25842952984487,0.0335443661919967,0.143667358471439,-0.0272462765203541
38.67,-1.28266288932048,0.0365363744003255,0.123349466070998,-0.026704016800379
38.68,-1.30555099513942,0.0394880094863304,0.102992537188529,-0.0260359466074534
38.69,-1.32969204286542,0.0426789545922366,0.0828487049714152,-0.0252454106078725
38.7,-1.34911562861858,0.045558773954276,0.0629440303699539,-0.0243476478236139
38.71,-1.36640492150754,0.0484042314494557,0.0432484248111777,-0.0233625609084452
38.72,-1.38432840780963,0.0514798472437414,0.0238329317321717,-0.0223002138737619
38.73,-1.39678505461382,0.0542424192138733,0.004595343311108,-0.0211791632520273
38.74,-1.40961082423541,0.0572122599172427,-0.0145870437488278,-0.0200194619382581
38.75,-1.41672353421123,0.059852658000789,-0.0337540044404114,-0.0188316244631902
38.76,-1.42413887410611,0.0626626267707156,-0.0529946801761352,-0.0176301014121927
38.77,-1.42585600717726,0.0651158411921212,-0.0722977435388536,-0.016419975683822
38.78,-1.4179038760747,0.0665220387906627,-0.0916760487430899,-0.0152093226745544
38.79,-1.40799640526738,0.0677955753055114,-0.110679795740957,-0.0139838576297425
38.8,-1.39337836302969,0.0687081268559537,-0.128634959559013,-0.0127173450486432
38.81,-1.38010823516045,0.0697258758646546,-0.14539979498509,-0.0114183218949476
38.82,-1.36541826747874,0.0706164765506071,-0.160977250174582,-0.0101022720937672
38.83,-1.34673565487546,0.0711720908438669,-0.175488301717917,-0.00878958544029944
38.84,-1.32990222051664,0.071819127507151,-0.188955488419672,-0.00749200726919006
38.85,-1.31229192028585,0.0723430984957873,-0.201374883574232,-0.00621696459360746
38.86,-1.29146583552215,0.0725551987600653,-0.212800966103565,-0.00497367581943074
38.87,-1.27288601143188,0.0728466627953816,-0.223172533612758,-0.00376382070881379
38.88,-1.25399641269933,0.0730251661078955,-0.232443728888225,-0.0025880676104495
38.89,-1.23488943088117,0.0730963986835913,-0.240679551019104,-0.00145313590083225
38.9,-1.21323487621659,0.0728999248826791,-0.24790819067885,-0.000362527902862245
38.91,-1.1939230361227,0.0727816723409505,-0.254160498056459,0.000681442574791083
38.92,-1.17452432915378,0.0725758608444883,-0.25947322038138,0.00167689494927079
38.93,-1.15282793521162,0.072139878787688,-0.26391271607284,0.00262103972681773
38.94,-1.13333801152582,0.0717855701291642,-0.267532105753244,0.00351296559140195
38.95,-1.11377682146947,0.0713641856639956,-0.270380760376295,0.00435295312306184
38.96,-1.09209730264591,0.0707482901119615,-0.272564872299155,0.00514024654986289
38.97,-1.07245949012154,0.0702159847267991,-0.274122966826042,0.00587590431748125
38.98,-1.05276578085474,0.0696336840806982,-0.275083081618993,0.00656162430574083
38.99,-1.03114937650657,0.0688881073170501,-0.275502900126078,0.00719838555196058
39,-1.01143950237774,0.0682258559804947,-0.2754288319245,0.00778849704641379
39.01,-0.991718045213999,0.0675275813118021,-0.274925779412812,0.0083343793576
39.02,-0.970291488497707,0.0666926350998459,-0.274057226739749,0.00883874909473624
39.03,-0.95065521054397,0.0659375563286084,-0.272855702627598,0.00930520411753108
39.04,-0.931059045084056,0.0651562381782535,-0.271358381639117,0.00973720511358008
39.05,-0.909971188719901,0.0642601378166706,-0.269617568410441,0.0101378189305697
39.06,-0.890555031546459,0.0634379612841249,-0.267686579025009,0.0105101500136903
39.07,-0.871222213106633,0.0625957559625858,-0.26560725653138,0.0108573577258696
39.08,-0.850595668364877,0.0616557335781499,-0.263434492259987,0.0111829167707643
39.09,-0.831512892589347,0.0607807151538223,-0.261192320038414,0.0114896823986903
39.1,-0.811256094854432,0.0598167415700625,-0.25889265966964,0.0117798509763408
39.11,-0.792452852825211,0.0589113682340908,-0.256541738057396,0.0120550123303813
39.12,-0.773772994338549,0.0579897124434386,-0.254143416501303,0.0123161278114241
39.13,-0.754086717641476,0.0569914386183324,-0.251689713152111,0.012564065849841
39.14,-0.735716643400081,0.0560426245189869,-0.249177131773324,0.0127993739673268
39.15,-0.716443918665897,0.0550249387102812,-0.246601055961401,0.0130221110623538
39.16,-0.698395897467083,0.0540514949889096,-0.243948770104655,0.0132319990089244
39.17,-0.679545642708137,0.053016891367957,-0.241205129692864,0.0134284844489282
39.18,-0.661832185415055,0.0520221984057051,-0.238353897071222,0.0136109701953525
39.19,-0.644269839283566,0.0510169967689684,-0.235385487801701,0.0137783925094634
39.2,-0.626055371092463,0.0499626389346925,-0.232288347620193,0.0139296896991911
39.21,-0.608858488373841,0.0489431027549534,-0.229053426598204,0.0140636308131436
39.22,-0.591110301126356,0.0478822059793626,-0.225674571731744,0.0141788767204524
39.23,-0.574309936035515,0.0468535911451639,-0.222145854011671,0.0142742756331849
39.24,-0.557061855984132,0.0457911965035477,-0.218463084417733,0.0143486639224635
39.25,-0.540701176946206,0.044759025962849,-0.214623437262456,0.0144011735868362
39.26,-0.523997955606456,0.0437003259777693,-0.210635320091606,0.0144304530894004
39.27,-0.508131905621013,0.0426700290922348,-0.206490032456165,0.0144361798680873
39.28,-0.492520287095993,0.0416416649643274,-0.202185827978121,0.0144176887417414
39.29,-0.476729198124626,0.0405970440372816,-0.197728223178071,0.0143744016740193
39.3,-0.461715528505063,0.0395788210432448,-0.193137424672777,0.0143053839941549
39.31,-0.446622947533045,0.0385504222785686,-0.188442051694735,0.0142098679766093
39.32,-0.432269603637951,0.0375468092852966,-0.183674352889029,0.014088273348511
39.33,-0.417930004398627,0.0365377842465858,-0.178854215705918,0.0139412626884042
39.34,-0.404291965062497,0.0355515007138586,-0.173985623910122,0.0137698854390901
39.35,-0.390748752408607,0.0345640104375107,-0.169074763669369,0.013574788216874
39.36,-0.377867376553636,0.0335976144029061,-0.16412809546183,0.0133569678071234
39.37,-0.365149135412274,0.0326339871739512,-0.159154209622015,0.0131175115269989
39.38,-0.353050513663358,0.0316901896469194,-0.154157863548598,0.0128581657744587
39.39,-0.341168605056329,0.0307529897813462,-0.149145218573148,0.0125807188132709
39.4,-0.32986019285591,0.0298348664995809,-0.14411837417039,0.0122868998779994
39.41,-0.318807205405725,0.0289271183986317,-0.139088709399173,0.011978244506899
39.42,-0.308277609664753,0.0280381491096585,-0.134062084434632,0.0116566708741818
39.43,-0.298028051297408,0.027163138457088,-0.129050477202535,0.0113238211571682
39.44,-0.288249099228332,0.0263068886586347,-0.124066120380205,0.0109817126464148
39.45,-0.278823750836902,0.0254679045742888,-0.119116747231826,0.0106319636856579
39.46,-0.269694757183231,0.024647673138832,-0.114206972669329,0.0102764477918728
39.47,-0.260957667822849,0.0238465477389338,-0.10934657950566,0.00991655978549573
39.48,-0.252515665105745,0.0230669757561747,-0.104554976019756,0.00955392698780988
39.49,-0.244412775011878,0.0223067789258378,-0.0998434434704162,0.009190427141038
39.5,-0.236598040108684,0.0215702996566035,-0.0952253433300374,0.00882727373223983
39.51,-0.229074133307997,0.0208532160387999,-0.0907085875417951,0.00846568639833022
39.52,-0.22182906994801,0.0201613957779033,-0.0863055659011946,0.00810687856546681
39.53,-0.214832456079463,0.0194887221414812,-0.082023253686569,0.00775230763861966
39.54,-0.208105767913615,0.0188421834509276,-0.0778704991192012,0.00740301964405048
39.55,-0.201592493314537,0.0182142111088823,-0.0738545691008579,0.00706006553783672
39.56,-0.195342325542743,0.0176125784643744,-0.069983423305295,0.00672427472897253
39.57,-0.189277742540476,0.0170285827341165,-0.0662613153754928,0.00639660209618854
39.58,-0.183471061855824,0.0164705530050056,-0.0626901650883429,0.00607784375284614
39.59,-0.177827828727048,0.0159290603190317,-0.0592633703954961,0.00576895409225266
39.6,-0.1724379754343,0.0154129199067265,-0.0559786930039558,0.0054704293200387
39.61,-0.167193525343473,0.0149122608922508,-0.0528377369125633,0.00518278458685737
39.62,-0.162197427149557,0.0144360936735639,-0.0498395942838287,0.00490618203265382
39.63,-0.157331131624531,0.0139742913686091,-0.046980633059499,0.00464077456439314
39.64,-0.152706494656894,0.0135359659457742,-0.0442580655882546,0.00438659845445344
39.65,-0.148196756278613,0.0131109557684491,-0.041667864078497,0.00414370291925611
39.66,-0.143919316951578,0.0127083372074598,-0.0392084413814199,0.00391199222179545
39.67,-0.139742072984705,0.0123180296499902,-0.0368751660896936,0.00369143498055617
39.68,-0.135785553993498,0.0119489615381465,-0.034664265719787,0.00348190098470591
39.69,-0.131914697146512,0.0115912770113254,-0.0325700560413974,0.00328321212161552
39.7,-0.128251036771983,0.0112536921294153,-0.0305888087487876,0.00309502275086327
39.71,-0.124658921381938,0.0109266482106395,-0.0287155643443126,0.00291700422612559
39.72,-0.12125980350814,0.0106185528888944,-0.0269466869047041,0.00274874045264489
39.73,-0.117919635506037,0.0103201751939331,-0.0252798781969563,0.00258985741886959
39.74,-0.114696497076516,0.0100354047225462,-0.0237128483884847,0.00243989956928323
39.75,-0.111646137833509,0.00976770278985933,-0.022241518613975,0.00229846995114694
39.76,-0.108639457574182,0.00950841840800709,-0.0208626032082528,0.00216513461599571
39.77,-0.105793157246588,0.00926489699431114,-0.0195726754566067,0.00203950012693182
39.78,-0.10298251751476,0.00902889784980658,-0.0183694159311997,0.00192119588971504
39.79,-0.10032085207604,0.0088073156896892,-0.0172497745957634,0.00180983879569318
39.8,-0.0976883366256072,0.00859234103529965,-0.0162094620313875,0.00170510474199
39.81,-0.0951941846350275,0.00839044885981619,-0.0152442302019195,0.00160665516600536
39.82,-0.0927237777465448,0.00819429454226917,-0.0143497500635623,0.00151417740287513
39.83,-0.0903818138206995,0.00800994174693627,-0.0135225126174855,0.00142732636754525
39.84,-0.0880590885775323,0.00783050179927002,-0.0127594879767798,0.00134577453535316
39.85,-0.0858552650002604,0.00766163280439664,-0.0120567588875865,0.00126919722120271
39.86,-0.0836665873424094,0.00749691199400337,-0.011410274629471,0.00119729462320275
39.87,-0.0815874575204329,0.00734162725483345,-0.0108165040409241,0.00112975994237675
39.88,-0.0795196941515188,0.00718981699872818,-0.0102717965053525,0.00106631689787713
39.89,-0.0775523671794582,0.00704641371930656,-0.00977270652274654,0.00100670006827006
39.9,-0.0755929776400839,0.00690590548081772,-0.00931584320315957,0.000950665227535277
39.91,-0.0737253129567126,0.00677288474693233,-0.00889815390853792,0.000897977787506553
39.92,-0.0718626357540071,0.00664226893674703,-0.00851673297239299,0.00084842169909218
39.93,-0.0700835791263712,0.00651832070568791,-0.00816893235727154,0.000801794850524223
39.94,-0.068307179535231,0.00639636341900186,-0.00785228498460567,0.000757910771579909
39.95,-0.066607076728797,0.00628034059094417,-0.00756447224254948,0.000716599367408533
39.96,-0.0649080060013709,0.00616595901851392,-0.00730333389242602,0.000677705297276271
39.97,-0.0632787761147995,0.00605685566543432,-0.00706682528860154,0.000641091038643146
39.98,-0.0616496565374742,0.00594909935786692,-0.00685308369946922,0.00060663171949843
39.99,-0.0600538191796556,0.00584437719562201,-0.00666034023091047,0.000574219477809717
40,-0.0696949783600864,0.00350967198478828,-0.0064870196985103,0.00054375124424306
40.01,-0.0681237386948723,0.00104914406356404,-0.00459333321555816,0.000583387756874586
40.02,-0.066787581877441,-0.00136745458376278,0.00176730547445994,0.000825312814081737
40.03,-0.0656179777003523,-0.00365204733548643,0.0117001005155274,0.00118122324853632
40.04,-0.0645831082513766,-0.00584143473364502,0.024202170743604,0.00156814759957385
40.05,-0.0637157041452019,-0.00787058840164696,0.0383668124372885,0.00192342568763388
40.06,-0.0631107319394113,-0.00985745145962096,0.0534647328228164,0.0022068240014652
40.07,-0.0628778517407529,-0.011729922952136,0.0689337556034263,0.00239503182300686
40.08,-0.0631556751821334,-0.0136411149094773,0.0844282726280724,0.00248222864097585
40.09,-0.0640746459401234,-0.0154841566763767,0.0997389842648122,0.00247059572168759
40.1,-0.0657584114495204,-0.0174258558941107,0.114813983924095,0.00237185467147287
40.11,-0.0683143785428149,-0.0193097184285106,0.129631204978915,0.00219668341534288
40.12,-0.0718056249768244,-0.0213093685795804,0.144271355003272,0.00196031083435562
40.13,-0.076312860074351,-0.023221772516879,0.158745372683265,0.00167077265292062
40.14,-0.0818280591976404,-0.0252351011824557,0.173123177779683,0.00133868285269852
40.15,-0.0884346044364213,-0.0271108524475567,0.187392475607466,0.000967099761665056
40.16,-0.0960536527220244,-0.0290604998161164,0.201573113900776,0.000561775219001927
40.17,-0.104803692346783,-0.0308183683810743,0.215576764833961,0.000120496791682454
40.18,-0.114529489537762,-0.0326247404973214,0.229354969764703,-0.000354764216109012
40.19,-0.125413809575193,-0.0341920271762388,0.242771022033299,-0.000868643820856021
40.2,-0.137211818313289,-0.0357906646530411,0.255748749875638,-0.00142016682984479
40.21,-0.150193498077997,-0.0371124947326351,0.268148206383087,-0.00201336376603113
40.22,-0.164006237375827,-0.0384572259815088,0.279895250870361,-0.00264647148156556
40.23,-0.179025781066661,-0.0394962950400966,0.290887211372617,-0.00332037366242035
40.24,-0.194770013761558,-0.0405566166126394,0.301089154907988,-0.0040314096944036
40.25,-0.211738429701228,-0.041288938670243,0.310430282640672,-0.00477853137967835
40.26,-0.229300433343798,-0.0420455428636356,0.31892282017282,-0.00555713024288408
40.27,-0.248098307875566,-0.0424566044051809,0.32654385991447,-0.00636546730272127
40.28,-0.267336602476703,-0.0428983521277902,0.333305641258892,-0.00719771121823756
40.29,-0.28733057633624,-0.0431839547555208,0.339199053499563,-0.00805037413869759
40.3,-0.308572061960757,-0.0431051678028419,0.344268657739749,-0.00891725007765661
40.31,-0.329991056517253,-0.043073126494438,0.348517481505779,-0.00979445417481526
40.32,-0.352663854212849,-0.0426689445557641,0.351963833719119,-0.0106786899897581
40.33,-0.375320262336976,-0.0423242147419243,0.354658164934106,-0.0115647620131458
40.34,-0.399236690850731,-0.0416019307317421,0.356644275704711,-0.012449244719477
40.35,-0.422935187525257,-0.0409528265519569,0.357977095306986,-0.0133278526984362
40.36,-0.447055804522345,-0.0401581460980886,0.358691266833279,-0.0141978009281203
40.37,-0.472460746757312,-0.0389807811944405,0.35886835191778,-0.0150552815277032
40.38,-0.497345806663492,-0.0378989702631862,0.358551781807805,-0.0158980306167173
40.39,-0.523544218729532,-0.0364330070878822,0.357784461629574,-0.0167243711326235
40.4,-0.549025418657217,-0.0350766365972708,0.356629482810963,-0.0175324758393528
40.41,-0.574716473969539,-0.0335897964965385,0.355118071354672,-0.0183212157233964
40.42,-0.601783540268658,-0.0317168632511675,0.353290296164611,-0.0190880802955421
40.43,-0.627844977670798,-0.0299738537181858,0.351169983373029,-0.0198325439020612
40.44,-0.654011056159808,-0.0281093453760988,0.34877463850365,-0.0205544386795749
40.45,-0.68163740343082,-0.0258582995528652,0.346127332115699,-0.021251735331465
40.46,-0.707982623226628,-0.0237564146404691,0.343209497219242,-0.0219238133689902
40.47,-0.734344425034301,-0.0215427763082297,0.340002061122063,-0.0225706341069631
40.48,-0.762269709544619,-0.0189449636444701,0.336517430644592,-0.0231909446904166
40.49,-0.788651541291062,-0.0165157312630367,0.332707574265669,-0.0237848668121084
40.5,-0.8149793169638,-0.0139868092976213,0.328512186331063,-0.0243528092902725
40.51,-0.842993621233239,-0.0110809480729325,0.323897843090849,-0.024892743396436
40.52,-0.869219601939647,-0.00836579464040518,0.318753725227805,-0.0254052836656054
40.53,-0.895340715868647,-0.00556877405851711,0.312957244839105,-0.0258915359122088
40.54,-0.923292913579047,-0.00241109247610935,0.306432934891021,-0.0263487048626369
40.55,-0.949234878976455,0.000526594521425255,0.298993694021756,-0.0267779347886789
40.56,-0.975047496639965,0.00351759782773403,0.290447912219925,-0.0271805090475342
40.57,-1.00286370305712,0.00683872594401877,0.280703695799965,-0.0275498418992358
40.58,-1.02847554069352,0.00989902065366718,0.269581251772543,-0.0278821768093745
40.59,-1.05395357962368,0.0129712336880147,0.256994713588754,-0.0281712385321844
40.6,-1.07928939881863,0.0160415010449174,0.243082399125392,-0.0283987154560874
40.61,-1.10684630720251,0.0193877448049092,0.227942594019712,-0.0285492149809023
40.62,-1.13188937363822,0.0224188397377988,0.211622682857048,-0.028610653419534
40.63,-1.15669278730403,0.0254143708327788,0.194211262831971,-0.0285716889041414
40.64,-1.18374977095196,0.0286554947996633,0.176027029554954,-0.0284127037327199
40.65,-1.20788218335641,0.0315624607812506,0.157260359796144,-0.0281282592948416
40.66,-1.2314337261749,0.0344229791613649,0.138074061793797,-0.0277177184743755
40.67,-1.2541896510837,0.0372404074180423,0.118778676121934,-0.0271730755176882
40.68,-1.27868350091308,0.0403027498655135,0.0995664798511096,-0.0264983863073026
40.69,-1.29910206132478,0.0430501346760991,0.0805036233310379,-0.0257058924854441
40.7,-1.3178928806835,0.045770641713003,0.0616175320649633,-0.0248109510667311
40.71,-1.33770314803738,0.0487426781385265,0.0430573696752906,-0.0238214068425803
40.72,-1.35246774197196,0.0514141012761711,0.0247491340833314,-0.0227552425962689
40.73,-1.36784204665981,0.0543265429454134,0.00656641818140508,-0.0216317885822239
40.74,-1.37769992619614,0.0569328757038913,-0.011527211843492,-0.0204632168193207
40.75,-1.38487682138986,0.0594931008624923,-0.0296683334367989,-0.019266184942206
40.76,-1.39233679067626,0.0622514947903898,-0.0478558698278998,-0.0180476720530465
40.77,-1.3940196200339,0.0646709182958409,-0.0661947242404009,-0.0168191769289042
40.78,-1.38574909283855,0.0660734152806545,-0.0847623554759935,-0.015590439280111
40.79,-1.37536179146058,0.0673582965557849,-0.10315714163129,-0.0143489989010117
40.8,-1.36005242459274,0.0682896100761752,-0.12076070133324,-0.0130710757170409
40.81,-1.34592972008204,0.0693431882332094,-0.13744642751782,-0.011764090933463
40.82,-1.33020440761671,0.0702780685579274,-0.15320357277376,-0.010441037922484
40.83,-1.31027533533181,0.0708776778953017,-0.1681389668253,-0.00911971584190066
40.84,-1.29208255160437,0.0715775106880669,-0.182241821704577,-0.00780954558614171
40.85,-1.27298788075524,0.0721543692065052,-0.195480173777428,-0.00651611046240262
40.86,-1.25053604575442,0.0724109951964558,-0.207874256644013,-0.00524711330393774
40.87,-1.23031049449713,0.0727479207394999,-0.219344299908945,-0.00400397658483022
40.88,-1.20973934106026,0.0729649770318166,-0.229775185330786,-0.00278504373286624
40.89,-1.18893822772722,0.0730667000687492,-0.239189037894823,-0.00159571464988559
40.9,-1.1655457639136,0.0728863249549588,-0.247585480838731,-0.000439733154536808
40.91,-1.14456163589382,0.0727808575794091,-0.254960722235043,0.000680631202448682
40.92,-1.12351413908075,0.072578941481319,-0.261343400816599,0.00176246348711527
40.93,-1.10014376899603,0.0721328446961279,-0.266791751630038,0.00280165329132354
40.94,-1.07905280316891,0.0717657402922712,-0.271349065760316,0.00379674924787924
40.95,-1.05790909011829,0.0713239873290707,-0.27506220053259,0.00474676193180452
40.96,-1.03670870988036,0.0708143445247729,-0.278034623824958,0.00564964932432865
40.97,-1.01340661094226,0.0701099342928605,-0.280320483917046,0.00650492344369473
40.98,-0.992150766053943,0.0694884039728336,-0.281942122206214,0.00731274003614088
40.99,-0.970848646726364,0.0688170169615499,-0.282935881461599,0.00807394177281332
41,-0.94763774081221,0.0679831714934686,-0.283361213686372,0.0087885028989261
41.01,-0.926340155445358,0.0672329344463093,-0.283281524577733,0.0094580036616332
41.02,-0.903279683894854,0.066338645600297,-0.282754629175191,0.0100846327750394
41.03,-0.882058438784311,0.0655266037211547,-0.281830543541549,0.0106703211216736
41.04,-0.860876827749441,0.0646865034363569,-0.280565762927617,0.0112179906167606
41.05,-0.838153939210401,0.0637258945659377,-0.279014592781747,0.0117303429949772
41.06,-0.817159225793387,0.0628424405493265,-0.277227801070845,0.0122099981237238
41.07,-0.796255453948628,0.0619381867047679,-0.275251050030701,0.0126595037313805
41.08,-0.774018720666435,0.0609318336443494,-0.273124068807936,0.013081444720206
41.09,-0.753391633358107,0.0599945860905247,-0.270886286237361,0.0134781941469601
41.1,-0.731559246229682,0.0589648715421275,-0.268582112634885,0.0138522737288841
41.11,-0.711251274326579,0.0579977019304335,-0.266246351803525,0.0142062023587939
41.12,-0.691090007456306,0.0570140626213791,-0.263888691109205,0.0145415986379377
41.13,-0.669900412491305,0.0559498106009189,-0.261509914638522,0.0148595934475271
41.14,-0.650103524451476,0.0549376912422461,-0.259100904011746,0.0151611377869855
41.15,-0.629387324789652,0.0538522475437427,-0.256652842045824,0.0154467752645119
41.16,-0.609974155648999,0.0528129855965172,-0.254155343052699,0.0157166805234063
41.17,-0.590735306849171,0.0517592779176196,-0.251599457141659,0.0159705120712401
41.18,-0.570732212648357,0.0506434799580508,-0.248969061107531,0.0162080203354743
41.19,-0.551902731025621,0.0495663639244953,-0.246250265821391,0.0164285861572416
41.2,-0.532410543275542,0.048434644430373,-0.243427506192,0.0166314442509301
41.21,-0.514012558882451,0.0473378594171532,-0.240481762846437,0.0168159254135654
41.22,-0.495053514528633,0.0461942004919433,-0.23739787256891,0.0169810404240203
41.23,-0.477115915549145,0.0450827149192467,-0.234158252005777,0.0171259440674278
41.24,-0.459401610695405,0.0439648186558878,-0.230750939070529,0.0172495080899802
41.25,-0.441281587546285,0.0428121325213698,-0.227164776930127,0.0173507112875106
41.26,-0.424090589858446,0.0416889335902337,-0.223402358438601,0.0174280828081103
41.27,-0.406599298064462,0.040538636436152,-0.219466108271662,0.0174802471103386
41.28,-0.389987498898575,0.0394165119795174,-0.215348563373902,0.01750651275038
41.29,-0.373184377074608,0.0382746671892455,-0.211036436890346,0.0175064392818852
41.3,-0.35722051538254,0.0371603649513713,-0.206530590805535,0.0174790818878537
41.31,-0.341169903641507,0.0360336934107361,-0.201847057713728,0.0174229288003465
41.32,-0.325919697291098,0.0349342207645097,-0.197001313436332,0.0173371023304657
41.33,-0.310679415432221,0.0338289288893722,-0.192027901354922,0.0172211398071153
41.34,-0.296202137247439,0.0327499697852398,-0.186961945376801,0.0170755345068828
41.35,-0.281821699998044,0.0316703421598826,-0.181824854646332,0.0169005048046447
41.36,-0.268165896422609,0.0306157118350353,-0.176622854316289,0.0166967974455355
41.37,-0.254921482949193,0.0295738905516876,-0.171361999314325,0.0164651742506232
41.38,-0.241881917569394,0.0285382501548367,-0.166047313928165,0.0162067337221434
41.39,-0.229505994583583,0.0275262696610512,-0.160697087560988,0.0159227800911487
41.4,-0.21738888535357,0.0265245581305943,-0.155326292687839,0.0156149471977947
41.41,-0.205890074815088,0.0255458082769856,-0.149947160630909,0.0152850275823595
41.42,-0.194689611704552,0.024580991791739,-0.144572983703908,0.0149344722934834
41.43,-0.184058295480536,0.0236386462655847,-0.139214373069272,0.0145653611998959
41.44,-0.173750746762968,0.0227135734863921,-0.133878768356072,0.0141797856842858
41.45,-0.163960147431087,0.0218107642409259,-0.128575867426151,0.0137801225414799
41.46,-0.154506645064416,0.0209283027317981,-0.123315733745502,0.0133682284083572
41.47,-0.145517373226527,0.0200680476628045,-0.118110771292529,0.0129463916101807
41.48,-0.136868870684253,0.0192307762082228,-0.112977977506395,0.0125166547923441
41.49,-0.128631236244667,0.0184156161455924,-0.107929126619177,0.0120812017723779
41.5,-0.12072890750076,0.0176256100725661,-0.102970924787378,0.0116418797888927
41.51,-0.113186001591957,0.0168576363316012,-0.0981093754514207,0.011200519915258
41.52,-0.105969148703275,0.01611653913791,-0.0933570799724558,0.0107586809676464
41.53,-0.0990648514181238,0.0153972182651909,-0.088726950147658,0.0103182899555296
41.54,-0.0924758389519926,0.0147057862422118,-0.0842279937677967,0.00988100195401918
41.55,-0.0861588133517159,0.0140355205297015,-0.0798657533663295,0.00944813652473355
41.56,-0.0801474843703183,0.013393509015207,-0.0756487583288333,0.0090209050852263
41.57,-0.0743749741887409,0.012771745118884,-0.0715809164645352,0.00860077111873887
41.58,-0.0689002536766612,0.0121780289148913,-0.0676635417073378,0.00818893136256497
41.59,-0.0636372809673968,0.0116034597320771,-0.0638981633919981,0.00778650132951879
41.6,-0.0586651319966442,0.0110563275909131,-0.0602879651189335,0.00739440758832204
41.61,-0.0538824025407418,0.0105270900060305,-0.0568309750296833,0.00701354896116717
41.62,-0.0493285903395684,0.0100196788008677,-0.0535262112878868,0.00664459495052294
41.63,-0.0450549661241659,0.00953827009491415,-0.0503625298037632,0.00628840202064776
41.64,-0.0409427092170223,0.00907302010272665,-0.0473345735310806,0.0059454701301074
41.65,-0.0371011274775395,0.0086327992121374,-0.0444435508358086,0.00561603293338296
41.66,-0.0334030698750531,0.00820768036259664,-0.0416849225343171,0.00530018142961856
41.67,-0.0299635903042539,0.00780650151395881,-0.0390558682986733,0.00499781525735561
41.68,-0.0266500204194138,0.00741943813400403,-0.0365503094274218,0.00470891824971917
41.69,-0.0235806538538927,0.00705520327110498,-0.0341661532292845,0.00443335945249168
41.7,-0.0206197504780246,0.00670415461085691,-0.031902198730926,0.00417094741434851
41.71,-0.0178867578601878,0.0063747300324588,-0.0297560398290337,0.00392144135653533
41.72,-0.0152451781571674,0.00605754910315733,-0.0277231268066447,0.0036846489028121
41.73,-0.0128144398995076,0.00576073804960518,-0.0258000717969184,0.00346020321742462
41.74,-0.0104595511829366,0.00547524359169146,-0.0239831558634627,0.0032477258393655
41.75,-0.008298959051805,0.00520881196895246,-0.022269176862494,0.0030467669136057
41.76,-0.00620068168249688,0.00495274775324427,-0.0206560352706363,0.00285694662452242
41.77,-0.00428112136593839,0.00471435992354437,-0.0191418083292207,0.00267779489137022
41.78,-0.00241230999897901,0.00448532910798108,-0.0177232752370754,0.00250886241050957
41.79,-0.000707793127093126,0.00427252569955185,-0.0163970182884901,0.00234969497087391
41.8,0.000955694628123283,0.00406805853307796,-0.015159018473594,0.00219992137531505
41.81,0.00246819296809164,0.00387836368804542,-0.0140072102351169,0.0020591043524432
41.82,0.00394786517128765,0.00369597856627896,-0.0129380533265475,0.00192683793694405
41.83,0.00528891924544084,0.00352691079667888,-0.0119471505669439,0.00180272957132906
41.84,0.00660408781750732,0.00336416353357754,-0.0110299201286981,0.00168639736259822
41.85,0.00779219509834128,0.00321335217084363,-0.0101819665964307,0.00157745567418287
41.86,0.00896054726350748,0.00306795315326877,-0.00939962023117312,0.00147552363004464
41.87,0.0100129994881417,0.00293319723843366,-0.00867938834088962,0.00138018022254761
41.88,0.0110512896295969,0.00280302273916827,-0.00801725127188017,0.00129101438779848
41.89,0.0120298615422367,0.00267978234113621,-0.00740912113483386,0.00120763447041832
41.9,0.0129084827733212,0.00256543658011897,-0.00685158222231962,0.00112964461406168
41.91,0.0137803187547405,0.00245462639140773,-0.00634126709573855,0.00105666985164714
41.92,0.0145621229993385,0.00235169413522246,-0.00587496338282189,0.000988360830756654
41.93,0.0153412414496863,0.0022517116511864,-0.00544961536774191,0.000924386131924313
41.94,0.0160394682440561,0.00215869669934005,-0.00506222816655435,0.000864442711716325
41.95,0.0167383161569905,0.002068132043201,-0.00471008623933126,0.000808240967489919
41.96,0.0173644655741025,0.00198372265076697,-0.00439058834076381,0.000755520238526427
41.97,0.0179936743733293,0.00190133826403991,-0.00410158878630592,0.00070602569991229
41.98,0.0185573567057808,0.00182438008427973,-0.00384070757884126,0.000659534095159576
41.99,0.0191256796334862,0.00174908477301011,-0.00360573442432439,0.000615838574503656
42,0.0196346551077085,0.00167856700532351,-0.00339471727756151,0.000574754907204038
42.01,0.0201490993357893,0.00160940739807002,-0.00320601815610829,0.000536110978097824
42.02,0.0206094953512128,0.00154444318750503,-0.00303788962630506,0.000499772394666368
42.03,0.021075600308377,0.00148057906865308,-0.00288879429082215,0.000465614345894984
42.04,0.0214922519583975,0.00142039137201213,-0.00275707237854416,0.000433542728809683
42.05,0.0219144587958215,0.00136109184489394,-0.00264129143570459,0.000403463502689954
42.06,0.0222912861540827,0.00130501225404433,-0.00253992271199162,0.000375305244341708
42.07,0.0226732919912678,0.00124965270847046,-0.00245179347831587,0.000348982021818625
42.08,0.023013611508599,0.00119711476818431,-0.00237533776200598,0.000324432208549988
42.09,0.0233586308702236,0.00114517118632318,-0.00230935168885066,0.000301577460664986
42.1,0.023665392038648,0.00109570981927072,-0.00225258764608405,0.000280352321118862
42.11,0.0239763627935741,0.00104675547774265,-0.00220410129357492,0.000260678861273177
42.12,0.0242522909850642,0.000999993283336449,-0.00216281086766356,0.000242497812748609
42.13,0.0245319525180037,0.000953680761325129,-0.00212791125427423,0.000225737369946772
42.14,0.024779591549315,0.000909313301250398,-0.00209846477090593,0.000210342455894294
42.15,0.0250305081312039,0.000865362718141857,-0.00207383009648606,0.000196243040579671
42.16,0.0252675700941687,0.000822529276386568,-0.00205323918197427,0.000183384636075306
42.17,0.0254770656767107,0.000781612557514555,-0.00196660567048276,0.000174192313446887
42.18,0.0256903232124408,0.000742106273942873,-0.00184752210100359,0.000166686997816018
42.19,0.0258792281864704,0.000705034577829476,-0.00174755599884367,0.000157962057178957
42.2,0.0260709121295868,0.000669132980829123,-0.00167038014191986,0.000148087851455057
42.21,0.0262398274664317,0.000635115338796945,-0.00161566465699678,0.000137527035923603
42.22,0.0264104764603541,0.000601856488740118,-0.001583407655928,0.000126687045659722
42.23,0.0265599890141406,0.000569935433818183,-0.00157184364989115,0.000115969939432588
42.24,0.0267104463056125,0.000538394543655137,-0.00157803906525946,0.000105730754425504
42.25,0.0268414537666715,0.000507742011879316,-0.00159814870233607,9.62846764769846e-05
42.26,0.0269728549085677,0.0004772150502887,-0.0016284424937811,8.78587699434788e-05
42.27,0.0270865189827223,0.000447279377056074,-0.00166522916114494,8.06211842085982e-05
42.28,0.0272002054491338,0.000417352260075917,-0.00170570115584341,7.46467563630344e-05
42.29,0.0272978353701969,0.000387851505498194,-0.0017473432580313,6.99629084642301e-05
42.3,0.0273952190590094,0.00035834208944446,-0.00178824096565215,6.65347862127058e-05
42.31,0.0274781178350239,0.000329185686068403,-0.00182675402720789,6.43048338311296e-05
42.32,0.0275605425119583,0.00030006782704748,-0.00186192635681316,6.31711963617198e-05
42.33,0.0276299379708913,0.000271285981181725,-0.00189299807930261,6.30252359368235e-05
42.34,0.0276986600634324,0.000242620406008623,-0.00191968256955356,6.37313127436599e-05
42.35,0.0277556697679078,0.00021430039579935,-0.00194171936081169,6.51611768195056e-05
42.36,0.0278117946994776,0.000186182600644888,-0.00195920704473321,6.71724381039433e-05
42.37,0.0278573619907618,0.000158429117822636,-0.00197219894421269,6.96396986420732e-05
42.38,0.0279018063368923,0.000130959458893551,-0.0019810364014034,7.24314938105487e-05
42.39,0.0279366854031498,0.000103871161059242,-0.00198599766150228,7.54371387368807e-05
42.4,0.0279701478117165,7.71345658347696e-05,-0.00198759494342016,7.85400433660472e-05
42.41,0.0279981706939356,5.07949733317732e-05,-0.00198599088652688,8.16558153665031e-05
42.42,0.0280177719489263,2.48438197194896e-05,-0.00198184056085203,8.46900953362176e-05
42.43,0.0280354029318364,-6.85185009674801e-07,-0.00197547446964456,8.75760082902201e-05
42.44,0.0280451659952323,-2.58344950718025e-05,-0.00196714116852076,9.02644391300546e-05
42.45,0.0280525351697953,-5.05333503507009e-05,-0.00195717060704543,9.2709071889712e-05
42.46,0.0280524806458526,-7.48678706221212e-05,-0.00194578288423927,9.48869996663497e-05
42.47,0.028049605525398,-9.87349949998156e-05,-0.00193332265082578,9.67752682572482e-05
42.48,0.0280396572597237,-0.000122259458617819,-0.00191988934547553,9.83741808492619e-05
42.49,0.0280264772560965,-0.000145308456125096,-0.0019056996524688,9.96810286139673e-05
42.5,0.0280065214835599,-0.000168038689360738,-0.00189080338560331,0.000100709666753063
42.51,0.0279829636899649,-0.00019029057469257,-0.00187535802271434,0.000101468657457348
42.52,0.02795289916555,-0.000212247980763198,-0.00185938988692003,0.000101981491025454
42.53,0.0279189178053745,-0.000233727852391072,-0.00184305482455997,0.000102264280213807
42.54,0.0278786894571823,-0.000254937459850834,-0.0018263524608138,0.000102345347951409
42.55,0.0278342930737949,-0.000275673234010681,-0.00180938194825326,0.000102243319143318
42.56,0.0277839104794921,-0.000296161548851692,-0.00179207585536382,0.000101986400457319
42.57,0.027729172304749,-0.000316180239292519,-0.00177448281166919,0.000101592057661641
42.58,0.0276687114344618,-0.000335970914596187,-0.00175650718107477,0.00010108591704204
42.59,0.0276037667330584,-0.000355294961598329,-0.00173817975705732,0.000100482304231644
42.6,0.0275333705306871,-0.0003744062147598,-0.00171940122248385,9.98029244029845e-05
42.61,0.0274584152971542,-0.00039305223377771,-0.00170020313687879,9.90581569180369e-05
42.62,0.0273782723045581,-0.000411497049404601,-0.00168049600532257,9.82654332850684e-05
42.63,0.027293528229972,-0.000429476980078208,-0.00166032098608392,9.74312075016721e-05
42.64,0.0272038479553256,-0.000447264364639408,-0.00163960283776057,9.65689759213611e-05
42.65,0.0271095556507142,-0.000464586556150573,-0.00161839423124536,9.56817739197625e-05
42.66,0.0270105672041332,-0.000481722657377049,-0.0015966344837307,9.47797674414e-05
42.67,0.0269069801179747,-0.000498393232813491,-0.00157440584086235,9.38623832693974e-05
42.68,0.0267988243799238,-0.000514739609484651,-0.00155166583397698,9.29354215600584e-05
42.69,0.0266863157160664,-0.00053090737531959,-0.00152852653092479,9.19940773770398e-05
42.7,0.0265692801806736,-0.00054661121361409,-0.00150493206828216,9.10423827569588e-05
42.71,0.0264481109477259,-0.000562139910071089,-0.00148084376203369,9.00851590152615e-05
42.72,0.0263224905845618,-0.000577204906497555,-0.00145635647067778,8.91177273802408e-05
42.73,0.026192955858825,-0.000592097472674872,-0.00143145981979749,8.81431998032918e-05
42.74,0.0260590637613713,-0.000606527753572444,-0.00140623210580168,8.71567220485616e-05
42.75,0.0259214599211521,-0.000620788399347602,-0.00138063947049731,8.61612182448368e-05
42.76,0.0257795999684234,-0.000634588813369033,-0.00135475094987903,8.5152156111505e-05
42.77,0.0256342174939075,-0.000648221954425571,-0.00132854395435956,8.41329672774528e-05
42.78,0.0254846872529342,-0.00066139758800004,-0.00130212169295693,8.3099133220928e-05
42.79,0.0253318110698579,-0.000674408790830499,-0.00127546968168084,8.20543508515345e-05
42.8,0.025174901355145,-0.000686966471807921,-0.00124867204370759,8.0995125908013e-05
42.81,0.0250148117985258,-0.000699362968265957,-0.00122171258639862,7.9925235052302e-05
42.82,0.024850808938492,-0.000711310779284957,-0.00119467841294479,7.88410689258221e-05
42.83,0.0246837840188032,-0.000723101030583665,-0.00116755601244833,7.77462516798274e-05
42.84,0.0245129716522712,-0.000734448276848211,-0.00114042908391407,7.66373253872684e-05
42.85,0.0243392883823894,-0.000745641993477718,-0.00111327917334183,7.55180610572284e-05
42.86,0.0241619483203355,-0.000756399088834815,-0.00108618241942065,7.43852704437605e-05
42.87,0.0239818809006493,-0.000767007012268026,-0.00105911460809165,7.32428437642438e-05
42.88,0.0237982897292337,-0.000777185145057304,-0.00103213767156004,7.20881513597669e-05
42.89,0.0236121100125786,-0.000787218435563653,-0.00100522924977531,7.0925317961572e-05
42.9,0.0234225457495416,-0.000796828891082572,-0.00097846098063648,6.9751557053864e-05
42.91,0.0232305299628148,-0.000806298914600857,-0.000951799104977367,6.85712371401703e-05
42.92,0.0230352706121124,-0.00081535324737435,-0.000925301947633789,6.73818881910419e-05
42.93,0.0228376890419124,-0.000824271513415627,-0.000898935604761185,6.6187578982075e-05
42.94,0.0226370028747862,-0.000832781303626178,-0.000872760325695627,6.49854974267716e-05
42.95,0.0224337039332489,-0.000841023629900735,-0.000846744184544368,6.37793738759231e-05
42.96,0.0222282618106924,-0.000849136758777779,-0.000821014740095393,6.25637074257742e-05
42.97,0.0220199192478923,-0.000856854031034457,-0.000795516250531629,6.13421355462776e-05
42.98,0.0218095453238636,-0.000864447084036652,-0.000770193397936259,6.01194184531395e-05
42.99,0.0215964077893371,-0.000871651554716364,-0.000745095686866287,5.88923066276973e-05
43,0.0221367455711494,0.00263258730631743,-0.00072019290284079,5.76638125220459e-05
43.01,0.0224912238248098,0.00492161513795388,-0.00289518801828547,-2.46594407403127e-05
43.02,0.0230069308495082,0.00716213478064823,-0.01023699544651,-0.000323347709155109
43.03,0.0236183014917284,0.00926442040010191,-0.0209530920474303,-0.000702981801997747
43.04,0.0242967645404395,0.0112702619218995,-0.0338986966084264,-0.00107960461296542
43.05,0.0251021093767143,0.0131237243305774,-0.0481883522447535,-0.00139896885930858
43.06,0.0261376657692054,0.0149486252606949,-0.0631544514509893,-0.00162964128905941
43.07,0.0275300682633262,0.0166749968569305,-0.0783008467284548,-0.00175535058356101
43.08,0.0294142275823486,0.0184565695025952,-0.0933557212248244,-0.00177542413392609
43.09,0.0319315521525905,0.0201850157215219,-0.108159562987924,-0.00169524164433044
43.1,0.0351942424174787,0.0220253838063848,-0.1227001385672,-0.00152786712004843
43.11,0.0393176885191142,0.0238182116586475,-0.137000682993123,-0.00128516134970547
43.12,0.0443492518069561,0.0257349065546772,-0.151136818597592,-0.000980744653051362
43.13,0.0503792169537221,0.0275699724719975,-0.165147695617354,-0.000622952691936269
43.14,0.0573829368918997,0.0295101075185172,-0.179115266721498,-0.000221728595926205
43.15,0.0654564968519153,0.031315090711455,-0.19302078628249,0.000220602530925518
43.16,0.0745038942539846,0.0331957876258651,-0.206861737357674,0.000700299289207287
43.17,0.0846596157953954,0.0348857661448044,-0.220533368897253,0.00122004161237537
43.18,0.0957506534608719,0.036625485505342,-0.233966219269846,0.00177926585863929
43.19,0.107979109022963,0.0381273879593568,-0.247009246923533,0.00238228943974358
43.2,0.121082067996312,0.0396626897241032,-0.259576630929486,0.00302833569326056
43.21,0.135351242271671,0.0409236210009403,-0.271526185965049,0.00372027841413616
43.22,0.150414183415215,0.0422106240983447,-0.282796388814976,0.00445496204669723
43.23,0.166669917362633,0.043195440486882,-0.293290801298379,0.00523291070789288
43.24,0.183615473291153,0.0442055920772919,-0.302972699933392,0.00604977120812283
43.25,0.20177503749083,0.0448921350198744,-0.3117872150229,0.00690365135506789
43.26,0.220496041841397,0.0456076706708295,-0.319745438228153,0.00779017788443514
43.27,0.24044664349935,0.0459827121382176,-0.326820239822577,0.00870551998201638
43.28,0.260807768480895,0.0463937083457922,-0.333028154358221,0.00964380003786807
43.29,0.282410108451934,0.0464517023177778,-0.338361300521112,0.0106007761130615
43.3,0.304254575787279,0.046555953682754,-0.342842133717281,0.011570839720536
43.31,0.326751973816366,0.0465107817578649,-0.346488964756218,0.0125497363909246
43.32,0.350504672431539,0.0460998106870136,-0.349351059304219,0.0135316960422525
43.33,0.374216225967368,0.0457544124163429,-0.351468265982971,0.014512692485634
43.34,0.399192227525075,0.0450379243663664,-0.352871887044337,0.0154892106259025
43.35,0.423927613698211,0.0444008316161475,-0.353619849639504,0.0164573295912398
43.36,0.449077560254784,0.0436244567119305,-0.353753907156181,0.017414234986868
43.37,0.475520423330838,0.0424721222313282,-0.353321782780945,0.0183566839925448
43.38,0.501423402688784,0.0414216880704158,-0.352384135229645,0.0192823193521471
43.39,0.528650968338467,0.0399939940074732,-0.35099659728485,0.0201881404400128
43.4,0.555142313958561,0.0386821270557573,-0.349210887191871,0.0210712635449435
43.41,0.581840024562735,0.0372461220492058,-0.347099378046172,0.0219294909041761
43.42,0.609926864100159,0.035430467335221,-0.344704831739806,0.022760717824781
43.43,0.636988517462572,0.033749772909637,-0.342066670657356,0.0235624818145903
43.44,0.664150449450903,0.031952240278139,-0.339242922050916,0.0243331026734073
43.45,0.692784567896495,0.0297724338977994,-0.336271257648634,0.0250715408739031
43.46,0.72011378991103,0.0277435421098236,-0.333177195214796,0.0257763791661417
43.47,0.74745070344991,0.0256033614359139,-0.329984018635214,0.0264465094521344
43.48,0.776358023566349,0.0230783071708171,-0.326705119987087,0.0270817948824848
43.49,0.803689774606115,0.0207174720993977,-0.32333789361993,0.0276827285958909
43.5,0.830949935490769,0.0182505865073309,-0.319858263433999,0.0282503174286257
43.51,0.859894962241533,0.0153986178957903,-0.316230241863754,0.0287853821470285
43.52,0.887008018886315,0.0127244512936127,-0.312393478549388,0.0292888506334361
43.53,0.913986801186924,0.00995272322688479,-0.308286089448788,0.0297615758491782
43.54,0.942782298316962,0.00680175421289361,-0.303865037624287,0.0302030470360389
43.55,0.969506824303815,0.00384546495163934,-0.299034458142595,0.0306142456299949
43.56,0.996053325338348,0.00080592365438345,-0.293674662493906,0.0309965290290007
43.57,1.02456664711533,-0.00259821836691204,-0.287678995090158,0.031348881822763
43.58,1.05078536385057,-0.00578421220831102,-0.280841202159659,0.0316731008140093
43.59,1.07678876132301,-0.00902879133785658,-0.2729431650476,0.0319710166158966
43.6,1.10255786635975,-0.0123206854384627,-0.263806962755085,0.0322401269269512
43.61,1.1304708662249,-0.0159355732822526,-0.25320707673363,0.032478602840969
43.62,1.15574279013823,-0.0192818043577518,-0.240935183472361,0.0326828915810058
43.63,1.18066369388302,-0.0226319475955277,-0.226908105750835,0.0328428011213515
43.64,1.2077382922001,-0.0262582289756934,-0.21125885329351,0.0329348377076772
43.65,1.23172464610811,-0.0295757976813127,-0.194031588248179,0.0329411142984661
43.66,1.25496625506792,-0.0328609751091518,-0.175321205172963,0.032844774181852
43.67,1.27723286799296,-0.0361064323024943,-0.155424991930141,0.0326220718222249
43.68,1.30106886233675,-0.0395870812290153,-0.134556348461616,0.0322584403776516
43.69,1.32062029996626,-0.0427363665493422,-0.112915426483889,0.031749179852977
43.7,1.33836164419961,-0.045830796302617,-0.0906864634385166,0.0310954898516468
43.71,1.35696609131395,-0.0491381806319497,-0.0681868030751866,0.0302943691159972
43.72,1.3703582564089,-0.0521045622355681,-0.0455571868869708,0.0293553561245323
43.73,1.38423128305096,-0.0552630295350963,-0.0228635891793332,0.0282913902073207
43.74,1.3924607010419,-0.0580691439912175,-0.000232806063975076,0.0271113733848268
43.75,1.39791486524527,-0.0607799349643593,0.0223117238145599,0.0258310384077282
43.76,1.40357889610811,-0.0636380555956681,0.0446327823750923,0.0244597216568519
43.77,1.40643663249524,-0.0663649811516585,0.0667310204159944,0.0230137305229604
43.78,1.39334575208882,-0.0675277314007569,0.0886513378424903,0.0215108784045051
43.79,1.38114643716253,-0.0687888118839303,0.109927524745262,0.0199474185471282
43.8,1.36403646943487,-0.069669446207934,0.129799171266147,0.0183034310248902
43.81,1.34810136442808,-0.0706456540656079,0.148219084972786,0.0165998886410394
43.82,1.33056112323555,-0.0714841618789316,0.165224544627913,0.0148599344327266
43.83,1.30883228101266,-0.0719757066562146,0.180968538258815,0.0131094566984098
43.84,1.28881327358908,-0.072554803831655,0.195500734630893,0.0113655988523543
43.85,1.26787625686846,-0.0730046732432525,0.208856460222797,0.00964093277079886
43.86,1.2462278278056,-0.0733278845846091,0.221127624700772,0.00794860228222329
43.87,1.22145359106019,-0.073339981682302,0.232345107816799,0.00629628380442423
43.88,1.1989413195816,-0.073426643098546,0.242475958208506,0.00468719449827932
43.89,1.17615251976483,-0.0733997994993765,0.251459730565942,0.00312191302379802
43.9,1.15074450831726,-0.0730967660950046,0.259323169109813,0.00160465358854609
43.91,1.12766780351821,-0.0728705632636613,0.266097676558532,0.000139292358128154
43.92,1.10447569233564,-0.0725532232819654,0.271823802764695,-0.00127119753218892
43.93,1.08118460817752,-0.0721524545189497,0.276611751339911,-0.00262136037731486
43.94,1.05561191149127,-0.07152881658756,0.28052952218373,-0.00390876618881947
43.95,1.03219992161602,-0.0709885267207632,0.283639763313717,-0.00513291904142055
43.96,1.00870482265551,-0.0703857649633909,0.28601092808239,-0.00629387496053057
43.97,0.983113633768779,-0.0695956001940786,0.287755971680136,-0.00739127217993975
43.98,0.959531805666868,-0.0688904349970117,0.288908181387353,-0.00842578987349108
43.99,0.935898514260887,-0.0681391564754348,0.289500951710501,-0.00939840036068693
44,0.910382377679716,-0.0672307946248971,0.28956988311107,-0.010309742145192
44.01,0.886761060079075,-0.0664067840069067,0.289150594589481,-0.011161680660163
44.02,0.863151273482697,-0.0655505172664716,0.288273181174873,-0.0119567749661602
44.03,0.837892545082476,-0.0645639854013682,0.28700765693644,-0.0126971268583211
44.04,0.814429058242566,-0.0636591524825311,0.285400810370258,-0.0133858361966354
44.05,0.78946871767977,-0.0626390173940954,0.283477635966106,-0.014026327150993
44.06,0.766234046762028,-0.0616976284055757,0.281295368028605,-0.0146219507911957
44.07,0.743114400152368,-0.0607392463310263,0.278905940029001,-0.0151760389847645
44.08,0.718711396663114,-0.0596845416240887,0.276359108827437,-0.0156914812487584
44.09,0.695920358001096,-0.0587011382620762,0.273695426648689,-0.0161710639181569
44.1,0.673285971594141,-0.0577047999226821,0.270945616735826,-0.0166176674026864
44.11,0.649559044131469,-0.0566265661885733,0.268138460857225,-0.017034025822674
44.12,0.627319015290301,-0.0556101024316103,0.265309630290057,-0.0174220578728115
44.13,0.604103513004359,-0.0545191347055359,0.262488489590057,-0.0177835238136344
44.14,0.582288256450563,-0.0534827060526087,0.259702035797619,-0.0181204574460564
44.15,0.560669701187341,-0.0524339614995552,0.256974841350623,-0.0184350278346735
44.16,0.538238215379744,-0.0513194510255579,0.254303645425313,-0.0187287068156383
44.17,0.517076070724737,-0.0502479019682413,0.251682238885887,-0.0190023490008857
44.18,0.495204282489958,-0.0491156583160379,0.249098275332989,-0.0192566500042048
44.19,0.474519030397988,-0.0480195678134679,0.246532725483668,-0.0194922343715872
44.2,0.45322743587439,-0.0468680379140695,0.243965177251283,-0.0197093698359651
44.21,0.433045929615242,-0.0457469457412199,0.241371481831126,-0.0199082723339961
44.22,0.413106923833759,-0.0446123734122104,0.238725398508856,-0.0200889141597108
44.23,0.392717516432424,-0.043431354599459,0.235997760486279,-0.0202511421892284
44.24,0.373338318938975,-0.0422746100303901,0.233163579899613,-0.020394416679455
44.25,0.353614881669559,-0.0410780451647784,0.230199986302406,-0.0205179312930725
44.26,0.334845704933685,-0.0399033364213681,0.22708245555644,-0.0206209862193689
44.27,0.315840640856877,-0.0386959160258342,0.223796352971696,-0.0207024345040643
44.28,0.297745243990361,-0.0375089793568203,0.220322205756967,-0.0207614601474753
44.29,0.279524897898902,-0.0362967241607588,0.216644242397388,-0.0207970715253436
44.3,0.262176333967286,-0.0351046734843822,0.212750737553796,-0.0208081265535202
44.31,0.244807040794489,-0.0338952201147658,0.2086138558888,-0.0207941028165273
44.32,0.228272209982649,-0.0327070512573653,0.204214157081488,-0.0207542063175497
44.33,0.211811900116774,-0.0315100145257928,0.199560745738293,-0.0206863663449771
44.34,0.19614923695246,-0.0303360431327288,0.19467292868458,-0.020588736184336
44.35,0.180927092020802,-0.0291719901239815,0.189588233610376,-0.0204602843889617
44.36,0.165903182875954,-0.0280104296249369,0.184341587151006,-0.020300772607957
44.37,0.151620360376698,-0.0268735946887698,0.178959261026857,-0.0201096102142963
44.38,0.137601935686089,-0.0257453011283463,0.173451007017636,-0.0198866141362662
44.39,0.124283268829602,-0.0246426211450432,0.167825411494769,-0.0196318999501991
44.4,0.111281470096524,-0.023554193457008,0.162103187127123,-0.0193453895126468
44.41,0.0989351199007809,-0.0224923768780122,0.156306308440027,-0.0190277835489881
44.42,0.0869434204416697,-0.0214498258901733,0.150461110514101,-0.018680268892974
44.43,0.0755592030485097,-0.0204346527418944,0.144586260719718,-0.0183040105089346
44.44,0.0645537473090343,-0.0194430149362823,0.138702340906297,-0.0179002918787263
44.45,0.054105557693811,-0.0184793114381706,0.132836948572406,-0.0174713415045164
44.46,0.0440490894674905,-0.0175424718939706,0.12702708507566,-0.0170193518644948
44.47,0.0344990936342811,-0.0166334232816286,0.121299220551335,-0.0165465706656418
44.48,0.0253437937933549,-0.0157534227820201,0.11566892031572,-0.0160555119397916
44.49,0.0166431115083405,-0.0149007709998316,0.110145879367643,-0.0155490996124019
44.5,0.00833181900545554,-0.0140788122283176,0.104746908011795,-0.0150300063263071
44.51,0.00042594683099928,-0.0132835215949455,0.0994861308569543,-0.0145010302299048
44.52,-0.00709978428656211,-0.0125197866743779,0.0943802262628455,-0.0139649695153874
44.53,-0.0142651414987593,-0.0117816040782672,0.0894401205041738,-0.0134245882288417
44.54,-0.0210608670185177,-0.0110750556654667,0.0846700227328153,-0.012882339608295
44.55,-0.0275351490080844,-0.0103926733198846,0.0800704612930128,-0.0123406558527883
44.56,-0.0336494632636191,-0.00974151369907088,0.0756491671682214,-0.0118018071075486
44.57,-0.039474819358464,-0.00911292760660602,0.0714090017140784,-0.0112681647482812
44.58,-0.0449491905958155,-0.00851464655231993,0.0673469302588059,-0.0107418252025745
44.59,-0.0501620855273792,-0.00793726719136664,0.0634600915845401,-0.0102244689509827
44.6,-0.0550827541342969,-0.00738439869725854,0.0597491635724963,-0.00971767937473756
44.61,-0.0596656948546244,-0.00686003092413382,0.0562048086999213,-0.00922305882311009
44.62,-0.06402156718325,-0.00635418338549028,0.0528184015052442,-0.00874191761104233
44.63,-0.0680504347456452,-0.00587559448642382,0.0495882209685371,-0.00827528232156505
44.64,-0.0718734115174042,-0.00541413112978044,0.0465062290276323,-0.00782404296579112
44.65,-0.0753827193759218,-0.00497867205438268,0.0435659687887616,-0.00738881703617275
44.66,-0.0787074849923926,-0.00455918838767479,0.0407533527664544,-0.00697031135876108
44.67,-0.081735163359915,-0.00416466507694523,0.0380603337139885,-0.00656886250220249
44.68,-0.0845999556124077,-0.00378526647826176,0.0354865170079178,-0.00618453047162299
44.69,-0.0871866539501021,-0.00342978598098495,0.0330284723229647,-0.00581709890844821
44.7,-0.08963200545438,-0.00308859687860633,0.0306818618996463,-0.00546635848298655
44.71,-0.0918199487770917,-0.00277026029815529,0.0284417719604572,-0.0051320345211689
44.72,-0.0938873259160591,-0.00246544161164179,0.0263070233671619,-0.00481384940737241
44.73,-0.0957182088655477,-0.00218231765526773,0.024280264899239,-0.00451127461852304
44.74,-0.0974474245570276,-0.00191177957499271,0.0223611604428663,-0.00422393854755262
44.75,-0.0989601678811241,-0.00166155889362178,0.0205467744716334,-0.00395145827717993
44.76,-0.100388011198778,-0.00142289960555751,0.0188338573123338,-0.00369343331156442
44.77,-0.101618288492294,-0.00120311465047662,0.0172193026284681,-0.003449383744172
44.78,-0.102778358958998,-0.000993838830280852,0.0157012830663296,-0.00321885528935022
44.79,-0.103758471775435,-0.000801925254583575,0.0142790593447207,-0.00300133983692866
44.8,-0.104681127424685,-0.000619391857484098,0.0129497582353039,-0.00279633326710546
44.81,-0.105440138785138,-0.000452645661543263,0.0117104230358571,-0.00260332337002723
44.82,-0.106152807054578,-0.000294141525758708,0.0105569022891257,-0.00242190309848226
44.83,-0.106717040539507,-0.000149867602112509,0.00948646138380658,-0.00225158645996816
44.84,-0.107244639823812,-1.27205581001741e-05,0.00849542660946525,-0.00209188875811552
44.85,-0.107638103206387,0.000111708505259724,0.00757892754423897,-0.00194234609275487
44.86,-0.108003736651562,0.000230043365878501,0.00673195431432444,-0.00180250183749592
44.87,-0.108295969442765,0.000339795308965808,0.00595065792572781,-0.00167186074027579
44.88,-0.108474400804606,0.000438878461769991,0.00523159196789431,-0.00154991457162971
44.89,-0.108636810710251,0.000533210467970806,0.00457115576520456,-0.0014361233062401
44.9,-0.108698088823338,0.000618094159913638,0.00396520791920523,-0.00132997610328315
44.91,-0.108750164764703,0.000698997306373777,0.00341033230902784,-0.00123095962220661
44.92,-0.108712845735066,0.000771548875982694,0.00290336324496154,-0.00113857345540079
44.93,-0.108672136895609,0.000840794468468429,0.00244133071792407,-0.00105234472508746
44.94,-0.108552640365679,0.000902680154824491,0.00202120519700719,-0.000971829587458835
44.95,-0.108434455408582,0.000961847534859774,0.00164014150210358,-0.000896610609249645
44.96,-0.108246843833026,0.00101454499160263,0.00129539765466826,-0.000826301350747738
44.97,-0.108064111987184,0.00106503068573928,0.000984444290762596,-0.000760540276906059
44.98,-0.107820048746254,0.00110984470264978,0.000705207482103557,-0.00069898130409101
44.99,-0.107583359061874,0.00115288788898582,0.000455425472723224,-0.000641304109633668
45,-0.107292234766561,0.00119097802467984,0.000232712327516251,-0.000587227808667085
45.01,-0.107010050534924,0.00122767168354033,3.52340521599697e-05,-0.000536482417955469
45.02,-0.106679295462634,0.0012600527193738,-0.000138783171816093,-0.000488836544101079
45.03,-0.106358339924674,0.00129135806482015,-0.00029106265048127,-0.000444089475400744
45.04,-0.10599390006382,0.00131892166176408,-0.000423405946482557,-0.000402079162655219
45.05,-0.105639618523571,0.00134567732774578,-0.000537391546739695,-0.000362658718585303
45.06,-0.105246258436586,0.00136919509584693,-0.000634575968989592,-0.000325708480771402
45.07,-0.104863085765529,0.00139212416624684,-0.000716410342235087,-0.000291115715788057
45.08,-0.104444821758647,0.00141225492270987,-0.000784391744309702,-0.000258786906812414
45.09,-0.104036638750583,0.00143196903569668,-0.000839832002945957,-0.000228629634420904
45.1,-0.103597051598054,0.00144926293109992,-0.000884080386735852,-0.000200565264943787
45.11,-0.103167387018545,0.00146627008432494,-0.000918156900787066,-0.000174505601162349
45.12,-0.102727785710127,0.00148206009839792,-0.000943240764996694,-0.000150371042289376
45.13,-0.102261856151326,0.00149590283578643,-0.000960359002137393,-0.000128075214159631
45.14,-0.10180556753771,0.00150958830918808,-0.000970536204677021,-0.000107536112399837
45.15,-0.101326023588612,0.00152157964731533,-0.000974664240680549,-8.86725412126589e-05
45.16,-0.100855882539082,0.00153346592611141,-0.000973436685800573,-7.13966545099871e-05
45.17,-0.100365315517213,0.00154387450971073,-0.000967621785116789,-5.5633429326035e-05
45.18,-0.0998838640538304,0.00155421169152317,-0.000957785909038843,-4.1303268671928e-05
45.19,-0.0993845435926906,0.00156325801883851,-0.000944550703373514,-2.83375776491429e-05
45.2,-0.0988939877140966,0.0015722539199103,-0.000928347615205949,-1.66608483836239e-05
45.21,-0.0983878549415094,0.00158012225140332,-0.000909673855269762,-6.20753892618189e-06
45.22,-0.0978900795477076,0.0015879525881438,-0.000889003285217649,3.08710656469808e-06
45.23,-0.0973787741832908,0.00159479795238022,-0.0008665949111135,1.12838863175079e-05
45.24,-0.0968753824760213,0.00160161351831387,-0.000842581246181934,1.84510489273294e-05
45.25,-0.0963602879170615,0.00160757417910854,-0.000817374048710991,2.46422804791338e-05
45.26,-0.0958526463823972,0.00161351097220559,-0.000791264841162681,2.99198646271505e-05
45.27,-0.0953349424574101,0.00161870598246766,-0.000764603374040642,3.43409504857824e-05
45.28,-0.0948242384937465,0.00162387760105108,-0.00073756050357356,3.79699597376562e-05
45.29,-0.094304955700121,0.00162840633385547,-0.000710305738262984,4.08636830926866e-05
45.3,-0.0937922287730313,0.00163291192416103,-0.000682866366046366,4.30855241236323e-05
45.31,-0.0932722490652997,0.00163686511316148,-0.000655396542233978,4.46906936356878e-05
45.32,-0.092758405476479,0.00164079636817838,-0.000627974916265325,4.57408980592073e-05
45.33,-0.0922385216009332,0.00164425571247104,-0.000600798340638336,4.62900140897618e-05
45.34,-0.0917243888215307,0.00164769227834358,-0.00057396001184808,4.63979476852559e-05
45.35,-0.0912053099959484,0.00165072610266481,-0.000547637313576886,4.6116705070022e-05
45.36,-0.0906916108308744,0.00165373326135306,-0.00052189144607415,4.55032915890489e-05
45.37,-0.0901739371232635,0.00165639591902016,-0.000496854763364436,4.46063694401551e-05
45.38,-0.0896612806399038,0.00165902521550079,-0.000472553951915281,4.34780690514571e-05
45.39,-0.0891491847521255,0.00166147471692278,-0.000449086689880917,4.2161468428752e-05
45.4,-0.0886343176295137,0.00166365193824807,-0.000426386201251,4.07044154687173e-05
45.41,-0.0881238739909005,0.00166578471665189,-0.000404532170335168,3.91434004820836e-05
45.42,-0.0876112717536417,0.00166768462593189,-0.000383546272535612,3.75121963784225e-05
45.43,-0.0871026550574161,0.00166953294007195,-0.000363377832150202,3.58493790259227e-05
45.44,-0.0865923675974374,0.00167118254845043,-0.000344182408776021,3.41792793204185e-05
45.45,-0.0860856108303238,0.00167277223625614,-0.00032589456885393,3.25316840312492e-05
45.46,-0.0855775591893995,0.00167419169772027,-0.000308506984719248,3.09269257852525e-05
45.47,-0.0850725789612232,0.00167554377197182,-0.000291998487501917,2.9380591296357e-05
45.48,-0.0845665979906185,0.00167675074279194,-0.000276286732100919,2.79038388998781e-05
45.49,-0.0840632466383076,0.00167788461038453,-0.000261371137241441,2.65048518031185e-05
45.5,-0.0835591328482099,0.00167889514971616,-0.000247359079822828,2.51835420535335e-05
45.51,-0.0830572407584027,0.00167982521310136,-0.000234279328845135,2.39423428809757e-05
45.52,-0.0825547904065669,0.00168064749795928,-0.000222181879562358,2.27789182011496e-05
45.53,-0.0820541979584117,0.00168138034543659,-0.000211040399726985,2.1693664791723e-05
45.54,-0.0815532303155262,0.00168201693398685,-0.000200881223082067,2.06811102456169e-05
45.55,-0.081053805461214,0.00168255515332283,-0.00019163813365006,1.97377853945106e-05
45.56,-0.0805541767695495,0.00168300639547616,-0.00018328835876876,1.88558689524744e-05
45.57,-0.0800558246879577,0.00168335184516341,-0.000175768744150797,1.80303733833063e-05
45.58,-0.0795574313796665,0.0016836183267588,-0.000169076013786988,1.72533723586097e-05
45.59,-0.0790600977541516,0.00168377256378599,-0.000163174933529431,1.65203465935304e-05
45.6,-0.0785628820654827,0.00168385385354799,-0.000158078375665553,1.58246281309073e-05
45.61,-0.078066546438615,0.00168381684041112,-0.000153761210183254,1.516311469558e-05
45.62,-0.0775704694787898,0.00168371105696609,-0.00015023659791911,1.45309724291997e-05
45.63,-0.0770751188780139,0.00168348126729811,-0.000147479448158169,1.39267275044699e-05
45.64,-0.0765801519858051,0.00168318520123018,-0.000145498041533446,1.33473065645269e-05
45.65,-0.0760857835781357,0.00168275980833185,-0.00014426444599275,1.27926569723676e-05
45.66,-0.0755918820058339,0.00168223467952141,-0.000143780577989401,1.22611719547852e-05
45.67,-0.0750985264335871,0.00168164484379146,-0.000143993816326903,1.17546269706868e-05
45.68,-0.0746056247853595,0.00168091915927775,-0.000144907123688512,1.12724619838346e-05
45.69,-0.0741133681494821,0.00168012851102708,-0.000146520322158017,1.08142333874765e-05
45.7,-0.0736215007034451,0.0016791978906271,-0.000148797081899821,1.03820345757644e-05
45.71,-0.0731303728120736,0.00167820118019375,-0.000151722978096847,9.97649742677221e-06
45.72,-0.0726395897795671,0.00167706109773902,-0.000155256794088319,9.6000211981921e-06
45.73,-0.0721496309372229,0.00167585354776236,-0.000159378026191594,9.25349234906472e-06
45.74,-0.0716599873570463,0.00167450013775647,-0.000164042527718549,8.93932628442175e-06
45.75,-0.0711712429911504,0.00167307786393408,-0.000169230194924905,8.65829239447367e-06
45.76,-0.0706827964349452,0.00167150813366852,-0.000174897889599162,8.41243845472241e-06
45.77,-0.070195314496452,0.00166986824160008,-0.000181020476936008,8.20236702746398e-06
45.78,-0.0697081225432088,0.00166808024137665,-0.000187555780706002,8.02963867131004e-06
45.79,-0.069221951443347,0.00166622104093367,-0.00019448012134402,7.89440072897251e-06
45.8,-0.0687360706371871,0.001664213927038,-0.000201755195429448,7.79762222076408e-06
45.81,-0.0682512589781998,0.00166213477174765,-0.000209359139912897,7.73901008356104e-06
45.82,-0.0677667455026594,0.00165990854222405,-0.000217256516633231,7.71900881358826e-06
45.83,-0.0672833431982225,0.00165760959793084,-0.000225419617796674,7.73723447975229e-06
45.84,-0.0668002539446979,0.00165516501965325,-0.000233822363614421,7.79417388276665e-06
45.85,-0.0663183127410978,0.00165264714437114,-0.000242456991517308,7.8890835772014e-06
45.86,-0.0658367045610113,0.00164998530147381,-0.000251296677704097,8.02166630719894e-06
45.87,-0.0653562754488837,0.00164724954671148,-0.000260320614098101,8.19060551851999e-06
45.88,-0.0648762047078613,0.00164437184977918,-0.000269497558229145,8.39501633290448e-06
45.89,-0.0643973433930443,0.00164141980313444,-0.000278808308118483,8.63322212275958e-06
45.9,-0.0639188749336128,0.00163832815090577,-0.000288227763726719,8.90400534242116e-06
45.91,-0.0634416457193421,0.00163516186236208,-0.00029774093110058,9.20551292083366e-06
45.92,-0.0629648467091126,0.00163185860999605,-0.000307326287954133,9.53634487951939e-06
45.93,-0.0624889090272118,0.00162845098933172,-0.000316970977124691,9.89459073541333e-06
45.94,-0.0620142483005059,0.00162496860984923,-0.000326653231824672,1.02789211315511e-05
45.95,-0.061540078733934,0.001621353867359,-0.000336364607329402,1.06874399914518e-05
45.96,-0.0610672090478861,0.00161766455710258,-0.000346097240843655,1.11182251670415e-05
45.97,-0.06059487551203,0.00161384604295157,-0.000355834766058817,1.15693515859511e-05
45.98,-0.060123865504635,0.00160995341480427,-0.000365542143641331,1.20390382799787e-05
45.99,-0.0596534407298641,0.00160593529375008,-0.000375219140403635,1.25253285602542e-05
46,-0.0591843638643788,0.00160184386837913,-0.000384860405949158,1.30262668213058e-05
46.01,-0.0587159252803531,0.00159763067250231,-0.000394451908844177,1.35404677056641e-05
46.02,-0.0582488609491074,0.00159334508787433,-0.000403988412553418,1.40663480104571e-05
46.03,-0.057782491918176,0.00158894155066939,-0.000413471690451744,1.46028955585493e-05
46.04,-0.0573175255804639,0.00158446646034737,-0.00042290165726153,1.51489964945666e-05
46.05,-0.0568533149468866,0.00157987705158424,-0.000432267795203499,1.57036461804492e-05
46.06,-0.0563905373437663,0.00157521699675094,-0.00044155989726721,1.62657207559422e-05
46.07,-0.0559285782233534,0.00157044642998482,-0.000450773558554689,1.68339538262665e-05
46.08,-0.0554680839453834,0.00156560636037858,-0.000459890240960483,1.74064921182396e-05
46.09,-0.0550084732269553,0.00156065996542919,-0.000468873673236846,1.79823791514933e-05
46.1,-0.0545503606835549,0.0015556461299084,-0.00047770326072105,1.85604459562215e-05
46.11,-0.0540931977310164,0.00155053101061554,-0.000486374672791504,1.91394864132861e-05
46.12,-0.0536375666862492,0.00154535093723539,-0.0004948927559272,1.97184776271526e-05
46.13,-0.0531829511946205,0.00154007449109315,-0.000503262485281321,2.02967906676398e-05
46.14,-0.0527299008143061,0.00153473535289588,-0.000511488603949643,2.08739832860126e-05
46.15,-0.0522779307202068,0.00152930439197299,-0.000519578725137957,2.14497397603016e-05
46.16,-0.0518275586425077,0.00152381263712906,-0.000527547953680023,2.20234308628758e-05
46.17,-0.051378330673777,0.00151823308482036,-0.000535391915292655,2.25952549646149e-05
46.18,-0.050930731393148,0.00151259448146288,-0.000543104727497937,2.31656432036804e-05
46.19,-0.0504843361372114,0.00150687215533723,-0.000550679504516377,2.37349825977602e-05
46.2,-0.0500393934915602,0.00150108103211206,-0.000558107516173862,2.43034847755109e-05
46.21,-0.0495961218345498,0.00149523392679398,-0.000565380995958996,2.48712173793174e-05
46.22,-0.0491541401437878,0.00148930955550546,-0.000572493029851314,2.54380714763135e-05
46.23,-0.0487138565393099,0.0014833316017979,-0.000579441056500595,2.60036867875575e-05
46.24,-0.0482749179679702,0.00147728077153252,-0.000586219359292728,2.65674276232093e-05
46.25,-0.0478377040567626,0.00147117892207325,-0.00059282046186598,2.71284289944853e-05
46.26,-0.0474018887240684,0.00146500869485918,-0.000599237230068661,2.76857224114691e-05
46.27,-0.0469678243245584,0.0014587902858203,-0.000605464608905476,2.82383271157918e-05
46.28,-0.0465352104356915,0.00145250812156888,-0.000611500740988242,2.87852752600217e-05
46.29,-0.0461043732787854,0.00144618074938269,-0.000617345738131953,2.9325672673798e-05
46.3,-0.0456750367882659,0.00143979416846754,-0.000623001300403863,2.98586798498235e-05
46.31,-0.0452475022816143,0.00143336532047281,-0.00062846916737949,3.03835713240026e-05
46.32,-0.044821516693216,0.00142688163126875,-0.000633752278275096,3.08996862735543e-05
46.33,-0.044397357624014,0.00142035852196085,-0.000638853962247796,3.14064887124752e-05
46.34,-0.043974793574721,0.00141378472116112,-0.000643776942979182,3.19035073712625e-05
46.35,-0.0435540796167304,0.0014071742411517,-0.000648523420383238,3.23903930036771e-05
46.36,-0.0431350044297778,0.0014005170279009,-0.000653095997595553,3.28668409616372e-05
46.37,-0.0427178017723442,0.00139382579764917,-0.000657496698481933,3.33326525409539e-05
46.38,-0.0423022791664778,0.0013870916221019,-0.00066172798753615,3.37876559783995e-05
46.39,-0.0418886502796729,0.00138032602576593,-0.000665791704484208,3.42317720541937e-05
46.4,-0.0414767401232297,0.00137352111788298,-0.000669690147139526,3.46649314695041e-05
46.41,-0.0410667435915766,0.00136668732259777,-0.000673424975209363,3.50871435267043e-05
46.42,-0.040658502281925,0.00135981769730825,-0.000676998333358356,3.54984120967631e-05
46.43,-0.0402521934148483,0.00135292167526585,-0.000680410544435406,3.589882471161e-05
46.44,-0.0398476736214377,0.00134599319254954,-0.000683669395346094,3.62885486142099e-05
46.45,-0.0394451037064041,0.00133904070192322,-0.000686779284880123,3.66677948620729e-05
46.46,-0.0390443544339272,0.00133205888320528,-0.000689741526648303,3.70367225791314e-05
46.47,-0.0386455093569955,0.00132505251721172,-0.00069255465519188,3.7395507695211e-05
46.48,-0.0382486380031413,0.0013180256268589,-0.000695217984560147,3.77442394192145e-05
46.49,-0.0378536302694377,0.0013109740636603,-0.000697730401559877,3.80830279134315e-05
46.5,-0.0374606108015332,0.00130390439976591,-0.00070009181973991,3.84119617740157e-05
46.51,-0.0370694810488343,0.001296813148959,-0.00070230372423989,3.8731065840982e-05
46.52,-0.0366803530663313,0.00128970622753423,-0.000704367676677606,3.90403931763963e-05
46.53,-0.0362931389253944,0.00128258072123358,-0.000706286139396616,3.93399579235398e-05
46.54,-0.035907939065889,0.00127544191846965,-0.000708063948185976,3.96297060006641e-05
46.55,-0.0355246752708931,0.00126828739289178,-0.000709702156219747,3.99094283375679e-05
46.56,-0.0351434373057549,0.00126112189179925,-0.000711200215265449,4.01789841519247e-05
46.57,-0.034764155812061,0.00125394350217967,-0.000712557738517755,4.04382208126663e-05
46.58,-0.0343869106560479,0.00124675651771891,-0.000713774591020846,4.06872152223314e-05
46.59,-0.0340116403949517,0.00123955945689945,-0.00071485577148782,4.09260966314054e-05
46.6,-0.033638415635167,0.001232356105639,-0.000715806811845604,4.11550909291667e-05
46.61,-0.0332671820222759,0.00122514528428766,-0.000716633144423387,4.13744245248301e-05
46.62,-0.0328980016277116,0.00121793030001156,-0.000717338414001231,4.15843554101519e-05
46.63,-0.0325308265999844,0.00121071031844385,-0.000717915840703387,4.17853941976106e-05
46.64,-0.0321657115463649,0.00120348820652395,-0.000718394735966327,4.19782775599344e-05
46.65,-0.0318026145984414,0.00119626317326287,-0.000718779230985706,4.21633254243845e-05
46.66,-0.031441583067104,0.00118903759554696,-0.000719067465400351,4.23407701365242e-05
46.67,-0.0310825801431145,0.00118181102524384,-0.000719251037386806,4.25106119996426e-05
46.68,-0.0307256465640462,0.00117458572149224,-0.000719322339563483,4.26727729240236e-05
46.69,-0.0303707502452655,0.0011673616073653,-0.000719281934242363,4.28268635141084e-05
46.7,-0.0300179261157583,0.00116014078299094,-0.000719122181257971,4.2972615102862e-05
46.71,-0.0296671463381779,0.00115292347067349,-0.000718845196426409,4.31098004129342e-05
46.72,-0.0293184405831228,0.00114571154250814,-0.000718454925132036,4.32382641198993e-05
46.73,-0.0289717849400093,0.00113850533825882,-0.000717957482507235,4.33579098700912e-05
46.74,-0.0286271940708449,0.00113130619467236,-0.000717358312955122,4.34687173056539e-05
46.75,-0.0282846784759121,0.00112411522742164,-0.000716662113352311,4.35707049932337e-05
46.76,-0.0279442190591261,0.00111693288859355,-0.000715872249799346,4.36639888800413e-05
46.77,-0.0276058343571055,0.00110976038497752,-0.000714994693798973,4.37487265309468e-05
46.78,-0.0272695079235232,0.00110259822301373,-0.000714032589903001,4.38249928698223e-05
46.79,-0.0269352545253678,0.00109544740666944,-0.000712988042017342,4.38928788539527e-05
46.8,-0.02660306010727,0.00108830852497948,-0.000711862583418305,4.39524504543886e-05
46.81,-0.0262729361101455,0.0010811824415254,-0.000710657699563173,4.40038035949215e-05
46.82,-0.025944870562828,0.00107406981778588,-0.00070937552133276,4.40470305529326e-05
46.83,-0.0256188719203596,0.00106697138366585,-0.000708018202811625,4.40822535701969e-05
46.84,-0.0252949300001619,0.00105988784569869,-0.000706588213717803,4.41095934008651e-05
46.85,-0.0249730505812922,0.00105281980932817,-0.000705087777317292,4.41291997755489e-05
46.86,-0.0246532249909208,0.00104576801172931,-0.000703519258268858,4.41412209883487e-05
46.87,-0.0243354566122962,0.00103873294971386,-0.000701884733479642,4.4145830598738e-05
46.88,-0.0240197380391383,0.00103171538195904,-0.0007001863928766,4.41431986043409e-05
46.89,-0.0237060705188572,0.00102471571209074,-0.00069842616051208,4.41335155304768e-05
46.9,-0.0233944476985188,0.00101773471254268,-0.000696606066005705,4.41169658056662e-05
46.91,-0.0230848689300336,0.00101077270710445,-0.000694727897892441,4.40937497585266e-05
46.92,-0.0227773287261419,0.00100383047516407,-0.000692793543180407,4.40640593010429e-05
46.93,-0.022471824763179,0.000996908272230443,-0.000690804671032397,4.4028098072222e-05
46.94,-0.0221683522466618,0.000990006878565778,-0.000688763042100897,4.39860593752799e-05
46.95,-0.0218669073822975,0.000983126490604135,-0.000686670221368381,4.39381446418436e-05
46.96,-0.0215674859654813,0.00097626788311125,-0.00068452785855165,4.38845435372941e-05
46.97,-0.0212700829090222,0.00096943120311461,-0.000682337424002355,4.38254510067632e-05
46.98,-0.0209746943776565,0.000962617218769591,-0.000680100122962507,4.37610540906898e-05
46.99,-0.0206813140604165,0.000955826077264033,-0.000677810005832221,4.36919454773411e-05
47,-0.020389938306181,0.00094905856879612,-0.000675478645872803,4.36182167922628e-05
47.01,-0.0201005598154858,0.000942314692807888,-0.000673113759059084,4.35399211985266e-05
47.02,-0.0198131752229189,0.000935595145528984,-0.000670706619258678,4.34575326646786e-05
47.03,-0.0195277776806027,0.000928900189354989,-0.000668253644507312,4.337129234424e-05
47.04,-0.0192443597702132,0.000922230073887883,-0.000665758306952925,4.32811294876887e-05
47.05,-0.0189629182950659,0.000915585540597187,-0.000663222872786574,4.31870308984949e-05
47.06,-0.0186834440708159,0.00090896660141726,-0.000660652130125548,4.30891262570916e-05
47.07,-0.0184059339313905,0.000902373919091486,-0.000658050067566195,4.29876038571798e-05
47.08,-0.0181303781271671,0.000895807405393598,-0.000655424666955819,4.28824541975563e-05
47.09,-0.0178567735567317,0.000889267617191163,-0.000652774687485538,4.277364953103e-05
47.1,-0.0175851101222584,0.000882754471566619,-0.000650096425354219,4.26611278197352e-05
47.11,-0.0173153847783318,0.000876268587669429,-0.000647387478639003,4.25447076213887e-05
47.12,-0.0170475871328604,0.000869809952274884,-0.000644645181132752,4.24244722603846e-05
47.13,-0.0167817140848436,0.000863379168570087,-0.000641878386945786,4.23002265362411e-05
47.14,-0.0165177549979543,0.000856976130833127,-0.000639088413402258,4.21721048278668e-05
47.15,-0.0162557066188702,0.00085060139775152,-0.000636272446143451,4.20404028969603e-05
47.16,-0.0159955579411939,0.000844254918010547,-0.000633428083777789,4.19053825460856e-05
47.17,-0.0157373054210019,0.000837937282091351,-0.000630555046355511,4.17672068150158e-05
47.18,-0.0154809377652967,0.000831648455999508,-0.000627654723353835,4.16259726788368e-05
47.19,-0.015226451190868,0.000825388992983057,-0.000624729337421155,4.14817505080563e-05
47.2,-0.0149738342226451,0.000819158829576803,-0.000621781155293307,4.13346195378328e-05
47.21,-0.0147230828463982,0.000812958462767722,-0.000618812218391861,4.11846740612864e-05
47.22,-0.0144741854510446,0.000806787802594511,-0.000615824204895834,4.10320264509802e-05
47.23,-0.0142271377726244,0.000800647299889721,-0.000612818545501844,4.08767966649443e-05
47.24,-0.01398192809667,0.000794536850232857,-0.000609796442224695,4.07191099058196e-05
47.25,-0.0137385519002891,0.000788456864213192,-0.000606759779243508,4.05590683574828e-05
47.26,-0.0134969974220462,0.000782407220053009,-0.000603709623338217,4.03967081105589e-05
47.27,-0.0132572599256058,0.000776388294432785,-0.000600645994304589,4.02320381715168e-05
47.28,-0.0130193276681769,0.00077039997926911,-0.000597568527600298,4.00650591202041e-05
47.29,-0.0127831957035145,0.000764442642697337,-0.000594477261245074,3.98957802921861e-05
47.3,-0.0125488539490091,0.000758516296948722,-0.000591372803632522,3.97242307030527e-05
47.31,-0.0123162924133737,0.000752620960011629,-0.000588256194925692,3.95504590906533e-05
47.32,-0.0120855058106448,0.000746756955090908,-0.000585128619205499,3.93745380109108e-05
47.33,-0.0118564824963006,0.000740924176003084,-0.000581991282634657,3.9196562074847e-05
47.34,-0.0116292169147103,0.000735122908945873,-0.000578845355087521,3.90166448873607e-05
47.35,-0.011403697439591,0.000729353038590484,-0.000575691915220709,3.88349179597536e-05
47.36,-0.0111799182344008,0.00072361481739013,-0.000572531805763981,3.86515287960924e-05
47.37,-0.0109578676856952,0.000717908128005018,-0.000569365537632928,3.84666633235095e-05
47.38,-0.010737539654226,0.000712233194816419,-0.000566194490535441,3.82805265105282e-05
47.39,-0.0105189225231648,0.000706589890172726,-0.000563019984905356,3.80933208365808e-05
47.4,-0.0103020098571349,0.000700978400761667,-0.000559843067729086,3.79052328770391e-05
47.41,-0.0100867900622763,0.000695398591525767,-0.000556664307325507,3.77164255726814e-05
47.42,-0.00987325644347425,0.000689850626391839,-0.000553483943638415,3.75270357320363e-05
47.43,-0.00966139746611105,0.000684334377141386,-0.00055030206276379,3.73371743720025e-05
47.44,-0.00945120621303186,0.000678849995315814,-0.000547118352807726,3.71469356522759e-05
47.45,-0.00924267119864464,0.00067339738909358,-0.000543929005251967,3.69566183891722e-05
47.46,-0.00903578523322501,0.000667976715113585,-0.000540739519734618,3.67662330088083e-05
47.47,-0.00883053690203894,0.000662587840860439,-0.000537551117108438,3.65758977338251e-05
47.48,-0.00862691881618982,0.000657230881597512,-0.000534361841811361,3.63857983214486e-05
47.49,-0.00842491960693081,0.000651905743759744,-0.000531170272004182,3.61960351839557e-05
47.5,-0.00822453168790549,0.000646612559353447,-0.000527976021892917,3.60066048280128e-05
47.51,-0.00802574380995225,0.000641351250556344,-0.00052477994734508,3.58174547052049e-05
47.52,-0.00782854827610979,0.000636121923976926,-0.000521583748193909,3.56284896664984e-05
47.53,-0.00763293402597487,0.000630924470284363,-0.00051839071071503,3.54395243089052e-05
47.54,-0.00743889333373637,0.000625758945433731,-0.0005152005311612,3.52504486510853e-05
47.55,-0.00724641535686654,0.000620625235695664,-0.000512013677298733,3.50611302923753e-05
47.56,-0.00705549234288139,0.000615523380382801,-0.000508831814092805,3.48713982155357e-05
47.57,-0.00686611435524398,0.000610453281015704,-0.000505656148914509,3.46811151538304e-05
47.58,-0.00667827162004198,0.000605414838861341,-0.000502487122885486,3.44901912685817e-05
47.59,-0.00649195636106015,0.000600408058409483,-0.000499324670020208,3.42985722640617e-05
47.6,-0.0063071582526355,0.00059543280882935,-0.000496168517752216,3.4106225855257e-05
47.61,-0.00612386946642651,0.000590489093133387,-0.000493018385454274,3.39131332614108e-05
47.62,-0.00594207982439432,0.000585576791985451,-0.000489874086371516,3.37192850316223e-05
47.63,-0.00576178143865658,0.000580695903478966,-0.000486736276420707,3.35246497361833e-05
47.64,-0.00558296428347393,0.000575846303682762,-0.000483605230882815,3.33291752884683e-05
47.65,-0.00540562043213555,0.00057102798621857,-0.000480479632380492,3.31328752510974e-05
47.66,-0.00522973998713283,0.000566240847011434,-0.000477359819107915,3.29357212885021e-05
47.67,-0.00505531497882838,0.000561484870170452,-0.000474246807471991,3.27376866108566e-05
47.68,-0.00488233564367402,0.000556759938644237,-0.000471141461959638,3.25387797497646e-05
47.69,-0.00471079396452811,0.000552066015559432,-0.000468044249183932,3.23390508478182e-05
47.7,-0.00454068027408105,0.000547402979139911,-0.000464955338129924,3.21385825605169e-05
47.71,-0.00437198647837622,0.000542770784307125,-0.000461874764027046,3.19374792957133e-05
47.72,-0.00420470297215214,0.000538169312501184,-0.000458802553234037,3.17358586646638e-05
47.73,-0.00403882156994229,0.000533598513861877,-0.000455738769078055,3.1533847023778e-05
47.74,-0.00387433271129467,0.000529058272396981,-0.000452683521800623,3.13315763787104e-05
47.75,-0.00371122811659852,0.000524548532285889,-0.000449636949981967,3.11291826901723e-05
47.76,-0.00354949826105422,0.000520069178382333,-0.000446599210345362,3.09268034945034e-05
47.77,-0.00338913477430758,0.000515620148268699,-0.000443570461994127,3.07245760315269e-05
47.78,-0.00323012816366308,0.000511201326931907,-0.000440550866452421,3.05226345527601e-05
47.79,-0.00307246997623523,0.000506812645635587,-0.000437540580944668,3.03211083762183e-05
47.8,-0.0029161507540616,0.000502453989118527,-0.000434539763475813,3.01201194340446e-05
47.81,-0.00276116197532339,0.000498125282639938,-0.000431548568752944,2.99197807887663e-05
47.82,-0.00260749422323325,0.000493826410619689,-0.000428567153902575,2.97201947618505e-05
47.83,-0.00245513892471916,0.000489557292564104,-0.000425595674847075,2.95214520655132e-05
47.84,-0.00230408689215444,0.000485317819578554,-0.000422634291526376,2.93236306202945e-05
47.85,-0.0021543289908168,0.000481107883559149,-0.000419683162502179,2.91267953927999e-05
47.86,-0.00200585660881636,0.000476927395666985,-0.000416742454423741,2.89309977164439e-05
47.87,-0.00185866048507233,0.000472776238099559,-0.000413812337838087,2.8736275549034e-05
47.88,-0.00171273200821442,0.000468654316629308,-0.000410892984742655,2.85426540029956e-05
47.89,-0.00156806200371573,0.000464561511857608,-0.000407984573512367,2.83501455831718e-05
47.9,-0.00142464188118296,0.000460497724153411,-0.000405087284361476,2.81587512593854e-05
47.91,-0.00128246256512554,0.00045646283221699,-0.000402201303187923,2.79684611326512e-05
47.92,-0.00114151550461106,0.000452456731102437,-0.000399326816769892,2.77792558178407e-05
47.93,-0.0010017917340539,0.000448479297245743,-0.000396464015812636,2.75911073782354e-05
47.94,-0.000863282757681105,0.000444530420454101,-0.000393613090022444,2.740398088337e-05
47.95,-0.000725979728164461,0.000440609974729299,-0.000390774230421209,2.72178354745277e-05
47.96,-0.000589874217643782,0.00043671784472409,-0.000387947624414545,2.70326259756566e-05
47.97,-0.000454957502410203,0.000432853901899652,-0.000385133457729056,2.68483039789376e-05
47.98,-0.000321221231143198,0.000429018026105964,-0.000382331909741407,2.66648193744214e-05
47.99,-0.000188656806914267,0.00042521008615908,-0.000379543155294571,2.64821213487177e-05
48,-5.72559609857137e-05,0.000421429957434957,-0.00037676736007628,2.63001597721296e-05
48.01,7.29897780100686e-05,0.000417677506416153,-0.000374004682443154,2.6118886032597e-05
48.02,0.000202088593052707,0.000413952604388403,-0.00037125526951427,2.59382541903929e-05
48.03,0.000330048832586805,0.000410255115698004,-0.000368519258938734,2.57582216053986e-05
48.04,0.000456878593745103,0.000406584908115514,-0.000365796775398459,2.55787498400447e-05
48.05,0.000582586106586902,0.000402941844167061,-0.000363087932811925,2.53998050385793e-05
48.06,0.00070717938444087,0.000399325788708608,-0.000360392831126436,2.52213585538162e-05
48.07,0.000830666545444281,0.000395736602878172,-0.000357711558703189,2.50433870963904e-05
48.08,0.000953055522083801,0.000392174149095157,-0.000355044232460282,2.48658718253215e-05
48.09,0.00107435432498182,0.000388638286089895,-0.000352391018491861,2.46887912012527e-05
48.1,0.00119457080769081,0.000385128874875457,-0.000349751686185471,2.45121446190971e-05
48.11,0.0013137128636318,0.000381645776369127,-0.000347126309805707,2.43359281780069e-05
48.12,0.00143178833413149,0.000378188850554257,-0.000344515033042851,2.41601433405354e-05
48.13,0.00154880496573817,0.000374757955993194,-0.000341917928662654,2.39848018329651e-05
48.14,0.00166477053920921,0.000371352951471181,-0.000339334990931074,2.38099247070644e-05
48.15,0.0017796927390048,0.000367973695300766,-0.00033676616993951,2.36355396080954e-05
48.16,0.00189357927020595,0.000364620047409193,-0.000334211422204535,2.34616774613585e-05
48.17,0.00200643775914422,0.000361291866072498,-0.000331670843394611,2.32883634266861e-05
48.18,0.00211827583668445,0.000357989011426262,-0.000329144224033517,2.31156306508409e-05
48.19,0.00222910107113794,0.00035471134397596,-0.000326631446571895,2.29435099264962e-05
48.2,0.00233892102335265,0.000351458726369306,-0.000324132552620639,2.27720273459218e-05
48.21,0.00244774320126684,0.000348231018346606,-0.000321647611957551,2.26012096741162e-05
48.22,0.00255557509426918,0.000345028081576693,-0.000319176656639806,2.24310864422181e-05
48.23,0.00266242415021534,0.000341849775049424,-0.00031671967264396,2.22616895388438e-05
48.24,0.00276829778970367,0.000338695960711224,-0.000314276619011475,2.20930516719425e-05
48.25,0.00287320340226405,0.00033556649835143,-0.000311847445169943,2.19252051407178e-05
48.26,0.00297714834123486,0.000332461250971409,-0.000309432103865795,2.17581808760739e-05
48.27,0.00308013993576317,0.000329380079086848,-0.000307030554278036,2.15920080466975e-05
48.28,0.00318218547164939,0.000326322846607557,-0.000304642763048644,2.14267137579663e-05
48.29,0.00328329221567891,0.000323289414665114,-0.000302268702193376,2.12623229612144e-05
48.3,0.00338346738439643,0.000320279647781682,-0.000299908348967856,2.10988582501909e-05
48.31,0.00348271817931245,0.000317293407463988,-0.000297561684056675,2.0936339810382e-05
48.32,0.00358105174579748,0.000314330558634239,-0.000295228691956406,2.0774785263998e-05
48.33,0.00367847521691989,0.000311390963098802,-0.00029290936002118,2.06142096612589e-05
48.34,0.00377499566441308,0.000308474486030642,-0.000290603678971023,2.04546253823966e-05
48.35,0.00387062014990125,0.000305580989442631,-0.000288311641982532,2.02960422019285e-05
48.36,0.00396535566849643,0.000302710338542919,-0.000286033244980182,2.01384672881103e-05
48.37,0.00405920920684721,0.000299862395456561,-0.000283768485766947,1.9981905319406e-05
48.38,0.00415218768969616,0.000297037024665872,-0.000281517364252594,1.98263585464219e-05
48.39,0.00424429800114456,0.000294234090656582,-0.000279279881256632,1.96718269737221e-05
48.4,0.00433554700933492,0.000291453455523532,-0.000277056039052055,1.95183084542057e-05
48.41,0.00442594150828413,0.000288694984443619,-0.000274845840581051,1.93657988947153e-05
48.42,0.00451548828386272,0.000285958539476821,-0.000272649288408684,1.92142924676626e-05
48.43,0.00460419404596824,0.000283243985717346,-0.00027046638513572,1.90637817731836e-05
48.44,0.00469206549615198,0.000280551185256567,-0.000268297132426874,1.89142580963258e-05
48.45,0.00477910925845659,0.000277880003057956,-0.000266141531424991,1.87657115802658e-05
48.46,0.00486533194829075,0.000275230301223735,-0.000263999582002461,1.86181314504785e-05
48.47,0.00495074010309526,0.000272601944666717,-0.000261871282573781,1.847150621466e-05
48.48,0.00503534025109964,0.000269994795583675,-0.00025975662925318,1.83258239077406e-05
48.49,0.00511913884259663,0.000267408718920451,-0.000257655616119262,1.81810722591195e-05
48.5,0.00520214231812144,0.000264843577044414,-0.000255568234776313,1.80372388936507e-05
48.51,0.00528435704077879,0.000262299235000087,-0.000253494474441927,1.78943114983236e-05
48.52,0.0053657893631982,0.000259775555395382,-0.000251434321333604,1.77522779995867e-05
48.53,0.00544644556188345,0.000257272403546589,-0.000249387758937892,1.76111266885236e-05
48.54,0.00552633190248208,0.000254789642466226,-0.000247354774503753,1.74708463528079e-05
48.55,0.00560545457383999,0.000252327136950277,-0.000245335455296503,1.73314197558414e-05
48.56,0.00568381975291032,0.000249884750066259,-0.000243329640966812,1.71928371924511e-05
48.57,0.00576143354278358,0.000247462348418918,-0.000241337258268452,1.70550875972113e-05
48.58,0.00583830203382441,0.000245059796510802,-0.000239358337984088,1.69181578332955e-05
48.59,0.00591443124357482,0.000242676960651113,-0.000237392898858382,1.6782037584317e-05
48.6,0.00598982717652508,0.000240313705094143,-0.000235440918945553,1.66467203996019e-05
48.61,0.00606449576767254,0.000237969896470059,-0.000233502345594926,1.65122029599011e-05
48.62,0.00613844294033417,0.000235645400213489,-0.000231577111306743,1.63784841092109e-05
48.63,0.00621167455079696,0.000233340084213513,-0.000229665144727395,1.62455641026905e-05
48.64,0.00628419644342593,0.000231053815308782,-0.000227766376600425,1.61134441520248e-05
48.65,0.00635601440433575,0.000228786462335386,-0.000225880740891491,1.5982126142399e-05
48.66,0.00642713418230034,0.000226537894702438,-0.000224008175505532,1.58516124648114e-05
48.67,0.00649756150682457,0.000224307981247161,-0.000222148621211537,1.57219058466942e-05
48.68,0.00656730204569289,0.000222096592936488,-0.000220302020542391,1.55930092344611e-05
48.69,0.00663636145320279,0.000219903599846706,-0.000218468316929036,1.54649256820482e-05
48.7,0.00670474532350163,0.000217728873971997,-0.000216647454412484,1.5337658230929e-05
48.71,0.00677245923643888,0.000215572286595433,-0.000214839377017524,1.52112098059548e-05
48.72,0.00683950871330374,0.000213433710790666,-0.000213044028677311,1.50855831193854e-05
48.73,0.0069058992597375,0.000211313018986354,-0.000211261352658353,1.49607805872767e-05
48.74,0.00697163632429643,0.000209210085315907,-0.000209491292093338,1.48368042654661e-05
48.75,0.00703672533898558,0.000207124783403474,-0.000207733789144014,1.4713655803354e-05
48.76,0.0071011716801701,0.00020505698855341,-0.000205988786100348,1.459133641957e-05
48.77,0.00716498070611848,0.000203006575517599,-0.000204256225069622,1.44698468654485e-05
48.78,0.00722815772111041,0.000200973420759443,-0.00020253604849631,1.43491874166813e-05
48.79,0.00729070800991849,0.000198957400224143,-0.000200828198454844,1.42293578737654e-05
48.8,0.0073526368044563,0.000196958391404729,-0.000199132617357196,1.4110357579487e-05
48.81,0.00741394931668893,0.000194976271549574,-0.000197449247789749,1.39921854386262e-05
48.82,0.00747465070647024,0.000193010919256931,-0.000195778032559326,1.3874839947068e-05
48.83,0.00753474611242844,0.000191062212868817,-0.000194118915172017,1.37583192169665e-05
48.84,0.00759424062280623,0.000189130032103533,-0.000192471839126454,1.3642621018858e-05
48.85,0.00765313930349887,0.000187214256493355,-0.000190836748653536,1.35277428179818e-05
48.86,0.0077114471712143,0.000185314766839293,-0.000189213587934881,1.34136818002518e-05
48.87,0.00776916921946302,0.000183431443794772,-0.000187602301568797,1.33004349187218e-05
48.88,0.00782631039386494,0.000181564169255058,-0.000186002834322637,1.31879989197652e-05
48.89,0.00788287561581136,0.000179712825008818,-0.000184415131122012,1.30763703735663e-05
48.9,0.00793886976026137,0.000177877294015207,-0.000182839136803013,1.29655457049545e-05
48.91,0.00799429767736193,0.000176057459238139,-0.000181274796183858,1.28555212195111e-05
48.92,0.00804916417131629,0.000174253204634643,-0.00017972205395484,1.27462931270578e-05
48.93,0.00810347402147293,0.000172464414308332,-0.000178180854687687,1.26378575634744e-05
48.94,0.00815723196471385,0.000170690973255113,-0.000176651142673724,1.25302106114192e-05
48.95,0.00821044270346505,0.000168932767023662,-0.000175132862100004,1.24233483021562e-05
48.96,0.00826311091173526,0.000167189681398003,-0.00017362595674239,1.23172666279162e-05
48.97,0.00831524122058269,0.000165461603099479,-0.000172130369802974,1.22119615531884e-05
48.98,0.0083668382346751,0.000163748419073256,-0.000170646044336597,1.21074290240365e-05
48.99,0.0084179065170007,0.000162050017219365,-0.000169172922638409,1.20036649754101e-05
49,0.00846845060356305,0.000160366285640681,-0.000167710946967733,1.19006653381042e-05
49.01,0.00851847498955927,0.000158697113335076,-0.000166260059358294,1.17984260258663e-05
49.02,0.00856798414303217,0.000157042389606243,-0.00016482020108719,1.16969429445807e-05
49.03,0.00861698249227416,0.000155402004604878,-0.000163391313046419,1.15962120058071e-05
49.04,0.00866547443806454,0.000153775848818345,-0.000161973335972561,1.14962291205606e-05
49.05,0.00871346434246689,0.000152163813591411,-0.000160566210388463,1.13969901961386e-05
49.06,0.00876095653971642,0.000150565790609385,-0.000159169876510012,1.12984911315273e-05
49.07,0.00880795532628653,0.000148981672406959,-0.000157784274094545,1.12007278228338e-05
49.08,0.00885446497052556,0.000147411351861897,-0.000156409342675034,1.11036961639154e-05
49.09,0.00890048970404944,0.000145854722712514,-0.000155045021771578,1.10073920469197e-05
49.1,0.0089460337304299,0.000144311679122331,-0.000153691250654688,1.09118113574494e-05
49.11,0.00899110121656577,0.000142782115943652,-0.000152347968412384,1.08169499791466e-05
49.12,0.0090356963017566,0.000141265928569185,-0.000151015113966439,1.07228038001727e-05
49.13,0.00907982308971533,0.000139763013124372,-0.000149692626194908,1.06293687225337e-05
49.14,0.00912348565591969,0.000138273266205923,-0.00014838044424406,1.05366406517351e-05
49.15,0.00916668804151399,0.000136796585194111,-0.000147078507056926,1.0444615496975e-05
49.16,0.00920943425891352,0.000135332867833268,-0.000145786753659476,1.03532891758295e-05
49.17,0.0092517282869613,0.000133882012700044,-0.000144505122875354,1.02626576167453e-05
49.18,0.00929357407644638,0.000132443918891115,-0.000143233553604877,1.01727167719313e-05
49.19,0.00933497554476315,0.000131018486137034,-0.000141971985071152,1.00834626020475e-05
49.2,0.00937593658111791,0.000129605614730324,-0.000140720356235822,9.99489108042e-06
49.21,0.0094164610427967,0.000128205205615498,-0.000139478606334823,9.90699820631653e-06
49.22,0.00945655275705448,0.000126817160350253,-0.000138246674579672,9.81977999447835e-06
49.23,0.00949621552257796,0.000125441381042778,-0.000137024500264332,9.73323248543219e-06
49.24,0.00953545310651549,0.00012407777048735,-0.000135812022679013,9.64735174632937e-06
49.25,0.00957426924823856,0.000122726232033258,-0.000134609181343825,9.56213387320226e-06
49.26,0.00961266765584146,0.000121386669621584,-0.000133415915978511,9.4775749871175e-06
49.27,0.00965065201019044,0.00012005898784331,-0.000132232166329855,9.39367123683168e-06
49.28,0.00968822596145014,0.00011874309190609,-0.000131057872300268,9.31041880015554e-06
49.29,0.0097253931321859,0.000117438887504227,-0.000129892974089569,9.22781386870965e-06
49.3,0.00976215711524908,0.000116146281044463,-0.000128737411709395,9.14585265472877e-06
49.31,0.00979852147619376,0.000114865179488683,-0.000127591125270202,9.06453139372098e-06
49.32,0.00983448975120371,0.000113595490408452,-0.000126454054924066,8.98384634056616e-06
49.33,0.00987006544927738,0.000112337121949969,-0.000125326141150128,8.90379376910433e-06
49.34,0.0099052520507712,0.000111089982914942,-0.000124207324371615,8.82436997408473e-06
49.35,0.00994005300892997,0.000109853982600747,-0.000123097545333426,8.74557127376946e-06
49.36,0.00997447174873489,0.000108629030970612,-0.000121996745173351,8.66739399742029e-06
49.37,0.0100085116687509,0.000107415038594349,-0.000120904865023428,8.58983448078157e-06
49.38,0.0100421761393834,0.0001062119165465,-0.000119821845794924,8.51288906647595e-06
49.39,0.0100754685046782,0.000105019576571399,-0.000118747628804394,8.43655410833968e-06
49.4,0.0101083920813512,0.00010383793094165,-0.000117682155420714,8.36082596682714e-06
49.41,0.010140950159867,0.000102666892541134,-0.000116625367261801,8.28570101005898e-06
49.42,0.010173146003849,0.000101506374841962,-0.000115577206182728,8.21117560964742e-06
49.43,0.0102049828508726,0.000100356291886187,-0.000114537614076884,8.13724613825838e-06
49.44,0.0102364639121841,9.92165583206611e-05,-0.000113506533264734,8.06390896438275e-06
49.45,0.0102675923730136,9.80870892846857e-05,-0.000112483905853242,7.9911604503788e-06
49.46,0.0102983713929499,9.69678006221686e-05,-0.000111469674204539,7.91899696464585e-06
49.47,0.0103288041059919,9.58586086892673e-05,-0.000110463781070521,7.84741487159741e-06
49.48,0.0103588936201557,9.47594303692072e-05,-0.000109466169228398,7.77641052934231e-06
49.49,0.0103886430186497,9.36701831664862e-05,-0.000108476781943474,7.70598029563373e-06
49.5,0.010418055359378,9.25907851666901e-05,-0.000107495562451414,7.63612051945121e-06
49.51,0.0104471336752496,9.15211549880025e-05,-0.000106522454237567,7.56682754309375e-06
49.52,0.0104758809744592,9.04612118491123e-05,-0.000105557400804843,7.49809770238218e-06
49.53,0.0105043002402958,8.94108754682677e-05,-0.000104600346038073,7.42992733355226e-06
49.54,0.0105323944317073,8.83700661714045e-05,-0.000103651233896922,7.36231277521243e-06
49.55,0.0105601664835238,8.73387048720361e-05,-0.00010271000916031,7.29525036399212e-06
49.56,0.0105876193061318,8.63167129893766e-05,-0.00010177661626246,7.22873642229375e-06
49.57,0.0106147557859702,8.53040124899411e-05,-0.000100851000037577,7.16276727248435e-06
49.58,0.0106415787856422,8.43005259073609e-05,-9.99331054775641e-05,7.09733923318153e-06
49.59,0.0106680911441277,8.33061763259372e-05,-9.90228775515819e-05,7.0324486295225e-06
49.6,0.0106942956768092,8.23208873774307e-05,-9.81202618315829e-05,6.96809179612964e-06
49.61,0.0107201951758249,8.13445832368602e-05,-9.72252038970217e-05,6.90426507227183e-06
49.62,0.0107457924100416,8.03771886295694e-05,-9.63376501228988e-05,6.84096480581814e-06
49.63,0.0107710901253215,7.94186287809377e-05,-9.54575465889812e-05,6.77818733873524e-06
49.64,0.0107960910446465,7.84688295176507e-05,-9.45848397813219e-05,6.71592902766687e-06
49.65,0.010820797868357,7.75277171280697e-05,-9.3719476337904e-05,6.65418623041409e-06
49.66,0.0108452132742816,7.65952185321935e-05,-9.28614030649112e-05,6.592955314048e-06
49.67,0.0108693399174777,7.5671261028482e-05,-9.20105670239914e-05,6.53223265974218e-06
49.68,0.0108931804311565,7.47557725855462e-05,-9.11669157819911e-05,6.47201466045451e-06
49.69,0.0109167374264132,7.38486816155478e-05,-9.0330396695809e-05,6.4122977288326e-06
49.7,0.0109400134922284,7.29499170909358e-05,-8.95009578689742e-05,6.3530782973662e-06
49.71,0.0109630111962167,7.20594085353801e-05,-8.86785475513558e-05,6.29435280677909e-06
49.72,0.0109857330838325,7.1177085892871e-05,-8.78631143230643e-05,6.23611770633843e-06
49.73,0.0110081816794159,7.03028796558615e-05,-8.70546065398706e-05,6.17836945937113e-06
49.74,0.0110303594861572,6.94367209215103e-05,-8.62529730986461e-05,6.12110455533561e-06
49.75,0.0110522689858108,6.85785411945765e-05,-8.54581628353369e-05,6.06431950196248e-06
49.76,0.0110739126392909,6.77282725058785e-05,-8.46701253056124e-05,6.00801083359045e-06
49.77,0.0110952928865853,6.68858474206595e-05,-8.38888103623536e-05,5.95217510387545e-06
49.78,0.0111164121471399,6.60511989503732e-05,-8.31141680615007e-05,5.89680888329482e-06
49.79,0.0111372728197816,6.52242606769472e-05,-8.23461485048554e-05,5.84190875975523e-06
49.8,0.0111578772830443,6.44049666262691e-05,-8.15847021404071e-05,5.78747133458498e-06
49.81,0.0111782278952361,6.35932513557573e-05,-8.08297792065247e-05,5.73349322877211e-06
49.82,0.0111983269944469,6.27890498553156e-05,-8.00813308134142e-05,5.6799710880955e-06
49.83,0.0112181768991109,6.19922977005981e-05,-7.93393077473249e-05,5.62690157610412e-06
49.84,0.0112377799079084,6.12029309036726e-05,-7.86036617630926e-05,5.57428138687852e-06
49.85,0.0112571382994009,6.0420885913361e-05,-7.78743443782197e-05,5.52210722509879e-06
49.86,0.011276254333251,5.96460997236521e-05,-7.7151307878771e-05,5.47037582032562e-06
49.87,0.0112951302495441,5.88785097777578e-05,-7.64345042834913e-05,5.4190839162485e-06
49.88,0.0113137682692726,5.81180540344467e-05,-7.57238860751625e-05,5.36822827404762e-06
49.89,0.0113321705942999,5.73646708886692e-05,-7.50194058940136e-05,5.31780566794217e-06
49.9,0.0113503394077217,5.66182992111635e-05,-7.43210165270855e-05,5.26781289034749e-06
49.91,0.0113682768737045,5.58788783480472e-05,-7.36286711536435e-05,5.21824675709947e-06
49.92,0.0113859851379772,5.51463480984425e-05,-7.29423232138886e-05,5.16910410735959e-06
49.93,0.0114034663278657,5.44206487991636e-05,-7.22619268194168e-05,5.12038179511557e-06
49.94,0.0114207225521863,5.37017211448866e-05,-7.15874358107251e-05,5.07207668474032e-06
49.95,0.0114377559015972,5.29895063379936e-05,-7.09188045237188e-05,5.02418566167374e-06
49.96,0.0114545684488014,5.22839460153106e-05,-7.02559874334776e-05,4.9767056299578e-06
49.97,0.0114711622485411,5.1584982305669e-05,-6.95989393526675e-05,4.9296335139344e-06
49.98,0.0114875393378382,5.08925577406434e-05,-6.8947615507686e-05,4.88296625172373e-06
49.99,0.0115037017360162,5.02066153368398e-05,-6.83019711362441e-05,4.83670079316494e-06
50,0.0115196514450959,4.95270985457171e-05,-6.7661961910115e-05,4.79083410473557e-06
50.01,0.0115353904494873,4.88539512518735e-05,-6.70275435155632e-05,4.74536316486462e-06
50.02,0.0115509207164788,4.81871177875778e-05,-6.63986719707226e-05,4.70028497523601e-06
50.03,0.0115662441962696,4.75265429217668e-05,-6.57753039463403e-05,4.65559655182918e-06
50.04,0.0115813628221053,4.68721718568426e-05,-6.51573959281779e-05,4.61129492284538e-06
50.05,0.0115962785103916,4.62239502272619e-05,-6.4544905100916e-05,4.56737713244928e-06
50.06,0.0116109931608364,4.55818240962885e-05,-6.39377884134151e-05,4.52384023352835e-06
50.07,0.0116255086565866,4.49457399556877e-05,-6.33360032961393e-05,4.48068130217195e-06
50.08,0.0116398268643492,4.43156447211073e-05,-6.27395074603736e-05,4.43789742724534e-06
50.09,0.011653949634522,4.36914857292163e-05,-6.21482589594113e-05,4.39548571310658e-06
50.1,0.0116678788013038,4.30732107347477e-05,-6.15622160866398e-05,4.3534432764246e-06
50.11,0.011681616182865,4.2460767908791e-05,-6.09813372997208e-05,4.31176724935915e-06
50.12,0.011695163581404,4.18541058369237e-05,-6.04055811496141e-05,4.27045478418644e-06
50.13,0.0117085227833797,4.12531735159265e-05,-5.98349069478156e-05,4.22950305324483e-06
50.14,0.0117216955594888,4.06579203488492e-05,-5.92692739547443e-05,4.188909237939e-06
50.15,0.0117346836649723,4.0068296144699e-05,-5.87086417740584e-05,4.14867054065541e-06
50.16,0.0117474888395295,3.94842511152613e-05,-5.81529702116419e-05,4.10878417794838e-06
50.17,0.0117601128076625,3.89057358719325e-05,-5.76022195142655e-05,4.0692473781466e-06
50.18,0.0117725572785838,3.83327014235939e-05,-5.70563498752073e-05,4.03005738124713e-06
50.19,0.0117848239464928,3.7765099175662e-05,-5.65153218200426e-05,3.99121144586778e-06
50.2,0.0117969144906276,3.72028809271182e-05,-5.59790961089757e-05,3.95270684873761e-06
50.21,0.0118088305753998,3.66459988669198e-05,-5.54476339214491e-05,3.91454088390911e-06
50.22,0.0118205738505219,3.60944055711827e-05,-5.49208966187122e-05,3.87671086346013e-06
50.23,0.0118321459510753,3.55480540007648e-05,-5.4398845895099e-05,3.83921411859266e-06
50.24,0.0118435484976986,3.50068974974366e-05,-5.38814438043194e-05,3.80204799152457e-06
50.25,0.0118547830966929,3.44708897825892e-05,-5.33686523507249e-05,3.76520984017872e-06
50.26,0.0118658513400813,3.39399849558771e-05,-5.28604338838175e-05,3.72869704174076e-06
50.27,0.011876754805801,3.34141374920574e-05,-5.23567510000666e-05,3.69250699070156e-06
50.28,0.0118874950576613,3.2893302237825e-05,-5.18575667249146e-05,3.65663709850939e-06
50.29,0.0118980736457468,3.2377434408751e-05,-5.13628441729817e-05,3.62108478984593e-06
50.3,0.0119084921062624,3.18664895878451e-05,-5.08725467538139e-05,3.58584750658607e-06
50.31,0.0119187519616872,3.13604237227661e-05,-5.0386638068141e-05,3.55092270403988e-06
50.32,0.0119288547210186,3.08591931245287e-05,-4.99050818680461e-05,3.5163078595208e-06
50.33,0.0119388018797491,3.03627544640723e-05,-4.94278424009518e-05,3.48200046942019e-06
50.34,0.011948594920141,2.98710647686839e-05,-4.89548841012938e-05,3.44799804480656e-06
50.35,0.0119582353110523,2.93840814201669e-05,-4.84861715870927e-05,3.41429811455833e-06
50.36,0.0119677245083274,2.89017621525902e-05,-4.8021669774253e-05,3.38089822440869e-06
50.37,0.0119770639547747,2.84240650493529e-05,-4.75613438865226e-05,3.34779593394957e-06
50.38,0.0119862550802852,2.79509485411832e-05,-4.71051591710983e-05,3.31498881696143e-06
50.39,0.0119952993019439,2.74823714044777e-05,-4.66530812254859e-05,3.28247446356459e-06
50.4,0.0120041980241385,2.70182927590843e-05,-4.62050758427117e-05,3.25025048259756e-06
50.41,0.0120129526386625,2.65586720651118e-05,-4.57611090014287e-05,3.21831449945735e-06
50.42,0.0120215645248214,2.61034691214962e-05,-4.53211470576286e-05,3.18666416483539e-06
50.43,0.0120300350495395,2.56526440607628e-05,-4.48851568934014e-05,3.15529714087423e-06
50.44,0.0120383655674798,2.52061573466127e-05,-4.44531052511227e-05,3.12421109797113e-06
50.45,0.0120465574210407,2.47639697743225e-05,-4.40249591564243e-05,3.09340372397581e-06
50.46,0.0120546119405942,2.43260424688992e-05,-4.36006856037572e-05,3.06287272439688e-06
50.47,0.0120625304446209,2.38923368823474e-05,-4.31802522126881e-05,3.03261582598259e-06
50.48,0.0120703142395175,2.34628147891091e-05,-4.276362682724e-05,3.0026307670873e-06
50.49,0.0120779646200999,2.30374382849358e-05,-4.23507772403495e-05,2.97291530464147e-06
50.5,0.0120854828693959,2.26161697850144e-05,-4.19416718809362e-05,2.94346721611581e-06
50.51,0.0120928702588685,2.21989720194678e-05,-4.15362792223383e-05,2.91428428638249e-06
50.52,0.0121001280484938,2.1785808032641e-05,-4.11345679007542e-05,2.8853643153845e-06
50.53,0.012107257486857,2.13766411816782e-05,-4.0736506798572e-05,2.85670511797511e-06
50.54,0.012114259811244,2.09714351338283e-05,-4.03420649206215e-05,2.82830452159953e-06
50.55,0.0121211362477966,2.05701538645106e-05,-3.99512116382694e-05,2.80016037001339e-06
50.56,0.0121278880113724,2.01727616548907e-05,-3.95639164137092e-05,2.7722705231819e-06
50.57,0.0121345163059328,1.9779223089745e-05,-3.91801490308643e-05,2.7446328612571e-06
50.58,0.0121410223246308,1.93895030543918e-05,-3.87998795558429e-05,2.71724528255933e-06
50.59,0.0121474072496808,1.90035667320419e-05,-3.84230783743214e-05,2.69010570271173e-06
50.6,0.0121536722524445,1.86213796012307e-05,-3.80497159302822e-05,2.66321205176554e-06
50.61,0.0121598184938145,1.82429074334845e-05,-3.76797632531928e-05,2.63656227141967e-06
50.62,0.0121658471240575,1.78681162906537e-05,-3.73131910916975e-05,2.61015430503557e-06
50.63,0.0121717592829791,1.74969725268715e-05,-3.69499703195628e-05,2.58398611577633e-06
50.64,0.0121775561000028,1.71294427858917e-05,-3.65900721997607e-05,2.55805568418402e-06
50.65,0.0121832386942584,1.67654939968611e-05,-3.62334682894405e-05,2.53236100462536e-06
50.66,0.0121888081746766,1.64050933711164e-05,-3.58801305437911e-05,2.50690008186856e-06
50.67,0.012194265640062,1.60482084010974e-05,-3.55300307454303e-05,2.48167093339458e-06
50.68,0.0121996121791952,1.56948068599923e-05,-3.51831410524149e-05,2.45667159957973e-06
50.69,0.0122048488709101,1.53448567981088e-05,-3.48394337832985e-05,2.43190013861691e-06
50.7,0.0122099767841846,1.49983265398739e-05,-3.44988818297839e-05,2.40735462753585e-06
50.71,0.0122149969782184,1.46551846802188e-05,-3.41614580884487e-05,2.38303315177451e-06
50.72,0.0122199105025222,1.43154000837341e-05,-3.38271357558064e-05,2.35893380737453e-06
50.73,0.0122247183969986,1.39789418838624e-05,-3.34958877912198e-05,2.33505470051329e-06
50.74,0.0122294216920196,1.36457794829765e-05,-3.31676875792207e-05,2.31139395989235e-06
50.75,0.0122340214085153,1.33158825476342e-05,-3.28425087893744e-05,2.2879497249506e-06
50.76,0.0122385185580516,1.29892210063171e-05,-3.25203253363458e-05,2.26472014811818e-06
50.77,0.0122429141429103,1.26657650473665e-05,-3.22011113440791e-05,2.24170339237299e-06
50.78,0.0122472091561665,1.23454851176015e-05,-3.18848409084121e-05,2.21889763127365e-06
50.79,0.0122514045817752,1.20283519217106e-05,-3.15714884284479e-05,2.19630105683355e-06
50.8,0.0122555013946384,1.171433641929e-05,-3.1261028472542e-05,2.17391187646402e-06
50.81,0.0122595005607007,1.14034098223144e-05,-3.0953436015646e-05,2.15172831463634e-06
50.82,0.0122634030370135,1.10955435912451e-05,-3.06486862918609e-05,2.12974860148686e-06
50.83,0.0122672097718084,1.0790709435333e-05,-3.03467542645966e-05,2.10797098131807e-06
50.84,0.0122709217045873,1.0488879311909e-05,-3.00476154577629e-05,2.0863937181273e-06
50.85,0.0122745397661914,1.01900254219872e-05,-2.97512455220298e-05,2.06501508346115e-06
50.86,0.0122780648788732,9.89412020975403e-06,-2.94576201444357e-05,2.04383336648751e-06
50.87,0.0122814979564314,9.60113636058734e-06,-2.91667154385882e-05,2.02284687263226e-06
50.88,0.0122848399040052,9.31104679725967e-06,-2.88785077511705e-05,2.00205391306601e-06
50.89,0.0122880916187063,9.02382467901739e-06,-2.85929733614179e-05,1.98145280787679e-06
50.9,0.012291253989126,8.73944340194662e-06,-2.83100887120172e-05,1.96104189393446e-06
50.91,0.0122943278957521,8.45787659649054e-06,-2.80298304397339e-05,1.94081952267952e-06
50.92,0.0122973142107012,8.17909812467826e-06,-2.7752175579671e-05,1.92078406100704e-06
50.93,0.0123002137983494,7.90308207697163e-06,-2.74771013730115e-05,1.90093388567e-06
50.94,0.0123030275149008,7.62980277125703e-06,-2.72045850531303e-05,1.88126738506769e-06
50.95,0.0123057562085114,7.35923475196438e-06,-2.69346041015764e-05,1.86178296151055e-06
50.96,0.0123084007196388,7.09135278779362e-06,-2.66671361496539e-05,1.84247902958334e-06
50.97,0.0123109618808313,6.82613186981554e-06,-2.64021590838812e-05,1.82335401665478e-06
50.98,0.0123134405170795,6.5635472095269e-06,-2.61396509091693e-05,1.80440636054259e-06
50.99,0.0123158374456001,6.30357423816627e-06,-2.58795896562855e-05,1.78563451576378e-06
51,0.0123181534758476,6.04618860408829e-06,-2.56219538597038e-05,1.76703695051993e-06
51.01,0.0123203894101493,5.791366168943e-06,-2.53667223226022e-05,1.74861213565691e-06
51.02,0.0123225460429079,5.53908300779561e-06,-2.51138734414752e-05,1.73035854942832e-06
51.03,0.0123246241615931,5.28931541043741e-06,-2.48633859725959e-05,1.71227469068806e-06
51.04,0.0123266245458868,5.04203987841154e-06,-2.46152388239112e-05,1.69435907746087e-06
51.05,0.0123285479686688,4.79723312044002e-06,-2.43694116134885e-05,1.676610240751e-06
51.06,0.012330395195157,4.55487204892471e-06,-2.41258838548225e-05,1.65902671195896e-06
51.07,0.0123321669838887,4.31493378212238e-06,-2.38846348711768e-05,1.64160703718923e-06
51.08,0.0123338640858757,4.07739564267825e-06,-2.36456445930789e-05,1.6243497742381e-06
51.09,0.0123354872456831,3.84223515461735e-06,-2.34088926316022e-05,1.60725348596778e-06
51.1,0.0123370372000151,3.60943004394343e-06,-2.3174359094747e-05,1.59031675546463e-06
51.11,0.0123385146798292,3.37895823453967e-06,-2.29420242110241e-05,1.57353817243282e-06
51.12,0.012339920408456,3.15079784786917e-06,-2.27118682481723e-05,1.55691634434789e-06
51.13,0.0123412551026965,2.9249272000106e-06,-2.24838720101561e-05,1.54044988833194e-06
51.14,0.0123425194725248,2.70132479989895e-06,-2.22580160251347e-05,1.52413743079163e-06
51.15,0.012343714221501,2.47996934896083e-06,-2.20342813525461e-05,1.50797761360242e-06
51.16,0.0123448400465982,2.26083973851989e-06,-2.18126488395201e-05,1.49196908433489e-06
51.17,0.0123458976380357,2.04391504928071e-06,-2.15930998725952e-05,1.47611050338925e-06
51.18,0.0123468876795583,1.8291745487593e-06,-2.13756155782224e-05,1.46040053545509e-06
51.19,0.0123478108488388,1.61659769118855e-06,-2.1160177522505e-05,1.44483785877166e-06
51.2,0.0123486678167435,1.40616411597943e-06,-2.09467670889945e-05,1.42942116327239e-06
51.21,0.0123494592482913,1.19785364595744e-06,-2.07353662215564e-05,1.41414915438151e-06
51.22,0.0123501858018082,9.91646284090664e-07,-2.05259568931023e-05,1.39902054450233e-06
51.23,0.0123508481298877,7.87522213086518e-07,-2.03185211614832e-05,1.38403405994958e-06
51.24,0.0123514468785393,5.85461793374446e-07,-2.0113041440705e-05,1.3691884350792e-06
51.25,0.012351982688152,3.85445561689069e-07,-1.99094999935153e-05,1.35448241109744e-06
51.26,0.0123524561926356,1.87454230840921e-07,-1.97078793661338e-05,1.33991474194497e-06
51.27,0.0123528680203844,-8.5313125105739e-09,-1.95081622266022e-05,1.32548418836804e-06
51.28,0.0123532187934323,-2.02530008509281e-07,-1.93103312660214e-05,1.31118952487912e-06
51.29,0.0123535091283982,-3.94560625856332e-07,-1.91143694872451e-05,1.2970295394935e-06
51.3,0.012353739635647,-5.84641763813145e-07,-1.89202600032794e-05,1.2830030335271e-06
51.31,0.0123539109202397,-7.72791855309523e-07,-1.87279863753757e-05,1.26910881294945e-06
51.32,0.0123540235810804,-9.59029168275e-07,-1.85375320119002e-05,1.25534568314046e-06
51.33,0.012354078211871,-1.14337180398996e-06,-1.83488801473352e-05,1.24171245863601e-06
51.34,0.0123540754002534,-1.32583769682654e-06,-1.81620142823525e-05,1.22820797212767e-06
51.35,0.0123540157287749,-1.50644461778376e-06,-1.79769181747491e-05,1.21483107094818e-06
51.36,0.012353899774034,-1.68521017753172e-06,-1.77935759631645e-05,1.20158061589239e-06
51.37,0.0123537281076276,-1.86215182935976e-06,-1.76119720087895e-05,1.1884554720063e-06
51.38,0.0123535012952996,-2.03728686903755e-06,-1.74320903967665e-05,1.17545451101517e-06
51.39,0.0123532198978946,-2.2106324351282e-06,-1.72539156334122e-05,1.16257661093583e-06
51.4,0.0123528844704968,-2.38220550895342e-06,-1.70774317522114e-05,1.14982066126818e-06
51.41,0.0123524955633885,-2.552022916011e-06,-1.69026235968855e-05,1.13718556726451e-06
51.42,0.0123520537211874,-2.72010133043575e-06,-1.67294759713894e-05,1.12467023392566e-06
51.43,0.0123515594838066,-2.88645727428162e-06,-1.65579736169992e-05,1.11227357771844e-06
51.44,0.0123510133855858,-3.05110711769463e-06,-1.63881014810847e-05,1.09999453027914e-06
51.45,0.012350415956254,-3.21406708240817e-06,-1.6219844881559e-05,1.0878320287467e-06
51.46,0.012349767720063,-3.37535324282744e-06,-1.60531890000052e-05,1.07578501796534e-06
51.47,0.0123490691967429,-3.53498152608932e-06,-1.58881192124975e-05,1.06385245480746e-06
51.48,0.0123483209006379,-3.6929677142883e-06,-1.57246211376536e-05,1.05203330115456e-06
51.49,0.0123475233416572,-3.84932744559149e-06,-1.55626803119426e-05,1.0403265247399e-06
51.5,0.0123466770244143,-4.00407621436876e-06,-1.54022824735138e-05,1.02873110385565e-06
51.51,0.0123457824491791,-4.15722937275234e-06,-1.52434133902972e-05,1.01724602491928e-06
51.52,0.012344840111008,-4.30880213153968e-06,-1.50860590979365e-05,1.00587028858986e-06
51.53,0.0123438505007121,-4.45880956324677e-06,-1.49302058010671e-05,9.94602900516608e-07
51.54,0.0123428141039685,-4.60726660267315e-06,-1.47758397616131e-05,9.83442874547206e-07
51.55,0.0123417314022882,-4.75418804758735e-06,-1.46229473152341e-05,9.72389232897905e-07
51.56,0.0123406028721478,-4.89958855937114e-06,-1.44715148273435e-05,9.61441009069412e-07
51.57,0.0123394289859329,-5.04348266508583e-06,-1.43215290816635e-05,9.50597244302363e-07
51.58,0.0123382102110794,-5.18588475936079e-06,-1.41729767438281e-05,9.39856982607863e-07
51.59,0.0123369470110131,-5.32680910358729e-06,-1.40258445140645e-05,9.29219280213575e-07
51.6,0.0123356398442942,-5.46626982719601e-06,-1.38801193489899e-05,9.18683204844172e-07
51.61,0.0123342891655591,-5.60428093039889e-06,-1.37357883571945e-05,9.08247829767634e-07
51.62,0.0123328954246507,-5.74085628506615e-06,-1.35928387890399e-05,8.97912235336006e-07
51.63,0.0123314590675729,-5.87600963598018e-06,-1.34512579536332e-05,8.87675504197519e-07
51.64,0.012329980535613,-6.00975460061343e-06,-1.33110330294976e-05,8.77536725624566e-07
51.65,0.0123284602662919,-6.14210466886306e-06,-1.31721514266233e-05,8.6749500420383e-07
51.66,0.0123268986925007,-6.27307320659726e-06,-1.30346008580205e-05,8.57549450378581e-07
51.67,0.0123252962434428,-6.40267345648754e-06,-1.28983689202276e-05,8.47699184939417e-07
51.68,0.0123236533437652,-6.53091853898462e-06,-1.27634436154094e-05,8.37943340212854e-07
51.69,0.0123219704145052,-6.65782145508313e-06,-1.26298130097486e-05,8.28281048355849e-07
51.7,0.0123202478722142,-6.7833950853887e-06,-1.24974648868588e-05,8.18711450183459e-07
51.71,0.012318486129911,-6.90765219021082e-06,-1.23663875431558e-05,8.09233698191003e-07
51.72,0.0123166855962049,-7.03060541261538e-06,-1.22365691500756e-05,7.99846945999043e-07
51.73,0.0123148466762411,-7.15226727835216e-06,-1.21079980224575e-05,7.90550355618198e-07
51.74,0.0123129697708295,-7.27265019674546e-06,-1.19806626021632e-05,7.81343095481919e-07
51.75,0.0123110552773866,-7.39176646199619e-06,-1.18545513847018e-05,7.72224340157327e-07
51.76,0.0123091035890663,-7.50962825407473e-06,-1.17296530890921e-05,7.63193272137916e-07
51.77,0.0123071150956964,-7.62624763972533e-06,-1.16059562012667e-05,7.54249080973253e-07
51.78,0.0123050901829176,-7.74163657273138e-06,-1.14834498151805e-05,7.45390970992396e-07
51.79,0.0123030292331165,-7.85580689771179e-06,-1.13621228642919e-05,7.36618145574075e-07
51.8,0.012300932624556,-7.96877034888323e-06,-1.12419643409041e-05,7.2792981986655e-07
51.81,0.0122988007323155,-8.08053855129011e-06,-1.11229634255296e-05,7.19325215735884e-07
51.82,0.0122966339274191,-8.19112302209161e-06,-1.10051093744857e-05,7.10803561938223e-07
51.83,0.0122944325777743,-8.30053517092371e-06,-1.08883913447837e-05,7.02364097253529e-07
51.84,0.0122921970474152,-8.40878630208114e-06,-1.0772799257886e-05,6.94006064495567e-07
51.85,0.0122899276968695,-8.51588761653436e-06,-1.06583222653394e-05,6.8572869896795e-07
51.86,0.0122876248834158,-8.62185020810517e-06,-1.05449500039736e-05,6.77531253494731e-07
51.87,0.0122852889610128,-8.72668506626803e-06,-1.0432671888942e-05,6.6941298550906e-07
51.88,0.0122829202795263,-8.83040307726474e-06,-1.03214778750247e-05,6.61373165279106e-07
51.89,0.012280519186243,-8.93301502737429e-06,-1.02113579507317e-05,6.53411065231865e-07
51.9,0.0122780860244251,-9.03453160325126e-06,-1.01023022017045e-05,6.45525961356331e-07
51.91,0.0122756211349309,-9.13496339121704e-06,-9.99430045067102e-06,6.37717136060432e-07
51.92,0.0122731248541976,-9.23432087695565e-06,-9.88734281675875e-06,6.2998388541266e-07
51.93,0.0122705975163226,-9.33261444912928e-06,-9.78141973566078e-06,6.22325508101092e-07
51.94,0.0122680394516133,-9.42985440023479e-06,-9.67652149106065e-06,6.14741307140027e-07
51.95,0.012265450987643,-9.52605092625922e-06,-9.57263849673473e-06,6.07230591776974e-07
51.96,0.0122628324484788,-9.62121412742943e-06,-9.46976122839767e-06,5.99792676344825e-07
51.97,0.0122601841549415,-9.71535400923024e-06,-9.36788021228631e-06,5.9242688051265e-07
51.98,0.0122575064254322,-9.80848048270517e-06,-9.26698601041039e-06,5.8513253397162e-07
51.99,0.012254799574376,-9.90060336549952e-06,-9.16706949445154e-06,5.77908976398059e-07
52,0.0122520639140529,-9.99173238511962e-06,-9.06812158861278e-06,5.70755545415506e-07
52.01,0.0122492997530488,-1.00818771777907e-05,-8.97013316547529e-06,5.63671585361272e-07
52.02,0.0122465073971885,-1.0171047288765e-05,-8.87309517325189e-06,5.56656446307345e-07
52.03,0.0122436871493363,-1.0259252173589e-05,-8.77699871550926e-06,5.49709483413951e-07
52.04,0.0122408393094213,-1.0346501198117e-05,-8.68183472110601e-06,5.42830062586641e-07
52.05,0.0122379641742469,-1.04328036402096e-05,-8.58759469828207e-06,5.36017558057234e-07
52.06,0.0122350620384166,-1.05181686919802e-05,-8.49426994291019e-06,5.29271344222821e-07
52.07,0.0122321331927751,-1.06026054591959e-05,-8.40185184423298e-06,5.22590800753207e-07
52.08,0.0122291779262511,-1.06861229610349e-05,-8.31033172660952e-06,5.15975314857755e-07
52.09,0.0122261965242982,-1.07687301320687e-05,-8.21970141588155e-06,5.09424277490705e-07
52.1,0.0122231892698208,-1.08504358232948e-05,-8.12995222628377e-06,5.02937080144513e-07
52.11,0.0122201564429831,-1.09312488013447e-05,-8.04107605130631e-06,4.96513124894865e-07
52.12,0.0122170983209919,-1.10111777502164e-05,-7.95306443272504e-06,4.90151816628463e-07
52.13,0.0122140151790529,-1.10902312712893e-05,-7.86590933215649e-06,4.83852572538134e-07
52.14,0.012210907289016,-1.11684178858403e-05,-7.77960273337324e-06,4.77614809759082e-07
52.15,0.0122077749203182,-1.12457460346992e-05,-7.69413652259073e-06,4.71437952721201e-07
52.16,0.0122046183397808,-1.13222240793161e-05,-7.60950300105194e-06,4.65321431000582e-07
52.17,0.0122014378113953,-1.13978603034788e-05,-7.52569425751722e-06,4.5926467050791e-07
52.18,0.0121982335972675,-1.14726629113975e-05,-7.44270229218658e-06,4.53267106029945e-07
52.19,0.0121950059562774,-1.15466400282106e-05,-7.36051937793531e-06,4.47328180895308e-07
52.2,0.0121917551447792,-1.16197997019355e-05,-7.27913771701741e-06,4.41447345925844e-07
52.21,0.0121884814173239,-1.16921499052128e-05,-7.19855010064119e-06,4.35624060500288e-07
52.22,0.0121851850252961,-1.17636985373699e-05,-7.118748957452e-06,4.29857779761747e-07
52.23,0.0121818662178601,-1.1834453422558e-05,-7.03972683859417e-06,4.24147965327257e-07
52.24,0.0121785252417537,-1.19044223100894e-05,-6.96147627657803e-06,4.18494084896857e-07
52.25,0.0121751623410784,-1.19736128749683e-05,-6.88398987066359e-06,4.12895616217038e-07
52.26,0.0121717777582457,-1.20420327202015e-05,-6.80726063294094e-06,4.07352040660955e-07
52.27,0.0121683717326215,-1.21096893774045e-05,-6.73128117004966e-06,4.01862841332789e-07
52.28,0.0121649445014622,-1.21765903062909e-05,-6.65604459559588e-06,3.96427509494417e-07
52.29,0.0121614962997123,-1.22427428969104e-05,-6.58154376357656e-06,3.91045533864605e-07
52.3,0.0121580273597912,-1.230815446923e-05,-6.50777184961693e-06,3.85716405820965e-07
52.31,0.0121545379125285,-1.23728322734266e-05,-6.43472167700648e-06,3.80439615877827e-07
52.32,0.0121510281858184,-1.243678348873e-05,-6.36238633131359e-06,3.75214664157716e-07
52.33,0.012147498405553,-1.25000152246205e-05,-6.29075867474719e-06,3.7004106094816e-07
52.34,0.0121439487954254,-1.25625345225878e-05,-6.21983232737036e-06,3.64918332717722e-07
52.35,0.0121403795767154,-1.2624348360882e-05,-6.14960093847943e-06,3.59846000183839e-07
52.36,0.0121367909692154,-1.26854636529393e-05,-6.08005779952712e-06,3.54823585532458e-07
52.37,0.0121331831896647,-1.274588724472e-05,-6.01119625036815e-06,3.49850620568886e-07
52.38,0.0121295564535906,-1.28056259166146e-05,-5.94300984826171e-06,3.44926640864801e-07
52.39,0.0121259109737322,-1.28646863858011e-05,-5.87549234134519e-06,3.40051178907701e-07
52.4,0.0121222469609723,-1.29230753056849e-05,-5.8086371566366e-06,3.35223765651493e-07
52.41,0.0121185646241209,-1.29807992640806e-05,-5.74243785844833e-06,3.30443943244778e-07
52.42,0.0121148641699467,-1.30378647853906e-05,-5.676888162744e-06,3.25711258453635e-07
52.43,0.0121111458031944,-1.30942783316604e-05,-5.61198187510101e-06,3.21025266359693e-07
52.44,0.0121074097263731,-1.31500463035123e-05,-5.54771286263128e-06,3.16385530406636e-07
52.45,0.012103656140467,-1.32051750418202e-05,-5.48407536638308e-06,3.11791617103953e-07
52.46,0.012099885244484,-1.32596708296376e-05,-5.42106348050528e-06,3.07243082685026e-07
52.47,0.0120960972350286,-1.33135398884258e-05,-5.35867078133052e-06,3.02739488360946e-07
52.48,0.0120922923070044,-1.33667883769909e-05,-5.29689129279003e-06,2.98280411095847e-07
52.49,0.0120884706533948,-1.34194223962269e-05,-5.23571937055554e-06,2.9386542891286e-07
52.5,0.0120846324652986,-1.34714479901561e-05,-5.17514921591768e-06,2.89494122370605e-07
52.51,0.0120807779319323,-1.35228711451558e-05,-5.1151750425643e-06,2.85166076087265e-07
52.52,0.0120769072404316,-1.35736977898901e-05,-5.05579123056754e-06,2.8088088051882e-07
52.53,0.0120730205767705,-1.36239337976769e-05,-4.99699222191989e-06,2.76638121586118e-07
52.54,0.0120691181241828,-1.36735849847526e-05,-4.93877215489263e-06,2.72437389147996e-07
52.55,0.0120652000650168,-1.37226571095861e-05,-4.88112542652639e-06,2.68278284500087e-07
52.56,0.0120612665791411,-1.37711558755835e-05,-4.82404657022232e-06,2.64160414185774e-07
52.57,0.0120573178448913,-1.38190869323664e-05,-4.76753027345315e-06,2.60083390223165e-07
52.58,0.0120533540388434,-1.38664558767046e-05,-4.71157125588992e-06,2.56046827634939e-07
52.59,0.0120493753358391,-1.39132682527186e-05,-4.6561643083536e-06,2.52050341637182e-07
52.6,0.0120453819087682,-1.39595295518469e-05,-4.60130402712467e-06,2.48093545134602e-07
52.61,0.012041373929498,-1.40052452115265e-05,-4.54698507442394e-06,2.44176056047478e-07
52.62,0.0120373515675274,-1.40504206160688e-05,-4.49320218191219e-06,2.40297494188165e-07
52.63,0.012033314990906,-1.40950610973968e-05,-4.43995009908905e-06,2.36457484188801e-07
52.64,0.0120292643657978,-1.41391719354228e-05,-4.38722367292047e-06,2.3265566126426e-07
52.65,0.0120251998574181,-1.41827583598148e-05,-4.33501806699311e-06,2.28891668237052e-07
52.66,0.0120211216286723,-1.42258255520639e-05,-4.28332833126858e-06,2.25165144938773e-07
52.67,0.0120170298410862,-1.42683786445015e-05,-4.23214965316251e-06,2.21475733461392e-07
52.68,0.0120129246543614,-1.43104227201496e-05,-4.18147698474429e-06,2.17823076637501e-07
52.69,0.0120088062273052,-1.43519628125273e-05,-4.13130549755228e-06,2.14206820787879e-07
52.7,0.0120046747164801,-1.4393003906414e-05,-4.08163021612903e-06,2.10626611385324e-07
52.71,0.0120005302771222,-1.4433550937673e-05,-4.03244638065402e-06,2.07082099067636e-07
52.72,0.0119963730627095,-1.44736087938907e-05,-3.98374906826473e-06,2.03572941838037e-07
52.73,0.0119922032258835,-1.45131823155721e-05,-3.93553381265312e-06,2.00098805767857e-07
52.74,0.0119880209171015,-1.45522762975253e-05,-3.88779585304455e-06,1.96659359174212e-07
52.75,0.0119838262855634,-1.45908954894108e-05,-3.84053101674724e-06,1.93254273183048e-07
52.76,0.0119796194787583,-1.46290445971235e-05,-3.79373456183922e-06,1.89883210389726e-07
52.77,0.0119754006434034,-1.46667282795742e-05,-3.74740196277229e-06,1.8654584162974e-07
52.78,0.011971169924081,-1.47039511494038e-05,-3.70152850452717e-06,1.83241840250946e-07
52.79,0.0119669274641643,-1.47407177731534e-05,-3.65610962869501e-06,1.79970891259881e-07
52.8,0.0119626734053924,-1.47770326747005e-05,-3.61114142708332e-06,1.76732681638935e-07
52.81,0.0119584078887733,-1.48129003363471e-05,-3.56661931333028e-06,1.73526894337055e-07
52.82,0.0119541310532441,-1.48483251964975e-05,-3.52253922343701e-06,1.70353218707666e-07
52.83,0.0119498430365894,-1.48833116507851e-05,-3.47889664547412e-06,1.6721134084894e-07
52.84,0.0119455439749974,-1.49178640511566e-05,-3.43568735414512e-06,1.64100956600397e-07
52.85,0.0119412340039906,-1.49519867078853e-05,-3.39290724098086e-06,1.61021761702819e-07
52.86,0.0119369132570686,-1.49856838897819e-05,-3.35055209289902e-06,1.57973453504727e-07
52.87,0.0119325818666294,-1.50189598236409e-05,-3.3086177361794e-06,1.54955735947136e-07
52.88,0.0119282399635381,-1.50518186960251e-05,-3.26710030276024e-06,1.51968314017936e-07
52.89,0.0119238876780319,-1.50842646536617e-05,-3.22599561024633e-06,1.49010893029982e-07
52.9,0.0119195251383832,-1.51163018019459e-05,-3.18529968411672e-06,1.46083187352978e-07
52.91,0.0119151524718148,-1.51479342066715e-05,-3.14500852862282e-06,1.4318491320273e-07
52.92,0.0119107698040599,-1.51791658951437e-05,-3.1051184397042e-06,1.40315789496357e-07
52.93,0.011906377260285,-1.52100008565871e-05,-3.06562545711373e-06,1.37475533745968e-07
52.94,0.0119019749637319,-1.52404430412028e-05,-3.02652579239154e-06,1.34663865306833e-07
52.95,0.0118975630366398,-1.52704963604926e-05,-2.98781543496962e-06,1.3188050296655e-07
52.96,0.0118931415998107,-1.53001646865098e-05,-2.94949059726391e-06,1.29125176540011e-07
52.97,0.0118887107735226,-1.5329451854464e-05,-2.9115476244617e-06,1.26397616116095e-07
52.98,0.0118842706761813,-1.53583616626012e-05,-2.87398279595087e-06,1.23697555765995e-07
52.99,0.0118798214252376,-1.53868978728861e-05,-2.83679253948156e-06,1.21024730418381e-07
53,0.0118753631367472,-1.54150642114608e-05,-2.79997327566747e-06,1.18378874393895e-07
53.01,0.0118708959262923,-1.54428643680415e-05,-2.76352129321257e-06,1.15759724824355e-07
53.02,0.0118664199076211,-1.54703019956352e-05,-2.72743300035363e-06,1.13167022496785e-07
53.03,0.0118619351935783,-1.54973807118118e-05,-2.69170486272188e-06,1.1060050847428e-07
53.04,0.0118574418956525,-1.55241040989453e-05,-2.6563333704013e-06,1.08059927799277e-07
53.05,0.0118529401249017,-1.55504757039971e-05,-2.62131497075296e-06,1.05545033217864e-07
53.06,0.0118484299906045,-1.55764990394941e-05,-2.5866463061623e-06,1.03055582399142e-07
53.07,0.0118439116011739,-1.56021775852541e-05,-2.55232421101335e-06,1.00591332027638e-07
53.08,0.0118393850637144,-1.56275147889817e-05,-2.51834533373774e-06,9.81520337053155e-08
53.09,0.0118348504849406,-1.56525140637336e-05,-2.48470616837813e-06,9.57374436484865e-08
53.1,0.0118303079698237,-1.56771787877942e-05,-2.45140329191908e-06,9.33473232257394e-08
53.11,0.0118257576225114,-1.5701512306337e-05,-2.41843352268423e-06,9.09814366943515e-08
53.12,0.0118211995458877,-1.57255179332747e-05,-2.38579369308916e-06,8.8639546251843e-08
53.13,0.0118166338424848,-1.57491989506293e-05,-2.35348061490666e-06,8.63214141971515e-08
53.14,0.0118120606131322,-1.57725586073906e-05,-2.32149088465115e-06,8.40268063713237e-08
53.15,0.0118074799578771,-1.57956001194383e-05,-2.28982132114463e-06,8.17554979264579e-08
53.16,0.0118028919755417,-1.58183266724016e-05,-2.25846901647534e-06,7.95072653281232e-08
53.17,0.0117982967646402,-1.58407414222682e-05,-2.22743091876946e-06,7.72818841211533e-08
53.18,0.011793694422022,-1.58628474940392e-05,-2.19670387143449e-06,7.50791333001043e-08
53.19,0.0117890850437954,-1.58846479814683e-05,-2.16628486319315e-06,7.28987970926985e-08
53.2,0.0117844687248763,-1.59061459491721e-05,-2.1361710137808e-06,7.07406580826814e-08
53.21,0.0117798455599187,-1.59273444321724e-05,-2.10635924344417e-06,6.86044999631178e-08
53.22,0.0117752156419417,-1.59482464353781e-05,-2.07684668916181e-06,6.64901082313931e-08
53.23,0.0117705790632607,-1.59688549340869e-05,-2.0476302606874e-06,6.43972684179251e-08
53.24,0.0117659359150402,-1.59891728737947e-05,-2.01870707608064e-06,6.23257731985314e-08
53.25,0.0117612862882135,-1.6009203171844e-05,-1.9900744104895e-06,6.02754153229897e-08
53.26,0.011756630272119,-1.60289487174827e-05,-1.961729295633e-06,5.82459873135701e-08
53.27,0.0117519679554281,-1.60484123714585e-05,-1.93366906934061e-06,5.62372847543913e-08
53.28,0.011747299425692,-1.60675969666134e-05,-1.90589079566814e-06,5.42491047859062e-08
53.29,0.0117426247702692,-1.60865053075581e-05,-1.87839173713295e-06,5.2281251016514e-08
53.3,0.0117379440749588,-1.61051401716064e-05,-1.85116921976494e-06,5.03335291859776e-08
53.31,0.011733257424928,-1.6123504310393e-05,-1.82422073085157e-06,4.84057404864868e-08
53.32,0.0117285649044874,-1.61416004485656e-05,-1.79754333087135e-06,4.64976877771137e-08
53.33,0.0117238665968724,-1.61594312833383e-05,-1.77113461441046e-06,4.46091776111507e-08
53.34,0.0117191625851589,-1.6176999485753e-05,-1.7449916141883e-06,4.27400134705499e-08
53.35,0.0117144529509128,-1.61943076994961e-05,-1.71911194165044e-06,4.08900063662921e-08
53.36,0.0117097377748765,-1.62113585426212e-05,-1.69349275504792e-06,3.90589656567092e-08
53.37,0.0117050171376594,-1.62281546067131e-05,-1.66813169643749e-06,3.72467128416922e-08
53.38,0.0117002911183848,-1.62446984597504e-05,-1.64302631754469e-06,3.54530637463077e-08
53.39,0.0116955597956059,-1.62609926448201e-05,-1.618174078581e-06,3.3677837515773e-08
53.4,0.0116908232470836,-1.62770396803516e-05,-1.5935726473085e-06,3.19208541016158e-08
53.41,0.0116860815495698,-1.62928420600587e-05,-1.56921935583195e-06,3.01819335012763e-08
53.42,0.0116813347797224,-1.63084022521389e-05,-1.54511181812937e-06,2.84609032653473e-08
53.43,0.0116765830127532,-1.6323722700972e-05,-1.52124763543417e-06,2.6757589465146e-08
53.44,0.0116718263231093,-1.63388058276905e-05,-1.49762456150328e-06,2.50718168035533e-08
53.45,0.0116670647851693,-1.63536540293877e-05,-1.47423998223414e-06,2.34034131042049e-08
53.46,0.0116622984718848,-1.63682696783564e-05,-1.45109174429322e-06,2.17522155024988e-08
53.47,0.0116575274556912,-1.63826551346252e-05,-1.42817896161113e-06,2.01180206497287e-08
53.48,0.0116527518080662,-1.63968127313229e-05,-1.40549782470845e-06,1.85007151025684e-08
53.49,0.0116479716004561,-1.64107447703031e-05,-1.38304566281933e-06,1.69001335098012e-08
53.5,0.0116431869029032,-1.64244535286334e-05,-1.36082021068058e-06,1.53161077604874e-08
53.51,0.0116383977849734,-1.64379412614673e-05,-1.3388192949508e-06,1.37484678846739e-08
53.52,0.0116336043152971,-1.64512102026071e-05,-1.31704077848519e-06,1.21970479899611e-08
53.53,0.0116288065624932,-1.64642625645673e-05,-1.29548258907544e-06,1.06616866177573e-08
53.54,0.0116240045938101,-1.64771005387436e-05,-1.27414255676411e-06,9.14222510038206e-09
53.55,0.0116191984760379,-1.6489726295815e-05,-1.25301868574637e-06,7.63850647502311e-09
53.56,0.0116143882750679,-1.65021419860999e-05,-1.2321089077591e-06,6.15037449690113e-09
53.57,0.011609574056803,-1.6514349739087e-05,-1.21141111322822e-06,4.67767504192352e-09
53.58,0.0116047558858003,-1.65263516627085e-05,-1.19092311512356e-06,3.22025808317877e-09
53.59,0.0115999338261901,-1.65381498448569e-05,-1.17064314442216e-06,1.77797232851392e-09
53.6,0.0115951079414529,-1.65497463542428e-05,-1.15056903932469e-06,3.50660672973894e-10
53.61,0.0115902782941966,-1.65611432375026e-05,-1.13069855653974e-06,-1.06182564282493e-09
53.62,0.0115854449470714,-1.65723425201048e-05,-1.11102980526825e-06,-2.45963004324132e-09
53.63,0.0115806079614167,-1.65833462084182e-05,-1.09156077715865e-06,-3.84289673730407e-09
53.64,0.0115757673979537,-1.65941562891975e-05,-1.07228953405387e-06,-5.2117652015124e-09
53.65,0.0115709233174623,-1.66047747297452e-05,-1.05321414359712e-06,-6.56636966471079e-09
53.66,0.0115660757794389,-1.66152034788278e-05,-1.03433287550643e-06,-7.90684379640811e-09
53.67,0.0115612248429935,-1.66254444681261e-05,-1.01564395752579e-06,-9.23333138413596e-09
53.68,0.0115563705666366,-1.66354996095484e-05,-9.97145216949046e-07,-1.05459754450012e-08
53.69,0.0115515130080546,-1.66453707943194e-05,-9.78834778272022e-07,-1.18449153688088e-08
53.7,0.011546652225257,-1.66550598939386e-05,-9.60710474088521e-07,-1.31302878373813e-08
53.71,0.0115417882740774,-1.66645687603239e-05,-9.42770693040178e-07,-1.4402219807072e-08
53.72,0.0115369212111407,-1.66738992289496e-05,-9.25013603887173e-07,-1.56608413599091e-08
53.73,0.0115320510922752,-1.66830531176102e-05,-9.07437540193032e-07,-1.69062766044933e-08
53.74,0.0115271779722885,-1.66920322274903e-05,-8.90040859092404e-07,-1.81386570342247e-08
53.75,0.0115223019056527,-1.67008383414253e-05,-8.72821474259988e-07,-1.93581113228459e-08
53.76,0.0115174229462918,-1.67094732235642e-05,-8.55777867368085e-07,-2.05647612158711e-08
53.77,0.0115125411475772,-1.6717938622867e-05,-8.38908407470677e-07,-2.17587420855373e-08
53.78,0.0115076565623315,-1.67262362697093e-05,-8.22210985746435e-07,-2.29401848096078e-08
53.79,0.0115027692428438,-1.67343678750496e-05,-8.05683963372573e-07,-2.41092112809584e-08
53.8,0.0114978792406397,-1.6742335133119e-05,-7.89325551421464e-07,-2.52659424166444e-08
53.81,0.0114929866071778,-1.6750139722416e-05,-7.73134381847596e-07,-2.64104967833477e-08
53.82,0.0114880913933897,-1.67577833055497e-05,-7.57108590512828e-07,-2.75429937038078e-08
53.83,0.0114831936492417,-1.67652675275018e-05,-7.41246647498296e-07,-2.86635424993617e-08
53.84,0.0114782934244122,-1.67725940193532e-05,-7.25547197892094e-07,-2.97722620780194e-08
53.85,0.0114733907680735,-1.6779764397469e-05,-7.10008639740181e-07,-3.08692772675199e-08
53.86,0.0114684857288916,-1.67867802602667e-05,-6.94628979527778e-07,-3.19547089500334e-08
53.87,0.0114635783548076,-1.67936431881235e-05,-6.79406730826993e-07,-3.3028670677376e-08
53.88,0.0114586686939573,-1.68003547459039e-05,-6.64340224783779e-07,-3.40912742677024e-08
53.89,0.011453756793073,-1.68069164838226e-05,-6.49428117684503e-07,-3.51426305216146e-08
53.9,0.0114488426993207,-1.68133299371298e-05,-6.34668807264661e-07,-3.61828488913563e-08
53.91,0.0114439264587052,-1.68195966268833e-05,-6.20061079689052e-07,-3.72120408355753e-08
53.92,0.0114390081169828,-1.68257180594957e-05,-6.05603119709026e-07,-3.82303223772629e-08
53.93,0.011434087719441,-1.68316957248929e-05,-5.91293574484811e-07,-3.92378009696058e-08
53.94,0.0114291653104495,-1.68375310989083e-05,-5.77130926576912e-07,-4.02345903876521e-08
53.95,0.0114242409352805,-1.68432256411942e-05,-5.63113401554113e-07,-4.12207936862308e-08
53.96,0.0114193146378465,-1.68487807959877e-05,-5.49239842146249e-07,-4.21965058256791e-08
53.97,0.0114143864602463,-1.68541979960403e-05,-5.35508960795747e-07,-4.3161831398569e-08
53.98,0.0114094564468603,-1.68594786616311e-05,-5.21919522174854e-07,-4.41168751847735e-08
53.99,0.0114045246398051,-1.68646241982153e-05,-5.08469856114399e-07,-4.50617424759047e-08
54,0.0113995910812204,-1.68696359946884e-05,-4.95158364282576e-07,-4.59965308947395e-08
54.01,0.0113946558128113,-1.68745154258538e-05,-4.81983849789225e-07,-4.69213322273984e-08
54.02,0.0113897188758578,-1.68792638547611e-05,-4.68945072290972e-07,-4.78362412390864e-08
54.03,0.0113847803112197,-1.68838826324275e-05,-4.56040842581533e-07,-4.87413567732948e-08
54.04,0.0113798401588756,-1.68883730963576e-05,-4.43269673459432e-07,-4.96367805231934e-08
54.05,0.0113748984602093,-1.68927365691255e-05,-4.30630086108665e-07,-5.05226096173552e-08
54.06,0.0113699552530058,-1.68969743589759e-05,-4.18120790460383e-07,-5.13989386484025e-08
54.07,0.0113650105778298,-1.69010877625534e-05,-4.05740569292145e-07,-5.22658677727379e-08
54.08,0.0113600644730205,-1.69050780624809e-05,-3.9348793457036e-07,-5.31234877850829e-08
54.09,0.0113551169769757,-1.69089465280479e-05,-3.81361733076415e-07,-5.39718857167043e-08
54.1,0.0113501681276995,-1.69126944182118e-05,-3.69361008411993e-07,-5.48111541773802e-08
54.11,0.0113452179623446,-1.69163229807627e-05,-3.57484400880384e-07,-5.56413918873237e-08
54.12,0.011340266519495,-1.69198334492014e-05,-3.45730505184759e-07,-5.64626912576764e-08
54.13,0.0113353138341683,-1.69232270432343e-05,-3.34098027815237e-07,-5.72751421646451e-08
54.14,0.0113303599441839,-1.69265049702847e-05,-3.22585686877133e-07,-5.8078829248778e-08
54.15,0.0113254048851692,-1.69296684265164e-05,-3.11192634975915e-07,-5.88738322837095e-08
54.16,0.0113204486928336,-1.69327185978448e-05,-2.99917482470434e-07,-5.96602379338805e-08
54.17,0.0113154914025184,-1.69356566586145e-05,-2.8875945467017e-07,-6.04381287077531e-08
54.18,0.0113105330491994,-1.69384837723157e-05,-2.77717051296504e-07,-6.12075951379058e-08
54.19,0.0113055736674914,-1.69412010883359e-05,-2.66789050166562e-07,-6.19687144670539e-08
54.2,0.0113006132911986,-1.69438097455831e-05,-2.55974615208048e-07,-6.27215700296567e-08
54.21,0.0112956519555825,-1.69463108727895e-05,-2.4527232106269e-07,-6.34662510908884e-08
54.22,0.011290689692375,-1.69487055852255e-05,-2.34681139800717e-07,-6.42028378327053e-08
54.23,0.0112857265361432,-1.69509949869434e-05,-2.24199751003683e-07,-6.49314102710636e-08
54.24,0.0112807625192932,-1.69531801708936e-05,-2.13827297753619e-07,-6.56520400933433e-08
54.25,0.0112757976743447,-1.69552622210299e-05,-2.03562765286964e-07,-6.63648076574274e-08
54.26,0.0112708320334818,-1.6957242210859e-05,-1.93405084609364e-07,-6.7069791276024e-08
54.27,0.0112658656280988,-1.69591212028905e-05,-1.83353159499832e-07,-6.77670695407574e-08
54.28,0.0112608984910754,-1.69609002488283e-05,-1.73405961127898e-07,-6.84567215697156e-08
54.29,0.0112559306517852,-1.6962580389292e-05,-1.6356221729274e-07,-6.91388278054454e-08
54.3,0.0112509621424559,-1.69641626534528e-05,-1.53820970646702e-07,-6.98134619576072e-08
54.31,0.0112459929931772,-1.69656480607898e-05,-1.44181264651006e-07,-7.04806970321559e-08
54.32,0.01124102323418,-1.69670376209434e-05,-1.34641986938243e-07,-7.11406062787281e-08
54.33,0.0112360528953763,-1.69683323333286e-05,-1.25202283311555e-07,-7.17932567952758e-08
54.34,0.0112310820059163,-1.69695331890963e-05,-1.15861335700775e-07,-7.24387221735698e-08
54.35,0.0112261105964606,-1.69706411701993e-05,-1.0661803363432e-07,-7.30770801081542e-08
54.36,0.0112211386941787,-1.69716572467131e-05,-9.74712610731873e-08,-7.37084037662897e-08
54.37,0.0112161663291159,-1.69725823787148e-05,-8.84200611092941e-08,-7.43327672589098e-08
54.38,0.0112111935296628,-1.69734175156326e-05,-7.94632865254254e-08,-7.49502352594648e-08
54.39,0.0112062203225456,-1.69741635979824e-05,-7.06003099635052e-08,-7.55608726790417e-08
54.4,0.0112012467369276,-1.69748215596419e-05,-6.18303157216763e-08,-7.61647518804716e-08
54.41,0.0111962727998636,-1.697539232408e-05,-5.31521376298307e-08,-7.6761938861393e-08
54.42,0.0111912985385745,-1.6975876804565e-05,-4.45649004481298e-08,-7.73524993590691e-08
54.43,0.0111863239795404,-1.69762759058363e-05,-3.60677659686116e-08,-7.79365009236952e-08
54.44,0.0111813491507835,-1.69765905236386e-05,-2.76597302906033e-08,-7.85140088501541e-08
54.45,0.0111763740773148,-1.69768215437941e-05,-1.93399017258421e-08,-7.90850842442269e-08
54.46,0.011171398785236,-1.69769698446058e-05,-1.11075564643516e-08,-7.964979353121e-08
54.47,0.0111664233012831,-1.69770362958456e-05,-2.96176571978649e-09,-8.02081993813922e-08
54.48,0.0111614476510136,-1.69770217578896e-05,5.09840546114924e-09,-8.07603648761272e-08
54.49,0.011156471858353,-1.69769270823438e-05,1.30737848149149e-08,-8.13063552471526e-08
54.5,0.0111514959496875,-1.69767531121834e-05,2.09653188744676e-08,-8.18462302369568e-08
54.51,0.0111465199493272,-1.69765006814e-05,2.87737510359342e-08,-8.23800437397068e-08
54.52,0.0111415438817728,-1.69761706170052e-05,3.64998336184085e-08,-8.29078571560154e-08
54.53,0.0111365677708193,-1.69757637384556e-05,4.41443190096314e-08,-8.34297330311868e-08
54.54,0.0111315916418153,-1.69752808570323e-05,5.17081037489764e-08,-8.39457372956413e-08
54.55,0.0111266155171377,-1.69747227732591e-05,5.91923572390464e-08,-8.44559271768607e-08
54.56,0.0111216394202716,-1.6974090279125e-05,6.65976149961681e-08,-8.49603536788009e-08
54.57,0.0111166633758231,-1.69733841613491e-05,7.39244834794562e-08,-8.54590728592477e-08
54.58,0.0111116874049717,-1.69726051999392e-05,8.11737103760609e-08,-8.595214813738e-08
54.59,0.0111067115318368,-1.69717541662464e-05,8.83462794691079e-08,-8.64396433423708e-08
54.6,0.0111017357780172,-1.69708318216189e-05,9.54430685043892e-08,-8.69216134169874e-08
54.61,0.0110967601671517,-1.6969838919574e-05,1.02464881774767e-07,-8.73981138465065e-08
54.62,0.0110917847199179,-1.69687762060199e-05,1.09412379326101e-07,-8.78691942876982e-08
54.63,0.011086809458126,-1.6967644421131e-05,1.16286131365943e-07,-8.83349067572402e-08
54.64,0.011081834404715,-1.69664442992213e-05,1.23086707265633e-07,-8.87953045157175e-08
54.65,0.0110768595792212,-1.69651765664115e-05,1.29815198717103e-07,-8.92504417293067e-08
54.66,0.0110718850041325,-1.69638419407867e-05,1.36472035576515e-07,-8.97003699243324e-08
54.67,0.0110669106994399,-1.69624411341569e-05,1.43058120522247e-07,-9.01451474974071e-08
54.68,0.0110619366871836,-1.69609748496447e-05,1.49574286076427e-07,-9.05848275927256e-08
54.69,0.0110569629860038,-1.69594437819492e-05,1.56021307459697e-07,-9.10194570444584e-08
54.7,0.011051989617509,-1.69578486201251e-05,1.62399571734854e-07,-9.14490826302167e-08
54.71,0.0110470166017311,-1.69561900480727e-05,1.68709814126604e-07,-9.18737542677173e-08
54.72,0.0110420439571213,-1.69544687426083e-05,1.74952649427915e-07,-9.2293523007433e-08
54.73,0.0110370717046502,-1.69526853740521e-05,1.81128782600201e-07,-9.27084413660974e-08
54.74,0.0110320998637139,-1.69508406043653e-05,1.87239112093893e-07,-9.31185552191693e-08
54.75,0.0110271284521399,-1.69489350886755e-05,1.93284167098321e-07,-9.35239127913802e-08
54.76,0.0110221574898244,-1.69469694767785e-05,1.99264479148103e-07,-9.39245640264735e-08
54.77,0.0110171869964608,-1.6944944411761e-05,2.05180865953969e-07,-9.43205573419738e-08
54.78,0.0110122169892675,-1.69428605285297e-05,2.11034125877048e-07,-9.47119380670471e-08
54.79,0.0110072474866332,-1.69407184564601e-05,2.16824560625524e-07,-9.50987513815534e-08
54.8,0.0110022785076556,-1.69385188202321e-05,2.22552859823112e-07,-9.54810446065721e-08
54.81,0.0109973100703318,-1.69362622372732e-05,2.28219750019648e-07,-9.58588623016408e-08
54.82,0.0109923421911029,-1.69339493181013e-05,2.33825839646994e-07,-9.62322484032684e-08
54.83,0.0109873748889449,-1.69315806678922e-05,2.39371677651713e-07,-9.66012452630997e-08
54.84,0.0109824081808299,-1.69291568865326e-05,2.44857713347789e-07,-9.69658980777042e-08
54.85,0.0109774420839939,-1.69266785680519e-05,2.50284736854868e-07,-9.73262590221197e-08
54.86,0.0109724766154891,-1.69241462980929e-05,2.55653567903698e-07,-9.76823685393584e-08
54.87,0.0109675117917361,-1.69215606557517e-05,2.60964659319674e-07,-9.80342611128374e-08
54.88,0.0109625476307897,-1.69189222163797e-05,2.66218370719903e-07,-9.8381974268123e-08
54.89,0.0109575841473442,-1.69162315516844e-05,2.71415101657158e-07,-9.87255560183729e-08
54.9,0.010952621359551,-1.69134892269397e-05,2.76555791033485e-07,-9.90650546132329e-08
54.91,0.010947659281749,-1.69106957991096e-05,2.8164094146264e-07,-9.94005082094563e-08
54.92,0.0109426979312834,-1.69078518202321e-05,2.86671227232191e-07,-9.97319605459216e-08
54.93,0.0109377373235144,-1.69049578360255e-05,2.91647165976106e-07,-1.00059445835292e-07
54.94,0.0109327774740864,-1.69020143880361e-05,2.96569063625543e-07,-1.00383005483989e-07
54.95,0.0109278183984696,-1.68990220134925e-05,3.01437555722573e-07,-1.00702684394953e-07
54.96,0.0109228601115152,-1.6895981242901e-05,3.06253303892878e-07,-1.01018521840297e-07
54.97,0.0109179026297292,-1.68928926006683e-05,3.11016838138778e-07,-1.01330553730028e-07
54.98,0.0109129459662682,-1.68897566063111e-05,3.15728582811928e-07,-1.01638817647202e-07
54.99,0.0109079901373121,-1.68865737747021e-05,3.20389195827644e-07,-1.01943350610237e-07
55,0.0109030351570656,-1.6883344615295e-05,3.24998916359046e-07,-1.02244184190073e-07
